task,split,trace_order,query_index,query_uid,rep,query_wall_ms,query_gpu_ms,encoder_wall_ms,decoder_wall_ms,cache_load_wall_ms,online_nog_prefix_wall_ms,cache_assembly_wall_ms,suffix_wall_ms,suffix_gnn_gpu_ms,suffix_transformer_gpu_ms,cache_hits,cache_misses,cache_skips,quant_kv_attention_calls,fallback_count,quant_kv_attention_gpu_ms,kv_prepare_gpu_ms,int_qk_gpu_ms,softmax_prob_quant_gpu_ms,int_pv_gpu_ms,gnn_score_gpu_ms,gnn_message_gpu_ms,gnn_update_gpu_ms,gnn_other_gpu_ms,profile_mode,workload_profile,graph_signature,prefix_transformer_gpu_ms,dense_fc_gpu_ms,attention_gpu_ms,norm_residual_other_gpu_ms,logical_memory_loaded_bytes,logical_key_loaded_bytes,logical_value_loaded_bytes,int_gemm_call_count
arxiv,val,0,0,arxiv:val:000000:2ca62d00a890aa84,0,1764.578652,1764.5313720703125,1425.939355,338.141224,0.0,0.0,0.0,0.0,195.59177589416504,194.83801651000977,0,0,0,0,0,0,0,0,0,0,131.72294425964355,6.42467200756073,42.27945566177368,15.164703965187073,nocache_bf16,large_h6_n10_s100_wikics_arxiv,2ca62d00a890aa8464a6da3728825202198bcc513fe666faadd8aa998acdb9f2,839.919921875,462.68182373046875,0,572.076114654541,0,0,0,0
arxiv,val,1,1,arxiv:val:000001:60580fb403549285,0,1494.265174,1494.23486328125,1186.754018,307.212009,0.0,0.0,0.0,0.0,213.40652465820312,162.64950561523438,0,0,0,0,0,0,0,0,0,0,154.05839920043945,8.123775959014893,35.0065279006958,16.21782159805298,nocache_bf16,large_h6_n10_s100_wikics_arxiv,60580fb403549285c13a71ed0dd66a154ba7ca5299783abae7bc3d0ced297729,708.8712158203125,418.1064929962158,0,453.41422843933105,0,0,0,0
arxiv,val,2,2,arxiv:val:000002:0f56629b76181b48,0,1403.507237,1403.4783935546875,1008.856927,394.37877,0.0,0.0,0.0,0.0,137.5391674041748,146.60272026062012,0,0,0,0,0,0,0,0,0,0,89.84758281707764,4.630784034729004,30.368736743927002,12.692063808441162,nocache_bf16,large_h6_n10_s100_wikics_arxiv,0f56629b76181b48667d9cbcd2345c35f2620d7bfa2297baabc2f253e5b2d1f9,631.8572998046875,373.1388168334961,0,405.3212032318115,0,0,0,0
arxiv,val,3,3,arxiv:val:000003:f8a271ff72baf265,0,1451.475613,1451.4466552734375,1091.601693,359.611193,0.0,0.0,0.0,0.0,161.83011054992676,156.46531295776367,0,0,0,0,0,0,0,0,0,0,109.42150688171387,5.613215982913971,32.639999866485596,14.155387818813324,nocache_bf16,large_h6_n10_s100_wikics_arxiv,f8a271ff72baf265126e8db430172f5bed9c9bc1236ed2c483b676d3b3da5b06,673.68408203125,397.5354232788086,0,432.6139717102051,0,0,0,0
arxiv,val,4,4,arxiv:val:000004:90c6fb7029699303,0,1331.549813,1331.5155029296875,918.693896,412.592723,0.0,0.0,0.0,0.0,113.56857299804688,134.79599952697754,0,0,0,0,0,0,0,0,0,0,70.888671875,3.549888014793396,27.793951988220215,11.336061120033264,nocache_bf16,large_h6_n10_s100_wikics_arxiv,90c6fb7029699303f3be39cfbbdd83064a30479ef55c381b7707847af46961e2,585.4634399414062,344.8057909011841,0,375.4536485671997,0,0,0,0
arxiv,val,5,5,arxiv:val:000005:b1fb0d955f08ebcc,0,1470.889328,1470.8602294921875,1071.648671,398.98172,0.0,0.0,0.0,0.0,147.55875396728516,156.20205116271973,0,0,0,0,0,0,0,0,0,0,96.35494422912598,4.902272045612335,32.56441593170166,13.737121760845184,nocache_bf16,large_h6_n10_s100_wikics_arxiv,b1fb0d955f08ebcc1854a82d690b457a8b352e7b76fe61f26baecc15aca241c2,674.1427001953125,398.0410861968994,0,432.3036651611328,0,0,0,0
arxiv,val,6,6,arxiv:val:000006:df18bd588fa33fe2,0,1459.223187,1459.19287109375,1147.598099,311.356736,0.0,0.0,0.0,0.0,169.88988876342773,165.61731147766113,0,0,0,0,0,0,0,0,0,0,113.50191879272461,5.843551933765411,35.386624336242676,15.157793700695038,nocache_bf16,large_h6_n10_s100_wikics_arxiv,df18bd588fa33fe2de8fe20a19987197c455f73623e4b9fecb2e949daa89b43c,711.0332641601562,419.7100467681885,0,456.9405288696289,0,0,0,0
arxiv,val,7,7,arxiv:val:000007:5d8bef236ece6d70,0,1376.132707,1376.1033935546875,1032.637278,343.104284,0.0,0.0,0.0,0.0,169.3152961730957,142.88143920898438,0,0,0,0,0,0,0,0,0,0,119.01971244812012,6.318400144577026,30.465248584747314,13.511934995651245,nocache_bf16,large_h6_n10_s100_wikics_arxiv,5d8bef236ece6d70ca2faa9c61718eeb618fd2f06ab8ea1c9a211c1ffba39d87,627.8392944335938,367.2143678665161,0,403.506365776062,0,0,0,0
arxiv,val,8,8,arxiv:val:000008:50c056e8e13586b5,0,1333.001382,1332.9722900390625,1023.574469,309.109535,0.0,0.0,0.0,0.0,161.20959854125977,144.5486717224121,0,0,0,0,0,0,0,0,0,0,112.03046226501465,5.841120004653931,29.901952266693115,13.436064004898071,nocache_bf16,large_h6_n10_s100_wikics_arxiv,50c056e8e13586b5abb1d2ff6e8a110fa32a37fc5f195ac87dde107ad2b022c3,628.8563232421875,372.469762802124,0,400.9352321624756,0,0,0,0
arxiv,val,9,9,arxiv:val:000009:18155f7c05fbf94e,0,1540.336918,1540.3077392578125,1198.290893,341.768317,0.0,0.0,0.0,0.0,183.67721557617188,171.55853080749512,0,0,0,0,0,0,0,0,0,0,124.35897827148438,6.47654402256012,36.67865610122681,16.163037180900574,nocache_bf16,large_h6_n10_s100_wikics_arxiv,18155f7c05fbf94e33b3f603b69cecfa80e7cedb50fe2baa74f0d28baa4b0f2b,739.44775390625,436.00143909454346,0,475.00484561920166,0,0,0,0
arxiv,val,10,10,arxiv:val:000010:734b087b8f518269,0,1339.872207,1339.83984375,919.798409,419.820344,0.0,0.0,0.0,0.0,111.15017509460449,135.54460906982422,0,0,0,0,0,0,0,0,0,0,68.93158340454102,3.475872039794922,27.59216022491455,11.150559425354004,nocache_bf16,large_h6_n10_s100_wikics_arxiv,734b087b8f5182690f6917df19e1b75fcc1ab683af3f29e5ab7c61b67b706a93,588.4178466796875,346.44451236724854,0,377.5179433822632,0,0,0,0
arxiv,val,11,11,arxiv:val:000011:218fb05804b34902,0,1338.21037,1338.181884765625,1028.172523,309.75282,0.0,0.0,0.0,0.0,150.48291206359863,146.65939331054688,0,0,0,0,0,0,0,0,0,0,100.607421875,5.315328001976013,31.274400234222412,13.285761952400208,nocache_bf16,large_h6_n10_s100_wikics_arxiv,218fb05804b34902580b9c384ae4f6815b6ac7a814598f271d8ec7c8cc9d1e97,632.9574584960938,372.56783962249756,0,407.04901218414307,0,0,0,0
arxiv,val,12,12,arxiv:val:000012:d60fe2ae03f6eac8,0,1259.10787,1259.0794677734375,862.039319,396.822826,0.0,0.0,0.0,0.0,116.48982238769531,123.53910446166992,0,0,0,0,0,0,0,0,0,0,76.7118730545044,3.864351987838745,25.363712310791016,10.549885034561157,nocache_bf16,large_h6_n10_s100_wikics_arxiv,d60fe2ae03f6eac84a1f19401647d5cb09163cbf2fc00ebcf0082f9223ce47bb,541.7719116210938,319.9856939315796,0,345.3253221511841,0,0,0,0
arxiv,val,13,13,arxiv:val:000013:268cba3e8bea6bbc,0,1514.485078,1514.454345703125,1202.727023,311.49375,0.0,0.0,0.0,0.0,183.25731468200684,172.0041618347168,0,0,0,0,0,0,0,0,0,0,123.94179153442383,6.528031945228577,37.12403202056885,15.663459181785583,nocache_bf16,large_h6_n10_s100_wikics_arxiv,268cba3e8bea6bbc958504f9100b127a0e6c38ffb04407559a4f1b8afca109db,743.7308959960938,438.63993740081787,0,477.0951204299927,0,0,0,0
arxiv,val,14,14,arxiv:val:000014:27e07c074f120390,0,816.038452,816.011962890625,486.687148,329.112133,0.0,0.0,0.0,0.0,54.636192321777344,71.0126724243164,0,0,0,0,0,0,0,0,0,0,32.71110391616821,1.593280017375946,14.320415735244751,6.011392652988434,nocache_bf16,large_h6_n10_s100_wikics_arxiv,27e07c074f120390a136a24ac21a396b7ae25d63ea5fab508a8ee0aa47af7f4e,309.1709289550781,182.6125111579895,0,197.57109022140503,0,0,0,0
arxiv,val,15,15,arxiv:val:000015:9024ef9ec454b547,0,1461.532128,1461.501953125,1148.726669,312.541742,0.0,0.0,0.0,0.0,163.3268165588379,166.71977615356445,0,0,0,0,0,0,0,0,0,0,107.11030578613281,5.586176097393036,35.67836809158325,14.95196658372879,nocache_bf16,large_h6_n10_s100_wikics_arxiv,9024ef9ec454b5478893dc819578d8713e5a8398e93d9359ead4ec0b7f1c7d4e,714.8727416992188,421.91766357421875,0,459.67485427856445,0,0,0,0
arxiv,val,16,16,arxiv:val:000016:7e1664ccf8593701,0,1020.455614,1020.4283447265625,659.540628,360.674967,0.0,0.0,0.0,0.0,78.26076793670654,96.75366401672363,0,0,0,0,0,0,0,0,0,0,47.812127113342285,2.3231359720230103,20.08457612991333,8.040928721427917,nocache_bf16,large_h6_n10_s100_wikics_arxiv,7e1664ccf8593701c6c8c2050a1018d04804245f371bd4eff878cb6153c7af9a,421.6875915527344,247.07856035232544,0,271.36269521713257,0,0,0,0
arxiv,val,17,17,arxiv:val:000017:7ad1ef9d9566a25d,0,1606.043693,1606.0133056640625,1207.700415,398.072764,0.0,0.0,0.0,0.0,189.62589073181152,171.76787185668945,0,0,0,0,0,0,0,0,0,0,130.2668170928955,6.612064003944397,36.55232000350952,16.194689631462097,nocache_bf16,large_h6_n10_s100_wikics_arxiv,7ad1ef9d9566a25d388509e1100cc3c7f10c255cea9ac15eba4fcc516975eab1,743.4019775390625,439.3451509475708,0,475.82469844818115,0,0,0,0
arxiv,val,18,18,arxiv:val:000018:98b4c6d0d8b5843b,0,1525.746985,1525.71728515625,1182.663292,342.801028,0.0,0.0,0.0,0.0,193.2866611480713,166.41654205322266,0,0,0,0,0,0,0,0,0,0,133.85577583312988,7.249888062477112,36.344223976135254,15.83677327632904,nocache_bf16,large_h6_n10_s100_wikics_arxiv,98b4c6d0d8b5843b73ad7e8e529a19b402ae2295c0781a0c0395f6b729379c34,727.7900390625,429.0030403137207,0,465.20354080200195,0,0,0,0
arxiv,val,19,19,arxiv:val:000019:afbf83efcf3da599,0,1351.948477,1351.9195556640625,1039.40939,312.275753,0.0,0.0,0.0,0.0,129.64799880981445,153.13465690612793,0,0,0,0,0,0,0,0,0,0,80.92022323608398,4.095488011837006,31.862560272216797,12.769727289676666,nocache_bf16,large_h6_n10_s100_wikics_arxiv,afbf83efcf3da5999478e2f7e58fcecc35400cb3c4401303e814154a42eaf103,661.6239624023438,389.3281898498535,0,425.43042945861816,0,0,0,0
arxiv,val,20,20,arxiv:val:000020:dbd405fe94a09147,0,1571.256635,1571.2255859375,1178.872938,392.115204,0.0,0.0,0.0,0.0,188.6478729248047,168.78326416015625,0,0,0,0,0,0,0,0,0,0,128.63891220092773,6.947263956069946,36.932096004486084,16.129600763320923,nocache_bf16,large_h6_n10_s100_wikics_arxiv,dbd405fe94a0914761f2690e252ab5f02774d2c32288555d28b65fa98b2eb936,723.9420776367188,426.85372829437256,0,465.87161350250244,0,0,0,0
arxiv,val,21,21,arxiv:val:000021:d051e1dec2fdf8ab,0,1451.199249,1451.1689453125,1143.382436,307.440378,0.0,0.0,0.0,0.0,167.55020904541016,164.73247909545898,0,0,0,0,0,0,0,0,0,0,111.51984024047852,5.959039866924286,35.18390417098999,14.887424767017365,nocache_bf16,large_h6_n10_s100_wikics_arxiv,d051e1dec2fdf8ab788897adb9e17b8f3543bc60cfef74e047813b2fc343b801,712.1572875976562,419.96511936187744,0,456.9246473312378,0,0,0,0
arxiv,val,22,22,arxiv:val:000022:8f46ddff5f16826d,0,1166.903961,1166.8748779296875,854.015516,312.599999,0.0,0.0,0.0,0.0,100.68547630310059,125.77123260498047,0,0,0,0,0,0,0,0,0,0,61.539103507995605,3.0422400534152985,25.8537278175354,10.250404924154282,nocache_bf16,large_h6_n10_s100_wikics_arxiv,8f46ddff5f16826d7791db79b925bf61248b84cafbcd6caeb7ce88994412dfad,545.9969482421875,323.25715255737305,0,348.5110282897949,0,0,0,0
arxiv,val,23,23,arxiv:val:000023:a33ac7ffe04c9ef6,0,1212.439643,1212.4105224609375,866.022478,346.14,0.0,0.0,0.0,0.0,119.9950065612793,125.11027336120605,0,0,0,0,0,0,0,0,0,0,78.76940727233887,4.029439926147461,26.1561598777771,11.03999948501587,nocache_bf16,large_h6_n10_s100_wikics_arxiv,a33ac7ffe04c9ef66300780848af6861185cc9b4b5f9a3975b2bc955cba877f7,540.6393432617188,318.1449251174927,0,347.60469150543213,0,0,0,0
arxiv,val,24,24,arxiv:val:000024:da1c8050639cf918,0,1399.654313,1399.6241455078125,1018.884951,380.497729,0.0,0.0,0.0,0.0,148.0148162841797,145.9422092437744,0,0,0,0,0,0,0,0,0,0,99.26371097564697,5.1405439376831055,30.529279708862305,13.081281661987305,nocache_bf16,large_h6_n10_s100_wikics_arxiv,da1c8050639cf9185a33e7c695e416d7f01209d4bebcd08bd37949a743344866,629.5140380859375,372.78713512420654,0,402.66911220550537,0,0,0,0
arxiv,val,25,25,arxiv:val:000025:37a8f21d03520a0e,0,1356.166081,1356.1356201171875,976.659986,379.24614,0.0,0.0,0.0,0.0,135.28944206237793,140.3929271697998,0,0,0,0,0,0,0,0,0,0,88.78243255615234,4.677248001098633,29.568927764892578,12.260833740234375,nocache_bf16,large_h6_n10_s100_wikics_arxiv,37a8f21d03520a0efc07d08cfa1d101490e54a7a2645f3dfadafc92245aa296d,611.7046508789062,362.0268449783325,0,390.07073307037354,0,0,0,0
arxiv,val,26,26,arxiv:val:000026:00f02c2c514ec60b,0,1255.338638,1255.309326171875,922.180661,332.892087,0.0,0.0,0.0,0.0,110.61238288879395,134.2619228363037,0,0,0,0,0,0,0,0,0,0,68.8931827545166,3.381439983844757,27.251488208770752,11.086271941661835,nocache_bf16,large_h6_n10_s100_wikics_arxiv,00f02c2c514ec60b5f5723f950fa17e2a742ca96af7fd9770b341d11040c92ef,590.2691650390625,347.1296615600586,0,377.4014263153076,0,0,0,0
arxiv,val,27,27,arxiv:val:000027:8cd62bf318a20ced,0,1365.062951,1365.033935546875,983.248627,381.550942,0.0,0.0,0.0,0.0,137.90208053588867,140.93936157226562,0,0,0,0,0,0,0,0,0,0,90.9190731048584,4.72323203086853,29.861088275909424,12.39868712425232,nocache_bf16,large_h6_n10_s100_wikics_arxiv,8cd62bf318a20ced512be52c3710c221ea086084ec460c0f7c22c64bd8d66dec,615.6802368164062,363.7939510345459,0,392.825647354126,0,0,0,0
arxiv,val,28,28,arxiv:val:000028:33517413de1e4a97,0,1259.731333,1259.7021484375,931.617914,327.856668,0.0,0.0,0.0,0.0,115.09676551818848,135.79676818847656,0,0,0,0,0,0,0,0,0,0,71.51548862457275,3.587008059024811,28.613759517669678,11.380509316921234,nocache_bf16,large_h6_n10_s100_wikics_arxiv,33517413de1e4a9700f5457f04f622ed1542c195cb82455a0fac9ceacb1713a0,595.3441772460938,351.27148628234863,0,379.8694591522217,0,0,0,0
arxiv,val,29,29,arxiv:val:000029:46e60dd09f5fbfe9,0,1298.436825,1298.4072265625,930.470609,367.703483,0.0,0.0,0.0,0.0,110.95599937438965,135.70515251159668,0,0,0,0,0,0,0,0,0,0,68.03564739227295,3.357760012149811,28.374080181121826,11.188511788845062,nocache_bf16,large_h6_n10_s100_wikics_arxiv,46e60dd09f5fbfe93e7fb91664a431efd615337292ea6cb1d8678ca53464fa5f,595.9459228515625,352.46633529663086,0,379.1847400665283,0,0,0,0
arxiv,val,30,30,arxiv:val:000030:dfd3d74dd7468378,0,1335.418168,1335.3883056640625,1026.213988,308.951942,0.0,0.0,0.0,0.0,160.41513633728027,145.00640296936035,0,0,0,0,0,0,0,0,0,0,111.47840118408203,5.778687953948975,29.845311641693115,13.312735557556152,nocache_bf16,large_h6_n10_s100_wikics_arxiv,dfd3d74dd7468378b9fe089cfadfa491a6c109bec1089a56d7c8f936713d3b00,631.826904296875,373.9190082550049,0,402.91429901123047,0,0,0,0
arxiv,val,31,31,arxiv:val:000031:2a6403817126e571,0,1534.690798,1534.659912109375,1139.716063,394.599586,0.0,0.0,0.0,0.0,173.75955200195312,162.74739265441895,0,0,0,0,0,0,0,0,0,0,117.71046257019043,6.078464031219482,35.11296081542969,14.857664585113525,nocache_bf16,large_h6_n10_s100_wikics_arxiv,2a6403817126e571a35eb47f07b5f765d0f726f05ee913b223d9d38b59039542,706.9741821289062,416.0316152572632,0,453.689959526062,0,0,0,0
arxiv,val,32,32,arxiv:val:000032:2474123e47f8abf2,0,1462.369688,1462.337158203125,1136.369306,325.704465,0.0,0.0,0.0,0.0,169.26819038391113,163.48467445373535,0,0,0,0,0,0,0,0,0,0,113.46073532104492,6.035679996013641,34.99414396286011,14.777631103992462,nocache_bf16,large_h6_n10_s100_wikics_arxiv,2474123e47f8abf2ca6215adf1cf4e43394b78b20d8e53c3d9b5d131e3a2d17b,707.0182495117188,416.99414348602295,0,453.50878047943115,0,0,0,0
arxiv,val,33,33,arxiv:val:000033:d0850dde7b86cfe1,0,752.609989,752.5827026367188,405.655051,346.719296,0.0,0.0,0.0,0.0,49.11190462112427,59.16556739807129,0,0,0,0,0,0,0,0,0,0,31.08511972427368,1.522943988442421,11.42144000530243,5.082400903105736,nocache_bf16,large_h6_n10_s100_wikics_arxiv,d0850dde7b86cfe159626acbef6f22b442fc7f70a4212000a334b9de68dcb245,258.57110595703125,152.62444686889648,0,165.11222648620605,0,0,0,0
arxiv,val,34,34,arxiv:val:000034:4eaa40c7c921d8f4,0,1262.957051,1262.9276123046875,933.485928,329.200406,0.0,0.0,0.0,0.0,115.33586883544922,136.15187072753906,0,0,0,0,0,0,0,0,0,0,71.6914873123169,3.591264009475708,28.621887683868408,11.431229829788208,nocache_bf16,large_h6_n10_s100_wikics_arxiv,4eaa40c7c921d8f493a070722e1afd120044800ebc12cc5d04fef0e8a727b48a,596.1278076171875,351.4842891693115,0,380.79538917541504,0,0,0,0
arxiv,val,35,35,arxiv:val:000035:4456808cd3029e36,0,1477.22963,1477.1990966796875,1133.644545,343.311381,0.0,0.0,0.0,0.0,151.38691329956055,165.8245449066162,0,0,0,0,0,0,0,0,0,0,96.9359359741211,4.961919963359833,35.11939287185669,14.369664490222931,nocache_bf16,large_h6_n10_s100_wikics_arxiv,4456808cd3029e36c6cd674805dfba1b0df5470dc0b6229da27fb0db573093a9,715.5381469726562,422.61567974090576,0,458.7470121383667,0,0,0,0
arxiv,val,36,36,arxiv:val:000036:2b915ea34f5ecb41,0,1503.924702,1503.8936767578125,1190.944572,312.716691,0.0,0.0,0.0,0.0,176.12246704101562,171.78387260437012,0,0,0,0,0,0,0,0,0,0,117.33439826965332,6.280607998371124,36.93932819366455,15.56813257932663,nocache_bf16,large_h6_n10_s100_wikics_arxiv,2b915ea34f5ecb4195b7e648f39cc228565d57fb08ef7d137fd23d150f968b8c,742.5919799804688,438.6010217666626,0,475.77483081817627,0,0,0,0
arxiv,val,37,37,arxiv:val:000037:614f76a891d0d5a3,0,1431.996791,1431.965576171875,1120.762307,310.977519,0.0,0.0,0.0,0.0,163.2974395751953,161.65779304504395,0,0,0,0,0,0,0,0,0,0,108.3067512512207,5.6557119488716125,34.87654399871826,14.458432376384735,nocache_bf16,large_h6_n10_s100_wikics_arxiv,614f76a891d0d5a3b29923cdfe9627edcfe1f02f6c18878cfe56320dda43f363,698.5875854492188,412.024959564209,0,448.2204189300537,0,0,0,0
arxiv,val,38,38,arxiv:val:000038:1086cabadfb2c00e,0,1459.783791,1459.7530517578125,1150.390305,309.134664,0.0,0.0,0.0,0.0,173.006591796875,164.46460723876953,0,0,0,0,0,0,0,0,0,0,116.65251350402832,6.074464023113251,35.26815986633301,15.011454403400421,nocache_bf16,large_h6_n10_s100_wikics_arxiv,1086cabadfb2c00efbeaa45c5b1b33cf288b259cb923f3c9f7d866c8204d9074,716.929931640625,422.3846740722656,0,459.0098648071289,0,0,0,0
arxiv,val,39,39,arxiv:val:000039:863cfc33eb9bc5c9,0,1346.308122,1346.277587890625,1036.715091,309.33644,0.0,0.0,0.0,0.0,165.3590087890625,145.83590698242188,0,0,0,0,0,0,0,0,0,0,115.05855941772461,5.940575957298279,30.600351810455322,13.75952160358429,nocache_bf16,large_h6_n10_s100_wikics_arxiv,863cfc33eb9bc5c943412c751858c2a4b19fae1e9600f8c00a7815f722d7057d,636.4486083984375,374.49667167663574,0,407.78784370422363,0,0,0,0
arxiv,val,40,40,arxiv:val:000040:138d2ea2dc1f5267,0,1560.789278,1560.7579345703125,1160.769051,399.751466,0.0,0.0,0.0,0.0,176.39958381652832,166.7010555267334,0,0,0,0,0,0,0,0,0,0,118.80323219299316,6.304224073886871,35.93401575088501,15.358111798763275,nocache_bf16,large_h6_n10_s100_wikics_arxiv,138d2ea2dc1f526777d488af538e88cb175b76d812df4fc0848d5ab0513b61f3,716.276123046875,423.7067184448242,0,459.2704601287842,0,0,0,0
arxiv,val,41,41,arxiv:val:000041:d9a4a65cfd514f1c,0,1341.318676,1341.2882080078125,1031.870162,309.172866,0.0,0.0,0.0,0.0,163.82937622070312,144.88761520385742,0,0,0,0,0,0,0,0,0,0,113.69052696228027,6.060703992843628,30.583296298980713,13.49484896659851,nocache_bf16,large_h6_n10_s100_wikics_arxiv,d9a4a65cfd514f1cd028b6059ba71acd1c529452ede8859ce3fe42269be5e68c,636.5601806640625,375.23779106140137,0,406.21000480651855,0,0,0,0
arxiv,val,42,42,arxiv:val:000042:ff0500b9a531de21,0,1406.547937,1406.5179443359375,1096.937853,309.349174,0.0,0.0,0.0,0.0,179.1153907775879,155.22569847106934,0,0,0,0,0,0,0,0,0,0,125.24969673156738,6.589151978492737,32.63375997543335,14.642782092094421,nocache_bf16,large_h6_n10_s100_wikics_arxiv,ff0500b9a531de21a3663ef84355fbe474988341d4bf06609c0f4f40872603e9,672.4566650390625,395.8669767379761,0,431.81538677215576,0,0,0,0
arxiv,val,43,43,arxiv:val:000043:ddd3b371329106e9,0,1550.687632,1550.6561279296875,1156.511432,393.910141,0.0,0.0,0.0,0.0,179.45801544189453,166.99251174926758,0,0,0,0,0,0,0,0,0,0,122.76582527160645,6.314079999923706,35.17129611968994,15.206814050674438,nocache_bf16,large_h6_n10_s100_wikics_arxiv,ddd3b371329106e9b3c0c5dff47a69baa52805ccf0e8705a520aa1b2b57a9b05,716.37109375,422.86108779907227,0,460.5025177001953,0,0,0,0
arxiv,val,44,44,arxiv:val:000044:cf5d3d5d9903a199,0,1456.968656,1456.936279296875,1148.068807,308.6286,0.0,0.0,0.0,0.0,161.7190399169922,166.78835105895996,0,0,0,0,0,0,0,0,0,0,105.63721466064453,5.55676794052124,35.76681613922119,14.758241176605225,nocache_bf16,large_h6_n10_s100_wikics_arxiv,cf5d3d5d9903a19940960e7d115d98e85bc20ff08ce0d304a458cf596df6ec1b,719.2107543945312,424.2710075378418,0,461.7280979156494,0,0,0,0
arxiv,val,45,45,arxiv:val:000045:e1ef52cc72e53091,0,1300.539137,1300.5093994140625,986.538473,313.740079,0.0,0.0,0.0,0.0,136.31660842895508,142.7954864501953,0,0,0,0,0,0,0,0,0,0,89.00995254516602,4.637279987335205,30.152128219604492,12.517247676849365,nocache_bf16,large_h6_n10_s100_wikics_arxiv,e1ef52cc72e53091c7800d41742de82340ef8f9ca0ca1a0e3701bf3b37d73687,619.7267456054688,366.9766731262207,0,395.54555892944336,0,0,0,0
arxiv,val,46,46,arxiv:val:000046:ada3ab8e88f5559f,0,1321.152705,1321.1224365234375,988.409587,332.489159,0.0,0.0,0.0,0.0,138.10704040527344,141.73462295532227,0,0,0,0,0,0,0,0,0,0,91.21542549133301,4.69865608215332,29.767712593078613,12.425246238708496,nocache_bf16,large_h6_n10_s100_wikics_arxiv,ada3ab8e88f5559fcccdcc6f953c2dd6aa4326a121c0a4aaf08dacb1b8284a90,619.4602661132812,366.12156677246094,0,395.0733222961426,0,0,0,0
arxiv,val,47,47,arxiv:val:000047:d407276f731aeb82,0,1388.468197,1388.43701171875,1079.495997,308.702669,0.0,0.0,0.0,0.0,139.90240097045898,159.98118209838867,0,0,0,0,0,0,0,0,0,0,88.75942420959473,4.473023951053619,33.10598421096802,13.56396859884262,nocache_bf16,large_h6_n10_s100_wikics_arxiv,d407276f731aeb826a2465293d82e27bd3bfeb5cc7bff84a8a4469484aab6322,681.5221557617188,403.24502182006836,0,438.25831604003906,0,0,0,0
arxiv,val,48,48,arxiv:val:000048:dd42eff70fde6dc5,0,1617.472838,1617.4403076171875,1217.482891,399.724677,0.0,0.0,0.0,0.0,199.28572463989258,170.6820468902588,0,0,0,0,0,0,0,0,0,0,138.72147369384766,7.327391862869263,36.81958341598511,16.41727566719055,nocache_bf16,large_h6_n10_s100_wikics_arxiv,dd42eff70fde6dc5e47ff1df4ed4ee531b28791339a8573d15beb8be20bca69a,746.6221313476562,441.33469009399414,0,475.9694881439209,0,0,0,0
arxiv,val,49,49,arxiv:val:000049:a2b8aa86fe2b3b80,0,1468.019049,1467.986572265625,1154.342249,313.314644,0.0,0.0,0.0,0.0,168.43951988220215,166.80284881591797,0,0,0,0,0,0,0,0,0,0,112.0743350982666,5.913919985294342,35.547295570373535,14.90396922826767,nocache_bf16,large_h6_n10_s100_wikics_arxiv,a2b8aa86fe2b3b809d0aacfbc7c40ec2063058ada285d832b83a88d0103ba626,719.2182006835938,424.2575988769531,0,461.7634506225586,0,0,0,0
arxiv,val,50,50,arxiv:val:000050:2a47659d2f813532,0,1486.534631,1486.503662109375,1142.565172,343.678015,0.0,0.0,0.0,0.0,157.0523853302002,168.1397476196289,0,0,0,0,0,0,0,0,0,0,100.8955192565918,5.1823999881744385,36.12729549407959,14.84717059135437,nocache_bf16,large_h6_n10_s100_wikics_arxiv,2a47659d2f813532ed4dc6a42a9d4cf68dc3143b0c35fc5da3cc25947ca3b91d,717.4996337890625,423.947452545166,0,461.6919288635254,0,0,0,0
arxiv,val,51,51,arxiv:val:000051:25fed5df9f2e16af,0,1615.24765,1615.2154541015625,1217.440976,397.535998,0.0,0.0,0.0,0.0,199.44121551513672,171.2747859954834,0,0,0,0,0,0,0,0,0,0,138.73648071289062,7.356159925460815,36.88719987869263,16.46137499809265,nocache_bf16,large_h6_n10_s100_wikics_arxiv,25fed5df9f2e16af5276f39be3ac9b4fbbf21cb37f57fd15fbb3eb0033ad4253,745.6831665039062,439.9760322570801,0,476.98192024230957,0,0,0,0
arxiv,val,52,52,arxiv:val:000052:03bd7d4b35d5ec75,0,1271.896285,1271.8663330078125,941.310851,330.323856,0.0,0.0,0.0,0.0,114.9486083984375,137.93775939941406,0,0,0,0,0,0,0,0,0,0,70.84192085266113,3.5927039980888367,29.02249574661255,11.491487801074982,nocache_bf16,large_h6_n10_s100_wikics_arxiv,03bd7d4b35d5ec754ccede1f77f03d4c83f1bce222870c0d7931411a50a1a0ae,601.1620483398438,355.3690891265869,0,383.7307186126709,0,0,0,0
arxiv,val,53,53,arxiv:val:000053:859d651c5c113b2b,0,1547.377778,1547.345947265625,1151.709235,395.40845,0.0,0.0,0.0,0.0,175.0465602874756,164.35807991027832,0,0,0,0,0,0,0,0,0,0,118.92608261108398,6.093791961669922,35.068095684051514,14.958590030670166,nocache_bf16,large_h6_n10_s100_wikics_arxiv,859d651c5c113b2b710e3dd92e0b453173673741fd2acce2fade900d8aeca11e,711.6913452148438,419.1523838043213,0,456.8970413208008,0,0,0,0
arxiv,val,54,54,arxiv:val:000054:300231fc70309c0c,0,1590.096592,1590.064208984375,1193.15807,396.67712,0.0,0.0,0.0,0.0,198.29443168640137,168.80630683898926,0,0,0,0,0,0,0,0,0,0,137.1861114501953,7.298975944519043,37.17136001586914,16.63798427581787,nocache_bf16,large_h6_n10_s100_wikics_arxiv,300231fc70309c0cfd22317394782a0a007fef674b24b0ff0106b29c1afc2b36,729.1747436523438,430.4462995529175,0,467.5347509384155,0,0,0,0
arxiv,val,55,55,arxiv:val:000055:a212b20457638022,0,1485.950318,1485.918701171875,1158.563354,327.092197,0.0,0.0,0.0,0.0,176.90003395080566,165.7319679260254,0,0,0,0,0,0,0,0,0,0,119.98809623718262,6.290495991706848,35.48627185821533,15.135169863700867,nocache_bf16,large_h6_n10_s100_wikics_arxiv,a212b20457638022238ddab4fbf222c37df631dd211fdab1c40ca8cbfaae7cf5,718.8292846679688,424.20140838623047,0,460.3598442077637,0,0,0,0
arxiv,val,56,56,arxiv:val:000056:215743a6c95a4322,0,1603.436545,1603.40380859375,1202.989828,400.172993,0.0,0.0,0.0,0.0,206.12025833129883,165.9331512451172,0,0,0,0,0,0,0,0,0,0,146.90643310546875,7.720479965209961,35.61868762969971,15.87465763092041,nocache_bf16,large_h6_n10_s100_wikics_arxiv,215743a6c95a4322fe408a6ba7a4a9370a75f4cc4532aaca99dde5ef8f023db6,729.745361328125,429.79606437683105,0,465.88244819641113,0,0,0,0
arxiv,val,57,57,arxiv:val:000057:93b7a7f59cc74a9e,0,1560.818074,1560.785888671875,1163.282434,397.268693,0.0,0.0,0.0,0.0,177.37171173095703,167.297025680542,0,0,0,0,0,0,0,0,0,0,119.39657592773438,6.383040070533752,36.12060737609863,15.471488356590271,nocache_bf16,large_h6_n10_s100_wikics_arxiv,93b7a7f59cc74a9ee193ce677f5005da0c006b92d97b540966bd127e7f276715,718.3499145507812,423.89516735076904,0,461.7517728805542,0,0,0,0
arxiv,val,58,58,arxiv:val:000058:baff727dd79bfef8,0,1369.361069,1369.3302001953125,1055.077824,314.030185,0.0,0.0,0.0,0.0,134.32582664489746,157.35187149047852,0,0,0,0,0,0,0,0,0,0,83.23871994018555,4.333535969257355,33.40777587890625,13.34579485654831,nocache_bf16,large_h6_n10_s100_wikics_arxiv,baff727dd79bfef81394c2cc7d0db687035b7850b8cd72fd35533259dcbc5e44,666.1136474609375,393.65715312957764,0,429.8083658218384,0,0,0,0
arxiv,val,59,59,arxiv:val:000059:283bfc5fbdab96be,0,1472.417,1472.3853759765625,1162.389764,309.762849,0.0,0.0,0.0,0.0,174.7322235107422,167.47494506835938,0,0,0,0,0,0,0,0,0,0,117.60451126098633,6.121472060680389,35.638911724090576,15.367328464984894,nocache_bf16,large_h6_n10_s100_wikics_arxiv,283bfc5fbdab96be178e1ef02673805c313e85a7db94d22467b6608e90253fa3,722.4895629882812,426.0337915420532,0,463.9307165145874,0,0,0,0
arxiv,val,60,60,arxiv:val:000060:223fff55dd3aa076,0,1259.078846,1259.048828125,946.834617,311.997022,0.0,0.0,0.0,0.0,118.7862720489502,139.84355354309082,0,0,0,0,0,0,0,0,0,0,73.89827156066895,3.7244160175323486,29.42832040786743,11.73526406288147,nocache_bf16,large_h6_n10_s100_wikics_arxiv,223fff55dd3aa07627e13f9449707c2e850612851f89eb5f38bbde0ba338602a,600.7880859375,355.3221130371094,0,385.30952644348145,0,0,0,0
arxiv,val,61,61,arxiv:val:000061:819cfb4438026420,0,1414.845685,1414.8143310546875,1104.890142,309.699999,0.0,0.0,0.0,0.0,164.03932762145996,158.9392967224121,0,0,0,0,0,0,0,0,0,0,110.38335990905762,5.71206396818161,33.403679847717285,14.540223896503448,nocache_bf16,large_h6_n10_s100_wikics_arxiv,819cfb4438026420a44e76d1b5e4396b6c12d15e01cdfdca4eafe4356bf5fd78,686.80712890625,404.30188846588135,0,441.44453716278076,0,0,0,0
arxiv,val,62,62,arxiv:val:000062:f14653257fd8d626,0,1400.767422,1400.736328125,1089.320864,311.193382,0.0,0.0,0.0,0.0,145.2065258026123,159.31373023986816,0,0,0,0,0,0,0,0,0,0,93.35571193695068,4.747360050678253,33.19807958602905,13.905374228954315,nocache_bf16,large_h6_n10_s100_wikics_arxiv,f14653257fd8d626a647b705baa748c4047f2bffaa9a0536a43e3e90199fe238,686.1332397460938,403.9721927642822,0,441.4747772216797,0,0,0,0
arxiv,val,63,63,arxiv:val:000063:a6c9213601343c5a,0,1469.352987,1469.3211669921875,1158.19512,310.889743,0.0,0.0,0.0,0.0,171.00300788879395,167.0602569580078,0,0,0,0,0,0,0,0,0,0,114.53398323059082,5.903039932250977,35.40166425704956,15.164320468902588,nocache_bf16,large_h6_n10_s100_wikics_arxiv,a6c9213601343c5af310560e147a57675830c585f12c4b745f42161685ac0945,719.8317260742188,424.788480758667,0,462.10350227355957,0,0,0,0
arxiv,val,64,64,arxiv:val:000064:1f114887af1ecfa5,0,1425.106376,1425.0755615234375,1110.826057,314.023792,0.0,0.0,0.0,0.0,181.6267852783203,155.926176071167,0,0,0,0,0,0,0,0,0,0,127.1057300567627,6.654783844947815,32.76076793670654,15.10550343990326,nocache_bf16,large_h6_n10_s100_wikics_arxiv,1f114887af1ecfa56bcb4f6bc29544f32172af5626be259cf411be7bd9bc4eed,679.2359619140625,399.6523485183716,0,435.5097894668579,0,0,0,0
arxiv,val,65,65,arxiv:val:000065:a0032c4710ae3a15,0,1586.950208,1586.9163818359375,1189.508225,397.182311,0.0,0.0,0.0,0.0,191.59593391418457,169.10441780090332,0,0,0,0,0,0,0,0,0,0,130.6583366394043,7.060703873634338,37.51481580734253,16.362077593803406,nocache_bf16,large_h6_n10_s100_wikics_arxiv,a0032c4710ae3a1546d174201bd65f39f734bad0dbaa659b3bf599a5959b7ddf,732.1854248046875,431.0633296966553,0,470.22651290893555,0,0,0,0
arxiv,val,66,66,arxiv:val:000066:fd1e8eebbd69f945,0,1516.466361,1516.4342041015625,1202.076862,314.119026,0.0,0.0,0.0,0.0,180.66198348999023,173.93728065490723,0,0,0,0,0,0,0,0,0,0,120.39014434814453,6.385472059249878,37.82972860336304,16.056638479232788,nocache_bf16,large_h6_n10_s100_wikics_arxiv,fd1e8eebbd69f945b7937053fe1894d7aa4e3d017b7566cbc0ddbd2ec591ade0,747.2647094726562,441.25433921813965,0,479.9476509094238,0,0,0,0
arxiv,val,67,67,arxiv:val:000067:ad1389fe50ead330,0,1443.329929,1443.2979736328125,1132.355186,310.704522,0.0,0.0,0.0,0.0,187.55145645141602,157.97468757629395,0,0,0,0,0,0,0,0,0,0,132.12841796875,6.794464111328125,33.36723232269287,15.26134204864502,nocache_bf16,large_h6_n10_s100_wikics_arxiv,ad1389fe50ead330fcbb0d1c3b6897b19fadd83f66a990bd417484c3cd9c8118,684.0393676757812,403.4760637283325,0,438.5379915237427,0,0,0,0
arxiv,val,68,68,arxiv:val:000068:0e2309a14e4e7ad2,0,758.070167,758.0427856445312,409.679254,348.168453,0.0,0.0,0.0,0.0,49.195168018341064,59.28361511230469,0,0,0,0,0,0,0,0,0,0,31.125727653503418,1.5301759988069534,11.444064021110535,5.095200344920158,nocache_bf16,large_h6_n10_s100_wikics_arxiv,0e2309a14e4e7ad206ec00b0afceb8be3573064c0f92010b47f04a2ba2d1f390,257.60711669921875,152.89619159698486,0,163.99454021453857,0,0,0,0
arxiv,val,69,69,arxiv:val:000069:d86e811a7bc24db7,0,1542.393762,1542.361572265625,1196.463266,345.657263,0.0,0.0,0.0,0.0,202.64595413208008,169.20000076293945,0,0,0,0,0,0,0,0,0,0,142.03702354431152,7.451488018035889,36.8339524269104,16.323490142822266,nocache_bf16,large_h6_n10_s100_wikics_arxiv,d86e811a7bc24db744e8778bf19d7b3f44eb7d7ebf8bfe7ccd74c22d935087f2,728.4851684570312,429.9114246368408,0,467.7737445831299,0,0,0,0
arxiv,val,70,70,arxiv:val:000070:2a3d92150c4f73db,0,1358.516659,1358.48583984375,1046.590517,311.676664,0.0,0.0,0.0,0.0,148.75337600708008,150.5044460296631,0,0,0,0,0,0,0,0,0,0,98.65596675872803,5.08543998003006,31.642848014831543,13.369121253490448,nocache_bf16,large_h6_n10_s100_wikics_arxiv,2a3d92150c4f73db35252c8869d52c2058311805ab42839e792ab8f73946b897,649.1105346679688,382.73126316070557,0,416.88371753692627,0,0,0,0
arxiv,val,71,71,arxiv:val:000071:cf9896e4eb750fe0,0,1443.391871,1443.360107421875,1128.353955,314.779153,0.0,0.0,0.0,0.0,166.16448211669922,162.67036628723145,0,0,0,0,0,0,0,0,0,0,110.57638549804688,5.752640008926392,35.292128562927246,14.543328046798706,nocache_bf16,large_h6_n10_s100_wikics_arxiv,cf9896e4eb750fe0c9cee7c8b288a7a8e49d9cc63c2a39ef685e91beaa53ed04,703.5795288085938,415.06329441070557,0,451.18660068511963,0,0,0,0
arxiv,val,72,72,arxiv:val:000072:11c31d8e3f561208,0,1539.209217,1539.177001953125,1206.696775,332.250902,0.0,0.0,0.0,0.0,185.61673545837402,172.62256050109863,0,0,0,0,0,0,0,0,0,0,125.89148712158203,6.686975836753845,37.060415267944336,15.977857232093811,nocache_bf16,large_h6_n10_s100_wikics_arxiv,11c31d8e3f5612084a2dbd8c1a42815cb6224c2900ec1d9301030c9f7d9ebb85,748.8265991210938,442.5407648086548,0,478.9083948135376,0,0,0,0
arxiv,val,73,73,arxiv:val:000073:1332d50ddf2eeca1,0,1579.264121,1579.2322998046875,1182.551433,396.448049,0.0,0.0,0.0,0.0,186.34175872802734,166.86665725708008,0,0,0,0,0,0,0,0,0,0,127.81356620788574,6.886240124702454,36.14671993255615,15.495232462882996,nocache_bf16,large_h6_n10_s100_wikics_arxiv,1332d50ddf2eeca169e5b81ca0b3ac3e1c51f99b4e36d2902cde6073b387a2d0,734.711181640625,433.08214569091797,0,468.4956932067871,0,0,0,0
arxiv,val,74,74,arxiv:val:000074:e0a31edde87a7444,0,1309.424315,1309.3927001953125,991.233839,317.937429,0.0,0.0,0.0,0.0,135.78089714050293,142.83533096313477,0,0,0,0,0,0,0,0,0,0,88.75564765930176,4.597088038921356,29.848479747772217,12.579681694507599,nocache_bf16,large_h6_n10_s100_wikics_arxiv,e0a31edde87a744459029bea340649f33a84460931b483db992080e065477e9e,621.4401245117188,367.830527305603,0,396.4449281692505,0,0,0,0
arxiv,val,75,75,arxiv:val:000075:0a132a451a46a45b,0,1406.083307,1406.0521240234375,1023.927719,381.899237,0.0,0.0,0.0,0.0,136.26463890075684,147.35420608520508,0,0,0,0,0,0,0,0,0,0,87.74355220794678,4.476063966751099,31.10633611679077,12.938686609268188,nocache_bf16,large_h6_n10_s100_wikics_arxiv,0a132a451a46a45bcb97637eec4dab61c47b992cacfe8b0fdcf22dbb745a1380,641.2645263671875,378.593825340271,0,410.0249071121216,0,0,0,0
arxiv,val,76,76,arxiv:val:000076:b1ad7f9bb93742d5,0,1422.765999,1422.734130859375,1037.721927,384.752786,0.0,0.0,0.0,0.0,151.1283836364746,148.07337760925293,0,0,0,0,0,0,0,0,0,0,101.07984161376953,5.2927680015563965,31.325120449066162,13.43065357208252,nocache_bf16,large_h6_n10_s100_wikics_arxiv,b1ad7f9bb93742d57d93c723bded1ff9487d253437f89c993ed39560542cccda,643.56494140625,380.78288078308105,0,410.8554382324219,0,0,0,0
arxiv,val,77,77,arxiv:val:000077:636e20ca6e1d821d,0,1345.386937,1345.3565673828125,979.06012,366.07242,0.0,0.0,0.0,0.0,132.94038581848145,142.13043212890625,0,0,0,0,0,0,0,0,0,0,86.23600101470947,4.411423981189728,29.94960069656372,12.343360126018524,nocache_bf16,large_h6_n10_s100_wikics_arxiv,636e20ca6e1d821d85f8b6f88702a66347f568d2975ab829f49e905d3295654b,619.4430541992188,366.809534072876,0,394.763952255249,0,0,0,0
arxiv,val,78,78,arxiv:val:000078:23743d45533046ec,0,1457.444669,1457.4132080078125,1146.12409,311.068514,0.0,0.0,0.0,0.0,180.21737670898438,164.38489532470703,0,0,0,0,0,0,0,0,0,0,122.57753562927246,6.535872101783752,35.717087745666504,15.386881232261658,nocache_bf16,large_h6_n10_s100_wikics_arxiv,23743d45533046eceaf1c1af64d1e14aaa8f5a22c78f7016394923a043b2804a,703.4190063476562,415.75225162506104,0,452.05165004730225,0,0,0,0
arxiv,val,79,79,arxiv:val:000079:1e65174104a1505a,0,1589.590673,1589.558349609375,1190.774345,398.560172,0.0,0.0,0.0,0.0,205.75836944580078,166.60857582092285,0,0,0,0,0,0,0,0,0,0,145.642240524292,7.712640047073364,35.86639976501465,16.537089109420776,nocache_bf16,large_h6_n10_s100_wikics_arxiv,1e65174104a1505a7bdd624a1acd688b3680da85996d2ef44bbbc87389e196e4,720.9615478515625,425.92495918273926,0,461.6451644897461,0,0,0,0
arxiv,val,80,80,arxiv:val:000080:5938139cc92984b8,0,1278.652214,1278.6214599609375,906.320748,372.07392,0.0,0.0,0.0,0.0,117.24867248535156,130.92236709594727,0,0,0,0,0,0,0,0,0,0,74.9847993850708,3.7659839391708374,27.24943971633911,11.248449444770813,nocache_bf16,large_h6_n10_s100_wikics_arxiv,5938139cc92984b8a1aaeb096edff4af8ce500ccf4df6024b66b636ee66fb8ad,574.3709106445312,339.6480932235718,0,365.64518451690674,0,0,0,0
arxiv,val,81,81,arxiv:val:000081:103812d8128782bf,0,1428.018235,1427.9869384765625,1112.321393,315.437502,0.0,0.0,0.0,0.0,168.85884857177734,159.6265926361084,0,0,0,0,0,0,0,0,0,0,114.35427474975586,5.9919039607048035,33.856672286987305,14.655997574329376,nocache_bf16,large_h6_n10_s100_wikics_arxiv,103812d8128782bf2d6b0a6e4559818f35c7ea64484cee79dbf3fd92559a9169,686.4561157226562,404.87798500061035,0,441.2047233581543,0,0,0,0
arxiv,val,82,82,arxiv:val:000082:ef97f140c26e76a7,0,1461.597335,1461.5655517578125,1144.93436,316.403485,0.0,0.0,0.0,0.0,167.4217300415039,166.3672332763672,0,0,0,0,0,0,0,0,0,0,110.30672073364258,5.800031960010529,36.29478359222412,15.020193755626678,nocache_bf16,large_h6_n10_s100_wikics_arxiv,ef97f140c26e76a76756767fb519c0006836b4ec6a63adff45776dc58da7edf0,713.9307250976562,420.98640155792236,0,459.3115568161011,0,0,0,0
arxiv,val,83,83,arxiv:val:000083:a39d60ef16fc4859,0,1489.898789,1489.8670654296875,1174.496776,315.13548,0.0,0.0,0.0,0.0,180.9775676727295,168.1134376525879,0,0,0,0,0,0,0,0,0,0,123.29830551147461,6.296256005764008,35.8919677734375,15.491038382053375,nocache_bf16,large_h6_n10_s100_wikics_arxiv,a39d60ef16fc4859f0cbb1f8bd127e91871eb54fff72fe03a1c091da9dd2a231,723.6365356445312,426.60863876342773,0,465.1413345336914,0,0,0,0
arxiv,val,84,84,arxiv:val:000084:5e59d4339eecb4b0,0,1346.208392,1346.177734375,1030.16481,315.781217,0.0,0.0,0.0,0.0,157.61619186401367,146.8158073425293,0,0,0,0,0,0,0,0,0,0,108.3996810913086,5.611488103866577,30.23427104949951,13.37075161933899,nocache_bf16,large_h6_n10_s100_wikics_arxiv,5e59d4339eecb4b0483be1a708ce6e0900ea0d36b21157a03b359dd6edca154f,627.436767578125,370.8673276901245,0,403.3852472305298,0,0,0,0
arxiv,val,85,85,arxiv:val:000085:d0843ce56b22dc73,0,1481.438562,1481.4066162109375,1152.591363,328.559267,0.0,0.0,0.0,0.0,186.5406379699707,163.6232624053955,0,0,0,0,0,0,0,0,0,0,128.63657569885254,6.675168037414551,35.38646411895752,15.842430114746094,nocache_bf16,large_h6_n10_s100_wikics_arxiv,d0843ce56b22dc73a3618d338723a965a999cb83eeceeaa30cb60167e3ac1382,702.7743530273438,414.0611524581909,0,452.33646297454834,0,0,0,0
arxiv,val,86,86,arxiv:val:000086:c931e503a421c342,0,1474.007253,1473.9761962890625,1161.297932,312.432206,0.0,0.0,0.0,0.0,166.75811195373535,169.0894718170166,0,0,0,0,0,0,0,0,0,0,109.59180641174316,5.705184042453766,36.29350423812866,15.16761726140976,nocache_bf16,large_h6_n10_s100_wikics_arxiv,c931e503a421c34267ec82b94e039d60e19b3bf05af914aae79205e0decda7d4,724.3803100585938,427.0111665725708,0,466.45861530303955,0,0,0,0
arxiv,val,87,87,arxiv:val:000087:9f3a2d6097b0f6bd,0,1471.466132,1471.4345703125,1155.921956,315.2874,0.0,0.0,0.0,0.0,175.49414443969727,166.44099235534668,0,0,0,0,0,0,0,0,0,0,117.7236499786377,6.279904067516327,36.1845440864563,15.306046307086945,nocache_bf16,large_h6_n10_s100_wikics_arxiv,9f3a2d6097b0f6bdc313c6295f2299bc6c3187102e3e75faf02bfa838fb30ae0,717.8036499023438,422.23814487457275,0,462.0064973831177,0,0,0,0
arxiv,val,88,88,arxiv:val:000088:d92d2e293d83fe2f,0,1522.262715,1522.23095703125,1122.287244,399.708535,0.0,0.0,0.0,0.0,159.42281341552734,162.7793312072754,0,0,0,0,0,0,0,0,0,0,104.57014274597168,5.497600018978119,34.900991916656494,14.454078733921051,nocache_bf16,large_h6_n10_s100_wikics_arxiv,d92d2e293d83fe2f12b22432fd45e9e92790a6d804e43b5675e947d66dc7965e,703.3203735351562,414.6324825286865,0,451.4672222137451,0,0,0,0
arxiv,val,89,89,arxiv:val:000089:ca95f6f1b4e66743,0,1030.766119,1030.7362060546875,666.051748,364.475416,0.0,0.0,0.0,0.0,79.43318367004395,97.81904029846191,0,0,0,0,0,0,0,0,0,0,48.67046403884888,2.358528047800064,20.182463884353638,8.221727699041367,nocache_bf16,large_h6_n10_s100_wikics_arxiv,ca95f6f1b4e66743e24e634927bd1f85787d4b5f1d0520aed4dd463ee6107386,427.2705993652344,250.7922887802124,0,274.2973508834839,0,0,0,0
arxiv,val,90,90,arxiv:val:000090:c11b4735265097a4,0,1127.862577,1127.832763671875,756.248591,371.377499,0.0,0.0,0.0,0.0,102.23270225524902,108.81216049194336,0,0,0,0,0,0,0,0,0,0,66.97238254547119,3.512767970561981,22.210015773773193,9.537535965442657,nocache_bf16,large_h6_n10_s100_wikics_arxiv,c11b4735265097a44930d96d5587558acbb6ad2ce18590c698eac674f2a4537d,474.3608703613281,277.32038021087646,0,305.852650642395,0,0,0,0
arxiv,val,91,91,arxiv:val:000091:3080ca54e7b4810a,0,1464.821497,1464.7890625,1148.847272,315.713464,0.0,0.0,0.0,0.0,180.33196830749512,163.40620613098145,0,0,0,0,0,0,0,0,0,0,123.33481407165527,6.453567981719971,35.19968032836914,15.343905925750732,nocache_bf16,large_h6_n10_s100_wikics_arxiv,3080ca54e7b4810a5398d13cb2684ed159ae5e73eba029f817a64cc835d8ee00,706.1333618164062,415.56656074523926,0,453.97300720214844,0,0,0,0
arxiv,val,92,92,arxiv:val:000092:c554553d97e30d78,0,1338.819158,1338.78857421875,921.064562,417.509375,0.0,0.0,0.0,0.0,117.39853096008301,137.57715225219727,0,0,0,0,0,0,0,0,0,0,73.16704082489014,3.6903039813041687,28.747104167938232,11.79408198595047,nocache_bf16,large_h6_n10_s100_wikics_arxiv,c554553d97e30d78d7909dfafe3fbb78151bd68f5f605863d751110e5db6a7f9,595.0345458984375,349.9305305480957,0,382.68116760253906,0,0,0,0
arxiv,val,93,93,arxiv:val:000093:f7af87a891af9d09,0,1459.857022,1459.824951171875,1147.302956,312.296871,0.0,0.0,0.0,0.0,173.62345695495605,167.5160961151123,0,0,0,0,0,0,0,0,0,0,116.4496955871582,6.132992148399353,35.89356756210327,15.147201657295227,nocache_bf16,large_h6_n10_s100_wikics_arxiv,f7af87a891af9d09f37e54b0d2c012c059c353aa05a62ef5edbdf198016c320b,722.0545654296875,425.25043201446533,0,464.3202295303345,0,0,0,0
arxiv,val,94,94,arxiv:val:000094:c49ce41630690eb2,0,1433.856322,1433.825439453125,1122.158239,311.445182,0.0,0.0,0.0,0.0,170.00604820251465,162.4451198577881,0,0,0,0,0,0,0,0,0,0,114.39727973937988,5.96969598531723,34.992191791534424,14.646880686283112,nocache_bf16,large_h6_n10_s100_wikics_arxiv,c49ce41630690eb2875e5821578e9175ae7b054958b3e878556ae492365cbc54,706.237548828125,415.67603492736816,0,453.0066337585449,0,0,0,0
arxiv,val,95,95,arxiv:val:000095:d1b804cfe6bbd7e7,0,1510.241615,1510.2100830078125,1160.004321,349.982925,0.0,0.0,0.0,0.0,179.7922248840332,168.1728000640869,0,0,0,0,0,0,0,0,0,0,122.0079345703125,6.183616101741791,35.88575983047485,15.714914381504059,nocache_bf16,large_h6_n10_s100_wikics_arxiv,d1b804cfe6bbd7e705150c6ddc19faca93a98d8004ede770615deb67bbf7b37f,725.6542358398438,427.8236131668091,0,466.0034227371216,0,0,0,0
arxiv,val,96,96,arxiv:val:000096:ec672f4715dd3985,0,1476.973525,1476.9420166015625,1165.564823,311.14946,0.0,0.0,0.0,0.0,181.65561485290527,168.9008960723877,0,0,0,0,0,0,0,0,0,0,123.57996559143066,6.3422077894210815,36.04953575134277,15.683905720710754,nocache_bf16,large_h6_n10_s100_wikics_arxiv,ec672f4715dd3985423b1d7da9aaae0f5347758a5d73c859780f2f3e7aa6498f,725.7449951171875,427.40271759033203,0,467.24317359924316,0,0,0,0
arxiv,val,97,97,arxiv:val:000097:f6245857f5f07407,0,1575.331661,1575.3001708984375,1176.813082,398.248901,0.0,0.0,0.0,0.0,182.5590419769287,172.14931106567383,0,0,0,0,0,0,0,0,0,0,122.11961555480957,6.4796799421310425,37.791136264801025,16.168610215187073,nocache_bf16,large_h6_n10_s100_wikics_arxiv,f6245857f5f07407b3f88778c9316b16c98f8849b85552d58bca7df1a935723e,733.3405151367188,433.44707107543945,0,472.0427551269531,0,0,0,0
arxiv,val,98,98,arxiv:val:000098:fc6abf08b8b0001e,0,1182.322153,1182.29150390625,863.482605,318.585318,0.0,0.0,0.0,0.0,104.05267143249512,127.55795288085938,0,0,0,0,0,0,0,0,0,0,63.80403232574463,3.1629120111465454,26.478879928588867,10.606847167015076,nocache_bf16,large_h6_n10_s100_wikics_arxiv,fc6abf08b8b0001e9313d3417be92f18e0e0864d878974971cf6ffcc7e7350c3,559.648681640625,329.37516689300537,0,357.831467628479,0,0,0,0
arxiv,val,99,99,arxiv:val:000099:66f7ff1f3a72ebb7,0,1443.798685,1443.766845703125,1127.958506,315.580935,0.0,0.0,0.0,0.0,187.8415985107422,159.9622402191162,0,0,0,0,0,0,0,0,0,0,131.71974563598633,6.781183958053589,33.72694396972656,15.613724946975708,nocache_bf16,large_h6_n10_s100_wikics_arxiv,66f7ff1f3a72ebb7a8bb64ef808626e952cdfdaa780c993573ad1026141d4d65,688.162353515625,405.0766763687134,0,443.04791736602783,0,0,0,0
arxiv,test,100,0,arxiv:test:000000:8aeecba8862d1102,0,1237.279895,1237.203857421875,868.536511,368.253688,0.0,0.0,0.0,0.0,111.67923164367676,119.3806381225586,0,0,0,0,0,0,0,0,0,0,72.07846450805664,3.687391936779022,25.38435125350952,10.529023945331573,nocache_bf16,large_h6_n10_s100_wikics_arxiv,8aeecba8862d11020a114168d046089c4e2d396f1d577261816bc2a09d70c909,519.0599365234375,304.33635234832764,0,334.10422229766846,0,0,0,0
arxiv,test,101,1,arxiv:test:000001:34c176a088ad1429,0,1566.670743,1566.637939453125,1170.084126,396.290922,0.0,0.0,0.0,0.0,183.12057495117188,165.1520004272461,0,0,0,0,0,0,0,0,0,0,125.63913917541504,6.656991958618164,35.493248462677,15.33119535446167,nocache_bf16,large_h6_n10_s100_wikics_arxiv,34c176a088ad14291b4ca520137113412e5b7c8ea153de8adcead79fdbf6e251,720.1853637695312,424.48451137542725,0,460.8528528213501,0,0,0,0
arxiv,test,102,2,arxiv:test:000002:d675140a548725b4,0,1436.925922,1436.8934326171875,969.358385,467.308856,0.0,0.0,0.0,0.0,141.20572662353516,138.0457592010498,0,0,0,0,0,0,0,0,0,0,93.79660892486572,4.892224013805389,29.471776008605957,13.045117676258087,nocache_bf16,large_h6_n10_s100_wikics_arxiv,d675140a548725b4c6d4948151c0ffed99b5b331ac253fabce8422878f98cbc5,603.7058715820312,355.8614082336426,0,385.8902225494385,0,0,0,0
arxiv,test,103,3,arxiv:test:000003:77e480c4e7aba13c,0,1355.649859,1355.6181640625,1009.407947,345.992131,0.0,0.0,0.0,0.0,192.28042030334473,135.50390434265137,0,0,0,0,0,0,0,0,0,0,143.05014419555664,7.615808010101318,27.821056365966797,13.79341173171997,nocache_bf16,large_h6_n10_s100_wikics_arxiv,77e480c4e7aba13c6f51e9b3b822650b1679f5fc8a9d112ac559dac67edbaa2d,593.3043823242188,350.0103349685669,0,378.7979516983032,0,0,0,0
arxiv,test,104,4,arxiv:test:000004:e76d0c446fb20015,0,1396.778278,1396.7454833984375,1085.764614,310.747951,0.0,0.0,0.0,0.0,174.2751693725586,154.87779235839844,0,0,0,0,0,0,0,0,0,0,120.14847946166992,6.34608006477356,33.02959966659546,14.751010179519653,nocache_bf16,large_h6_n10_s100_wikics_arxiv,e76d0c446fb200155bab8f5b50e1bfeee149028b49c0cefdbf77cd82298987ef,665.4554443359375,392.1638698577881,0,428.16936683654785,0,0,0,0
arxiv,test,105,5,arxiv:test:000005:5f27d2a1b37cbc3e,0,1471.241401,1471.209716796875,1142.491677,328.484622,0.0,0.0,0.0,0.0,155.5450210571289,169.12015914916992,0,0,0,0,0,0,0,0,0,0,99.21407890319824,5.119103968143463,36.33830404281616,14.873534142971039,nocache_bf16,large_h6_n10_s100_wikics_arxiv,5f27d2a1b37cbc3ef73ce9f6c26f05ba8e10225420a2c8bd688c25086552f86b,720.7528686523438,426.6710720062256,0,463.2019557952881,0,0,0,0
arxiv,test,106,6,arxiv:test:000006:665d2ed7aedfc59e,0,1323.080536,1323.0496826171875,1010.352817,312.469972,0.0,0.0,0.0,0.0,128.974271774292,149.3017292022705,0,0,0,0,0,0,0,0,0,0,81.41817665100098,4.156831979751587,30.966303825378418,12.43295931816101,nocache_bf16,large_h6_n10_s100_wikics_arxiv,665d2ed7aedfc59ebde23874a48b455bfdc251afad90b472d910958edcb2e5e4,640.3262329101562,378.8571825027466,0,410.7707796096802,0,0,0,0
arxiv,test,107,7,arxiv:test:000007:3d27bf4752315273,0,1580.293038,1580.2603759765625,1183.537203,396.482899,0.0,0.0,0.0,0.0,195.3624973297119,168.10524940490723,0,0,0,0,0,0,0,0,0,0,134.3559684753418,7.292288064956665,37.12940835952759,16.584832429885864,nocache_bf16,large_h6_n10_s100_wikics_arxiv,3d27bf4752315273e1cbbe2c6a1f755d0b85001b2bdf23e7f57b8dcb680be002,721.929443359375,426.35523319244385,0,463.6794595718384,0,0,0,0
arxiv,test,108,8,arxiv:test:000008:a866a0597966c6f4,0,1353.354979,1353.3232421875,1037.32602,315.775822,0.0,0.0,0.0,0.0,139.02045059204102,150.45318222045898,0,0,0,0,0,0,0,0,0,0,89.62745666503906,4.64300799369812,31.617728233337402,13.13225769996643,nocache_bf16,large_h6_n10_s100_wikics_arxiv,a866a0597966c6f452e6217ca6a8fae250237e23f2323f08fb1b09771ca5f4f3,648.754150390625,382.7361936569214,0,416.4711389541626,0,0,0,0
arxiv,test,109,9,arxiv:test:000009:2acb6a66afedb5c0,0,1503.198433,1503.16552734375,1031.41703,471.525215,0.0,0.0,0.0,0.0,149.8027229309082,147.6130886077881,0,0,0,0,0,0,0,0,0,0,99.69699096679688,5.324895977973938,31.32867193222046,13.452164053916931,nocache_bf16,large_h6_n10_s100_wikics_arxiv,2acb6a66afedb5c05fc17390d5ae9636d3bafb1f422d5eff4ee9e53078a4ef42,644.1458129882812,378.219199180603,0,413.5397024154663,0,0,0,0
arxiv,test,110,10,arxiv:test:000010:c37504f6fbb77657,0,1623.596411,1623.5631103515625,1222.09408,401.242291,0.0,0.0,0.0,0.0,222.27136611938477,168.65596961975098,0,0,0,0,0,0,0,0,0,0,160.29996490478516,8.497727990150452,36.505152225494385,16.968520998954773,nocache_bf16,large_h6_n10_s100_wikics_arxiv,c37504f6fbb77657795f6a4fab3ab20e6a4b90de3ca703855f666b761f785cdf,730.8660278320312,430.7075490951538,0,468.8144483566284,0,0,0,0
arxiv,test,111,11,arxiv:test:000011:548262a0e76189ec,0,1535.926166,1535.892578125,1172.555651,363.089406,0.0,0.0,0.0,0.0,186.4469451904297,167.0215358734131,0,0,0,0,0,0,0,0,0,0,127.43635368347168,6.912575960159302,36.27827167510986,15.819743871688843,nocache_bf16,large_h6_n10_s100_wikics_arxiv,548262a0e76189ecd6e0a5d5e3260e3cd918a64948a825acac21649a7a162df4,722.4924926757812,427.22467041015625,0,462.2893581390381,0,0,0,0
arxiv,test,112,12,arxiv:test:000012:565a3afdfe27876b,0,1198.328917,1198.298095703125,875.088828,322.976133,0.0,0.0,0.0,0.0,110.01811218261719,128.92902183532715,0,0,0,0,0,0,0,0,0,0,68.77552032470703,3.464735984802246,26.809247493743896,10.968608379364014,nocache_bf16,large_h6_n10_s100_wikics_arxiv,565a3afdfe27876b97787b02ef3b916f21f9717eee997e6c2649b2836506bdd3,553.6038818359375,327.1888952255249,0,355.34400844573975,0,0,0,0
arxiv,test,113,13,arxiv:test:000013:b3a8166da7f9bd5a,0,1369.17028,1369.1392822265625,1016.86493,352.05533,0.0,0.0,0.0,0.0,142.35680198669434,145.28016090393066,0,0,0,0,0,0,0,0,0,0,93.98236846923828,4.887264013290405,30.574463844299316,12.912705659866333,nocache_bf16,large_h6_n10_s100_wikics_arxiv,b3a8166da7f9bd5a7f77d68f2262cc2ce197215462aaa014b7214d76dd6ef764,637.7506713867188,372.7827835083008,0,410.24804878234863,0,0,0,0
arxiv,test,114,14,arxiv:test:000014:927439c8c556510b,0,1652.264592,1652.2310791015625,1181.596523,470.400263,0.0,0.0,0.0,0.0,180.86355018615723,169.05881690979004,0,0,0,0,0,0,0,0,0,0,121.93369674682617,6.54252815246582,36.84976005554199,15.537565231323242,nocache_bf16,large_h6_n10_s100_wikics_arxiv,927439c8c556510b53acb56af17f6dd08cc1109c2e7c48b8bdeb6ef106c4cdb4,732.594482421875,432.20051193237305,0,469.452787399292,0,0,0,0
arxiv,test,115,15,arxiv:test:000015:94893e1aa247f99a,0,1474.885845,1474.8533935546875,1160.129041,314.493862,0.0,0.0,0.0,0.0,170.2458267211914,168.44905471801758,0,0,0,0,0,0,0,0,0,0,113.1497917175293,5.7821760177612305,36.069632053375244,15.244226932525635,nocache_bf16,large_h6_n10_s100_wikics_arxiv,94893e1aa247f99ab08f875dfc42353b2a6d833d028453cd6332b1fd4a6d5ac7,722.5424194335938,426.5379524230957,0,464.4535217285156,0,0,0,0
arxiv,test,116,16,arxiv:test:000016:04a1b80589800d8a,0,1462.992974,1462.9610595703125,1147.984336,314.748581,0.0,0.0,0.0,0.0,166.99612998962402,165.72838592529297,0,0,0,0,0,0,0,0,0,0,110.24435043334961,5.660959959030151,36.01193618774414,15.078883409500122,nocache_bf16,large_h6_n10_s100_wikics_arxiv,04a1b80589800d8abbd3bf2b6e48d62f12100ace0b6cc463ee8ae1a18f3d8884,715.6778564453125,421.2428798675537,0,460.16336250305176,0,0,0,0
arxiv,test,117,17,arxiv:test:000017:6ed2fd35c7b08446,0,1317.405393,1317.374267578125,944.974923,372.185899,0.0,0.0,0.0,0.0,159.41661071777344,130.74710273742676,0,0,0,0,0,0,0,0,0,0,113.6597785949707,5.965856075286865,27.166176319122314,12.624799728393555,nocache_bf16,large_h6_n10_s100_wikics_arxiv,6ed2fd35c7b084466a024831071fe4da94ca4acc62f856b26d505fb9e2c0a269,578.8990478515625,341.7279357910156,0,367.91821479797363,0,0,0,0
arxiv,test,118,18,arxiv:test:000018:9ba09b820b67f326,0,1598.099138,1598.0633544921875,1201.95266,395.872719,0.0,0.0,0.0,0.0,207.22684860229492,167.37049674987793,0,0,0,0,0,0,0,0,0,0,147.72659492492676,7.754335880279541,35.67081642150879,16.075101375579834,nocache_bf16,large_h6_n10_s100_wikics_arxiv,9ba09b820b67f3268b73b57e69c9473c6ac2e861b2e1dfa8f39e80bd970e5769,732.2557373046875,431.77280139923096,0,467.8534326553345,0,0,0,0
arxiv,test,119,19,arxiv:test:000019:551de7f6c6009e1d,0,1020.146194,1020.1166381835938,702.206788,317.691982,0.0,0.0,0.0,0.0,92.87155246734619,101.24541091918945,0,0,0,0,0,0,0,0,0,0,59.99177646636963,3.066336065530777,20.931488037109375,8.88195189833641,nocache_bf16,large_h6_n10_s100_wikics_arxiv,551de7f6c6009e1d0b6bb2471de8a502aa64c44b76385fa09309561554d57e04,444.7810974121094,260.7995195388794,0,285.22698879241943,0,0,0,0
arxiv,test,120,20,arxiv:test:000020:13dc09ce4d7802a7,0,1539.007747,1538.9725341796875,1171.722567,367.025282,0.0,0.0,0.0,0.0,187.43209838867188,166.15379333496094,0,0,0,0,0,0,0,0,0,0,129.63449668884277,6.646432042121887,35.581056118011475,15.57011353969574,nocache_bf16,large_h6_n10_s100_wikics_arxiv,13dc09ce4d7802a7445a3893c978abe7a75f09a66446471b5fb18cfbf5964938,717.5985107421875,422.13183975219727,0,461.6204643249512,0,0,0,0
arxiv,test,121,21,arxiv:test:000021:6f59067bf5fa395d,0,1560.401808,1560.368408203125,1197.262673,362.878274,0.0,0.0,0.0,0.0,199.0738868713379,169.6631679534912,0,0,0,0,0,0,0,0,0,0,139.0576000213623,7.062847852706909,36.62393665313721,16.32950234413147,nocache_bf16,large_h6_n10_s100_wikics_arxiv,6f59067bf5fa395d8c438f79f5bdba49c2480fc114342b4fd3bf6de6278eab75,730.8388671875,429.8652467727661,0,470.6367883682251,0,0,0,0
arxiv,test,122,22,arxiv:test:000022:7de091dda2cfc1e7,0,1351.018869,1350.987060546875,1036.633801,314.132225,0.0,0.0,0.0,0.0,156.5866241455078,149.29644966125488,0,0,0,0,0,0,0,0,0,0,106.5253734588623,5.515936076641083,31.071135997772217,13.474178612232208,nocache_bf16,large_h6_n10_s100_wikics_arxiv,7de091dda2cfc1e735526e01718df15756c5332e2e9f43a7ca93de54fce418a9,638.5152587890625,377.4386558532715,0,410.3730525970459,0,0,0,0
arxiv,test,123,23,arxiv:test:000023:2c3804d42bd30cbd,0,1455.102878,1455.072021484375,1125.814477,329.031842,0.0,0.0,0.0,0.0,156.10566329956055,164.6604461669922,0,0,0,0,0,0,0,0,0,0,101.0292501449585,5.181407988071442,35.37996768951416,14.515037477016449,nocache_bf16,large_h6_n10_s100_wikics_arxiv,2c3804d42bd30cbd2c66895d9ca0e1514646371edadac6e4c4a7a10bd83a0982,704.8936767578125,415.5562229156494,0,453.9979000091553,0,0,0,0
arxiv,test,124,24,arxiv:test:000024:980f6a26e605793b,0,1448.013624,1447.98193359375,1136.582727,311.175827,0.0,0.0,0.0,0.0,208.56108856201172,156.19052505493164,0,0,0,0,0,0,0,0,0,0,152.57305526733398,7.741760015487671,32.67744016647339,15.568833112716675,nocache_bf16,large_h6_n10_s100_wikics_arxiv,980f6a26e605793b5382fa17bdf21a550efe6ad0b938a48a8210024c64c8fd03,679.9027099609375,399.47299003601074,0,436.6202449798584,0,0,0,0
arxiv,test,125,25,arxiv:test:000025:118b258c03aa037e,0,1505.161973,1505.12939453125,1086.335837,418.564971,0.0,0.0,0.0,0.0,171.11139297485352,154.70137786865234,0,0,0,0,0,0,0,0,0,0,117.63961601257324,6.171008110046387,32.80508852005005,14.495680332183838,nocache_bf16,large_h6_n10_s100_wikics_arxiv,118b258c03aa037eaafbf67becf82fd102999213036e8abd9f807120abdbd283,668.330810546875,392.9809904098511,0,430.05119800567627,0,0,0,0
arxiv,test,126,26,arxiv:test:000026:1d8c978f1407bcc5,0,1603.456531,1603.4232177734375,1205.746819,397.425195,0.0,0.0,0.0,0.0,205.08566284179688,168.5963191986084,0,0,0,0,0,0,0,0,0,0,145.19728088378906,7.528671979904175,36.17257642745972,16.18713355064392,nocache_bf16,large_h6_n10_s100_wikics_arxiv,1d8c978f1407bcc5190dde580c972dc805f7ab4bb54fb0a1198050ea884c4d5b,734.1805419921875,432.38134384155273,0,470.39551734924316,0,0,0,0
arxiv,test,127,27,arxiv:test:000027:ccb4301fa0500230,0,1431.914093,1431.8814697265625,1115.911904,315.738181,0.0,0.0,0.0,0.0,179.54022407531738,158.78816032409668,0,0,0,0,0,0,0,0,0,0,124.10832023620605,6.46560001373291,33.81436777114868,15.151936054229736,nocache_bf16,large_h6_n10_s100_wikics_arxiv,ccb4301fa0500230b966c1ca8acbfb0239894da3c184bc644b2ab3f2025751db,687.7925415039062,405.0657262802124,0,441.5149755477905,0,0,0,0
arxiv,test,128,28,arxiv:test:000028:6bd000b4763af040,0,1315.152568,1315.1209716796875,944.507644,370.368487,0.0,0.0,0.0,0.0,162.72294425964355,131.67990493774414,0,0,0,0,0,0,0,0,0,0,116.3809928894043,6.120959997177124,27.510911464691162,12.710079908370972,nocache_bf16,large_h6_n10_s100_wikics_arxiv,6bd000b4763af040cd35faa94edb20b9caadb186a66e8ec435f0e42d6b15d953,573.7703247070312,339.15833854675293,0,366.29189109802246,0,0,0,0
arxiv,test,129,29,arxiv:test:000029:579bf3992d19b343,0,1530.590908,1530.5592041015625,1166.01967,364.274545,0.0,0.0,0.0,0.0,182.23023986816406,167.22883224487305,0,0,0,0,0,0,0,0,0,0,123.47750282287598,6.592640042304993,36.46185636520386,15.698240637779236,nocache_bf16,large_h6_n10_s100_wikics_arxiv,579bf3992d19b3435c6501f4723460e432219c48e2d2812939680c690025d21f,716.2555541992188,422.4534721374512,0,461.0309143066406,0,0,0,0
arxiv,test,130,30,arxiv:test:000030:6715d78ec20dc119,0,1607.288012,1607.2542724609375,1204.773791,402.23701,0.0,0.0,0.0,0.0,201.8031997680664,166.8632640838623,0,0,0,0,0,0,0,0,0,0,142.43014335632324,7.586143970489502,35.806336402893066,15.980576038360596,nocache_bf16,large_h6_n10_s100_wikics_arxiv,6715d78ec20dc1199983ebe2cd04cf9fe286cdb214eb70a251e74aadeac1bb95,732.5537109375,431.3295373916626,0,468.0874376296997,0,0,0,0
arxiv,test,131,31,arxiv:test:000031:01bf41e7d8c9bdc9,0,1473.941627,1473.9097900390625,1162.126346,311.521115,0.0,0.0,0.0,0.0,170.05615997314453,169.11142539978027,0,0,0,0,0,0,0,0,0,0,112.42572784423828,5.8818880915641785,36.32431936264038,15.42422467470169,nocache_bf16,large_h6_n10_s100_wikics_arxiv,01bf41e7d8c9bdc9b250ba0472067bc2cf8ee4b4b180cefefdd66e36417fb6e6,724.898193359375,427.3991994857788,0,466.61041927337646,0,0,0,0
arxiv,test,132,32,arxiv:test:000032:5e4106cca99d5843,0,1446.577554,1446.54541015625,1133.240592,313.017973,0.0,0.0,0.0,0.0,166.8654727935791,165.01922988891602,0,0,0,0,0,0,0,0,0,0,110.4522876739502,5.687168061733246,35.75340795516968,14.972609102725983,nocache_bf16,large_h6_n10_s100_wikics_arxiv,5e4106cca99d584302becf755533fdf0db7a0842b71d6e7cd21c3c01375b5552,704.1461181640625,415.3122224807739,0,453.8531255722046,0,0,0,0
arxiv,test,133,33,arxiv:test:000033:189263d64060b736,0,1432.467497,1432.434814453125,1116.097961,316.089193,0.0,0.0,0.0,0.0,182.73481559753418,156.03171157836914,0,0,0,0,0,0,0,0,0,0,128.08185577392578,6.7573758363723755,32.942015647888184,14.95356833934784,nocache_bf16,large_h6_n10_s100_wikics_arxiv,189263d64060b73695ed9360957f5265b6ac5ced36d0427da14f86279249cc50,679.39990234375,399.24851417541504,0,436.1830997467041,0,0,0,0
arxiv,test,134,34,arxiv:test:000034:cc25ddf180fd3dc8,0,1529.085768,1529.053466796875,1218.036178,310.774861,0.0,0.0,0.0,0.0,213.38502502441406,167.86694526672363,0,0,0,0,0,0,0,0,0,0,151.60816192626953,8.100127935409546,36.930367946624756,16.74636721611023,nocache_bf16,large_h6_n10_s100_wikics_arxiv,cc25ddf180fd3dc8cc578cba85779c7dc886b0009ef07033358194310cc1ee3d,733.0993041992188,432.134334564209,0,468.8319149017334,0,0,0,0
arxiv,test,135,35,arxiv:test:000035:ab83ea7606d02af1,0,1634.796899,1634.7635498046875,1236.517644,397.979183,0.0,0.0,0.0,0.0,237.96614456176758,166.5159034729004,0,0,0,0,0,0,0,0,0,0,175.39292907714844,9.289183855056763,36.07043170928955,17.213599920272827,nocache_bf16,large_h6_n10_s100_wikics_arxiv,ab83ea7606d02af10d9c8025cdd053087bc7a5a4db06ee849e440b2a9621db47,732.75634765625,431.72764682769775,0,467.54460430145264,0,0,0,0
arxiv,test,136,36,arxiv:test:000036:d2571c03cbd5e99a,0,1738.495898,1738.462158203125,1092.262934,645.974643,0.0,0.0,0.0,0.0,160.64409637451172,157.45741081237793,0,0,0,0,0,0,0,0,0,0,107.86342430114746,5.617247998714447,32.84268760681152,14.320736467838287,nocache_bf16,large_h6_n10_s100_wikics_arxiv,d2571c03cbd5e99a7c59bc4d317cc203f10074ac80503d14e841d90b76b2d028,680.6867065429688,400.23321628570557,0,437.9109010696411,0,0,0,0
arxiv,test,137,37,arxiv:test:000037:ff540b07468add89,0,1589.898626,1589.8660888671875,1187.780743,401.847139,0.0,0.0,0.0,0.0,190.09068870544434,168.50963401794434,0,0,0,0,0,0,0,0,0,0,131.929536819458,6.610880017280579,35.62480020523071,15.925471663475037,nocache_bf16,large_h6_n10_s100_wikics_arxiv,ff540b07468add89ac9e11d4387e45f4f5a96fad34add510dcd2449d6271317a,726.1383056640625,427.8390712738037,0,466.8088684082031,0,0,0,0
arxiv,test,138,38,arxiv:test:000038:f2bc826283b28142,0,1556.205634,1556.1727294921875,1157.845355,398.082409,0.0,0.0,0.0,0.0,177.33212852478027,165.0775032043457,0,0,0,0,0,0,0,0,0,0,120.09055709838867,6.202015995979309,35.72521638870239,15.3143390417099,nocache_bf16,large_h6_n10_s100_wikics_arxiv,f2bc826283b28142062c7d0b5b7b26cde2d6be256a0081e2f95275a46b74cc24,717.603271484375,421.66255950927734,0,461.01821517944336,0,0,0,0
arxiv,test,139,39,arxiv:test:000039:e1df3943e9da4831,0,1254.476138,1254.44580078125,933.135219,321.075969,0.0,0.0,0.0,0.0,127.07673454284668,134.51977729797363,0,0,0,0,0,0,0,0,0,0,82.93001651763916,4.3102720975875854,27.99455976486206,11.841886162757874,nocache_bf16,large_h6_n10_s100_wikics_arxiv,e1df3943e9da483163688e75fe6cb8d909c7f9c2585b8e8dd56a324540302cc2,588.4065551757812,345.6084508895874,0,377.3178815841675,0,0,0,0
arxiv,test,140,40,arxiv:test:000040:ff71ceefa1018a18,0,1289.394784,1289.363525390625,975.244041,313.882882,0.0,0.0,0.0,0.0,144.14278411865234,138.6685447692871,0,0,0,0,0,0,0,0,0,0,97.3410873413086,5.056544005870819,29.24566411972046,12.499488651752472,nocache_bf16,large_h6_n10_s100_wikics_arxiv,ff71ceefa1018a1865ea23dfca204d90bd98f5e2418f71a41d93785902c5fcee,606.3896484375,357.43388748168945,0,387.62430572509766,0,0,0,0
arxiv,test,141,41,arxiv:test:000041:3c49d5bf4dbf737e,0,1591.489525,1591.4571533203125,1192.572303,398.634421,0.0,0.0,0.0,0.0,202.62399673461914,167.2552661895752,0,0,0,0,0,0,0,0,0,0,142.35529708862305,7.437855958938599,36.193856716156006,16.63698697090149,nocache_bf16,large_h6_n10_s100_wikics_arxiv,3c49d5bf4dbf737e34e5133f2c2461cd0139704b56bbd739ff73f4d02a344ad7,725.131103515625,427.66495990753174,0,464.72140979766846,0,0,0,0
arxiv,test,142,42,arxiv:test:000042:dae587ce1b7ca967,0,1503.031287,1502.999267578125,1166.698664,336.040943,0.0,0.0,0.0,0.0,176.43129348754883,168.2307186126709,0,0,0,0,0,0,0,0,0,0,118.7521915435791,6.1178879737854,35.96076822280884,15.600445747375488,nocache_bf16,large_h6_n10_s100_wikics_arxiv,dae587ce1b7ca9678e94abf2563f0d48c3d3b4a0175d6489d7fcb220ad30d4bf,722.2362670898438,425.88534450531006,0,464.5816411972046,0,0,0,0
arxiv,test,143,43,arxiv:test:000043:e717be6b19d36df2,0,1484.015269,1483.977783203125,1165.680791,317.96041,0.0,0.0,0.0,0.0,169.4587516784668,169.1400318145752,0,0,0,0,0,0,0,0,0,0,112.32467079162598,5.732767999172211,35.933600425720215,15.467712461948395,nocache_bf16,large_h6_n10_s100_wikics_arxiv,e717be6b19d36df2c417dd2f340fd2ef6b2622c25926327dd92de1991210eb0c,724.3024291992188,427.3852481842041,0,466.05721282958984,0,0,0,0
arxiv,test,144,44,arxiv:test:000044:ecf1facb07fbb262,0,1542.70412,1542.6700439453125,1225.530597,316.834453,0.0,0.0,0.0,0.0,201.59951782226562,173.1764793395996,0,0,0,0,0,0,0,0,0,0,140.41961860656738,7.324671983718872,37.20796823501587,16.6472589969635,nocache_bf16,large_h6_n10_s100_wikics_arxiv,ecf1facb07fbb2625dfa89a62495a9453205b5b87c471a67ee92ab8e090dd4b6,752.3564453125,443.3697271347046,0,482.163197517395,0,0,0,0
arxiv,test,145,45,arxiv:test:000045:c97b28935cff346f,0,934.381412,934.3511962890625,571.012542,363.071886,0.0,0.0,0.0,0.0,75.07459163665771,82.09103965759277,0,0,0,0,0,0,0,0,0,0,48.631104946136475,2.4723199903964996,16.681535959243774,7.289630740880966,nocache_bf16,large_h6_n10_s100_wikics_arxiv,c97b28935cff346f8d96b42043d071dbc71a36119d063ae948118dd57f60ad1b,362.36962890625,211.21315145492554,0,233.24751710891724,0,0,0,0
arxiv,test,146,46,arxiv:test:000046:fbd9f3145be22507,0,1505.886897,1505.8521728515625,1140.789245,364.766402,0.0,0.0,0.0,0.0,170.1250877380371,164.3114242553711,0,0,0,0,0,0,0,0,0,0,113.94134330749512,5.879519939422607,35.35139179229736,14.952832698822021,nocache_bf16,large_h6_n10_s100_wikics_arxiv,fbd9f3145be2250742dc25e9ae46990667480b99348e959e85b2180a30c8590e,707.8325805664062,417.2271661758423,0,454.91683864593506,0,0,0,0
arxiv,test,147,47,arxiv:test:000047:fafb4cdfc63a9718,0,1592.244161,1592.2100830078125,1191.933567,399.883081,0.0,0.0,0.0,0.0,196.1679344177246,168.17535972595215,0,0,0,0,0,0,0,0,0,0,134.93539237976074,7.300863981246948,37.17312049865723,16.758557558059692,nocache_bf16,large_h6_n10_s100_wikics_arxiv,fafb4cdfc63a9718e9161edeb32eaf6c01d3953e94090e8f1568c9e279c5ba04,726.042236328125,428.31564712524414,0,465.901948928833,0,0,0,0
arxiv,test,148,48,arxiv:test:000048:d1be3cbece176b33,0,1532.952047,1532.9183349609375,1150.368522,382.207396,0.0,0.0,0.0,0.0,168.56163215637207,165.1636791229248,0,0,0,0,0,0,0,0,0,0,111.60717010498047,5.86764794588089,35.828959941864014,15.257854163646698,nocache_bf16,large_h6_n10_s100_wikics_arxiv,d1be3cbece176b3358b650780ddf35382fa6223fd1bdb79f440831f3e6386754,707.244873046875,417.6817579269409,0,454.7267942428589,0,0,0,0
arxiv,test,149,49,arxiv:test:000049:05e52a9cf94815ea,0,1443.353876,1443.3211669921875,1129.102475,313.840401,0.0,0.0,0.0,0.0,177.21571159362793,161.03443145751953,0,0,0,0,0,0,0,0,0,0,121.12304306030273,6.287520051002502,34.40947151184082,15.395676970481873,nocache_bf16,large_h6_n10_s100_wikics_arxiv,05e52a9cf94815ea165fc47c07f510e4cb682c1ecd224bf19a51c6ff9612777e,690.1242065429688,406.68275260925293,0,444.47588539123535,0,0,0,0
arxiv,test,150,50,arxiv:test:000050:2ae7e9025c812bc9,0,1218.588719,1218.553955078125,827.920701,390.30084,0.0,0.0,0.0,0.0,113.2802848815918,118.31561660766602,0,0,0,0,0,0,0,0,0,0,74.54812812805176,3.8512319326400757,24.24995231628418,10.630972504615784,nocache_bf16,large_h6_n10_s100_wikics_arxiv,2ae7e9025c812bc9b271f2094242f0d0b0d8547a202d8c2a41549e3f9b5ba068,511.3150329589844,301.31968116760254,0,328.31096839904785,0,0,0,0
arxiv,test,151,51,arxiv:test:000051:66a62fdf4daaa7ae,0,1500.107828,1500.0743408203125,1182.327802,317.406589,0.0,0.0,0.0,0.0,190.91324996948242,166.8439712524414,0,0,0,0,0,0,0,0,0,0,132.34390258789062,6.651583790779114,35.85680055618286,16.060963034629822,nocache_bf16,large_h6_n10_s100_wikics_arxiv,66a62fdf4daaa7ae24fb1caeac844800dd701d501cc3172f7faff797a7efe852,716.7401123046875,421.92230319976807,0,461.66178035736084,0,0,0,0
arxiv,test,152,52,arxiv:test:000052:7c51a8eb1dba87a6,0,1392.34383,1392.3106689453125,1025.330987,366.710215,0.0,0.0,0.0,0.0,142.10681533813477,150.08995056152344,0,0,0,0,0,0,0,0,0,0,92.43788719177246,4.817856073379517,31.539711952209473,13.311360120773315,nocache_bf16,large_h6_n10_s100_wikics_arxiv,7c51a8eb1dba87a6fe0e433e5eb412caf5912e485467601436acd1bf3e919747,640.5875244140625,379.528413772583,0,411.14906120300293,0,0,0,0
arxiv,test,153,53,arxiv:test:000053:a3944fd2577c232c,0,1507.22297,1507.1900634765625,1193.730209,313.110378,0.0,0.0,0.0,0.0,183.91235160827637,169.93219184875488,0,0,0,0,0,0,0,0,0,0,124.83884620666504,6.5622398853302,36.97001600265503,15.541249513626099,nocache_bf16,large_h6_n10_s100_wikics_arxiv,a3944fd2577c232ccd1772224b9637f05e2ef77e0bcd5eaf08988d3146013916,739.2695922851562,434.78662300109863,0,474.4151611328125,0,0,0,0
arxiv,test,154,54,arxiv:test:000054:f51bc10bbe82c845,0,1503.742916,1503.7091064453125,1102.68561,400.670977,0.0,0.0,0.0,0.0,161.8973445892334,159.0203514099121,0,0,0,0,0,0,0,0,0,0,108.27718353271484,5.595583975315094,33.46454381942749,14.56003326177597,nocache_bf16,large_h6_n10_s100_wikics_arxiv,f51bc10bbe82c8452412f46ca8ff4664d79c65efe78e62cdd6f95a636ca4905b,682.30126953125,401.6403522491455,0,439.6812686920166,0,0,0,0
arxiv,test,155,55,arxiv:test:000055:5573ca76c9a39d22,0,1442.341574,1442.307861328125,1125.701195,316.237002,0.0,0.0,0.0,0.0,172.791166305542,160.34611129760742,0,0,0,0,0,0,0,0,0,0,117.37183952331543,6.172639966011047,34.055744647979736,15.190942168235779,nocache_bf16,large_h6_n10_s100_wikics_arxiv,5573ca76c9a39d2243a723a0470b9124c50151e3afdac246c8bc4118cb4c567b,686.9204711914062,405.77007961273193,0,441.49650287628174,0,0,0,0
arxiv,test,156,56,arxiv:test:000056:25832dcece5fda15,0,1591.455293,1591.4217529296875,1187.299135,403.803708,0.0,0.0,0.0,0.0,194.30774879455566,164.53385734558105,0,0,0,0,0,0,0,0,0,0,136.4941120147705,7.237184047698975,35.02227210998535,15.55418062210083,nocache_bf16,large_h6_n10_s100_wikics_arxiv,25832dcece5fda156833a9731130bc1378deb05b833ca4f63add4d0588527943,726.9882202148438,428.1467533111572,0,463.3753242492676,0,0,0,0
arxiv,test,157,57,arxiv:test:000057:ba9168bd9766cf18,0,1515.005921,1514.97314453125,1149.095552,365.594865,0.0,0.0,0.0,0.0,202.9435520172119,156.22976303100586,0,0,0,0,0,0,0,0,0,0,147.06009674072266,7.838304042816162,32.804351806640625,15.24079942703247,nocache_bf16,large_h6_n10_s100_wikics_arxiv,ba9168bd9766cf185f5b7c22acafe94b3c085f92b8dbf63a30be01ff3a73eadc,690.6686401367188,407.0721597671509,0,439.82624340057373,0,0,0,0
arxiv,test,158,58,arxiv:test:000058:1ea80af47d86c254,0,1521.021445,1520.98828125,1189.973981,330.732682,0.0,0.0,0.0,0.0,189.92550468444824,168.83900833129883,0,0,0,0,0,0,0,0,0,0,130.4045124053955,6.756032109260559,36.306432247161865,16.45852792263031,nocache_bf16,large_h6_n10_s100_wikics_arxiv,1ea80af47d86c254119ad3ea64cba8b50a8d9dae2ce38b3374ff55196f5c820e,727.3024291992188,428.5954542160034,0,467.54598331451416,0,0,0,0
arxiv,test,159,59,arxiv:test:000059:62556ac4244be586,0,1440.650316,1440.6170654296875,1122.721499,317.50331,0.0,0.0,0.0,0.0,196.77007675170898,154.57523345947266,0,0,0,0,0,0,0,0,0,0,140.61548805236816,7.480607867240906,33.03635215759277,15.637628674507141,nocache_bf16,large_h6_n10_s100_wikics_arxiv,62556ac4244be586d32963772324fc204327cb8ecfa51b1ec7f97d707f94987f,672.7836303710938,395.82502460479736,0,431.53383922576904,0,0,0,0
arxiv,test,160,60,arxiv:test:000060:6244d60e2fe63550,0,1506.35289,1506.3194580078125,1176.224579,329.796277,0.0,0.0,0.0,0.0,180.39145469665527,170.0082550048828,0,0,0,0,0,0,0,0,0,0,121.41574287414551,6.165312051773071,36.595808029174805,16.21459174156189,nocache_bf16,large_h6_n10_s100_wikics_arxiv,6244d60e2fe635503dea4f66e19474b85730be0ae3efec13a3c94008a7a9a5f4,726.1533203125,428.1030740737915,0,468.0585012435913,0,0,0,0
arxiv,test,161,61,arxiv:test:000061:99666928c9355e5b,0,1521.267614,1521.2333984375,1154.786319,366.118339,0.0,0.0,0.0,0.0,207.5720977783203,157.0163516998291,0,0,0,0,0,0,0,0,0,0,149.7521572113037,8.093024015426636,33.77846431732178,15.948452234268188,nocache_bf16,large_h6_n10_s100_wikics_arxiv,99666928c9355e5bbdc2ddc86bb4ef67daf764e66cd971c7119a909dc00caec1,690.8204956054688,406.94611167907715,0,440.8907356262207,0,0,0,0
arxiv,test,162,62,arxiv:test:000062:bec78568e4fa8bbf,0,1455.432895,1455.400634765625,1142.4389,312.669025,0.0,0.0,0.0,0.0,170.26572608947754,164.3864974975586,0,0,0,0,0,0,0,0,0,0,114.07222366333008,5.846719980239868,35.173344135284424,15.173438310623169,nocache_bf16,large_h6_n10_s100_wikics_arxiv,bec78568e4fa8bbf65d8ea931527267a40587408a1ef2471059bc80441a46fb4,707.97998046875,417.2564821243286,0,455.10999584198,0,0,0,0
arxiv,test,163,63,arxiv:test:000063:91c5a58cb1375a08,0,1205.482186,1205.4493408203125,885.271522,319.902555,0.0,0.0,0.0,0.0,108.69331169128418,130.2329273223877,0,0,0,0,0,0,0,0,0,0,67.41798400878906,3.4847039580345154,26.86409616470337,10.926527559757233,nocache_bf16,large_h6_n10_s100_wikics_arxiv,91c5a58cb1375a08b22109223c737570a74eacb15fab3b374a5d4a2e94b894d5,563.6203002929688,332.10473442077637,0,361.7484931945801,0,0,0,0
arxiv,test,164,64,arxiv:test:000064:6a12ed40fb7a93c8,0,1351.951054,1351.91796875,1036.849026,314.801518,0.0,0.0,0.0,0.0,153.2178554534912,149.66521453857422,0,0,0,0,0,0,0,0,0,0,103.00700569152832,5.359232068061829,31.23484706878662,13.616770625114441,nocache_bf16,large_h6_n10_s100_wikics_arxiv,6a12ed40fb7a93c83d45ebc818e4bc7a59193f1756e8600f010c6fbcd9d23c04,643.2649536132812,380.5988779067993,0,412.33129024505615,0,0,0,0
arxiv,test,165,65,arxiv:test:000065:b4196de0afae9713,0,1494.808448,1494.774169921875,1176.797969,317.691185,0.0,0.0,0.0,0.0,175.01241493225098,168.98438262939453,0,0,0,0,0,0,0,0,0,0,117.19404602050781,5.996863961219788,36.12854480743408,15.692960143089294,nocache_bf16,large_h6_n10_s100_wikics_arxiv,b4196de0afae9713dd543bbafa99ad966258192a919b347a7175c936626ae78f,727.8339233398438,428.66217613220215,0,468.15612983703613,0,0,0,0
arxiv,test,166,66,arxiv:test:000066:fbb5136596808044,0,1519.455222,1519.4227294921875,1167.054183,352.092722,0.0,0.0,0.0,0.0,190.7975673675537,163.93318367004395,0,0,0,0,0,0,0,0,0,0,132.71007919311523,6.87503981590271,35.27033615112305,15.94211220741272,nocache_bf16,large_h6_n10_s100_wikics_arxiv,fbb5136596808044cc3038d404bc8f6cace03dc80ad31d7bbfe14fd19b261af5,708.3193969726562,417.39487743377686,0,454.85770320892334,0,0,0,0
arxiv,test,167,67,arxiv:test:000067:fa85f05d87405140,0,1483.214337,1483.1822509765625,1082.997129,399.93208,0.0,0.0,0.0,0.0,157.10256004333496,156.20182418823242,0,0,0,0,0,0,0,0,0,0,104.5864315032959,5.50870406627655,32.90108776092529,14.10633671283722,nocache_bf16,large_h6_n10_s100_wikics_arxiv,fa85f05d874051402204cced44808964ffa5e2dde8b50ab94d924b2e039db06a,673.7125854492188,396.71648025512695,0,433.1979293823242,0,0,0,0
arxiv,test,168,68,arxiv:test:000068:9e5b91a78336f4db,0,1517.025901,1516.9927978515625,1153.064213,363.654816,0.0,0.0,0.0,0.0,207.8926658630371,157.3726692199707,0,0,0,0,0,0,0,0,0,0,151.31193733215332,8.015936017036438,32.93792009353638,15.626872420310974,nocache_bf16,large_h6_n10_s100_wikics_arxiv,9e5b91a78336f4dbfdab98acf0c12ea6d117a30f768e9ea9c4c5d64f8dc9a52e,686.4364624023438,404.4190740585327,0,439.39005756378174,0,0,0,0
arxiv,test,169,69,arxiv:test:000069:ab2956d520370850,0,1453.801007,1453.768310546875,1139.74415,313.704178,0.0,0.0,0.0,0.0,206.62307357788086,156.2431983947754,0,0,0,0,0,0,0,0,0,0,146.80793571472168,7.950751900672913,33.6168327331543,18.24755322933197,nocache_bf16,large_h6_n10_s100_wikics_arxiv,ab2956d520370850b66eb3e2df8fc1f55cde72b28131f2e95a0cb892e4b0ce5f,683.3064575195312,401.8257293701172,0,437.72392654418945,0,0,0,0
arxiv,test,170,70,arxiv:test:000070:86376d99f593daf5,0,1486.154937,1486.1224365234375,1172.946946,312.895446,0.0,0.0,0.0,0.0,174.08480072021484,170.42047882080078,0,0,0,0,0,0,0,0,0,0,116.16767883300781,5.992128014564514,36.42940807342529,15.495585799217224,nocache_bf16,large_h6_n10_s100_wikics_arxiv,86376d99f593daf5731e4d75f2360e834000011c568f6ffcf264dc5dfa24e942,730.7384033203125,431.0038423538208,0,470.1550397872925,0,0,0,0
arxiv,test,171,71,arxiv:test:000071:4619e988f89c1108,0,1454.414881,1454.3831787109375,1141.491638,312.604823,0.0,0.0,0.0,0.0,167.8822078704834,165.3059844970703,0,0,0,0,0,0,0,0,0,0,111.31913566589355,5.6965760588645935,35.804768085479736,15.061728060245514,nocache_bf16,large_h6_n10_s100_wikics_arxiv,4619e988f89c11082a6749f1d133a9543c0fa63ffa70cd313c6d239847277f9e,710.895751953125,418.71196937561035,0,457.48976707458496,0,0,0,0
arxiv,test,172,72,arxiv:test:000072:15976e0c60667f00,0,1373.464089,1373.431396484375,1035.935896,337.241519,0.0,0.0,0.0,0.0,139.3768310546875,152.79148864746094,0,0,0,0,0,0,0,0,0,0,88.5283842086792,4.69049596786499,32.761120319366455,13.396830558776855,nocache_bf16,large_h6_n10_s100_wikics_arxiv,15976e0c60667f00f648fc1a1b5f7bcbe7ff7e1b0297989f5c995f57c8fcd243,650.5030517578125,383.31817531585693,0,419.9763650894165,0,0,0,0
arxiv,test,173,73,arxiv:test:000073:d96c675b2f816922,0,1568.200069,1568.167724609375,1202.390608,365.487122,0.0,0.0,0.0,0.0,197.95318412780762,170.53081703186035,0,0,0,0,0,0,0,0,0,0,136.47436904907227,7.176895976066589,37.488224029541016,16.813695073127747,nocache_bf16,large_h6_n10_s100_wikics_arxiv,d96c675b2f816922a4928577f458d48b866de6a89256a73f5aba201e1c5d5b02,736.7672729492188,434.0180149078369,0,473.2800750732422,0,0,0,0
arxiv,test,174,74,arxiv:test:000074:941cb92444178d37,0,1606.798774,1606.764892578125,1206.513467,399.955297,0.0,0.0,0.0,0.0,212.16079711914062,165.88921546936035,0,0,0,0,0,0,0,0,0,0,152.06054306030273,8.006271839141846,35.58671998977661,16.507262229919434,nocache_bf16,large_h6_n10_s100_wikics_arxiv,941cb92444178d37c272bc03c32424d62f16d8449d1ad46409d75c0012f455cc,726.1199340820312,427.4648952484131,0,464.5442543029785,0,0,0,0
arxiv,test,175,75,arxiv:test:000075:518e94c81e42d0b5,0,1376.5442,1376.5120849609375,1027.821083,348.442678,0.0,0.0,0.0,0.0,198.98246574401855,137.63017654418945,0,0,0,0,0,0,0,0,0,0,148.00588989257812,7.742815971374512,28.62825632095337,14.605503559112549,nocache_bf16,large_h6_n10_s100_wikics_arxiv,518e94c81e42d0b5c38489a69ab637ec3981901fe9f213656a1ca00db2bc4d7b,602.2141723632812,354.5531177520752,0,385.2912311553955,0,0,0,0
arxiv,test,176,76,arxiv:test:000076:ba8ee2f748d9be49,0,1466.981618,1466.9483642578125,1154.626437,312.062256,0.0,0.0,0.0,0.0,156.7545280456543,169.766752243042,0,0,0,0,0,0,0,0,0,0,100.19881629943848,5.090144097805023,36.46332836151123,15.002239286899567,nocache_bf16,large_h6_n10_s100_wikics_arxiv,ba8ee2f748d9be49b684c34372c5d886fb7f29cc5399aec1bfab76cf2569f046,728.9898681640625,428.90105724334717,0,469.8555631637573,0,0,0,0
arxiv,test,177,77,arxiv:test:000077:5888a05877d4a3f7,0,1522.921053,1522.888671875,1209.678015,312.954095,0.0,0.0,0.0,0.0,228.21228408813477,165.50278282165527,0,0,0,0,0,0,0,0,0,0,166.9485740661621,8.82092797756195,35.28323221206665,17.159549832344055,nocache_bf16,large_h6_n10_s100_wikics_arxiv,5888a05877d4a3f76e161f41c66e539d2be27f131d7c87050b092a962d7cb5a2,719.0226440429688,422.4690237045288,0,462.0564031600952,0,0,0,0
arxiv,test,178,78,arxiv:test:000078:b2b1e0e3155a95df,0,1397.254296,1397.2205810546875,1082.91938,314.044325,0.0,0.0,0.0,0.0,158.4903678894043,155.76844787597656,0,0,0,0,0,0,0,0,0,0,106.11299324035645,5.5152000188827515,32.85939264297485,14.002781987190247,nocache_bf16,large_h6_n10_s100_wikics_arxiv,b2b1e0e3155a95df55c442974eb53017073aac94ed5a506c708893a966d86979,671.7149047851562,396.23423957824707,0,431.24911308288574,0,0,0,0
arxiv,test,179,79,arxiv:test:000079:f62eab72bfea6732,0,1511.268764,1511.2364501953125,1145.964449,365.027847,0.0,0.0,0.0,0.0,172.60527992248535,164.16307067871094,0,0,0,0,0,0,0,0,0,0,115.40304183959961,5.993791997432709,36.07145547866821,15.13699060678482,nocache_bf16,large_h6_n10_s100_wikics_arxiv,f62eab72bfea67329c216ab01713c94f86fd691ea9ae70a6cd4ff1cc3385cda2,712.9163818359375,420.0087661743164,0,457.07068634033203,0,0,0,0
arxiv,test,180,80,arxiv:test:000080:8e38fa691cd057dc,0,1358.554278,1358.52294921875,1004.12521,354.14661,0.0,0.0,0.0,0.0,144.50793838500977,143.80425643920898,0,0,0,0,0,0,0,0,0,0,96.06783866882324,5.014335989952087,30.440896034240723,12.984867691993713,nocache_bf16,large_h6_n10_s100_wikics_arxiv,8e38fa691cd057dc10c8b3325642224ddd2580eceb05e615ea46257be54d1775,627.8782348632812,371.46588802337646,0,400.21660327911377,0,0,0,0
arxiv,test,181,81,arxiv:test:000081:31480263ed5d277b,0,936.666473,936.6372680664062,572.247866,364.169017,0.0,0.0,0.0,0.0,76.1155195236206,82.44000053405762,0,0,0,0,0,0,0,0,0,0,49.328033447265625,2.507327973842621,16.887712240219116,7.392445862293243,nocache_bf16,large_h6_n10_s100_wikics_arxiv,31480263ed5d277b9c0c192a10844c610e8a6633f8b1f2e4ee208043481d08eb,362.394775390625,211.4558072090149,0,233.37896871566772,0,0,0,0
arxiv,test,182,82,arxiv:test:000082:edacc0da0c3ea4ad,0,1441.028063,1440.9959716796875,1056.96479,383.761142,0.0,0.0,0.0,0.0,146.87615966796875,151.625825881958,0,0,0,0,0,0,0,0,0,0,96.6033296585083,4.981855988502502,31.808192253112793,13.482781767845154,nocache_bf16,large_h6_n10_s100_wikics_arxiv,edacc0da0c3ea4ad508bb888645aaa82d23fb8717b7713cd1de39ab640f4cc81,654.1909790039062,385.33424186706543,0,420.4825630187988,0,0,0,0
arxiv,test,183,83,arxiv:test:000083:d50e616e9faabf8a,0,1652.737395,1652.7047119140625,1247.974249,404.481924,0.0,0.0,0.0,0.0,239.60646438598633,166.7018871307373,0,0,0,0,0,0,0,0,0,0,176.96025276184082,9.305920004844666,36.19065570831299,17.149635910987854,nocache_bf16,large_h6_n10_s100_wikics_arxiv,d50e616e9faabf8ac712e8de6c3ada7613e8a25859e391d8fcd2f964f0c59cc5,741.4306640625,436.47334480285645,0,471.65920639038086,0,0,0,0
arxiv,test,184,84,arxiv:test:000084:8c86ab793e25743d,0,1379.123739,1379.092041015625,899.927773,478.923626,0.0,0.0,0.0,0.0,124.67225646972656,128.87036895751953,0,0,0,0,0,0,0,0,0,0,82.2051191329956,4.24015998840332,26.806111812591553,11.420865535736084,nocache_bf16,large_h6_n10_s100_wikics_arxiv,8c86ab793e25743d842b6bdc3392960b2af7e47e446f6409a597823c3f49e639,562.469970703125,331.25132751464844,0,360.0890121459961,0,0,0,0
arxiv,test,185,85,arxiv:test:000085:c106d133f326eef3,0,1613.069987,1613.0364990234375,1213.633174,399.155648,0.0,0.0,0.0,0.0,208.63676834106445,169.81084632873535,0,0,0,0,0,0,0,0,0,0,147.21462440490723,7.728096127510071,37.10867261886597,16.58537518978119,nocache_bf16,large_h6_n10_s100_wikics_arxiv,c106d133f326eef3498f3c205375a446bc3dd642bd6626451388950ba3cd9152,735.7408447265625,432.8747510910034,0,472.67693996429443,0,0,0,0
arxiv,test,186,86,arxiv:test:000086:612d3da97d54f8b2,0,1598.012192,1597.9791259765625,1197.75585,399.977196,0.0,0.0,0.0,0.0,161.3737907409668,177.31526374816895,0,0,0,0,0,0,0,0,0,0,102.10959911346436,5.20799994468689,38.468703746795654,15.587487936019897,nocache_bf16,large_h6_n10_s100_wikics_arxiv,612d3da97d54f8b287b23fd290dcf87f9d7be573587db540be49c82f96e4c8eb,756.6392822265625,446.7451238632202,0,487.20942211151123,0,0,0,0
arxiv,test,187,87,arxiv:test:000087:e06d132a946fdea4,0,1498.078316,1498.0458984375,1129.321324,368.479189,0.0,0.0,0.0,0.0,186.04294395446777,159.38239860534668,0,0,0,0,0,0,0,0,0,0,129.71408081054688,6.914592027664185,33.982399463653564,15.43187165260315,nocache_bf16,large_h6_n10_s100_wikics_arxiv,e06d132a946fdea44858de413f6040ad2abf998cbd2186dff4f6ea1850545827,685.3896484375,403.4277105331421,0,441.3443365097046,0,0,0,0
arxiv,test,188,88,arxiv:test:000088:80620978f1a2fcd3,0,1257.218749,1257.186767578125,883.816122,373.126357,0.0,0.0,0.0,0.0,131.0276165008545,126.49666976928711,0,0,0,0,0,0,0,0,0,0,88.74131202697754,4.5623679757118225,26.26806402206421,11.455872476100922,nocache_bf16,large_h6_n10_s100_wikics_arxiv,80620978f1a2fcd377f0135cede0a4c45709a1cb2f92f3331e15fdf631e60e18,553.9635620117188,325.39014434814453,0,355.0700874328613,0,0,0,0
arxiv,test,189,89,arxiv:test:000089:620c6b9c227bbbc9,0,1523.499283,1523.466796875,1101.959103,421.193837,0.0,0.0,0.0,0.0,176.50201416015625,156.7870388031006,0,0,0,0,0,0,0,0,0,0,121.76076698303223,6.389663815498352,33.3721604347229,14.979422926902771,nocache_bf16,large_h6_n10_s100_wikics_arxiv,620c6b9c227bbbc93b0a63281e51f96d10b144d7b746119f22d7b07affc0f983,673.8525390625,397.00911808013916,0,433.6304597854614,0,0,0,0
arxiv,test,190,90,arxiv:test:000090:301e4d139270b49f,0,1509.860044,1509.8272705078125,1104.334551,405.21481,0.0,0.0,0.0,0.0,158.77142333984375,157.95651245117188,0,0,0,0,0,0,0,0,0,0,106.00598526000977,5.4807040095329285,32.89228820800781,14.392445862293243,nocache_bf16,large_h6_n10_s100_wikics_arxiv,301e4d139270b49f25e8b93f1ec539cd4c92322b95db3dbdeeaa5e66a291d63b,689.0698852539062,405.3976011276245,0,441.6287965774536,0,0,0,0
arxiv,test,191,91,arxiv:test:000091:beef13982aa0e3bd,0,1522.021362,1521.98828125,1204.007291,317.708002,0.0,0.0,0.0,0.0,207.6038703918457,165.32310676574707,0,0,0,0,0,0,0,0,0,0,148.2331829071045,7.8105281591415405,35.33353614807129,16.22662317752838,nocache_bf16,large_h6_n10_s100_wikics_arxiv,beef13982aa0e3bdafad69c258c808979b98e556b61598a93617959e7b8cc2cb,728.406005859375,428.5032663345337,0,465.2258462905884,0,0,0,0
arxiv,test,192,92,arxiv:test:000092:af69a7134cdf4f39,0,1479.473792,1479.4412841796875,1162.230301,316.958284,0.0,0.0,0.0,0.0,173.9862403869629,170.39276885986328,0,0,0,0,0,0,0,0,0,0,115.3515853881836,6.123327910900116,36.827263832092285,15.684063255786896,nocache_bf16,large_h6_n10_s100_wikics_arxiv,af69a7134cdf4f39cf2fb5797be600ba172efd4232a54e93143f35d90f17d392,727.824951171875,429.58723163604736,0,468.6304883956909,0,0,0,0
arxiv,test,193,93,arxiv:test:000093:e5bbef4be1378794,0,1522.130293,1522.097900390625,1139.739498,382.103693,0.0,0.0,0.0,0.0,173.04380798339844,165.20044898986816,0,0,0,0,0,0,0,0,0,0,115.26400184631348,5.966079950332642,36.38431978225708,15.42940640449524,nocache_bf16,large_h6_n10_s100_wikics_arxiv,e5bbef4be1378794476e97eee1e990485575e915984280bbf2da6d15e681b069,709.4725341796875,418.58931255340576,0,456.0836706161499,0,0,0,0
arxiv,test,194,94,arxiv:test:000094:28e0fcda3c7a47f0,0,1510.661872,1510.6300048828125,1193.987859,316.354243,0.0,0.0,0.0,0.0,208.9292449951172,166.40704154968262,0,0,0,0,0,0,0,0,0,0,149.08534240722656,7.90611207485199,35.44860792160034,16.489182591438293,nocache_bf16,large_h6_n10_s100_wikics_arxiv,28e0fcda3c7a47f0f95a250eaa1ea53a64c6a24f5f03f3b3d824971559d29ff1,728.225341796875,429.15520191192627,0,465.47718143463135,0,0,0,0
arxiv,test,195,95,arxiv:test:000095:2e7f392bc5536560,0,1436.489262,1436.4566650390625,1036.352865,399.851348,0.0,0.0,0.0,0.0,142.81552124023438,151.7747859954834,0,0,0,0,0,0,0,0,0,0,92.94553470611572,4.714432001113892,31.80396842956543,13.351586103439331,nocache_bf16,large_h6_n10_s100_wikics_arxiv,2e7f392bc5536560646ebcd34d6778a2fb62bff21d4c7dc4d8b63c31ad6d73ed,657.971435546875,384.2699222564697,0,425.4762992858887,0,0,0,0
arxiv,test,196,96,arxiv:test:000096:da4c1b2e123e292d,0,1340.05865,1340.027587890625,989.426959,350.369895,0.0,0.0,0.0,0.0,145.15878295898438,143.58927726745605,0,0,0,0,0,0,0,0,0,0,96.87360191345215,4.961279988288879,30.405152797698975,12.918748259544373,nocache_bf16,large_h6_n10_s100_wikics_arxiv,da4c1b2e123e292d3b7e1f44d848e695579c3cd4edc03957cf4b295218cbd6ef,625.052734375,369.68236923217773,0,398.9596424102783,0,0,0,0
arxiv,test,197,97,arxiv:test:000097:6d9c34e632a3e4a9,0,1491.167656,1491.1356201171875,1088.942902,401.94895,0.0,0.0,0.0,0.0,161.95696258544922,158.93452644348145,0,0,0,0,0,0,0,0,0,0,108.35427284240723,5.585312008857727,33.52515125274658,14.492226481437683,nocache_bf16,large_h6_n10_s100_wikics_arxiv,6d9c34e632a3e4a909618086fbed82f3ed5c932eb77aaeb3cd3349db8baaf079,681.5576171875,402.35872077941895,0,438.1334228515625,0,0,0,0
arxiv,test,198,98,arxiv:test:000098:9903545b1d27c917,0,1513.644413,1513.611328125,1148.627328,364.74473,0.0,0.0,0.0,0.0,213.58998489379883,159.68441772460938,0,0,0,0,0,0,0,0,0,0,155.51171112060547,8.086112022399902,33.850783824920654,16.141377925872803,nocache_bf16,large_h6_n10_s100_wikics_arxiv,9903545b1d27c917c404d3ddf3ae459b791626f0599141d08706cf8c132f1fc1,688.7899780273438,405.1663990020752,0,443.30799674987793,0,0,0,0
arxiv,test,199,99,arxiv:test:000099:a363a036dd1c8d42,0,1475.465487,1475.43359375,1070.429312,404.759078,0.0,0.0,0.0,0.0,157.5979518890381,155.4859504699707,0,0,0,0,0,0,0,0,0,0,105.35308837890625,5.498879909515381,32.81158399581909,13.934399604797363,nocache_bf16,large_h6_n10_s100_wikics_arxiv,a363a036dd1c8d420403ea879b46c123da177628f40c118689808017ddce16fc,675.528076171875,397.80748748779297,0,433.20653915405273,0,0,0,0
arxiv,val,0,0,arxiv:val:000000:2ca62d00a890aa84,1,1842.026716,1841.97607421875,1474.646231,366.891443,0.0,0.0,0.0,0.0,195.95059394836426,167.9918727874756,0,0,0,0,0,0,0,0,0,0,131.05078125,6.248319983482361,43.60422420501709,15.047268509864807,nocache_bf16,large_h6_n10_s100_wikics_arxiv,2ca62d00a890aa8464a6da3728825202198bcc513fe666faadd8aa998acdb9f2,895.0601196289062,493.98784255981445,0,569.0641498565674,0,0,0,0
arxiv,val,1,1,arxiv:val:000001:60580fb403549285,1,1481.999793,1481.9693603515625,1175.61973,306.076428,0.0,0.0,0.0,0.0,208.75526428222656,161.05865859985352,0,0,0,0,0,0,0,0,0,0,149.7712631225586,8.099487900733948,34.838783740997314,16.045729517936707,nocache_bf16,large_h6_n10_s100_wikics_arxiv,60580fb403549285c13a71ed0dd66a154ba7ca5299783abae7bc3d0ced297729,703.2073974609375,415.62994956970215,0,448.63610649108887,0,0,0,0
arxiv,val,2,2,arxiv:val:000002:0f56629b76181b48,1,1390.18071,1390.1463623046875,996.740245,393.141959,0.0,0.0,0.0,0.0,134.1912326812744,144.2255344390869,0,0,0,0,0,0,0,0,0,0,87.15584087371826,4.5295040011405945,30.151296138763428,12.35459166765213,nocache_bf16,large_h6_n10_s100_wikics_arxiv,0f56629b76181b48667d9cbcd2345c35f2620d7bfa2297baabc2f253e5b2d1f9,623.0390014648438,369.3691511154175,0,397.8953847885132,0,0,0,0
arxiv,val,3,3,arxiv:val:000003:f8a271ff72baf265,1,1445.691518,1445.6612548828125,1087.770473,357.649436,0.0,0.0,0.0,0.0,161.87004852294922,155.48134231567383,0,0,0,0,0,0,0,0,0,0,109.5794563293457,5.702880024909973,32.481855392456055,14.105856776237488,nocache_bf16,large_h6_n10_s100_wikics_arxiv,f8a271ff72baf265126e8db430172f5bed9c9bc1236ed2c483b676d3b3da5b06,670.26708984375,395.2639694213867,0,430.4844627380371,0,0,0,0
arxiv,val,4,4,arxiv:val:000004:90c6fb7029699303,1,1328.106009,1328.0767822265625,915.535269,412.309378,0.0,0.0,0.0,0.0,112.99743843078613,134.36854553222656,0,0,0,0,0,0,0,0,0,0,70.4612169265747,3.5173120498657227,27.713343620300293,11.30556583404541,nocache_bf16,large_h6_n10_s100_wikics_arxiv,90c6fb7029699303f3be39cfbbdd83064a30479ef55c381b7707847af46961e2,583.0078735351562,342.82816219329834,0,374.5482568740845,0,0,0,0
arxiv,val,5,5,arxiv:val:000005:b1fb0d955f08ebcc,1,1462.588953,1462.55908203125,1064.459481,397.854987,0.0,0.0,0.0,0.0,144.64422607421875,154.44476509094238,0,0,0,0,0,0,0,0,0,0,94.29065418243408,4.794687986373901,32.132864475250244,13.426019430160522,nocache_bf16,large_h6_n10_s100_wikics_arxiv,b1fb0d955f08ebcc1854a82d690b457a8b352e7b76fe61f26baecc15aca241c2,669.6116333007812,394.99142265319824,0,429.0649757385254,0,0,0,0
arxiv,val,6,6,arxiv:val:000006:df18bd588fa33fe2,1,1453.207823,1453.1776123046875,1142.690411,310.1997,0.0,0.0,0.0,0.0,167.9365119934082,164.30377769470215,0,0,0,0,0,0,0,0,0,0,112.20086479187012,5.842271983623505,34.96844720840454,14.92492800951004,nocache_bf16,large_h6_n10_s100_wikics_arxiv,df18bd588fa33fe2de8fe20a19987197c455f73623e4b9fecb2e949daa89b43c,705.6024780273438,415.84166431427,0,454.0645914077759,0,0,0,0
arxiv,val,7,7,arxiv:val:000007:5d8bef236ece6d70,1,1364.117348,1364.0853271484375,1019.725553,343.933017,0.0,0.0,0.0,0.0,161.8580493927002,140.50665664672852,0,0,0,0,0,0,0,0,0,0,113.55110359191895,5.9600958824157715,29.118272304534912,13.228577613830566,nocache_bf16,large_h6_n10_s100_wikics_arxiv,5d8bef236ece6d70ca2faa9c61718eeb618fd2f06ab8ea1c9a211c1ffba39d87,619.8345947265625,363.26918506622314,0,397.07206630706787,0,0,0,0
arxiv,val,8,8,arxiv:val:000008:50c056e8e13586b5,1,1325.364112,1325.333984375,1018.685116,306.36605,0.0,0.0,0.0,0.0,162.58284759521484,145.2713279724121,0,0,0,0,0,0,0,0,0,0,112.67024230957031,5.97599995136261,30.449663639068604,13.486941695213318,nocache_bf16,large_h6_n10_s100_wikics_arxiv,50c056e8e13586b5abb1d2ff6e8a110fa32a37fc5f195ac87dde107ad2b022c3,622.227294921875,368.5899534225464,0,398.9086694717407,0,0,0,0
arxiv,val,9,9,arxiv:val:000009:18155f7c05fbf94e,1,1532.842434,1532.81103515625,1191.677711,340.835177,0.0,0.0,0.0,0.0,182.70125007629395,170.41168022155762,0,0,0,0,0,0,0,0,0,0,124.91846466064453,6.332831859588623,35.83791971206665,15.61203384399414,nocache_bf16,large_h6_n10_s100_wikics_arxiv,18155f7c05fbf94e33b3f603b69cecfa80e7cedb50fe2baa74f0d28baa4b0f2b,732.9818725585938,432.8746566772461,0,470.5188961029053,0,0,0,0
arxiv,val,10,10,arxiv:val:000010:734b087b8f518269,1,1329.853583,1329.8233642578125,912.281095,417.314329,0.0,0.0,0.0,0.0,111.15382385253906,132.8235206604004,0,0,0,0,0,0,0,0,0,0,69.42620849609375,3.4280959963798523,27.206687927246094,11.092831432819366,nocache_bf16,large_h6_n10_s100_wikics_arxiv,734b087b8f5182690f6917df19e1b75fcc1ab683af3f29e5ab7c61b67b706a93,583.669921875,343.321249961853,0,373.17219257354736,0,0,0,0
arxiv,val,11,11,arxiv:val:000011:218fb05804b34902,1,1328.049696,1328.01904296875,1019.986907,307.765225,0.0,0.0,0.0,0.0,147.51510620117188,145.1697597503662,0,0,0,0,0,0,0,0,0,0,98.54297637939453,5.167711973190308,30.758368015289307,13.04604983329773,nocache_bf16,large_h6_n10_s100_wikics_arxiv,218fb05804b34902580b9c384ae4f6815b6ac7a814598f271d8ec7c8cc9d1e97,627.6542358398438,369.8451862335205,0,402.97880935668945,0,0,0,0
arxiv,val,12,12,arxiv:val:000012:d60fe2ae03f6eac8,1,1259.838319,1259.8065185546875,862.326613,397.224723,0.0,0.0,0.0,0.0,119.32486343383789,123.97526359558105,0,0,0,0,0,0,0,0,0,0,78.36774349212646,4.02022397518158,25.97340726852417,10.963488698005676,nocache_bf16,large_h6_n10_s100_wikics_arxiv,d60fe2ae03f6eac84a1f19401647d5cb09163cbf2fc00ebcf0082f9223ce47bb,535.8922119140625,315.7769250869751,0,344.09055042266846,0,0,0,0
arxiv,val,13,13,arxiv:val:000013:268cba3e8bea6bbc,1,1501.062659,1501.0303955078125,1189.802263,310.965769,0.0,0.0,0.0,0.0,177.46409606933594,170.68668746948242,0,0,0,0,0,0,0,0,0,0,119.2138900756836,6.180831968784332,36.42102384567261,15.648350179195404,nocache_bf16,large_h6_n10_s100_wikics_arxiv,268cba3e8bea6bbc958504f9100b127a0e6c38ffb04407559a4f1b8afca109db,736.4415893554688,434.80252742767334,0,472.32574939727783,0,0,0,0
arxiv,val,14,14,arxiv:val:000014:27e07c074f120390,1,811.504297,811.4755249023438,483.360978,327.874419,0.0,0.0,0.0,0.0,54.90649604797363,70.86009502410889,0,0,0,0,0,0,0,0,0,0,32.84502458572388,1.6001599729061127,14.380800008773804,6.0805114805698395,nocache_bf16,large_h6_n10_s100_wikics_arxiv,27e07c074f120390a136a24ac21a396b7ae25d63ea5fab508a8ee0aa47af7f4e,305.757080078125,180.8671360015869,0,195.75003910064697,0,0,0,0
arxiv,val,15,15,arxiv:val:000015:9024ef9ec454b547,1,1448.347085,1448.315673828125,1136.921601,311.095872,0.0,0.0,0.0,0.0,159.52460861206055,164.6515827178955,0,0,0,0,0,0,0,0,0,0,104.40355110168457,5.351744055747986,35.068575859069824,14.700737595558167,nocache_bf16,large_h6_n10_s100_wikics_arxiv,9024ef9ec454b5478893dc819578d8713e5a8398e93d9359ead4ec0b7f1c7d4e,707.9395141601562,418.22473430633545,0,454.3663625717163,0,0,0,0
arxiv,val,16,16,arxiv:val:000016:7e1664ccf8593701,1,1016.844311,1016.81298828125,658.394904,358.180298,0.0,0.0,0.0,0.0,78.26387023925781,96.36227226257324,0,0,0,0,0,0,0,0,0,0,47.76614427566528,2.328896015882492,20.08463978767395,8.084190160036087,nocache_bf16,large_h6_n10_s100_wikics_arxiv,7e1664ccf8593701c6c8c2050a1018d04804245f371bd4eff878cb6153c7af9a,419.9504699707031,246.0966386795044,0,270.216103553772,0,0,0,0
arxiv,val,17,17,arxiv:val:000017:7ad1ef9d9566a25d,1,1596.507999,1596.4747314453125,1199.916706,396.292595,0.0,0.0,0.0,0.0,188.59513473510742,170.70659255981445,0,0,0,0,0,0,0,0,0,0,130.0620460510254,6.606207966804504,36.19542360305786,15.731457114219666,nocache_bf16,large_h6_n10_s100_wikics_arxiv,7ad1ef9d9566a25d388509e1100cc3c7f10c255cea9ac15eba4fcc516975eab1,734.4453735351562,435.16108989715576,0,469.99087619781494,0,0,0,0
arxiv,val,18,18,arxiv:val:000018:98b4c6d0d8b5843b,1,1521.581805,1521.5494384765625,1181.128653,340.1256,0.0,0.0,0.0,0.0,198.13987350463867,166.69856071472168,0,0,0,0,0,0,0,0,0,0,139.38153457641602,7.143007874488831,35.756224155426025,15.8591068983078,nocache_bf16,large_h6_n10_s100_wikics_arxiv,98b4c6d0d8b5843b73ad7e8e529a19b402ae2295c0781a0c0395f6b729379c34,718.6530151367188,423.9025936126709,0,461.44898223876953,0,0,0,0
arxiv,val,19,19,arxiv:val:000019:afbf83efcf3da599,1,1345.884173,1345.851806640625,1033.544332,312.036151,0.0,0.0,0.0,0.0,128.72387313842773,151.30809783935547,0,0,0,0,0,0,0,0,0,0,80.18179225921631,4.080095946788788,31.715200424194336,12.746784508228302,nocache_bf16,large_h6_n10_s100_wikics_arxiv,afbf83efcf3da5999478e2f7e58fcecc35400cb3c4401303e814154a42eaf103,655.4693603515625,386.1224031448364,0,420.65505504608154,0,0,0,0
arxiv,val,20,20,arxiv:val:000020:dbd405fe94a09147,1,1564.519343,1564.485595703125,1171.520417,392.651277,0.0,0.0,0.0,0.0,186.8701400756836,167.14172554016113,0,0,0,0,0,0,0,0,0,0,127.44399833679199,6.9536319971084595,36.6244478225708,15.848061919212341,nocache_bf16,large_h6_n10_s100_wikics_arxiv,dbd405fe94a0914761f2690e252ab5f02774d2c32288555d28b65fa98b2eb936,721.1218872070312,425.3717737197876,0,462.8918390274048,0,0,0,0
arxiv,val,21,21,arxiv:val:000021:d051e1dec2fdf8ab,1,1448.545249,1448.51123046875,1141.468208,306.73677,0.0,0.0,0.0,0.0,166.6689910888672,165.64934158325195,0,0,0,0,0,0,0,0,0,0,110.44585609436035,5.949472010135651,35.44063949584961,14.833023488521576,nocache_bf16,large_h6_n10_s100_wikics_arxiv,d051e1dec2fdf8ab788897adb9e17b8f3543bc60cfef74e047813b2fc343b801,710.63818359375,419.79360008239746,0,456.4939250946045,0,0,0,0
arxiv,val,22,22,arxiv:val:000022:8f46ddff5f16826d,1,1166.997482,1166.965087890625,854.343223,312.347859,0.0,0.0,0.0,0.0,101.5911693572998,125.63302421569824,0,0,0,0,0,0,0,0,0,0,62.26175880432129,3.0743360817432404,25.91475248336792,10.340321987867355,nocache_bf16,large_h6_n10_s100_wikics_arxiv,8f46ddff5f16826d7791db79b925bf61248b84cafbcd6caeb7ce88994412dfad,546.9688720703125,322.57689666748047,0,350.0249996185303,0,0,0,0
arxiv,val,23,23,arxiv:val:000023:a33ac7ffe04c9ef6,1,1210.943771,1210.90771484375,865.536379,345.108745,0.0,0.0,0.0,0.0,118.59737586975098,124.70076751708984,0,0,0,0,0,0,0,0,0,0,77.95788764953613,3.9549440145492554,25.808255672454834,10.876288533210754,nocache_bf16,large_h6_n10_s100_wikics_arxiv,a33ac7ffe04c9ef66300780848af6861185cc9b4b5f9a3975b2bc955cba877f7,540.2235107421875,318.0739555358887,0,346.8503227233887,0,0,0,0
arxiv,val,24,24,arxiv:val:000024:da1c8050639cf918,1,1402.038434,1402.003662109375,1020.41813,381.320795,0.0,0.0,0.0,0.0,146.33302307128906,146.69987297058105,0,0,0,0,0,0,0,0,0,0,97.95193481445312,5.057728052139282,30.29209613800049,13.031264066696167,nocache_bf16,large_h6_n10_s100_wikics_arxiv,da1c8050639cf9185a33e7c695e416d7f01209d4bebcd08bd37949a743344866,629.2266845703125,372.38940620422363,0,403.5371513366699,0,0,0,0
arxiv,val,25,25,arxiv:val:000025:37a8f21d03520a0e,1,1360.985841,1360.9522705078125,983.97055,376.723783,0.0,0.0,0.0,0.0,137.99500846862793,141.02220916748047,0,0,0,0,0,0,0,0,0,0,91.17932796478271,4.723423957824707,29.6943359375,12.397920608520508,nocache_bf16,large_h6_n10_s100_wikics_arxiv,37a8f21d03520a0efc07d08cfa1d101490e54a7a2645f3dfadafc92245aa296d,615.436767578125,363.4825277328491,0,392.97644901275635,0,0,0,0
arxiv,val,26,26,arxiv:val:000026:00f02c2c514ec60b,1,1261.582323,1261.550537109375,927.493653,333.788076,0.0,0.0,0.0,0.0,112.13744163513184,135.2142105102539,0,0,0,0,0,0,0,0,0,0,69.834303855896,3.518463909626007,27.596864223480225,11.187809646129608,nocache_bf16,large_h6_n10_s100_wikics_arxiv,00f02c2c514ec60b5f5723f950fa17e2a742ca96af7fd9770b341d11040c92ef,589.2490844726562,346.70019245147705,0,377.7631025314331,0,0,0,0
arxiv,val,27,27,arxiv:val:000027:8cd62bf318a20ced,1,1363.134821,1363.1009521484375,979.480001,383.346919,0.0,0.0,0.0,0.0,136.28828811645508,140.22838401794434,0,0,0,0,0,0,0,0,0,0,89.68700790405273,4.6712639927864075,29.51526403427124,12.414752185344696,nocache_bf16,large_h6_n10_s100_wikics_arxiv,8cd62bf318a20ced512be52c3710c221ea086084ec460c0f7c22c64bd8d66dec,612.9539184570312,362.91136169433594,0,390.27094078063965,0,0,0,0
arxiv,val,28,28,arxiv:val:000028:33517413de1e4a97,1,1262.839187,1262.8060302734375,932.44023,330.100816,0.0,0.0,0.0,0.0,113.1690559387207,136.0156478881836,0,0,0,0,0,0,0,0,0,0,69.92755222320557,3.485599994659424,28.444992065429688,11.310911655426025,nocache_bf16,large_h6_n10_s100_wikics_arxiv,33517413de1e4a9700f5457f04f622ed1542c195cb82455a0fac9ceacb1713a0,595.2429809570312,351.41628646850586,0,379.842342376709,0,0,0,0
arxiv,val,29,29,arxiv:val:000029:46e60dd09f5fbfe9,1,1301.036561,1301.0029296875,934.781828,365.953996,0.0,0.0,0.0,0.0,111.5782699584961,137.78671836853027,0,0,0,0,0,0,0,0,0,0,68.1367359161377,3.414944052696228,28.738880157470703,11.287709832191467,nocache_bf16,large_h6_n10_s100_wikics_arxiv,46e60dd09f5fbfe93e7fb91664a431efd615337292ea6cb1d8678ca53464fa5f,594.9639282226562,351.1352348327637,0,381.61541175842285,0,0,0,0
arxiv,val,30,30,arxiv:val:000030:dfd3d74dd7468378,1,1339.414745,1339.3807373046875,1029.98249,309.026332,0.0,0.0,0.0,0.0,165.49715042114258,146.7139186859131,0,0,0,0,0,0,0,0,0,0,114.7208023071289,6.071488082408905,30.891679763793945,13.813180267810822,nocache_bf16,large_h6_n10_s100_wikics_arxiv,dfd3d74dd7468378b9fe089cfadfa491a6c109bec1089a56d7c8f936713d3b00,628.3547973632812,372.4130563735962,0,402.65565967559814,0,0,0,0
arxiv,val,31,31,arxiv:val:000031:2a6403817126e571,1,1531.048681,1531.0118408203125,1137.148882,393.586039,0.0,0.0,0.0,0.0,170.9292163848877,162.3224983215332,0,0,0,0,0,0,0,0,0,0,115.49471855163574,5.957215964794159,34.827871799468994,14.6494100689888,nocache_bf16,large_h6_n10_s100_wikics_arxiv,2a6403817126e571a35eb47f07b5f765d0f726f05ee913b223d9d38b59039542,705.384765625,415.20825576782227,0,452.49900817871094,0,0,0,0
arxiv,val,32,32,arxiv:val:000032:2474123e47f8abf2,1,1464.1633,1464.1290283203125,1138.153396,325.696418,0.0,0.0,0.0,0.0,171.27872276306152,163.66867065429688,0,0,0,0,0,0,0,0,0,0,115.35907173156738,5.957632005214691,34.809664249420166,15.152354776859283,nocache_bf16,large_h6_n10_s100_wikics_arxiv,2474123e47f8abf2ca6215adf1cf4e43394b78b20d8e53c3d9b5d131e3a2d17b,707.0990600585938,416.75328063964844,0,454.0144500732422,0,0,0,0
arxiv,val,33,33,arxiv:val:000033:d0850dde7b86cfe1,1,753.336079,753.3056030273438,407.769699,345.331141,0.0,0.0,0.0,0.0,49.030208110809326,59.05299186706543,0,0,0,0,0,0,0,0,0,0,31.040735721588135,1.5195199996232986,11.40169608592987,5.068256303668022,nocache_bf16,large_h6_n10_s100_wikics_arxiv,d0850dde7b86cfe159626acbef6f22b442fc7f70a4212000a334b9de68dcb245,265.61004638671875,151.7825608253479,0,172.88047742843628,0,0,0,0
arxiv,val,34,34,arxiv:val:000034:4eaa40c7c921d8f4,1,1263.815645,1263.782958984375,933.913037,329.628126,0.0,0.0,0.0,0.0,116.11728096008301,137.81039810180664,0,0,0,0,0,0,0,0,0,0,71.89859199523926,3.6297600269317627,29.062686920166016,11.526242017745972,nocache_bf16,large_h6_n10_s100_wikics_arxiv,4eaa40c7c921d8f493a070722e1afd120044800ebc12cc5d04fef0e8a727b48a,596.0328369140625,351.15196800231934,0,382.6912670135498,0,0,0,0
arxiv,val,35,35,arxiv:val:000035:4456808cd3029e36,1,1478.2363,1478.199462890625,1135.366956,342.558108,0.0,0.0,0.0,0.0,155.0409278869629,167.0371208190918,0,0,0,0,0,0,0,0,0,0,99.6431999206543,5.087039947509766,35.73244762420654,14.578240394592285,nocache_bf16,large_h6_n10_s100_wikics_arxiv,4456808cd3029e36c6cd674805dfba1b0df5470dc0b6229da27fb0db573093a9,714.0349731445312,421.50566387176514,0,459.5664300918579,0,0,0,0
arxiv,val,36,36,arxiv:val:000036:2b915ea34f5ecb41,1,1507.930611,1507.89501953125,1194.741402,312.872337,0.0,0.0,0.0,0.0,177.89801788330078,173.6546230316162,0,0,0,0,0,0,0,0,0,0,117.7560977935791,6.334111869335175,37.86272048950195,15.945087730884552,nocache_bf16,large_h6_n10_s100_wikics_arxiv,2b915ea34f5ecb4195b7e648f39cc228565d57fb08ef7d137fd23d150f968b8c,740.626708984375,437.36822414398193,0,476.9131078720093,0,0,0,0
arxiv,val,37,37,arxiv:val:000037:614f76a891d0d5a3,1,1429.16263,1429.12744140625,1116.105204,312.792336,0.0,0.0,0.0,0.0,161.5807991027832,160.8779525756836,0,0,0,0,0,0,0,0,0,0,106.90191841125488,5.582848012447357,34.690239906311035,14.405792772769928,nocache_bf16,large_h6_n10_s100_wikics_arxiv,614f76a891d0d5a3b29923cdfe9627edcfe1f02f6c18878cfe56320dda43f363,694.5763549804688,409.7598419189453,0,445.69446563720703,0,0,0,0
arxiv,val,38,38,arxiv:val:000038:1086cabadfb2c00e,1,1460.089579,1460.0546875,1150.757406,309.03041,0.0,0.0,0.0,0.0,172.7989101409912,165.59369659423828,0,0,0,0,0,0,0,0,0,0,116.23168182373047,6.142111957073212,35.38006401062012,15.045052349567413,nocache_bf16,large_h6_n10_s100_wikics_arxiv,1086cabadfb2c00efbeaa45c5b1b33cf288b259cb923f3c9f7d866c8204d9074,714.8916625976562,421.24688148498535,0,459.2384777069092,0,0,0,0
arxiv,val,39,39,arxiv:val:000039:863cfc33eb9bc5c9,1,1347.007712,1346.97265625,1037.413174,309.301197,0.0,0.0,0.0,0.0,165.2354564666748,146.51462173461914,0,0,0,0,0,0,0,0,0,0,114.76633644104004,6.0498878955841064,30.69004774093628,13.72918438911438,nocache_bf16,large_h6_n10_s100_wikics_arxiv,863cfc33eb9bc5c943412c751858c2a4b19fae1e9600f8c00a7815f722d7057d,633.75634765625,373.0376024246216,0,407.23336696624756,0,0,0,0
arxiv,val,40,40,arxiv:val:000040:138d2ea2dc1f5267,1,1562.544615,1562.5069580078125,1162.477643,399.756719,0.0,0.0,0.0,0.0,178.39878463745117,165.10451126098633,0,0,0,0,0,0,0,0,0,0,121.30387306213379,6.306368052959442,35.572959423065186,15.215584099292755,nocache_bf16,large_h6_n10_s100_wikics_arxiv,138d2ea2dc1f526777d488af538e88cb175b76d812df4fc0848d5ab0513b61f3,717.1605224609375,421.5399360656738,0,460.72509765625,0,0,0,0
arxiv,val,41,41,arxiv:val:000041:d9a4a65cfd514f1c,1,1344.964012,1344.92919921875,1033.908129,310.758314,0.0,0.0,0.0,0.0,164.72883224487305,145.46671867370605,0,0,0,0,0,0,0,0,0,0,114.67299270629883,5.931455969810486,30.42633581161499,13.698047757148743,nocache_bf16,large_h6_n10_s100_wikics_arxiv,d9a4a65cfd514f1cd028b6059ba71acd1c529452ede8859ce3fe42269be5e68c,636.5978393554688,374.92796993255615,0,407.13658809661865,0,0,0,0
arxiv,val,42,42,arxiv:val:000042:ff0500b9a531de21,1,1408.066313,1408.0299072265625,1097.720674,309.970796,0.0,0.0,0.0,0.0,175.548734664917,154.59357070922852,0,0,0,0,0,0,0,0,0,0,121.94332885742188,6.45036780834198,32.52736043930054,14.6276775598526,nocache_bf16,large_h6_n10_s100_wikics_arxiv,ff0500b9a531de21a3663ef84355fbe474988341d4bf06609c0f4f40872603e9,675.6488647460938,397.13606357574463,0,433.10637187957764,0,0,0,0
arxiv,val,43,43,arxiv:val:000043:ddd3b371329106e9,1,1557.40041,1557.363037109375,1160.558853,396.509916,0.0,0.0,0.0,0.0,176.35426902770996,165.3508815765381,0,0,0,0,0,0,0,0,0,0,119.91417503356934,6.244415879249573,35.073472023010254,15.122206091880798,nocache_bf16,large_h6_n10_s100_wikics_arxiv,ddd3b371329106e9b3c0c5dff47a69baa52805ccf0e8705a520aa1b2b57a9b05,715.7235107421875,422.68460845947266,0,458.38978385925293,0,0,0,0
arxiv,val,44,44,arxiv:val:000044:cf5d3d5d9903a199,1,1457.249616,1457.2130126953125,1148.462431,308.507181,0.0,0.0,0.0,0.0,162.34406280517578,166.4517116546631,0,0,0,0,0,0,0,0,0,0,105.18697738647461,5.475552022457123,35.435264110565186,16.246269285678864,nocache_bf16,large_h6_n10_s100_wikics_arxiv,cf5d3d5d9903a19940960e7d115d98e85bc20ff08ce0d304a458cf596df6ec1b,717.2556762695312,423.4563865661621,0,460.2510013580322,0,0,0,0
arxiv,val,45,45,arxiv:val:000045:e1ef52cc72e53091,1,1300.218485,1300.1842041015625,986.282043,313.649184,0.0,0.0,0.0,0.0,136.22067070007324,142.47974395751953,0,0,0,0,0,0,0,0,0,0,89.13923263549805,4.590368032455444,29.89759922027588,12.593470811843872,nocache_bf16,large_h6_n10_s100_wikics_arxiv,e1ef52cc72e53091c7800d41742de82340ef8f9ca0ca1a0e3701bf3b37d73687,616.9845581054688,365.34796714782715,0,394.11633491516113,0,0,0,0
arxiv,val,46,46,arxiv:val:000046:ada3ab8e88f5559f,1,1312.281171,1312.2451171875,981.590782,330.409161,0.0,0.0,0.0,0.0,135.59833526611328,140.29718208312988,0,0,0,0,0,0,0,0,0,0,89.45673561096191,4.631775975227356,29.22499179840088,12.284831881523132,nocache_bf16,large_h6_n10_s100_wikics_arxiv,ada3ab8e88f5559fcccdcc6f953c2dd6aa4326a121c0a4aaf08dacb1b8284a90,614.6511840820312,363.41417598724365,0,391.5341901779175,0,0,0,0
arxiv,val,47,47,arxiv:val:000047:d407276f731aeb82,1,1380.068704,1380.0330810546875,1071.728472,308.022747,0.0,0.0,0.0,0.0,139.51443099975586,158.4274559020996,0,0,0,0,0,0,0,0,0,0,88.41404724121094,4.52262407541275,33.06614351272583,13.511616170406342,nocache_bf16,large_h6_n10_s100_wikics_arxiv,d407276f731aeb826a2465293d82e27bd3bfeb5cc7bff84a8a4469484aab6322,677.501708984375,399.7329273223877,0,436.1962375640869,0,0,0,0
arxiv,val,48,48,arxiv:val:000048:dd42eff70fde6dc5,1,1612.098761,1612.059814453125,1213.492209,398.302198,0.0,0.0,0.0,0.0,201.16121673583984,170.43020820617676,0,0,0,0,0,0,0,0,0,0,140.42038345336914,7.3242878913879395,36.80614423751831,16.610401153564453,nocache_bf16,large_h6_n10_s100_wikics_arxiv,dd42eff70fde6dc5e47ff1df4ed4ee531b28791339a8573d15beb8be20bca69a,739.5591430664062,436.1864948272705,0,473.8028564453125,0,0,0,0
arxiv,val,49,49,arxiv:val:000049:a2b8aa86fe2b3b80,1,1460.514152,1460.47705078125,1148.394778,311.822392,0.0,0.0,0.0,0.0,169.51312255859375,165.469087600708,0,0,0,0,0,0,0,0,0,0,113.50236701965332,5.86710399389267,35.121407985687256,15.022243559360504,nocache_bf16,large_h6_n10_s100_wikics_arxiv,a2b8aa86fe2b3b809d0aacfbc7c40ec2063058ada285d832b83a88d0103ba626,711.949951171875,419.8908157348633,0,457.5282230377197,0,0,0,0
arxiv,val,50,50,arxiv:val:000050:2a47659d2f813532,1,1477.614864,1477.5775146484375,1133.370696,343.929835,0.0,0.0,0.0,0.0,153.2409610748291,165.38454246520996,0,0,0,0,0,0,0,0,0,0,98.38198566436768,5.055711984634399,35.34511995315552,14.458143472671509,nocache_bf16,large_h6_n10_s100_wikics_arxiv,2a47659d2f813532ed4dc6a42a9d4cf68dc3143b0c35fc5da3cc25947ca3b91d,714.924560546875,421.2831029891968,0,459.0260000228882,0,0,0,0
arxiv,val,51,51,arxiv:val:000051:25fed5df9f2e16af,1,1608.073802,1608.036376953125,1214.227846,393.505342,0.0,0.0,0.0,0.0,201.54812812805176,170.41200065612793,0,0,0,0,0,0,0,0,0,0,141.47603034973145,7.33676815032959,36.36777591705322,16.3675537109375,nocache_bf16,large_h6_n10_s100_wikics_arxiv,25fed5df9f2e16af5276f39be3ac9b4fbbf21cb37f57fd15fbb3eb0033ad4253,742.3056640625,437.58633613586426,0,475.1313285827637,0,0,0,0
arxiv,val,52,52,arxiv:val:000052:03bd7d4b35d5ec75,1,1264.432298,1264.397705078125,935.906078,328.230578,0.0,0.0,0.0,0.0,115.6391658782959,136.68880081176758,0,0,0,0,0,0,0,0,0,0,71.7895679473877,3.6144319772720337,28.773792266845703,11.461373686790466,nocache_bf16,large_h6_n10_s100_wikics_arxiv,03bd7d4b35d5ec754ccede1f77f03d4c83f1bce222870c0d7931411a50a1a0ae,596.0361938476562,351.16736125946045,0,381.5576333999634,0,0,0,0
arxiv,val,53,53,arxiv:val:000053:859d651c5c113b2b,1,1531.263006,1531.224365234375,1136.516764,394.465275,0.0,0.0,0.0,0.0,171.04070281982422,162.50412559509277,0,0,0,0,0,0,0,0,0,0,115.59628677368164,5.957472026348114,34.747007846832275,14.739936172962189,nocache_bf16,large_h6_n10_s100_wikics_arxiv,859d651c5c113b2b710e3dd92e0b453173673741fd2acce2fade900d8aeca11e,705.1170654296875,415.4040985107422,0,452.2170925140381,0,0,0,0
arxiv,val,54,54,arxiv:val:000054:300231fc70309c0c,1,1575.265316,1575.2275390625,1181.20644,393.738829,0.0,0.0,0.0,0.0,195.1281280517578,167.29023933410645,0,0,0,0,0,0,0,0,0,0,134.93350410461426,7.143231987953186,36.70179224014282,16.349599719047546,nocache_bf16,large_h6_n10_s100_wikics_arxiv,300231fc70309c0cfd22317394782a0a007fef674b24b0ff0106b29c1afc2b36,722.4053344726562,426.0920000076294,0,463.6035737991333,0,0,0,0
arxiv,val,55,55,arxiv:val:000055:a212b20457638022,1,1480.56996,1480.533935546875,1154.137063,326.155351,0.0,0.0,0.0,0.0,176.98163414001465,165.11027145385742,0,0,0,0,0,0,0,0,0,0,120.59424018859863,6.238528072834015,35.18512010574341,14.963745772838593,nocache_bf16,large_h6_n10_s100_wikics_arxiv,a212b20457638022238ddab4fbf222c37df631dd211fdab1c40ca8cbfaae7cf5,712.057861328125,420.88428592681885,0,456.2838468551636,0,0,0,0
arxiv,val,56,56,arxiv:val:000056:215743a6c95a4322,1,1587.173983,1587.13623046875,1188.246277,398.607608,0.0,0.0,0.0,0.0,200.48617553710938,163.99571228027344,0,0,0,0,0,0,0,0,0,0,142.84649658203125,7.553279995918274,34.78111982345581,15.30527913570404,nocache_bf16,large_h6_n10_s100_wikics_arxiv,215743a6c95a4322fe408a6ba7a4a9370a75f4cc4532aaca99dde5ef8f023db6,724.5234985351562,427.47043323516846,0,461.04877758026123,0,0,0,0
arxiv,val,57,57,arxiv:val:000057:93b7a7f59cc74a9e,1,1555.728604,1555.6903076171875,1161.605527,393.817469,0.0,0.0,0.0,0.0,177.68054580688477,166.32729530334473,0,0,0,0,0,0,0,0,0,0,121.0747184753418,6.199359953403473,35.09228801727295,15.314179360866547,nocache_bf16,large_h6_n10_s100_wikics_arxiv,93b7a7f59cc74a9ee193ce677f5005da0c006b92d97b540966bd127e7f276715,715.6703491210938,422.5886068344116,0,459.40903759002686,0,0,0,0
arxiv,val,58,58,arxiv:val:000058:baff727dd79bfef8,1,1359.535115,1359.499267578125,1045.501413,313.74632,0.0,0.0,0.0,0.0,132.49718284606934,155.42902183532715,0,0,0,0,0,0,0,0,0,0,82.23231887817383,4.254112064838409,32.87875175476074,13.132000148296356,nocache_bf16,large_h6_n10_s100_wikics_arxiv,baff727dd79bfef81394c2cc7d0db687035b7850b8cd72fd35533259dcbc5e44,660.42333984375,390.0463047027588,0,425.80605697631836,0,0,0,0
arxiv,val,59,59,arxiv:val:000059:283bfc5fbdab96be,1,1464.814139,1464.775634765625,1156.113955,308.410904,0.0,0.0,0.0,0.0,177.3089942932129,166.00649452209473,0,0,0,0,0,0,0,0,0,0,120.42425918579102,6.217280030250549,35.57632064819336,15.091134428977966,nocache_bf16,large_h6_n10_s100_wikics_arxiv,283bfc5fbdab96be178e1ef02673805c313e85a7db94d22467b6608e90253fa3,714.71484375,422.2669734954834,0,458.4543647766113,0,0,0,0
arxiv,val,60,60,arxiv:val:000060:223fff55dd3aa076,1,1250.080662,1250.0455322265625,937.728582,312.056234,0.0,0.0,0.0,0.0,115.52460670471191,136.1544952392578,0,0,0,0,0,0,0,0,0,0,72.0005750656128,3.56825590133667,28.48259210586548,11.473183631896973,nocache_bf16,large_h6_n10_s100_wikics_arxiv,223fff55dd3aa07627e13f9449707c2e850612851f89eb5f38bbde0ba338602a,599.0857543945312,352.97395420074463,0,382.26629543304443,0,0,0,0
arxiv,val,61,61,arxiv:val:000061:819cfb4438026420,1,1404.499387,1404.4610595703125,1094.564685,309.632853,0.0,0.0,0.0,0.0,162.79120254516602,157.4597454071045,0,0,0,0,0,0,0,0,0,0,109.62441635131836,5.700832009315491,33.14822340011597,14.317730784416199,nocache_bf16,large_h6_n10_s100_wikics_arxiv,819cfb4438026420a44e76d1b5e4396b6c12d15e01cdfdca4eafe4356bf5fd78,680.1455078125,400.3927345275879,0,437.2125186920166,0,0,0,0
arxiv,val,62,62,arxiv:val:000062:f14653257fd8d626,1,1389.950546,1389.9139404296875,1080.745931,308.91008,0.0,0.0,0.0,0.0,145.3501434326172,157.86848068237305,0,0,0,0,0,0,0,0,0,0,93.2982063293457,4.775456011295319,33.33385610580444,13.942624986171722,nocache_bf16,large_h6_n10_s100_wikics_arxiv,f14653257fd8d626a647b705baa748c4047f2bffaa9a0536a43e3e90199fe238,680.4974365234375,401.15228939056396,0,437.2136278152466,0,0,0,0
arxiv,val,63,63,arxiv:val:000063:a6c9213601343c5a,1,1462.079644,1462.0413818359375,1151.482133,310.297703,0.0,0.0,0.0,0.0,169.89520072937012,165.45808029174805,0,0,0,0,0,0,0,0,0,0,113.41209411621094,5.896831929683685,35.48902368545532,15.097250998020172,nocache_bf16,large_h6_n10_s100_wikics_arxiv,a6c9213601343c5af310560e147a57675830c585f12c4b745f42161685ac0945,717.0037841796875,423.07903957366943,0,459.3828248977661,0,0,0,0
arxiv,val,64,64,arxiv:val:000064:1f114887af1ecfa5,1,1410.716023,1410.6788330078125,1096.304554,314.126992,0.0,0.0,0.0,0.0,176.06822204589844,154.44649696350098,0,0,0,0,0,0,0,0,0,0,122.38659286499023,6.580448031425476,32.46329593658447,14.637885212898254,nocache_bf16,large_h6_n10_s100_wikics_arxiv,1f114887af1ecfa56bcb4f6bc29544f32172af5626be259cf411be7bd9bc4eed,672.9373779296875,396.00745391845703,0,431.37642097473145,0,0,0,0
arxiv,val,65,65,arxiv:val:000065:a0032c4710ae3a15,1,1580.956668,1580.91748046875,1186.432586,394.22942,0.0,0.0,0.0,0.0,193.0656967163086,168.21132850646973,0,0,0,0,0,0,0,0,0,0,134.19910430908203,6.862015962600708,36.154207706451416,15.850368738174438,nocache_bf16,large_h6_n10_s100_wikics_arxiv,a0032c4710ae3a1546d174201bd65f39f734bad0dbaa659b3bf599a5959b7ddf,725.3917846679688,428.1049633026123,0,465.4981498718262,0,0,0,0
arxiv,val,66,66,arxiv:val:000066:fd1e8eebbd69f945,1,1514.252078,1514.2137451171875,1200.78763,313.187323,0.0,0.0,0.0,0.0,183.29753303527832,172.0169620513916,0,0,0,0,0,0,0,0,0,0,124.74995231628418,6.282784104347229,36.44799995422363,15.816796660423279,nocache_bf16,large_h6_n10_s100_wikics_arxiv,fd1e8eebbd69f945b7937053fe1894d7aa4e3d017b7566cbc0ddbd2ec591ade0,743.1527709960938,438.4536657333374,0,476.71606731414795,0,0,0,0
arxiv,val,67,67,arxiv:val:000067:ad1389fe50ead330,1,1432.616927,1432.5789794921875,1123.897164,308.434929,0.0,0.0,0.0,0.0,183.89328002929688,157.46982192993164,0,0,0,0,0,0,0,0,0,0,128.70780754089355,6.725183963775635,33.246559619903564,15.213728904724121,nocache_bf16,large_h6_n10_s100_wikics_arxiv,ad1389fe50ead330fcbb0d1c3b6897b19fadd83f66a990bd417484c3cd9c8118,679.74951171875,401.13753604888916,0,436.0817975997925,0,0,0,0
arxiv,val,68,68,arxiv:val:000068:0e2309a14e4e7ad2,1,753.255958,753.22509765625,407.164668,345.859159,0.0,0.0,0.0,0.0,48.99897527694702,59.06409549713135,0,0,0,0,0,0,0,0,0,0,30.99616003036499,1.524767979979515,11.423647999763489,5.054399266839027,nocache_bf16,large_h6_n10_s100_wikics_arxiv,0e2309a14e4e7ad206ec00b0afceb8be3573064c0f92010b47f04a2ba2d1f390,265.0914611816406,152.34192037582397,0,171.813636302948,0,0,0,0
arxiv,val,69,69,arxiv:val:000069:d86e811a7bc24db7,1,1523.310085,1523.271484375,1179.383298,343.620015,0.0,0.0,0.0,0.0,190.14534759521484,165.21478462219238,0,0,0,0,0,0,0,0,0,0,132.3323516845703,7.066143870353699,35.4139518737793,15.332900166511536,nocache_bf16,large_h6_n10_s100_wikics_arxiv,d86e811a7bc24db744e8778bf19d7b3f44eb7d7ebf8bfe7ccd74c22d935087f2,728.2985229492188,429.3380479812622,0,464.1752595901489,0,0,0,0
arxiv,val,70,70,arxiv:val:000070:2a3d92150c4f73db,1,1349.086263,1349.0472412109375,1038.199386,310.580167,0.0,0.0,0.0,0.0,146.24067306518555,148.63200187683105,0,0,0,0,0,0,0,0,0,0,96.86825561523438,4.9688960313797,31.14524745941162,13.258273959159851,nocache_bf16,large_h6_n10_s100_wikics_arxiv,2a3d92150c4f73db35252c8869d52c2058311805ab42839e792ab8f73946b897,644.5159912109375,380.87027072906494,0,412.2777223587036,0,0,0,0
arxiv,val,71,71,arxiv:val:000071:cf9896e4eb750fe0,1,1436.204352,1436.1671142578125,1122.268247,313.628164,0.0,0.0,0.0,0.0,166.39510345458984,162.15884971618652,0,0,0,0,0,0,0,0,0,0,110.61273574829102,5.749343931674957,35.2970232963562,14.73600047826767,nocache_bf16,large_h6_n10_s100_wikics_arxiv,cf9896e4eb750fe0c9cee7c8b288a7a8e49d9cc63c2a39ef685e91beaa53ed04,698.9681396484375,412.4908494949341,0,448.63613986968994,0,0,0,0
arxiv,val,72,72,arxiv:val:000072:11c31d8e3f561208,1,1533.13335,1533.0950927734375,1202.73901,330.106267,0.0,0.0,0.0,0.0,184.7481918334961,171.8651523590088,0,0,0,0,0,0,0,0,0,0,124.78070449829102,6.6691200733184814,37.21888017654419,16.079487085342407,nocache_bf16,large_h6_n10_s100_wikics_arxiv,11c31d8e3f5612084a2dbd8c1a42815cb6224c2900ec1d9301030c9f7d9ebb85,747.2842407226562,441.6693754196167,0,477.48001766204834,0,0,0,0
arxiv,val,73,73,arxiv:val:000073:1332d50ddf2eeca1,1,1582.995195,1582.9564208984375,1187.046146,395.648904,0.0,0.0,0.0,0.0,191.53030586242676,169.63491249084473,0,0,0,0,0,0,0,0,0,0,130.31196784973145,7.1381120681762695,37.65084791183472,16.429378032684326,nocache_bf16,large_h6_n10_s100_wikics_arxiv,1332d50ddf2eeca169e5b81ca0b3ac3e1c51f99b4e36d2902cde6073b387a2d0,729.6055297851562,430.36959743499756,0,468.8708448410034,0,0,0,0
arxiv,val,74,74,arxiv:val:000074:e0a31edde87a7444,1,1293.739341,1293.7041015625,977.316625,316.123688,0.0,0.0,0.0,0.0,135.09897422790527,140.7615032196045,0,0,0,0,0,0,0,0,0,0,88.53564834594727,4.563647985458374,29.711679935455322,12.287997961044312,nocache_bf16,large_h6_n10_s100_wikics_arxiv,e0a31edde87a744459029bea340649f33a84460931b483db992080e065477e9e,615.0595703125,363.6232328414917,0,392.1978406906128,0,0,0,0
arxiv,val,75,75,arxiv:val:000075:0a132a451a46a45b,1,1397.429385,1397.3924560546875,1017.679663,379.418003,0.0,0.0,0.0,0.0,135.6734390258789,147.5247039794922,0,0,0,0,0,0,0,0,0,0,87.2916488647461,4.498495995998383,30.97391986846924,12.909374296665192,nocache_bf16,large_h6_n10_s100_wikics_arxiv,0a132a451a46a45bcb97637eec4dab61c47b992cacfe8b0fdcf22dbb745a1380,636.985595703125,375.65289211273193,0,408.85740756988525,0,0,0,0
arxiv,val,76,76,arxiv:val:000076:b1ad7f9bb93742d5,1,1414.189229,1414.1502685546875,1028.812755,385.082211,0.0,0.0,0.0,0.0,149.2697582244873,146.47363090515137,0,0,0,0,0,0,0,0,0,0,100.19343852996826,5.176192045211792,30.67910385131836,13.221023797988892,nocache_bf16,large_h6_n10_s100_wikics_arxiv,b1ad7f9bb93742d57d93c723bded1ff9487d253437f89c993ed39560542cccda,637.792236328125,377.24921703338623,0,407.01665019989014,0,0,0,0
arxiv,val,77,77,arxiv:val:000077:636e20ca6e1d821d,1,1343.146606,1343.111083984375,979.128714,363.730233,0.0,0.0,0.0,0.0,132.09993743896484,141.67119979858398,0,0,0,0,0,0,0,0,0,0,85.39894390106201,4.425248026847839,29.91046380996704,12.365281701087952,nocache_bf16,large_h6_n10_s100_wikics_arxiv,636e20ca6e1d821d85f8b6f88702a66347f568d2975ab829f49e905d3295654b,619.5725708007812,366.24764919281006,0,394.9961214065552,0,0,0,0
arxiv,val,78,78,arxiv:val:000078:23743d45533046ec,1,1446.242236,1446.205078125,1136.968441,308.986845,0.0,0.0,0.0,0.0,177.7126407623291,161.965181350708,0,0,0,0,0,0,0,0,0,0,121.07027244567871,6.327936053276062,35.024288177490234,15.290144085884094,nocache_bf16,large_h6_n10_s100_wikics_arxiv,23743d45533046eceaf1c1af64d1e14aaa8f5a22c78f7016394923a043b2804a,699.9591674804688,412.5484495162964,0,449.37589931488037,0,0,0,0
arxiv,val,79,79,arxiv:val:000079:1e65174104a1505a,1,1587.625752,1587.5870361328125,1191.975763,395.370925,0.0,0.0,0.0,0.0,206.25011444091797,165.54390335083008,0,0,0,0,0,0,0,0,0,0,147.04287910461426,7.523584008216858,35.408671855926514,16.27497947216034,nocache_bf16,large_h6_n10_s100_wikics_arxiv,1e65174104a1505a7bdd624a1acd688b3680da85996d2ef44bbbc87389e196e4,720.620849609375,424.5109443664551,0,461.65380859375,0,0,0,0
arxiv,val,80,80,arxiv:val:000080:5938139cc92984b8,1,1280.121836,1280.0865478515625,910.343391,369.507202,0.0,0.0,0.0,0.0,116.68751907348633,131.79225730895996,0,0,0,0,0,0,0,0,0,0,74.42767906188965,3.777951955795288,27.314624309539795,11.167263746261597,nocache_bf16,large_h6_n10_s100_wikics_arxiv,5938139cc92984b8a1aaeb096edff4af8ce500ccf4df6024b66b636ee66fb8ad,573.8914184570312,337.87478160858154,0,367.80889415740967,0,0,0,0
arxiv,val,81,81,arxiv:val:000081:103812d8128782bf,1,1420.836675,1420.7987060546875,1106.052589,314.482685,0.0,0.0,0.0,0.0,166.50841522216797,158.64083290100098,0,0,0,0,0,0,0,0,0,0,112.7814712524414,5.862591922283173,33.328895568847656,14.535456478595734,nocache_bf16,large_h6_n10_s100_wikics_arxiv,103812d8128782bf2d6b0a6e4559818f35c7ea64484cee79dbf3fd92559a9169,683.7808227539062,402.5402898788452,0,439.881365776062,0,0,0,0
arxiv,val,82,82,arxiv:val:000082:ef97f140c26e76a7,1,1456.574837,1456.5369873046875,1140.450797,315.815167,0.0,0.0,0.0,0.0,163.85654258728027,165.11622619628906,0,0,0,0,0,0,0,0,0,0,107.95833778381348,5.665983974933624,35.37513589859009,14.857084929943085,nocache_bf16,large_h6_n10_s100_wikics_arxiv,ef97f140c26e76a76756767fb519c0006836b4ec6a63adff45776dc58da7edf0,712.228759765625,419.16649627685547,0,458.1784896850586,0,0,0,0
arxiv,val,83,83,arxiv:val:000083:a39d60ef16fc4859,1,1485.492548,1485.4541015625,1171.309463,313.898093,0.0,0.0,0.0,0.0,180.50937461853027,167.19439888000488,0,0,0,0,0,0,0,0,0,0,122.6762866973877,6.27702397108078,35.85913610458374,15.696927845478058,nocache_bf16,large_h6_n10_s100_wikics_arxiv,a39d60ef16fc4859f0cbb1f8bd127e91871eb54fff72fe03a1c091da9dd2a231,721.3292236328125,425.39741039276123,0,463.12621212005615,0,0,0,0
arxiv,val,84,84,arxiv:val:000084:5e59d4339eecb4b0,1,1343.036464,1342.998779296875,1029.406916,313.3464,0.0,0.0,0.0,0.0,158.36873626708984,146.41680145263672,0,0,0,0,0,0,0,0,0,0,108.94880104064941,5.646239995956421,30.26214361190796,13.51155161857605,nocache_bf16,large_h6_n10_s100_wikics_arxiv,5e59d4339eecb4b0483be1a708ce6e0900ea0d36b21157a03b359dd6edca154f,628.4688720703125,371.2225914001465,0,403.66308212280273,0,0,0,0
arxiv,val,85,85,arxiv:val:000085:d0843ce56b22dc73,1,1478.640301,1478.601806640625,1150.371249,327.974326,0.0,0.0,0.0,0.0,184.19878387451172,161.77212715148926,0,0,0,0,0,0,0,0,0,0,127.80412864685059,6.592352032661438,34.64668798446655,15.155615210533142,nocache_bf16,large_h6_n10_s100_wikics_arxiv,d0843ce56b22dc73a3618d338723a965a999cb83eeceeaa30cb60167e3ac1382,704.8683471679688,414.924033164978,0,451.71644115448,0,0,0,0
arxiv,val,86,86,arxiv:val:000086:c931e503a421c342,1,1464.03612,1463.998046875,1154.399777,309.321719,0.0,0.0,0.0,0.0,163.2637424468994,166.4959659576416,0,0,0,0,0,0,0,0,0,0,106.88607978820801,5.526879966259003,35.81990385055542,15.030878841876984,nocache_bf16,large_h6_n10_s100_wikics_arxiv,c931e503a421c34267ec82b94e039d60e19b3bf05af914aae79205e0decda7d4,720.6162719726562,424.7023706436157,0,462.40986728668213,0,0,0,0
arxiv,val,87,87,arxiv:val:000087:9f3a2d6097b0f6bd,1,1462.384537,1462.3472900390625,1148.371633,313.718076,0.0,0.0,0.0,0.0,174.00713729858398,164.84333038330078,0,0,0,0,0,0,0,0,0,0,117.39123344421387,6.055839955806732,35.18415927886963,15.375904619693756,nocache_bf16,large_h6_n10_s100_wikics_arxiv,9f3a2d6097b0f6bdc313c6295f2299bc6c3187102e3e75faf02bfa838fb30ae0,714.0267944335938,421.1170539855957,0,457.7530708312988,0,0,0,0
arxiv,val,88,88,arxiv:val:000088:d92d2e293d83fe2f,1,1525.287779,1525.2496337890625,1127.377618,397.604838,0.0,0.0,0.0,0.0,158.3966064453125,162.4963836669922,0,0,0,0,0,0,0,0,0,0,103.34345817565918,5.456511974334717,35.115551471710205,14.481084823608398,nocache_bf16,large_h6_n10_s100_wikics_arxiv,d92d2e293d83fe2f12b22432fd45e9e92790a6d804e43b5675e947d66dc7965e,701.5420532226562,413.3256006240845,0,450.71283626556396,0,0,0,0
arxiv,val,89,89,arxiv:val:000089:ca95f6f1b4e66743,1,1028.395416,1028.3624267578125,664.548566,363.531914,0.0,0.0,0.0,0.0,78.96512031555176,97.4264965057373,0,0,0,0,0,0,0,0,0,0,48.26582384109497,2.3430080115795135,20.182015895843506,8.174272567033768,nocache_bf16,large_h6_n10_s100_wikics_arxiv,ca95f6f1b4e66743e24e634927bd1f85787d4b5f1d0520aed4dd463ee6107386,424.5650634765625,249.43839979171753,0,272.5531601905823,0,0,0,0
arxiv,val,90,90,arxiv:val:000090:c11b4735265097a4,1,1122.598082,1122.5640869140625,753.181173,369.136782,0.0,0.0,0.0,0.0,101.36319923400879,107.98995208740234,0,0,0,0,0,0,0,0,0,0,66.48755264282227,3.4489919543266296,21.926975965499878,9.499678671360016,nocache_bf16,large_h6_n10_s100_wikics_arxiv,c11b4735265097a44930d96d5587558acbb6ad2ce18590c698eac674f2a4537d,472.140625,276.29919719696045,0,303.8313798904419,0,0,0,0
arxiv,val,91,91,arxiv:val:000091:3080ca54e7b4810a,1,1464.158489,1464.1207275390625,1147.09102,316.758012,0.0,0.0,0.0,0.0,181.07475471496582,161.77500915527344,0,0,0,0,0,0,0,0,0,0,124.44342422485352,6.472160041332245,34.9999680519104,15.15920239686966,nocache_bf16,large_h6_n10_s100_wikics_arxiv,3080ca54e7b4810a5398d13cb2684ed159ae5e73eba029f817a64cc835d8ee00,703.0704345703125,413.8259859085083,0,451.01945781707764,0,0,0,0
arxiv,val,92,92,arxiv:val:000092:c554553d97e30d78,1,1334.584325,1334.5462646484375,916.39424,417.88771,0.0,0.0,0.0,0.0,112.86588859558105,136.18246269226074,0,0,0,0,0,0,0,0,0,0,70.0004472732544,3.4796800017356873,27.92092800140381,11.464833319187164,nocache_bf16,large_h6_n10_s100_wikics_arxiv,c554553d97e30d78d7909dfafe3fbb78151bd68f5f605863d751110e5db6a7f9,594.6123657226562,350.2717123031616,0,380.52311611175537,0,0,0,0
arxiv,val,93,93,arxiv:val:000093:f7af87a891af9d09,1,1460.694418,1460.6571044921875,1148.409461,311.966808,0.0,0.0,0.0,0.0,173.31862449645996,167.76476860046387,0,0,0,0,0,0,0,0,0,0,115.9441909790039,6.086655914783478,35.92847967147827,15.359297931194305,nocache_bf16,large_h6_n10_s100_wikics_arxiv,f7af87a891af9d09f37e54b0d2c012c059c353aa05a62ef5edbdf198016c320b,720.6566772460938,424.9662399291992,0,463.4552059173584,0,0,0,0
arxiv,val,94,94,arxiv:val:000094:c49ce41630690eb2,1,1434.474746,1434.436279296875,1124.317906,309.850077,0.0,0.0,0.0,0.0,172.12870407104492,163.3239688873291,0,0,0,0,0,0,0,0,0,0,115.82108879089355,6.001823902130127,35.28076791763306,15.025023460388184,nocache_bf16,large_h6_n10_s100_wikics_arxiv,c49ce41630690eb2875e5821578e9175ae7b054958b3e878556ae492365cbc54,703.2437133789062,414.7174377441406,0,451.8502445220947,0,0,0,0
arxiv,val,95,95,arxiv:val:000095:d1b804cfe6bbd7e7,1,1503.723144,1503.6837158203125,1152.936835,350.483109,0.0,0.0,0.0,0.0,175.56028938293457,167.47040176391602,0,0,0,0,0,0,0,0,0,0,118.27663803100586,6.139488101005554,35.73424053192139,15.40992271900177,nocache_bf16,large_h6_n10_s100_wikics_arxiv,d1b804cfe6bbd7e705150c6ddc19faca93a98d8004ede770615deb67bbf7b37f,721.7820434570312,425.8327989578247,0,463.41964626312256,0,0,0,0
arxiv,val,96,96,arxiv:val:000096:ec672f4715dd3985,1,1464.816375,1464.7789306640625,1152.593514,311.947046,0.0,0.0,0.0,0.0,176.45657539367676,167.0963191986084,0,0,0,0,0,0,0,0,0,0,118.64534759521484,6.258816123008728,36.165151596069336,15.38726007938385,nocache_bf16,large_h6_n10_s100_wikics_arxiv,ec672f4715dd3985423b1d7da9aaae0f5347758a5d73c859780f2f3e7aa6498f,720.8509521484375,424.84813022613525,0,463.09914112091064,0,0,0,0
arxiv,val,97,97,arxiv:val:000097:f6245857f5f07407,1,1574.976596,1574.9384765625,1176.737788,397.935429,0.0,0.0,0.0,0.0,185.76636505126953,169.89151763916016,0,0,0,0,0,0,0,0,0,0,127.12230682373047,6.400864005088806,36.465919494628906,15.77727472782135,nocache_bf16,large_h6_n10_s100_wikics_arxiv,f6245857f5f07407b3f88778c9316b16c98f8849b85552d58bca7df1a935723e,730.8131713867188,430.36451053619385,0,470.34017848968506,0,0,0,0
arxiv,val,98,98,arxiv:val:000098:fc6abf08b8b0001e,1,1171.237036,1171.2017822265625,855.870961,315.098715,0.0,0.0,0.0,0.0,102.4356803894043,127.9010238647461,0,0,0,0,0,0,0,0,0,0,62.51395130157471,3.1005760431289673,26.29148817062378,10.529664874076843,nocache_bf16,large_h6_n10_s100_wikics_arxiv,fc6abf08b8b0001e9313d3417be92f18e0e0864d878974971cf6ffcc7e7350c3,556.3525390625,327.3324499130249,0,356.9211130142212,0,0,0,0
arxiv,val,99,99,arxiv:val:000099:66f7ff1f3a72ebb7,1,1444.516068,1444.477294921875,1123.098835,321.099679,0.0,0.0,0.0,0.0,186.22227478027344,158.0489273071289,0,0,0,0,0,0,0,0,0,0,131.0438747406006,6.82262396812439,33.14348745346069,15.212288618087769,nocache_bf16,large_h6_n10_s100_wikics_arxiv,66f7ff1f3a72ebb7a8bb64ef808626e952cdfdaa780c993573ad1026141d4d65,686.6991577148438,404.3448324203491,0,440.40325260162354,0,0,0,0
arxiv,test,100,0,arxiv:test:000000:8aeecba8862d1102,1,1267.36336,1267.280517578125,899.121226,367.5861,0.0,0.0,0.0,0.0,111.09267234802246,118.96819114685059,0,0,0,0,0,0,0,0,0,0,71.6744966506958,3.6642879843711853,25.25551986694336,10.498367846012115,nocache_bf16,large_h6_n10_s100_wikics_arxiv,8aeecba8862d11020a114168d046089c4e2d396f1d577261816bc2a09d70c909,534.5867309570312,304.82691192626953,0,348.7280101776123,0,0,0,0
arxiv,test,101,1,arxiv:test:000001:34c176a088ad1429,1,1565.095595,1565.0577392578125,1169.686605,395.067846,0.0,0.0,0.0,0.0,182.99465560913086,166.86585807800293,0,0,0,0,0,0,0,0,0,0,124.96672248840332,6.474944055080414,35.72950458526611,15.823484480381012,nocache_bf16,large_h6_n10_s100_wikics_arxiv,34c176a088ad14291b4ca520137113412e5b7c8ea153de8adcead79fdbf6e251,717.1298828125,423.3495988845825,0,460.6461420059204,0,0,0,0
arxiv,test,102,2,arxiv:test:000002:d675140a548725b4,1,1428.245018,1428.208251953125,960.045197,467.913811,0.0,0.0,0.0,0.0,137.73180770874023,136.69833755493164,0,0,0,0,0,0,0,0,0,0,91.74867153167725,4.7847999930381775,28.890496253967285,12.307839930057526,nocache_bf16,large_h6_n10_s100_wikics_arxiv,d675140a548725b4c6d4948151c0ffed99b5b331ac253fabce8422878f98cbc5,599.1240234375,353.058687210083,0,382.76367378234863,0,0,0,0
arxiv,test,103,3,arxiv:test:000003:77e480c4e7aba13c,1,1353.326006,1353.289306640625,1008.441089,344.591259,0.0,0.0,0.0,0.0,193.59747123718262,135.08534240722656,0,0,0,0,0,0,0,0,0,0,144.44870376586914,7.627807855606079,27.604736328125,13.916223287582397,nocache_bf16,large_h6_n10_s100_wikics_arxiv,77e480c4e7aba13c6f51e9b3b822650b1679f5fc8a9d112ac559dac67edbaa2d,593.07666015625,349.5751028060913,0,378.58689975738525,0,0,0,0
arxiv,test,104,4,arxiv:test:000004:e76d0c446fb20015,1,1394.116521,1394.0782470703125,1084.271448,309.54565,0.0,0.0,0.0,0.0,170.70153617858887,153.79011154174805,0,0,0,0,0,0,0,0,0,0,117.97405052185059,6.122624039649963,32.257344245910645,14.347517371177673,nocache_bf16,large_h6_n10_s100_wikics_arxiv,e76d0c446fb200155bab8f5b50e1bfeee149028b49c0cefdbf77cd82298987ef,666.7982177734375,392.6730251312256,0,427.91530418395996,0,0,0,0
arxiv,test,105,5,arxiv:test:000005:5f27d2a1b37cbc3e,1,1469.494501,1469.4564208984375,1141.008619,328.176712,0.0,0.0,0.0,0.0,155.18153762817383,168.607328414917,0,0,0,0,0,0,0,0,0,0,99.26070308685303,5.085567951202393,36.00176000595093,14.83350658416748,nocache_bf16,large_h6_n10_s100_wikics_arxiv,5f27d2a1b37cbc3ef73ce9f6c26f05ba8e10225420a2c8bd688c25086552f86b,718.7515258789062,424.3097896575928,0,463.04906463623047,0,0,0,0
arxiv,test,106,6,arxiv:test:000006:665d2ed7aedfc59e,1,1315.843697,1315.8074951171875,1005.07584,310.471288,0.0,0.0,0.0,0.0,128.63183975219727,148.5951690673828,0,0,0,0,0,0,0,0,0,0,80.9737901687622,4.0937599539756775,30.96028757095337,12.604002058506012,nocache_bf16,large_h6_n10_s100_wikics_arxiv,665d2ed7aedfc59ebde23874a48b455bfdc251afad90b472d910958edcb2e5e4,636.8295288085938,377.21846294403076,0,408.2062349319458,0,0,0,0
arxiv,test,107,7,arxiv:test:000007:3d27bf4752315273,1,1577.250835,1577.2119140625,1182.4214,394.53296,0.0,0.0,0.0,0.0,195.71449279785156,166.50422477722168,0,0,0,0,0,0,0,0,0,0,137.69993591308594,7.008543848991394,35.19753551483154,15.808477520942688,nocache_bf16,large_h6_n10_s100_wikics_arxiv,3d27bf4752315273e1cbbe2c6a1f755d0b85001b2bdf23e7f57b8dcb680be002,719.8312377929688,424.84335803985596,0,461.4921045303345,0,0,0,0
arxiv,test,108,8,arxiv:test:000008:a866a0597966c6f4,1,1350.710102,1350.6737060546875,1035.514637,314.891329,0.0,0.0,0.0,0.0,140.06918334960938,150.9310073852539,0,0,0,0,0,0,0,0,0,0,90.93174457550049,4.691807985305786,31.47481632232666,12.97081446647644,nocache_bf16,large_h6_n10_s100_wikics_arxiv,a866a0597966c6f452e6217ca6a8fae250237e23f2323f08fb1b09771ca5f4f3,643.5087890625,380.87395191192627,0,413.56584453582764,0,0,0,0
arxiv,test,109,9,arxiv:test:000009:2acb6a66afedb5c0,1,1506.952698,1506.9141845703125,1036.552129,470.104271,0.0,0.0,0.0,0.0,153.7718391418457,149.25993537902832,0,0,0,0,0,0,0,0,0,0,103.12025451660156,5.437855958938599,31.727967739105225,13.485760927200317,nocache_bf16,large_h6_n10_s100_wikics_arxiv,2acb6a66afedb5c05fc17390d5ae9636d3bafb1f422d5eff4ee9e53078a4ef42,642.3416137695312,377.1241579055786,0,414.47739124298096,0,0,0,0
arxiv,test,110,10,arxiv:test:000010:c37504f6fbb77657,1,1620.536147,1620.4976806640625,1220.061227,400.185859,0.0,0.0,0.0,0.0,221.31839752197266,166.4363193511963,0,0,0,0,0,0,0,0,0,0,157.78012657165527,8.341824054718018,35.97331190109253,19.223134994506836,nocache_bf16,large_h6_n10_s100_wikics_arxiv,c37504f6fbb77657795f6a4fab3ab20e6a4b90de3ca703855f666b761f785cdf,727.6680297851562,429.3380193710327,0,464.7663297653198,0,0,0,0
arxiv,test,111,11,arxiv:test:000011:548262a0e76189ec,1,1537.974501,1537.9371337890625,1176.839597,360.850535,0.0,0.0,0.0,0.0,189.9240951538086,167.05391883850098,0,0,0,0,0,0,0,0,0,0,131.4528636932373,6.812991976737976,35.546144008636475,16.11209547519684,nocache_bf16,large_h6_n10_s100_wikics_arxiv,548262a0e76189ecd6e0a5d5e3260e3cd918a64948a825acac21649a7a162df4,720.3159790039062,424.4894380569458,0,462.8804597854614,0,0,0,0
arxiv,test,112,12,arxiv:test:000012:565a3afdfe27876b,1,1187.791959,1187.756591796875,869.149256,318.345988,0.0,0.0,0.0,0.0,106.26924705505371,127.20659446716309,0,0,0,0,0,0,0,0,0,0,66.34323120117188,3.303936004638672,26.0928955078125,10.529184341430664,nocache_bf16,large_h6_n10_s100_wikics_arxiv,565a3afdfe27876b97787b02ef3b916f21f9717eee997e6c2649b2836506bdd3,555.4843139648438,326.7061767578125,0,355.98473167419434,0,0,0,0
arxiv,test,113,13,arxiv:test:000013:b3a8166da7f9bd5a,1,1361.013769,1360.9765625,1010.42391,350.305451,0.0,0.0,0.0,0.0,142.36499214172363,144.5176296234131,0,0,0,0,0,0,0,0,0,0,94.31824016571045,4.879423975944519,30.401055812835693,12.766272187232971,nocache_bf16,large_h6_n10_s100_wikics_arxiv,b3a8166da7f9bd5a7f77d68f2262cc2ce197215462aaa014b7214d76dd6ef764,635.5772094726562,371.1926097869873,0,408.90222930908203,0,0,0,0
arxiv,test,114,14,arxiv:test:000014:927439c8c556510b,1,1656.88504,1656.8455810546875,1186.20554,470.340534,0.0,0.0,0.0,0.0,181.1865940093994,170.7962245941162,0,0,0,0,0,0,0,0,0,0,121.26835441589355,6.52291202545166,37.5032958984375,15.8920316696167,nocache_bf16,large_h6_n10_s100_wikics_arxiv,927439c8c556510b53acb56af17f6dd08cc1109c2e7c48b8bdeb6ef106c4cdb4,731.2990112304688,431.97119903564453,0,470.12403678894043,0,0,0,0
arxiv,test,115,15,arxiv:test:000015:94893e1aa247f99a,1,1473.346043,1473.3072509765625,1158.705657,314.331415,0.0,0.0,0.0,0.0,171.0630054473877,168.04268836975098,0,0,0,0,0,0,0,0,0,0,114.22016143798828,5.858272016048431,35.824480056762695,15.160091936588287,nocache_bf16,large_h6_n10_s100_wikics_arxiv,94893e1aa247f99ab08f875dfc42353b2a6d833d028453cd6332b1fd4a6d5ac7,719.9418334960938,425.3305244445801,0,462.65399742126465,0,0,0,0
arxiv,test,116,16,arxiv:test:000016:04a1b80589800d8a,1,1461.75338,1461.715576171875,1145.742068,315.705648,0.0,0.0,0.0,0.0,163.6189785003662,165.66464042663574,0,0,0,0,0,0,0,0,0,0,107.44227027893066,5.565887987613678,35.761216163635254,14.849604070186615,nocache_bf16,large_h6_n10_s100_wikics_arxiv,04a1b80589800d8abbd3bf2b6e48d62f12100ace0b6cc463ee8ae1a18f3d8884,711.5101318359375,419.5389747619629,0,457.63579750061035,0,0,0,0
arxiv,test,117,17,arxiv:test:000017:6ed2fd35c7b08446,1,1309.406288,1309.3685302734375,940.135706,368.972202,0.0,0.0,0.0,0.0,160.92940711975098,130.63846397399902,0,0,0,0,0,0,0,0,0,0,114.96163177490234,6.052191972732544,27.314144134521484,12.601439237594604,nocache_bf16,large_h6_n10_s100_wikics_arxiv,6ed2fd35c7b084466a024831071fe4da94ca4acc62f856b26d505fb9e2c0a269,573.3024291992188,338.6968011856079,0,365.24409198760986,0,0,0,0
arxiv,test,118,18,arxiv:test:000018:9ba09b820b67f326,1,1603.04356,1603.0035400390625,1207.434225,395.294967,0.0,0.0,0.0,0.0,209.21622848510742,167.2899513244629,0,0,0,0,0,0,0,0,0,0,148.9207363128662,7.9081279039382935,35.98633575439453,16.401028513908386,nocache_bf16,large_h6_n10_s100_wikics_arxiv,9ba09b820b67f3268b73b57e69c9473c6ac2e861b2e1dfa8f39e80bd970e5769,732.5716552734375,430.9035530090332,0,468.9580535888672,0,0,0,0
arxiv,test,119,19,arxiv:test:000019:551de7f6c6009e1d,1,1020.399893,1020.3668212890625,702.240974,317.849986,0.0,0.0,0.0,0.0,92.81699085235596,101.65216064453125,0,0,0,0,0,0,0,0,0,0,59.794912338256836,3.0644479990005493,21.025311946868896,8.932318568229675,nocache_bf16,large_h6_n10_s100_wikics_arxiv,551de7f6c6009e1d0b6bb2471de8a502aa64c44b76385fa09309561554d57e04,445.53741455078125,261.17469024658203,0,286.01488494873047,0,0,0,0
arxiv,test,120,20,arxiv:test:000020:13dc09ce4d7802a7,1,1530.091639,1530.052734375,1161.978725,367.804929,0.0,0.0,0.0,0.0,181.84611320495605,163.60115432739258,0,0,0,0,0,0,0,0,0,0,124.36748695373535,6.5365118980407715,35.49273633956909,15.44937801361084,nocache_bf16,large_h6_n10_s100_wikics_arxiv,13dc09ce4d7802a7445a3893c978abe7a75f09a66446471b5fb18cfbf5964938,716.325927734375,421.14137744903564,0,458.78570461273193,0,0,0,0
arxiv,test,121,21,arxiv:test:000021:6f59067bf5fa395d,1,1557.730378,1557.691650390625,1194.817786,362.604148,0.0,0.0,0.0,0.0,197.22908782958984,170.7083511352539,0,0,0,0,0,0,0,0,0,0,135.86720085144043,7.201056003570557,37.39811134338379,16.76271963119507,nocache_bf16,large_h6_n10_s100_wikics_arxiv,6f59067bf5fa395d8c438f79f5bdba49c2480fc114342b4fd3bf6de6278eab75,729.548095703125,430.6487674713135,0,469.60767936706543,0,0,0,0
arxiv,test,122,22,arxiv:test:000022:7de091dda2cfc1e7,1,1348.137459,1348.1004638671875,1035.854669,311.985261,0.0,0.0,0.0,0.0,153.6414089202881,147.67996978759766,0,0,0,0,0,0,0,0,0,0,104.14508628845215,5.4235520362854,30.758400440216064,13.314370155334473,nocache_bf16,large_h6_n10_s100_wikics_arxiv,7de091dda2cfc1e735526e01718df15756c5332e2e9f43a7ca93de54fce418a9,641.1477661132812,378.91532802581787,0,409.91240787506104,0,0,0,0
arxiv,test,123,23,arxiv:test:000023:2c3804d42bd30cbd,1,1453.803364,1453.76513671875,1125.708354,327.803588,0.0,0.0,0.0,0.0,155.99055862426758,164.0559024810791,0,0,0,0,0,0,0,0,0,0,100.91721630096436,5.16076797246933,35.53385639190674,14.378717958927155,nocache_bf16,large_h6_n10_s100_wikics_arxiv,2c3804d42bd30cbd2c66895d9ca0e1514646371edadac6e4c4a7a10bd83a0982,703.39208984375,415.33279609680176,0,452.11519622802734,0,0,0,0
arxiv,test,124,24,arxiv:test:000024:980f6a26e605793b,1,1448.07253,1448.0345458984375,1136.962514,310.805656,0.0,0.0,0.0,0.0,207.22179412841797,155.93922996520996,0,0,0,0,0,0,0,0,0,0,150.82825660705566,7.7603520154953,32.793503761291504,15.8396817445755,nocache_bf16,large_h6_n10_s100_wikics_arxiv,980f6a26e605793b5382fa17bdf21a550efe6ad0b938a48a8210024c64c8fd03,680.05615234375,400.11737728118896,0,435.878005027771,0,0,0,0
arxiv,test,125,25,arxiv:test:000025:118b258c03aa037e,1,1505.916188,1505.877197265625,1086.215907,419.400314,0.0,0.0,0.0,0.0,171.00067329406738,153.9649600982666,0,0,0,0,0,0,0,0,0,0,117.76684761047363,6.192032098770142,32.560800075531006,14.480993509292603,nocache_bf16,large_h6_n10_s100_wikics_arxiv,118b258c03aa037eaafbf67becf82fd102999213036e8abd9f807120abdbd283,667.2162475585938,392.7599353790283,0,428.42127227783203,0,0,0,0
arxiv,test,126,26,arxiv:test:000026:1d8c978f1407bcc5,1,1602.239049,1602.2012939453125,1204.763776,397.192234,0.0,0.0,0.0,0.0,208.26972579956055,168.2288646697998,0,0,0,0,0,0,0,0,0,0,147.38876914978027,7.662431955337524,36.6680965423584,16.55042815208435,nocache_bf16,large_h6_n10_s100_wikics_arxiv,1d8c978f1407bcc5190dde580c972dc805f7ab4bb54fb0a1198050ea884c4d5b,731.44140625,431.6810235977173,0,467.9892473220825,0,0,0,0
arxiv,test,127,27,arxiv:test:000027:ccb4301fa0500230,1,1431.141021,1431.103759765625,1114.89624,315.945703,0.0,0.0,0.0,0.0,179.55587005615234,159.4744644165039,0,0,0,0,0,0,0,0,0,0,123.95993423461914,6.566848039627075,33.928863525390625,15.100224256515503,nocache_bf16,large_h6_n10_s100_wikics_arxiv,ccb4301fa0500230b966c1ca8acbfb0239894da3c184bc644b2ab3f2025751db,685.9176635742188,404.7945613861084,0,440.59756660461426,0,0,0,0
arxiv,test,128,28,arxiv:test:000028:6bd000b4763af040,1,1311.685705,1311.6490478515625,940.060802,371.324749,0.0,0.0,0.0,0.0,159.89625358581543,130.59267234802246,0,0,0,0,0,0,0,0,0,0,114.13693046569824,6.007648050785065,27.033023834228516,12.718651235103607,nocache_bf16,large_h6_n10_s100_wikics_arxiv,6bd000b4763af040cd35faa94edb20b9caadb186a66e8ec435f0e42d6b15d953,574.19970703125,339.7764501571655,0,365.01592922210693,0,0,0,0
arxiv,test,129,29,arxiv:test:000029:579bf3992d19b343,1,1527.651913,1527.6142578125,1164.710363,362.664584,0.0,0.0,0.0,0.0,182.00009727478027,165.5016975402832,0,0,0,0,0,0,0,0,0,0,125.0080623626709,6.331647992134094,35.1910400390625,15.46934688091278,nocache_bf16,large_h6_n10_s100_wikics_arxiv,579bf3992d19b3435c6501f4723460e432219c48e2d2812939680c690025d21f,714.2142333984375,420.983359336853,0,458.7325716018677,0,0,0,0
arxiv,test,130,30,arxiv:test:000030:6715d78ec20dc119,1,1606.609459,1606.571533203125,1204.159697,402.156217,0.0,0.0,0.0,0.0,203.3107795715332,167.37036514282227,0,0,0,0,0,0,0,0,0,0,142.71344184875488,7.628799796104431,36.55612802505493,16.412409901618958,nocache_bf16,large_h6_n10_s100_wikics_arxiv,6715d78ec20dc1199983ebe2cd04cf9fe286cdb214eb70a251e74aadeac1bb95,731.6992797851562,431.62291431427,0,467.4467306137085,0,0,0,0
arxiv,test,131,31,arxiv:test:000031:01bf41e7d8c9bdc9,1,1473.387338,1473.3497314453125,1161.531094,311.545506,0.0,0.0,0.0,0.0,171.1914882659912,168.93206596374512,0,0,0,0,0,0,0,0,0,0,114.27359962463379,5.788960039615631,35.72479963302612,15.404128968715668,nocache_bf16,large_h6_n10_s100_wikics_arxiv,01bf41e7d8c9bdc9b250ba0472067bc2cf8ee4b4b180cefefdd66e36417fb6e6,723.3400268554688,427.0996150970459,0,465.17247772216797,0,0,0,0
arxiv,test,132,32,arxiv:test:000032:5e4106cca99d5843,1,1443.236218,1443.1986083984375,1129.639606,313.280958,0.0,0.0,0.0,0.0,161.78656005859375,162.78371238708496,0,0,0,0,0,0,0,0,0,0,106.26671981811523,5.573472082614899,35.34287977218628,14.603488385677338,nocache_bf16,large_h6_n10_s100_wikics_arxiv,5e4106cca99d584302becf755533fdf0db7a0842b71d6e7cd21c3c01375b5552,705.7933349609375,415.632417678833,0,452.94462966918945,0,0,0,0
arxiv,test,133,33,arxiv:test:000033:189263d64060b736,1,1439.941967,1439.9046630859375,1123.557153,316.084834,0.0,0.0,0.0,0.0,182.59890937805176,157.9114227294922,0,0,0,0,0,0,0,0,0,0,127.15753746032715,6.662752151489258,33.51427221298218,15.264347553253174,nocache_bf16,large_h6_n10_s100_wikics_arxiv,189263d64060b73695ed9360957f5265b6ac5ced36d0427da14f86279249cc50,682.4049682617188,402.01280307769775,0,438.3035879135132,0,0,0,0
arxiv,test,134,34,arxiv:test:000034:cc25ddf180fd3dc8,1,1532.680473,1532.641357421875,1220.500274,311.865784,0.0,0.0,0.0,0.0,211.91062927246094,167.49788856506348,0,0,0,0,0,0,0,0,0,0,151.54928016662598,7.917119860649109,35.933536529541016,16.510692715644836,nocache_bf16,large_h6_n10_s100_wikics_arxiv,cc25ddf180fd3dc8cc578cba85779c7dc886b0009ef07033358194310cc1ee3d,734.939453125,432.77756786346436,0,469.6597738265991,0,0,0,0
arxiv,test,135,35,arxiv:test:000035:ab83ea7606d02af1,1,1637.121625,1637.0831298828125,1239.562087,397.265309,0.0,0.0,0.0,0.0,237.1979217529297,167.70076751708984,0,0,0,0,0,0,0,0,0,0,174.51894187927246,9.204288005828857,36.1430721282959,17.33161973953247,nocache_bf16,large_h6_n10_s100_wikics_arxiv,ab83ea7606d02af10d9c8025cdd053087bc7a5a4db06ee849e440b2a9621db47,734.3690185546875,433.00604915618896,0,469.0637369155884,0,0,0,0
arxiv,test,136,36,arxiv:test:000036:d2571c03cbd5e99a,1,1734.704323,1734.6641845703125,1090.092734,644.336636,0.0,0.0,0.0,0.0,161.72499465942383,157.13462448120117,0,0,0,0,0,0,0,0,0,0,108.45926284790039,5.6724159717559814,33.364895820617676,14.22842001914978,nocache_bf16,large_h6_n10_s100_wikics_arxiv,d2571c03cbd5e99a7c59bc4d317cc203f10074ac80503d14e841d90b76b2d028,678.07568359375,398.60991954803467,0,436.6003885269165,0,0,0,0
arxiv,test,137,37,arxiv:test:000037:ff540b07468add89,1,1587.686928,1587.64892578125,1186.205229,401.199133,0.0,0.0,0.0,0.0,189.57997131347656,168.61465644836426,0,0,0,0,0,0,0,0,0,0,130.995267868042,6.6603840589523315,35.93881559371948,15.985503792762756,nocache_bf16,large_h6_n10_s100_wikics_arxiv,ff540b07468add89ac9e11d4387e45f4f5a96fad34add510dcd2449d6271317a,724.681640625,427.3186569213867,0,465.97764015197754,0,0,0,0
arxiv,test,138,38,arxiv:test:000038:f2bc826283b28142,1,1557.836628,1557.79931640625,1160.010826,397.538818,0.0,0.0,0.0,0.0,178.55065536499023,165.30879974365234,0,0,0,0,0,0,0,0,0,0,121.37593650817871,6.231104016304016,35.67843246459961,15.265182375907898,nocache_bf16,large_h6_n10_s100_wikics_arxiv,f2bc826283b28142062c7d0b5b7b26cde2d6be256a0081e2f95275a46b74cc24,719.95068359375,423.1232967376709,0,462.13618659973145,0,0,0,0
arxiv,test,139,39,arxiv:test:000039:e1df3943e9da4831,1,1253.033542,1252.99853515625,931.900704,320.841865,0.0,0.0,0.0,0.0,125.43929672241211,133.79523468017578,0,0,0,0,0,0,0,0,0,0,81.76729583740234,4.188800036907196,27.68019199371338,11.80300885438919,nocache_bf16,large_h6_n10_s100_wikics_arxiv,e1df3943e9da483163688e75fe6cb8d909c7f9c2585b8e8dd56a324540302cc2,590.5371704101562,347.37696075439453,0,376.9554443359375,0,0,0,0
arxiv,test,140,40,arxiv:test:000040:ff71ceefa1018a18,1,1288.767081,1288.730224609375,975.596346,312.873163,0.0,0.0,0.0,0.0,147.19014358520508,140.19037055969238,0,0,0,0,0,0,0,0,0,0,99.04880332946777,5.203519940376282,29.9649920463562,12.972828269004822,nocache_bf16,large_h6_n10_s100_wikics_arxiv,ff71ceefa1018a1865ea23dfca204d90bd98f5e2418f71a41d93785902c5fcee,602.1004028320312,355.0179195404053,0,387.27285385131836,0,0,0,0
arxiv,test,141,41,arxiv:test:000041:3c49d5bf4dbf737e,1,1592.13262,1592.0948486328125,1192.824639,399.016453,0.0,0.0,0.0,0.0,202.3812484741211,167.8561611175537,0,0,0,0,0,0,0,0,0,0,141.97075271606445,7.430720090866089,36.29481601715088,16.684959650039673,nocache_bf16,large_h6_n10_s100_wikics_arxiv,3c49d5bf4dbf737e34e5133f2c2461cd0139704b56bbd739ff73f4d02a344ad7,725.7144165039062,427.90889739990234,0,465.6616802215576,0,0,0,0
arxiv,test,142,42,arxiv:test:000042:dae587ce1b7ca967,1,1500.31647,1500.27978515625,1166.683981,333.347191,0.0,0.0,0.0,0.0,178.2533130645752,168.14540672302246,0,0,0,0,0,0,0,0,0,0,120.73443222045898,6.154271960258484,36.002527713775635,15.362081170082092,nocache_bf16,large_h6_n10_s100_wikics_arxiv,dae587ce1b7ca9678e94abf2563f0d48c3d3b4a0175d6489d7fcb220ad30d4bf,722.2553100585938,426.0504026412964,0,464.3503141403198,0,0,0,0
arxiv,test,143,43,arxiv:test:000043:e717be6b19d36df2,1,1478.027148,1477.9896240234375,1162.299444,315.433602,0.0,0.0,0.0,0.0,173.5509738922119,168.76121711730957,0,0,0,0,0,0,0,0,0,0,115.82748794555664,5.894240081310272,36.28735971450806,15.541886150836945,nocache_bf16,large_h6_n10_s100_wikics_arxiv,e717be6b19d36df2c417dd2f340fd2ef6b2622c25926327dd92de1991210eb0c,728.0787353515625,428.8407688140869,0,467.99918365478516,0,0,0,0
arxiv,test,144,44,arxiv:test:000044:ecf1facb07fbb262,1,1536.190104,1536.1522216796875,1220.003593,315.879121,0.0,0.0,0.0,0.0,195.4222068786621,170.44895935058594,0,0,0,0,0,0,0,0,0,0,136.11133003234863,7.18992006778717,36.16499137878418,15.955965399742126,nocache_bf16,large_h6_n10_s100_wikics_arxiv,ecf1facb07fbb2625dfa89a62495a9453205b5b87c471a67ee92ab8e090dd4b6,757.3851318359375,446.41350173950195,0,481.4205894470215,0,0,0,0
arxiv,test,145,45,arxiv:test:000045:c97b28935cff346f,1,932.152784,932.1196899414062,569.612094,362.291919,0.0,0.0,0.0,0.0,75.42803192138672,82.36051082611084,0,0,0,0,0,0,0,0,0,0,48.84166479110718,2.4745599925518036,16.73792028427124,7.373886853456497,nocache_bf16,large_h6_n10_s100_wikics_arxiv,c97b28935cff346f8d96b42043d071dbc71a36119d063ae948118dd57f60ad1b,360.4219665527344,210.42387294769287,0,232.35860443115234,0,0,0,0
arxiv,test,146,46,arxiv:test:000046:fbd9f3145be22507,1,1502.941743,1502.9046630859375,1137.290261,365.288248,0.0,0.0,0.0,0.0,167.914400100708,164.56908798217773,0,0,0,0,0,0,0,0,0,0,111.453857421875,5.942560017108917,35.62150430679321,14.896478354930878,nocache_bf16,large_h6_n10_s100_wikics_arxiv,fbd9f3145be2250742dc25e9ae46990667480b99348e959e85b2180a30c8590e,708.12109375,417.2353630065918,0,455.45481872558594,0,0,0,0
arxiv,test,147,47,arxiv:test:000047:fafb4cdfc63a9718,1,1591.848392,1591.805908203125,1192.205497,399.251305,0.0,0.0,0.0,0.0,199.37753677368164,168.58886337280273,0,0,0,0,0,0,0,0,0,0,139.227201461792,7.164063930511475,36.42159986495972,16.564671516418457,nocache_bf16,large_h6_n10_s100_wikics_arxiv,fafb4cdfc63a9718e9161edeb32eaf6c01d3953e94090e8f1568c9e279c5ba04,722.3418579101562,426.8073272705078,0,464.1233940124512,0,0,0,0
arxiv,test,148,48,arxiv:test:000048:d1be3cbece176b33,1,1533.064623,1533.0244140625,1150.930403,381.747531,0.0,0.0,0.0,0.0,170.02012634277344,165.00255966186523,0,0,0,0,0,0,0,0,0,0,113.29795265197754,5.8735039830207825,35.59452772140503,15.254141986370087,nocache_bf16,large_h6_n10_s100_wikics_arxiv,d1be3cbece176b3358b650780ddf35382fa6223fd1bdb79f440831f3e6386754,707.7289428710938,417.269248008728,0,455.46225452423096,0,0,0,0
arxiv,test,149,49,arxiv:test:000049:05e52a9cf94815ea,1,1432.546068,1432.505615234375,1119.008346,313.169788,0.0,0.0,0.0,0.0,174.53692817687988,158.76118659973145,0,0,0,0,0,0,0,0,0,0,119.46524810791016,6.226144015789032,33.978943824768066,14.866592228412628,nocache_bf16,large_h6_n10_s100_wikics_arxiv,05e52a9cf94815ea165fc47c07f510e4cb682c1ecd224bf19a51c6ff9612777e,686.6553344726562,403.8465938568115,0,441.5699272155762,0,0,0,0
arxiv,test,150,50,arxiv:test:000050:2ae7e9025c812bc9,1,1226.131787,1226.096923828125,838.945851,386.920912,0.0,0.0,0.0,0.0,112.52873611450195,118.35932731628418,0,0,0,0,0,0,0,0,0,0,73.99065589904785,3.8072959780693054,24.17299246788025,10.557791769504547,nocache_bf16,large_h6_n10_s100_wikics_arxiv,2ae7e9025c812bc9b271f2094242f0d0b0d8547a202d8c2a41549e3f9b5ba068,524.5696411132812,306.3140459060669,0,336.61492252349854,0,0,0,0
arxiv,test,151,51,arxiv:test:000051:66a62fdf4daaa7ae,1,1491.822642,1491.78564453125,1174.858622,316.657082,0.0,0.0,0.0,0.0,185.84006309509277,167.37545585632324,0,0,0,0,0,0,0,0,0,0,126.77564811706543,6.710976004600525,36.38387203216553,15.969566941261292,nocache_bf16,large_h6_n10_s100_wikics_arxiv,66a62fdf4daaa7ae24fb1caeac844800dd701d501cc3172f7faff797a7efe852,715.0482788085938,421.81360054016113,0,460.61013412475586,0,0,0,0
arxiv,test,152,52,arxiv:test:000052:7c51a8eb1dba87a6,1,1390.872589,1390.836669921875,1024.611403,365.972806,0.0,0.0,0.0,0.0,142.2557144165039,150.1269130706787,0,0,0,0,0,0,0,0,0,0,92.81433582305908,4.810079991817474,31.41331195831299,13.217986643314362,nocache_bf16,large_h6_n10_s100_wikics_arxiv,7c51a8eb1dba87a6fe0e433e5eb412caf5912e485467601436acd1bf3e919747,639.6550903320312,379.3410234451294,0,410.44097995758057,0,0,0,0
arxiv,test,153,53,arxiv:test:000053:a3944fd2577c232c,1,1499.752197,1499.7152099609375,1186.566952,312.850675,0.0,0.0,0.0,0.0,180.63561630249023,170.67065620422363,0,0,0,0,0,0,0,0,0,0,120.83922958374023,6.423488020896912,37.461535930633545,15.911362767219543,nocache_bf16,large_h6_n10_s100_wikics_arxiv,a3944fd2577c232ccd1772224b9637f05e2ef77e0bcd5eaf08988d3146013916,735.6243286132812,433.11263847351074,0,473.18234634399414,0,0,0,0
arxiv,test,154,54,arxiv:test:000054:f51bc10bbe82c845,1,1498.287245,1498.2508544921875,1099.989993,398.014609,0.0,0.0,0.0,0.0,161.552640914917,157.9280300140381,0,0,0,0,0,0,0,0,0,0,108.21772956848145,5.565376043319702,33.34156799316406,14.427967309951782,nocache_bf16,large_h6_n10_s100_wikics_arxiv,f51bc10bbe82c8452412f46ca8ff4664d79c65efe78e62cdd6f95a636ca4905b,683.0142211914062,401.8601303100586,0,439.08212089538574,0,0,0,0
arxiv,test,155,55,arxiv:test:000055:5573ca76c9a39d22,1,1430.15704,1430.1199951171875,1117.128163,312.729582,0.0,0.0,0.0,0.0,170.8540496826172,159.13340759277344,0,0,0,0,0,0,0,0,0,0,116.30777549743652,6.046720027923584,33.731104373931885,14.768449783325195,nocache_bf16,large_h6_n10_s100_wikics_arxiv,5573ca76c9a39d2243a723a0470b9124c50151e3afdac246c8bc4118cb4c567b,688.9163208007812,405.36355113983154,0,442.68617725372314,0,0,0,0
arxiv,test,156,56,arxiv:test:000056:25832dcece5fda15,1,1593.442689,1593.405029296875,1190.399171,402.746766,0.0,0.0,0.0,0.0,199.49004745483398,166.13670349121094,0,0,0,0,0,0,0,0,0,0,139.6737289428711,7.493088006973267,36.16883134841919,16.154399156570435,nocache_bf16,large_h6_n10_s100_wikics_arxiv,25832dcece5fda156833a9731130bc1378deb05b833ca4f63add4d0588527943,727.9559326171875,428.52870082855225,0,465.5639352798462,0,0,0,0
arxiv,test,157,57,arxiv:test:000057:ba9168bd9766cf18,1,1519.133253,1519.0953369140625,1152.432476,366.306616,0.0,0.0,0.0,0.0,207.35155487060547,156.3586883544922,0,0,0,0,0,0,0,0,0,0,149.45539093017578,8.08838403224945,33.75052785873413,16.057252049446106,nocache_bf16,large_h6_n10_s100_wikics_arxiv,ba9168bd9766cf185f5b7c22acafe94b3c085f92b8dbf63a30be01ff3a73eadc,690.3321533203125,406.264066696167,0,440.4267749786377,0,0,0,0
arxiv,test,158,58,arxiv:test:000058:1ea80af47d86c254,1,1522.570057,1522.5302734375,1191.017549,331.169788,0.0,0.0,0.0,0.0,189.75375938415527,170.80377578735352,0,0,0,0,0,0,0,0,0,0,128.92627143859863,6.898047924041748,37.471839904785156,16.457600116729736,nocache_bf16,large_h6_n10_s100_wikics_arxiv,1ea80af47d86c254119ad3ea64cba8b50a8d9dae2ce38b3374ff55196f5c820e,725.3531494140625,428.105185508728,0,468.051739692688,0,0,0,0
arxiv,test,159,59,arxiv:test:000059:62556ac4244be586,1,1437.277477,1437.239013671875,1120.431868,316.492469,0.0,0.0,0.0,0.0,196.68758392333984,154.2286720275879,0,0,0,0,0,0,0,0,0,0,140.65631866455078,7.5396798849105835,33.12665557861328,15.364929795265198,nocache_bf16,large_h6_n10_s100_wikics_arxiv,62556ac4244be586d32963772324fc204327cb8ecfa51b1ec7f97d707f94987f,670.8555908203125,394.55036640167236,0,430.533896446228,0,0,0,0
arxiv,test,160,60,arxiv:test:000060:6244d60e2fe63550,1,1506.939974,1506.9007568359375,1176.65525,329.946714,0.0,0.0,0.0,0.0,176.92364883422852,169.46284675598145,0,0,0,0,0,0,0,0,0,0,119.68844985961914,5.962592005729675,35.58150386810303,15.691103100776672,nocache_bf16,large_h6_n10_s100_wikics_arxiv,6244d60e2fe635503dea4f66e19474b85730be0ae3efec13a3c94008a7a9a5f4,727.568603515625,428.8952646255493,0,468.13618564605713,0,0,0,0
arxiv,test,161,61,arxiv:test:000061:99666928c9355e5b,1,1518.69522,1518.6552734375,1152.070641,366.224575,0.0,0.0,0.0,0.0,206.89251327514648,156.23638534545898,0,0,0,0,0,0,0,0,0,0,149.3036823272705,8.096415996551514,33.6627516746521,15.829663276672363,nocache_bf16,large_h6_n10_s100_wikics_arxiv,99666928c9355e5bbdc2ddc86bb4ef67daf764e66cd971c7119a909dc00caec1,687.6239624023438,404.829665184021,0,439.03068256378174,0,0,0,0
arxiv,test,162,62,arxiv:test:000062:bec78568e4fa8bbf,1,1458.81419,1458.7728271484375,1145.640046,312.83487,0.0,0.0,0.0,0.0,170.0618896484375,163.9847011566162,0,0,0,0,0,0,0,0,0,0,113.58553504943848,5.9243199825286865,35.61398363113403,14.938050985336304,nocache_bf16,large_h6_n10_s100_wikics_arxiv,bec78568e4fa8bbf65d8ea931527267a40587408a1ef2471059bc80441a46fb4,708.026611328125,417.6093454360962,0,454.401967048645,0,0,0,0
arxiv,test,163,63,arxiv:test:000063:91c5a58cb1375a08,1,1204.751764,1204.7161865234375,882.250825,322.19352,0.0,0.0,0.0,0.0,109.03782272338867,129.7781753540039,0,0,0,0,0,0,0,0,0,0,67.70591926574707,3.492031991481781,26.874111652374268,10.965759813785553,nocache_bf16,large_h6_n10_s100_wikics_arxiv,91c5a58cb1375a08b22109223c737570a74eacb15fab3b374a5d4a2e94b894d5,559.6083984375,328.99778842926025,0,360.38878536224365,0,0,0,0
arxiv,test,164,64,arxiv:test:000064:6a12ed40fb7a93c8,1,1352.508295,1352.4716796875,1036.325364,315.875082,0.0,0.0,0.0,0.0,151.92691040039062,150.08399963378906,0,0,0,0,0,0,0,0,0,0,100.79427146911621,5.390752017498016,31.959296703338623,13.782590210437775,nocache_bf16,large_h6_n10_s100_wikics_arxiv,6a12ed40fb7a93c83d45ebc818e4bc7a59193f1756e8600f010c6fbcd9d23c04,641.4373779296875,380.0498561859131,0,411.4715213775635,0,0,0,0
arxiv,test,165,65,arxiv:test:000065:b4196de0afae9713,1,1493.83097,1493.79296875,1175.701087,317.740856,0.0,0.0,0.0,0.0,175.92963027954102,169.34588813781738,0,0,0,0,0,0,0,0,0,0,117.8727035522461,5.981312096118927,36.33241605758667,15.743198573589325,nocache_bf16,large_h6_n10_s100_wikics_arxiv,b4196de0afae9713dd543bbafa99ad966258192a919b347a7175c936626ae78f,726.0326538085938,428.81142234802246,0,466.5671195983887,0,0,0,0
arxiv,test,166,66,arxiv:test:000066:fbb5136596808044,1,1516.056761,1516.017333984375,1163.979055,351.748323,0.0,0.0,0.0,0.0,188.06732559204102,163.19103813171387,0,0,0,0,0,0,0,0,0,0,129.82003021240234,6.977696061134338,35.74278402328491,15.526815295219421,nocache_bf16,large_h6_n10_s100_wikics_arxiv,fbb5136596808044cc3038d404bc8f6cace03dc80ad31d7bbfe14fd19b261af5,708.5452270507812,417.5469732284546,0,454.1892919540405,0,0,0,0
arxiv,test,167,67,arxiv:test:000067:fa85f05d87405140,1,1485.881344,1485.8431396484375,1085.042269,400.498075,0.0,0.0,0.0,0.0,159.3824634552002,155.5477123260498,0,0,0,0,0,0,0,0,0,0,106.41721534729004,5.589152038097382,33.26419162750244,14.111904442310333,nocache_bf16,large_h6_n10_s100_wikics_arxiv,fa85f05d874051402204cced44808964ffa5e2dde8b50ab94d924b2e039db06a,674.5671997070312,397.4645748138428,0,432.6503372192383,0,0,0,0
arxiv,test,168,68,arxiv:test:000068:9e5b91a78336f4db,1,1523.783873,1523.74560546875,1158.310244,365.149607,0.0,0.0,0.0,0.0,213.1204833984375,159.21040153503418,0,0,0,0,0,0,0,0,0,0,154.09564781188965,8.17625606060028,34.269503593444824,16.579075932502747,nocache_bf16,large_h6_n10_s100_wikics_arxiv,9e5b91a78336f4dbfdab98acf0c12ea6d117a30f768e9ea9c4c5d64f8dc9a52e,685.7514038085938,404.5277452468872,0,440.4340600967407,0,0,0,0
arxiv,test,169,69,arxiv:test:000069:ab2956d520370850,1,1460.378797,1460.3397216796875,1146.759157,313.209189,0.0,0.0,0.0,0.0,206.0623016357422,157.1352939605713,0,0,0,0,0,0,0,0,0,0,147.55711936950684,8.075967907905579,34.23542356491089,16.193790793418884,nocache_bf16,large_h6_n10_s100_wikics_arxiv,ab2956d520370850b66eb3e2df8fc1f55cde72b28131f2e95a0cb892e4b0ce5f,685.8471069335938,403.35487937927246,0,439.6275215148926,0,0,0,0
arxiv,test,170,70,arxiv:test:000070:86376d99f593daf5,1,1480.527641,1480.4898681640625,1167.175504,312.988488,0.0,0.0,0.0,0.0,173.47449684143066,169.353759765625,0,0,0,0,0,0,0,0,0,0,115.61913681030273,6.01993602514267,36.45388841629028,15.381535589694977,nocache_bf16,large_h6_n10_s100_wikics_arxiv,86376d99f593daf5731e4d75f2360e834000011c568f6ffcf264dc5dfa24e942,724.73974609375,427.0181770324707,0,467.0753288269043,0,0,0,0
arxiv,test,171,71,arxiv:test:000071:4619e988f89c1108,1,1450.563936,1450.5257568359375,1137.063342,313.18062,0.0,0.0,0.0,0.0,166.03756713867188,164.04006576538086,0,0,0,0,0,0,0,0,0,0,110.03935813903809,5.638207972049713,35.50153589248657,14.858465135097504,nocache_bf16,large_h6_n10_s100_wikics_arxiv,4619e988f89c11082a6749f1d133a9543c0fa63ffa70cd313c6d239847277f9e,708.1122436523438,417.0344352722168,0,455.1178741455078,0,0,0,0
arxiv,test,172,72,arxiv:test:000072:15976e0c60667f00,1,1376.476113,1376.4388427734375,1038.930395,337.189233,0.0,0.0,0.0,0.0,139.44953727722168,154.5036506652832,0,0,0,0,0,0,0,0,0,0,89.69168090820312,4.534943997859955,31.812320232391357,13.410592138767242,nocache_bf16,large_h6_n10_s100_wikics_arxiv,15976e0c60667f00f648fc1a1b5f7bcbe7ff7e1b0297989f5c995f57c8fcd243,647.9288330078125,382.8744316101074,0,419.5580520629883,0,0,0,0
arxiv,test,173,73,arxiv:test:000073:d96c675b2f816922,1,1573.260721,1573.2215576171875,1205.93394,366.986543,0.0,0.0,0.0,0.0,200.80669021606445,171.1243839263916,0,0,0,0,0,0,0,0,0,0,139.6150074005127,7.2150719165802,37.44352054595947,16.533090353012085,nocache_bf16,large_h6_n10_s100_wikics_arxiv,d96c675b2f816922a4928577f458d48b866de6a89256a73f5aba201e1c5d5b02,740.255126953125,435.77040004730225,0,475.60911083221436,0,0,0,0
arxiv,test,174,74,arxiv:test:000074:941cb92444178d37,1,1608.62588,1608.586669921875,1208.965457,399.317092,0.0,0.0,0.0,0.0,212.80227279663086,164.97005081176758,0,0,0,0,0,0,0,0,0,0,152.783842086792,8.049535989761353,35.51580810546875,16.453086614608765,nocache_bf16,large_h6_n10_s100_wikics_arxiv,941cb92444178d37c272bc03c32424d62f16d8449d1ad46409d75c0012f455cc,729.7987060546875,429.62268829345703,0,465.14606857299805,0,0,0,0
arxiv,test,175,75,arxiv:test:000075:518e94c81e42d0b5,1,1377.919423,1377.8828125,1028.89972,348.655379,0.0,0.0,0.0,0.0,195.1793918609619,136.87299156188965,0,0,0,0,0,0,0,0,0,0,144.34377670288086,7.854431986808777,28.656799793243408,14.32438337802887,nocache_bf16,large_h6_n10_s100_wikics_arxiv,518e94c81e42d0b5c38489a69ab637ec3981901fe9f213656a1ca00db2bc4d7b,601.959228515625,354.28063774108887,0,384.5515823364258,0,0,0,0
arxiv,test,176,76,arxiv:test:000076:ba8ee2f748d9be49,1,1479.507063,1479.466796875,1163.983621,314.767396,0.0,0.0,0.0,0.0,157.92649459838867,170.51225471496582,0,0,0,0,0,0,0,0,0,0,101.16748809814453,5.166815996170044,36.55523157119751,15.036958932876587,nocache_bf16,large_h6_n10_s100_wikics_arxiv,ba8ee2f748d9be49b684c34372c5d886fb7f29cc5399aec1bfab76cf2569f046,730.46826171875,430.69830322265625,0,470.28221321105957,0,0,0,0
arxiv,test,177,77,arxiv:test:000077:5888a05877d4a3f7,1,1530.623592,1530.577392578125,1214.945262,315.179105,0.0,0.0,0.0,0.0,224.21552276611328,163.89526176452637,0,0,0,0,0,0,0,0,0,0,164.01049423217773,8.723007917404175,34.71737575531006,16.764644861221313,nocache_bf16,large_h6_n10_s100_wikics_arxiv,5888a05877d4a3f76e161f41c66e539d2be27f131d7c87050b092a962d7cb5a2,724.15869140625,425.5589437484741,0,462.49500942230225,0,0,0,0
arxiv,test,178,78,arxiv:test:000078:b2b1e0e3155a95df,1,1403.106421,1403.069091796875,1088.053484,314.740433,0.0,0.0,0.0,0.0,157.93641662597656,154.76102447509766,0,0,0,0,0,0,0,0,0,0,105.58342361450195,5.502847969532013,32.85743951797485,13.992705523967743,nocache_bf16,large_h6_n10_s100_wikics_arxiv,b2b1e0e3155a95df55c442974eb53017073aac94ed5a506c708893a966d86979,675.2548217773438,397.6656951904297,0,432.3501510620117,0,0,0,0
arxiv,test,179,79,arxiv:test:000079:f62eab72bfea6732,1,1516.845637,1516.8062744140625,1150.712095,365.743619,0.0,0.0,0.0,0.0,171.03881645202637,164.08444786071777,0,0,0,0,0,0,0,0,0,0,114.67788696289062,5.95526397228241,35.447967529296875,14.957697987556458,nocache_bf16,large_h6_n10_s100_wikics_arxiv,f62eab72bfea67329c216ab01713c94f86fd691ea9ae70a6cd4ff1cc3385cda2,712.0135498046875,419.41325092315674,0,456.68474674224854,0,0,0,0
arxiv,test,180,80,arxiv:test:000080:8e38fa691cd057dc,1,1369.375865,1369.33642578125,1014.951703,354.068225,0.0,0.0,0.0,0.0,147.5377902984619,145.07487869262695,0,0,0,0,0,0,0,0,0,0,97.79654216766357,5.1180479526519775,31.028480052947998,13.594720125198364,nocache_bf16,large_h6_n10_s100_wikics_arxiv,8e38fa691cd057dc10c8b3325642224ddd2580eceb05e615ea46257be54d1775,626.107421875,370.53686332702637,0,400.6454372406006,0,0,0,0
arxiv,test,181,81,arxiv:test:000081:31480263ed5d277b,1,938.713366,938.6793212890625,572.800016,365.621149,0.0,0.0,0.0,0.0,76.0128002166748,82.5361909866333,0,0,0,0,0,0,0,0,0,0,49.24915266036987,2.4901440143585205,16.8088641166687,7.46463942527771,nocache_bf16,large_h6_n10_s100_wikics_arxiv,31480263ed5d277b9c0c192a10844c610e8a6633f8b1f2e4ee208043481d08eb,361.0442810058594,210.82639980316162,0,232.75407218933105,0,0,0,0
arxiv,test,182,82,arxiv:test:000082:edacc0da0c3ea4ad,1,1448.34477,1448.307373046875,1064.775307,383.243172,0.0,0.0,0.0,0.0,149.60015869140625,154.18111991882324,0,0,0,0,0,0,0,0,0,0,97.67737483978271,5.147808015346527,32.997056007385254,13.777919828891754,nocache_bf16,large_h6_n10_s100_wikics_arxiv,edacc0da0c3ea4ad508bb888645aaa82d23fb8717b7713cd1de39ab640f4cc81,652.974853515625,385.4036169052124,0,421.75235652923584,0,0,0,0
arxiv,test,183,83,arxiv:test:000083:d50e616e9faabf8a,1,1652.428863,1652.3887939453125,1249.576365,402.532266,0.0,0.0,0.0,0.0,240.19184112548828,167.26902389526367,0,0,0,0,0,0,0,0,0,0,177.47564888000488,9.380288004875183,36.01689624786377,17.319007992744446,nocache_bf16,large_h6_n10_s100_wikics_arxiv,d50e616e9faabf8ac712e8de6c3ada7613e8a25859e391d8fcd2f964f0c59cc5,734.9075927734375,434.10345363616943,0,468.07316303253174,0,0,0,0
arxiv,test,184,84,arxiv:test:000084:8c86ab793e25743d,1,1374.426276,1374.3887939453125,897.110435,477.017384,0.0,0.0,0.0,0.0,122.78528022766113,128.52374649047852,0,0,0,0,0,0,0,0,0,0,80.88211154937744,4.111936032772064,26.44326400756836,11.347968637943268,nocache_bf16,large_h6_n10_s100_wikics_arxiv,8c86ab793e25743d842b6bdc3392960b2af7e47e446f6409a597823c3f49e639,560.311279296875,329.650239944458,0,359.1847858428955,0,0,0,0
arxiv,test,185,85,arxiv:test:000085:c106d133f326eef3,1,1617.256648,1617.2169189453125,1218.340604,398.598968,0.0,0.0,0.0,0.0,206.4218864440918,168.8678092956543,0,0,0,0,0,0,0,0,0,0,145.76515197753906,7.6636799573898315,36.46137619018555,16.531678318977356,nocache_bf16,large_h6_n10_s100_wikics_arxiv,c106d133f326eef3498f3c205375a446bc3dd642bd6626451388950ba3cd9152,740.9470825195312,435.62281608581543,0,474.1920757293701,0,0,0,0
arxiv,test,186,86,arxiv:test:000086:612d3da97d54f8b2,1,1604.001292,1603.9619140625,1201.226592,402.433741,0.0,0.0,0.0,0.0,159.6069450378418,177.08563232421875,0,0,0,0,0,0,0,0,0,0,100.01910400390625,5.163136005401611,38.24352025985718,16.181184768676758,nocache_bf16,large_h6_n10_s100_wikics_arxiv,612d3da97d54f8b287b23fd290dcf87f9d7be573587db540be49c82f96e4c8eb,758.9231567382812,448.07971382141113,0,487.92907524108887,0,0,0,0
arxiv,test,187,87,arxiv:test:000087:e06d132a946fdea4,1,1500.753467,1500.7147216796875,1129.99072,370.456562,0.0,0.0,0.0,0.0,184.31625938415527,157.66784286499023,0,0,0,0,0,0,0,0,0,0,128.7538242340088,6.680480003356934,33.476191997528076,15.405763149261475,nocache_bf16,large_h6_n10_s100_wikics_arxiv,e06d132a946fdea44858de413f6040ad2abf998cbd2186dff4f6ea1850545827,686.3056640625,403.4825267791748,0,440.49098014831543,0,0,0,0
arxiv,test,188,88,arxiv:test:000088:80620978f1a2fcd3,1,1256.964738,1256.928955078125,882.72408,373.870591,0.0,0.0,0.0,0.0,130.75286293029785,125.97891044616699,0,0,0,0,0,0,0,0,0,0,88.62441539764404,4.5766719579696655,26.153056144714355,11.398719429969788,nocache_bf16,large_h6_n10_s100_wikics_arxiv,80620978f1a2fcd377f0135cede0a4c45709a1cb2f92f3331e15fdf631e60e18,556.2913208007812,326.5044803619385,0,355.76575088500977,0,0,0,0
arxiv,test,189,89,arxiv:test:000089:620c6b9c227bbbc9,1,1523.118883,1523.078369140625,1101.864721,420.929646,0.0,0.0,0.0,0.0,176.02982330322266,156.90713500976562,0,0,0,0,0,0,0,0,0,0,121.28717041015625,6.30511999130249,33.32694387435913,15.110589027404785,nocache_bf16,large_h6_n10_s100_wikics_arxiv,620c6b9c227bbbc93b0a63281e51f96d10b144d7b746119f22d7b07affc0f983,674.704345703125,396.6782388687134,0,434.93324184417725,0,0,0,0
arxiv,test,190,90,arxiv:test:000090:301e4d139270b49f,1,1507.581559,1507.5433349609375,1103.046758,404.220083,0.0,0.0,0.0,0.0,160.59372901916504,157.72784042358398,0,0,0,0,0,0,0,0,0,0,107.62006568908691,5.531040132045746,33.040128231048584,14.402494966983795,nocache_bf16,large_h6_n10_s100_wikics_arxiv,301e4d139270b49f25e8b93f1ec539cd4c92322b95db3dbdeeaa5e66a291d63b,686.7182006835938,403.99023818969727,0,440.45580291748047,0,0,0,0
arxiv,test,191,91,arxiv:test:000091:beef13982aa0e3bd,1,1520.536601,1520.497314453125,1203.234001,316.963945,0.0,0.0,0.0,0.0,203.75385665893555,164.86172676086426,0,0,0,0,0,0,0,0,0,0,145.3100471496582,7.725791931152344,34.87980794906616,15.838209629058838,nocache_bf16,large_h6_n10_s100_wikics_arxiv,beef13982aa0e3bdafad69c258c808979b98e556b61598a93617959e7b8cc2cb,731.4166259765625,431.00332832336426,0,465.2750244140625,0,0,0,0
arxiv,test,192,92,arxiv:test:000092:af69a7134cdf4f39,1,1483.700664,1483.66259765625,1165.900552,317.49112,0.0,0.0,0.0,0.0,175.0992946624756,170.85308647155762,0,0,0,0,0,0,0,0,0,0,115.98483085632324,6.044512033462524,37.256288051605225,15.813663721084595,nocache_bf16,large_h6_n10_s100_wikics_arxiv,af69a7134cdf4f39cf2fb5797be600ba172efd4232a54e93143f35d90f17d392,729.2631225585938,430.6463041305542,0,469.46990489959717,0,0,0,0
arxiv,test,193,93,arxiv:test:000093:e5bbef4be1378794,1,1523.100035,1523.0616455078125,1139.736025,383.0435,0.0,0.0,0.0,0.0,170.09090995788574,164.55977630615234,0,0,0,0,0,0,0,0,0,0,113.41049575805664,5.932447910308838,35.78326416015625,14.964702129364014,nocache_bf16,large_h6_n10_s100_wikics_arxiv,e5bbef4be1378794476e97eee1e990485575e915984280bbf2da6d15e681b069,712.4927368164062,419.8548164367676,0,457.197696685791,0,0,0,0
arxiv,test,194,94,arxiv:test:000094:28e0fcda3c7a47f0,1,1511.979739,1511.9404296875,1192.100679,319.570313,0.0,0.0,0.0,0.0,208.7003517150879,165.53321838378906,0,0,0,0,0,0,0,0,0,0,149.4329605102539,7.770112037658691,35.299072265625,16.198206901550293,nocache_bf16,large_h6_n10_s100_wikics_arxiv,28e0fcda3c7a47f0f95a250eaa1ea53a64c6a24f5f03f3b3d824971559d29ff1,728.2852783203125,428.6490259170532,0,465.16947078704834,0,0,0,0
arxiv,test,195,95,arxiv:test:000095:2e7f392bc5536560,1,1442.948506,1442.9110107421875,1042.007539,400.640293,0.0,0.0,0.0,0.0,148.69225692749023,154.50681686401367,0,0,0,0,0,0,0,0,0,0,95.94486427307129,4.9860799908638,33.724064350128174,14.037248313426971,nocache_bf16,large_h6_n10_s100_wikics_arxiv,2e7f392bc5536560646ebcd34d6778a2fb62bff21d4c7dc4d8b63c31ad6d73ed,658.4935913085938,384.87705421447754,0,428.1233539581299,0,0,0,0
arxiv,test,196,96,arxiv:test:000096:da4c1b2e123e292d,1,1343.590604,1343.5540771484375,992.278965,351.024398,0.0,0.0,0.0,0.0,147.11801528930664,145.15318489074707,0,0,0,0,0,0,0,0,0,0,97.57135963439941,5.121599972248077,31.271520137786865,13.153535544872284,nocache_bf16,large_h6_n10_s100_wikics_arxiv,da4c1b2e123e292d3b7e1f44d848e695579c3cd4edc03957cf4b295218cbd6ef,623.8788452148438,368.7075529098511,0,400.32447719573975,0,0,0,0
arxiv,test,197,97,arxiv:test:000097:6d9c34e632a3e4a9,1,1496.417726,1496.379638671875,1096.152408,399.966959,0.0,0.0,0.0,0.0,162.9975357055664,159.6769618988037,0,0,0,0,0,0,0,0,0,0,108.94054412841797,5.632320165634155,33.85558366775513,14.569087743759155,nocache_bf16,large_h6_n10_s100_wikics_arxiv,6d9c34e632a3e4a909618086fbed82f3ed5c932eb77aaeb3cd3349db8baaf079,686.1547241210938,404.57897663116455,0,441.2527093887329,0,0,0,0
arxiv,test,198,98,arxiv:test:000098:9903545b1d27c917,1,1517.550629,1517.5120849609375,1150.49064,366.748128,0.0,0.0,0.0,0.0,210.93516540527344,158.85721588134766,0,0,0,0,0,0,0,0,0,0,151.92412757873535,8.225504040718079,34.30025625228882,16.48527753353119,nocache_bf16,large_h6_n10_s100_wikics_arxiv,9903545b1d27c917c404d3ddf3ae459b791626f0599141d08706cf8c132f1fc1,693.7030639648438,408.38150691986084,0,444.17877292633057,0,0,0,0
arxiv,test,199,99,arxiv:test:000099:a363a036dd1c8d42,1,1480.364208,1480.3267822265625,1075.34138,404.714578,0.0,0.0,0.0,0.0,160.22313690185547,156.1247673034668,0,0,0,0,0,0,0,0,0,0,107.44575881958008,5.610111951828003,32.96678447723389,14.200481653213501,nocache_bf16,large_h6_n10_s100_wikics_arxiv,a363a036dd1c8d420403ea879b46c123da177628f40c118689808017ddce16fc,674.5697021484375,397.41539001464844,0,433.27907943725586,0,0,0,0
arxiv,val,0,0,arxiv:val:000000:2ca62d00a890aa84,2,1741.37651,1741.319580078125,1400.627481,340.271506,0.0,0.0,0.0,0.0,193.09103965759277,169.6426544189453,0,0,0,0,0,0,0,0,0,0,128.4647674560547,6.22518390417099,42.86172819137573,15.539360105991364,nocache_bf16,large_h6_n10_s100_wikics_arxiv,2ca62d00a890aa8464a6da3728825202198bcc513fe666faadd8aa998acdb9f2,834.9644775390625,437.6649580001831,0,566.9421739578247,0,0,0,0
arxiv,val,1,1,arxiv:val:000001:60580fb403549285,2,1493.346896,1493.310302734375,1185.744736,307.301934,0.0,0.0,0.0,0.0,207.70275115966797,161.76422500610352,0,0,0,0,0,0,0,0,0,0,149.3303337097168,8.041311979293823,34.47644805908203,15.854657411575317,nocache_bf16,large_h6_n10_s100_wikics_arxiv,60580fb403549285c13a71ed0dd66a154ba7ca5299783abae7bc3d0ced297729,710.9449462890625,420.27427101135254,0,452.4349002838135,0,0,0,0
arxiv,val,2,2,arxiv:val:000002:0f56629b76181b48,2,1403.27977,1403.247314453125,1006.034409,396.974823,0.0,0.0,0.0,0.0,137.09299278259277,145.7228183746338,0,0,0,0,0,0,0,0,0,0,89.20112037658691,4.609727919101715,30.582335948944092,12.699808537960052,nocache_bf16,large_h6_n10_s100_wikics_arxiv,0f56629b76181b48667d9cbcd2345c35f2620d7bfa2297baabc2f253e5b2d1f9,630.4065551757812,373.53200340270996,0,402.5973701477051,0,0,0,0
arxiv,val,3,3,arxiv:val:000003:f8a271ff72baf265,2,1450.901522,1450.8685302734375,1091.511863,359.091343,0.0,0.0,0.0,0.0,160.36742210388184,156.1016960144043,0,0,0,0,0,0,0,0,0,0,108.46425819396973,5.63401597738266,32.23523235321045,14.033915579319,nocache_bf16,large_h6_n10_s100_wikics_arxiv,f8a271ff72baf265126e8db430172f5bed9c9bc1236ed2c483b676d3b3da5b06,673.4186401367188,398.07251358032227,0,431.4478225708008,0,0,0,0
arxiv,val,4,4,arxiv:val:000004:90c6fb7029699303,2,1332.218797,1332.1856689453125,916.445923,415.50689,0.0,0.0,0.0,0.0,110.8973445892334,133.71420860290527,0,0,0,0,0,0,0,0,0,0,69.27561664581299,3.414112091064453,27.195680141448975,11.011935710906982,nocache_bf16,large_h6_n10_s100_wikics_arxiv,90c6fb7029699303f3be39cfbbdd83064a30479ef55c381b7707847af46961e2,586.556884765625,345.63049602508545,0,374.6405973434448,0,0,0,0
arxiv,val,5,5,arxiv:val:000005:b1fb0d955f08ebcc,2,1477.391977,1477.3585205078125,1078.240127,398.747608,0.0,0.0,0.0,0.0,148.07366371154785,156.8008632659912,0,0,0,0,0,0,0,0,0,0,96.66038417816162,4.958912014961243,32.74336051940918,13.711006999015808,nocache_bf16,large_h6_n10_s100_wikics_arxiv,b1fb0d955f08ebcc1854a82d690b457a8b352e7b76fe61f26baecc15aca241c2,676.4144287109375,398.8872318267822,0,434.3280601501465,0,0,0,0
arxiv,val,6,6,arxiv:val:000006:df18bd588fa33fe2,2,1458.96711,1458.9334716796875,1146.979789,311.662567,0.0,0.0,0.0,0.0,166.52169609069824,163.83251190185547,0,0,0,0,0,0,0,0,0,0,111.26313591003418,5.828800082206726,34.800992488861084,14.628767609596252,nocache_bf16,large_h6_n10_s100_wikics_arxiv,df18bd588fa33fe2de8fe20a19987197c455f73623e4b9fecb2e949daa89b43c,714.2066650390625,421.0214080810547,0,457.0177688598633,0,0,0,0
arxiv,val,7,7,arxiv:val:000007:5d8bef236ece6d70,2,1378.104639,1378.0712890625,1035.476344,342.340228,0.0,0.0,0.0,0.0,164.9901123046875,142.69360160827637,0,0,0,0,0,0,0,0,0,0,115.84473419189453,6.092639982700348,29.693535327911377,13.359202802181244,nocache_bf16,large_h6_n10_s100_wikics_arxiv,5d8bef236ece6d70ca2faa9c61718eeb618fd2f06ab8ea1c9a211c1ffba39d87,628.5020751953125,368.5199041366577,0,402.67577266693115,0,0,0,0
arxiv,val,8,8,arxiv:val:000008:50c056e8e13586b5,2,1336.797965,1336.765625,1027.043227,309.467903,0.0,0.0,0.0,0.0,163.48118209838867,146.39529609680176,0,0,0,0,0,0,0,0,0,0,113.65622329711914,5.89468789100647,30.38108730316162,13.54918360710144,nocache_bf16,large_h6_n10_s100_wikics_arxiv,50c056e8e13586b5abb1d2ff6e8a110fa32a37fc5f195ac87dde107ad2b022c3,627.8878784179688,372.42960262298584,0,401.85357189178467,0,0,0,0
arxiv,val,9,9,arxiv:val:000009:18155f7c05fbf94e,2,1542.620168,1542.585205078125,1201.474215,340.847143,0.0,0.0,0.0,0.0,184.42176055908203,172.97667121887207,0,0,0,0,0,0,0,0,0,0,124.23827171325684,6.526048064231873,37.268863677978516,16.388577103614807,nocache_bf16,large_h6_n10_s100_wikics_arxiv,18155f7c05fbf94e33b3f603b69cecfa80e7cedb50fe2baa74f0d28baa4b0f2b,740.0689697265625,437.3290548324585,0,475.7165861129761,0,0,0,0
arxiv,val,10,10,arxiv:val:000010:734b087b8f518269,2,1338.041608,1338.00927734375,918.752494,419.018518,0.0,0.0,0.0,0.0,111.28211212158203,135.417631149292,0,0,0,0,0,0,0,0,0,0,69.13417434692383,3.44159996509552,27.536800384521484,11.169537425041199,nocache_bf16,large_h6_n10_s100_wikics_arxiv,734b087b8f5182690f6917df19e1b75fcc1ab683af3f29e5ab7c61b67b706a93,588.3924560546875,346.52006244659424,0,377.29002475738525,0,0,0,0
arxiv,val,11,11,arxiv:val:000011:218fb05804b34902,2,1339.99281,1339.9595947265625,1031.313213,308.374149,0.0,0.0,0.0,0.0,148.5294075012207,146.66383934020996,0,0,0,0,0,0,0,0,0,0,99.64368057250977,5.189759969711304,30.653696537017822,13.042270421981812,nocache_bf16,large_h6_n10_s100_wikics_arxiv,218fb05804b34902580b9c384ae4f6815b6ac7a814598f271d8ec7c8cc9d1e97,636.1799926757812,374.0094413757324,0,408.8343906402588,0,0,0,0
arxiv,val,12,12,arxiv:val:000012:d60fe2ae03f6eac8,2,1259.658089,1259.6251220703125,864.354003,395.024243,0.0,0.0,0.0,0.0,115.52441596984863,123.8286075592041,0,0,0,0,0,0,0,0,0,0,75.8107213973999,3.804512083530426,25.35491180419922,10.554270684719086,nocache_bf16,large_h6_n10_s100_wikics_arxiv,d60fe2ae03f6eac84a1f19401647d5cb09163cbf2fc00ebcf0082f9223ce47bb,542.8995971679688,319.7223358154297,0,347.00586891174316,0,0,0,0
arxiv,val,13,13,arxiv:val:000013:268cba3e8bea6bbc,2,1506.382686,1506.3480224609375,1193.210227,312.892685,0.0,0.0,0.0,0.0,177.2291202545166,170.60345840454102,0,0,0,0,0,0,0,0,0,0,119.22588920593262,6.263712048530579,36.42079973220825,15.318719267845154,nocache_bf16,large_h6_n10_s100_wikics_arxiv,268cba3e8bea6bbc958504f9100b127a0e6c38ffb04407559a4f1b8afca109db,740.9658813476562,438.3329610824585,0,473.23637866973877,0,0,0,0
arxiv,val,14,14,arxiv:val:000014:27e07c074f120390,2,814.281478,814.2511596679688,484.708705,329.329124,0.0,0.0,0.0,0.0,53.80144119262695,70.63203239440918,0,0,0,0,0,0,0,0,0,0,32.26454401016235,1.5591999888420105,14.116384029388428,5.861313164234161,nocache_bf16,large_h6_n10_s100_wikics_arxiv,27e07c074f120390a136a24ac21a396b7ae25d63ea5fab508a8ee0aa47af7f4e,308.06439208984375,182.21116828918457,0,196.48525619506836,0,0,0,0
arxiv,val,15,15,arxiv:val:000015:9024ef9ec454b547,2,1459.612791,1459.5784912109375,1146.774315,312.561563,0.0,0.0,0.0,0.0,163.12550354003906,165.9316806793213,0,0,0,0,0,0,0,0,0,0,107.07654571533203,5.596767961978912,35.63580799102783,14.816381871700287,nocache_bf16,large_h6_n10_s100_wikics_arxiv,9024ef9ec454b5478893dc819578d8713e5a8398e93d9359ead4ec0b7f1c7d4e,716.0407104492188,422.724928855896,0,459.24746227264404,0,0,0,0
arxiv,val,16,16,arxiv:val:000016:7e1664ccf8593701,2,1023.891602,1023.8612060546875,662.699565,360.940436,0.0,0.0,0.0,0.0,77.73283290863037,96.62137603759766,0,0,0,0,0,0,0,0,0,0,47.467968463897705,2.2952640056610107,19.985503911972046,7.984096527099609,nocache_bf16,large_h6_n10_s100_wikics_arxiv,7e1664ccf8593701c6c8c2050a1018d04804245f371bd4eff878cb6153c7af9a,422.9685363769531,247.9724473953247,0,271.6174650192261,0,0,0,0
arxiv,val,17,17,arxiv:val:000017:7ad1ef9d9566a25d,2,1594.189001,1594.1536865234375,1195.585601,398.331609,0.0,0.0,0.0,0.0,182.32540702819824,169.2096004486084,0,0,0,0,0,0,0,0,0,0,124.15398597717285,6.572832107543945,36.14128017425537,15.457308769226074,nocache_bf16,large_h6_n10_s100_wikics_arxiv,7ad1ef9d9566a25d388509e1100cc3c7f10c255cea9ac15eba4fcc516975eab1,741.8194580078125,438.30787467956543,0,472.72118377685547,0,0,0,0
arxiv,val,18,18,arxiv:val:000018:98b4c6d0d8b5843b,2,1524.153334,1524.1177978515625,1179.949752,343.889741,0.0,0.0,0.0,0.0,192.61747550964355,166.31292724609375,0,0,0,0,0,0,0,0,0,0,133.22508811950684,7.2325119972229,36.37036848068237,15.789506912231445,nocache_bf16,large_h6_n10_s100_wikics_arxiv,98b4c6d0d8b5843b73ad7e8e529a19b402ae2295c0781a0c0395f6b729379c34,726.4950561523438,428.05603313446045,0,464.75195026397705,0,0,0,0
arxiv,val,19,19,arxiv:val:000019:afbf83efcf3da599,2,1359.895996,1359.862060546875,1046.501594,313.119172,0.0,0.0,0.0,0.0,130.9892177581787,153.5324821472168,0,0,0,0,0,0,0,0,0,0,81.81171131134033,4.1392640471458435,32.19040012359619,12.847842276096344,nocache_bf16,large_h6_n10_s100_wikics_arxiv,afbf83efcf3da5999478e2f7e58fcecc35400cb3c4401303e814154a42eaf103,664.311767578125,390.9424648284912,0,426.9017848968506,0,0,0,0
arxiv,val,20,20,arxiv:val:000020:dbd405fe94a09147,2,1581.350367,1581.3145751953125,1187.038007,393.985067,0.0,0.0,0.0,0.0,192.12652587890625,168.5052490234375,0,0,0,0,0,0,0,0,0,0,133.06092643737793,6.853856086730957,36.0610556602478,16.15068769454956,nocache_bf16,large_h6_n10_s100_wikics_arxiv,dbd405fe94a0914761f2690e252ab5f02774d2c32288555d28b65fa98b2eb936,723.2503662109375,426.75817489624023,0,464.99744033813477,0,0,0,0
arxiv,val,21,21,arxiv:val:000021:d051e1dec2fdf8ab,2,1459.298817,1459.2633056640625,1150.110865,308.844759,0.0,0.0,0.0,0.0,171.27471923828125,165.85398483276367,0,0,0,0,0,0,0,0,0,0,114.89177513122559,6.0728959441185,35.47596788406372,14.834080278873444,nocache_bf16,large_h6_n10_s100_wikics_arxiv,d051e1dec2fdf8ab788897adb9e17b8f3543bc60cfef74e047813b2fc343b801,714.4188232421875,422.32767963409424,0,457.94512844085693,0,0,0,0
arxiv,val,22,22,arxiv:val:000022:8f46ddff5f16826d,2,1178.907046,1178.8748779296875,865.517193,313.123214,0.0,0.0,0.0,0.0,101.32710456848145,126.35168075561523,0,0,0,0,0,0,0,0,0,0,62.155073165893555,3.0611200034618378,25.883584022521973,10.22732737660408,nocache_bf16,large_h6_n10_s100_wikics_arxiv,8f46ddff5f16826d7791db79b925bf61248b84cafbcd6caeb7ce88994412dfad,555.0487670898438,327.0778570175171,0,354.3225908279419,0,0,0,0
arxiv,val,23,23,arxiv:val:000023:a33ac7ffe04c9ef6,2,1215.43666,1215.4031982421875,867.802086,347.355439,0.0,0.0,0.0,0.0,116.81679916381836,123.95430564880371,0,0,0,0,0,0,0,0,0,0,76.97724914550781,3.8696640133857727,25.4302716255188,10.539614379405975,nocache_bf16,large_h6_n10_s100_wikics_arxiv,a33ac7ffe04c9ef66300780848af6861185cc9b4b5f9a3975b2bc955cba877f7,547.4315185546875,322.3199996948242,0,349.065824508667,0,0,0,0
arxiv,val,24,24,arxiv:val:000024:da1c8050639cf918,2,1414.362451,1414.3275146484375,1030.553431,383.532882,0.0,0.0,0.0,0.0,149.15184020996094,147.9673900604248,0,0,0,0,0,0,0,0,0,0,99.71433639526367,5.234784007072449,30.946752071380615,13.255967736244202,nocache_bf16,large_h6_n10_s100_wikics_arxiv,da1c8050639cf9185a33e7c695e416d7f01209d4bebcd08bd37949a743344866,633.6868286132812,375.04342555999756,0,406.6107931137085,0,0,0,0
arxiv,val,25,25,arxiv:val:000025:37a8f21d03520a0e,2,1356.108721,1356.0740966796875,977.953486,377.882671,0.0,0.0,0.0,0.0,135.2494716644287,140.30595016479492,0,0,0,0,0,0,0,0,0,0,88.75593566894531,4.601088047027588,29.60380744934082,12.28864049911499,nocache_bf16,large_h6_n10_s100_wikics_arxiv,37a8f21d03520a0efc07d08cfa1d101490e54a7a2645f3dfadafc92245aa296d,611.9772338867188,361.99216175079346,0,390.2910223007202,0,0,0,0
arxiv,val,26,26,arxiv:val:000026:00f02c2c514ec60b,2,1249.702263,1249.669677734375,918.268887,331.149575,0.0,0.0,0.0,0.0,111.71196937561035,133.34777450561523,0,0,0,0,0,0,0,0,0,0,69.8312635421753,3.4597439765930176,27.31123161315918,11.109730243682861,nocache_bf16,large_h6_n10_s100_wikics_arxiv,00f02c2c514ec60b5f5723f950fa17e2a742ca96af7fd9770b341d11040c92ef,587.5320434570312,345.90713691711426,0,374.9726810455322,0,0,0,0
arxiv,val,27,27,arxiv:val:000027:8cd62bf318a20ced,2,1363.664243,1363.6295166015625,980.63359,382.75492,0.0,0.0,0.0,0.0,136.0253448486328,140.84272003173828,0,0,0,0,0,0,0,0,0,0,89.38976001739502,4.6749759912490845,29.613728046417236,12.346880793571472,nocache_bf16,large_h6_n10_s100_wikics_arxiv,8cd62bf318a20ced512be52c3710c221ea086084ec460c0f7c22c64bd8d66dec,613.38232421875,363.3206043243408,0,390.90443992614746,0,0,0,0
arxiv,val,28,28,arxiv:val:000028:33517413de1e4a97,2,1265.652694,1265.618896484375,938.900751,326.483782,0.0,0.0,0.0,0.0,115.35734558105469,136.77635383605957,0,0,0,0,0,0,0,0,0,0,71.43782424926758,3.6080321073532104,28.84227180480957,11.469217419624329,nocache_bf16,large_h6_n10_s100_wikics_arxiv,33517413de1e4a9700f5457f04f622ed1542c195cb82455a0fac9ceacb1713a0,596.8690795898438,351.63081455230713,0,382.0146188735962,0,0,0,0
arxiv,val,29,29,arxiv:val:000029:46e60dd09f5fbfe9,2,1302.246285,1302.2125244140625,932.138845,369.846357,0.0,0.0,0.0,0.0,110.42784118652344,135.25161743164062,0,0,0,0,0,0,0,0,0,0,67.76579093933105,3.3229439854621887,28.181568145751953,11.157538115978241,nocache_bf16,large_h6_n10_s100_wikics_arxiv,46e60dd09f5fbfe93e7fb91664a431efd615337292ea6cb1d8678ca53464fa5f,595.2293090820312,351.9315538406372,0,378.54937267303467,0,0,0,0
arxiv,val,30,30,arxiv:val:000030:dfd3d74dd7468378,2,1336.594843,1336.560791015625,1027.967645,308.346012,0.0,0.0,0.0,0.0,162.78121757507324,145.66761589050293,0,0,0,0,0,0,0,0,0,0,113.1644172668457,5.914976060390472,30.266144275665283,13.435679972171783,nocache_bf16,large_h6_n10_s100_wikics_arxiv,dfd3d74dd7468378b9fe089cfadfa491a6c109bec1089a56d7c8f936713d3b00,630.4329223632812,373.4382076263428,0,402.6623306274414,0,0,0,0
arxiv,val,31,31,arxiv:val:000031:2a6403817126e571,2,1537.75925,1537.7232666015625,1143.558271,393.875312,0.0,0.0,0.0,0.0,173.64127922058105,164.21856117248535,0,0,0,0,0,0,0,0,0,0,117.274658203125,6.079840123653412,35.21900796890259,15.067772924900055,nocache_bf16,large_h6_n10_s100_wikics_arxiv,2a6403817126e571a35eb47f07b5f765d0f726f05ee913b223d9d38b59039542,707.1575927734375,416.56178855895996,0,454.8143653869629,0,0,0,0
arxiv,val,32,32,arxiv:val:000032:2474123e47f8abf2,2,1468.937809,1468.9022216796875,1143.837999,324.803128,0.0,0.0,0.0,0.0,173.57091522216797,163.97641563415527,0,0,0,0,0,0,0,0,0,0,117.12499237060547,6.110592007637024,35.24006366729736,15.095267176628113,nocache_bf16,large_h6_n10_s100_wikics_arxiv,2474123e47f8abf2ca6215adf1cf4e43394b78b20d8e53c3d9b5d131e3a2d17b,709.3373413085938,417.51203060150146,0,455.80172634124756,0,0,0,0
arxiv,val,33,33,arxiv:val:000033:d0850dde7b86cfe1,2,755.929979,755.9007568359375,410.52003,345.16604,0.0,0.0,0.0,0.0,49.256287574768066,59.24620819091797,0,0,0,0,0,0,0,0,0,0,31.143935680389404,1.524032011628151,11.426400065422058,5.161919817328453,nocache_bf16,large_h6_n10_s100_wikics_arxiv,d0850dde7b86cfe159626acbef6f22b442fc7f70a4212000a334b9de68dcb245,265.6845703125,152.61964893341064,0,172.31112957000732,0,0,0,0
arxiv,val,34,34,arxiv:val:000034:4eaa40c7c921d8f4,2,1263.754777,1263.7205810546875,934.400432,329.091225,0.0,0.0,0.0,0.0,115.66441535949707,136.51321601867676,0,0,0,0,0,0,0,0,0,0,71.7103681564331,3.5968639850616455,28.84553623199463,11.51164698600769,nocache_bf16,large_h6_n10_s100_wikics_arxiv,4eaa40c7c921d8f493a070722e1afd120044800ebc12cc5d04fef0e8a727b48a,594.9505004882812,350.59561824798584,0,380.86809825897217,0,0,0,0
arxiv,val,35,35,arxiv:val:000035:4456808cd3029e36,2,1481.255255,1481.2196044921875,1137.595807,343.325979,0.0,0.0,0.0,0.0,154.631010055542,166.90268898010254,0,0,0,0,0,0,0,0,0,0,99.4422082901001,5.099456012248993,35.48809623718262,14.601249516010284,nocache_bf16,large_h6_n10_s100_wikics_arxiv,4456808cd3029e36c6cd674805dfba1b0df5470dc0b6229da27fb0db573093a9,716.42431640625,423.20841789245605,0,460.1185874938965,0,0,0,0
arxiv,val,36,36,arxiv:val:000036:2b915ea34f5ecb41,2,1512.980732,1512.9456787109375,1200.751447,311.94132,0.0,0.0,0.0,0.0,180.41011428833008,171.30262565612793,0,0,0,0,0,0,0,0,0,0,122.05302619934082,6.44268798828125,36.472959995269775,15.441440105438232,nocache_bf16,large_h6_n10_s100_wikics_arxiv,2b915ea34f5ecb4195b7e648f39cc228565d57fb08ef7d137fd23d150f968b8c,743.4683837890625,438.4781160354614,0,476.292893409729,0,0,0,0
arxiv,val,37,37,arxiv:val:000037:614f76a891d0d5a3,2,1426.704035,1426.6683349609375,1114.150551,312.25025,0.0,0.0,0.0,0.0,161.49894523620605,160.61894416809082,0,0,0,0,0,0,0,0,0,0,107.1358699798584,5.570784032344818,34.35654401779175,14.43574720621109,nocache_bf16,large_h6_n10_s100_wikics_arxiv,614f76a891d0d5a3b29923cdfe9627edcfe1f02f6c18878cfe56320dda43f363,695.8339233398438,410.5437116622925,0,445.9091558456421,0,0,0,0
arxiv,val,38,38,arxiv:val:000038:1086cabadfb2c00e,2,1464.446805,1464.4114990234375,1156.879131,307.28705,0.0,0.0,0.0,0.0,174.84723091125488,165.83897590637207,0,0,0,0,0,0,0,0,0,0,117.9937915802002,6.143200039863586,35.433823585510254,15.276415705680847,nocache_bf16,large_h6_n10_s100_wikics_arxiv,1086cabadfb2c00efbeaa45c5b1b33cf288b259cb923f3c9f7d866c8204d9074,717.5147705078125,422.8060817718506,0,460.547664642334,0,0,0,0
arxiv,val,39,39,arxiv:val:000039:863cfc33eb9bc5c9,2,1341.38841,1341.3531494140625,1033.139856,307.959199,0.0,0.0,0.0,0.0,165.4814395904541,146.04774475097656,0,0,0,0,0,0,0,0,0,0,115.02169418334961,6.082464039325714,30.80281639099121,13.574464976787567,nocache_bf16,large_h6_n10_s100_wikics_arxiv,863cfc33eb9bc5c943412c751858c2a4b19fae1e9600f8c00a7815f722d7057d,634.8892211914062,374.1079969406128,0,406.82896900177,0,0,0,0
arxiv,val,40,40,arxiv:val:000040:138d2ea2dc1f5267,2,1562.724843,1562.6883544921875,1164.614763,397.840673,0.0,0.0,0.0,0.0,179.3912296295166,166.2046413421631,0,0,0,0,0,0,0,0,0,0,121.95289611816406,6.234495997428894,35.538591384887695,15.66524612903595,nocache_bf16,large_h6_n10_s100_wikics_arxiv,138d2ea2dc1f526777d488af538e88cb175b76d812df4fc0848d5ab0513b61f3,716.8150024414062,422.5422086715698,0,460.4774351119995,0,0,0,0
arxiv,val,41,41,arxiv:val:000041:d9a4a65cfd514f1c,2,1347.634859,1347.5997314453125,1036.787026,310.529296,0.0,0.0,0.0,0.0,163.10192108154297,144.7161922454834,0,0,0,0,0,0,0,0,0,0,113.31823921203613,5.929024040699005,30.312896251678467,13.541761577129364,nocache_bf16,large_h6_n10_s100_wikics_arxiv,d9a4a65cfd514f1cd028b6059ba71acd1c529452ede8859ce3fe42269be5e68c,637.6532592773438,374.78860569000244,0,407.5808458328247,0,0,0,0
arxiv,val,42,42,arxiv:val:000042:ff0500b9a531de21,2,1406.183898,1406.1494140625,1097.182096,308.71778,0.0,0.0,0.0,0.0,178.7698574066162,154.43078231811523,0,0,0,0,0,0,0,0,0,0,125.20633506774902,6.662079930305481,32.32137584686279,14.580066561698914,nocache_bf16,large_h6_n10_s100_wikics_arxiv,ff0500b9a531de21a3663ef84355fbe474988341d4bf06609c0f4f40872603e9,674.5774536132812,396.8278408050537,0,432.1803951263428,0,0,0,0
arxiv,val,43,43,arxiv:val:000043:ddd3b371329106e9,2,1556.324645,1556.287353515625,1161.098441,394.882696,0.0,0.0,0.0,0.0,176.5231647491455,166.2447681427002,0,0,0,0,0,0,0,0,0,0,119.61935997009277,6.113696098327637,35.45769643783569,15.332412242889404,nocache_bf16,large_h6_n10_s100_wikics_arxiv,ddd3b371329106e9b3c0c5dff47a69baa52805ccf0e8705a520aa1b2b57a9b05,715.50830078125,422.3626546859741,0,459.3904142379761,0,0,0,0
arxiv,val,44,44,arxiv:val:000044:cf5d3d5d9903a199,2,1455.475677,1455.43994140625,1145.852269,309.337973,0.0,0.0,0.0,0.0,161.98287773132324,165.74182319641113,0,0,0,0,0,0,0,0,0,0,105.9079360961914,5.5103679895401,35.665663719177246,14.89890992641449,nocache_bf16,large_h6_n10_s100_wikics_arxiv,cf5d3d5d9903a19940960e7d115d98e85bc20ff08ce0d304a458cf596df6ec1b,716.0989379882812,422.2786569595337,0,459.5621042251587,0,0,0,0
arxiv,val,45,45,arxiv:val:000045:e1ef52cc72e53091,2,1300.990255,1300.9547119140625,985.769546,314.895057,0.0,0.0,0.0,0.0,136.90086364746094,142.12598419189453,0,0,0,0,0,0,0,0,0,0,89.67324638366699,4.636128008365631,30.133024215698242,12.458465039730072,nocache_bf16,large_h6_n10_s100_wikics_arxiv,e1ef52cc72e53091c7800d41742de82340ef8f9ca0ca1a0e3701bf3b37d73687,617.2304077148438,365.2865619659424,0,394.0698299407959,0,0,0,0
arxiv,val,46,46,arxiv:val:000046:ada3ab8e88f5559f,2,1319.336321,1319.2989501953125,985.721573,333.322844,0.0,0.0,0.0,0.0,137.45638465881348,140.81990432739258,0,0,0,0,0,0,0,0,0,0,90.90294361114502,4.679775953292847,29.480064392089844,12.393600702285767,nocache_bf16,large_h6_n10_s100_wikics_arxiv,ada3ab8e88f5559fcccdcc6f953c2dd6aa4326a121c0a4aaf08dacb1b8284a90,615.5405883789062,364.1000003814697,0,392.2604923248291,0,0,0,0
arxiv,val,47,47,arxiv:val:000047:d407276f731aeb82,2,1390.131986,1390.0960693359375,1079.823337,309.963226,0.0,0.0,0.0,0.0,141.55478286743164,158.6526393890381,0,0,0,0,0,0,0,0,0,0,89.5057601928711,4.558591961860657,33.632320404052734,13.858110308647156,nocache_bf16,large_h6_n10_s100_wikics_arxiv,d407276f731aeb826a2465293d82e27bd3bfeb5cc7bff84a8a4469484aab6322,682.6565551757812,402.78371238708496,0,438.5254821777344,0,0,0,0
arxiv,val,48,48,arxiv:val:000048:dd42eff70fde6dc5,2,1613.0812,1613.04248046875,1213.261311,399.494272,0.0,0.0,0.0,0.0,194.59270095825195,168.86880111694336,0,0,0,0,0,0,0,0,0,0,135.7374725341797,7.1703040599823,35.832096576690674,15.852827787399292,nocache_bf16,large_h6_n10_s100_wikics_arxiv,dd42eff70fde6dc5e47ff1df4ed4ee531b28791339a8573d15beb8be20bca69a,745.94970703125,439.7410249710083,0,475.07748317718506,0,0,0,0
arxiv,val,49,49,arxiv:val:000049:a2b8aa86fe2b3b80,2,1466.698935,1466.661376953125,1152.172922,314.22535,0.0,0.0,0.0,0.0,169.01408004760742,166.28675270080566,0,0,0,0,0,0,0,0,0,0,112.45555114746094,5.939487934112549,35.72169589996338,14.897345066070557,nocache_bf16,large_h6_n10_s100_wikics_arxiv,a2b8aa86fe2b3b809d0aacfbc7c40ec2063058ada285d832b83a88d0103ba626,715.8707885742188,422.57430267333984,0,459.58323860168457,0,0,0,0
arxiv,val,50,50,arxiv:val:000050:2a47659d2f813532,2,1490.73916,1490.7015380859375,1143.110498,347.169895,0.0,0.0,0.0,0.0,157.22892570495605,167.76492500305176,0,0,0,0,0,0,0,0,0,0,101.44505500793457,5.203423976898193,35.840479373931885,14.739967346191406,nocache_bf16,large_h6_n10_s100_wikics_arxiv,2a47659d2f813532ed4dc6a42a9d4cf68dc3143b0c35fc5da3cc25947ca3b91d,717.9352416992188,423.4086084365845,0,462.29155826568604,0,0,0,0
arxiv,val,51,51,arxiv:val:000051:25fed5df9f2e16af,2,1608.75943,1608.7213134765625,1213.061762,395.374742,0.0,0.0,0.0,0.0,194.40712928771973,168.83792114257812,0,0,0,0,0,0,0,0,0,0,135.2784023284912,7.168735861778259,36.064799785614014,15.895191311836243,nocache_bf16,large_h6_n10_s100_wikics_arxiv,25fed5df9f2e16af5276f39be3ac9b4fbbf21cb37f57fd15fbb3eb0033ad4253,747.13427734375,440.63590145111084,0,475.3362970352173,0,0,0,0
arxiv,val,52,52,arxiv:val:000052:03bd7d4b35d5ec75,2,1268.181395,1268.1456298828125,936.209683,331.644418,0.0,0.0,0.0,0.0,113.86627388000488,137.02428817749023,0,0,0,0,0,0,0,0,0,0,70.67711925506592,3.500768005847931,28.360799312591553,11.327587306499481,nocache_bf16,large_h6_n10_s100_wikics_arxiv,03bd7d4b35d5ec754ccede1f77f03d4c83f1bce222870c0d7931411a50a1a0ae,598.6414794921875,353.4281940460205,0,382.2375736236572,0,0,0,0
arxiv,val,53,53,arxiv:val:000053:859d651c5c113b2b,2,1546.267455,1546.230224609375,1148.710892,397.245571,0.0,0.0,0.0,0.0,173.93641662597656,163.9785270690918,0,0,0,0,0,0,0,0,0,0,117.54649543762207,6.099327981472015,35.28275203704834,15.007841169834137,nocache_bf16,large_h6_n10_s100_wikics_arxiv,859d651c5c113b2b710e3dd92e0b453173673741fd2acce2fade900d8aeca11e,710.5842895507812,418.09417629241943,0,456.4686403274536,0,0,0,0
arxiv,val,54,54,arxiv:val:000054:300231fc70309c0c,2,1592.224871,1592.1868896484375,1196.396964,395.492621,0.0,0.0,0.0,0.0,199.08972930908203,168.14409637451172,0,0,0,0,0,0,0,0,0,0,139.00345611572266,7.124320030212402,36.465312480926514,16.49664068222046,nocache_bf16,large_h6_n10_s100_wikics_arxiv,300231fc70309c0cfd22317394782a0a007fef674b24b0ff0106b29c1afc2b36,729.3652954101562,429.79222202301025,0,467.7171697616577,0,0,0,0
arxiv,val,55,55,arxiv:val:000055:a212b20457638022,2,1485.832363,1485.7960205078125,1159.253973,326.295226,0.0,0.0,0.0,0.0,177.57696151733398,165.4727020263672,0,0,0,0,0,0,0,0,0,0,120.31622314453125,6.316767930984497,35.66336011886597,15.28061032295227,nocache_bf16,large_h6_n10_s100_wikics_arxiv,a212b20457638022238ddab4fbf222c37df631dd211fdab1c40ca8cbfaae7cf5,716.9931030273438,422.7730894088745,0,459.6927156448364,0,0,0,0
arxiv,val,56,56,arxiv:val:000056:215743a6c95a4322,2,1600.425681,1600.3878173828125,1199.931966,400.14346,0.0,0.0,0.0,0.0,205.18992233276367,165.5266227722168,0,0,0,0,0,0,0,0,0,0,145.36284828186035,7.781823992729187,35.917152404785156,16.128097653388977,nocache_bf16,large_h6_n10_s100_wikics_arxiv,215743a6c95a4322fe408a6ba7a4a9370a75f4cc4532aaca99dde5ef8f023db6,730.32666015625,430.2421112060547,0,465.6111717224121,0,0,0,0
arxiv,val,57,57,arxiv:val:000057:93b7a7f59cc74a9e,2,1561.616109,1561.578857421875,1165.634006,395.658326,0.0,0.0,0.0,0.0,177.26553535461426,165.6289291381836,0,0,0,0,0,0,0,0,0,0,119.7333755493164,6.319712042808533,35.797728538513184,15.414719223976135,nocache_bf16,large_h6_n10_s100_wikics_arxiv,93b7a7f59cc74a9ee193ce677f5005da0c006b92d97b540966bd127e7f276715,721.05322265625,424.7542419433594,0,461.9279098510742,0,0,0,0
arxiv,val,58,58,arxiv:val:000058:baff727dd79bfef8,2,1361.613398,1361.57861328125,1044.709967,316.619655,0.0,0.0,0.0,0.0,132.96185684204102,153.83011054992676,0,0,0,0,0,0,0,0,0,0,83.12351894378662,4.231583952903748,32.55737543106079,13.049378514289856,nocache_bf16,large_h6_n10_s100_wikics_arxiv,baff727dd79bfef81394c2cc7d0db687035b7850b8cd72fd35533259dcbc5e44,663.40234375,391.765341758728,0,425.46711254119873,0,0,0,0
arxiv,val,59,59,arxiv:val:000059:283bfc5fbdab96be,2,1476.164834,1476.1275634765625,1166.952791,308.929768,0.0,0.0,0.0,0.0,181.13251113891602,167.8313274383545,0,0,0,0,0,0,0,0,0,0,123.32028770446777,6.255680024623871,36.00009632110596,15.556447088718414,nocache_bf16,large_h6_n10_s100_wikics_arxiv,283bfc5fbdab96be178e1ef02673805c313e85a7db94d22467b6608e90253fa3,720.6361083984375,424.6864318847656,0,463.78100395202637,0,0,0,0
arxiv,val,60,60,arxiv:val:000060:223fff55dd3aa076,2,1260.494434,1260.458984375,944.656359,315.556765,0.0,0.0,0.0,0.0,115.82284736633301,137.23724937438965,0,0,0,0,0,0,0,0,0,0,71.83327960968018,3.6281599402427673,28.80665636062622,11.554751455783844,nocache_bf16,large_h6_n10_s100_wikics_arxiv,223fff55dd3aa07627e13f9449707c2e850612851f89eb5f38bbde0ba338602a,601.527099609375,354.8557119369507,0,383.90863704681396,0,0,0,0
arxiv,val,61,61,arxiv:val:000061:819cfb4438026420,2,1413.575969,1413.5390625,1102.273116,310.983924,0.0,0.0,0.0,0.0,163.9687042236328,158.7328643798828,0,0,0,0,0,0,0,0,0,0,110.43206405639648,5.731872022151947,33.3755521774292,14.429215967655182,nocache_bf16,large_h6_n10_s100_wikics_arxiv,819cfb4438026420a44e76d1b5e4396b6c12d15e01cdfdca4eafe4356bf5fd78,683.4699096679688,403.3256950378418,0,438.87707901000977,0,0,0,0
arxiv,val,62,62,arxiv:val:000062:f14653257fd8d626,2,1400.355542,1400.3203125,1089.811043,310.239564,0.0,0.0,0.0,0.0,145.75299263000488,158.91468811035156,0,0,0,0,0,0,0,0,0,0,93.96783924102783,4.804704010486603,33.15494441986084,13.825504958629608,nocache_bf16,large_h6_n10_s100_wikics_arxiv,f14653257fd8d626a647b705baa748c4047f2bffaa9a0536a43e3e90199fe238,685.5459594726562,403.8359041213989,0,440.6247434616089,0,0,0,0
arxiv,val,63,63,arxiv:val:000063:a6c9213601343c5a,2,1471.25108,1471.212890625,1159.335599,311.581385,0.0,0.0,0.0,0.0,171.12025451660156,166.21635246276855,0,0,0,0,0,0,0,0,0,0,114.19849586486816,5.996575951576233,35.8535680770874,15.071614623069763,nocache_bf16,large_h6_n10_s100_wikics_arxiv,a6c9213601343c5af310560e147a57675830c585f12c4b745f42161685ac0945,721.8638916015625,426.0098237991333,0,462.07042026519775,0,0,0,0
arxiv,val,64,64,arxiv:val:000064:1f114887af1ecfa5,2,1415.796439,1415.759521484375,1099.951798,315.503313,0.0,0.0,0.0,0.0,176.2796459197998,155.191650390625,0,0,0,0,0,0,0,0,0,0,122.32287979125977,6.594176113605499,32.77273607254028,14.589853942394257,nocache_bf16,large_h6_n10_s100_wikics_arxiv,1f114887af1ecfa56bcb4f6bc29544f32172af5626be259cf411be7bd9bc4eed,675.2803955078125,398.20934200286865,0,432.26270389556885,0,0,0,0
arxiv,val,65,65,arxiv:val:000065:a0032c4710ae3a15,2,1579.413788,1579.374755859375,1182.663548,396.440839,0.0,0.0,0.0,0.0,187.28076934814453,166.9087371826172,0,0,0,0,0,0,0,0,0,0,128.2361602783203,6.936160087585449,36.37673616409302,15.731712818145752,nocache_bf16,large_h6_n10_s100_wikics_arxiv,a0032c4710ae3a1546d174201bd65f39f734bad0dbaa659b3bf599a5959b7ddf,729.96142578125,429.43401527404785,0,467.43614768981934,0,0,0,0
arxiv,val,66,66,arxiv:val:000066:fd1e8eebbd69f945,2,1528.26231,1528.22412109375,1214.261108,313.646563,0.0,0.0,0.0,0.0,187.5422706604004,173.3895034790039,0,0,0,0,0,0,0,0,0,0,128.30121612548828,6.544127941131592,36.89328050613403,15.803646087646484,nocache_bf16,large_h6_n10_s100_wikics_arxiv,fd1e8eebbd69f945b7937053fe1894d7aa4e3d017b7566cbc0ddbd2ec591ade0,749.2423706054688,442.3830089569092,0,480.2488651275635,0,0,0,0
arxiv,val,67,67,arxiv:val:000067:ad1389fe50ead330,2,1452.192196,1452.155029296875,1140.607946,311.279484,0.0,0.0,0.0,0.0,189.9912338256836,158.54867362976074,0,0,0,0,0,0,0,0,0,0,134.31791877746582,6.818527817726135,33.572864055633545,15.281923174858093,nocache_bf16,large_h6_n10_s100_wikics_arxiv,ad1389fe50ead330fcbb0d1c3b6897b19fadd83f66a990bd417484c3cd9c8118,684.732666015625,403.519006729126,0,439.76233291625977,0,0,0,0
arxiv,val,68,68,arxiv:val:000068:0e2309a14e4e7ad2,2,765.55814,765.5266723632812,416.585012,348.71719,0.0,0.0,0.0,0.0,50.93315124511719,60.391425132751465,0,0,0,0,0,0,0,0,0,0,32.15823984146118,1.5957759618759155,11.820703864097595,5.358431577682495,nocache_bf16,large_h6_n10_s100_wikics_arxiv,0e2309a14e4e7ad206ec00b0afceb8be3573064c0f92010b47f04a2ba2d1f390,270.52813720703125,153.76371145248413,0,177.15585088729858,0,0,0,0
arxiv,val,69,69,arxiv:val:000069:d86e811a7bc24db7,2,1533.561253,1533.5223388671875,1187.944891,345.30737,0.0,0.0,0.0,0.0,193.50559997558594,166.27251434326172,0,0,0,0,0,0,0,0,0,0,134.46300888061523,7.208191871643066,36.13161611557007,15.702783107757568,nocache_bf16,large_h6_n10_s100_wikics_arxiv,d86e811a7bc24db744e8778bf19d7b3f44eb7d7ebf8bfe7ccd74c22d935087f2,729.5349731445312,430.12505626678467,0,465.6824312210083,0,0,0,0
arxiv,val,70,70,arxiv:val:000070:2a3d92150c4f73db,2,1360.739248,1360.7017822265625,1048.845891,311.590057,0.0,0.0,0.0,0.0,149.38419151306152,150.67657661437988,0,0,0,0,0,0,0,0,0,0,98.50323104858398,5.165760040283203,32.19852828979492,13.516672134399414,nocache_bf16,large_h6_n10_s100_wikics_arxiv,2a3d92150c4f73db35252c8869d52c2058311805ab42839e792ab8f73946b897,648.7393798828125,383.3459815979004,0,416.069974899292,0,0,0,0
arxiv,val,71,71,arxiv:val:000071:cf9896e4eb750fe0,2,1444.640231,1444.602783203125,1128.603389,315.727977,0.0,0.0,0.0,0.0,167.1382713317871,162.56585693359375,0,0,0,0,0,0,0,0,0,0,110.04415893554688,5.705280005931854,34.87276840209961,16.51606398820877,nocache_bf16,large_h6_n10_s100_wikics_arxiv,cf9896e4eb750fe0c9cee7c8b288a7a8e49d9cc63c2a39ef685e91beaa53ed04,702.0743408203125,413.9497261047363,0,450.6904716491699,0,0,0,0
arxiv,val,72,72,arxiv:val:000072:11c31d8e3f561208,2,1549.77255,1549.7352294921875,1217.171461,332.323396,0.0,0.0,0.0,0.0,191.23987007141113,173.4385585784912,0,0,0,0,0,0,0,0,0,0,130.94940948486328,6.701567888259888,37.16764783859253,16.421244859695435,nocache_bf16,large_h6_n10_s100_wikics_arxiv,11c31d8e3f5612084a2dbd8c1a42815cb6224c2900ec1d9301030c9f7d9ebb85,750.7376098632812,442.84419345855713,0,481.33197498321533,0,0,0,0
arxiv,val,73,73,arxiv:val:000073:1332d50ddf2eeca1,2,1582.484785,1582.447021484375,1185.614353,396.558246,0.0,0.0,0.0,0.0,188.4974708557129,168.18121528625488,0,0,0,0,0,0,0,0,0,0,128.812255859375,6.909503936767578,36.82028818130493,15.95542287826538,nocache_bf16,large_h6_n10_s100_wikics_arxiv,1332d50ddf2eeca169e5b81ca0b3ac3e1c51f99b4e36d2902cde6073b387a2d0,730.2172241210938,430.31830406188965,0,468.080135345459,0,0,0,0
arxiv,val,74,74,arxiv:val:000074:e0a31edde87a7444,2,1299.491467,1299.455322265625,979.586258,319.58957,0.0,0.0,0.0,0.0,135.13507270812988,140.96479988098145,0,0,0,0,0,0,0,0,0,0,88.28105640411377,4.574720025062561,29.76367998123169,12.515616297721863,nocache_bf16,large_h6_n10_s100_wikics_arxiv,e0a31edde87a744459029bea340649f33a84460931b483db992080e065477e9e,615.5413208007812,364.39622497558594,0,392.10989570617676,0,0,0,0
arxiv,val,75,75,arxiv:val:000075:0a132a451a46a45b,2,1403.828384,1403.791259765625,1020.362168,383.189586,0.0,0.0,0.0,0.0,135.09280014038086,147.46643257141113,0,0,0,0,0,0,0,0,0,0,87.1244478225708,4.446848034858704,30.770304203033447,12.751200079917908,nocache_bf16,large_h6_n10_s100_wikics_arxiv,0a132a451a46a45bcb97637eec4dab61c47b992cacfe8b0fdcf22dbb745a1380,640.3414306640625,376.2517738342285,0,411.5560894012451,0,0,0,0
arxiv,val,76,76,arxiv:val:000076:b1ad7f9bb93742d5,2,1417.657575,1417.6207275390625,1030.456979,386.917072,0.0,0.0,0.0,0.0,148.87286376953125,147.63625526428223,0,0,0,0,0,0,0,0,0,0,99.47833824157715,5.255584001541138,30.959263801574707,13.179677724838257,nocache_bf16,large_h6_n10_s100_wikics_arxiv,b1ad7f9bb93742d57d93c723bded1ff9487d253437f89c993ed39560542cccda,638.627685546875,377.38748931884766,0,408.87645149230957,0,0,0,0
arxiv,val,77,77,arxiv:val:000077:636e20ca6e1d821d,2,1348.63222,1348.595947265625,984.780364,363.509925,0.0,0.0,0.0,0.0,134.31270599365234,143.9211826324463,0,0,0,0,0,0,0,0,0,0,86.70569610595703,4.51199996471405,30.520959854125977,12.574050068855286,nocache_bf16,large_h6_n10_s100_wikics_arxiv,636e20ca6e1d821d85f8b6f88702a66347f568d2975ab829f49e905d3295654b,621.6970825195312,368.3704299926758,0,397.24783515930176,0,0,0,0
arxiv,val,78,78,arxiv:val:000078:23743d45533046ec,2,1461.192579,1461.1558837890625,1149.890353,311.010752,0.0,0.0,0.0,0.0,179.97686195373535,162.28342247009277,0,0,0,0,0,0,0,0,0,0,123.6196174621582,6.3840320110321045,34.89033603668213,15.082876443862915,nocache_bf16,large_h6_n10_s100_wikics_arxiv,23743d45533046eceaf1c1af64d1e14aaa8f5a22c78f7016394923a043b2804a,704.30810546875,415.34502506256104,0,451.24650287628174,0,0,0,0
arxiv,val,79,79,arxiv:val:000079:1e65174104a1505a,2,1591.469125,1591.4300537109375,1193.64032,397.507503,0.0,0.0,0.0,0.0,206.46582412719727,166.45500564575195,0,0,0,0,0,0,0,0,0,0,146.52284622192383,7.686336040496826,35.756192207336426,16.500449657440186,nocache_bf16,large_h6_n10_s100_wikics_arxiv,1e65174104a1505a7bdd624a1acd688b3680da85996d2ef44bbbc87389e196e4,719.709716796875,424.5378532409668,0,461.62686920166016,0,0,0,0
arxiv,val,80,80,arxiv:val:000080:5938139cc92984b8,2,1281.101551,1281.06640625,908.205601,372.61679,0.0,0.0,0.0,0.0,117.59609603881836,130.8504981994629,0,0,0,0,0,0,0,0,0,0,75.13558387756348,3.7975040078163147,27.340128421783447,11.32287973165512,nocache_bf16,large_h6_n10_s100_wikics_arxiv,5938139cc92984b8a1aaeb096edff4af8ce500ccf4df6024b66b636ee66fb8ad,573.4968872070312,338.4891872406006,0,365.85819816589355,0,0,0,0
arxiv,val,81,81,arxiv:val:000081:103812d8128782bf,2,1425.581721,1425.5450439453125,1109.598004,315.684355,0.0,0.0,0.0,0.0,165.74589157104492,158.60210990905762,0,0,0,0,0,0,0,0,0,0,111.78803062438965,5.810591995716095,33.465919971466064,14.681348979473114,nocache_bf16,large_h6_n10_s100_wikics_arxiv,103812d8128782bf2d6b0a6e4559818f35c7ea64484cee79dbf3fd92559a9169,685.654296875,403.9736614227295,0,440.2827453613281,0,0,0,0
arxiv,val,82,82,arxiv:val:000082:ef97f140c26e76a7,2,1459.316648,1459.2794189453125,1143.659847,315.36784,0.0,0.0,0.0,0.0,165.273344039917,166.0919361114502,0,0,0,0,0,0,0,0,0,0,108.38793563842773,5.776319980621338,36.16492795944214,14.944160461425781,nocache_bf16,large_h6_n10_s100_wikics_arxiv,ef97f140c26e76a76756767fb519c0006836b4ec6a63adff45776dc58da7edf0,714.9952392578125,420.88444900512695,0,460.20272636413574,0,0,0,0
arxiv,val,83,83,arxiv:val:000083:a39d60ef16fc4859,2,1490.424429,1490.38720703125,1174.781659,315.290727,0.0,0.0,0.0,0.0,181.76335906982422,167.41817665100098,0,0,0,0,0,0,0,0,0,0,124.01779174804688,6.308256030082703,35.71500778198242,15.72230350971222,nocache_bf16,large_h6_n10_s100_wikics_arxiv,a39d60ef16fc4859f0cbb1f8bd127e91871eb54fff72fe03a1c091da9dd2a231,722.6709594726562,426.12416076660156,0,463.96497535705566,0,0,0,0
arxiv,val,84,84,arxiv:val:000084:5e59d4339eecb4b0,2,1347.177423,1347.139404296875,1031.537929,315.330448,0.0,0.0,0.0,0.0,157.2382698059082,146.03664207458496,0,0,0,0,0,0,0,0,0,0,107.4947509765625,5.788800001144409,30.65436887741089,13.300349950790405,nocache_bf16,large_h6_n10_s100_wikics_arxiv,5e59d4339eecb4b0483be1a708ce6e0900ea0d36b21157a03b359dd6edca154f,632.934814453125,372.6914892196655,0,406.27996730804443,0,0,0,0
arxiv,val,85,85,arxiv:val:000085:d0843ce56b22dc73,2,1482.44697,1482.4090576171875,1154.24192,327.875215,0.0,0.0,0.0,0.0,184.6280002593994,163.45695877075195,0,0,0,0,0,0,0,0,0,0,127.43135833740234,6.558560013771057,34.99452781677246,15.643554091453552,nocache_bf16,large_h6_n10_s100_wikics_arxiv,d0843ce56b22dc73a3618d338723a965a999cb83eeceeaa30cb60167e3ac1382,703.751708984375,414.8832941055298,0,452.32537364959717,0,0,0,0
arxiv,val,86,86,arxiv:val:000086:c931e503a421c342,2,1467.027132,1466.9906005859375,1154.713814,312.016568,0.0,0.0,0.0,0.0,164.33321571350098,168.07123374938965,0,0,0,0,0,0,0,0,0,0,107.45261001586914,5.642239987850189,36.21731233596802,15.02105337381363,nocache_bf16,large_h6_n10_s100_wikics_arxiv,c931e503a421c34267ec82b94e039d60e19b3bf05af914aae79205e0decda7d4,720.5491943359375,425.6622066497803,0,462.9582214355469,0,0,0,0
arxiv,val,87,87,arxiv:val:000087:9f3a2d6097b0f6bd,2,1471.849922,1471.811767578125,1156.225806,315.323747,0.0,0.0,0.0,0.0,175.71382331848145,165.34953689575195,0,0,0,0,0,0,0,0,0,0,119.26233673095703,6.164960026741028,35.22038412094116,15.066142439842224,nocache_bf16,large_h6_n10_s100_wikics_arxiv,9f3a2d6097b0f6bdc313c6295f2299bc6c3187102e3e75faf02bfa838fb30ae0,715.0203247070312,422.133825302124,0,458.2360363006592,0,0,0,0
arxiv,val,88,88,arxiv:val:000088:d92d2e293d83fe2f,2,1525.380354,1525.342529296875,1127.310114,397.734184,0.0,0.0,0.0,0.0,161.83020782470703,163.6334400177002,0,0,0,0,0,0,0,0,0,0,106.04460716247559,5.59878396987915,35.49711990356445,14.689696788787842,nocache_bf16,large_h6_n10_s100_wikics_arxiv,d92d2e293d83fe2f12b22432fd45e9e92790a6d804e43b5675e947d66dc7965e,704.1375732421875,415.7615041732788,0,452.0095090866089,0,0,0,0
arxiv,val,89,89,arxiv:val:000089:ca95f6f1b4e66743,2,1031.236095,1031.202880859375,667.396366,363.5212,0.0,0.0,0.0,0.0,78.99433612823486,97.58755111694336,0,0,0,0,0,0,0,0,0,0,48.36812782287598,2.355232000350952,20.050400018692017,8.220576286315918,nocache_bf16,large_h6_n10_s100_wikics_arxiv,ca95f6f1b4e66743e24e634927bd1f85787d4b5f1d0520aed4dd463ee6107386,427.0265197753906,250.4546251296997,0,274.1594457626343,0,0,0,0
arxiv,val,90,90,arxiv:val:000090:c11b4735265097a4,2,1127.387495,1127.3536376953125,755.40371,371.695523,0.0,0.0,0.0,0.0,101.37065505981445,108.27135848999023,0,0,0,0,0,0,0,0,0,0,66.51504039764404,3.462271988391876,21.945824146270752,9.447518527507782,nocache_bf16,large_h6_n10_s100_wikics_arxiv,c11b4735265097a44930d96d5587558acbb6ad2ce18590c698eac674f2a4537d,472.7806396484375,276.41590309143066,0,304.63609504699707,0,0,0,0
arxiv,val,91,91,arxiv:val:000091:3080ca54e7b4810a,2,1467.101335,1467.064453125,1150.968808,315.837049,0.0,0.0,0.0,0.0,178.38604736328125,163.4229736328125,0,0,0,0,0,0,0,0,0,0,121.58444786071777,6.412832021713257,35.13203191757202,15.256735563278198,nocache_bf16,large_h6_n10_s100_wikics_arxiv,3080ca54e7b4810a5398d13cb2684ed159ae5e73eba029f817a64cc835d8ee00,707.433837890625,416.62633323669434,0,454.23047828674316,0,0,0,0
arxiv,val,92,92,arxiv:val:000092:c554553d97e30d78,2,1339.972539,1339.9364013671875,919.450224,420.235999,0.0,0.0,0.0,0.0,115.48137474060059,136.1919345855713,0,0,0,0,0,0,0,0,0,0,72.1300802230835,3.5971840023994446,28.138047695159912,11.616062819957733,nocache_bf16,large_h6_n10_s100_wikics_arxiv,c554553d97e30d78d7909dfafe3fbb78151bd68f5f605863d751110e5db6a7f9,595.39697265625,350.3166732788086,0,381.2722339630127,0,0,0,0
arxiv,val,93,93,arxiv:val:000093:f7af87a891af9d09,2,1466.321768,1466.285400390625,1152.523964,313.485856,0.0,0.0,0.0,0.0,173.73081588745117,168.2467212677002,0,0,0,0,0,0,0,0,0,0,116.31180763244629,6.090720057487488,35.93891191482544,15.389376282691956,nocache_bf16,large_h6_n10_s100_wikics_arxiv,f7af87a891af9d09f37e54b0d2c012c059c353aa05a62ef5edbdf198016c320b,723.0482177734375,425.66793632507324,0,465.62700271606445,0,0,0,0
arxiv,val,94,94,arxiv:val:000094:c49ce41630690eb2,2,1438.535329,1438.4971923828125,1126.163951,312.064037,0.0,0.0,0.0,0.0,171.6431369781494,163.9100799560547,0,0,0,0,0,0,0,0,0,0,115.49507331848145,5.9457279443740845,35.13219213485718,15.070143580436707,nocache_bf16,large_h6_n10_s100_wikics_arxiv,c49ce41630690eb2875e5821578e9175ae7b054958b3e878556ae492365cbc54,703.9982299804688,416.6343364715576,0,451.2739734649658,0,0,0,0
arxiv,val,95,95,arxiv:val:000095:d1b804cfe6bbd7e7,2,1510.845204,1510.8082275390625,1161.346283,349.214849,0.0,0.0,0.0,0.0,180.97206497192383,168.44489669799805,0,0,0,0,0,0,0,0,0,0,123.10182189941406,6.345439910888672,35.815871715545654,15.70893144607544,nocache_bf16,large_h6_n10_s100_wikics_arxiv,d1b804cfe6bbd7e705150c6ddc19faca93a98d8004ede770615deb67bbf7b37f,725.56787109375,427.9264945983887,0,466.0862731933594,0,0,0,0
arxiv,val,96,96,arxiv:val:000096:ec672f4715dd3985,2,1468.604645,1468.5672607421875,1157.370504,310.949333,0.0,0.0,0.0,0.0,177.19052696228027,167.2723503112793,0,0,0,0,0,0,0,0,0,0,119.33772659301758,6.26006406545639,36.09721612930298,15.495520174503326,nocache_bf16,large_h6_n10_s100_wikics_arxiv,ec672f4715dd3985423b1d7da9aaae0f5347758a5d73c859780f2f3e7aa6498f,724.0972290039062,426.99801540374756,0,464.371563911438,0,0,0,0
arxiv,val,97,97,arxiv:val:000097:f6245857f5f07407,2,1578.408619,1578.3712158203125,1181.609863,396.509114,0.0,0.0,0.0,0.0,185.76870155334473,170.59782218933105,0,0,0,0,0,0,0,0,0,0,126.91292762756348,6.317984104156494,36.51408004760742,16.023709774017334,nocache_bf16,large_h6_n10_s100_wikics_arxiv,f6245857f5f07407b3f88778c9316b16c98f8849b85552d58bca7df1a935723e,734.5358276367188,433.3815050125122,0,471.7521448135376,0,0,0,0
arxiv,val,98,98,arxiv:val:000098:fc6abf08b8b0001e,2,1176.112641,1176.0784912109375,859.654204,316.187674,0.0,0.0,0.0,0.0,103.84675216674805,129.00575828552246,0,0,0,0,0,0,0,0,0,0,63.295647621154785,3.1659199595451355,26.61897611618042,10.766208469867706,nocache_bf16,large_h6_n10_s100_wikics_arxiv,fc6abf08b8b0001e9313d3417be92f18e0e0864d878974971cf6ffcc7e7350c3,556.8533325195312,328.0651206970215,0,357.7939701080322,0,0,0,0
arxiv,val,99,99,arxiv:val:000099:66f7ff1f3a72ebb7,2,1440.968517,1440.932373046875,1125.370184,315.318989,0.0,0.0,0.0,0.0,187.71891403198242,158.78937530517578,0,0,0,0,0,0,0,0,0,0,131.45372581481934,6.96124792098999,33.863712310791016,15.44022798538208,nocache_bf16,large_h6_n10_s100_wikics_arxiv,66f7ff1f3a72ebb7a8bb64ef808626e952cdfdaa780c993573ad1026141d4d65,687.39599609375,405.43059635162354,0,440.75477504730225,0,0,0,0
arxiv,test,100,0,arxiv:test:000000:8aeecba8862d1102,2,1315.771854,1315.7001953125,892.613568,422.690156,0.0,0.0,0.0,0.0,110.69990539550781,119.03913307189941,0,0,0,0,0,0,0,0,0,0,71.45091247558594,3.656704008579254,25.20691204071045,10.385376870632172,nocache_bf16,large_h6_n10_s100_wikics_arxiv,8aeecba8862d11020a114168d046089c4e2d396f1d577261816bc2a09d70c909,518.9869384765625,304.0835199356079,0,333.942551612854,0,0,0,0
arxiv,test,101,1,arxiv:test:000001:34c176a088ad1429,2,1583.748533,1583.7108154296875,1187.211484,396.197374,0.0,0.0,0.0,0.0,197.42317008972168,165.92713737487793,0,0,0,0,0,0,0,0,0,0,140.3455047607422,6.504543960094452,35.21046447753906,15.362656891345978,nocache_bf16,large_h6_n10_s100_wikics_arxiv,34c176a088ad14291b4ca520137113412e5b7c8ea153de8adcead79fdbf6e251,719.7626342773438,425.0745916366577,0,460.61518001556396,0,0,0,0
arxiv,test,102,2,arxiv:test:000002:d675140a548725b4,2,1434.950071,1434.9141845703125,965.941317,468.746303,0.0,0.0,0.0,0.0,138.33808135986328,137.5813446044922,0,0,0,0,0,0,0,0,0,0,92.58867168426514,4.744479954242706,28.798816204071045,12.206113517284393,nocache_bf16,large_h6_n10_s100_wikics_arxiv,d675140a548725b4c6d4948151c0ffed99b5b331ac253fabce8422878f98cbc5,602.6533813476562,355.36793327331543,0,384.866792678833,0,0,0,0
arxiv,test,103,3,arxiv:test:000003:77e480c4e7aba13c,2,1365.075297,1365.03955078125,1020.22895,344.590004,0.0,0.0,0.0,0.0,194.75654411315918,136.51442909240723,0,0,0,0,0,0,0,0,0,0,144.87702560424805,7.684479832649231,28.184863567352295,14.010175108909607,nocache_bf16,large_h6_n10_s100_wikics_arxiv,77e480c4e7aba13c6f51e9b3b822650b1679f5fc8a9d112ac559dac67edbaa2d,599.035888671875,352.4552001953125,0,383.0951175689697,0,0,0,0
arxiv,test,104,4,arxiv:test:000004:e76d0c446fb20015,2,1393.50843,1393.4727783203125,1081.203593,311.988541,0.0,0.0,0.0,0.0,169.9501132965088,152.87452697753906,0,0,0,0,0,0,0,0,0,0,117.40617561340332,6.170688152313232,32.10473585128784,14.268513679504395,nocache_bf16,large_h6_n10_s100_wikics_arxiv,e76d0c446fb200155bab8f5b50e1bfeee149028b49c0cefdbf77cd82298987ef,666.9625244140625,392.6641597747803,0,427.1728916168213,0,0,0,0
arxiv,test,105,5,arxiv:test:000005:5f27d2a1b37cbc3e,2,1466.631929,1466.5953369140625,1139.487806,326.837099,0.0,0.0,0.0,0.0,154.2836799621582,167.79580688476562,0,0,0,0,0,0,0,0,0,0,98.72883224487305,4.9849600195884705,35.81760025024414,14.752287447452545,nocache_bf16,large_h6_n10_s100_wikics_arxiv,5f27d2a1b37cbc3ef73ce9f6c26f05ba8e10225420a2c8bd688c25086552f86b,718.0993041992188,424.3067207336426,0,461.5883903503418,0,0,0,0
arxiv,test,106,6,arxiv:test:000006:665d2ed7aedfc59e,2,1320.29288,1320.256591796875,1008.644349,311.37753,0.0,0.0,0.0,0.0,128.2960319519043,148.9290256500244,0,0,0,0,0,0,0,0,0,0,80.57164764404297,4.119583964347839,30.83244800567627,12.77235233783722,nocache_bf16,large_h6_n10_s100_wikics_arxiv,665d2ed7aedfc59ebde23874a48b455bfdc251afad90b472d910958edcb2e5e4,636.630126953125,376.89708709716797,0,408.66206550598145,0,0,0,0
arxiv,test,107,7,arxiv:test:000007:3d27bf4752315273,2,1570.182305,1570.1441650390625,1174.702302,395.187246,0.0,0.0,0.0,0.0,189.4761905670166,165.55184173583984,0,0,0,0,0,0,0,0,0,0,130.954496383667,7.038015961647034,35.7576322555542,15.726045966148376,nocache_bf16,large_h6_n10_s100_wikics_arxiv,3d27bf4752315273e1cbbe2c6a1f755d0b85001b2bdf23e7f57b8dcb680be002,719.7623901367188,424.80598640441895,0,460.50824546813965,0,0,0,0
arxiv,test,108,8,arxiv:test:000008:a866a0597966c6f4,2,1353.240317,1353.204345703125,1036.465535,316.470092,0.0,0.0,0.0,0.0,140.40601539611816,151.09526443481445,0,0,0,0,0,0,0,0,0,0,90.79200077056885,4.72380805015564,31.74726390838623,13.142942667007446,nocache_bf16,large_h6_n10_s100_wikics_arxiv,a866a0597966c6f452e6217ca6a8fae250237e23f2323f08fb1b09771ca5f4f3,644.3314819335938,380.2116813659668,0,415.2150650024414,0,0,0,0
arxiv,test,109,9,arxiv:test:000009:2acb6a66afedb5c0,2,1507.198226,1507.1593017578125,1036.457083,470.464787,0.0,0.0,0.0,0.0,151.5049591064453,149.20982551574707,0,0,0,0,0,0,0,0,0,0,101.11132621765137,5.357631981372833,31.670559883117676,13.365441024303436,nocache_bf16,large_h6_n10_s100_wikics_arxiv,2acb6a66afedb5c05fc17390d5ae9636d3bafb1f422d5eff4ee9e53078a4ef42,640.5086059570312,376.91491317749023,0,412.8035182952881,0,0,0,0
arxiv,test,110,10,arxiv:test:000010:c37504f6fbb77657,2,1621.094963,1621.055908203125,1219.449263,401.350397,0.0,0.0,0.0,0.0,217.38925170898438,166.07782554626465,0,0,0,0,0,0,0,0,0,0,157.1968002319336,8.313152074813843,35.61852788925171,16.26077151298523,nocache_bf16,large_h6_n10_s100_wikics_arxiv,c37504f6fbb77657795f6a4fab3ab20e6a4b90de3ca703855f666b761f785cdf,732.3527221679688,431.4910411834717,0,466.9395065307617,0,0,0,0
arxiv,test,111,11,arxiv:test:000011:548262a0e76189ec,2,1543.105456,1543.068115234375,1181.252409,361.54343,0.0,0.0,0.0,0.0,192.37213325500488,166.6256332397461,0,0,0,0,0,0,0,0,0,0,134.37817764282227,6.861503958702087,35.4356164932251,15.696835160255432,nocache_bf16,large_h6_n10_s100_wikics_arxiv,548262a0e76189ecd6e0a5d5e3260e3cd918a64948a825acac21649a7a162df4,723.22509765625,426.1881275177002,0,463.6626033782959,0,0,0,0
arxiv,test,112,12,arxiv:test:000012:565a3afdfe27876b,2,1189.191923,1189.158447265625,868.969991,319.944601,0.0,0.0,0.0,0.0,106.6763858795166,126.33414268493652,0,0,0,0,0,0,0,0,0,0,66.82223892211914,3.3342400193214417,25.983391284942627,10.536515653133392,nocache_bf16,large_h6_n10_s100_wikics_arxiv,565a3afdfe27876b97787b02ef3b916f21f9717eee997e6c2649b2836506bdd3,557.1564331054688,328.13974380493164,0,355.35083198547363,0,0,0,0
arxiv,test,113,13,arxiv:test:000013:b3a8166da7f9bd5a,2,1368.810955,1368.7752685546875,1018.192654,350.320278,0.0,0.0,0.0,0.0,142.57612800598145,145.9219856262207,0,0,0,0,0,0,0,0,0,0,93.91062355041504,4.9062400460243225,30.75174379348755,13.007520616054535,nocache_bf16,large_h6_n10_s100_wikics_arxiv,b3a8166da7f9bd5a7f77d68f2262cc2ce197215462aaa014b7214d76dd6ef764,635.7018432617188,371.39747047424316,0,410.2263584136963,0,0,0,0
arxiv,test,114,14,arxiv:test:000014:927439c8c556510b,2,1663.175462,1663.1361083984375,1194.287166,468.54457,0.0,0.0,0.0,0.0,185.75922966003418,170.46851348876953,0,0,0,0,0,0,0,0,0,0,126.67379379272461,6.4575358629226685,36.69705629348755,15.930843710899353,nocache_bf16,large_h6_n10_s100_wikics_arxiv,927439c8c556510b53acb56af17f6dd08cc1109c2e7c48b8bdeb6ef106c4cdb4,732.736328125,431.6790075302124,0,471.52583408355713,0,0,0,0
arxiv,test,115,15,arxiv:test:000015:94893e1aa247f99a,2,1478.671217,1478.6339111328125,1162.05836,316.315402,0.0,0.0,0.0,0.0,170.9424648284912,168.0459213256836,0,0,0,0,0,0,0,0,0,0,113.83459281921387,5.903584003448486,36.0415358543396,15.162752151489258,nocache_bf16,large_h6_n10_s100_wikics_arxiv,94893e1aa247f99ab08f875dfc42353b2a6d833d028453cd6332b1fd4a6d5ac7,722.9945068359375,426.2817611694336,0,464.7586669921875,0,0,0,0
arxiv,test,116,16,arxiv:test:000016:04a1b80589800d8a,2,1465.835713,1465.797119140625,1150.314249,315.238171,0.0,0.0,0.0,0.0,164.55411338806152,165.7663059234619,0,0,0,0,0,0,0,0,0,0,108.23638343811035,5.637791991233826,35.9552321434021,14.724705815315247,nocache_bf16,large_h6_n10_s100_wikics_arxiv,04a1b80589800d8abbd3bf2b6e48d62f12100ace0b6cc463ee8ae1a18f3d8884,715.85107421875,421.5959987640381,0,460.0213813781738,0,0,0,0
arxiv,test,117,17,arxiv:test:000017:6ed2fd35c7b08446,2,1313.828416,1313.793701171875,942.737202,370.818619,0.0,0.0,0.0,0.0,160.33900451660156,131.1849594116211,0,0,0,0,0,0,0,0,0,0,114.12790489196777,6.04774397611618,27.41593647003174,12.74741917848587,nocache_bf16,large_h6_n10_s100_wikics_arxiv,6ed2fd35c7b084466a024831071fe4da94ca4acc62f856b26d505fb9e2c0a269,575.5516967773438,339.8515224456787,0,366.88513374328613,0,0,0,0
arxiv,test,118,18,arxiv:test:000018:9ba09b820b67f326,2,1598.187031,1598.1484375,1201.761188,396.145018,0.0,0.0,0.0,0.0,210.06592178344727,166.86620712280273,0,0,0,0,0,0,0,0,0,0,149.8197422027588,7.855711936950684,36.132288455963135,16.258179187774658,nocache_bf16,large_h6_n10_s100_wikics_arxiv,9ba09b820b67f3268b73b57e69c9473c6ac2e861b2e1dfa8f39e80bd970e5769,729.7238159179688,429.58303928375244,0,467.00698375701904,0,0,0,0
arxiv,test,119,19,arxiv:test:000019:551de7f6c6009e1d,2,1022.37082,1022.3375854492188,705.34244,316.753331,0.0,0.0,0.0,0.0,93.36364841461182,101.83427429199219,0,0,0,0,0,0,0,0,0,0,60.25555229187012,3.087328016757965,21.04972815513611,8.971039950847626,nocache_bf16,large_h6_n10_s100_wikics_arxiv,551de7f6c6009e1d0b6bb2471de8a502aa64c44b76385fa09309561554d57e04,446.2139892578125,261.51699352264404,0,286.53127002716064,0,0,0,0
arxiv,test,120,20,arxiv:test:000020:13dc09ce4d7802a7,2,1536.351097,1536.3126220703125,1168.118412,367.951951,0.0,0.0,0.0,0.0,185.08659172058105,164.95276832580566,0,0,0,0,0,0,0,0,0,0,127.45756721496582,6.605056047439575,35.53001689910889,15.493951559066772,nocache_bf16,large_h6_n10_s100_wikics_arxiv,13dc09ce4d7802a7445a3893c978abe7a75f09a66446471b5fb18cfbf5964938,715.0903930664062,420.5501413345337,0,459.4930200576782,0,0,0,0
arxiv,test,121,21,arxiv:test:000021:6f59067bf5fa395d,2,1564.548199,1564.511474609375,1200.469445,363.787909,0.0,0.0,0.0,0.0,200.26419067382812,170.9088306427002,0,0,0,0,0,0,0,0,0,0,139.2275848388672,7.199679970741272,37.34876871109009,16.488157153129578,nocache_bf16,large_h6_n10_s100_wikics_arxiv,6f59067bf5fa395d8c438f79f5bdba49c2480fc114342b4fd3bf6de6278eab75,731.6646728515625,430.7479028701782,0,471.8256006240845,0,0,0,0
arxiv,test,122,22,arxiv:test:000022:7de091dda2cfc1e7,2,1352.782059,1352.746826171875,1039.694746,312.80769,0.0,0.0,0.0,0.0,154.65958404541016,148.11190605163574,0,0,0,0,0,0,0,0,0,0,104.78092956542969,5.453216016292572,30.93887948989868,13.486558973789215,nocache_bf16,large_h6_n10_s100_wikics_arxiv,7de091dda2cfc1e735526e01718df15756c5332e2e9f43a7ca93de54fce418a9,640.82373046875,378.51286220550537,0,410.42277431488037,0,0,0,0
arxiv,test,123,23,arxiv:test:000023:2c3804d42bd30cbd,2,1460.809221,1460.772705078125,1131.984744,328.549833,0.0,0.0,0.0,0.0,155.31766510009766,164.47763061523438,0,0,0,0,0,0,0,0,0,0,100.3359375,5.147551953792572,35.411776542663574,14.42239910364151,nocache_bf16,large_h6_n10_s100_wikics_arxiv,2c3804d42bd30cbd2c66895d9ca0e1514646371edadac6e4c4a7a10bd83a0982,707.4972534179688,417.5411205291748,0,454.4337635040283,0,0,0,0
arxiv,test,124,24,arxiv:test:000024:980f6a26e605793b,2,1441.553411,1441.515869140625,1128.12141,313.056089,0.0,0.0,0.0,0.0,199.06112098693848,154.04399871826172,0,0,0,0,0,0,0,0,0,0,143.78992080688477,7.712064027786255,32.37398386001587,15.185152292251587,nocache_bf16,large_h6_n10_s100_wikics_arxiv,980f6a26e605793b5382fa17bdf21a550efe6ad0b938a48a8210024c64c8fd03,680.4164428710938,399.8935031890869,0,434.56693840026855,0,0,0,0
arxiv,test,125,25,arxiv:test:000025:118b258c03aa037e,2,1511.809041,1511.7698974609375,1090.314202,421.194731,0.0,0.0,0.0,0.0,172.30240058898926,154.80770874023438,0,0,0,0,0,0,0,0,0,0,119.04204559326172,6.2025280594825745,32.457632064819336,14.600194871425629,nocache_bf16,large_h6_n10_s100_wikics_arxiv,118b258c03aa037eaafbf67becf82fd102999213036e8abd9f807120abdbd283,670.7348022460938,394.86979484558105,0,430.67271614074707,0,0,0,0
arxiv,test,126,26,arxiv:test:000026:1d8c978f1407bcc5,2,1596.44308,1596.4051513671875,1199.380583,396.765923,0.0,0.0,0.0,0.0,199.53241348266602,166.12207794189453,0,0,0,0,0,0,0,0,0,0,140.76915168762207,7.443999886512756,35.46070432662964,15.85855758190155,nocache_bf16,large_h6_n10_s100_wikics_arxiv,1d8c978f1407bcc5190dde580c972dc805f7ab4bb54fb0a1198050ea884c4d5b,734.494384765625,433.6384325027466,0,466.97803020477295,0,0,0,0
arxiv,test,127,27,arxiv:test:000027:ccb4301fa0500230,2,1434.49525,1434.45849609375,1117.978241,316.22507,0.0,0.0,0.0,0.0,183.33910179138184,159.15385627746582,0,0,0,0,0,0,0,0,0,0,127.68652725219727,6.5979520082473755,33.83535957336426,15.219262957572937,nocache_bf16,large_h6_n10_s100_wikics_arxiv,ccb4301fa0500230b966c1ca8acbfb0239894da3c184bc644b2ab3f2025751db,686.3429565429688,404.4926700592041,0,441.00414276123047,0,0,0,0
arxiv,test,128,28,arxiv:test:000028:6bd000b4763af040,2,1317.628552,1317.5926513671875,948.088,369.246133,0.0,0.0,0.0,0.0,160.66070365905762,131.52604866027832,0,0,0,0,0,0,0,0,0,0,114.68438339233398,6.055455982685089,27.354048252105713,12.56681603193283,nocache_bf16,large_h6_n10_s100_wikics_arxiv,6bd000b4763af040cd35faa94edb20b9caadb186a66e8ec435f0e42d6b15d953,579.4093627929688,341.27990341186523,0,369.65550804138184,0,0,0,0
arxiv,test,129,29,arxiv:test:000029:579bf3992d19b343,2,1532.673076,1532.6343994140625,1170.422635,361.911014,0.0,0.0,0.0,0.0,182.89126586914062,167.060640335083,0,0,0,0,0,0,0,0,0,0,124.57075500488281,6.4959681034088135,35.96060848236084,15.86393427848816,nocache_bf16,large_h6_n10_s100_wikics_arxiv,579bf3992d19b3435c6501f4723460e432219c48e2d2812939680c690025d21f,718.6253662109375,424.11603450775146,0,461.56997203826904,0,0,0,0
arxiv,test,130,30,arxiv:test:000030:6715d78ec20dc119,2,1608.984873,1608.9471435546875,1206.425941,402.258629,0.0,0.0,0.0,0.0,201.7988166809082,166.48419189453125,0,0,0,0,0,0,0,0,0,0,142.32022285461426,7.53436803817749,35.86947250366211,16.074753284454346,nocache_bf16,large_h6_n10_s100_wikics_arxiv,6715d78ec20dc1199983ebe2cd04cf9fe286cdb214eb70a251e74aadeac1bb95,735.8040771484375,433.0997438430786,0,469.18852519989014,0,0,0,0
arxiv,test,131,31,arxiv:test:000031:01bf41e7d8c9bdc9,2,1477.223928,1477.187255859375,1164.309714,312.595344,0.0,0.0,0.0,0.0,169.6978874206543,168.75430297851562,0,0,0,0,0,0,0,0,0,0,112.38764762878418,5.846368074417114,36.08511972427368,15.378751993179321,nocache_bf16,large_h6_n10_s100_wikics_arxiv,01bf41e7d8c9bdc9b250ba0472067bc2cf8ee4b4b180cefefdd66e36417fb6e6,726.3445434570312,428.70009422302246,0,466.3987522125244,0,0,0,0
arxiv,test,132,32,arxiv:test:000032:5e4106cca99d5843,2,1450.240182,1450.202880859375,1138.10509,311.840693,0.0,0.0,0.0,0.0,163.5551986694336,164.20735931396484,0,0,0,0,0,0,0,0,0,0,108.29100799560547,5.499520003795624,34.99628829956055,14.768382370471954,nocache_bf16,large_h6_n10_s100_wikics_arxiv,5e4106cca99d584302becf755533fdf0db7a0842b71d6e7cd21c3c01375b5552,709.835693359375,418.21484661102295,0,455.8282060623169,0,0,0,0
arxiv,test,133,33,arxiv:test:000033:189263d64060b736,2,1442.295155,1442.2589111328125,1125.801357,316.187954,0.0,0.0,0.0,0.0,186.3776626586914,157.1351661682129,0,0,0,0,0,0,0,0,0,0,131.6478729248047,6.709407925605774,33.10745573043823,14.912926077842712,nocache_bf16,large_h6_n10_s100_wikics_arxiv,189263d64060b73695ed9360957f5265b6ac5ced36d0427da14f86279249cc50,680.6809692382812,400.50793838500977,0,437.3081970214844,0,0,0,0
arxiv,test,134,34,arxiv:test:000034:cc25ddf180fd3dc8,2,1535.624963,1535.58837890625,1224.093995,311.216108,0.0,0.0,0.0,0.0,212.69334411621094,168.84029006958008,0,0,0,0,0,0,0,0,0,0,151.5875186920166,7.964159846305847,36.39728021621704,16.744385361671448,nocache_bf16,large_h6_n10_s100_wikics_arxiv,cc25ddf180fd3dc8cc578cba85779c7dc886b0009ef07033358194310cc1ee3d,735.5810546875,433.0036792755127,0,471.4176654815674,0,0,0,0
arxiv,test,135,35,arxiv:test:000035:ab83ea7606d02af1,2,1640.35072,1640.310791015625,1243.254935,396.734563,0.0,0.0,0.0,0.0,238.7078742980957,167.0878391265869,0,0,0,0,0,0,0,0,0,0,176.00227165222168,9.288896083831787,36.16495990753174,17.251746654510498,nocache_bf16,large_h6_n10_s100_wikics_arxiv,ab83ea7606d02af10d9c8025cdd053087bc7a5a4db06ee849e440b2a9621db47,735.3573608398438,433.0098237991333,0,469.43537616729736,0,0,0,0
arxiv,test,136,36,arxiv:test:000036:d2571c03cbd5e99a,2,1742.803808,1742.7633056640625,1098.840817,643.681042,0.0,0.0,0.0,0.0,162.0301113128662,158.12553787231445,0,0,0,0,0,0,0,0,0,0,108.64985466003418,5.673664093017578,33.2424635887146,14.464128971099854,nocache_bf16,large_h6_n10_s100_wikics_arxiv,d2571c03cbd5e99a7c59bc4d317cc203f10074ac80503d14e841d90b76b2d028,681.3213500976562,401.5873918533325,0,437.8594961166382,0,0,0,0
arxiv,test,137,37,arxiv:test:000037:ff540b07468add89,2,1583.000953,1582.963623046875,1180.746971,401.930165,0.0,0.0,0.0,0.0,186.3147850036621,167.75094604492188,0,0,0,0,0,0,0,0,0,0,126.62332916259766,6.830335974693298,36.82960033416748,16.031519532203674,nocache_bf16,large_h6_n10_s100_wikics_arxiv,ff540b07468add89ac9e11d4387e45f4f5a96fad34add510dcd2449d6271317a,725.9140014648438,428.09161472320557,0,465.57333278656006,0,0,0,0
arxiv,test,138,38,arxiv:test:000038:f2bc826283b28142,2,1563.95956,1563.92236328125,1165.778516,397.894121,0.0,0.0,0.0,0.0,178.48486518859863,166.13542556762695,0,0,0,0,0,0,0,0,0,0,121.24771499633789,6.174688041210175,35.774367809295654,15.288094341754913,nocache_bf16,large_h6_n10_s100_wikics_arxiv,f2bc826283b28142062c7d0b5b7b26cde2d6be256a0081e2f95275a46b74cc24,719.5330810546875,423.8689270019531,0,461.7995796203613,0,0,0,0
arxiv,test,139,39,arxiv:test:000039:e1df3943e9da4831,2,1257.814728,1257.779296875,935.987532,321.501335,0.0,0.0,0.0,0.0,125.8554573059082,134.63632011413574,0,0,0,0,0,0,0,0,0,0,82.04547309875488,4.204895973205566,27.843263626098633,11.761824607849121,nocache_bf16,large_h6_n10_s100_wikics_arxiv,e1df3943e9da483163688e75fe6cb8d909c7f9c2585b8e8dd56a324540302cc2,587.6300048828125,346.19638538360596,0,376.0699396133423,0,0,0,0
arxiv,test,140,40,arxiv:test:000040:ff71ceefa1018a18,2,1291.274976,1291.2373046875,976.445556,314.518294,0.0,0.0,0.0,0.0,144.3832950592041,138.7719669342041,0,0,0,0,0,0,0,0,0,0,97.28489398956299,5.064224064350128,29.33827257156372,12.695904433727264,nocache_bf16,large_h6_n10_s100_wikics_arxiv,ff71ceefa1018a1865ea23dfca204d90bd98f5e2418f71a41d93785902c5fcee,604.6669311523438,356.6697607040405,0,386.7691373825073,0,0,0,0
arxiv,test,141,41,arxiv:test:000041:3c49d5bf4dbf737e,2,1592.846206,1592.8079833984375,1193.265404,399.25637,0.0,0.0,0.0,0.0,201.42508506774902,167.41286277770996,0,0,0,0,0,0,0,0,0,0,141.21929550170898,7.410400032997131,36.13744020462036,16.657949328422546,nocache_bf16,large_h6_n10_s100_wikics_arxiv,3c49d5bf4dbf737e34e5133f2c2461cd0139704b56bbd739ff73f4d02a344ad7,725.5601806640625,428.31353855133057,0,464.6595048904419,0,0,0,0
arxiv,test,142,42,arxiv:test:000042:dae587ce1b7ca967,2,1507.869129,1507.83203125,1172.927061,334.617234,0.0,0.0,0.0,0.0,176.17081451416016,169.55881309509277,0,0,0,0,0,0,0,0,0,0,117.53801536560059,6.147488057613373,36.776447772979736,15.708863317966461,nocache_bf16,large_h6_n10_s100_wikics_arxiv,dae587ce1b7ca9678e94abf2563f0d48c3d3b4a0175d6489d7fcb220ad30d4bf,726.8722534179688,428.82649421691895,0,467.6045722961426,0,0,0,0
arxiv,test,143,43,arxiv:test:000043:e717be6b19d36df2,2,1480.483018,1480.4459228515625,1164.357525,315.85058,0.0,0.0,0.0,0.0,171.76022338867188,168.0353603363037,0,0,0,0,0,0,0,0,0,0,113.98031806945801,5.965696096420288,36.46569633483887,15.348512887954712,nocache_bf16,large_h6_n10_s100_wikics_arxiv,e717be6b19d36df2c417dd2f340fd2ef6b2622c25926327dd92de1991210eb0c,726.9267578125,428.40928077697754,0,466.5528373718262,0,0,0,0
arxiv,test,144,44,arxiv:test:000044:ecf1facb07fbb262,2,1543.663768,1543.6259765625,1226.885302,316.461052,0.0,0.0,0.0,0.0,200.83526420593262,173.15087890625,0,0,0,0,0,0,0,0,0,0,139.77548789978027,7.324671983718872,37.26128005981445,16.47382426261902,nocache_bf16,large_h6_n10_s100_wikics_arxiv,ecf1facb07fbb2625dfa89a62495a9453205b5b87c471a67ee92ab8e090dd4b6,752.2151489257812,443.879168510437,0,481.48685932159424,0,0,0,0
arxiv,test,145,45,arxiv:test:000045:c97b28935cff346f,2,934.774638,934.7420654296875,571.330724,363.179257,0.0,0.0,0.0,0.0,74.89007949829102,81.91974449157715,0,0,0,0,0,0,0,0,0,0,48.58073663711548,2.451039969921112,16.62121605873108,7.237086832523346,nocache_bf16,large_h6_n10_s100_wikics_arxiv,c97b28935cff346f8d96b42043d071dbc71a36119d063ae948118dd57f60ad1b,361.60699462890625,210.93488025665283,0,232.59185886383057,0,0,0,0
arxiv,test,146,46,arxiv:test:000046:fbd9f3145be22507,2,1502.595071,1502.5572509765625,1138.656567,363.640826,0.0,0.0,0.0,0.0,168.6107177734375,163.71014404296875,0,0,0,0,0,0,0,0,0,0,112.91126441955566,5.828000068664551,35.037312030792236,14.834141254425049,nocache_bf16,large_h6_n10_s100_wikics_arxiv,fbd9f3145be2250742dc25e9ae46990667480b99348e959e85b2180a30c8590e,708.9275512695312,418.1777276992798,0,454.4599676132202,0,0,0,0
arxiv,test,147,47,arxiv:test:000047:fafb4cdfc63a9718,2,1589.284833,1589.248046875,1188.952016,400.003451,0.0,0.0,0.0,0.0,197.30345726013184,167.42761421203613,0,0,0,0,0,0,0,0,0,0,138.3678092956543,7.026623964309692,35.78048038482666,16.128543615341187,nocache_bf16,large_h6_n10_s100_wikics_arxiv,fafb4cdfc63a9718e9161edeb32eaf6c01d3953e94090e8f1568c9e279c5ba04,723.6514282226562,427.3156843185425,0,463.7633581161499,0,0,0,0
arxiv,test,148,48,arxiv:test:000048:d1be3cbece176b33,2,1527.206194,1527.169677734375,1145.043246,381.84679,0.0,0.0,0.0,0.0,169.47587394714355,163.9726734161377,0,0,0,0,0,0,0,0,0,0,113.26723098754883,5.824064135551453,35.366079807281494,15.01849901676178,nocache_bf16,large_h6_n10_s100_wikics_arxiv,d1be3cbece176b3358b650780ddf35382fa6223fd1bdb79f440831f3e6386754,707.0264282226562,416.924768447876,0,454.07433319091797,0,0,0,0
arxiv,test,149,49,arxiv:test:000049:05e52a9cf94815ea,2,1433.967447,1433.93115234375,1121.382737,312.27227,0.0,0.0,0.0,0.0,172.32467079162598,160.01427268981934,0,0,0,0,0,0,0,0,0,0,117.8248291015625,6.105503976345062,33.47215986251831,14.922177851200104,nocache_bf16,large_h6_n10_s100_wikics_arxiv,05e52a9cf94815ea165fc47c07f510e4cb682c1ecd224bf19a51c6ff9612777e,686.4559326171875,405.37462615966797,0,441.09557914733887,0,0,0,0
arxiv,test,150,50,arxiv:test:000050:2ae7e9025c812bc9,2,1216.068718,1216.033935546875,827.860394,387.934525,0.0,0.0,0.0,0.0,112.43123054504395,118.14499282836914,0,0,0,0,0,0,0,0,0,0,73.97257709503174,3.806976079940796,24.1387836933136,10.512893676757812,nocache_bf16,large_h6_n10_s100_wikics_arxiv,2ae7e9025c812bc9b271f2094242f0d0b0d8547a202d8c2a41549e3f9b5ba068,514.6959228515625,301.6371831893921,0,331.20373249053955,0,0,0,0
arxiv,test,151,51,arxiv:test:000051:66a62fdf4daaa7ae,2,1488.302554,1488.265625,1172.110561,315.892224,0.0,0.0,0.0,0.0,184.88428688049316,164.6405429840088,0,0,0,0,0,0,0,0,0,0,126.81836891174316,6.724576115608215,35.82979202270508,15.511549830436707,nocache_bf16,large_h6_n10_s100_wikics_arxiv,66a62fdf4daaa7ae24fb1caeac844800dd701d501cc3172f7faff797a7efe852,718.1100463867188,422.1148147583008,0,460.63577461242676,0,0,0,0
arxiv,test,152,52,arxiv:test:000052:7c51a8eb1dba87a6,2,1397.906284,1397.869140625,1033.658787,363.965985,0.0,0.0,0.0,0.0,143.61699295043945,151.70233535766602,0,0,0,0,0,0,0,0,0,0,93.24464130401611,4.8714879155159,32.01107168197632,13.489792048931122,nocache_bf16,large_h6_n10_s100_wikics_arxiv,7c51a8eb1dba87a6fe0e433e5eb412caf5912e485467601436acd1bf3e919747,643.6492309570312,380.75590324401855,0,414.5956630706787,0,0,0,0
arxiv,test,153,53,arxiv:test:000053:a3944fd2577c232c,2,1510.631873,1510.594482421875,1197.308811,313.000189,0.0,0.0,0.0,0.0,183.44991874694824,171.56518173217773,0,0,0,0,0,0,0,0,0,0,123.33651161193848,6.44483208656311,37.354015827178955,16.3145592212677,nocache_bf16,large_h6_n10_s100_wikics_arxiv,a3944fd2577c232ccd1772224b9637f05e2ef77e0bcd5eaf08988d3146013916,739.3875122070312,435.25452613830566,0,475.6981678009033,0,0,0,0
arxiv,test,154,54,arxiv:test:000054:f51bc10bbe82c845,2,1504.241578,1504.203369140625,1103.193352,400.706953,0.0,0.0,0.0,0.0,161.07510566711426,158.04035186767578,0,0,0,0,0,0,0,0,0,0,107.06921768188477,5.643583953380585,33.67907190322876,14.683232128620148,nocache_bf16,large_h6_n10_s100_wikics_arxiv,f51bc10bbe82c8452412f46ca8ff4664d79c65efe78e62cdd6f95a636ca4905b,684.0303344726562,402.61571407318115,0,439.4549722671509,0,0,0,0
arxiv,test,155,55,arxiv:test:000055:5573ca76c9a39d22,2,1441.42283,1441.3853759765625,1127.238727,313.882501,0.0,0.0,0.0,0.0,177.12889671325684,160.92470359802246,0,0,0,0,0,0,0,0,0,0,121.76505470275879,6.269184052944183,33.969088077545166,15.125569880008698,nocache_bf16,large_h6_n10_s100_wikics_arxiv,5573ca76c9a39d2243a723a0470b9124c50151e3afdac246c8bc4118cb4c567b,689.8386840820312,406.5063018798828,0,444.2570858001709,0,0,0,0
arxiv,test,156,56,arxiv:test:000056:25832dcece5fda15,2,1597.243464,1597.2041015625,1194.690226,402.223829,0.0,0.0,0.0,0.0,199.60272026062012,165.77824020385742,0,0,0,0,0,0,0,0,0,0,139.731107711792,7.441151976585388,36.11647939682007,16.31398117542267,nocache_bf16,large_h6_n10_s100_wikics_arxiv,25832dcece5fda156833a9731130bc1378deb05b833ca4f63add4d0588527943,729.6781005859375,429.15945529937744,0,466.2968854904175,0,0,0,0
arxiv,test,157,57,arxiv:test:000057:ba9168bd9766cf18,2,1520.364357,1520.326171875,1155.310207,364.752979,0.0,0.0,0.0,0.0,207.08831405639648,156.77100563049316,0,0,0,0,0,0,0,0,0,0,149.07296180725098,8.105152010917664,33.837087631225586,16.07311260700226,nocache_bf16,large_h6_n10_s100_wikics_arxiv,ba9168bd9766cf185f5b7c22acafe94b3c085f92b8dbf63a30be01ff3a73eadc,691.9329833984375,406.9818229675293,0,441.72216606140137,0,0,0,0
arxiv,test,158,58,arxiv:test:000058:1ea80af47d86c254,2,1518.513352,1518.475830078125,1187.884328,330.301604,0.0,0.0,0.0,0.0,190.82313346862793,168.49238395690918,0,0,0,0,0,0,0,0,0,0,131.68460655212402,6.752447962760925,36.03119993209839,16.354879021644592,nocache_bf16,large_h6_n10_s100_wikics_arxiv,1ea80af47d86c254119ad3ea64cba8b50a8d9dae2ce38b3374ff55196f5c820e,725.2893676757812,426.96287727355957,0,466.81887435913086,0,0,0,0
arxiv,test,159,59,arxiv:test:000059:62556ac4244be586,2,1441.577546,1441.5404052734375,1124.481418,316.770262,0.0,0.0,0.0,0.0,198.8188533782959,154.6599998474121,0,0,0,0,0,0,0,0,0,0,142.6243190765381,7.418240070343018,33.047743797302246,15.728550434112549,nocache_bf16,large_h6_n10_s100_wikics_arxiv,62556ac4244be586d32963772324fc204327cb8ecfa51b1ec7f97d707f94987f,672.3676147460938,394.67219257354736,0,432.3554220199585,0,0,0,0
arxiv,test,160,60,arxiv:test:000060:6244d60e2fe63550,2,1505.394396,1505.35693359375,1176.298884,328.80379,0.0,0.0,0.0,0.0,178.58550453186035,169.20390129089355,0,0,0,0,0,0,0,0,0,0,121.14192199707031,6.225055932998657,35.77017545700073,15.44835114479065,nocache_bf16,large_h6_n10_s100_wikics_arxiv,6244d60e2fe635503dea4f66e19474b85730be0ae3efec13a3c94008a7a9a5f4,726.3720092773438,427.6833305358887,0,467.89258003234863,0,0,0,0
arxiv,test,161,61,arxiv:test:000061:99666928c9355e5b,2,1521.27462,1521.2374267578125,1155.841002,365.122423,0.0,0.0,0.0,0.0,211.6057586669922,158.12307167053223,0,0,0,0,0,0,0,0,0,0,152.58195304870605,8.209279894828796,34.29167985916138,16.52284586429596,nocache_bf16,large_h6_n10_s100_wikics_arxiv,99666928c9355e5bbdc2ddc86bb4ef67daf764e66cd971c7119a909dc00caec1,688.701416015625,405.4291820526123,0,441.3953056335449,0,0,0,0
arxiv,test,162,62,arxiv:test:000062:bec78568e4fa8bbf,2,1460.370746,1460.335205078125,1146.757967,313.313717,0.0,0.0,0.0,0.0,171.47551918029785,164.80003356933594,0,0,0,0,0,0,0,0,0,0,115.01366233825684,5.89823991060257,35.40569543838501,15.157921493053436,nocache_bf16,large_h6_n10_s100_wikics_arxiv,bec78568e4fa8bbf65d8ea931527267a40587408a1ef2471059bc80441a46fb4,709.0767822265625,417.6486701965332,0,456.22814559936523,0,0,0,0
arxiv,test,163,63,arxiv:test:000063:91c5a58cb1375a08,2,1202.57971,1202.5460205078125,881.211647,321.08117,0.0,0.0,0.0,0.0,108.20169448852539,129.70976066589355,0,0,0,0,0,0,0,0,0,0,67.15555191040039,3.416671931743622,26.71558380126953,10.913886845111847,nocache_bf16,large_h6_n10_s100_wikics_arxiv,91c5a58cb1375a08b22109223c737570a74eacb15fab3b374a5d4a2e94b894d5,560.8485717773438,330.1488628387451,0,360.4094696044922,0,0,0,0
arxiv,test,164,64,arxiv:test:000064:6a12ed40fb7a93c8,2,1351.531953,1351.4959716796875,1036.643605,314.608237,0.0,0.0,0.0,0.0,152.85532760620117,150.7353572845459,0,0,0,0,0,0,0,0,0,0,102.67730903625488,5.267199993133545,31.49724817276001,13.413570404052734,nocache_bf16,large_h6_n10_s100_wikics_arxiv,6a12ed40fb7a93c83d45ebc818e4bc7a59193f1756e8600f010c6fbcd9d23c04,642.3462524414062,379.6785593032837,0,413.40305042266846,0,0,0,0
arxiv,test,165,65,arxiv:test:000065:b4196de0afae9713,2,1486.615646,1486.578369140625,1169.039128,317.228208,0.0,0.0,0.0,0.0,173.31369590759277,168.05023956298828,0,0,0,0,0,0,0,0,0,0,115.93824195861816,6.052735984325409,36.01359987258911,15.309118092060089,nocache_bf16,large_h6_n10_s100_wikics_arxiv,b4196de0afae9713dd543bbafa99ad966258192a919b347a7175c936626ae78f,727.58203125,428.41664123535156,0,467.2156295776367,0,0,0,0
arxiv,test,166,66,arxiv:test:000066:fbb5136596808044,2,1524.046432,1524.0086669921875,1172.599376,351.117471,0.0,0.0,0.0,0.0,193.81798362731934,164.29055976867676,0,0,0,0,0,0,0,0,0,0,135.81734657287598,6.869952082633972,35.28809595108032,15.842589020729065,nocache_bf16,large_h6_n10_s100_wikics_arxiv,fbb5136596808044cc3038d404bc8f6cace03dc80ad31d7bbfe14fd19b261af5,709.628173828125,417.5876798629761,0,456.3310537338257,0,0,0,0
arxiv,test,167,67,arxiv:test:000067:fa85f05d87405140,2,1482.657772,1482.621337890625,1081.970882,400.395612,0.0,0.0,0.0,0.0,157.43699264526367,155.4876480102539,0,0,0,0,0,0,0,0,0,0,104.11993789672852,5.583935976028442,33.43516778945923,14.297950983047485,nocache_bf16,large_h6_n10_s100_wikics_arxiv,fa85f05d874051402204cced44808964ffa5e2dde8b50ab94d924b2e039db06a,671.1903076171875,395.3682909011841,0,431.3096647262573,0,0,0,0
arxiv,test,168,68,arxiv:test:000068:9e5b91a78336f4db,2,1512.875642,1512.8389892578125,1147.303076,365.288338,0.0,0.0,0.0,0.0,202.30089569091797,155.66070556640625,0,0,0,0,0,0,0,0,0,0,147.10816192626953,7.804191946983337,32.1944637298584,15.194078087806702,nocache_bf16,large_h6_n10_s100_wikics_arxiv,9e5b91a78336f4dbfdab98acf0c12ea6d117a30f768e9ea9c4c5d64f8dc9a52e,690.8749389648438,406.5694065093994,0,439.9662380218506,0,0,0,0
arxiv,test,169,69,arxiv:test:000069:ab2956d520370850,2,1457.378148,1457.34228515625,1144.445647,312.645897,0.0,0.0,0.0,0.0,208.60839080810547,157.31824111938477,0,0,0,0,0,0,0,0,0,0,151.5859832763672,7.8071359395980835,33.16316843032837,16.05210316181183,nocache_bf16,large_h6_n10_s100_wikics_arxiv,ab2956d520370850b66eb3e2df8fc1f55cde72b28131f2e95a0cb892e4b0ce5f,683.7351684570312,401.9960346221924,0,439.05737495422363,0,0,0,0
arxiv,test,170,70,arxiv:test:000070:86376d99f593daf5,2,1479.557914,1479.521728515625,1165.571404,313.665476,0.0,0.0,0.0,0.0,170.57673835754395,168.94380950927734,0,0,0,0,0,0,0,0,0,0,113.00729560852051,5.8157759308815,36.21955156326294,15.534115254878998,nocache_bf16,large_h6_n10_s100_wikics_arxiv,86376d99f593daf5731e4d75f2360e834000011c568f6ffcf264dc5dfa24e942,728.7344970703125,429.1762571334839,0,468.50204944610596,0,0,0,0
arxiv,test,171,71,arxiv:test:000071:4619e988f89c1108,2,1456.404192,1456.3673095703125,1142.409588,313.691827,0.0,0.0,0.0,0.0,163.53273391723633,163.96569633483887,0,0,0,0,0,0,0,0,0,0,107.02524757385254,5.639039993286133,36.060351848602295,14.808094501495361,nocache_bf16,large_h6_n10_s100_wikics_arxiv,4619e988f89c11082a6749f1d133a9543c0fa63ffa70cd313c6d239847277f9e,714.7222900390625,420.48051357269287,0,458.2074728012085,0,0,0,0
arxiv,test,172,72,arxiv:test:000072:15976e0c60667f00,2,1378.415487,1378.380126953125,1042.977858,335.13956,0.0,0.0,0.0,0.0,142.12700653076172,155.15894317626953,0,0,0,0,0,0,0,0,0,0,91.18371200561523,4.714847981929779,32.718080043792725,13.51036649942398,nocache_bf16,large_h6_n10_s100_wikics_arxiv,15976e0c60667f00f648fc1a1b5f7bcbe7ff7e1b0297989f5c995f57c8fcd243,652.0349731445312,385.3984622955322,0,421.79545402526855,0,0,0,0
arxiv,test,173,73,arxiv:test:000073:d96c675b2f816922,2,1572.702151,1572.664306640625,1207.518091,364.888681,0.0,0.0,0.0,0.0,199.7416934967041,170.57273483276367,0,0,0,0,0,0,0,0,0,0,137.82793426513672,7.256320118904114,37.7456316947937,16.911807417869568,nocache_bf16,large_h6_n10_s100_wikics_arxiv,d96c675b2f816922a4928577f458d48b866de6a89256a73f5aba201e1c5d5b02,738.5836791992188,435.91974544525146,0,473.23666858673096,0,0,0,0
arxiv,test,174,74,arxiv:test:000074:941cb92444178d37,2,1603.590584,1603.5538330078125,1205.181082,398.133306,0.0,0.0,0.0,0.0,210.9263038635254,165.41551780700684,0,0,0,0,0,0,0,0,0,0,151.72224044799805,7.959903955459595,35.043999671936035,16.200159788131714,nocache_bf16,large_h6_n10_s100_wikics_arxiv,941cb92444178d37c272bc03c32424d62f16d8449d1ad46409d75c0012f455cc,728.5166625976562,429.476411819458,0,464.4557685852051,0,0,0,0
arxiv,test,175,75,arxiv:test:000075:518e94c81e42d0b5,2,1364.454796,1364.4195556640625,1015.941057,348.246946,0.0,0.0,0.0,0.0,194.85651397705078,135.9738254547119,0,0,0,0,0,0,0,0,0,0,144.8617935180664,7.751935958862305,28.12335968017578,14.119424819946289,nocache_bf16,large_h6_n10_s100_wikics_arxiv,518e94c81e42d0b5c38489a69ab637ec3981901fe9f213656a1ca00db2bc4d7b,598.3746948242188,351.9614419937134,0,382.3870782852173,0,0,0,0
arxiv,test,176,76,arxiv:test:000076:ba8ee2f748d9be49,2,1468.697475,1468.661865234375,1153.422899,314.938982,0.0,0.0,0.0,0.0,155.45008087158203,169.31791877746582,0,0,0,0,0,0,0,0,0,0,98.8575668334961,5.139871954917908,36.54863977432251,14.90400230884552,nocache_bf16,large_h6_n10_s100_wikics_arxiv,ba8ee2f748d9be49b684c34372c5d886fb7f29cc5399aec1bfab76cf2569f046,730.2086181640625,431.0228157043457,0,468.5037212371826,0,0,0,0
arxiv,test,177,77,arxiv:test:000077:5888a05877d4a3f7,2,1519.754883,1519.718017578125,1206.198794,313.249459,0.0,0.0,0.0,0.0,226.01798248291016,164.07087898254395,0,0,0,0,0,0,0,0,0,0,165.3667869567871,8.79964816570282,35.040160179138184,16.811387181282043,nocache_bf16,large_h6_n10_s100_wikics_arxiv,5888a05877d4a3f76e161f41c66e539d2be27f131d7c87050b092a962d7cb5a2,719.460693359375,423.79366397857666,0,459.7379083633423,0,0,0,0
arxiv,test,178,78,arxiv:test:000078:b2b1e0e3155a95df,2,1401.479135,1401.4439697265625,1087.978114,313.199957,0.0,0.0,0.0,0.0,158.64422607421875,155.62838172912598,0,0,0,0,0,0,0,0,0,0,106.51299285888672,5.472384035587311,32.494144439697266,14.164704740047455,nocache_bf16,large_h6_n10_s100_wikics_arxiv,b2b1e0e3155a95df55c442974eb53017073aac94ed5a506c708893a966d86979,676.32421875,398.0464324951172,0,433.9061679840088,0,0,0,0
arxiv,test,179,79,arxiv:test:000079:f62eab72bfea6732,2,1513.61527,1513.57958984375,1147.674582,365.671617,0.0,0.0,0.0,0.0,171.18915176391602,165.25251007080078,0,0,0,0,0,0,0,0,0,0,114.53904151916504,5.912479937076569,35.47756814956665,15.260062158107758,nocache_bf16,large_h6_n10_s100_wikics_arxiv,f62eab72bfea67329c216ab01713c94f86fd691ea9ae70a6cd4ff1cc3385cda2,712.1188354492188,419.35609436035156,0,458.01525115966797,0,0,0,0
arxiv,test,180,80,arxiv:test:000080:8e38fa691cd057dc,2,1358.743929,1358.709716796875,1004.453667,353.995201,0.0,0.0,0.0,0.0,146.1550064086914,144.29993629455566,0,0,0,0,0,0,0,0,0,0,97.57446384429932,4.9966400265693665,30.507776260375977,13.076126277446747,nocache_bf16,large_h6_n10_s100_wikics_arxiv,8e38fa691cd057dc10c8b3325642224ddd2580eceb05e615ea46257be54d1775,625.90966796875,370.029185295105,0,400.1804189682007,0,0,0,0
arxiv,test,181,81,arxiv:test:000081:31480263ed5d277b,2,937.445409,937.4137573242188,572.838268,364.360536,0.0,0.0,0.0,0.0,75.66192150115967,82.61526393890381,0,0,0,0,0,0,0,0,0,0,49.04822301864624,2.481119990348816,16.81760025024414,7.314978241920471,nocache_bf16,large_h6_n10_s100_wikics_arxiv,31480263ed5d277b9c0c192a10844c610e8a6633f8b1f2e4ee208043481d08eb,361.0509948730469,210.85820770263672,0,232.80805110931396,0,0,0,0
arxiv,test,182,82,arxiv:test:000082:edacc0da0c3ea4ad,2,1437.396613,1437.36181640625,1054.724204,382.40428,0.0,0.0,0.0,0.0,148.0999050140381,151.88592147827148,0,0,0,0,0,0,0,0,0,0,97.40646362304688,5.013568103313446,32.06492805480957,13.614945232868195,nocache_bf16,large_h6_n10_s100_wikics_arxiv,edacc0da0c3ea4ad508bb888645aaa82d23fb8717b7713cd1de39ab640f4cc81,652.9140014648438,384.92857837677,0,419.8713445663452,0,0,0,0
arxiv,test,183,83,arxiv:test:000083:d50e616e9faabf8a,2,1648.041182,1648.002685546875,1245.482515,402.273697,0.0,0.0,0.0,0.0,238.7895393371582,166.951997756958,0,0,0,0,0,0,0,0,0,0,175.9239044189453,9.393311858177185,36.24403190612793,17.228291153907776,nocache_bf16,large_h6_n10_s100_wikics_arxiv,d50e616e9faabf8ac712e8de6c3ada7613e8a25859e391d8fcd2f964f0c59cc5,738.5036010742188,435.90790367126465,0,469.5476951599121,0,0,0,0
arxiv,test,184,84,arxiv:test:000084:8c86ab793e25743d,2,1375.889596,1375.855224609375,897.103783,478.518635,0.0,0.0,0.0,0.0,123.92323112487793,127.58364677429199,0,0,0,0,0,0,0,0,0,0,81.86758327484131,4.197983980178833,26.516128063201904,11.341535806655884,nocache_bf16,large_h6_n10_s100_wikics_arxiv,8c86ab793e25743d842b6bdc3392960b2af7e47e446f6409a597823c3f49e639,560.3988037109375,330.0196809768677,0,357.9627695083618,0,0,0,0
arxiv,test,185,85,arxiv:test:000085:c106d133f326eef3,2,1614.171755,1614.13330078125,1214.900456,398.976188,0.0,0.0,0.0,0.0,205.4188461303711,169.0988483428955,0,0,0,0,0,0,0,0,0,0,144.87187385559082,7.6105921268463135,36.47296094894409,16.463419198989868,nocache_bf16,large_h6_n10_s100_wikics_arxiv,c106d133f326eef3498f3c205375a446bc3dd642bd6626451388950ba3cd9152,740.555908203125,436.6230115890503,0,473.0317449569702,0,0,0,0
arxiv,test,186,86,arxiv:test:000086:612d3da97d54f8b2,2,1599.819605,1599.7821044921875,1200.949625,398.594451,0.0,0.0,0.0,0.0,160.2581443786621,177.66035270690918,0,0,0,0,0,0,0,0,0,0,101.5331859588623,5.148832082748413,38.072256088256836,15.503870248794556,nocache_bf16,large_h6_n10_s100_wikics_arxiv,612d3da97d54f8b287b23fd290dcf87f9d7be573587db540be49c82f96e4c8eb,758.7286987304688,448.13324642181396,0,488.25580501556396,0,0,0,0
arxiv,test,187,87,arxiv:test:000087:e06d132a946fdea4,2,1502.487736,1502.4521484375,1132.012592,370.20419,0.0,0.0,0.0,0.0,189.06662368774414,157.73344039916992,0,0,0,0,0,0,0,0,0,0,133.22195053100586,6.889951825141907,33.606815814971924,15.34790551662445,nocache_bf16,large_h6_n10_s100_wikics_arxiv,e06d132a946fdea44858de413f6040ad2abf998cbd2186dff4f6ea1850545827,687.1930541992188,403.6895999908447,0,441.23689460754395,0,0,0,0
arxiv,test,188,88,arxiv:test:000088:80620978f1a2fcd3,2,1265.436029,1265.402587890625,891.006709,374.127439,0.0,0.0,0.0,0.0,132.01884841918945,126.95683288574219,0,0,0,0,0,0,0,0,0,0,89.32422351837158,4.632479906082153,26.451616287231445,11.610528707504272,nocache_bf16,large_h6_n10_s100_wikics_arxiv,80620978f1a2fcd377f0135cede0a4c45709a1cb2f92f3331e15fdf631e60e18,557.5968017578125,327.5725440979004,0,356.9810905456543,0,0,0,0
arxiv,test,189,89,arxiv:test:000089:620c6b9c227bbbc9,2,1522.778603,1522.7412109375,1101.401401,421.108875,0.0,0.0,0.0,0.0,175.4376335144043,156.20515251159668,0,0,0,0,0,0,0,0,0,0,121.2308464050293,6.332640051841736,33.03644847869873,14.837698578834534,nocache_bf16,large_h6_n10_s100_wikics_arxiv,620c6b9c227bbbc93b0a63281e51f96d10b144d7b746119f22d7b07affc0f983,677.2127075195312,398.1668167114258,0,435.25104331970215,0,0,0,0
arxiv,test,190,90,arxiv:test:000090:301e4d139270b49f,2,1510.664984,1510.6280517578125,1105.637597,404.694022,0.0,0.0,0.0,0.0,161.44659042358398,157.99200057983398,0,0,0,0,0,0,0,0,0,0,108.30377769470215,5.560831964015961,33.15356779098511,14.428412973880768,nocache_bf16,large_h6_n10_s100_wikics_arxiv,301e4d139270b49f25e8b93f1ec539cd4c92322b95db3dbdeeaa5e66a291d63b,686.6634521484375,404.0716161727905,0,440.58383655548096,0,0,0,0
arxiv,test,191,91,arxiv:test:000091:beef13982aa0e3bd,2,1521.729385,1521.6929931640625,1205.128361,316.316396,0.0,0.0,0.0,0.0,205.49798202514648,165.29875373840332,0,0,0,0,0,0,0,0,0,0,146.20515251159668,7.801568031311035,35.39865589141846,16.092605590820312,nocache_bf16,large_h6_n10_s100_wikics_arxiv,beef13982aa0e3bdafad69c258c808979b98e556b61598a93617959e7b8cc2cb,730.8488159179688,430.64179134368896,0,465.5057783126831,0,0,0,0
arxiv,test,192,92,arxiv:test:000092:af69a7134cdf4f39,2,1484.389208,1484.353515625,1166.514432,317.587072,0.0,0.0,0.0,0.0,177.1249599456787,170.21795272827148,0,0,0,0,0,0,0,0,0,0,117.35708808898926,6.227295994758606,37.68473672866821,15.855839133262634,nocache_bf16,large_h6_n10_s100_wikics_arxiv,af69a7134cdf4f39cf2fb5797be600ba172efd4232a54e93143f35d90f17d392,730.2889404296875,429.42521572113037,0,471.0816774368286,0,0,0,0
arxiv,test,193,93,arxiv:test:000093:e5bbef4be1378794,2,1522.52357,1522.487060546875,1139.50554,382.715373,0.0,0.0,0.0,0.0,168.6357765197754,164.38735961914062,0,0,0,0,0,0,0,0,0,0,112.2724781036377,5.873311996459961,35.57715177536011,14.912834644317627,nocache_bf16,large_h6_n10_s100_wikics_arxiv,e5bbef4be1378794476e97eee1e990485575e915984280bbf2da6d15e681b069,714.6466674804688,421.1419515609741,0,457.89207553863525,0,0,0,0
arxiv,test,194,94,arxiv:test:000094:28e0fcda3c7a47f0,2,1512.231128,1512.1951904296875,1194.540756,317.396051,0.0,0.0,0.0,0.0,209.39632034301758,165.7817268371582,0,0,0,0,0,0,0,0,0,0,149.89523315429688,7.83459198474884,35.454463481903076,16.212031722068787,nocache_bf16,large_h6_n10_s100_wikics_arxiv,28e0fcda3c7a47f0f95a250eaa1ea53a64c6a24f5f03f3b3d824971559d29ff1,731.0601196289062,430.15875244140625,0,466.6830940246582,0,0,0,0
arxiv,test,195,95,arxiv:test:000095:2e7f392bc5536560,2,1444.109971,1444.0732421875,1043.686803,400.136107,0.0,0.0,0.0,0.0,146.26243209838867,151.94592094421387,0,0,0,0,0,0,0,0,0,0,94.71056079864502,4.884703993797302,32.93574380874634,13.731423497200012,nocache_bf16,large_h6_n10_s100_wikics_arxiv,2e7f392bc5536560646ebcd34d6778a2fb62bff21d4c7dc4d8b63c31ad6d73ed,665.5274047851562,387.96259117126465,0,429.51073455810547,0,0,0,0
arxiv,test,196,96,arxiv:test:000096:da4c1b2e123e292d,2,1345.201253,1345.1663818359375,994.897132,350.020018,0.0,0.0,0.0,0.0,150.03711891174316,145.44982528686523,0,0,0,0,0,0,0,0,0,0,99.78656101226807,5.19049596786499,31.660832405090332,13.399229526519775,nocache_bf16,large_h6_n10_s100_wikics_arxiv,da4c1b2e123e292d3b7e1f44d848e695579c3cd4edc03957cf4b295218cbd6ef,623.7127075195312,368.9406089782715,0,400.221923828125,0,0,0,0
arxiv,test,197,97,arxiv:test:000097:6d9c34e632a3e4a9,2,1498.194958,1498.1583251953125,1099.381664,398.531183,0.0,0.0,0.0,0.0,163.78540802001953,160.26400184631348,0,0,0,0,0,0,0,0,0,0,109.18275260925293,5.693855941295624,34.1877121925354,14.721087276935577,nocache_bf16,large_h6_n10_s100_wikics_arxiv,6d9c34e632a3e4a909618086fbed82f3ed5c932eb77aaeb3cd3349db8baaf079,687.1499633789062,404.4063024520874,0,443.0076627731323,0,0,0,0
arxiv,test,198,98,arxiv:test:000098:9903545b1d27c917,2,1512.887895,1512.8511962890625,1147.239458,365.343622,0.0,0.0,0.0,0.0,210.70832061767578,158.9130573272705,0,0,0,0,0,0,0,0,0,0,151.6673583984375,8.172224044799805,34.317312240600586,16.55142593383789,nocache_bf16,large_h6_n10_s100_wikics_arxiv,9903545b1d27c917c404d3ddf3ae459b791626f0599141d08706cf8c132f1fc1,691.1088256835938,407.6860809326172,0,442.33580207824707,0,0,0,0
arxiv,test,199,99,arxiv:test:000099:a363a036dd1c8d42,2,1481.431961,1481.397216796875,1076.707842,404.446307,0.0,0.0,0.0,0.0,159.04380989074707,156.01382637023926,0,0,0,0,0,0,0,0,0,0,106.56537818908691,5.56332790851593,32.766751766204834,14.148352026939392,nocache_bf16,large_h6_n10_s100_wikics_arxiv,a363a036dd1c8d420403ea879b46c123da177628f40c118689808017ddce16fc,677.56396484375,398.88883209228516,0,434.6889591217041,0,0,0,0
