task,split,trace_order,query_index,query_uid,rep,query_wall_ms,query_gpu_ms,encoder_wall_ms,decoder_wall_ms,cache_load_wall_ms,online_nog_prefix_wall_ms,cache_assembly_wall_ms,suffix_wall_ms,suffix_gnn_gpu_ms,suffix_transformer_gpu_ms,cache_hits,cache_misses,cache_skips,quant_kv_attention_calls,fallback_count,quant_kv_attention_gpu_ms,kv_prepare_gpu_ms,int_qk_gpu_ms,softmax_prob_quant_gpu_ms,int_pv_gpu_ms,gnn_score_gpu_ms,gnn_message_gpu_ms,gnn_update_gpu_ms,gnn_other_gpu_ms,profile_mode,workload_profile,graph_signature,prefix_transformer_gpu_ms,dense_fc_gpu_ms,attention_gpu_ms,norm_residual_other_gpu_ms,logical_memory_loaded_bytes,logical_key_loaded_bytes,logical_value_loaded_bytes,int_gemm_call_count
wikics,val,0,0,wikics:val:000000:fef527b25a18161e,0,1507.705142,1507.6455078125,1364.194971,143.038602,0.0,0.0,0.0,0.0,192.14796829223633,142.43939399719238,0,0,0,0,0,0,0,0,0,0,133.06924629211426,6.4470720291137695,39.31843185424805,13.313218116760254,nocache_bf16,large_h6_n10_s100_wikics_arxiv,fef527b25a18161e02256c9a22a5fcb64ea189b88fbf1c593a16f7cef2386a5f,709.72998046875,365.05971240997314,0,487.10966205596924,0,0,0,0
wikics,val,1,1,wikics:val:000001:800111c04191b913,0,1377.143167,1377.1082763671875,1269.124497,107.628818,0.0,0.0,0.0,0.0,203.59804916381836,149.69421005249023,0,0,0,0,0,0,0,0,0,0,148.64902114868164,7.853888154029846,31.75932741165161,15.335812449455261,nocache_bf16,large_h6_n10_s100_wikics_arxiv,800111c04191b91313016b0068c7e73134e69c8f1fbc1fa3f47adef8e93827f2,649.064697265625,382.7178249359131,0,416.04108238220215,0,0,0,0
wikics,val,2,2,wikics:val:000002:55b16141b752157a,0,1469.022217,1468.9884033203125,1362.876321,105.823363,0.0,0.0,0.0,0.0,237.6590690612793,162.4810562133789,0,0,0,0,0,0,0,0,0,0,176.06940841674805,9.471487879753113,35.29040050506592,16.82777225971222,nocache_bf16,large_h6_n10_s100_wikics_arxiv,55b16141b752157aa1fbd4558cf493bf5089fa23bda74c0284125c7c88e21247,713.80517578125,421.0654716491699,0,455.220760345459,0,0,0,0
wikics,val,3,3,wikics:val:000003:eb55f467ab494142,0,1264.332724,1264.3001708984375,1135.782403,128.194965,0.0,0.0,0.0,0.0,149.5793914794922,139.63948822021484,0,0,0,0,0,0,0,0,0,0,102.29952239990234,5.404767990112305,29.24076747894287,12.634333610534668,nocache_bf16,large_h6_n10_s100_wikics_arxiv,eb55f467ab49414223cbb42727548425fb72d6d25ba1e2ef78c9b8b316f07388,605.2744140625,358.2902717590332,0,386.62363052368164,0,0,0,0
wikics,val,4,4,wikics:val:000004:94369875875c7eda,0,1419.968434,1419.93359375,1312.40696,107.054813,0.0,0.0,0.0,0.0,170.15500831604004,151.96713638305664,0,0,0,0,0,0,0,0,0,0,117.94429016113281,6.251008033752441,31.75375986099243,14.205950260162354,nocache_bf16,large_h6_n10_s100_wikics_arxiv,94369875875c7eda426ac2e378c77a4b45c69b105d096621273459492e79a002,662.3639526367188,389.59615898132324,0,424.73493003845215,0,0,0,0
wikics,val,5,5,wikics:val:000005:2ea19046bdd6fc0b,0,1488.380986,1488.346435546875,1381.928924,106.042402,0.0,0.0,0.0,0.0,258.29238510131836,166.0703353881836,0,0,0,0,0,0,0,0,0,0,195.45756721496582,10.401536107063293,34.843552112579346,17.5897296667099,nocache_bf16,large_h6_n10_s100_wikics_arxiv,2ea19046bdd6fc0b113221315bcbf4019385f97ac493ef3f6da0ff2ddbc69c2a,731.5282592773438,432.0032329559326,0,465.5953617095947,0,0,0,0
wikics,val,6,6,wikics:val:000006:deb97ed4b3c8ddd7,0,193.092141,193.0662384033203,83.9317,108.918841,0.0,0.0,0.0,0.0,6.918879985809326,12.704576015472412,0,0,0,0,0,0,0,0,0,0,3.092351973056793,0.1698879972100258,2.1811839640140533,1.4754560515284538,nocache_bf16,large_h6_n10_s100_wikics_arxiv,deb97ed4b3c8ddd7bdb39f4af5fcaad656c9c608bfc05ecb40b7af499c9ba112,52.71644973754883,32.992639899253845,0,32.428385853767395,0,0,0,0
wikics,val,7,7,wikics:val:000007:d7f4428cc84938c0,0,1369.11687,1369.0831298828125,1258.081796,110.641597,0.0,0.0,0.0,0.0,201.22816276550293,150.18208122253418,0,0,0,0,0,0,0,0,0,0,146.5846118927002,7.742303967475891,31.60271978378296,15.298527121543884,nocache_bf16,large_h6_n10_s100_wikics_arxiv,d7f4428cc84938c0ff422730accf1af7811fdbfe47c2a8963dc760c9d780173f,650.5855712890625,382.4343681335449,0,418.33328437805176,0,0,0,0
wikics,val,8,8,wikics:val:000008:a2de623bf3821acb,0,1498.297628,1498.2625732421875,1371.154715,126.674499,0.0,0.0,0.0,0.0,241.7829132080078,160.44451332092285,0,0,0,0,0,0,0,0,0,0,180.9652156829834,9.716991901397705,34.2289924621582,16.871713161468506,nocache_bf16,large_h6_n10_s100_wikics_arxiv,a2de623bf3821acb00081deda324d566d32c497bd1f73e5fe2b363af6e34451e,705.5462646484375,416.47392177581787,0,449.5168561935425,0,0,0,0
wikics,val,9,9,wikics:val:000009:5ddc4ad1ca6bddb9,0,1421.351845,1421.318115234375,1298.02855,122.806381,0.0,0.0,0.0,0.0,191.11331367492676,155.0398712158203,0,0,0,0,0,0,0,0,0,0,136.49772834777832,7.042271971702576,32.5730242729187,15.00028908252716,nocache_bf16,large_h6_n10_s100_wikics_arxiv,5ddc4ad1ca6bddb9f2fbe2619a4cc5bfc948088c83072c92fb9968043dfe40b7,669.6700439453125,394.9542074203491,0,429.7557077407837,0,0,0,0
wikics,val,10,10,wikics:val:000010:a657f4dc57cb7b3b,0,187.322212,187.29635620117188,83.155693,103.910006,0.0,0.0,0.0,0.0,6.312575936317444,12.664479970932007,0,0,0,0,0,0,0,0,0,0,2.6529280245304108,0.13382400013506413,2.106367975473404,1.419455936178565,nocache_bf16,large_h6_n10_s100_wikics_arxiv,a657f4dc57cb7b3bcdd5ce3c72500c507c0f17ae67e675802318c7fef9afe2d3,52.553375244140625,32.94860804080963,0,32.269247174263,0,0,0,0
wikics,val,11,11,wikics:val:000011:dfa124f13dbb8595,0,1575.275211,1575.2386474609375,1452.838681,122.030794,0.0,0.0,0.0,0.0,309.18457412719727,152.22879791259766,0,0,0,0,0,0,0,0,0,0,246.4691505432129,12.839263916015625,31.58726406097412,18.28889560699463,nocache_bf16,large_h6_n10_s100_wikics_arxiv,dfa124f13dbb859594d45abc92fc99eb41ed65a49c8cb209db0ee462a00191e7,670.7979125976562,396.34486198425293,0,426.681848526001,0,0,0,0
wikics,val,12,12,wikics:val:000012:b25c6bff127a88c6,0,1558.664685,1558.6287841796875,1448.094164,110.281892,0.0,0.0,0.0,0.0,314.8252182006836,157.40921783447266,0,0,0,0,0,0,0,0,0,0,249.90851211547852,13.156383991241455,32.66179180145264,19.098530292510986,nocache_bf16,large_h6_n10_s100_wikics_arxiv,b25c6bff127a88c663a84dd45840dc6a75f4ae919fa79751a93982ca913e58f8,697.7396850585938,411.6475524902344,0,443.50135040283203,0,0,0,0
wikics,val,13,13,wikics:val:000013:f7ec35bb559bff78,0,1362.87202,1362.8367919921875,1253.123454,108.72141,0.0,0.0,0.0,0.0,200.82067108154297,145.7658576965332,0,0,0,0,0,0,0,0,0,0,147.56246185302734,7.868736028671265,30.441439628601074,14.948033571243286,nocache_bf16,large_h6_n10_s100_wikics_arxiv,f7ec35bb559bff78b63dfdea8a3808323d3557dd6b3c1c55ebd48800dabbb38e,638.96142578125,375.2983350753784,0,409.4289484024048,0,0,0,0
wikics,val,14,14,wikics:val:000014:cd0465d485a7b221,0,1408.854593,1408.8192138671875,1302.000977,106.463285,0.0,0.0,0.0,0.0,204.8709716796875,149.51104164123535,0,0,0,0,0,0,0,0,0,0,149.63107109069824,7.987168192863464,31.95635175704956,15.296380639076233,nocache_bf16,large_h6_n10_s100_wikics_arxiv,cd0465d485a7b2212f8c13a4132eb2ed270289c0ec06183ceead64db97a598de,655.2074584960938,385.8808307647705,0,418.8376693725586,0,0,0,0
wikics,val,15,15,wikics:val:000015:760ce76542a910c8,0,1351.002685,1350.95947265625,1222.919432,127.683179,0.0,0.0,0.0,0.0,191.9507179260254,153.04198455810547,0,0,0,0,0,0,0,0,0,0,137.73964500427246,7.15062415599823,32.11590385437012,14.944544911384583,nocache_bf16,large_h6_n10_s100_wikics_arxiv,760ce76542a910c82715bdb1556e1b99c877f5e3ff11acfe5cdb9dec223f2bec,662.9261474609375,390.0652484893799,0,425.9028835296631,0,0,0,0
wikics,val,16,16,wikics:val:000016:ecc418214a33ddfc,0,1616.878455,1616.84228515625,1489.956707,126.473981,0.0,0.0,0.0,0.0,305.65459060668945,162.23772811889648,0,0,0,0,0,0,0,0,0,0,239.8840675354004,12.5518079996109,34.169087409973145,19.049627661705017,nocache_bf16,large_h6_n10_s100_wikics_arxiv,ecc418214a33ddfc30aad81571b5ed75b95998d50ad30efd13d1a0853a4c7a97,720.5657958984375,425.1125764846802,0,457.6909475326538,0,0,0,0
wikics,val,17,17,wikics:val:000017:30966d3fabbbe966,0,1579.265198,1579.2286376953125,1468.19113,110.519718,0.0,0.0,0.0,0.0,254.84505462646484,162.22876739501953,0,0,0,0,0,0,0,0,0,0,192.921537399292,10.164768099784851,34.78169584274292,16.97705328464508,nocache_bf16,large_h6_n10_s100_wikics_arxiv,30966d3fabbbe96640c8cbdf2e720544bf71af0cd8c950c087a1a2db14bd743b,720.6642456054688,425.3851509094238,0,457.50786209106445,0,0,0,0
wikics,val,18,18,wikics:val:000018:40b87fe5b3865c25,0,1481.260327,1481.2252197265625,1354.035252,126.78117,0.0,0.0,0.0,0.0,231.41375350952148,158.2370891571045,0,0,0,0,0,0,0,0,0,0,172.2816333770752,9.183552026748657,33.661792278289795,16.286775827407837,nocache_bf16,large_h6_n10_s100_wikics_arxiv,40b87fe5b3865c25b0fea0abae1f6a31a4b30ceff215077141910a5c4cdb9017,690.3991088867188,406.96099185943604,0,441.6752061843872,0,0,0,0
wikics,val,19,19,wikics:val:000019:c948629294047854,0,1411.545902,1411.51123046875,1300.05845,111.131861,0.0,0.0,0.0,0.0,198.95378875732422,151.77907371520996,0,0,0,0,0,0,0,0,0,0,144.6239356994629,7.503360033035278,31.761600017547607,15.064893007278442,nocache_bf16,large_h6_n10_s100_wikics_arxiv,c9486292940478548025bcd39f69bde038c73dc44280ada5e32b7ae0cd0c59c4,657.8148193359375,386.72822093963623,0,422.86567211151123,0,0,0,0
wikics,val,20,20,wikics:val:000020:e9a52cacfc1321d3,0,1216.638072,1216.6048583984375,1070.866371,145.478636,0.0,0.0,0.0,0.0,148.96745681762695,134.32294273376465,0,0,0,0,0,0,0,0,0,0,103.58899307250977,5.425056040287018,27.565792083740234,12.387615621089935,nocache_bf16,large_h6_n10_s100_wikics_arxiv,e9a52cacfc1321d3be6f10a0439a054242d79fd11875bc865a4ea4dadbd64e1e,585.4968872070312,345.2455053329468,0,374.5743246078491,0,0,0,0
wikics,val,21,21,wikics:val:000021:f6fad06d0182fdac,0,1356.993993,1356.95947265625,1247.475735,109.185003,0.0,0.0,0.0,0.0,166.15731239318848,146.65075302124023,0,0,0,0,0,0,0,0,0,0,115.4728012084961,6.154816091060638,30.887231826782227,13.642463266849518,nocache_bf16,large_h6_n10_s100_wikics_arxiv,f6fad06d0182fdac16ade7c80ae6ba48ecadf3df08778ef7a76990d17d09763f,638.063232421875,374.8111333847046,0,409.90285205841064,0,0,0,0
wikics,val,22,22,wikics:val:000022:d785569b8bb4a8d7,0,1560.850261,1560.8145751953125,1449.985917,110.501494,0.0,0.0,0.0,0.0,258.03923416137695,163.716064453125,0,0,0,0,0,0,0,0,0,0,195.33686065673828,10.515552043914795,34.59574365615845,17.59107780456543,nocache_bf16,large_h6_n10_s100_wikics_arxiv,d785569b8bb4a8d717e83bb8c9fff3658fc9cccc846cdee9551cd8d56685150b,719.78857421875,425.43347358703613,0,458.07116508483887,0,0,0,0
wikics,val,23,23,wikics:val:000023:30e8db22a669492e,0,1492.026752,1491.9910888671875,1365.709385,125.953146,0.0,0.0,0.0,0.0,243.1509780883789,160.8679370880127,0,0,0,0,0,0,0,0,0,0,182.12342262268066,9.677855968475342,34.59276819229126,16.75693130493164,nocache_bf16,large_h6_n10_s100_wikics_arxiv,30e8db22a669492e9181fdd4dfa056fe4fed95a4be6d84373feae62fc8032f91,708.2482299804688,418.4083557128906,0,450.7078113555908,0,0,0,0
wikics,val,24,24,wikics:val:000024:9c2eb6f46cefd34c,0,1655.975966,1655.93896484375,1550.410818,105.210027,0.0,0.0,0.0,0.0,406.72105407714844,161.43296241760254,0,0,0,0,0,0,0,0,0,0,334.3119087219238,17.57094383239746,33.5794563293457,21.258745193481445,nocache_bf16,large_h6_n10_s100_wikics_arxiv,9c2eb6f46cefd34c6f201303a1ad616670a71668823f3b38a391df90dfd6daff,716.2826538085938,425.00825595855713,0,452.70736026763916,0,0,0,0
wikics,val,25,25,wikics:val:000025:c748180b049621a4,0,1553.365233,1553.328125,1424.085157,128.856443,0.0,0.0,0.0,0.0,310.85004806518555,161.2658233642578,0,0,0,0,0,0,0,0,0,0,245.6623649597168,12.550336122512817,33.590943813323975,19.046403169631958,nocache_bf16,large_h6_n10_s100_wikics_arxiv,c748180b049621a4c7d3ed44f5609aeec104f7702d160cca2428f5a72b9841e5,708.2105102539062,418.72015953063965,0,450.7561740875244,0,0,0,0
wikics,val,26,26,wikics:val:000026:f66b2c37f14c407f,0,1478.213619,1478.177001953125,1371.730691,106.09642,0.0,0.0,0.0,0.0,245.01017379760742,164.42934226989746,0,0,0,0,0,0,0,0,0,0,183.31027030944824,9.694815993309021,34.84160041809082,17.16348707675934,nocache_bf16,large_h6_n10_s100_wikics_arxiv,f66b2c37f14c407f4410ff66afbbac91c836532c19438c2e5923e57377491908,719.1453247070312,424.4605436325073,0,459.1141233444214,0,0,0,0
wikics,val,27,27,wikics:val:000027:19b7a4b1069f0703,0,1546.43567,1546.3983154296875,1435.306351,110.787967,0.0,0.0,0.0,0.0,249.56972885131836,161.07151985168457,0,0,0,0,0,0,0,0,0,0,187.81436920166016,10.128928065299988,34.577696800231934,17.04873478412628,nocache_bf16,large_h6_n10_s100_wikics_arxiv,19b7a4b1069f0703e42e1662d1626fa830f58a56b61b61ac44a24e6ebe2d28c4,710.4974975585938,419.65551948547363,0,451.9134979248047,0,0,0,0
wikics,val,28,28,wikics:val:000028:6dcccc0dadc0f236,0,1502.329187,1502.29296875,1391.241165,110.72739,0.0,0.0,0.0,0.0,219.01769638061523,167.85100746154785,0,0,0,0,0,0,0,0,0,0,158.4307804107666,8.319904088973999,35.76672077178955,16.500291109085083,nocache_bf16,large_h6_n10_s100_wikics_arxiv,6dcccc0dadc0f2368546ab77570060956e54caca780c3fae3797dd17561f56c2,736.7738647460938,434.742787361145,0,469.8820848464966,0,0,0,0
wikics,val,29,29,wikics:val:000029:b57c0c6c616584fa,0,1316.510317,1316.4752197265625,1207.701275,108.451386,0.0,0.0,0.0,0.0,158.17088317871094,146.87433624267578,0,0,0,0,0,0,0,0,0,0,108.2758731842041,5.647807955741882,30.74451208114624,13.502689957618713,nocache_bf16,large_h6_n10_s100_wikics_arxiv,b57c0c6c616584fa3175a1053d4a5943c17cc66406ff67582d00320f05ece863,643.98779296875,377.4618215560913,0,413.4003076553345,0,0,0,0
wikics,val,30,30,wikics:val:000030:46cf5a7590979b07,0,1468.893946,1468.8575439453125,1358.121747,110.451594,0.0,0.0,0.0,0.0,265.0371551513672,159.66201210021973,0,0,0,0,0,0,0,0,0,0,202.72613906860352,10.796319961547852,33.811551570892334,17.703144550323486,nocache_bf16,large_h6_n10_s100_wikics_arxiv,46cf5a7590979b072621f92b0e45b838461f0910879853929265a05ebd40704a,704.0639038085938,415.17020320892334,0,448.55571269989014,0,0,0,0
wikics,val,31,31,wikics:val:000031:2addc42d7b620b3e,0,1478.151698,1478.115478515625,1370.442617,107.3985,0.0,0.0,0.0,0.0,208.57500839233398,165.66985511779785,0,0,0,0,0,0,0,0,0,0,148.7783660888672,7.7742719650268555,35.83436727523804,16.188003063201904,nocache_bf16,large_h6_n10_s100_wikics_arxiv,2addc42d7b620b3eafd7d208a11026fbe79e6857e28c706cb3b0e8c837b03eca,719.7667846679688,424.47299098968506,0,460.96364879608154,0,0,0,0
wikics,val,32,32,wikics:val:000032:57bb329b74f81197,0,1469.881501,1469.844482421875,1359.215429,110.352809,0.0,0.0,0.0,0.0,231.01526260375977,161.26188850402832,0,0,0,0,0,0,0,0,0,0,171.21599960327148,8.933024048805237,34.30943965911865,16.556799292564392,nocache_bf16,large_h6_n10_s100_wikics_arxiv,57bb329b74f81197f5f742a2fa3620e0c9193252afe609c679c1e02045e2ac49,703.48828125,414.4066867828369,0,450.3434829711914,0,0,0,0
wikics,val,33,33,wikics:val:000033:894e26b9ae45c623,0,1468.515715,1468.478759765625,1356.070834,112.083027,0.0,0.0,0.0,0.0,254.49347686767578,160.53961563110352,0,0,0,0,0,0,0,0,0,0,192.22099113464355,10.360063910484314,34.45964860916138,17.452773213386536,nocache_bf16,large_h6_n10_s100_wikics_arxiv,894e26b9ae45c623e068a70ab0e34df3ae778a61aa50d8aa35d698f67ec35e98,704.581787109375,414.78400325775146,0,450.33739948272705,0,0,0,0
wikics,val,34,34,wikics:val:000034:65ae31af463d1b89,0,1465.650577,1465.6136474609375,1359.028014,106.296402,0.0,0.0,0.0,0.0,266.71814346313477,160.0687026977539,0,0,0,0,0,0,0,0,0,0,203.64188385009766,11.034559965133667,34.22124767303467,17.820451974868774,nocache_bf16,large_h6_n10_s100_wikics_arxiv,65ae31af463d1b892011e51a76568ca922eeec0df8a5154042715bf1a7c494d9,704.6596069335938,415.50220680236816,0,449.2261028289795,0,0,0,0
wikics,val,35,35,wikics:val:000035:4693474df4e8fbf5,0,1650.352738,1650.3138427734375,1524.363563,125.659953,0.0,0.0,0.0,0.0,309.4947853088379,160.74604988098145,0,0,0,0,0,0,0,0,0,0,243.9681282043457,12.84598422050476,33.4783034324646,19.202369451522827,nocache_bf16,large_h6_n10_s100_wikics_arxiv,4693474df4e8fbf5fdfd2d96bf57a7b6aabfe78ad448c8e80d959c4101a1f662,712.0048828125,420.96534061431885,0,451.7855920791626,0,0,0,0
wikics,val,36,36,wikics:val:000036:0759714d0e26521e,0,1476.030033,1475.9931640625,1354.256606,121.434377,0.0,0.0,0.0,0.0,217.07583618164062,158.4449920654297,0,0,0,0,0,0,0,0,0,0,160.1056022644043,8.364767909049988,33.000351905822754,15.605114102363586,nocache_bf16,large_h6_n10_s100_wikics_arxiv,0759714d0e26521e91834222ac4f5b5afd29c0eff6aa294be5e1a3766dc065c1,695.2066040039062,409.7674560546875,0,443.88414001464844,0,0,0,0
wikics,val,37,37,wikics:val:000037:a7f56af4cb70732b,0,1543.970752,1543.93310546875,1433.934102,109.697559,0.0,0.0,0.0,0.0,250.16211318969727,161.5758399963379,0,0,0,0,0,0,0,0,0,0,189.1988468170166,10.016671895980835,33.95484781265259,16.99174666404724,nocache_bf16,large_h6_n10_s100_wikics_arxiv,a7f56af4cb70732bb9074d50d48be472e73eaf5ac49d42d90c7fb997a871ce21,713.7367553710938,420.68390464782715,0,454.6286907196045,0,0,0,0
wikics,val,38,38,wikics:val:000038:dad46ac500c3e985,0,1543.094012,1543.055908203125,1435.921522,106.835078,0.0,0.0,0.0,0.0,223.2194595336914,165.15094375610352,0,0,0,0,0,0,0,0,0,0,162.1524143218994,8.548927903175354,35.8373441696167,16.68077313899994,nocache_bf16,large_h6_n10_s100_wikics_arxiv,dad46ac500c3e9857482209283c5f91bd4729e6956984bc291919024cf405ee8,723.5609130859375,426.88281440734863,0,461.8290424346924,0,0,0,0
wikics,val,39,39,wikics:val:000039:53e5be2b68e5930e,0,1580.218697,1580.1796875,1453.370171,126.498959,0.0,0.0,0.0,0.0,317.0161247253418,153.69603157043457,0,0,0,0,0,0,0,0,0,0,253.62742233276367,13.076224088668823,31.922751903533936,18.389726400375366,nocache_bf16,large_h6_n10_s100_wikics_arxiv,53e5be2b68e5930eb72e6abd780a479e5ec14029f6796037de28e272d8d08878,677.205078125,399.93756580352783,0,430.96354389190674,0,0,0,0
wikics,val,40,40,wikics:val:000040:f5c8ec8453d3a18e,0,1298.789011,1298.7530517578125,1190.210991,108.157931,0.0,0.0,0.0,0.0,193.42108535766602,142.9561939239502,0,0,0,0,0,0,0,0,0,0,141.74822235107422,7.4761282205581665,29.942784309387207,14.253950476646423,nocache_bf16,large_h6_n10_s100_wikics_arxiv,f5c8ec8453d3a18e3d258c2f5898202e9d148044b51ad92e9766efccc4a3c27c,628.3325805664062,367.46636867523193,0,403.8224058151245,0,0,0,0
wikics,val,41,41,wikics:val:000041:0a1aea6f2ab10ebb,0,1620.619559,1620.57958984375,1514.500975,105.518405,0.0,0.0,0.0,0.0,315.57043075561523,162.13932609558105,0,0,0,0,0,0,0,0,0,0,249.00387573242188,13.17302393913269,33.86790418624878,19.52562689781189,nocache_bf16,large_h6_n10_s100_wikics_arxiv,0a1aea6f2ab10ebbb8741837ad5f8891fe42bfc4bfa6ca2c2c4141a32360b0e7,723.636962890625,427.7499837875366,0,458.02630519866943,0,0,0,0
wikics,val,42,42,wikics:val:000042:6b1dd5c3859cc886,0,1489.47015,1489.431884765625,1378.068752,111.072299,0.0,0.0,0.0,0.0,211.4507179260254,165.85878562927246,0,0,0,0,0,0,0,0,0,0,151.12265586853027,7.869599938392639,36.18118333816528,16.277278780937195,nocache_bf16,large_h6_n10_s100_wikics_arxiv,6b1dd5c3859cc886d64cde0c7ecb8890de634840ab945555bc2408dbb9643e78,724.2523193359375,426.65318298339844,0,463.4579219818115,0,0,0,0
wikics,val,43,43,wikics:val:000043:5164e28991dfba94,0,1447.825346,1447.7880859375,1320.013401,127.49229,0.0,0.0,0.0,0.0,207.3317108154297,152.68396949768066,0,0,0,0,0,0,0,0,0,0,151.06611251831055,8.193727970123291,32.608352184295654,15.463518142700195,nocache_bf16,large_h6_n10_s100_wikics_arxiv,5164e28991dfba940695c47609da38adb72fec7b962b72c3fc11f98b771028d1,672.9087524414062,395.8761920928955,0,429.7165298461914,0,0,0,0
wikics,val,44,44,wikics:val:000044:a1e23c83773db96a,0,1505.000586,1504.962646484375,1378.262296,126.427307,0.0,0.0,0.0,0.0,243.3399658203125,162.04684829711914,0,0,0,0,0,0,0,0,0,0,181.9728946685791,9.773343801498413,34.79961633682251,16.794111013412476,nocache_bf16,large_h6_n10_s100_wikics_arxiv,a1e23c83773db96a01bf838bf188e3dfb7ca66f39a28efe567f992bf99606076,715.7715454101562,422.1265916824341,0,455.6918020248413,0,0,0,0
wikics,val,45,45,wikics:val:000045:468961e707127957,0,1584.096825,1584.0567626953125,1473.177336,110.562383,0.0,0.0,0.0,0.0,299.1496925354004,168.0314884185791,0,0,0,0,0,0,0,0,0,0,232.5924835205078,12.140864133834839,34.951679706573486,19.464665174484253,nocache_bf16,large_h6_n10_s100_wikics_arxiv,468961e707127957b260758066a254430361fc6520124ac947aa20ec9ea66115,744.6082763671875,439.78182220458984,0,472.85794258117676,0,0,0,0
wikics,val,46,46,wikics:val:000046:f3cf1d41caa4c2d9,0,1421.134263,1421.0963134765625,1293.256708,127.565347,0.0,0.0,0.0,0.0,191.23891258239746,157.44515228271484,0,0,0,0,0,0,0,0,0,0,135.289888381958,7.256735920906067,33.44876766204834,15.243520617485046,nocache_bf16,large_h6_n10_s100_wikics_arxiv,f3cf1d41caa4c2d9aee35e66e1b95d288a274a344aed7288a15b83678d0c9b0f,676.8411254882812,400.13715171813965,0,434.14912605285645,0,0,0,0
wikics,val,47,47,wikics:val:000047:bd32e929138a4b77,0,1491.942642,1491.904052734375,1386.418231,105.173753,0.0,0.0,0.0,0.0,249.18643188476562,165.11760139465332,0,0,0,0,0,0,0,0,0,0,186.6379222869873,9.807999968528748,35.2610559463501,17.479453682899475,nocache_bf16,large_h6_n10_s100_wikics_arxiv,bd32e929138a4b77bc048f77bd95b0ae2df40ec2142b7d96ce1fdf8f013783d6,729.8446655273438,430.34844970703125,0,464.6138172149658,0,0,0,0
wikics,val,48,48,wikics:val:000048:6eff2b19b7a04da7,0,1500.723775,1500.68603515625,1388.635017,111.732078,0.0,0.0,0.0,0.0,180.5033302307129,151.91791915893555,0,0,0,0,0,0,0,0,0,0,126.95257568359375,6.784192085266113,32.140063762664795,14.626498699188232,nocache_bf16,large_h6_n10_s100_wikics_arxiv,6eff2b19b7a04da79c3852b11623e45f5e95243bd84be5804a42f68214bedb34,659.4143676757812,388.32796573638916,0,423.00432109832764,0,0,0,0
wikics,val,49,49,wikics:val:000049:a710ed9d3274bc0d,0,1515.329699,1515.2900390625,1404.099192,110.870868,0.0,0.0,0.0,0.0,206.00259017944336,165.13062286376953,0,0,0,0,0,0,0,0,0,0,147.27436637878418,7.729087948799133,35.14742422103882,15.851711630821228,nocache_bf16,large_h6_n10_s100_wikics_arxiv,a710ed9d3274bc0d9f0fb0ea4c32ba851c8bbe00839b9daed62e9d43b3352bf2,726.8136596679688,428.6506538391113,0,463.29362869262695,0,0,0,0
wikics,val,50,50,wikics:val:000050:1c058b8728feaf12,0,1467.848576,1467.8106689453125,1361.540063,105.99649,0.0,0.0,0.0,0.0,229.32770919799805,160.1745262145996,0,0,0,0,0,0,0,0,0,0,169.85916900634766,8.970176100730896,34.072832107543945,16.42553198337555,nocache_bf16,large_h6_n10_s100_wikics_arxiv,1c058b8728feaf12cbe4ab8e03522106fc37295ec871564e5fc151a2fbb470d5,707.0634155273438,416.4882564544678,0,450.7496852874756,0,0,0,0
wikics,val,51,51,wikics:val:000051:d60eeaca25598834,0,1463.432181,1463.392578125,1357.10382,106.022297,0.0,0.0,0.0,0.0,230.05974197387695,160.26096153259277,0,0,0,0,0,0,0,0,0,0,170.47628784179688,8.974207997322083,34.15875196456909,16.450494170188904,nocache_bf16,large_h6_n10_s100_wikics_arxiv,d60eeaca25598834706edcb52ebc7531cf2e17cfda9b41db2d8027815a0c0c09,702.9219360351562,414.08684825897217,0,449.09604930877686,0,0,0,0
wikics,val,52,52,wikics:val:000052:9d402c29e66ea4c0,0,1409.010174,1408.970947265625,1269.725034,138.937313,0.0,0.0,0.0,0.0,189.78201484680176,151.52150344848633,0,0,0,0,0,0,0,0,0,0,135.7652130126953,7.183072090148926,31.95625591278076,14.877473831176758,nocache_bf16,large_h6_n10_s100_wikics_arxiv,9d402c29e66ea4c0512dc9a25029ae2df086560fbc652776c688794053e56213,656.1243896484375,386.80646324157715,0,420.8394298553467,0,0,0,0
wikics,val,53,53,wikics:val:000053:ed2693d240246643,0,1540.804159,1540.7623291015625,1434.805694,105.665217,0.0,0.0,0.0,0.0,297.6688346862793,158.75555419921875,0,0,0,0,0,0,0,0,0,0,234.2446403503418,12.236128091812134,32.935840129852295,18.25222611427307,nocache_bf16,large_h6_n10_s100_wikics_arxiv,ed2693d240246643addf6808c0115c2eed9d294dd989ee0fdb3375681b9cf25d,706.3798828125,416.39187240600586,0,448.7435646057129,0,0,0,0
wikics,val,54,54,wikics:val:000054:a8e2f7ed77837d4b,0,1550.852584,1550.8125,1428.621599,121.901427,0.0,0.0,0.0,0.0,301.97219467163086,160.42806434631348,0,0,0,0,0,0,0,0,0,0,237.7258529663086,12.469344139099121,33.21903991699219,18.557957649230957,nocache_bf16,large_h6_n10_s100_wikics_arxiv,a8e2f7ed77837d4b652e18f0316c93d7e0ed16853eb7f80344c9fee1ffa7073d,714.1470336914062,421.5306873321533,0,453.0444107055664,0,0,0,0
wikics,val,55,55,wikics:val:000055:3c1e3f2074abd3c8,0,1521.087371,1521.0477294921875,1407.898057,112.816411,0.0,0.0,0.0,0.0,206.99584197998047,165.01859283447266,0,0,0,0,0,0,0,0,0,0,146.94463920593262,7.776063919067383,35.86560010910034,16.409538745880127,nocache_bf16,large_h6_n10_s100_wikics_arxiv,3c1e3f2074abd3c877291529fd1f3d17d7985de2b8671dbb87cc71e5b84081c3,724.3057861328125,427.09916973114014,0,462.225209236145,0,0,0,0
wikics,val,56,56,wikics:val:000056:efcb08cf59d1e854,0,1283.762116,1283.724853515625,1172.5244,110.920254,0.0,0.0,0.0,0.0,202.75187301635742,135.61622428894043,0,0,0,0,0,0,0,0,0,0,151.44243049621582,8.127968072891235,28.87503957748413,14.306434869766235,nocache_bf16,large_h6_n10_s100_wikics_arxiv,efcb08cf59d1e85484c1341b5bc27bdb0c54c55af7ed792f8233e590836e90af,597.5908203125,352.8950080871582,0,380.3120365142822,0,0,0,0
wikics,val,57,57,wikics:val:000057:a3c7f395d320220a,0,1510.619494,1510.5792236328125,1399.071743,111.200849,0.0,0.0,0.0,0.0,207.22051620483398,165.04047966003418,0,0,0,0,0,0,0,0,0,0,147.0535373687744,7.808767914772034,36.02144002914429,16.33677089214325,nocache_bf16,large_h6_n10_s100_wikics_arxiv,a3c7f395d320220a49b18c10c43aaaf35b12e9f9b3cb44a936cd1bb76ea87e41,723.7252197265625,426.5515842437744,0,462.21411514282227,0,0,0,0
wikics,val,58,58,wikics:val:000058:8074f83a06f99a82,0,1477.137325,1477.0977783203125,1355.424009,121.394894,0.0,0.0,0.0,0.0,220.1477165222168,157.59702491760254,0,0,0,0,0,0,0,0,0,0,162.13574409484863,8.55078399181366,33.63731145858765,15.823876976966858,nocache_bf16,large_h6_n10_s100_wikics_arxiv,8074f83a06f99a823ad68d64ea27ab58e9d24ea96ba8e9704f5e2377f3caced5,698.87646484375,411.3196792602539,0,445.15381050109863,0,0,0,0
wikics,val,59,59,wikics:val:000059:21f4f0d64380bdda,0,1627.135086,1627.094482421875,1499.397345,127.401297,0.0,0.0,0.0,0.0,249.19187545776367,163.74787521362305,0,0,0,0,0,0,0,0,0,0,186.81900787353516,9.893471956253052,35.319103717803955,17.16029191017151,nocache_bf16,large_h6_n10_s100_wikics_arxiv,21f4f0d64380bdda046d4cc1db9002aca0956e7f0f93cad73d32b7c41fab9a1f,725.3665161132812,427.87286472320557,0,461.24152660369873,0,0,0,0
wikics,val,60,60,wikics:val:000060:9dd18ea1fcd0219b,0,1506.671698,1506.6318359375,1395.712816,110.609287,0.0,0.0,0.0,0.0,216.16621017456055,167.83404731750488,0,0,0,0,0,0,0,0,0,0,156.34351921081543,8.224608063697815,35.30131244659424,16.296770453453064,nocache_bf16,large_h6_n10_s100_wikics_arxiv,9dd18ea1fcd0219b60d99cd4a59d6991950025d43145db4f4bb3fd8b8b79fa86,741.7413330078125,437.47494316101074,0,472.10043716430664,0,0,0,0
wikics,val,61,61,wikics:val:000061:59ffc0873b2736bd,0,1556.046516,1556.00634765625,1433.242118,122.442019,0.0,0.0,0.0,0.0,227.2585334777832,162.32323265075684,0,0,0,0,0,0,0,0,0,0,167.3613452911377,8.783904075622559,34.50265598297119,16.610628128051758,nocache_bf16,large_h6_n10_s100_wikics_arxiv,59ffc0873b2736bd1131d5f3759451a37bcf18ecedae90549af313f517e26f4f,715.1220092773438,421.53696060180664,0,455.90828132629395,0,0,0,0
wikics,val,62,62,wikics:val:000062:cd046bf69ef46f20,0,1493.999341,1493.9595947265625,1387.459643,106.227016,0.0,0.0,0.0,0.0,249.65030670166016,161.13174438476562,0,0,0,0,0,0,0,0,0,0,188.19753456115723,9.992959856987,34.41030406951904,17.049508213996887,nocache_bf16,large_h6_n10_s100_wikics_arxiv,cd046bf69ef46f204090fdd4878f751b1f18829050a54ec040957e600ad3cc68,717.1882934570312,422.5152931213379,0,455.804744720459,0,0,0,0
wikics,val,63,63,wikics:val:000063:fdccf80ac6d5ed10,0,1544.797656,1544.7568359375,1438.969747,105.489617,0.0,0.0,0.0,0.0,278.0289611816406,164.53673553466797,0,0,0,0,0,0,0,0,0,0,213.9005470275879,11.318015933036804,34.7163200378418,18.094078183174133,nocache_bf16,large_h6_n10_s100_wikics_arxiv,fdccf80ac6d5ed1031f1caf4ad0b8707e4063633f670534cc7316f4a63d581b6,723.2941284179688,427.0024652481079,0,460.8283987045288,0,0,0,0
wikics,val,64,64,wikics:val:000064:c21d83b7a925b1f1,0,1464.56092,1464.521240234375,1356.278145,107.950126,0.0,0.0,0.0,0.0,224.19388580322266,149.82579040527344,0,0,0,0,0,0,0,0,0,0,167.2815055847168,9.057247996330261,31.832831859588623,16.022300362586975,nocache_bf16,large_h6_n10_s100_wikics_arxiv,c21d83b7a925b1f1e3bf58aa888458f37c3c7959cc0860b33d5364e471f3be69,658.8733520507812,387.99286460876465,0,420.70627784729004,0,0,0,0
wikics,val,65,65,wikics:val:000065:8018dabccc7a098b,0,1506.936153,1506.8961181640625,1395.950807,110.637211,0.0,0.0,0.0,0.0,243.03215789794922,165.01318359375,0,0,0,0,0,0,0,0,0,0,180.90988540649414,9.521951913833618,35.34124755859375,17.25907301902771,nocache_bf16,large_h6_n10_s100_wikics_arxiv,8018dabccc7a098b9082792cb6fdae67c3e451b13db77164ff6d6cbbfdbd5771,724.7275390625,427.8266887664795,0,461.9140338897705,0,0,0,0
wikics,val,66,66,wikics:val:000066:70258368f4491f0c,0,1206.200232,1206.16259765625,1074.734745,131.138952,0.0,0.0,0.0,0.0,150.61257553100586,134.81769561767578,0,0,0,0,0,0,0,0,0,0,104.5740795135498,5.516960024833679,27.812320709228516,12.70921528339386,nocache_bf16,large_h6_n10_s100_wikics_arxiv,70258368f4491f0c1f933e937a47280efcd886e3740f7d5b30af914ae2f65ae3,588.6233520507812,346.2903356552124,0,377.15071201324463,0,0,0,0
wikics,val,67,67,wikics:val:000067:7139754de7086e77,0,1345.457789,1345.418701171875,1222.727668,122.38947,0.0,0.0,0.0,0.0,190.99004936218262,153.77952003479004,0,0,0,0,0,0,0,0,0,0,136.08051109313965,7.249663829803467,32.54713582992554,15.112738609313965,nocache_bf16,large_h6_n10_s100_wikics_arxiv,7139754de7086e7765da5a2bc4d08a7109fb268c05df038a524b37555f626219,672.376708984375,394.8689594268799,0,431.28726959228516,0,0,0,0
wikics,val,68,68,wikics:val:000068:d09d5c84fefc31fa,0,1505.885225,1505.8453369140625,1378.145363,127.396549,0.0,0.0,0.0,0.0,245.94854354858398,161.9050235748291,0,0,0,0,0,0,0,0,0,0,184.16166305541992,9.884703993797302,34.71667194366455,17.18550455570221,nocache_bf16,large_h6_n10_s100_wikics_arxiv,d09d5c84fefc31faa39227124c4a8196cf807ad304e4c22c39827c1e72c189a7,714.6365966796875,421.48342514038086,0,455.05819511413574,0,0,0,0
wikics,val,69,69,wikics:val:000069:da8713a1886318f3,0,1622.213182,1622.171630859375,1510.32711,111.539475,0.0,0.0,0.0,0.0,367.53181076049805,162.40079879760742,0,0,0,0,0,0,0,0,0,0,297.4997100830078,15.767264127731323,33.72140836715698,20.54342818260193,nocache_bf16,large_h6_n10_s100_wikics_arxiv,da8713a1886318f35bebbc1f6a260d9043f0f17461ca5357ede1eebbf97c39b9,726.2963256835938,430.61258029937744,0,458.08454418182373,0,0,0,0
wikics,val,70,70,wikics:val:000070:c07c01ab1d837bee,0,1495.274047,1495.2333984375,1383.293133,111.634569,0.0,0.0,0.0,0.0,223.07769393920898,163.22064208984375,0,0,0,0,0,0,0,0,0,0,163.22038078308105,8.66764783859253,34.66335916519165,16.52630615234375,nocache_bf16,large_h6_n10_s100_wikics_arxiv,c07c01ab1d837bee495fe549fb059614c21012d28950d436a260cad0b20e355e,714.7939453125,421.184609413147,0,456.8299779891968,0,0,0,0
wikics,val,71,71,wikics:val:000071:a33e3d4cce48fcc3,0,1475.263973,1475.2237548828125,1367.00414,107.9123,0.0,0.0,0.0,0.0,234.77157974243164,160.34150314331055,0,0,0,0,0,0,0,0,0,0,174.2439022064209,9.29206395149231,34.589824199676514,16.64578938484192,nocache_bf16,large_h6_n10_s100_wikics_arxiv,a33e3d4cce48fcc3980549bc7f9e0f293f769fa36ec601986da634453cff0f01,706.9482421875,416.35053062438965,0,450.9392147064209,0,0,0,0
wikics,val,72,72,wikics:val:000072:f1151d716149ae48,0,1646.849065,1646.8076171875,1541.299582,105.118811,0.0,0.0,0.0,0.0,325.3974800109863,163.00249481201172,0,0,0,0,0,0,0,0,0,0,258.0165710449219,13.444032192230225,34.24252796173096,19.69434881210327,nocache_bf16,large_h6_n10_s100_wikics_arxiv,f1151d716149ae48dbc85a7874ec59788c1e359220abb0af2364121fabe8da24,726.3096923828125,428.46790504455566,0,460.84428215026855,0,0,0,0
wikics,val,73,73,wikics:val:000073:4b3154d00ed508a1,0,1560.286941,1560.2462158203125,1449.361293,110.360044,0.0,0.0,0.0,0.0,259.5692138671875,164.10812759399414,0,0,0,0,0,0,0,0,0,0,196.36893272399902,10.496512055397034,35.28550386428833,17.418265223503113,nocache_bf16,large_h6_n10_s100_wikics_arxiv,4b3154d00ed508a163face2906b779bc860da600f6b41d6bca03a69eddd4dac0,724.0387573242188,426.8591022491455,0,461.2877826690674,0,0,0,0
wikics,val,74,74,wikics:val:000074:63d8027fe96dbd40,0,1500.641775,1500.6007080078125,1392.485414,107.79306,0.0,0.0,0.0,0.0,224.2783088684082,163.23775672912598,0,0,0,0,0,0,0,0,0,0,164.3723201751709,8.691648006439209,34.74998378753662,16.464356899261475,nocache_bf16,large_h6_n10_s100_wikics_arxiv,63d8027fe96dbd400c3253b6fea3dff229a9d059b23d14f1f2fd66ad5dc976a6,713.2822265625,420.9485778808594,0,455.5714054107666,0,0,0,0
wikics,val,75,75,wikics:val:000075:205fb8181f3470fd,0,1381.34559,1381.3072509765625,1267.617574,113.386292,0.0,0.0,0.0,0.0,201.67757034301758,150.41106986999512,0,0,0,0,0,0,0,0,0,0,147.84889602661133,7.806111812591553,31.091903686523438,14.93065881729126,nocache_bf16,large_h6_n10_s100_wikics_arxiv,205fb8181f3470fdbd1270150f71b5fca1cc9f81c402b312d394c3d904a0d37f,661.364013671875,389.5375061035156,0,422.2375774383545,0,0,0,0
wikics,val,76,76,wikics:val:000076:ddb2213b21b70ae0,0,1499.3544,1499.3140869140625,1392.653655,106.356723,0.0,0.0,0.0,0.0,260.04793548583984,168.14006423950195,0,0,0,0,0,0,0,0,0,0,195.9674587249756,10.375136017799377,35.778239727020264,17.927101016044617,nocache_bf16,large_h6_n10_s100_wikics_arxiv,ddb2213b21b70ae0608c1c092117830fd7e17b1a716dacdda024759397179a65,741.4501953125,437.06694316864014,0,472.5233163833618,0,0,0,0
wikics,val,77,77,wikics:val:000077:f1913089890132b9,0,1406.348669,1406.3101806640625,1277.674764,128.360021,0.0,0.0,0.0,0.0,189.30799865722656,155.4351692199707,0,0,0,0,0,0,0,0,0,0,134.3937587738037,7.078303933143616,32.72492790222168,15.111008048057556,nocache_bf16,large_h6_n10_s100_wikics_arxiv,f1913089890132b93fdaffc173538a9f3a7d21ccce41a3e9e4c9795128d4bd45,680.31396484375,401.0002250671387,0,434.74890899658203,0,0,0,0
wikics,val,78,78,wikics:val:000078:0761a00cafcc55ff,0,1474.741724,1474.7020263671875,1363.593826,110.829775,0.0,0.0,0.0,0.0,257.10403060913086,154.375394821167,0,0,0,0,0,0,0,0,0,0,197.89213371276855,10.348512053489685,31.91817617416382,16.9452086687088,nocache_bf16,large_h6_n10_s100_wikics_arxiv,0761a00cafcc55ff9fe63e26139f58aec60e88d6395fc46a23de2ad601161439,679.5733642578125,401.4159679412842,0,432.5327911376953,0,0,0,0
wikics,val,79,79,wikics:val:000079:2fe77eb4bcc2fb53,0,1474.420085,1474.380615234375,1368.271436,105.828206,0.0,0.0,0.0,0.0,254.87526321411133,160.0573444366455,0,0,0,0,0,0,0,0,0,0,193.26451110839844,10.124768018722534,34.17270374298096,17.3132803440094,nocache_bf16,large_h6_n10_s100_wikics_arxiv,2fe77eb4bcc2fb53c2211e341bc094a3a30350f3b9232464ae3b32fe2ec8eddd,709.0786743164062,417.0433292388916,0,452.09268951416016,0,0,0,0
wikics,val,80,80,wikics:val:000080:78e4b73fcf74884b,0,1472.835496,1472.795654296875,1366.899377,105.613821,0.0,0.0,0.0,0.0,231.3626251220703,161.16243171691895,0,0,0,0,0,0,0,0,0,0,171.94841766357422,9.030335903167725,34.014912128448486,16.368959426879883,nocache_bf16,large_h6_n10_s100_wikics_arxiv,78e4b73fcf74884bd0f9d8224587705bf2a860666e91c84c032b4c3d0586467b,707.695068359375,416.9918737411499,0,451.86562633514404,0,0,0,0
wikics,val,81,81,wikics:val:000081:20ce9780b00f15b5,0,1490.912048,1490.872314453125,1384.066601,106.508533,0.0,0.0,0.0,0.0,253.10614395141602,161.51107215881348,0,0,0,0,0,0,0,0,0,0,191.49427032470703,10.0595201253891,34.34428787231445,17.208065629005432,nocache_bf16,large_h6_n10_s100_wikics_arxiv,20ce9780b00f15b52811a677413a49886c9d562891b0f085e645f3da627331e0,718.6759643554688,423.33718395233154,0,456.8498525619507,0,0,0,0
wikics,val,82,82,wikics:val:000082:15505e4df399c749,0,1477.361239,1477.3216552734375,1369.747422,107.279256,0.0,0.0,0.0,0.0,257.5521926879883,154.95276641845703,0,0,0,0,0,0,0,0,0,0,197.76127815246582,10.567775964736938,32.28732776641846,16.935810804367065,nocache_bf16,large_h6_n10_s100_wikics_arxiv,15505e4df399c7492f629e9c7965cca92311ad45c4e2d4f2a65ee42f5ca8ba25,682.9221801757812,402.3755216598511,0,435.4994249343872,0,0,0,0
wikics,val,83,83,wikics:val:000083:a7ba3d44aa7499fe,0,1333.725174,1333.687744140625,1223.937638,109.457249,0.0,0.0,0.0,0.0,161.42556953430176,148.9245777130127,0,0,0,0,0,0,0,0,0,0,110.83801460266113,5.720831990242004,31.115007877349854,13.751715064048767,nocache_bf16,large_h6_n10_s100_wikics_arxiv,a7ba3d44aa7499fee1445d9215d7a72b29cbdb6a49ba0da38d84ee982ee40490,644.6051025390625,379.01615715026855,0,414.51352310180664,0,0,0,0
wikics,val,84,84,wikics:val:000084:35732c8658931b86,0,1477.190601,1477.1500244140625,1369.21655,107.597295,0.0,0.0,0.0,0.0,260.58745193481445,154.17430305480957,0,0,0,0,0,0,0,0,0,0,200.4751682281494,10.829407930374146,32.18220806121826,17.100667715072632,nocache_bf16,large_h6_n10_s100_wikics_arxiv,35732c8658931b8612504cc455b6580ea44423ed7f94899d50f3c900f855d03c,680.05029296875,401.4276809692383,0,432.7969150543213,0,0,0,0
wikics,val,85,85,wikics:val:000085:39693add84393c3e,0,1383.292451,1383.24462890625,1276.027063,106.864188,0.0,0.0,0.0,0.0,209.58524703979492,152.08476638793945,0,0,0,0,0,0,0,0,0,0,154.05213165283203,7.949728012084961,32.0884485244751,15.494938850402832,nocache_bf16,large_h6_n10_s100_wikics_arxiv,39693add84393c3e86597303a982f69e8c2c131c841d86b3540fc8836693ee22,663.9296264648438,390.71843242645264,0,425.29596042633057,0,0,0,0
wikics,val,86,86,wikics:val:000086:6154d20de82ca154,0,1432.412605,1432.37158203125,1308.340128,123.697971,0.0,0.0,0.0,0.0,194.06317329406738,158.41366386413574,0,0,0,0,0,0,0,0,0,0,138.50841331481934,7.0761600732803345,33.030208110809326,15.448391795158386,nocache_bf16,large_h6_n10_s100_wikics_arxiv,6154d20de82ca154d31dc1757ffb5df0b6b9fab72293c3c0850611659ced11c3,681.703125,401.57795429229736,0,438.5388345718384,0,0,0,0
wikics,val,87,87,wikics:val:000087:2d8e1c91732f7fc9,0,1516.500581,1516.4595947265625,1393.442748,122.628891,0.0,0.0,0.0,0.0,219.6925392150879,161.90624237060547,0,0,0,0,0,0,0,0,0,0,159.68031692504883,8.462656021118164,34.99129629135132,16.55826997756958,nocache_bf16,large_h6_n10_s100_wikics_arxiv,2d8e1c91732f7fc9dc9d186a2ca2f383b734021eb501adc5b8e0ed0ef87a507d,710.8504638671875,418.04262351989746,0,454.7140827178955,0,0,0,0
wikics,val,88,88,wikics:val:000088:edf1f65b0215397f,0,1582.408356,1582.3663330078125,1471.156586,110.845769,0.0,0.0,0.0,0.0,258.77663803100586,164.45680046081543,0,0,0,0,0,0,0,0,0,0,195.73593711853027,10.333119869232178,35.05228805541992,17.655292987823486,nocache_bf16,large_h6_n10_s100_wikics_arxiv,edf1f65b0215397f7db64f2b0af499b296dd7db24bda5492ace4393562a0e0a3,726.3097534179688,427.89740657806396,0,462.8691473007202,0,0,0,0
wikics,val,89,89,wikics:val:000089:cc473da6146fe84a,0,1508.526049,1508.4853515625,1400.602601,107.524881,0.0,0.0,0.0,0.0,254.30985641479492,157.73961639404297,0,0,0,0,0,0,0,0,0,0,193.6642246246338,10.377567887306213,33.394912242889404,16.873151659965515,nocache_bf16,large_h6_n10_s100_wikics_arxiv,cc473da6146fe84a261cfc81f796542bafb0eacffffc7c8a2c614f0834c25fc7,702.037109375,414.31049728393555,0,445.4662284851074,0,0,0,0
wikics,val,90,90,wikics:val:000090:04f10178109bc189,0,1595.332044,1595.289794921875,1472.088577,122.767488,0.0,0.0,0.0,0.0,256.56269454956055,164.5247039794922,0,0,0,0,0,0,0,0,0,0,193.70272254943848,10.218400001525879,35.1048321723938,17.536739826202393,nocache_bf16,large_h6_n10_s100_wikics_arxiv,04f10178109bc18987c0d161e505acc91bd5670d8f9419c8668ecccb3d4a4fea,729.0914306640625,429.3500146865845,0,464.2661199569702,0,0,0,0
wikics,val,91,91,wikics:val:000091:6005ecd7d5ac622d,0,1348.684564,1348.645751953125,1236.482462,111.805982,0.0,0.0,0.0,0.0,189.52959823608398,146.41862297058105,0,0,0,0,0,0,0,0,0,0,136.56508827209473,7.392639875411987,30.944703578948975,14.627166509628296,nocache_bf16,large_h6_n10_s100_wikics_arxiv,6005ecd7d5ac622de1a177d20f147dd9d8a3627c61c0d028b05dbd49891ee46f,635.8524780273438,374.81331157684326,0,407.45778942108154,0,0,0,0
wikics,val,92,92,wikics:val:000092:73a973d4261a61c9,0,1563.284294,1563.2423095703125,1440.064673,122.829485,0.0,0.0,0.0,0.0,318.9505615234375,162.27650833129883,0,0,0,0,0,0,0,0,0,0,252.8881607055664,12.719359636306763,34.066367626190186,19.276673555374146,nocache_bf16,large_h6_n10_s100_wikics_arxiv,73a973d4261a61c9ab186d29b44931ed7c5bff0e00c5110bc7a221fbb62df03c,716.9500732421875,422.8563508987427,0,456.37023067474365,0,0,0,0
wikics,val,93,93,wikics:val:000093:d724956d62b3a7fc,0,1555.819304,1555.7763671875,1433.540889,121.9149,0.0,0.0,0.0,0.0,311.5593910217285,162.0910701751709,0,0,0,0,0,0,0,0,0,0,245.46083068847656,12.692064046859741,33.768736362457275,19.637759923934937,nocache_bf16,large_h6_n10_s100_wikics_arxiv,d724956d62b3a7fcacd941394e399a7d05dc8293c6783e71baa7f6861404e482,717.3313598632812,423.11315155029297,0,456.3092784881592,0,0,0,0
wikics,val,94,94,wikics:val:000094:3184012ce3fd116b,0,1561.495727,1561.4547119140625,1434.493948,126.614557,0.0,0.0,0.0,0.0,313.3257598876953,162.29967880249023,0,0,0,0,0,0,0,0,0,0,247.05353546142578,12.780480146408081,33.91529607772827,19.57644820213318,nocache_bf16,large_h6_n10_s100_wikics_arxiv,3184012ce3fd116b5a1c75421824747786bb2b0fd93fb15f6e13f67525491820,717.1187744140625,423.4105930328369,0,456.0078601837158,0,0,0,0
wikics,val,95,95,wikics:val:000095:5896bd7e52cfe097,0,1594.342667,1594.3013916015625,1472.144243,121.826947,0.0,0.0,0.0,0.0,304.1193618774414,163.52880096435547,0,0,0,0,0,0,0,0,0,0,238.62988662719727,12.69699215888977,34.1880316734314,18.604451417922974,nocache_bf16,large_h6_n10_s100_wikics_arxiv,5896bd7e52cfe097327cd8ed639653674c955ddf369bc55d1960b629703e361e,728.8007202148438,430.12467193603516,0,462.20484924316406,0,0,0,0
wikics,val,96,96,wikics:val:000096:e0d75fdd10f22e74,0,1322.876878,1322.837890625,1210.766264,111.765229,0.0,0.0,0.0,0.0,210.71709060668945,146.29843139648438,0,0,0,0,0,0,0,0,0,0,156.57711791992188,8.262623906135559,30.585087776184082,15.292261004447937,nocache_bf16,large_h6_n10_s100_wikics_arxiv,e0d75fdd10f22e74abcf3b05065d2374d4d1eeea4d96c2ce62fec18e8e1931fd,640.7694702148438,375.90012645721436,0,411.16777515411377,0,0,0,0
wikics,val,97,97,wikics:val:000097:4ecd8b7732146f0e,0,1584.915015,1584.8729248046875,1476.543193,108.001524,0.0,0.0,0.0,0.0,216.4225959777832,159.65603065490723,0,0,0,0,0,0,0,0,0,0,157.65046310424805,8.303167939186096,34.32713603973389,16.141828894615173,nocache_bf16,large_h6_n10_s100_wikics_arxiv,4ecd8b7732146f0ead756c272e471e92c7481de63dcac7feb1ad635935de08c1,701.2281494140625,412.85849475860596,0,448.02568531036377,0,0,0,0
wikics,val,98,98,wikics:val:000098:255280efcfde1df9,0,1508.45486,1508.413330078125,1396.328725,111.446259,0.0,0.0,0.0,0.0,258.80726623535156,157.8509750366211,0,0,0,0,0,0,0,0,0,0,197.83343696594238,10.445791959762573,33.617183685302734,16.910853624343872,nocache_bf16,large_h6_n10_s100_wikics_arxiv,255280efcfde1df920001e1b4a297d5150dfa6e921b32d68249ba5b73836e939,700.3446655273438,413.0663032531738,0,445.129337310791,0,0,0,0
wikics,val,99,99,wikics:val:000099:d4fd256fb5152e8f,0,1550.565895,1550.5235595703125,1438.698289,111.460624,0.0,0.0,0.0,0.0,226.27558517456055,165.33321571350098,0,0,0,0,0,0,0,0,0,0,164.78470420837402,8.733759999275208,36.072927951812744,16.684193015098572,nocache_bf16,large_h6_n10_s100_wikics_arxiv,d4fd256fb5152e8f5140b8ef9594c080c5b38ea41b17aceb83bda8b99e776f76,730.68115234375,430.6899824142456,0,465.32438564300537,0,0,0,0
wikics,test,100,0,wikics:test:000000:b39e9f309eb7b7ab,0,1450.44208,1450.35888671875,1338.346315,111.513707,0.0,0.0,0.0,0.0,248.30163192749023,153.64515113830566,0,0,0,0,0,0,0,0,0,0,189.44335746765137,9.90502393245697,32.394975662231445,16.55827486515045,nocache_bf16,large_h6_n10_s100_wikics_arxiv,b39e9f309eb7b7abbfb6ef032cc0f27946bd2af7f6ca83076ea40eb13bf61862,683.9315795898438,399.9773778915405,0,437.5993528366089,0,0,0,0
wikics,test,101,1,wikics:test:000001:114baa3a3e60d438,0,1558.044588,1558.003173828125,1451.615649,106.121193,0.0,0.0,0.0,0.0,273.1737251281738,161.48816108703613,0,0,0,0,0,0,0,0,0,0,210.35743713378906,11.158752083778381,33.85036897659302,17.807166934013367,nocache_bf16,large_h6_n10_s100_wikics_arxiv,114baa3a3e60d43877ff9471825f00544b60fc4b458c41f176d3a2b17a3e68ec,717.0701904296875,423.1631689071655,0,455.3951826095581,0,0,0,0
wikics,test,102,2,wikics:test:000002:5b151751c4684bba,0,1426.509751,1426.4693603515625,1319.565555,106.655,0.0,0.0,0.0,0.0,206.39199829101562,159.98521614074707,0,0,0,0,0,0,0,0,0,0,149.50739288330078,7.949151992797852,33.45420789718628,15.481245517730713,nocache_bf16,large_h6_n10_s100_wikics_arxiv,5b151751c4684bba603799d005ae26aae4aacdec132f6ce0e7224bc86c03f917,709.8161010742188,417.9349765777588,0,451.86634063720703,0,0,0,0
wikics,test,103,3,wikics:test:000003:122e1f58b400bded,0,1415.467365,1415.4261474609375,1302.501822,112.659233,0.0,0.0,0.0,0.0,222.5294075012207,150.92559814453125,0,0,0,0,0,0,0,0,0,0,165.44582557678223,8.93174409866333,32.059711933135986,16.09212589263916,nocache_bf16,large_h6_n10_s100_wikics_arxiv,122e1f58b400bdeddb1f6c0405804f1582b84056ad4f8eec0c0c0b813cd6b9d1,662.8235473632812,390.1853437423706,0,423.5638017654419,0,0,0,0
wikics,test,104,4,wikics:test:000004:c438a01544bd1b9c,0,1560.892564,1560.851318359375,1454.106832,106.487453,0.0,0.0,0.0,0.0,275.68553924560547,161.3654079437256,0,0,0,0,0,0,0,0,0,0,212.45945739746094,11.362912058830261,33.95721626281738,17.905953526496887,nocache_bf16,large_h6_n10_s100_wikics_arxiv,c438a01544bd1b9cc5f15f45a32edd97056d0be72872e2ce33fee2f6660df03c,718.8970947265625,424.0351047515869,0,456.2273979187012,0,0,0,0
wikics,test,105,5,wikics:test:000005:b256e9b37f8f8b31,0,1438.88896,1438.8458251953125,1294.392131,144.216451,0.0,0.0,0.0,0.0,212.23148345947266,148.76297760009766,0,0,0,0,0,0,0,0,0,0,155.36707305908203,8.420160055160522,32.39942407608032,16.04482626914978,nocache_bf16,large_h6_n10_s100_wikics_arxiv,b256e9b37f8f8b317821e74669f3f8f611b5cf3505734f75329e0e0252627528,646.3735961914062,379.3757133483887,0,415.76086044311523,0,0,0,0
wikics,test,106,6,wikics:test:000006:19b231ef2406ed8c,0,1433.560583,1433.5196533203125,1306.603891,126.669964,0.0,0.0,0.0,0.0,219.00643157958984,149.89593696594238,0,0,0,0,0,0,0,0,0,0,164.22172927856445,8.704383969306946,30.816351890563965,15.26396644115448,nocache_bf16,large_h6_n10_s100_wikics_arxiv,19b231ef2406ed8c583458561709494bbc1d7dae0c38f2245ae028dc2ffe7fa7,662.9225463867188,390.1384325027466,0,422.68005084991455,0,0,0,0
wikics,test,107,7,wikics:test:000007:c8e944e20f3aef4c,0,1474.702016,1474.6612548828125,1352.773925,121.633202,0.0,0.0,0.0,0.0,230.65868759155273,154.55865669250488,0,0,0,0,0,0,0,0,0,0,172.45814323425293,9.187359929084778,32.65087938308716,16.36230504512787,nocache_bf16,large_h6_n10_s100_wikics_arxiv,c8e944e20f3aef4cfb52bf00e40496a22f24a1730839bd0d16e6d5fc47d43319,679.4489135742188,400.5241594314575,0,433.4834108352661,0,0,0,0
wikics,test,108,8,wikics:test:000008:80f4d51321480518,0,1566.599521,1566.557861328125,1455.984236,110.261159,0.0,0.0,0.0,0.0,320.73712158203125,161.14614295959473,0,0,0,0,0,0,0,0,0,0,254.03135681152344,13.301151990890503,33.46000003814697,19.944612741470337,nocache_bf16,large_h6_n10_s100_wikics_arxiv,80f4d513214805184fc45f848c55366ad73f2d780b9e9fa1d3760718f24fe44f,715.4254760742188,422.1678400039673,0,454.4037790298462,0,0,0,0
wikics,test,109,9,wikics:test:000009:7fd456811cef22b6,0,1587.145356,1587.0938720703125,1480.455304,106.370872,0.0,0.0,0.0,0.0,259.5373725891113,162.38742637634277,0,0,0,0,0,0,0,0,0,0,196.69129180908203,10.4792959690094,34.69155168533325,17.675233125686646,nocache_bf16,large_h6_n10_s100_wikics_arxiv,7fd456811cef22b63a623796ffc6b064d8dc50e1731aaf1160cff91619785d8c,717.2401123046875,423.0474863052368,0,456.58005237579346,0,0,0,0
wikics,test,110,10,wikics:test:000010:3bcd951b5cb81ae3,0,1542.00065,1541.9591064453125,1431.137464,110.531449,0.0,0.0,0.0,0.0,234.9659194946289,168.8078384399414,0,0,0,0,0,0,0,0,0,0,172.7356185913086,9.09276795387268,35.94431972503662,17.19321322441101,nocache_bf16,large_h6_n10_s100_wikics_arxiv,3bcd951b5cb81ae38ac9208e0fdf47eb902372cd8bdef981aa9f248046da9215,744.679931640625,439.5024013519287,0,473.9853687286377,0,0,0,0
wikics,test,111,11,wikics:test:000011:926e4c10c89dc024,0,1464.050074,1464.009765625,1336.117368,127.622141,0.0,0.0,0.0,0.0,235.67699432373047,152.5786590576172,0,0,0,0,0,0,0,0,0,0,178.2021141052246,9.460416078567505,31.93734312057495,16.077121019363403,nocache_bf16,large_h6_n10_s100_wikics_arxiv,926e4c10c89dc02467e14a1cc74f902f663f97c9be62c39a2c5a637785f62540,673.4500122070312,396.12425804138184,0,429.9044132232666,0,0,0,0
wikics,test,112,12,wikics:test:000012:948f281fa8e149ed,0,1269.878847,1269.84033203125,1140.752091,128.835079,0.0,0.0,0.0,0.0,167.80729293823242,140.42124938964844,0,0,0,0,0,0,0,0,0,0,118.6181755065918,6.299840152263641,29.54912042617798,13.340156853199005,nocache_bf16,large_h6_n10_s100_wikics_arxiv,948f281fa8e149ed9febadd04e2e85b6e036139c74d1b69c8fe17fa0526eea7b,617.2281494140625,364.48716735839844,0,393.1622314453125,0,0,0,0
wikics,test,113,13,wikics:test:000013:872bb9df273ad109,0,1491.515966,1491.475341796875,1384.406444,106.814941,0.0,0.0,0.0,0.0,292.2485466003418,162.1434555053711,0,0,0,0,0,0,0,0,0,0,227.8584327697754,12.041760087013245,33.753599643707275,18.594754099845886,nocache_bf16,large_h6_n10_s100_wikics_arxiv,872bb9df273ad1091abe85ef20ec42adedd38c5e9536cb98d6587aade4d6f979,715.5969848632812,422.12009716033936,0,455.620343208313,0,0,0,0
wikics,test,114,14,wikics:test:000014:557ddebe91684e6e,0,1353.454254,1353.4139404296875,1224.909252,128.269544,0.0,0.0,0.0,0.0,235.64028930664062,143.3294734954834,0,0,0,0,0,0,0,0,0,0,180.1655979156494,9.760255932807922,29.934688091278076,15.779747366905212,nocache_bf16,large_h6_n10_s100_wikics_arxiv,557ddebe91684e6e1d7adc8d5728380c715b186f05cc9e5b854bd8f140a2f512,626.4780883789062,369.420223236084,0,400.38733863830566,0,0,0,0
wikics,test,115,15,wikics:test:000015:32677b4eee65e40a,0,1118.345831,1118.3094482421875,1005.279055,112.797759,0.0,0.0,0.0,0.0,127.73187065124512,122.61859512329102,0,0,0,0,0,0,0,0,0,0,86.66227149963379,4.56166398525238,25.4270076751709,11.08092749118805,nocache_bf16,large_h6_n10_s100_wikics_arxiv,32677b4eee65e40ae6a165981814df6d211d2bbf09bed9be523649a4f29c7126,536.0294189453125,316.3576316833496,0,342.2903823852539,0,0,0,0
wikics,test,116,16,wikics:test:000016:c0475eb283dbd143,0,1331.259355,1331.219482421875,1218.163657,112.789879,0.0,0.0,0.0,0.0,182.28758430480957,146.94950103759766,0,0,0,0,0,0,0,0,0,0,130.03436851501465,6.965375900268555,31.060128211975098,14.22771167755127,nocache_bf16,large_h6_n10_s100_wikics_arxiv,c0475eb283dbd1439a7826b0099b1b55085b16bdbb6d9c323473b401ba40a131,649.9973754882812,380.21913719177246,0,416.72773933410645,0,0,0,0
wikics,test,117,17,wikics:test:000017:4a1cc5182ee6a7b2,0,1332.623052,1332.5831298828125,1220.215889,112.115515,0.0,0.0,0.0,0.0,183.8561611175537,148.53948593139648,0,0,0,0,0,0,0,0,0,0,130.9785614013672,6.844543933868408,31.407007217407227,14.626048564910889,nocache_bf16,large_h6_n10_s100_wikics_arxiv,4a1cc5182ee6a7b21bcc02e720e79abc58a3736448065e57d132aabb574e1ce0,647.38232421875,380.27580642700195,0,415.64600372314453,0,0,0,0
wikics,test,118,18,wikics:test:000018:52ed896d72d1921f,0,1492.195495,1492.155029296875,1381.228865,110.670984,0.0,0.0,0.0,0.0,268.717342376709,160.99459075927734,0,0,0,0,0,0,0,0,0,0,206.42102432250977,10.940735936164856,33.66425561904907,17.69132649898529,nocache_bf16,large_h6_n10_s100_wikics_arxiv,52ed896d72d1921f5bfad1ba37c773faef5be83e39838a0b7c5f273e111c94c2,712.2142944335938,419.40556812286377,0,453.8033170700073,0,0,0,0
wikics,test,119,19,wikics:test:000019:d818f5b8cb6d7e5d,0,1439.904374,1439.8631591796875,1329.461153,110.136702,0.0,0.0,0.0,0.0,268.48681259155273,160.93785667419434,0,0,0,0,0,0,0,0,0,0,205.81353378295898,11.04745602607727,33.809632301330566,17.816190481185913,nocache_bf16,large_h6_n10_s100_wikics_arxiv,d818f5b8cb6d7e5debed18cf27d69c8839f643f32da6837d6996ba8668450d55,711.1018676757812,418.69385719299316,0,453.3458671569824,0,0,0,0
wikics,test,120,20,wikics:test:000020:ab0922f67c5fbbe5,0,1625.152556,1625.110107421875,1517.517055,107.336149,0.0,0.0,0.0,0.0,354.6842575073242,162.90422439575195,0,0,0,0,0,0,0,0,0,0,285.3825263977051,15.034719705581665,34.05183982849121,20.215171575546265,nocache_bf16,large_h6_n10_s100_wikics_arxiv,ab0922f67c5fbbe5719b9057d130d798ebe62c82eda3b9e6779d10b62a0ab03e,727.7017211914062,429.24291229248047,0,461.36303329467773,0,0,0,0
wikics,test,121,21,wikics:test:000021:5d453ee1cd5d59f9,0,1456.192325,1456.1514892578125,1343.912049,111.986705,0.0,0.0,0.0,0.0,221.0815315246582,149.00832176208496,0,0,0,0,0,0,0,0,0,0,163.65811347961426,8.917471885681152,32.26547193527222,16.240474224090576,nocache_bf16,large_h6_n10_s100_wikics_arxiv,5d453ee1cd5d59f93beec8e6bbfa80c2f22adbd82be2f4d0eac68cd4736cd8ab,645.8025512695312,379.12022399902344,0,415.6906490325928,0,0,0,0
wikics,test,122,22,wikics:test:000022:066e9ba55552f1f8,0,1718.496118,1718.4521484375,1606.00024,112.171231,0.0,0.0,0.0,0.0,420.0785598754883,166.6598720550537,0,0,0,0,0,0,0,0,0,0,346.68911361694336,17.322272300720215,33.88422393798828,22.182950019836426,nocache_bf16,large_h6_n10_s100_wikics_arxiv,066e9ba55552f1f8a73072514a22f5d6757c92f4c0398e291fc015deb88b7b88,743.2510986328125,440.0766725540161,0,469.8342981338501,0,0,0,0
wikics,test,123,23,wikics:test:000023:f77a6bf6e6e7e71b,0,1389.181152,1389.140869140625,1281.208521,107.610345,0.0,0.0,0.0,0.0,194.39667129516602,155.5978240966797,0,0,0,0,0,0,0,0,0,0,138.79257583618164,7.3890239000320435,32.89971208572388,15.315359473228455,nocache_bf16,large_h6_n10_s100_wikics_arxiv,f77a6bf6e6e7e71b5e5ecd0307e4293065f4fee80788b61911368457a6d1a604,684.5433959960938,402.31510829925537,0,437.82611179351807,0,0,0,0
wikics,test,124,24,wikics:test:000024:000a2a73e51d5345,0,1427.704362,1427.663818359375,1284.642497,142.768399,0.0,0.0,0.0,0.0,205.42892837524414,146.58207893371582,0,0,0,0,0,0,0,0,0,0,151.32748794555664,8.176064014434814,31.143199920654297,14.782176494598389,nocache_bf16,large_h6_n10_s100_wikics_arxiv,000a2a73e51d53459dc7e58576aaddb15d29ac4a73b00401f136569f75d2f6b8,648.4733276367188,379.7365779876709,0,415.3188285827637,0,0,0,0
wikics,test,125,25,wikics:test:000025:1424ce3b3bad84d4,0,1520.946726,1520.9052734375,1410.287629,110.351172,0.0,0.0,0.0,0.0,243.26079940795898,166.3920021057129,0,0,0,0,0,0,0,0,0,0,180.35270309448242,9.534016013145447,35.8471040725708,17.526976227760315,nocache_bf16,large_h6_n10_s100_wikics_arxiv,1424ce3b3bad84d47085b76cd2ca72fa2d01ab4c8eb0cee9f0854c07ffcbbf64,728.6315307617188,429.5321283340454,0,465.49140453338623,0,0,0,0
wikics,test,126,26,wikics:test:000026:6fabdd7e6fa1c9b0,0,1542.712198,1542.670166015625,1431.330671,111.066767,0.0,0.0,0.0,0.0,288.9563789367676,160.87545585632324,0,0,0,0,0,0,0,0,0,0,225.15654754638672,11.73414409160614,33.5831036567688,18.48258364200592,nocache_bf16,large_h6_n10_s100_wikics_arxiv,6fabdd7e6fa1c9b0791ff71909878258781591a7720f48a6507ad37df16a4ca1,710.041748046875,418.30572605133057,0,452.6114778518677,0,0,0,0
wikics,test,127,27,wikics:test:000027:df55b940083f1bf1,0,1740.10707,1740.0628662109375,1627.735818,112.063305,0.0,0.0,0.0,0.0,397.1330909729004,161.34364700317383,0,0,0,0,0,0,0,0,0,0,325.9177932739258,16.836575984954834,32.97484827041626,21.403873443603516,nocache_bf16,large_h6_n10_s100_wikics_arxiv,df55b940083f1bf1f1f72918358a0a21b17b5b59208e8033f0571bcddd8aab82,718.6680908203125,425.15756607055664,0,454.8541717529297,0,0,0,0
wikics,test,128,28,wikics:test:000028:bb2e0546b88fa929,0,1443.786092,1443.7452392578125,1317.497538,125.986653,0.0,0.0,0.0,0.0,222.3686408996582,151.47958183288574,0,0,0,0,0,0,0,0,0,0,166.8453426361084,8.746368169784546,31.26697587966919,15.50995421409607,nocache_bf16,large_h6_n10_s100_wikics_arxiv,bb2e0546b88fa929e4ad473dbd223f632fce04a3717e5e2390426e3af27fddfb,665.9168701171875,391.8357124328613,0,425.5607395172119,0,0,0,0
wikics,test,129,29,wikics:test:000029:354b8d27549aa637,0,1535.166018,1535.1246337890625,1429.156128,105.695254,0.0,0.0,0.0,0.0,260.9936637878418,164.98742294311523,0,0,0,0,0,0,0,0,0,0,197.41919708251953,10.514559984207153,35.33951997756958,17.720386743545532,nocache_bf16,large_h6_n10_s100_wikics_arxiv,354b8d27549aa637c29bd706bc1b1d4c8e164bb524dbb43ff574695c37d49b21,727.4302368164062,428.414400100708,0,464.0032596588135,0,0,0,0
wikics,test,130,30,wikics:test:000030:4a41086e390dbe51,0,1415.549624,1415.509765625,1309.486702,105.753883,0.0,0.0,0.0,0.0,245.42614364624023,154.6672649383545,0,0,0,0,0,0,0,0,0,0,186.01184272766113,9.914719939231873,32.68892812728882,16.81065285205841,nocache_bf16,large_h6_n10_s100_wikics_arxiv,4a41086e390dbe51ecd9f27bdf84a1f2aed65d44410ce97f0e5f6a2d66d349b1,682.8327026367188,402.367712020874,0,435.1322555541992,0,0,0,0
wikics,test,131,31,wikics:test:000031:cafc1e78b99470a1,0,1523.793113,1523.752685546875,1416.947032,106.545613,0.0,0.0,0.0,0.0,283.2764778137207,168.823392868042,0,0,0,0,0,0,0,0,0,0,218.43545532226562,11.445056080818176,35.09734392166138,18.298622488975525,nocache_bf16,large_h6_n10_s100_wikics_arxiv,cafc1e78b99470a1de15d16216655833dd9034daaf7ae6b5386e2d52952fddae,748.9515380859375,441.3549118041992,0,476.4200191497803,0,0,0,0
wikics,test,132,32,wikics:test:000032:1f48965693a47551,0,1626.377105,1626.33544921875,1519.54601,106.53633,0.0,0.0,0.0,0.0,309.24950408935547,165.0649929046631,0,0,0,0,0,0,0,0,0,0,242.27337646484375,12.396416187286377,34.87817573547363,19.70153570175171,nocache_bf16,large_h6_n10_s100_wikics_arxiv,1f48965693a47551fb266cee941d275d7733d5e14d8bc4f0a241156e1e7f8f85,728.7794189453125,429.51411056518555,0,464.33030128479004,0,0,0,0
wikics,test,133,33,wikics:test:000033:97a6a0498a0658ed,0,1661.939639,1661.8978271484375,1550.881446,110.451595,0.0,0.0,0.0,0.0,293.8979835510254,163.98019218444824,0,0,0,0,0,0,0,0,0,0,227.61644744873047,12.107392072677612,35.23420810699463,18.93993592262268,nocache_bf16,large_h6_n10_s100_wikics_arxiv,97a6a0498a0658edcac653eb0bb3210363bd9b07ca8d619186dbcfcbc0a2e8f5,727.033203125,428.7039976119995,0,462.30939769744873,0,0,0,0
wikics,test,134,34,wikics:test:000034:93dab44c974f61f3,0,1494.173208,1494.1324462890625,1383.406751,110.459521,0.0,0.0,0.0,0.0,270.65180587768555,160.98012733459473,0,0,0,0,0,0,0,0,0,0,208.21874618530273,10.930303931236267,33.74959993362427,17.753155827522278,nocache_bf16,large_h6_n10_s100_wikics_arxiv,93dab44c974f61f37b82c3a55ac543c3cafa371b99f438f53d8df60d8b08da15,710.5784912109375,418.3123531341553,0,453.24626541137695,0,0,0,0
wikics,test,135,35,wikics:test:000035:e96a44872b159e58,0,1449.135055,1449.094970703125,1336.58642,112.268398,0.0,0.0,0.0,0.0,212.77135848999023,153.75872039794922,0,0,0,0,0,0,0,0,0,0,155.346529006958,8.493088006973267,32.935391426086426,15.996350049972534,nocache_bf16,large_h6_n10_s100_wikics_arxiv,e96a44872b159e585dfc70f49945bedec7a8f682f7c98f1e2e240ff3a9cfb9a6,676.95166015625,397.582368850708,0,433.1280117034912,0,0,0,0
wikics,test,136,36,wikics:test:000036:afbff186281a0e4e,0,1570.489312,1570.447509765625,1459.873305,110.330752,0.0,0.0,0.0,0.0,232.64348983764648,165.3173770904541,0,0,0,0,0,0,0,0,0,0,171.16409492492676,9.057088017463684,35.733312129974365,16.688994765281677,nocache_bf16,large_h6_n10_s100_wikics_arxiv,afbff186281a0e4ef263695c2eae0d5605ba4b8d807b1a398463e79793b58c9e,728.829833984375,429.54387187957764,0,464.60333919525146,0,0,0,0
wikics,test,137,37,wikics:test:000037:b3012d4981d56ea8,0,1331.125642,1331.087646484375,1217.09556,113.747348,0.0,0.0,0.0,0.0,158.2994556427002,149.52569770812988,0,0,0,0,0,0,0,0,0,0,107.8744945526123,5.6664639711380005,31.19164800643921,13.566849112510681,nocache_bf16,large_h6_n10_s100_wikics_arxiv,b3012d4981d56ea820287d335a753a79cc4b4f1ef77ed486500ba06ecd246d4b,638.61474609375,376.5506868362427,0,411.5897569656372,0,0,0,0
wikics,test,138,38,wikics:test:000038:d8d309dacda8c856,0,1449.904898,1449.8648681640625,1342.677461,106.944671,0.0,0.0,0.0,0.0,221.30963134765625,165.42099380493164,0,0,0,0,0,0,0,0,0,0,160.7368335723877,8.4688640832901,35.73689603805542,16.367037653923035,nocache_bf16,large_h6_n10_s100_wikics_arxiv,d8d309dacda8c8565011a8a5c4bd50703da0a89f4da3c8de139014c0f400b5e1,730.3292236328125,430.4761257171631,0,465.27409172058105,0,0,0,0
wikics,test,139,39,wikics:test:000039:3ef432bb200e1c4d,0,1451.084408,1451.041015625,1339.102398,111.692743,0.0,0.0,0.0,0.0,220.74210739135742,148.91551780700684,0,0,0,0,0,0,0,0,0,0,164.5185890197754,8.809983968734741,31.7805118560791,15.633022546768188,nocache_bf16,large_h6_n10_s100_wikics_arxiv,3ef432bb200e1c4d10899e6d592c8c2970df591ebd929560ec4d6b50c138ea97,646.8804931640625,380.6082572937012,0,415.18775367736816,0,0,0,0
wikics,test,140,40,wikics:test:000040:9c16d6144ad4a191,0,1567.613044,1567.57177734375,1460.675384,106.647721,0.0,0.0,0.0,0.0,229.79446029663086,166.96697616577148,0,0,0,0,0,0,0,0,0,0,168.5062084197998,8.866688132286072,35.48735952377319,16.93420422077179,nocache_bf16,large_h6_n10_s100_wikics_arxiv,9c16d6144ad4a1917bc11fa59558e81b6ffc26842b37c5b649636e1bd6996d1c,729.8563842773438,429.6563501358032,0,467.167010307312,0,0,0,0
wikics,test,141,41,wikics:test:000041:7fea338f8fa28367,0,1455.667231,1455.626953125,1344.195718,111.191695,0.0,0.0,0.0,0.0,221.82525253295898,165.74054527282715,0,0,0,0,0,0,0,0,0,0,161.00524711608887,8.503552079200745,35.812607765197754,16.50384557247162,nocache_bf16,large_h6_n10_s100_wikics_arxiv,7fea338f8fa28367962db97fb384e2e94a82f63cc2c2a58460bd13fa9d7532c6,729.5869140625,429.36620903015137,0,465.9612503051758,0,0,0,0
wikics,test,142,42,wikics:test:000042:7e04af92ff942365,0,1556.506882,1556.465576171875,1450.537453,105.694543,0.0,0.0,0.0,0.0,262.7006072998047,163.04351997375488,0,0,0,0,0,0,0,0,0,0,199.4408302307129,10.647039890289307,34.90569591522217,17.707041263580322,nocache_bf16,large_h6_n10_s100_wikics_arxiv,7e04af92ff94236596a24d9e983dcc77cce54b5d00fe25a7752dadbdf0253c86,720.0337524414062,425.08752155303955,0,457.9897508621216,0,0,0,0
wikics,test,143,43,wikics:test:000043:7338a3bd818fbc61,0,1719.89826,1719.8551025390625,1593.658979,125.960226,0.0,0.0,0.0,0.0,381.347110748291,167.2449607849121,0,0,0,0,0,0,0,0,0,0,310.2762870788574,16.052863836288452,34.19759941101074,20.8203604221344,nocache_bf16,large_h6_n10_s100_wikics_arxiv,7338a3bd818fbc612b572517865a443cded9cc98f098cd47444fc0c70f038fa1,745.43701171875,440.20601654052734,0,472.47595596313477,0,0,0,0
wikics,test,144,44,wikics:test:000044:e7e458e07c01abc7,0,1467.91823,1467.8773193359375,1339.851016,127.77848,0.0,0.0,0.0,0.0,209.91241455078125,159.42748832702637,0,0,0,0,0,0,0,0,0,0,151.39964866638184,8.162976026535034,34.410560131073,15.939229726791382,nocache_bf16,large_h6_n10_s100_wikics_arxiv,e7e458e07c01abc73eac5d1f5b73ee274f45fe663453876d0498e3b21270f1db,701.33642578125,413.00268840789795,0,447.7612257003784,0,0,0,0
wikics,test,145,45,wikics:test:000045:664f4ac17fac6612,0,1735.346159,1735.30224609375,1628.446272,106.615346,0.0,0.0,0.0,0.0,400.2803192138672,161.07209396362305,0,0,0,0,0,0,0,0,0,0,327.77395248413086,17.281791925430298,33.39030408859253,21.8342707157135,nocache_bf16,large_h6_n10_s100_wikics_arxiv,664f4ac17fac66126dbf78db22d95ea89d4ccfe89013f9873465f1677a51a75f,719.2807006835938,425.4513292312622,0,454.9014654159546,0,0,0,0
wikics,test,146,46,wikics:test:000046:8880ab728d4d5032,0,1507.462579,1507.421875,1397.137436,110.030914,0.0,0.0,0.0,0.0,260.8048667907715,161.71027183532715,0,0,0,0,0,0,0,0,0,0,198.56486701965332,10.46838390827179,34.47164821624756,17.299967646598816,nocache_bf16,large_h6_n10_s100_wikics_arxiv,8880ab728d4d503279b823be1914ee9902a040262614bf49e1872574b155fe91,720.4288940429688,425.1175022125244,0,457.0216636657715,0,0,0,0
wikics,test,147,47,wikics:test:000047:2642137ffa998c84,0,1521.206872,1521.166015625,1410.465186,110.457838,0.0,0.0,0.0,0.0,245.1398696899414,165.4898567199707,0,0,0,0,0,0,0,0,0,0,182.50844955444336,9.631296038627625,35.64687919616699,17.35324490070343,nocache_bf16,large_h6_n10_s100_wikics_arxiv,2642137ffa998c84dd63777375d8e0ade25fbd787901bdf3058101753a069020,732.63525390625,431.0863037109375,0,467.0388069152832,0,0,0,0
wikics,test,148,48,wikics:test:000048:51b9971d8910d5e2,0,1454.987817,1454.9483642578125,1330.906896,123.787072,0.0,0.0,0.0,0.0,194.33762741088867,169.95788764953613,0,0,0,0,0,0,0,0,0,0,133.26934242248535,7.066336035728455,37.44991970062256,16.552029252052307,nocache_bf16,large_h6_n10_s100_wikics_arxiv,51b9971d8910d5e2e50bb2ce18041a1def0f52cc064e9c53428b6208b2325cec,730.3541870117188,431.44454193115234,0,468.86753273010254,0,0,0,0
wikics,test,149,49,wikics:test:000049:728df285513a7803,0,1563.912478,1563.8704833984375,1456.508327,107.102943,0.0,0.0,0.0,0.0,294.17033767700195,162.84694480895996,0,0,0,0,0,0,0,0,0,0,229.27478408813477,11.930912137031555,34.21132755279541,18.753313899040222,nocache_bf16,large_h6_n10_s100_wikics_arxiv,728df285513a7803b751f28b0959d82e759e2f545428d48a38d0f006a55bcc9a,720.3703002929688,424.4005126953125,0,458.8167324066162,0,0,0,0
wikics,test,150,50,wikics:test:000050:fe96b5b2a7c4af01,0,1588.551726,1588.5103759765625,1461.464173,126.794692,0.0,0.0,0.0,0.0,295.96441650390625,162.84681701660156,0,0,0,0,0,0,0,0,0,0,231.00896072387695,11.852799773216248,34.48291206359863,18.619743943214417,nocache_bf16,large_h6_n10_s100_wikics_arxiv,fe96b5b2a7c4af01943f25f9415335607ba1b330ad640aa2818bffc6db32e498,722.3660888671875,425.80476570129395,0,459.4081401824951,0,0,0,0
wikics,test,151,51,wikics:test:000051:6246382ad476e3b5,0,1551.398994,1551.3583984375,1422.712508,128.386286,0.0,0.0,0.0,0.0,263.51679611206055,165.90271949768066,0,0,0,0,0,0,0,0,0,0,199.7255344390869,10.694815993309021,35.383488178253174,17.712957501411438,nocache_bf16,large_h6_n10_s100_wikics_arxiv,6246382ad476e3b5f68b37aba9aa3566c47b169674446b7a4c924b1c74988d7f,733.0363159179688,432.11091232299805,0,466.82812309265137,0,0,0,0
wikics,test,152,52,wikics:test:000052:421b142bb389d9d1,0,1419.758089,1419.718994140625,1308.069007,111.412721,0.0,0.0,0.0,0.0,229.7377586364746,142.61731147766113,0,0,0,0,0,0,0,0,0,0,175.50524711608887,9.368704080581665,29.544512271881104,15.319295167922974,nocache_bf16,large_h6_n10_s100_wikics_arxiv,421b142bb389d9d16aececb4211419686451d1184d50d2e5f8ea97ee81a79730,634.0135498046875,370.34784030914307,0,406.28302097320557,0,0,0,0
wikics,test,153,53,wikics:test:000053:31b24b95a70aea62,0,1453.36504,1453.3238525390625,1347.029978,106.037912,0.0,0.0,0.0,0.0,237.49296188354492,165.02400016784668,0,0,0,0,0,0,0,0,0,0,175.60466957092285,9.34550392627716,35.2359037399292,17.30688464641571,nocache_bf16,large_h6_n10_s100_wikics_arxiv,31b24b95a70aea62d73f3c5f5b796febb8ca98cc307497a826603ccfab0b45bb,720.1217651367188,424.59190368652344,0,460.553861618042,0,0,0,0
wikics,test,154,54,wikics:test:000054:1492c0fd54704e8b,0,1611.353905,1611.3125,1499.175935,111.873056,0.0,0.0,0.0,0.0,262.2429733276367,158.60211372375488,0,0,0,0,0,0,0,0,0,0,200.69385528564453,10.65993583202362,33.66883182525635,17.22035038471222,nocache_bf16,large_h6_n10_s100_wikics_arxiv,1492c0fd54704e8b3a028427a3f0afafbed89dfcff3af66979a2a0d84cdb94e6,702.1976928710938,413.43657398223877,0,447.36323261260986,0,0,0,0
wikics,test,155,55,wikics:test:000055:4c3a9cced3fdbabd,0,1462.732953,1462.6920166015625,1356.428256,105.907842,0.0,0.0,0.0,0.0,225.65075302124023,165.49996948242188,0,0,0,0,0,0,0,0,0,0,164.78796768188477,8.61081600189209,35.55862331390381,16.69334602355957,nocache_bf16,large_h6_n10_s100_wikics_arxiv,4c3a9cced3fdbabd0d34163f06734c93b30f546193a2e36fcf5442c43864448d,734.32470703125,431.79296112060547,0,468.0317153930664,0,0,0,0
wikics,test,156,56,wikics:test:000056:a5bcd1251e1f47d6,0,1542.835255,1542.7939453125,1432.12921,110.244716,0.0,0.0,0.0,0.0,271.5927047729492,165.62319946289062,0,0,0,0,0,0,0,0,0,0,207.68652725219727,10.86294400691986,35.11606407165527,17.92716944217682,nocache_bf16,large_h6_n10_s100_wikics_arxiv,a5bcd1251e1f47d65b8e0c3b3de076d9f301f0643172bda73691e60b9cdddd5c,729.3424682617188,429.47583961486816,0,465.4898281097412,0,0,0,0
wikics,test,157,57,wikics:test:000057:c76d1190b26d012d,0,1597.966921,1597.92529296875,1487.283196,110.390614,0.0,0.0,0.0,0.0,318.68873596191406,167.80214500427246,0,0,0,0,0,0,0,0,0,0,251.10064315795898,12.951904058456421,34.75987195968628,19.876316785812378,nocache_bf16,large_h6_n10_s100_wikics_arxiv,c76d1190b26d012d091c00559c3a0425c20ebef1e538e567c96c216e9d813ae8,747.3256225585938,440.5307512283325,0,474.5970163345337,0,0,0,0
wikics,test,158,58,wikics:test:000058:a45285bcd1949205,0,1422.58461,1422.54541015625,1314.336027,107.974084,0.0,0.0,0.0,0.0,209.3908462524414,153.23782348632812,0,0,0,0,0,0,0,0,0,0,154.50524711608887,8.22159993648529,31.420991897583008,15.24300730228424,nocache_bf16,large_h6_n10_s100_wikics_arxiv,a45285bcd19492055ac80246f60bb0fb2ed4e504e079a5cd3200cdbdb7b891b5,679.1229858398438,399.1931800842285,0,433.16762924194336,0,0,0,0
wikics,test,159,59,wikics:test:000059:1b94d315dc4e5555,0,1449.868612,1449.828369140625,1339.391877,110.200169,0.0,0.0,0.0,0.0,206.02566146850586,162.6797103881836,0,0,0,0,0,0,0,0,0,0,147.9440975189209,7.677600026130676,34.63158416748047,15.772379755973816,nocache_bf16,large_h6_n10_s100_wikics_arxiv,1b94d315dc4e55559bb69eeacb678f2d308eb5396713d6fa6fa7259031e7a970,713.84375,420.1402254104614,0,456.38323497772217,0,0,0,0
wikics,test,160,60,wikics:test:000060:38930b7d326ce516,0,1606.40392,1606.362060546875,1494.486238,111.628211,0.0,0.0,0.0,0.0,250.21059799194336,163.01417350769043,0,0,0,0,0,0,0,0,0,0,187.6012477874756,10.211840033531189,35.030335903167725,17.36717426776886,nocache_bf16,large_h6_n10_s100_wikics_arxiv,38930b7d326ce5164a9e65e9f30bcdbf435b09460c7f0beaf0babbcac90226b4,719.21533203125,424.09990310668945,0,458.129602432251,0,0,0,0
wikics,test,161,61,wikics:test:000061:92c5bd90d0baeb93,0,1437.368706,1437.328369140625,1313.770464,123.31673,0.0,0.0,0.0,0.0,198.44902801513672,155.5724811553955,0,0,0,0,0,0,0,0,0,0,142.9583034515381,7.406944036483765,32.70889616012573,15.374884366989136,nocache_bf16,large_h6_n10_s100_wikics_arxiv,92c5bd90d0baeb9304f2a19cafff8d354c181be05d34b15cf570e210c30adb5c,680.0302124023438,399.6026248931885,0,436.0000686645508,0,0,0,0
wikics,test,162,62,wikics:test:000062:863d427861ff80dc,0,1555.018808,1554.9783935546875,1432.23405,122.510146,0.0,0.0,0.0,0.0,240.75702285766602,170.72829055786133,0,0,0,0,0,0,0,0,0,0,177.84432220458984,9.336095929145813,36.08591985702515,17.490684866905212,nocache_bf16,large_h6_n10_s100_wikics_arxiv,863d427861ff80dc849d2dfdc72906f1f2449ab7e6ed0e64e58e7235c0805796,748.9308471679688,442.24943828582764,0,477.40969944000244,0,0,0,0
wikics,test,163,63,wikics:test:000063:0a5a1c3308a40395,0,1786.160897,1786.1175537109375,1675.600844,110.269953,0.0,0.0,0.0,0.0,510.96441650390625,160.26915168762207,0,0,0,0,0,0,0,0,0,0,430.9816360473633,21.99999976158142,32.75324821472168,25.229532480239868,nocache_bf16,large_h6_n10_s100_wikics_arxiv,0a5a1c3308a40395b8520808200d136321b9db8233aa40c04be89539c97844d5,722.8239135742188,427.14851093292236,0,455.94455432891846,0,0,0,0
wikics,test,164,64,wikics:test:000064:84d2bb6fbbf2efc7,0,1728.145587,1728.1025390625,1606.703335,121.162634,0.0,0.0,0.0,0.0,385.00952911376953,167.24870491027832,0,0,0,0,0,0,0,0,0,0,313.3718070983887,16.195552110671997,34.195168018341064,21.247001886367798,nocache_bf16,large_h6_n10_s100_wikics_arxiv,84d2bb6fbbf2efc74543bfef829a471311b878c855f94ba54357da859b1dead5,751.7593383789062,444.218017578125,0,474.79002571105957,0,0,0,0
wikics,test,165,65,wikics:test:000065:14afb2e221d1c808,0,1450.356507,1450.3173828125,1340.899972,109.154804,0.0,0.0,0.0,0.0,221.91567993164062,149.50345611572266,0,0,0,0,0,0,0,0,0,0,165.00572967529297,8.915616154670715,31.915135860443115,16.079198241233826,nocache_bf16,large_h6_n10_s100_wikics_arxiv,14afb2e221d1c808d81f675640e726fc6c53da6b5558b9ab547f3f4e99214fb4,646.602294921875,380.3778238296509,0,415.7279272079468,0,0,0,0
wikics,test,166,66,wikics:test:000066:cbfb38b24c9cd09f,0,1429.092653,1429.0535888671875,1318.166231,110.647076,0.0,0.0,0.0,0.0,248.8116798400879,159.21680068969727,0,0,0,0,0,0,0,0,0,0,188.24156951904297,9.99232006072998,33.52908802032471,17.048702239990234,nocache_bf16,large_h6_n10_s100_wikics_arxiv,cbfb38b24c9cd09feb274e275c5fa9b2ac59e47d5e2b01a2e0142792e6f92a00,704.6920166015625,414.909631729126,0,448.9991855621338,0,0,0,0
wikics,test,167,67,wikics:test:000067:3368959dda51b804,0,1456.637469,1456.59765625,1345.021175,111.339091,0.0,0.0,0.0,0.0,238.66297912597656,163.88496017456055,0,0,0,0,0,0,0,0,0,0,176.9996795654297,9.531488060951233,35.19206428527832,16.939747214317322,nocache_bf16,large_h6_n10_s100_wikics_arxiv,3368959dda51b804b9feaf3927fc8b63a4fe3efbd71e66e91bdae5790a4896e9,722.0624389648438,425.08294677734375,0,460.86445236206055,0,0,0,0
wikics,test,168,68,wikics:test:000068:c1f159a73fe7d15a,0,1460.529637,1460.489990234375,1336.789992,123.468608,0.0,0.0,0.0,0.0,196.619234085083,170.35052871704102,0,0,0,0,0,0,0,0,0,0,135.9857292175293,7.049727916717529,37.07110357284546,16.512673377990723,nocache_bf16,large_h6_n10_s100_wikics_arxiv,c1f159a73fe7d15a2942f5fa44ebf6d2f9aa043b0006bc1c657334d82d242907,732.2920532226562,430.8484163284302,0,471.7941656112671,0,0,0,0
wikics,test,169,69,wikics:test:000069:c5c6eb8bc69150d0,0,1417.677362,1417.6373291015625,1310.012444,107.394569,0.0,0.0,0.0,0.0,218.04368209838867,162.15615844726562,0,0,0,0,0,0,0,0,0,0,158.71199989318848,8.32041585445404,34.772704124450684,16.23856222629547,nocache_bf16,large_h6_n10_s100_wikics_arxiv,c5c6eb8bc69150d0f6f058cf2a8f0b19714a3b9e64ec85c634f36a2f6d435940,713.9896240234375,420.03593730926514,0,456.109845161438,0,0,0,0
wikics,test,170,70,wikics:test:000070:15a487f6022e80ae,0,1448.579201,1448.539794921875,1336.789589,111.517373,0.0,0.0,0.0,0.0,208.38563537597656,159.20876693725586,0,0,0,0,0,0,0,0,0,0,150.57609367370605,8.063999891281128,33.93081521987915,15.81472659111023,nocache_bf16,large_h6_n10_s100_wikics_arxiv,15a487f6022e80aeea9398891795f58d139b42b0803269478d8b34dea8a73425,703.5291748046875,414.4465923309326,0,448.29134941101074,0,0,0,0
wikics,test,171,71,wikics:test:000071:80de2ffba43febdb,0,1783.599266,1783.55322265625,1676.890935,106.429515,0.0,0.0,0.0,0.0,512.3068771362305,160.16262245178223,0,0,0,0,0,0,0,0,0,0,432.8099822998047,21.69932770729065,32.813536167144775,24.984030961990356,nocache_bf16,large_h6_n10_s100_wikics_arxiv,80de2ffba43febdbe62c72ec696d6b17833aa5deda2322b1e87c46fc212d2618,724.039794921875,427.97289848327637,0,456.22951889038086,0,0,0,0
wikics,test,172,72,wikics:test:000072:0a2ccdf11d68011b,0,1516.820163,1516.780029296875,1410.624436,105.922594,0.0,0.0,0.0,0.0,244.6922264099121,166.40524864196777,0,0,0,0,0,0,0,0,0,0,181.76147079467773,9.631647944450378,36.01692724227905,17.282180428504944,nocache_bf16,large_h6_n10_s100_wikics_arxiv,0a2ccdf11d68011bbe9b80610fa460e6d9cd02f79ccb2fe70c6d7122404939fe,733.31591796875,431.7289915084839,0,467.9921751022339,0,0,0,0
wikics,test,173,73,wikics:test:000073:af4e3768afe7929b,0,1600.415105,1600.373779296875,1489.845416,110.293643,0.0,0.0,0.0,0.0,319.38706970214844,167.99241828918457,0,0,0,0,0,0,0,0,0,0,251.83161163330078,12.935968160629272,34.74380826950073,19.87568163871765,nocache_bf16,large_h6_n10_s100_wikics_arxiv,af4e3768afe7929b1e8e837cec1be78bf565feb6d8bdc034a26e3ac263f1fcb5,750.1568603515625,442.32319927215576,0,475.8260793685913,0,0,0,0
wikics,test,174,74,wikics:test:000074:26717eeb6c2c73ce,0,1726.902402,1726.8590087890625,1599.612714,127.007863,0.0,0.0,0.0,0.0,383.46402740478516,167.23302459716797,0,0,0,0,0,0,0,0,0,0,311.35757064819336,16.428864002227783,34.374783992767334,21.30280876159668,nocache_bf16,large_h6_n10_s100_wikics_arxiv,26717eeb6c2c73ce0d419b3d77803154393a8d6999b43700154e75f75b854f0c,750.4659423828125,443.67225551605225,0,474.0267114639282,0,0,0,0
wikics,test,175,75,wikics:test:000075:c9441b3207b4d7bb,0,1491.14486,1491.1046142578125,1382.897982,107.966701,0.0,0.0,0.0,0.0,257.5698585510254,159.10796737670898,0,0,0,0,0,0,0,0,0,0,196.0680637359619,10.551167964935303,33.55852746963501,17.392099380493164,nocache_bf16,large_h6_n10_s100_wikics_arxiv,c9441b3207b4d7bb23a3a8eb71a0e5d4956ccf9de45afef45b0119f4aa0c5ec8,709.4937744140625,417.45436668395996,0,451.1473751068115,0,0,0,0
wikics,test,176,76,wikics:test:000076:823cb40fd26b0064,0,1563.206385,1563.1650390625,1457.37743,105.542657,0.0,0.0,0.0,0.0,279.2347526550293,163.10739135742188,0,0,0,0,0,0,0,0,0,0,215.75267028808594,11.244640111923218,34.05398368835449,18.18345856666565,nocache_bf16,large_h6_n10_s100_wikics_arxiv,823cb40fd26b0064a8aea01490743a82038eff8ef6b79e7478a5c1a8ab7509a2,721.2993774414062,425.72057723999023,0,458.6861915588379,0,0,0,0
wikics,test,177,77,wikics:test:000077:a6e66f96093de6ce,0,1428.955632,1428.917236328125,1319.344083,109.322117,0.0,0.0,0.0,0.0,205.19926834106445,158.24518394470215,0,0,0,0,0,0,0,0,0,0,146.6537265777588,7.957984089851379,34.215839862823486,16.3717178106308,nocache_bf16,large_h6_n10_s100_wikics_arxiv,a6e66f96093de6ce1bd052d598cfac37c91f2fadb62e6500edf9e062a1601f5a,684.046630859375,403.44959926605225,0,438.8422155380249,0,0,0,0
wikics,test,178,78,wikics:test:000078:906d5a2fc7b88169,0,1567.813125,1567.7728271484375,1461.317145,106.198789,0.0,0.0,0.0,0.0,229.7144317626953,165.95846366882324,0,0,0,0,0,0,0,0,0,0,168.49641609191895,8.882399916648865,35.580448150634766,16.755167603492737,nocache_bf16,large_h6_n10_s100_wikics_arxiv,906d5a2fc7b881693e5654ad9a5ce6752da4ff09d9249413c6dfc7bd03c376dd,731.0070190429688,430.69798469543457,0,466.2674980163574,0,0,0,0
wikics,test,179,79,wikics:test:000079:73f671ca14fb033a,0,1517.618768,1517.5780029296875,1406.870632,110.471948,0.0,0.0,0.0,0.0,339.95334243774414,161.81635093688965,0,0,0,0,0,0,0,0,0,0,272.3054733276367,14.442752361297607,33.476351737976074,19.72876501083374,nocache_bf16,large_h6_n10_s100_wikics_arxiv,73f671ca14fb033a30965114cc70e57d3d1dfb1a6b55042e803792c154bd1fb9,722.879638671875,427.24787044525146,0,457.4481191635132,0,0,0,0
wikics,test,180,80,wikics:test:000080:0f184f1db0a996b5,0,1318.527243,1318.489013671875,1210.363365,107.899564,0.0,0.0,0.0,0.0,158.03571319580078,147.13606452941895,0,0,0,0,0,0,0,0,0,0,107.67283248901367,5.651103973388672,31.074399948120117,13.63737678527832,nocache_bf16,large_h6_n10_s100_wikics_arxiv,0f184f1db0a996b5c155f228291f962fece60e25c894ab8ac113bb00d919bc8f,642.0758056640625,376.5336322784424,0,412.67823791503906,0,0,0,0
wikics,test,181,81,wikics:test:000081:3ad691f9135ebeda,0,1543.648981,1543.608154296875,1436.419166,106.959057,0.0,0.0,0.0,0.0,262.50422286987305,165.62166213989258,0,0,0,0,0,0,0,0,0,0,198.52924919128418,10.527455925941467,35.55683183670044,17.89068591594696,nocache_bf16,large_h6_n10_s100_wikics_arxiv,3ad691f9135ebeda351c27e4a5ed088b476ae0fa8fb08a1342134b594d9a827a,732.9243774414062,432.17468643188477,0,466.37135314941406,0,0,0,0
wikics,test,182,82,wikics:test:000082:35f6d185e3b60583,0,1446.094691,1446.055908203125,1318.217984,127.607395,0.0,0.0,0.0,0.0,240.18470001220703,153.85670280456543,0,0,0,0,0,0,0,0,0,0,181.91753768920898,9.711616039276123,32.15676784515381,16.398778438568115,nocache_bf16,large_h6_n10_s100_wikics_arxiv,35f6d185e3b605830d55bd84ce5ae6b1b83d3a2650aed066131a57f509390d3d,678.4367065429688,398.93625831604004,0,433.35715103149414,0,0,0,0
wikics,test,183,83,wikics:test:000083:77934391d49ed365,0,1541.024617,1540.984375,1430.047843,110.692865,0.0,0.0,0.0,0.0,257.1368293762207,170.13542366027832,0,0,0,0,0,0,0,0,0,0,192.89446830749512,10.210784077644348,36.124736309051514,17.906840682029724,nocache_bf16,large_h6_n10_s100_wikics_arxiv,77934391d49ed3653879241637d8d8b001cacd53af052f115b2bb037763f5039,750.883544921875,443.4679660797119,0,477.5510025024414,0,0,0,0
wikics,test,184,84,wikics:test:000084:c558903a01f41d75,0,1531.165971,1531.1253662109375,1419.658899,111.228093,0.0,0.0,0.0,0.0,262.2925148010254,161.9785919189453,0,0,0,0,0,0,0,0,0,0,199.3829460144043,10.50105607509613,34.58518362045288,17.823329091072083,nocache_bf16,large_h6_n10_s100_wikics_arxiv,c558903a01f41d753914e796ba14e2931a6d80a582dc0814370dd761c259f2a7,714.4467163085938,420.29552268981934,0,456.1297855377197,0,0,0,0
wikics,test,185,85,wikics:test:000085:3ef7c5747bd481fb,0,1597.638651,1597.5975341796875,1491.748155,105.608277,0.0,0.0,0.0,0.0,313.1349105834961,163.47568130493164,0,0,0,0,0,0,0,0,0,0,246.3529281616211,12.695232391357422,34.726879596710205,19.359870433807373,nocache_bf16,large_h6_n10_s100_wikics_arxiv,3ef7c5747bd481fb781ef0c2cb0f24c3f560198245c327c89d36040b4c1ee9cc,722.5628051757812,426.04444885253906,0,459.9940376281738,0,0,0,0
wikics,test,186,86,wikics:test:000086:02f33170fe9a1014,0,1521.384187,1521.3431396484375,1414.571329,106.53083,0.0,0.0,0.0,0.0,242.44595336914062,166.59014511108398,0,0,0,0,0,0,0,0,0,0,180.0897617340088,9.466976165771484,35.686880111694336,17.202335357666016,nocache_bf16,large_h6_n10_s100_wikics_arxiv,02f33170fe9a1014eaa7ab4fd2e7737c2cdef43b62f534ca66d6f930bea0f3d5,733.9017333984375,432.43411350250244,0,468.05776500701904,0,0,0,0
wikics,test,187,87,wikics:test:000087:5e99a11f6629116f,0,1423.973676,1423.9349365234375,1311.416224,112.23646,0.0,0.0,0.0,0.0,268.15231704711914,146.75180625915527,0,0,0,0,0,0,0,0,0,0,209.76367950439453,11.139680027961731,30.577759742736816,16.671197772026062,nocache_bf16,large_h6_n10_s100_wikics_arxiv,5e99a11f6629116fd08a82ba8d35c24398048b98ac3869fdfbaaaced09dd547e,648.9669799804688,381.98098945617676,0,413.73779678344727,0,0,0,0
wikics,test,188,88,wikics:test:000088:661719a5706d2798,0,1426.060519,1426.0203857421875,1318.757469,107.01302,0.0,0.0,0.0,0.0,217.9368019104004,163.55875396728516,0,0,0,0,0,0,0,0,0,0,158.46947288513184,8.339904189109802,34.66806411743164,16.459360718727112,nocache_bf16,large_h6_n10_s100_wikics_arxiv,661719a5706d2798e1832429597e7d4d8bc6495443836e96584a4620e3966597,715.7050170898438,421.1192636489868,0,458.1445074081421,0,0,0,0
wikics,test,189,89,wikics:test:000089:0811b581634c9202,0,1604.808787,1604.7606201171875,1493.887233,110.635104,0.0,0.0,0.0,0.0,318.3130874633789,168.21398544311523,0,0,0,0,0,0,0,0,0,0,250.32479858398438,12.965248107910156,34.79964828491211,20.223392486572266,nocache_bf16,large_h6_n10_s100_wikics_arxiv,0811b581634c9202754ef09bc06883c1deaacc1ec2345102e3cee23457a2eb14,752.4733276367188,443.859169960022,0,476.828143119812,0,0,0,0
wikics,test,190,90,wikics:test:000090:7a6f588c7960f99a,0,1514.379683,1514.3394775390625,1387.380345,126.722771,0.0,0.0,0.0,0.0,259.41929626464844,164.05311965942383,0,0,0,0,0,0,0,0,0,0,196.6881618499756,10.45200002193451,34.521440505981445,17.757693886756897,nocache_bf16,large_h6_n10_s100_wikics_arxiv,7a6f588c7960f99a36a1c6325dd09381821ed32292ec8ef9de564ccdc789c916,720.8114624023438,425.95289611816406,0,458.9116859436035,0,0,0,0
wikics,test,191,91,wikics:test:000091:048f77cea8bd8173,0,1433.304961,1433.2664794921875,1319.171706,113.851885,0.0,0.0,0.0,0.0,250.66329193115234,159.1363525390625,0,0,0,0,0,0,0,0,0,0,189.42176055908203,10.01196801662445,34.1176962852478,17.11186707019806,nocache_bf16,large_h6_n10_s100_wikics_arxiv,048f77cea8bd8173479140b32200897a6931e78a836def05ad85382e9253fcce,702.5687255859375,414.4694700241089,0,447.2356081008911,0,0,0,0
wikics,test,192,92,wikics:test:000092:7d809617c6bd3e1e,0,1446.618325,1446.578857421875,1339.048657,107.294683,0.0,0.0,0.0,0.0,226.55644607543945,168.52998542785645,0,0,0,0,0,0,0,0,0,0,164.06662559509277,8.63868796825409,36.676223278045654,17.174909234046936,nocache_bf16,large_h6_n10_s100_wikics_arxiv,7d809617c6bd3e1e57cc92bf7f69f76cb3ba72c0919f19f3316d1484b3e9841e,733.9140625,432.328161239624,0,470.1158866882324,0,0,0,0
wikics,test,193,93,wikics:test:000093:322b3afcaa35f3c7,0,1504.483466,1504.4432373046875,1393.014212,111.18827,0.0,0.0,0.0,0.0,267.771297454834,163.87225532531738,0,0,0,0,0,0,0,0,0,0,204.10460662841797,10.8128000497818,34.74329614639282,18.110594630241394,nocache_bf16,large_h6_n10_s100_wikics_arxiv,322b3afcaa35f3c71d509b1eaa067b1c9deb2f1fd9e38948dae3d548b5de4f83,724.6689453125,427.0794563293457,0,461.4617443084717,0,0,0,0
wikics,test,194,94,wikics:test:000094:a005efdcd7c8715a,0,1409.688181,1409.647705078125,1297.374554,112.034798,0.0,0.0,0.0,0.0,199.03391647338867,155.70227241516113,0,0,0,0,0,0,0,0,0,0,143.6832618713379,7.649279952049255,32.596031665802,15.105342984199524,nocache_bf16,large_h6_n10_s100_wikics_arxiv,a005efdcd7c8715aa8fad232b75159e3190c49386d6e22f9d83ff1ba334960c2,686.3712158203125,404.0981435775757,0,437.97534465789795,0,0,0,0
wikics,test,195,95,wikics:test:000095:d668389de14e05fb,0,1387.503921,1387.4654541015625,1264.337997,122.897118,0.0,0.0,0.0,0.0,221.46144104003906,153.29071807861328,0,0,0,0,0,0,0,0,0,0,164.8313274383545,8.534591913223267,32.17475128173828,15.920770406723022,nocache_bf16,large_h6_n10_s100_wikics_arxiv,d668389de14e05fb64f040eb1d30df390da23556d25ad8a665fb85d39595048c,668.1154174804688,393.0033264160156,0,428.4028091430664,0,0,0,0
wikics,test,196,96,wikics:test:000096:da21905a8cb96e44,0,1457.07202,1457.0323486328125,1330.430055,126.362758,0.0,0.0,0.0,0.0,238.25189971923828,154.24620819091797,0,0,0,0,0,0,0,0,0,0,180.13235092163086,9.480895757675171,32.22780752182007,16.410845518112183,nocache_bf16,large_h6_n10_s100_wikics_arxiv,da21905a8cb96e44856130f52c5c36dc7e212f58af78856eb7e3901a67b9533e,680.3171997070312,399.85545539855957,0,434.70795249938965,0,0,0,0
wikics,test,197,97,wikics:test:000097:322b174a79431b1f,0,1685.866765,1685.824462890625,1561.815072,123.757092,0.0,0.0,0.0,0.0,295.1891860961914,169.63990592956543,0,0,0,0,0,0,0,0,0,0,228.21466064453125,11.611071944236755,35.74796724319458,19.61548626422882,nocache_bf16,large_h6_n10_s100_wikics_arxiv,322b174a79431b1fa466fe9d6c4146656cfc4021c19412a8ee526263102c0b0d,752.6791381835938,444.05760192871094,0,478.26144218444824,0,0,0,0
wikics,test,198,98,wikics:test:000098:23be48b489bd9fb1,0,1585.753361,1585.7122802734375,1479.47927,105.997629,0.0,0.0,0.0,0.0,248.45325088500977,163.23248291015625,0,0,0,0,0,0,0,0,0,0,186.26688194274902,10.043999910354614,34.90111970901489,17.241249322891235,nocache_bf16,large_h6_n10_s100_wikics_arxiv,23be48b489bd9fb14fe360697fdf38ded476b0d934c1ba487c6b7cd9272b87df,723.4844970703125,426.36803150177,0,460.34894847869873,0,0,0,0
wikics,test,199,99,wikics:test:000099:25d922430a6078eb,0,1426.05232,1426.0130615234375,1298.1053,127.672799,0.0,0.0,0.0,0.0,195.59478378295898,155.46403121948242,0,0,0,0,0,0,0,0,0,0,140.1874542236328,7.457920074462891,32.811039447784424,15.138370037078857,nocache_bf16,large_h6_n10_s100_wikics_arxiv,25d922430a6078eb827beb56e89fee9ffb162a0dff995eeecaf2bfa300f2b08d,680.7252807617188,400.49059009552,0,435.69872188568115,0,0,0,0
wikics,val,0,0,wikics:val:000000:fef527b25a18161e,1,1604.547135,1604.49755859375,1456.623745,147.360072,0.0,0.0,0.0,0.0,219.13997077941895,140.36489486694336,0,0,0,0,0,0,0,0,0,0,161.2328929901123,6.279584050178528,38.72191905975342,12.905574679374695,nocache_bf16,large_h6_n10_s100_wikics_arxiv,fef527b25a18161e02256c9a22a5fcb64ea189b88fbf1c593a16f7cef2386a5f,729.477783203125,365.15619373321533,0,504.686484336853,0,0,0,0
wikics,val,1,1,wikics:val:000001:800111c04191b913,1,1369.498187,1369.474609375,1262.335641,106.86459,0.0,0.0,0.0,0.0,198.70332717895508,148.75625610351562,0,0,0,0,0,0,0,0,0,0,145.25801849365234,7.690847992897034,30.91750431060791,14.83695638179779,nocache_bf16,large_h6_n10_s100_wikics_arxiv,800111c04191b91313016b0068c7e73134e69c8f1fbc1fa3f47adef8e93827f2,649.4653930664062,382.2097291946411,0,416.01191997528076,0,0,0,0
wikics,val,2,2,wikics:val:000002:55b16141b752157a,1,1461.275398,1461.2525634765625,1354.438151,106.519007,0.0,0.0,0.0,0.0,236.07385635375977,162.3048973083496,0,0,0,0,0,0,0,0,0,0,175.2878704071045,9.31119990348816,34.71321630477905,16.76156973838806,nocache_bf16,large_h6_n10_s100_wikics_arxiv,55b16141b752157aa1fbd4558cf493bf5089fa23bda74c0284125c7c88e21247,715.4686889648438,421.9952964782715,0,455.7782897949219,0,0,0,0
wikics,val,3,3,wikics:val:000003:eb55f467ab494142,1,1263.577603,1263.5540771484375,1132.760594,130.525862,0.0,0.0,0.0,0.0,150.5386562347412,139.170015335083,0,0,0,0,0,0,0,0,0,0,102.86070251464844,5.452895939350128,29.453120231628418,12.771937549114227,nocache_bf16,large_h6_n10_s100_wikics_arxiv,eb55f467ab49414223cbb42727548425fb72d6d25ba1e2ef78c9b8b316f07388,605.5371704101562,358.87513732910156,0,385.8320484161377,0,0,0,0
wikics,val,4,4,wikics:val:000004:94369875875c7eda,1,1417.332989,1417.3094482421875,1309.979068,107.013742,0.0,0.0,0.0,0.0,170.29740715026855,152.69891357421875,0,0,0,0,0,0,0,0,0,0,117.71798324584961,6.150367915630341,32.059584617614746,14.369471371173859,nocache_bf16,large_h6_n10_s100_wikics_arxiv,94369875875c7eda426ac2e378c77a4b45c69b105d096621273459492e79a002,662.9530639648438,389.68057441711426,0,425.97140312194824,0,0,0,0
wikics,val,5,5,wikics:val:000005:2ea19046bdd6fc0b,1,1482.529697,1482.507080078125,1376.921526,105.31016,0.0,0.0,0.0,0.0,258.16400146484375,165.99516677856445,0,0,0,0,0,0,0,0,0,0,195.23372840881348,10.35312008857727,35.042399883270264,17.53475308418274,nocache_bf16,large_h6_n10_s100_wikics_arxiv,2ea19046bdd6fc0b113221315bcbf4019385f97ac493ef3f6da0ff2ddbc69c2a,731.5045166015625,432.3562240600586,0,465.14345932006836,0,0,0,0
wikics,val,6,6,wikics:val:000006:deb97ed4b3c8ddd7,1,192.512343,192.48719787597656,83.938125,108.341139,0.0,0.0,0.0,0.0,6.724575996398926,12.74828815460205,0,0,0,0,0,0,0,0,0,0,3.008415997028351,0.17043200321495533,2.136799991130829,1.4089280050247908,nocache_bf16,large_h6_n10_s100_wikics_arxiv,deb97ed4b3c8ddd7bdb39f4af5fcaad656c9c608bfc05ecb40b7af499c9ba112,53.046302795410156,33.09699213504791,0,32.697598814964294,0,0,0,0
wikics,val,7,7,wikics:val:000007:d7f4428cc84938c0,1,1364.657032,1364.6331787109375,1253.825093,110.532881,0.0,0.0,0.0,0.0,200.3437728881836,150.01641464233398,0,0,0,0,0,0,0,0,0,0,145.20204734802246,7.946431994438171,32.048991680145264,15.146301865577698,nocache_bf16,large_h6_n10_s100_wikics_arxiv,d7f4428cc84938c0ff422730accf1af7811fdbfe47c2a8963dc760c9d780173f,652.4808959960938,384.2374095916748,0,418.25990104675293,0,0,0,0
wikics,val,8,8,wikics:val:000008:a2de623bf3821acb,1,1493.812076,1493.78759765625,1368.051365,125.453512,0.0,0.0,0.0,0.0,240.26470184326172,161.84639930725098,0,0,0,0,0,0,0,0,0,0,179.91056060791016,9.584256052970886,33.974112033843994,16.795773148536682,nocache_bf16,large_h6_n10_s100_wikics_arxiv,a2de623bf3821acb00081deda324d566d32c497bd1f73e5fe2b363af6e34451e,704.551513671875,416.3242244720459,0,450.0736885070801,0,0,0,0
wikics,val,9,9,wikics:val:000009:5ddc4ad1ca6bddb9,1,1410.569759,1410.5465087890625,1288.972284,121.298543,0.0,0.0,0.0,0.0,186.070463180542,153.81356811523438,0,0,0,0,0,0,0,0,0,0,131.67465591430664,7.028191924095154,32.445087909698486,14.922527432441711,nocache_bf16,large_h6_n10_s100_wikics_arxiv,5ddc4ad1ca6bddb9f2fbe2619a4cc5bfc948088c83072c92fb9968043dfe40b7,671.8192749023438,396.3030071258545,0,429.32983589172363,0,0,0,0
wikics,val,10,10,wikics:val:000010:a657f4dc57cb7b3b,1,187.260472,187.23452758789062,82.940032,104.094025,0.0,0.0,0.0,0.0,6.227104187011719,12.692512035369873,0,0,0,0,0,0,0,0,0,0,2.6202560365200043,0.13552000187337399,2.0951679944992065,1.376160154119134,nocache_bf16,large_h6_n10_s100_wikics_arxiv,a657f4dc57cb7b3bcdd5ce3c72500c507c0f17ae67e675802318c7fef9afe2d3,52.77180862426758,33.0096960067749,0,32.45462465286255,0,0,0,0
wikics,val,11,11,wikics:val:000011:dfa124f13dbb8595,1,1559.868452,1559.8453369140625,1437.661662,121.826001,0.0,0.0,0.0,0.0,300.07654571533203,151.93597030639648,0,0,0,0,0,0,0,0,0,0,238.37007904052734,12.651679992675781,30.98739242553711,18.067394256591797,nocache_bf16,large_h6_n10_s100_wikics_arxiv,dfa124f13dbb859594d45abc92fc99eb41ed65a49c8cb209db0ee462a00191e7,671.8526611328125,397.42681789398193,0,426.36181354522705,0,0,0,0
wikics,val,12,12,wikics:val:000012:b25c6bff127a88c6,1,1567.713894,1567.6888427734375,1457.583897,109.814134,0.0,0.0,0.0,0.0,331.08223724365234,157.0322551727295,0,0,0,0,0,0,0,0,0,0,267.67254638671875,12.901856184005737,32.29657602310181,18.21125864982605,nocache_bf16,large_h6_n10_s100_wikics_arxiv,b25c6bff127a88c663a84dd45840dc6a75f4ae919fa79751a93982ca913e58f8,695.964111328125,411.3904962539673,0,441.6058702468872,0,0,0,0
wikics,val,13,13,wikics:val:000013:f7ec35bb559bff78,1,1355.320257,1355.2955322265625,1249.568291,105.440791,0.0,0.0,0.0,0.0,202.54505920410156,145.9646396636963,0,0,0,0,0,0,0,0,0,0,148.3823699951172,7.977471947669983,31.24502420425415,14.940193057060242,nocache_bf16,large_h6_n10_s100_wikics_arxiv,f7ec35bb559bff78b63dfdea8a3808323d3557dd6b3c1c55ebd48800dabbb38e,635.5537719726562,374.18614196777344,0,407.3322696685791,0,0,0,0
wikics,val,14,14,wikics:val:000014:cd0465d485a7b221,1,1398.109337,1398.0849609375,1292.367292,105.428836,0.0,0.0,0.0,0.0,205.02240371704102,149.4498233795166,0,0,0,0,0,0,0,0,0,0,149.7217903137207,8.144255876541138,32.01552057266235,15.140836954116821,nocache_bf16,large_h6_n10_s100_wikics_arxiv,cd0465d485a7b2212f8c13a4132eb2ed270289c0ec06183ceead64db97a598de,656.31982421875,386.22428798675537,0,419.54535961151123,0,0,0,0
wikics,val,15,15,wikics:val:000015:760ce76542a910c8,1,1341.796146,1341.7705078125,1212.811994,128.683753,0.0,0.0,0.0,0.0,187.86029243469238,152.36963272094727,0,0,0,0,0,0,0,0,0,0,133.69759941101074,7.151071906089783,32.11280012130737,14.898820996284485,nocache_bf16,large_h6_n10_s100_wikics_arxiv,760ce76542a910c82715bdb1556e1b99c877f5e3ff11acfe5cdb9dec223f2bec,662.8331298828125,390.10041427612305,0,425.1023483276367,0,0,0,0
wikics,val,16,16,wikics:val:000016:ecc418214a33ddfc,1,1608.58796,1608.5635986328125,1481.073213,127.103189,0.0,0.0,0.0,0.0,307.45583724975586,162.5148162841797,0,0,0,0,0,0,0,0,0,0,241.59155654907227,12.620736122131348,34.07359981536865,19.169944763183594,nocache_bf16,large_h6_n10_s100_wikics_arxiv,ecc418214a33ddfc30aad81571b5ed75b95998d50ad30efd13d1a0853a4c7a97,717.88818359375,425.0191373825073,0,455.38386249542236,0,0,0,0
wikics,val,17,17,wikics:val:000017:30966d3fabbbe966,1,1577.219534,1577.19482421875,1466.205592,110.709561,0.0,0.0,0.0,0.0,258.454402923584,163.48684883117676,0,0,0,0,0,0,0,0,0,0,194.99711990356445,10.440127968788147,35.156447887420654,17.86070716381073,nocache_bf16,large_h6_n10_s100_wikics_arxiv,30966d3fabbbe96640c8cbdf2e720544bf71af0cd8c950c087a1a2db14bd743b,716.9367065429688,422.996639251709,0,457.4269161224365,0,0,0,0
wikics,val,18,18,wikics:val:000018:40b87fe5b3865c25,1,1480.727264,1480.7017822265625,1354.220006,126.211265,0.0,0.0,0.0,0.0,229.56876754760742,157.42681503295898,0,0,0,0,0,0,0,0,0,0,170.3357448577881,9.176607966423035,33.66963195800781,16.38678276538849,nocache_bf16,large_h6_n10_s100_wikics_arxiv,40b87fe5b3865c25b0fea0abae1f6a31a4b30ceff215077141910a5c4cdb9017,692.745849609375,408.14002990722656,0,442.0326347351074,0,0,0,0
wikics,val,19,19,wikics:val:000019:c948629294047854,1,1400.319613,1400.29345703125,1288.892549,111.136657,0.0,0.0,0.0,0.0,195.95654296875,150.38678169250488,0,0,0,0,0,0,0,0,0,0,141.07705879211426,7.596864104270935,32.16639995574951,15.116220116615295,nocache_bf16,large_h6_n10_s100_wikics_arxiv,c9486292940478548025bcd39f69bde038c73dc44280ada5e32b7ae0cd0c59c4,653.283203125,384.38351917266846,0,419.2864656448364,0,0,0,0
wikics,val,20,20,wikics:val:000020:e9a52cacfc1321d3,1,1217.356275,1217.3321533203125,1070.770356,146.307195,0.0,0.0,0.0,0.0,147.3090877532959,133.68115615844727,0,0,0,0,0,0,0,0,0,0,102.39276885986328,5.403200030326843,27.319583892822266,12.193534970283508,nocache_bf16,large_h6_n10_s100_wikics_arxiv,e9a52cacfc1321d3be6f10a0439a054242d79fd11875bc865a4ea4dadbd64e1e,586.3507080078125,344.6870393753052,0,375.3448247909546,0,0,0,0
wikics,val,21,21,wikics:val:000021:f6fad06d0182fdac,1,1360.99353,1360.9676513671875,1250.49508,110.147688,0.0,0.0,0.0,0.0,167.42793655395508,146.44729614257812,0,0,0,0,0,0,0,0,0,0,116.87459182739258,6.244320034980774,30.5414719581604,13.767552733421326,nocache_bf16,large_h6_n10_s100_wikics_arxiv,f6fad06d0182fdac16ade7c80ae6ba48ecadf3df08778ef7a76990d17d09763f,636.9402465820312,374.35026931762695,0,409.0372734069824,0,0,0,0
wikics,val,22,22,wikics:val:000022:d785569b8bb4a8d7,1,1562.541,1562.51513671875,1451.218885,110.889095,0.0,0.0,0.0,0.0,256.9005126953125,162.70089530944824,0,0,0,0,0,0,0,0,0,0,194.59884643554688,10.309951901435852,34.60540819168091,17.386306166648865,nocache_bf16,large_h6_n10_s100_wikics_arxiv,d785569b8bb4a8d717e83bb8c9fff3658fc9cccc846cdee9551cd8d56685150b,717.5511474609375,423.4068126678467,0,456.84523010253906,0,0,0,0
wikics,val,23,23,wikics:val:000023:30e8db22a669492e,1,1494.869173,1494.8426513671875,1368.119783,126.399102,0.0,0.0,0.0,0.0,241.94147872924805,161.9114227294922,0,0,0,0,0,0,0,0,0,0,180.7672634124756,9.57535994052887,34.48211193084717,17.116743445396423,nocache_bf16,large_h6_n10_s100_wikics_arxiv,30e8db22a669492e9181fdd4dfa056fe4fed95a4be6d84373feae62fc8032f91,708.837158203125,417.5433292388916,0,453.2052516937256,0,0,0,0
wikics,val,24,24,wikics:val:000024:9c2eb6f46cefd34c,1,1656.491724,1656.4637451171875,1548.966084,106.599169,0.0,0.0,0.0,0.0,400.4383354187012,161.13785552978516,0,0,0,0,0,0,0,0,0,0,328.7132797241211,17.21401596069336,33.39423990249634,21.11679983139038,nocache_bf16,large_h6_n10_s100_wikics_arxiv,9c2eb6f46cefd34c6f201303a1ad616670a71668823f3b38a391df90dfd6daff,718.7725219726562,425.20480155944824,0,454.70557594299316,0,0,0,0
wikics,val,25,25,wikics:val:000025:c748180b049621a4,1,1558.693228,1558.664794921875,1428.166137,129.307613,0.0,0.0,0.0,0.0,303.72924041748047,160.3572177886963,0,0,0,0,0,0,0,0,0,0,238.1217918395996,12.700095891952515,33.66684818267822,19.240504503250122,nocache_bf16,large_h6_n10_s100_wikics_arxiv,c748180b049621a4c7d3ed44f5609aeec104f7702d160cca2428f5a72b9841e5,708.4818115234375,418.7290868759155,0,450.10994243621826,0,0,0,0
wikics,val,26,26,wikics:val:000026:f66b2c37f14c407f,1,1482.643409,1482.6163330078125,1375.88671,106.345734,0.0,0.0,0.0,0.0,246.0456657409668,164.4928970336914,0,0,0,0,0,0,0,0,0,0,184.19664001464844,9.695712089538574,35.04019212722778,17.113121509552002,nocache_bf16,large_h6_n10_s100_wikics_arxiv,f66b2c37f14c407f4410ff66afbbac91c836532c19438c2e5923e57377491908,719.1215209960938,424.937536239624,0,458.67688179016113,0,0,0,0
wikics,val,27,27,wikics:val:000027:19b7a4b1069f0703,1,1548.703729,1548.67724609375,1438.027035,110.329323,0.0,0.0,0.0,0.0,249.80137634277344,160.79200172424316,0,0,0,0,0,0,0,0,0,0,188.73558616638184,9.884768009185791,34.102975368499756,17.078046798706055,nocache_bf16,large_h6_n10_s100_wikics_arxiv,19b7a4b1069f0703e42e1662d1626fa830f58a56b61b61ac44a24e6ebe2d28c4,710.819580078125,419.7101135253906,0,451.90146827697754,0,0,0,0
wikics,val,28,28,wikics:val:000028:6dcccc0dadc0f236,1,1507.849665,1507.8221435546875,1396.58193,110.904994,0.0,0.0,0.0,0.0,218.45110321044922,168.997953414917,0,0,0,0,0,0,0,0,0,0,156.81766510009766,8.220927953720093,35.6210880279541,17.791422128677368,nocache_bf16,large_h6_n10_s100_wikics_arxiv,6dcccc0dadc0f2368546ab77570060956e54caca780c3fae3797dd17561f56c2,736.2620239257812,435.8215055465698,0,469.4384717941284,0,0,0,0
wikics,val,29,29,wikics:val:000029:b57c0c6c616584fa,1,1322.678828,1322.652587890625,1215.347832,107.007719,0.0,0.0,0.0,0.0,160.11874961853027,148.0316162109375,0,0,0,0,0,0,0,0,0,0,109.9721908569336,5.755360007286072,30.912319660186768,13.47887909412384,nocache_bf16,large_h6_n10_s100_wikics_arxiv,b57c0c6c616584fa3175a1053d4a5943c17cc66406ff67582d00320f05ece863,640.0640258789062,376.657377243042,0,411.43826484680176,0,0,0,0
wikics,val,30,30,wikics:val:000030:46cf5a7590979b07,1,1463.037961,1463.011474609375,1351.979899,110.769185,0.0,0.0,0.0,0.0,259.5676460266113,159.09190559387207,0,0,0,0,0,0,0,0,0,0,198.49244689941406,10.623264074325562,33.63497543334961,16.816959619522095,nocache_bf16,large_h6_n10_s100_wikics_arxiv,46cf5a7590979b072621f92b0e45b838461f0910879853929265a05ebd40704a,707.4561767578125,416.70243072509766,0,449.8456516265869,0,0,0,0
wikics,val,31,31,wikics:val:000031:2addc42d7b620b3e,1,1483.560137,1483.533203125,1375.920311,107.348157,0.0,0.0,0.0,0.0,207.95782470703125,164.89808082580566,0,0,0,0,0,0,0,0,0,0,146.34319877624512,7.823839902877808,35.83279991149902,17.9579861164093,nocache_bf16,large_h6_n10_s100_wikics_arxiv,2addc42d7b620b3eafd7d208a11026fbe79e6857e28c706cb3b0e8c837b03eca,720.2825317382812,424.9816646575928,0,460.19894790649414,0,0,0,0
wikics,val,32,32,wikics:val:000032:57bb329b74f81197,1,1467.587389,1467.5592041015625,1356.597355,110.68582,0.0,0.0,0.0,0.0,232.0620460510254,160.4082546234131,0,0,0,0,0,0,0,0,0,0,172.06908798217773,9.037919878959656,34.24188804626465,16.713150143623352,nocache_bf16,large_h6_n10_s100_wikics_arxiv,57bb329b74f81197f5f742a2fa3620e0c9193252afe609c679c1e02045e2ac49,702.6644287109375,413.84537410736084,0,449.22730922698975,0,0,0,0
wikics,val,33,33,wikics:val:000033:894e26b9ae45c623,1,1473.815126,1473.7869873046875,1363.439296,109.962536,0.0,0.0,0.0,0.0,251.98038482666016,160.19887924194336,0,0,0,0,0,0,0,0,0,0,191.0693759918213,10.184287905693054,33.581599712371826,17.145121216773987,nocache_bf16,large_h6_n10_s100_wikics_arxiv,894e26b9ae45c623e068a70ab0e34df3ae778a61aa50d8aa35d698f67ec35e98,706.0926513671875,415.6838073730469,0,450.607723236084,0,0,0,0
wikics,val,34,34,wikics:val:000034:65ae31af463d1b89,1,1466.755218,1466.72607421875,1359.140692,107.2518,0.0,0.0,0.0,0.0,261.02924728393555,160.09545707702637,0,0,0,0,0,0,0,0,0,0,199.66739654541016,10.469472050666809,33.48716735839844,17.405211329460144,nocache_bf16,large_h6_n10_s100_wikics_arxiv,65ae31af463d1b892011e51a76568ca922eeec0df8a5154042715bf1a7c494d9,706.549560546875,416.67897510528564,0,449.9660425186157,0,0,0,0
wikics,val,35,35,wikics:val:000035:4693474df4e8fbf5,1,1660.974016,1660.9434814453125,1532.459036,128.174423,0.0,0.0,0.0,0.0,317.5145606994629,161.24528121948242,0,0,0,0,0,0,0,0,0,0,250.76028442382812,13.145567893981934,33.75116777420044,19.857540607452393,nocache_bf16,large_h6_n10_s100_wikics_arxiv,4693474df4e8fbf5fdfd2d96bf57a7b6aabfe78ad448c8e80d959c4101a1f662,711.8358154296875,420.57785511016846,0,452.50324153900146,0,0,0,0
wikics,val,36,36,wikics:val:000036:0759714d0e26521e,1,1474.810675,1474.7822265625,1353.110169,121.385669,0.0,0.0,0.0,0.0,218.38767623901367,158.87238311767578,0,0,0,0,0,0,0,0,0,0,160.89974403381348,8.425503969192505,33.2706561088562,15.79177212715149,nocache_bf16,large_h6_n10_s100_wikics_arxiv,0759714d0e26521e91834222ac4f5b5afd29c0eff6aa294be5e1a3766dc065c1,694.095458984375,409.657151222229,0,443.3106908798218,0,0,0,0
wikics,val,37,37,wikics:val:000037:a7f56af4cb70732b,1,1552.982884,1552.954345703125,1441.38226,111.292018,0.0,0.0,0.0,0.0,251.39241409301758,162.09481620788574,0,0,0,0,0,0,0,0,0,0,189.44610977172852,10.184128046035767,34.36035203933716,17.401824235916138,nocache_bf16,large_h6_n10_s100_wikics_arxiv,a7f56af4cb70732bb9074d50d48be472e73eaf5ac49d42d90c7fb997a871ce21,710.6912231445312,420.7532835006714,0,452.0327558517456,0,0,0,0
wikics,val,38,38,wikics:val:000038:dad46ac500c3e985,1,1541.925959,1541.896728515625,1437.039502,104.608161,0.0,0.0,0.0,0.0,223.11808013916016,164.72918319702148,0,0,0,0,0,0,0,0,0,0,162.2130241394043,8.565183877944946,35.66671943664551,16.673152685165405,nocache_bf16,large_h6_n10_s100_wikics_arxiv,dad46ac500c3e9857482209283c5f91bd4729e6956984bc291919024cf405ee8,723.4378662109375,426.3823013305664,0,461.7847480773926,0,0,0,0
wikics,val,39,39,wikics:val:000039:53e5be2b68e5930e,1,1572.169079,1572.1397705078125,1445.198102,126.660522,0.0,0.0,0.0,0.0,308.5112648010254,152.94655990600586,0,0,0,0,0,0,0,0,0,0,245.89263534545898,12.846719980239868,31.34496021270752,18.42694926261902,nocache_bf16,large_h6_n10_s100_wikics_arxiv,53e5be2b68e5930eb72e6abd780a479e5ec14029f6796037de28e272d8d08878,678.3206176757812,401.03849601745605,0,430.22868156433105,0,0,0,0
wikics,val,40,40,wikics:val:000040:f5c8ec8453d3a18e,1,1301.8627,1301.8331298828125,1193.241042,108.328496,0.0,0.0,0.0,0.0,193.20057487487793,143.3429126739502,0,0,0,0,0,0,0,0,0,0,140.96006393432617,7.563999891281128,30.179744243621826,14.496766805648804,nocache_bf16,large_h6_n10_s100_wikics_arxiv,f5c8ec8453d3a18e3d258c2f5898202e9d148044b51ad92e9766efccc4a3c27c,629.0101318359375,367.95763206481934,0,404.39541244506836,0,0,0,0
wikics,val,41,41,wikics:val:000041:0a1aea6f2ab10ebb,1,1633.895969,1633.8656005859375,1528.240669,105.365905,0.0,0.0,0.0,0.0,324.1800346374512,162.36153411865234,0,0,0,0,0,0,0,0,0,0,257.8159980773926,13.490880250930786,33.80191946029663,19.071236848831177,nocache_bf16,large_h6_n10_s100_wikics_arxiv,0a1aea6f2ab10ebbb8741837ad5f8891fe42bfc4bfa6ca2c2c4141a32360b0e7,719.2554931640625,425.7862710952759,0,455.83075618743896,0,0,0,0
wikics,val,42,42,wikics:val:000042:6b1dd5c3859cc886,1,1476.916325,1476.8873291015625,1363.812673,112.79407,0.0,0.0,0.0,0.0,202.5014419555664,164.01884841918945,0,0,0,0,0,0,0,0,0,0,143.54284858703613,7.69648003578186,35.43228816986084,15.829825162887573,nocache_bf16,large_h6_n10_s100_wikics_arxiv,6b1dd5c3859cc886d64cde0c7ecb8890de634840ab945555bc2408dbb9643e78,719.8377075195312,425.1188154220581,0,458.7377405166626,0,0,0,0
wikics,val,43,43,wikics:val:000043:5164e28991dfba94,1,1443.906374,1443.877197265625,1316.406078,127.207989,0.0,0.0,0.0,0.0,207.16162872314453,152.57456016540527,0,0,0,0,0,0,0,0,0,0,150.37145614624023,8.242208003997803,32.85244798660278,15.695516586303711,nocache_bf16,large_h6_n10_s100_wikics_arxiv,5164e28991dfba940695c47609da38adb72fec7b962b72c3fc11f98b771028d1,667.2015380859375,393.2538242340088,0,426.522274017334,0,0,0,0
wikics,val,44,44,wikics:val:000044:a1e23c83773db96a,1,1497.722143,1497.6922607421875,1370.819885,126.627267,0.0,0.0,0.0,0.0,242.56412887573242,161.70710372924805,0,0,0,0,0,0,0,0,0,0,180.2635841369629,9.59004819393158,34.54623985290527,18.164256691932678,nocache_bf16,large_h6_n10_s100_wikics_arxiv,a1e23c83773db96a01bf838bf188e3dfb7ca66f39a28efe567f992bf99606076,713.202392578125,420.7187852859497,0,454.19071102142334,0,0,0,0
wikics,val,45,45,wikics:val:000045:468961e707127957,1,1586.902021,1586.8726806640625,1476.029997,110.585058,0.0,0.0,0.0,0.0,304.08451080322266,166.8392333984375,0,0,0,0,0,0,0,0,0,0,237.8828468322754,12.29529583454132,35.06060743331909,18.845760703086853,nocache_bf16,large_h6_n10_s100_wikics_arxiv,468961e707127957b260758066a254430361fc6520124ac947aa20ec9ea66115,736.9554443359375,434.7618227005005,0,469.0328550338745,0,0,0,0
wikics,val,46,46,wikics:val:000046:f3cf1d41caa4c2d9,1,1409.14235,1409.1124267578125,1280.795311,128.043676,0.0,0.0,0.0,0.0,186.44742584228516,154.09996795654297,0,0,0,0,0,0,0,0,0,0,132.5570240020752,7.012479901313782,32.106112480163574,14.771809458732605,nocache_bf16,large_h6_n10_s100_wikics_arxiv,f3cf1d41caa4c2d9aee35e66e1b95d288a274a344aed7288a15b83678d0c9b0f,674.8126220703125,397.6365451812744,0,431.27604484558105,0,0,0,0
wikics,val,47,47,wikics:val:000047:bd32e929138a4b77,1,1480.180097,1480.1495361328125,1373.004571,106.865441,0.0,0.0,0.0,0.0,247.23392486572266,163.99193572998047,0,0,0,0,0,0,0,0,0,0,184.8814697265625,9.767040133476257,35.26905584335327,17.316359162330627,nocache_bf16,large_h6_n10_s100_wikics_arxiv,bd32e929138a4b77bc048f77bd95b0ae2df40ec2142b7d96ce1fdf8f013783d6,719.247802734375,424.9234228134155,0,458.31631565093994,0,0,0,0
wikics,val,48,48,wikics:val:000048:6eff2b19b7a04da7,1,1504.798442,1504.7679443359375,1389.706213,114.689615,0.0,0.0,0.0,0.0,182.218656539917,151.04566192626953,0,0,0,0,0,0,0,0,0,0,129.59673690795898,6.770048022270203,31.455711364746094,14.396160244941711,nocache_bf16,large_h6_n10_s100_wikics_arxiv,6eff2b19b7a04da79c3852b11623e45f5e95243bd84be5804a42f68214bedb34,657.18115234375,386.8203182220459,0,421.40649604797363,0,0,0,0
wikics,val,49,49,wikics:val:000049:a710ed9d3274bc0d,1,1514.588322,1514.5576171875,1402.251199,111.888688,0.0,0.0,0.0,0.0,204.20582580566406,163.76425552368164,0,0,0,0,0,0,0,0,0,0,145.14863967895508,7.753440022468567,35.395968437194824,15.907777667045593,nocache_bf16,large_h6_n10_s100_wikics_arxiv,a710ed9d3274bc0d9f0fb0ea4c32ba851c8bbe00839b9daed62e9d43b3352bf2,721.9579467773438,425.5251216888428,0,460.1970806121826,0,0,0,0
wikics,val,50,50,wikics:val:000050:1c058b8728feaf12,1,1467.83086,1467.801025390625,1360.667595,106.8479,0.0,0.0,0.0,0.0,230.95231246948242,159.6230068206787,0,0,0,0,0,0,0,0,0,0,171.04070472717285,9.093024134635925,34.16524791717529,16.653335690498352,nocache_bf16,large_h6_n10_s100_wikics_arxiv,1c058b8728feaf12cbe4ab8e03522106fc37295ec871564e5fc151a2fbb470d5,705.0479125976562,415.6329584121704,0,449.03796100616455,0,0,0,0
wikics,val,51,51,wikics:val:000051:d60eeaca25598834,1,1464.706116,1464.67626953125,1359.121729,105.281884,0.0,0.0,0.0,0.0,230.12000274658203,160.0423984527588,0,0,0,0,0,0,0,0,0,0,170.97727966308594,9.041536092758179,33.77119970321655,16.329987287521362,nocache_bf16,large_h6_n10_s100_wikics_arxiv,d60eeaca25598834706edcb52ebc7531cf2e17cfda9b41db2d8027815a0c0c09,706.209716796875,415.9317741394043,0,450.3203411102295,0,0,0,0
wikics,val,52,52,wikics:val:000052:9d402c29e66ea4c0,1,1413.698375,1413.6683349609375,1275.550543,137.845851,0.0,0.0,0.0,0.0,192.32841873168945,152.97216033935547,0,0,0,0,0,0,0,0,0,0,136.69705772399902,7.385343909263611,32.691904067993164,15.554113030433655,nocache_bf16,large_h6_n10_s100_wikics_arxiv,9d402c29e66ea4c0512dc9a25029ae2df086560fbc652776c688794053e56213,660.8464965820312,389.69887828826904,0,424.1197786331177,0,0,0,0
wikics,val,53,53,wikics:val:000053:ed2693d240246643,1,1549.503349,1549.47216796875,1442.783102,106.389922,0.0,0.0,0.0,0.0,303.0998725891113,159.44278526306152,0,0,0,0,0,0,0,0,0,0,235.83603286743164,12.232448101043701,33.41423940658569,21.617152214050293,nocache_bf16,large_h6_n10_s100_wikics_arxiv,ed2693d240246643addf6808c0115c2eed9d294dd989ee0fdb3375681b9cf25d,703.9853515625,414.888032913208,0,448.5401039123535,0,0,0,0
wikics,val,54,54,wikics:val:000054:a8e2f7ed77837d4b,1,1559.45809,1559.4281005859375,1436.621274,122.522465,0.0,0.0,0.0,0.0,309.17404556274414,161.2871036529541,0,0,0,0,0,0,0,0,0,0,243.92060470581055,12.586751937866211,33.49724769592285,19.16944122314453,nocache_bf16,large_h6_n10_s100_wikics_arxiv,a8e2f7ed77837d4b652e18f0316c93d7e0ed16853eb7f80344c9fee1ffa7073d,714.5127563476562,422.25404930114746,0,453.5458106994629,0,0,0,0
wikics,val,55,55,wikics:val:000055:3c1e3f2074abd3c8,1,1523.249049,1523.219482421875,1411.723157,111.226525,0.0,0.0,0.0,0.0,206.8250846862793,165.43123054504395,0,0,0,0,0,0,0,0,0,0,146.72000122070312,7.759711980819702,35.92803192138672,16.41733956336975,nocache_bf16,large_h6_n10_s100_wikics_arxiv,3c1e3f2074abd3c877291529fd1f3d17d7985de2b8671dbb87cc71e5b84081c3,723.9188232421875,426.97062397003174,0,462.3794298171997,0,0,0,0
wikics,val,56,56,wikics:val:000056:efcb08cf59d1e854,1,1283.665573,1283.63671875,1172.294766,111.045405,0.0,0.0,0.0,0.0,202.10739517211914,135.38761711120605,0,0,0,0,0,0,0,0,0,0,151.15040016174316,8.05731189250946,28.732831954956055,14.166851162910461,nocache_bf16,large_h6_n10_s100_wikics_arxiv,efcb08cf59d1e85484c1341b5bc27bdb0c54c55af7ed792f8233e590836e90af,596.9531860351562,352.1119680404663,0,380.228835105896,0,0,0,0
wikics,val,57,57,wikics:val:000057:a3c7f395d320220a,1,1522.667774,1522.6368408203125,1411.974294,110.405777,0.0,0.0,0.0,0.0,209.2320671081543,165.28777885437012,0,0,0,0,0,0,0,0,0,0,149.69532775878906,7.836287975311279,35.5664963722229,16.133955001831055,nocache_bf16,large_h6_n10_s100_wikics_arxiv,a3c7f395d320220a49b18c10c43aaaf35b12e9f9b3cb44a936cd1bb76ea87e41,723.7514038085938,426.5667848587036,0,462.47239780426025,0,0,0,0
wikics,val,58,58,wikics:val:000058:8074f83a06f99a82,1,1479.283056,1479.2532958984375,1357.477289,121.516637,0.0,0.0,0.0,0.0,220.71324920654297,158.3473606109619,0,0,0,0,0,0,0,0,0,0,162.18115043640137,8.619808077812195,33.79472017288208,16.117570519447327,nocache_bf16,large_h6_n10_s100_wikics_arxiv,8074f83a06f99a823ad68d64ea27ab58e9d24ea96ba8e9704f5e2377f3caced5,696.1320190429688,410.0377950668335,0,444.44158458709717,0,0,0,0
wikics,val,59,59,wikics:val:000059:21f4f0d64380bdda,1,1629.560623,1629.5294189453125,1502.185652,127.01497,0.0,0.0,0.0,0.0,246.7814064025879,163.78345489501953,0,0,0,0,0,0,0,0,0,0,184.41331100463867,9.75708794593811,35.39247941970825,17.218528032302856,nocache_bf16,large_h6_n10_s100_wikics_arxiv,21f4f0d64380bdda046d4cc1db9002aca0956e7f0f93cad73d32b7c41fab9a1f,725.2877197265625,427.6898260116577,0,461.3813486099243,0,0,0,0
wikics,val,60,60,wikics:val:000060:9dd18ea1fcd0219b,1,1513.882459,1513.8507080078125,1403.072652,110.505779,0.0,0.0,0.0,0.0,219.376220703125,168.16352081298828,0,0,0,0,0,0,0,0,0,0,158.4028491973877,8.383615970611572,36.04086399078369,16.54889154434204,nocache_bf16,large_h6_n10_s100_wikics_arxiv,9dd18ea1fcd0219b60d99cd4a59d6991950025d43145db4f4bb3fd8b8b79fa86,742.42822265625,437.0324468612671,0,473.5592966079712,0,0,0,0
wikics,val,61,61,wikics:val:000061:59ffc0873b2736bd,1,1560.523499,1560.4920654296875,1437.02695,123.198821,0.0,0.0,0.0,0.0,227.76038360595703,162.98720169067383,0,0,0,0,0,0,0,0,0,0,167.72377586364746,8.870880007743835,34.4805121421814,16.68521559238434,nocache_bf16,large_h6_n10_s100_wikics_arxiv,59ffc0873b2736bd1131d5f3759451a37bcf18ecedae90549af313f517e26f4f,712.7853393554688,420.3720302581787,0,455.40051078796387,0,0,0,0
wikics,val,62,62,wikics:val:000062:cd046bf69ef46f20,1,1490.216481,1490.1849365234375,1384.1191,105.780383,0.0,0.0,0.0,0.0,251.05170440673828,161.8640651702881,0,0,0,0,0,0,0,0,0,0,189.29587173461914,10.08729600906372,34.260639667510986,17.407896995544434,nocache_bf16,large_h6_n10_s100_wikics_arxiv,cd046bf69ef46f204090fdd4878f751b1f18829050a54ec040957e600ad3cc68,714.2340087890625,421.2387866973877,0,454.8592872619629,0,0,0,0
wikics,val,63,63,wikics:val:000063:fdccf80ac6d5ed10,1,1548.00228,1547.9697265625,1440.593016,107.112704,0.0,0.0,0.0,0.0,275.97590255737305,163.14012718200684,0,0,0,0,0,0,0,0,0,0,211.9449005126953,11.244735956192017,34.88179159164429,17.90447449684143,nocache_bf16,large_h6_n10_s100_wikics_arxiv,fdccf80ac6d5ed1031f1caf4ad0b8707e4063633f670534cc7316f4a63d581b6,724.7628784179688,427.3920660018921,0,460.5109395980835,0,0,0,0
wikics,val,64,64,wikics:val:000064:c21d83b7a925b1f1,1,1464.57768,1464.5465087890625,1358.932639,105.338604,0.0,0.0,0.0,0.0,222.22729873657227,150.5752944946289,0,0,0,0,0,0,0,0,0,0,166.9265594482422,8.766111969947815,31.12342405319214,15.411203265190125,nocache_bf16,large_h6_n10_s100_wikics_arxiv,c21d83b7a925b1f1e3bf58aa888458f37c3c7959cc0860b33d5364e471f3be69,662.4435424804688,389.5584936141968,0,423.4603433609009,0,0,0,0
wikics,val,65,65,wikics:val:000065:8018dabccc7a098b,1,1514.977798,1514.9454345703125,1403.822791,110.859291,0.0,0.0,0.0,0.0,242.14082717895508,164.76553535461426,0,0,0,0,0,0,0,0,0,0,180.07504272460938,9.531903982162476,35.28441667556763,17.2494637966156,nocache_bf16,large_h6_n10_s100_wikics_arxiv,8018dabccc7a098b9082792cb6fdae67c3e451b13db77164ff6d6cbbfdbd5771,724.2620239257812,426.69485092163086,0,462.33270835876465,0,0,0,0
wikics,val,66,66,wikics:val:000066:70258368f4491f0c,1,1209.940723,1209.910400390625,1079.124988,130.528551,0.0,0.0,0.0,0.0,147.79977798461914,134.06403160095215,0,0,0,0,0,0,0,0,0,0,102.7472972869873,5.3584319949150085,27.36947202682495,12.324576675891876,nocache_bf16,large_h6_n10_s100_wikics_arxiv,70258368f4491f0c1f933e937a47280efcd886e3740f7d5b30af914ae2f65ae3,591.8765869140625,348.32444858551025,0,377.6161699295044,0,0,0,0
wikics,val,67,67,wikics:val:000067:7139754de7086e77,1,1346.82522,1346.7950439453125,1224.035633,122.507913,0.0,0.0,0.0,0.0,190.86335945129395,154.08345794677734,0,0,0,0,0,0,0,0,0,0,136.2516803741455,7.219583988189697,32.38700819015503,15.005086898803711,nocache_bf16,large_h6_n10_s100_wikics_arxiv,7139754de7086e7765da5a2bc4d08a7109fb268c05df038a524b37555f626219,673.5411376953125,395.66649532318115,0,431.9581003189087,0,0,0,0
wikics,val,68,68,wikics:val:000068:d09d5c84fefc31fa,1,1498.837354,1498.80615234375,1372.745294,125.806849,0.0,0.0,0.0,0.0,243.71161270141602,161.28303909301758,0,0,0,0,0,0,0,0,0,0,182.7872314453125,9.616096019744873,34.36313581466675,16.945149421691895,nocache_bf16,large_h6_n10_s100_wikics_arxiv,d09d5c84fefc31faa39227124c4a8196cf807ad304e4c22c39827c1e72c189a7,716.2224731445312,422.33084869384766,0,455.1746635437012,0,0,0,0
wikics,val,69,69,wikics:val:000069:da8713a1886318f3,1,1630.93849,1630.9066162109375,1519.648438,110.981644,0.0,0.0,0.0,0.0,370.8976631164551,161.99907302856445,0,0,0,0,0,0,0,0,0,0,301.06400299072266,15.689343929290771,33.85318374633789,20.29113245010376,nocache_bf16,large_h6_n10_s100_wikics_arxiv,da8713a1886318f35bebbc1f6a260d9043f0f17461ca5357ede1eebbf97c39b9,726.3241577148438,429.9980182647705,0,458.3252124786377,0,0,0,0
wikics,val,70,70,wikics:val:000070:c07c01ab1d837bee,1,1493.046764,1493.0162353515625,1382.246384,110.528973,0.0,0.0,0.0,0.0,223.55730819702148,163.28774642944336,0,0,0,0,0,0,0,0,0,0,163.25647926330566,8.698047876358032,34.846272468566895,16.756508588790894,nocache_bf16,large_h6_n10_s100_wikics_arxiv,c07c01ab1d837bee495fe549fb059614c21012d28950d436a260cad0b20e355e,716.2108764648438,422.49462509155273,0,457.0039978027344,0,0,0,0
wikics,val,71,71,wikics:val:000071:a33e3d4cce48fcc3,1,1469.098021,1469.0673828125,1363.03781,105.77874,0.0,0.0,0.0,0.0,233.45164489746094,160.44819259643555,0,0,0,0,0,0,0,0,0,0,173.06396675109863,9.181887865066528,34.467552185058594,16.738238096237183,nocache_bf16,large_h6_n10_s100_wikics_arxiv,a33e3d4cce48fcc3980549bc7f9e0f293f769fa36ec601986da634453cff0f01,708.0869750976562,416.75926303863525,0,451.77590465545654,0,0,0,0
wikics,val,72,72,wikics:val:000072:f1151d716149ae48,1,1633.978733,1633.9462890625,1528.555789,105.108454,0.0,0.0,0.0,0.0,320.2550048828125,162.38198471069336,0,0,0,0,0,0,0,0,0,0,252.89971542358398,13.459744215011597,33.98473644256592,19.910808801651,nocache_bf16,large_h6_n10_s100_wikics_arxiv,f1151d716149ae48dbc85a7874ec59788c1e359220abb0af2364121fabe8da24,725.4798583984375,428.7742738723755,0,459.08756923675537,0,0,0,0
wikics,val,73,73,wikics:val:000073:4b3154d00ed508a1,1,1567.981069,1567.9503173828125,1456.400428,111.292265,0.0,0.0,0.0,0.0,256.8149757385254,163.88323211669922,0,0,0,0,0,0,0,0,0,0,194.1582431793213,10.261248111724854,34.975711822509766,17.419772624969482,nocache_bf16,large_h6_n10_s100_wikics_arxiv,4b3154d00ed508a163face2906b779bc860da600f6b41d6bca03a69eddd4dac0,725.429931640625,427.8839359283447,0,461.4292278289795,0,0,0,0
wikics,val,74,74,wikics:val:000074:63d8027fe96dbd40,1,1497.403568,1497.372314453125,1390.69484,106.376478,0.0,0.0,0.0,0.0,221.71507263183594,162.3487377166748,0,0,0,0,0,0,0,0,0,0,162.60592079162598,8.622016072273254,34.23680019378662,16.250335574150085,nocache_bf16,large_h6_n10_s100_wikics_arxiv,63d8027fe96dbd400c3253b6fea3dff229a9d059b23d14f1f2fd66ad5dc976a6,716.7411499023438,422.848895072937,0,456.24099254608154,0,0,0,0
wikics,val,75,75,wikics:val:000075:205fb8181f3470fd,1,1387.50998,1387.4794921875,1276.422698,110.808648,0.0,0.0,0.0,0.0,206.7891845703125,151.21945762634277,0,0,0,0,0,0,0,0,0,0,151.48028755187988,7.941408038139343,31.984575748443604,15.38291323184967,nocache_bf16,large_h6_n10_s100_wikics_arxiv,205fb8181f3470fdbd1270150f71b5fca1cc9f81c402b312d394c3d904a0d37f,662.7432861328125,390.12665367126465,0,423.8360900878906,0,0,0,0
wikics,val,76,76,wikics:val:000076:ddb2213b21b70ae0,1,1492.13967,1492.1094970703125,1386.893662,104.960802,0.0,0.0,0.0,0.0,259.79938888549805,168.12307167053223,0,0,0,0,0,0,0,0,0,0,196.3371524810791,10.405887961387634,35.35324811935425,17.703100323677063,nocache_bf16,large_h6_n10_s100_wikics_arxiv,ddb2213b21b70ae0608c1c092117830fd7e17b1a716dacdda024759397179a65,744.2738647460938,439.5780830383301,0,472.8188533782959,0,0,0,0
wikics,val,77,77,wikics:val:000077:f1913089890132b9,1,1416.386883,1416.3553466796875,1289.148978,126.892423,0.0,0.0,0.0,0.0,192.8672332763672,156.65657806396484,0,0,0,0,0,0,0,0,0,0,137.40179061889648,7.0973440408706665,33.08137559890747,15.286723017692566,nocache_bf16,large_h6_n10_s100_wikics_arxiv,f1913089890132b93fdaffc173538a9f3a7d21ccce41a3e9e4c9795128d4bd45,680.1430053710938,400.9095697402954,0,435.8900136947632,0,0,0,0
wikics,val,78,78,wikics:val:000078:0761a00cafcc55ff,1,1474.626222,1474.5963134765625,1362.868677,111.377253,0.0,0.0,0.0,0.0,259.367488861084,154.2505283355713,0,0,0,0,0,0,0,0,0,0,199.57577323913574,10.73801600933075,31.912158966064453,17.14154064655304,nocache_bf16,large_h6_n10_s100_wikics_arxiv,0761a00cafcc55ff9fe63e26139f58aec60e88d6395fc46a23de2ad601161439,680.7037353515625,401.9300765991211,0,433.0241870880127,0,0,0,0
wikics,val,79,79,wikics:val:000079:2fe77eb4bcc2fb53,1,1473.828776,1473.7987060546875,1366.534596,107.002817,0.0,0.0,0.0,0.0,255.4865608215332,161.361665725708,0,0,0,0,0,0,0,0,0,0,193.19302368164062,10.33516800403595,34.521504402160645,17.436864733695984,nocache_bf16,large_h6_n10_s100_wikics_arxiv,2fe77eb4bcc2fb53c2211e341bc094a3a30350f3b9232464ae3b32fe2ec8eddd,708.2442016601562,417.25824069976807,0,452.3476266860962,0,0,0,0
wikics,val,80,80,wikics:val:000080:78e4b73fcf74884b,1,1470.202209,1470.1724853515625,1363.255843,106.668022,0.0,0.0,0.0,0.0,233.31856155395508,160.78879737854004,0,0,0,0,0,0,0,0,0,0,172.3619842529297,9.230976104736328,34.920127868652344,16.80547332763672,nocache_bf16,large_h6_n10_s100_wikics_arxiv,78e4b73fcf74884bd0f9d8224587705bf2a860666e91c84c032b4c3d0586467b,707.7399291992188,416.3509750366211,0,452.1777515411377,0,0,0,0
wikics,val,81,81,wikics:val:000081:20ce9780b00f15b5,1,1491.603825,1491.5740966796875,1386.250737,105.086061,0.0,0.0,0.0,0.0,252.81475067138672,161.77027320861816,0,0,0,0,0,0,0,0,0,0,191.02911949157715,10.059391975402832,34.398239612579346,17.327999591827393,nocache_bf16,large_h6_n10_s100_wikics_arxiv,20ce9780b00f15b52811a677413a49886c9d562891b0f085e645f3da627331e0,716.297607421875,422.44329929351807,0,455.6245813369751,0,0,0,0
wikics,val,82,82,wikics:val:000082:15505e4df399c749,1,1468.030839,1468.001220703125,1361.626579,106.136993,0.0,0.0,0.0,0.0,259.19376373291016,153.7120304107666,0,0,0,0,0,0,0,0,0,0,199.53021049499512,10.601631999015808,32.27232027053833,16.7896009683609,nocache_bf16,large_h6_n10_s100_wikics_arxiv,15505e4df399c7492f629e9c7965cca92311ad45c4e2d4f2a65ee42f5ca8ba25,680.2633056640625,401.8555202484131,0,432.119815826416,0,0,0,0
wikics,val,83,83,wikics:val:000083:a7ba3d44aa7499fe,1,1327.048847,1327.01904296875,1218.966486,107.825408,0.0,0.0,0.0,0.0,159.6901741027832,148.2568645477295,0,0,0,0,0,0,0,0,0,0,109.33843040466309,5.656032085418701,31.191359996795654,13.504351615905762,nocache_bf16,large_h6_n10_s100_wikics_arxiv,a7ba3d44aa7499fee1445d9215d7a72b29cbdb6a49ba0da38d84ee982ee40490,647.15869140625,379.8161926269531,0,415.59936332702637,0,0,0,0
wikics,val,84,84,wikics:val:000084:35732c8658931b86,1,1471.832975,1471.8021240234375,1366.578934,104.988803,0.0,0.0,0.0,0.0,260.9363212585449,154.74614334106445,0,0,0,0,0,0,0,0,0,0,200.7215690612793,10.78598403930664,32.003551959991455,17.42521619796753,nocache_bf16,large_h6_n10_s100_wikics_arxiv,35732c8658931b8612504cc455b6580ea44423ed7f94899d50f3c900f855d03c,682.6092529296875,402.7402877807617,0,434.61510848999023,0,0,0,0
wikics,val,85,85,wikics:val:000085:39693add84393c3e,1,1383.150328,1383.12060546875,1276.909133,105.978246,0.0,0.0,0.0,0.0,209.00064086914062,152.5166721343994,0,0,0,0,0,0,0,0,0,0,151.59171295166016,8.208160042762756,33.11686420440674,16.083903670310974,nocache_bf16,large_h6_n10_s100_wikics_arxiv,39693add84393c3e86597303a982f69e8c2c131c841d86b3540fc8836693ee22,665.2782592773438,391.86281871795654,0,425.9321126937866,0,0,0,0
wikics,val,86,86,wikics:val:000086:6154d20de82ca154,1,1408.026477,1407.99658203125,1284.700461,123.04471,0.0,0.0,0.0,0.0,191.27135848999023,156.29145431518555,0,0,0,0,0,0,0,0,0,0,136.11347198486328,7.041599869728088,32.971935749053955,15.14435088634491,nocache_bf16,large_h6_n10_s100_wikics_arxiv,6154d20de82ca154d31dc1757ffb5df0b6b9fab72293c3c0850611659ced11c3,677.6292724609375,400.28108978271484,0,433.6396369934082,0,0,0,0
wikics,val,87,87,wikics:val:000087:2d8e1c91732f7fc9,1,1497.521081,1497.4908447265625,1375.824933,121.428059,0.0,0.0,0.0,0.0,220.6124496459961,161.66140937805176,0,0,0,0,0,0,0,0,0,0,160.57513427734375,8.4830721616745,34.9553599357605,16.598883271217346,nocache_bf16,large_h6_n10_s100_wikics_arxiv,2d8e1c91732f7fc9dc9d186a2ca2f383b734021eb501adc5b8e0ed0ef87a507d,710.229736328125,417.31814193725586,0,454.5730037689209,0,0,0,0
wikics,val,88,88,wikics:val:000088:edf1f65b0215397f,1,1565.534287,1565.50390625,1454.884681,110.299914,0.0,0.0,0.0,0.0,259.3675842285156,164.29587173461914,0,0,0,0,0,0,0,0,0,0,196.2666835784912,10.356768012046814,35.25750398635864,17.486628651618958,nocache_bf16,large_h6_n10_s100_wikics_arxiv,edf1f65b0215397f7db64f2b0af499b296dd7db24bda5492ace4393562a0e0a3,724.17236328125,427.7472343444824,0,460.7210006713867,0,0,0,0
wikics,val,89,89,wikics:val:000089:cc473da6146fe84a,1,1512.611891,1512.580322265625,1407.354628,104.972494,0.0,0.0,0.0,0.0,260.2197074890137,159.1261444091797,0,0,0,0,0,0,0,0,0,0,197.94243240356445,10.670399904251099,33.95132780075073,17.655547380447388,nocache_bf16,large_h6_n10_s100_wikics_arxiv,cc473da6146fe84a261cfc81f796542bafb0eacffffc7c8a2c614f0834c25fc7,700.7444458007812,412.93644523620605,0,446.9341449737549,0,0,0,0
wikics,val,90,90,wikics:val:000090:04f10178109bc189,1,1590.424942,1590.3935546875,1468.326306,121.831722,0.0,0.0,0.0,0.0,258.68614959716797,164.54345512390137,0,0,0,0,0,0,0,0,0,0,195.20268630981445,10.318688035011292,35.427072048187256,17.73770320415497,nocache_bf16,large_h6_n10_s100_wikics_arxiv,04f10178109bc18987c0d161e505acc91bd5670d8f9419c8668ecccb3d4a4fea,729.6677856445312,429.6975679397583,0,464.5136728286743,0,0,0,0
wikics,val,91,91,wikics:val:000091:6005ecd7d5ac622d,1,1331.302696,1331.2724609375,1220.04979,110.999083,0.0,0.0,0.0,0.0,187.91743850708008,145.45993614196777,0,0,0,0,0,0,0,0,0,0,136.37548828125,7.224032163619995,30.195903778076172,14.122014284133911,nocache_bf16,large_h6_n10_s100_wikics_arxiv,6005ecd7d5ac622de1a177d20f147dd9d8a3627c61c0d028b05dbd49891ee46f,636.6361694335938,375.251935005188,0,406.84417057037354,0,0,0,0
wikics,val,92,92,wikics:val:000092:73a973d4261a61c9,1,1543.11462,1543.0828857421875,1420.506689,122.345986,0.0,0.0,0.0,0.0,304.5426559448242,161.70742416381836,0,0,0,0,0,0,0,0,0,0,239.66896057128906,12.43715214729309,33.48537635803223,18.95116686820984,nocache_bf16,large_h6_n10_s100_wikics_arxiv,73a973d4261a61c9ab186d29b44931ed7c5bff0e00c5110bc7a221fbb62df03c,719.3031616210938,425.233699798584,0,455.7768859863281,0,0,0,0
wikics,val,93,93,wikics:val:000093:d724956d62b3a7fc,1,1557.476971,1557.4461669921875,1436.071749,121.132027,0.0,0.0,0.0,0.0,320.17030334472656,162.37421035766602,0,0,0,0,0,0,0,0,0,0,254.1723518371582,12.855007886886597,33.99295997619629,19.149983644485474,nocache_bf16,large_h6_n10_s100_wikics_arxiv,d724956d62b3a7fcacd941394e399a7d05dc8293c6783e71baa7f6861404e482,719.6124877929688,424.72143936157227,0,457.2652587890625,0,0,0,0
wikics,val,94,94,wikics:val:000094:3184012ce3fd116b,1,1561.950798,1561.9197998046875,1435.252423,126.433406,0.0,0.0,0.0,0.0,318.2296600341797,162.88665390014648,0,0,0,0,0,0,0,0,0,0,251.95542526245117,12.843423843383789,34.11900806427002,19.311802864074707,nocache_bf16,large_h6_n10_s100_wikics_arxiv,3184012ce3fd116b5a1c75421824747786bb2b0fd93fb15f6e13f67525491820,717.5782470703125,423.6263027191162,0,456.8385982513428,0,0,0,0
wikics,val,95,95,wikics:val:000095:5896bd7e52cfe097,1,1593.993093,1593.961669921875,1472.348668,121.375179,0.0,0.0,0.0,0.0,309.63634872436523,163.92582511901855,0,0,0,0,0,0,0,0,0,0,242.98704147338867,12.714368104934692,34.25286388397217,19.682075262069702,nocache_bf16,large_h6_n10_s100_wikics_arxiv,5896bd7e52cfe097327cd8ed639653674c955ddf369bc55d1960b629703e361e,729.7545166015625,431.2137269973755,0,462.46661472320557,0,0,0,0
wikics,val,96,96,wikics:val:000096:e0d75fdd10f22e74,1,1314.688209,1314.658447265625,1203.056967,111.365158,0.0,0.0,0.0,0.0,209.36098861694336,145.00873565673828,0,0,0,0,0,0,0,0,0,0,156.1066551208496,8.209759950637817,30.079424381256104,14.965149164199829,nocache_bf16,large_h6_n10_s100_wikics_arxiv,e0d75fdd10f22e74abcf3b05065d2374d4d1eeea4d96c2ce62fec18e8e1931fd,644.19580078125,376.8793935775757,0,412.3251428604126,0,0,0,0
wikics,val,97,97,wikics:val:000097:4ecd8b7732146f0e,1,1574.863903,1574.832763671875,1467.18053,107.395929,0.0,0.0,0.0,0.0,215.7200927734375,159.5058879852295,0,0,0,0,0,0,0,0,0,0,156.99558448791504,8.282624006271362,34.19657611846924,16.24530816078186,nocache_bf16,large_h6_n10_s100_wikics_arxiv,4ecd8b7732146f0ead756c272e471e92c7481de63dcac7feb1ad635935de08c1,702.9713745117188,414.35148525238037,0,448.12577724456787,0,0,0,0
wikics,val,98,98,wikics:val:000098:255280efcfde1df9,1,1492.886001,1492.8544921875,1382.570332,110.03925,0.0,0.0,0.0,0.0,256.60572814941406,158.21692848205566,0,0,0,0,0,0,0,0,0,0,195.97683334350586,10.302496075630188,33.41468811035156,16.911710619926453,nocache_bf16,large_h6_n10_s100_wikics_arxiv,255280efcfde1df920001e1b4a297d5150dfa6e921b32d68249ba5b73836e939,699.2467651367188,412.8750419616699,0,444.5886516571045,0,0,0,0
wikics,val,99,99,wikics:val:000099:d4fd256fb5152e8f,1,1538.971991,1538.9407958984375,1428.033329,110.640014,0.0,0.0,0.0,0.0,222.6038360595703,166.68086433410645,0,0,0,0,0,0,0,0,0,0,162.3634910583496,8.386272192001343,35.30553579330444,16.548537015914917,nocache_bf16,large_h6_n10_s100_wikics_arxiv,d4fd256fb5152e8f5140b8ef9594c080c5b38ea41b17aceb83bda8b99e776f76,731.8380126953125,430.98214530944824,0,467.5367317199707,0,0,0,0
wikics,test,100,0,wikics:test:000000:b39e9f309eb7b7ab,1,1479.999623,1479.9324951171875,1369.261077,110.224118,0.0,0.0,0.0,0.0,242.3038673400879,154.1506862640381,0,0,0,0,0,0,0,0,0,0,183.91705703735352,9.756800055503845,32.0513277053833,16.57868254184723,nocache_bf16,large_h6_n10_s100_wikics_arxiv,b39e9f309eb7b7abbfb6ef032cc0f27946bd2af7f6ca83076ea40eb13bf61862,685.7459716796875,400.31392192840576,0,439.5827360153198,0,0,0,0
wikics,test,101,1,wikics:test:000001:114baa3a3e60d438,1,1546.409352,1546.3778076171875,1441.060983,105.065053,0.0,0.0,0.0,0.0,272.2284164428711,162.09468841552734,0,0,0,0,0,0,0,0,0,0,209.4424285888672,11.095456004142761,33.89814376831055,17.792388081550598,nocache_bf16,large_h6_n10_s100_wikics_arxiv,114baa3a3e60d43877ff9471825f00544b60fc4b458c41f176d3a2b17a3e68ec,716.6762084960938,423.0844144821167,0,455.6864824295044,0,0,0,0
wikics,test,102,2,wikics:test:000002:5b151751c4684bba,1,1429.52059,1429.4906005859375,1322.38,106.872799,0.0,0.0,0.0,0.0,214.7301139831543,161.6156177520752,0,0,0,0,0,0,0,0,0,0,155.58291244506836,8.152127981185913,34.88425636291504,16.110817193984985,nocache_bf16,large_h6_n10_s100_wikics_arxiv,5b151751c4684bba603799d005ae26aae4aacdec132f6ce0e7224bc86c03f917,710.4807739257812,417.6535701751709,0,454.44282150268555,0,0,0,0
wikics,test,103,3,wikics:test:000003:122e1f58b400bded,1,1402.418992,1402.3887939453125,1290.546199,111.618044,0.0,0.0,0.0,0.0,216.66476821899414,150.1633586883545,0,0,0,0,0,0,0,0,0,0,161.6671028137207,8.703807950019836,31.078752040863037,15.215105414390564,nocache_bf16,large_h6_n10_s100_wikics_arxiv,122e1f58b400bdeddb1f6c0405804f1582b84056ad4f8eec0c0c0b813cd6b9d1,661.1220703125,389.47187328338623,0,421.81355571746826,0,0,0,0
wikics,test,104,4,wikics:test:000004:c438a01544bd1b9c,1,1574.751461,1574.7213134765625,1468.49078,105.976529,0.0,0.0,0.0,0.0,298.96921157836914,161.32441520690918,0,0,0,0,0,0,0,0,0,0,237.91839599609375,10.858783960342407,33.19823980331421,16.993791818618774,nocache_bf16,large_h6_n10_s100_wikics_arxiv,c438a01544bd1b9cc5f15f45a32edd97056d0be72872e2ce33fee2f6660df03c,719.0152587890625,425.27673721313477,0,455.0629367828369,0,0,0,0
wikics,test,105,5,wikics:test:000005:b256e9b37f8f8b31,1,1420.996994,1420.966552734375,1279.015333,141.718873,0.0,0.0,0.0,0.0,206.1558723449707,146.73148918151855,0,0,0,0,0,0,0,0,0,0,151.4546241760254,8.265599846839905,31.452223777770996,14.983424544334412,nocache_bf16,large_h6_n10_s100_wikics_arxiv,b256e9b37f8f8b317821e74669f3f8f611b5cf3505734f75329e0e0252627528,644.7994384765625,377.86566162109375,0,413.6652660369873,0,0,0,0
wikics,test,106,6,wikics:test:000006:19b231ef2406ed8c,1,1428.32891,1428.298095703125,1300.448048,127.599637,0.0,0.0,0.0,0.0,224.0423698425293,151.30342483520508,0,0,0,0,0,0,0,0,0,0,167.4343376159668,9.00771188735962,31.75052785873413,15.84979248046875,nocache_bf16,large_h6_n10_s100_wikics_arxiv,19b231ef2406ed8c583458561709494bbc1d7dae0c38f2245ae028dc2ffe7fa7,662.1808471679688,389.94739055633545,0,423.5368814468384,0,0,0,0
wikics,test,107,7,wikics:test:000007:c8e944e20f3aef4c,1,1470.960047,1470.928955078125,1348.825141,121.860182,0.0,0.0,0.0,0.0,229.68095779418945,155.47699165344238,0,0,0,0,0,0,0,0,0,0,171.59679794311523,9.152224063873291,32.711040019989014,16.220895767211914,nocache_bf16,large_h6_n10_s100_wikics_arxiv,c8e944e20f3aef4cfb52bf00e40496a22f24a1730839bd0d16e6d5fc47d43319,680.0217895507812,400.89686489105225,0,434.6019163131714,0,0,0,0
wikics,test,108,8,wikics:test:000008:80f4d51321480518,1,1556.125787,1556.0947265625,1446.218525,109.640676,0.0,0.0,0.0,0.0,313.35906982421875,160.45843315124512,0,0,0,0,0,0,0,0,0,0,247.72198104858398,13.099040031433105,33.176703453063965,19.361345291137695,nocache_bf16,large_h6_n10_s100_wikics_arxiv,80f4d513214805184fc45f848c55366ad73f2d780b9e9fa1d3760718f24fe44f,719.1109619140625,424.4106550216675,0,455.15874004364014,0,0,0,0
wikics,test,109,9,wikics:test:000009:7fd456811cef22b6,1,1575.725258,1575.6943359375,1470.550461,104.910709,0.0,0.0,0.0,0.0,260.3122863769531,162.275297164917,0,0,0,0,0,0,0,0,0,0,198.05475616455078,10.52508807182312,34.212767601013184,17.51967453956604,nocache_bf16,large_h6_n10_s100_wikics_arxiv,7fd456811cef22b63a623796ffc6b064d8dc50e1731aaf1160cff91619785d8c,716.80029296875,423.5943326950073,0,455.48125743865967,0,0,0,0
wikics,test,110,10,wikics:test:000010:3bcd951b5cb81ae3,1,1535.69437,1535.664306640625,1425.244569,110.186172,0.0,0.0,0.0,0.0,234.72918319702148,168.87097549438477,0,0,0,0,0,0,0,0,0,0,172.53817558288574,9.095327854156494,35.93564748764038,17.160032272338867,nocache_bf16,large_h6_n10_s100_wikics_arxiv,3bcd951b5cb81ae38ac9208e0fdf47eb902372cd8bdef981aa9f248046da9215,745.0819091796875,440.0950708389282,0,473.85781383514404,0,0,0,0
wikics,test,111,11,wikics:test:000011:926e4c10c89dc024,1,1465.340958,1465.3111572265625,1337.480528,127.600987,0.0,0.0,0.0,0.0,238.81151962280273,153.02828979492188,0,0,0,0,0,0,0,0,0,0,180.39004516601562,9.625952005386353,32.33075141906738,16.464771032333374,nocache_bf16,large_h6_n10_s100_wikics_arxiv,926e4c10c89dc02467e14a1cc74f902f663f97c9be62c39a2c5a637785f62540,675.7018432617188,397.7274217605591,0,431.00271129608154,0,0,0,0
wikics,test,112,12,wikics:test:000012:948f281fa8e149ed,1,1269.803572,1269.7738037109375,1140.274739,129.264075,0.0,0.0,0.0,0.0,169.5200309753418,140.64828872680664,0,0,0,0,0,0,0,0,0,0,120.01503944396973,6.279584169387817,29.5632643699646,13.662142992019653,nocache_bf16,large_h6_n10_s100_wikics_arxiv,948f281fa8e149ed9febadd04e2e85b6e036139c74d1b69c8fe17fa0526eea7b,616.6543579101562,364.48365020751953,0,392.81899642944336,0,0,0,0
wikics,test,113,13,wikics:test:000013:872bb9df273ad109,1,1488.547248,1488.5166015625,1381.56032,106.727289,0.0,0.0,0.0,0.0,290.7134704589844,162.0313606262207,0,0,0,0,0,0,0,0,0,0,226.92911911010742,12.026015996932983,33.52393627166748,18.23439908027649,nocache_bf16,large_h6_n10_s100_wikics_arxiv,872bb9df273ad1091abe85ef20ec42adedd38c5e9536cb98d6587aade4d6f979,720.2144775390625,425.0695686340332,0,457.17626953125,0,0,0,0
wikics,test,114,14,wikics:test:000014:557ddebe91684e6e,1,1352.989285,1352.959228515625,1223.996539,128.684996,0.0,0.0,0.0,0.0,235.74697875976562,144.46105575561523,0,0,0,0,0,0,0,0,0,0,180.43462562561035,9.73855984210968,29.901344299316406,15.672448992729187,nocache_bf16,large_h6_n10_s100_wikics_arxiv,557ddebe91684e6e1d7adc8d5728380c715b186f05cc9e5b854bd8f140a2f512,628.0497436523438,370.9565134048462,0,401.5542860031128,0,0,0,0
wikics,test,115,15,wikics:test:000015:32677b4eee65e40a,1,1110.910014,1110.8802490234375,999.290283,111.343163,0.0,0.0,0.0,0.0,127.59791946411133,122.21641540527344,0,0,0,0,0,0,0,0,0,0,86.87552070617676,4.4921600222587585,25.242303371429443,10.987935364246368,nocache_bf16,large_h6_n10_s100_wikics_arxiv,32677b4eee65e40ae6a165981814df6d211d2bbf09bed9be523649a4f29c7126,530.4677734375,314.3094730377197,0,338.3747158050537,0,0,0,0
wikics,test,116,16,wikics:test:000016:c0475eb283dbd143,1,1337.190165,1337.1595458984375,1223.079141,113.834774,0.0,0.0,0.0,0.0,185.97311973571777,148.3884162902832,0,0,0,0,0,0,0,0,0,0,133.06000137329102,6.868575930595398,31.445184230804443,14.599358201026917,nocache_bf16,large_h6_n10_s100_wikics_arxiv,c0475eb283dbd1439a7826b0099b1b55085b16bdbb6d9c323473b401ba40a131,647.5096435546875,379.0816946029663,0,416.8163652420044,0,0,0,0
wikics,test,117,17,wikics:test:000017:4a1cc5182ee6a7b2,1,1332.322606,1332.291748046875,1220.320528,111.743037,0.0,0.0,0.0,0.0,187.8546257019043,148.72636795043945,0,0,0,0,0,0,0,0,0,0,135.20262336730957,6.975487947463989,31.20185613632202,14.474658250808716,nocache_bf16,large_h6_n10_s100_wikics_arxiv,4a1cc5182ee6a7b21bcc02e720e79abc58a3736448065e57d132aabb574e1ce0,647.9854736328125,380.17718505859375,0,416.5346565246582,0,0,0,0
wikics,test,118,18,wikics:test:000018:52ed896d72d1921f,1,1484.729035,1484.6978759765625,1374.172902,110.272852,0.0,0.0,0.0,0.0,270.9409294128418,160.77702522277832,0,0,0,0,0,0,0,0,0,0,208.26835250854492,11.141247987747192,33.9520320892334,17.579296827316284,nocache_bf16,large_h6_n10_s100_wikics_arxiv,52ed896d72d1921f5bfad1ba37c773faef5be83e39838a0b7c5f273e111c94c2,709.3819580078125,417.4074239730835,0,452.7515592575073,0,0,0,0
wikics,test,119,19,wikics:test:000019:d818f5b8cb6d7e5d,1,1438.514141,1438.482666015625,1327.905908,110.340271,0.0,0.0,0.0,0.0,270.83088302612305,161.09382247924805,0,0,0,0,0,0,0,0,0,0,208.01654434204102,11.193888068199158,33.907968521118164,17.71248209476471,nocache_bf16,large_h6_n10_s100_wikics_arxiv,d818f5b8cb6d7e5debed18cf27d69c8839f643f32da6837d6996ba8668450d55,709.7611694335938,418.06188774108887,0,452.79310417175293,0,0,0,0
wikics,test,120,20,wikics:test:000020:ab0922f67c5fbbe5,1,1619.746208,1619.7142333984375,1512.118825,107.351437,0.0,0.0,0.0,0.0,352.29136657714844,163.02934646606445,0,0,0,0,0,0,0,0,0,0,283.3136291503906,14.805631875991821,33.95679998397827,20.21530556678772,nocache_bf16,large_h6_n10_s100_wikics_arxiv,ab0922f67c5fbbe5719b9057d130d798ebe62c82eda3b9e6779d10b62a0ab03e,729.5018920898438,430.82185554504395,0,461.70938301086426,0,0,0,0
wikics,test,121,21,wikics:test:000021:5d453ee1cd5d59f9,1,1442.598925,1442.5679931640625,1330.646015,111.672811,0.0,0.0,0.0,0.0,213.90835571289062,147.26902389526367,0,0,0,0,0,0,0,0,0,0,160.2089614868164,8.390912055969238,30.311391830444336,14.997090339660645,nocache_bf16,large_h6_n10_s100_wikics_arxiv,5d453ee1cd5d59f93beec8e6bbfa80c2f22adbd82be2f4d0eac68cd4736cd8ab,649.1094360351562,381.33510303497314,0,415.0433568954468,0,0,0,0
wikics,test,122,22,wikics:test:000022:066e9ba55552f1f8,1,1710.347015,1710.314453125,1599.103412,110.952976,0.0,0.0,0.0,0.0,411.22969818115234,166.83817672729492,0,0,0,0,0,0,0,0,0,0,337.272159576416,17.478816032409668,33.9304633140564,22.548259258270264,nocache_bf16,large_h6_n10_s100_wikics_arxiv,066e9ba55552f1f8a73072514a22f5d6757c92f4c0398e291fc015deb88b7b88,748.1691284179688,442.3060140609741,0,472.70129108428955,0,0,0,0
wikics,test,123,23,wikics:test:000023:f77a6bf6e6e7e71b,1,1389.530315,1389.5001220703125,1282.811477,106.446477,0.0,0.0,0.0,0.0,198.82610893249512,156.98345565795898,0,0,0,0,0,0,0,0,0,0,142.21503829956055,7.461727857589722,33.27187252044678,15.877470254898071,nocache_bf16,large_h6_n10_s100_wikics_arxiv,f77a6bf6e6e7e71b5e5ecd0307e4293065f4fee80788b61911368457a6d1a604,681.4320678710938,401.3927974700928,0,437.02272605895996,0,0,0,0
wikics,test,124,24,wikics:test:000024:000a2a73e51d5345,1,1435.621388,1435.58984375,1291.780154,143.573281,0.0,0.0,0.0,0.0,213.67804718017578,148.15913581848145,0,0,0,0,0,0,0,0,0,0,155.97180938720703,8.641088008880615,33.04544019699097,16.019709587097168,nocache_bf16,large_h6_n10_s100_wikics_arxiv,000a2a73e51d53459dc7e58576aaddb15d29ac4a73b00401f136569f75d2f6b8,647.6319580078125,378.9399356842041,0,416.85115814208984,0,0,0,0
wikics,test,125,25,wikics:test:000025:1424ce3b3bad84d4,1,1521.182728,1521.1517333984375,1410.600568,110.313643,0.0,0.0,0.0,0.0,242.60985946655273,166.24534225463867,0,0,0,0,0,0,0,0,0,0,180.47587203979492,9.551040172576904,35.30972862243652,17.273218631744385,nocache_bf16,large_h6_n10_s100_wikics_arxiv,1424ce3b3bad84d47085b76cd2ca72fa2d01ab4c8eb0cee9f0854c07ffcbbf64,728.83154296875,429.36841773986816,0,465.7084674835205,0,0,0,0
wikics,test,126,26,wikics:test:000026:6fabdd7e6fa1c9b0,1,1541.836342,1541.80419921875,1430.880375,110.675199,0.0,0.0,0.0,0.0,290.9817886352539,161.5149440765381,0,0,0,0,0,0,0,0,0,0,226.39955139160156,11.803008079528809,34.54201602935791,18.237213134765625,nocache_bf16,large_h6_n10_s100_wikics_arxiv,6fabdd7e6fa1c9b0791ff71909878258781591a7720f48a6507ad37df16a4ca1,710.0234985351562,418.1252489089966,0,453.41319370269775,0,0,0,0
wikics,test,127,27,wikics:test:000027:df55b940083f1bf1,1,1736.541792,1736.5091552734375,1624.98495,111.270257,0.0,0.0,0.0,0.0,398.94722747802734,160.70402908325195,0,0,0,0,0,0,0,0,0,0,327.3100471496582,17.063008069992065,33.07148838043213,21.502683877944946,nocache_bf16,large_h6_n10_s100_wikics_arxiv,df55b940083f1bf1f1f72918358a0a21b17b5b59208e8033f0571bcddd8aab82,718.8201904296875,425.45356941223145,0,454.070650100708,0,0,0,0
wikics,test,128,28,wikics:test:000028:bb2e0546b88fa929,1,1443.301754,1443.2698974609375,1314.75735,128.239313,0.0,0.0,0.0,0.0,225.34217071533203,151.39443016052246,0,0,0,0,0,0,0,0,0,0,168.25779342651367,9.068544149398804,31.929919719696045,16.08591341972351,nocache_bf16,large_h6_n10_s100_wikics_arxiv,bb2e0546b88fa929e4ad473dbd223f632fce04a3717e5e2390426e3af27fddfb,662.267822265625,389.6836795806885,0,423.978572845459,0,0,0,0
wikics,test,129,29,wikics:test:000029:354b8d27549aa637,1,1538.282432,1538.2493896484375,1432.123411,105.873586,0.0,0.0,0.0,0.0,259.08512115478516,165.4354248046875,0,0,0,0,0,0,0,0,0,0,195.7262725830078,10.410303950309753,35.276575565338135,17.671969056129456,nocache_bf16,large_h6_n10_s100_wikics_arxiv,354b8d27549aa637c29bd706bc1b1d4c8e164bb524dbb43ff574695c37d49b21,729.6028442382812,429.8691864013672,0,465.16908264160156,0,0,0,0
wikics,test,130,30,wikics:test:000030:4a41086e390dbe51,1,1413.606456,1413.5760498046875,1305.295628,108.044404,0.0,0.0,0.0,0.0,244.04191970825195,155.27584075927734,0,0,0,0,0,0,0,0,0,0,185.2178249359131,9.879008054733276,32.39392042160034,16.55116629600525,nocache_bf16,large_h6_n10_s100_wikics_arxiv,4a41086e390dbe51ecd9f27bdf84a1f2aed65d44410ce97f0e5f6a2d66d349b1,682.7372436523438,402.746431350708,0,435.2666530609131,0,0,0,0
wikics,test,131,31,wikics:test:000031:cafc1e78b99470a1,1,1524.786604,1524.756103515625,1418.43041,106.019981,0.0,0.0,0.0,0.0,287.2349090576172,168.88844680786133,0,0,0,0,0,0,0,0,0,0,221.58138275146484,11.651167869567871,35.54265546798706,18.459702968597412,nocache_bf16,large_h6_n10_s100_wikics_arxiv,cafc1e78b99470a1de15d16216655833dd9034daaf7ae6b5386e2d52952fddae,745.8407592773438,440.62348651885986,0,474.1057195663452,0,0,0,0
wikics,test,132,32,wikics:test:000032:1f48965693a47551,1,1631.506664,1631.4739990234375,1525.890705,105.339557,0.0,0.0,0.0,0.0,314.4170227050781,164.81225395202637,0,0,0,0,0,0,0,0,0,0,247.71667098999023,12.517887949943542,35.19062423706055,18.9918395280838,nocache_bf16,large_h6_n10_s100_wikics_arxiv,1f48965693a47551fb266cee941d275d7733d5e14d8bc4f0a241156e1e7f8f85,730.6256713867188,429.8565444946289,0,465.5813808441162,0,0,0,0
wikics,test,133,33,wikics:test:000033:97a6a0498a0658ed,1,1659.348341,1659.3155517578125,1547.874957,111.202656,0.0,0.0,0.0,0.0,293.7016296386719,164.77894592285156,0,0,0,0,0,0,0,0,0,0,228.41350173950195,12.093663930892944,34.57417583465576,18.620288133621216,nocache_bf16,large_h6_n10_s100_wikics_arxiv,97a6a0498a0658edcac653eb0bb3210363bd9b07ca8d619186dbcfcbc0a2e8f5,729.5028076171875,429.96668910980225,0,464.3150644302368,0,0,0,0
wikics,test,134,34,wikics:test:000034:93dab44c974f61f3,1,1496.422543,1496.390625,1384.588569,111.519467,0.0,0.0,0.0,0.0,273.8364791870117,161.58243560791016,0,0,0,0,0,0,0,0,0,0,210.75420761108398,11.085504055023193,34.00812816619873,17.98863935470581,nocache_bf16,large_h6_n10_s100_wikics_arxiv,93dab44c974f61f37b82c3a55ac543c3cafa371b99f438f53d8df60d8b08da15,712.5413208007812,419.34412956237793,0,454.7796268463135,0,0,0,0
wikics,test,135,35,wikics:test:000035:e96a44872b159e58,1,1451.601491,1451.5709228515625,1339.504137,111.8294,0.0,0.0,0.0,0.0,213.15929794311523,154.31385612487793,0,0,0,0,0,0,0,0,0,0,155.82761764526367,8.462240099906921,32.93500757217407,15.934432625770569,nocache_bf16,large_h6_n10_s100_wikics_arxiv,e96a44872b159e585dfc70f49945bedec7a8f682f7c98f1e2e240ff3a9cfb9a6,675.8848266601562,397.57340908050537,0,432.6252737045288,0,0,0,0
wikics,test,136,36,wikics:test:000036:afbff186281a0e4e,1,1565.77372,1565.742431640625,1455.487932,110.015814,0.0,0.0,0.0,0.0,230.57641983032227,166.02825355529785,0,0,0,0,0,0,0,0,0,0,168.92527770996094,8.869312047958374,35.83436822891235,16.9474618434906,nocache_bf16,large_h6_n10_s100_wikics_arxiv,afbff186281a0e4ef263695c2eae0d5605ba4b8d807b1a398463e79793b58c9e,730.4610595703125,430.21190452575684,0,466.2774085998535,0,0,0,0
wikics,test,137,37,wikics:test:000037:b3012d4981d56ea8,1,1319.377877,1319.3482666015625,1205.365975,113.753029,0.0,0.0,0.0,0.0,155.9773769378662,147.0989112854004,0,0,0,0,0,0,0,0,0,0,106.05609512329102,5.571359992027283,30.911712169647217,13.438209652900696,nocache_bf16,large_h6_n10_s100_wikics_arxiv,b3012d4981d56ea820287d335a753a79cc4b4f1ef77ed486500ba06ecd246d4b,637.3768920898438,376.05202865600586,0,408.4237747192383,0,0,0,0
wikics,test,138,38,wikics:test:000038:d8d309dacda8c856,1,1450.617189,1450.586181640625,1343.574009,106.759951,0.0,0.0,0.0,0.0,222.69321823120117,165.9572467803955,0,0,0,0,0,0,0,0,0,0,162.3774700164795,8.440896034240723,35.42463970184326,16.450212478637695,nocache_bf16,large_h6_n10_s100_wikics_arxiv,d8d309dacda8c8565011a8a5c4bd50703da0a89f4da3c8de139014c0f400b5e1,730.1348876953125,430.18803119659424,0,465.90410327911377,0,0,0,0
wikics,test,139,39,wikics:test:000039:3ef432bb200e1c4d,1,1451.380459,1451.350341796875,1338.862236,112.254104,0.0,0.0,0.0,0.0,221.04672241210938,148.57881546020508,0,0,0,0,0,0,0,0,0,0,163.6615982055664,9.037248015403748,32.4006404876709,15.947235703468323,nocache_bf16,large_h6_n10_s100_wikics_arxiv,3ef432bb200e1c4d10899e6d592c8c2970df591ebd929560ec4d6b50c138ea97,647.68603515625,380.18975830078125,0,416.0750923156738,0,0,0,0
wikics,test,140,40,wikics:test:000040:9c16d6144ad4a191,1,1563.038756,1563.0074462890625,1457.601674,105.167928,0.0,0.0,0.0,0.0,231.60806274414062,165.60893058776855,0,0,0,0,0,0,0,0,0,0,169.97683143615723,8.941695928573608,35.855135917663574,16.834399461746216,nocache_bf16,large_h6_n10_s100_wikics_arxiv,9c16d6144ad4a1917bc11fa59558e81b6ffc26842b37c5b649636e1bd6996d1c,730.1690063476562,430.74342346191406,0,465.03451347351074,0,0,0,0
wikics,test,141,41,wikics:test:000041:7fea338f8fa28367,1,1456.182549,1456.1512451171875,1343.737084,112.157496,0.0,0.0,0.0,0.0,222.3633918762207,166.56467247009277,0,0,0,0,0,0,0,0,0,0,161.4516143798828,8.501983880996704,35.75251245498657,16.657281160354614,nocache_bf16,large_h6_n10_s100_wikics_arxiv,7fea338f8fa28367962db97fb384e2e94a82f63cc2c2a58460bd13fa9d7532c6,730.2650146484375,430.6495990753174,0,466.1800880432129,0,0,0,0
wikics,test,142,42,wikics:test:000042:7e04af92ff942365,1,1554.881653,1554.85009765625,1448.71334,105.903839,0.0,0.0,0.0,0.0,261.18666076660156,162.95926475524902,0,0,0,0,0,0,0,0,0,0,198.78579330444336,10.420928001403809,34.333632469177246,17.64630699157715,nocache_bf16,large_h6_n10_s100_wikics_arxiv,7e04af92ff94236596a24d9e983dcc77cce54b5d00fe25a7752dadbdf0253c86,723.4467163085938,426.5308790206909,0,459.87510204315186,0,0,0,0
wikics,test,143,43,wikics:test:000043:7338a3bd818fbc61,1,1728.943274,1728.9107666015625,1601.403062,127.273005,0.0,0.0,0.0,0.0,387.0950164794922,167.83644676208496,0,0,0,0,0,0,0,0,0,0,315.07603454589844,16.32147216796875,34.519519329071045,21.177990436553955,nocache_bf16,large_h6_n10_s100_wikics_arxiv,7338a3bd818fbc612b572517865a443cded9cc98f098cd47444fc0c70f038fa1,750.033203125,443.2792329788208,0,474.59041690826416,0,0,0,0
wikics,test,144,44,wikics:test:000044:e7e458e07c01abc7,1,1462.10914,1462.078369140625,1333.999672,127.82692,0.0,0.0,0.0,0.0,210.27020645141602,159.4712314605713,0,0,0,0,0,0,0,0,0,0,151.76377868652344,8.178080081939697,34.396543979644775,15.931803703308105,nocache_bf16,large_h6_n10_s100_wikics_arxiv,e7e458e07c01abc73eac5d1f5b73ee274f45fe663453876d0498e3b21270f1db,701.3065185546875,413.42223930358887,0,447.3555107116699,0,0,0,0
wikics,test,145,45,wikics:test:000045:664f4ac17fac6612,1,1737.346585,1737.314453125,1629.713208,107.357212,0.0,0.0,0.0,0.0,399.6343688964844,161.20198440551758,0,0,0,0,0,0,0,0,0,0,328.11315536499023,16.963199853897095,33.07151985168457,21.486493825912476,nocache_bf16,large_h6_n10_s100_wikics_arxiv,664f4ac17fac66126dbf78db22d95ea89d4ccfe89013f9873465f1677a51a75f,720.4135131835938,426.32636547088623,0,455.2891321182251,0,0,0,0
wikics,test,146,46,wikics:test:000046:8880ab728d4d5032,1,1512.126651,1512.09521484375,1400.423255,111.418404,0.0,0.0,0.0,0.0,264.6883239746094,163.19494438171387,0,0,0,0,0,0,0,0,0,0,201.9668788909912,10.69382393360138,34.40057563781738,17.627045512199402,nocache_bf16,large_h6_n10_s100_wikics_arxiv,8880ab728d4d503279b823be1914ee9902a040262614bf49e1872574b155fe91,720.96337890625,425.3443202972412,0,458.81400299072266,0,0,0,0
wikics,test,147,47,wikics:test:000047:2642137ffa998c84,1,1523.214056,1523.181396484375,1411.434285,111.498301,0.0,0.0,0.0,0.0,245.77520370483398,165.79296112060547,0,0,0,0,0,0,0,0,0,0,183.1945915222168,9.705407857894897,35.63603162765503,17.23917269706726,nocache_bf16,large_h6_n10_s100_wikics_arxiv,2642137ffa998c84dd63777375d8e0ade25fbd787901bdf3058101753a069020,732.716552734375,431.8320960998535,0,466.67741775512695,0,0,0,0
wikics,test,148,48,wikics:test:000048:51b9971d8910d5e2,1,1459.445901,1459.413818359375,1336.689339,122.455247,0.0,0.0,0.0,0.0,197.44079971313477,168.75462341308594,0,0,0,0,0,0,0,0,0,0,137.82553672790527,7.136128067970276,36.527552127838135,15.951582789421082,nocache_bf16,large_h6_n10_s100_wikics_arxiv,51b9971d8910d5e2e50bb2ce18041a1def0f52cc064e9c53428b6208b2325cec,728.399658203125,429.53324699401855,0,467.6210346221924,0,0,0,0
wikics,test,149,49,wikics:test:000049:728df285513a7803,1,1566.675723,1566.6439208984375,1459.254272,107.143681,0.0,0.0,0.0,0.0,294.30623626708984,163.44908905029297,0,0,0,0,0,0,0,0,0,0,230.03395462036133,11.970463871955872,33.96454334259033,18.337274432182312,nocache_bf16,large_h6_n10_s100_wikics_arxiv,728df285513a7803b751f28b0959d82e759e2f545428d48a38d0f006a55bcc9a,719.6143798828125,424.31180572509766,0,458.7516632080078,0,0,0,0
wikics,test,150,50,wikics:test:000050:fe96b5b2a7c4af01,1,1583.522794,1583.4906005859375,1456.130018,127.13057,0.0,0.0,0.0,0.0,291.89567947387695,162.74815940856934,0,0,0,0,0,0,0,0,0,0,227.50189208984375,11.783711910247803,33.902400493621826,18.707674980163574,nocache_bf16,large_h6_n10_s100_wikics_arxiv,fe96b5b2a7c4af01943f25f9415335607ba1b330ad640aa2818bffc6db32e498,720.2423706054688,424.996639251709,0,457.9938907623291,0,0,0,0
wikics,test,151,51,wikics:test:000051:6246382ad476e3b5,1,1548.438214,1548.4061279296875,1420.706552,127.449323,0.0,0.0,0.0,0.0,267.03052520751953,165.57196807861328,0,0,0,0,0,0,0,0,0,0,203.15420722961426,10.705343961715698,35.3603515625,17.810622453689575,nocache_bf16,large_h6_n10_s100_wikics_arxiv,6246382ad476e3b5f68b37aba9aa3566c47b169674446b7a4c924b1c74988d7f,730.3714599609375,429.2339868545532,0,466.70944118499756,0,0,0,0
wikics,test,152,52,wikics:test:000052:421b142bb389d9d1,1,1424.266173,1424.2347412109375,1310.896758,113.104293,0.0,0.0,0.0,0.0,235.5846061706543,143.96812629699707,0,0,0,0,0,0,0,0,0,0,179.73852920532227,9.618304014205933,30.340991973876953,15.886780977249146,nocache_bf16,large_h6_n10_s100_wikics_arxiv,421b142bb389d9d16aececb4211419686451d1184d50d2e5f8ea97ee81a79730,634.6007080078125,371.2976989746094,0,407.2711353302002,0,0,0,0
wikics,test,153,53,wikics:test:000053:31b24b95a70aea62,1,1452.349439,1452.317626953125,1344.514312,107.563622,0.0,0.0,0.0,0.0,237.07452774047852,163.59353637695312,0,0,0,0,0,0,0,0,0,0,175.7461757659912,9.368255972862244,34.99404811859131,16.966047883033752,nocache_bf16,large_h6_n10_s100_wikics_arxiv,31b24b95a70aea62d73f3c5f5b796febb8ca98cc307497a826603ccfab0b45bb,722.8712158203125,425.1353931427002,0,461.32935905456543,0,0,0,0
wikics,test,154,54,wikics:test:000054:1492c0fd54704e8b,1,1609.624744,1609.5916748046875,1498.134346,111.187255,0.0,0.0,0.0,0.0,263.5589790344238,158.71622276306152,0,0,0,0,0,0,0,0,0,0,202.3052463531494,10.694687962532043,33.536192417144775,17.022852301597595,nocache_bf16,large_h6_n10_s100_wikics_arxiv,1492c0fd54704e8b3a028427a3f0afafbed89dfcff3af66979a2a0d84cdb94e6,703.726318359375,415.3874559402466,0,447.05508518218994,0,0,0,0
wikics,test,155,55,wikics:test:000055:4c3a9cced3fdbabd,1,1464.002719,1463.97216796875,1356.939438,106.786706,0.0,0.0,0.0,0.0,228.89593887329102,168.34188652038574,0,0,0,0,0,0,0,0,0,0,166.1226863861084,8.786144018173218,36.66579246520996,17.32131600379944,nocache_bf16,large_h6_n10_s100_wikics_arxiv,4c3a9cced3fdbabd0d34163f06734c93b30f546193a2e36fcf5442c43864448d,733.48974609375,431.3549461364746,0,470.47668647766113,0,0,0,0
wikics,test,156,56,wikics:test:000056:a5bcd1251e1f47d6,1,1548.232473,1548.2008056640625,1436.899781,111.067898,0.0,0.0,0.0,0.0,272.73350524902344,165.62972831726074,0,0,0,0,0,0,0,0,0,0,208.07161712646484,11.053279995918274,35.437567710876465,18.171040415763855,nocache_bf16,large_h6_n10_s100_wikics_arxiv,a5bcd1251e1f47d65b8e0c3b3de076d9f301f0643172bda73691e60b9cdddd5c,733.5924682617188,432.72815799713135,0,466.49403858184814,0,0,0,0
wikics,test,157,57,wikics:test:000057:c76d1190b26d012d,1,1602.782013,1602.749267578125,1491.866005,110.608546,0.0,0.0,0.0,0.0,320.38543701171875,168.27158164978027,0,0,0,0,0,0,0,0,0,0,252.5022087097168,13.186943769454956,34.818015575408936,19.87826895713806,nocache_bf16,large_h6_n10_s100_wikics_arxiv,c76d1190b26d012d091c00559c3a0425c20ebef1e538e567c96c216e9d813ae8,750.302490234375,442.318528175354,0,476.25554370880127,0,0,0,0
wikics,test,158,58,wikics:test:000058:a45285bcd1949205,1,1422.011363,1421.9793701171875,1313.655243,108.057053,0.0,0.0,0.0,0.0,208.9993553161621,153.24367904663086,0,0,0,0,0,0,0,0,0,0,154.1539821624756,8.235168099403381,31.40457534790039,15.205629706382751,nocache_bf16,large_h6_n10_s100_wikics_arxiv,a45285bcd19492055ac80246f60bb0fb2ed4e504e079a5cd3200cdbdb7b891b5,676.5458374023438,398.6317768096924,0,431.1577396392822,0,0,0,0
wikics,test,159,59,wikics:test:000059:1b94d315dc4e5555,1,1460.087849,1460.0546875,1347.426731,112.355272,0.0,0.0,0.0,0.0,209.20416259765625,164.33123207092285,0,0,0,0,0,0,0,0,0,0,149.25302505493164,7.7577279806137085,35.688000202178955,16.505409359931946,nocache_bf16,large_h6_n10_s100_wikics_arxiv,1b94d315dc4e55559bb69eeacb678f2d308eb5396713d6fa6fa7259031e7a970,713.3377075195312,419.45727920532227,0,458.21166038513184,0,0,0,0
wikics,test,160,60,wikics:test:000060:38930b7d326ce516,1,1607.054224,1607.0211181640625,1496.127893,110.634073,0.0,0.0,0.0,0.0,249.21248245239258,163.49235153198242,0,0,0,0,0,0,0,0,0,0,187.35225868225098,10.124032020568848,34.48975992202759,17.246431827545166,nocache_bf16,large_h6_n10_s100_wikics_arxiv,38930b7d326ce5164a9e65e9f30bcdbf435b09460c7f0beaf0babbcac90226b4,721.8215942382812,424.89123153686523,0,460.42271423339844,0,0,0,0
wikics,test,161,61,wikics:test:000061:92c5bd90d0baeb93,1,1446.411618,1446.37939453125,1322.73737,123.314899,0.0,0.0,0.0,0.0,199.60435104370117,157.2020149230957,0,0,0,0,0,0,0,0,0,0,143.92672157287598,7.371423959732056,32.69062328338623,15.61558222770691,nocache_bf16,large_h6_n10_s100_wikics_arxiv,92c5bd90d0baeb9304f2a19cafff8d354c181be05d34b15cf570e210c30adb5c,681.81689453125,401.0724506378174,0,437.9464588165283,0,0,0,0
wikics,test,162,62,wikics:test:000062:863d427861ff80dc,1,1567.667073,1567.6346435546875,1443.110754,124.192362,0.0,0.0,0.0,0.0,244.2472267150879,170.12617683410645,0,0,0,0,0,0,0,0,0,0,180.11273574829102,9.579296112060547,36.602303981781006,17.952890872955322,nocache_bf16,large_h6_n10_s100_wikics_arxiv,863d427861ff80dc849d2dfdc72906f1f2449ab7e6ed0e64e58e7235c0805796,751.6619262695312,442.72719955444336,0,479.06090354919434,0,0,0,0
wikics,test,163,63,wikics:test:000063:0a5a1c3308a40395,1,1799.712669,1799.676513671875,1686.967167,112.365382,0.0,0.0,0.0,0.0,514.9949035644531,160.75379180908203,0,0,0,0,0,0,0,0,0,0,434.78580474853516,22.082847833633423,32.83686447143555,25.289386510849,nocache_bf16,large_h6_n10_s100_wikics_arxiv,0a5a1c3308a40395b8520808200d136321b9db8233aa40c04be89539c97844d5,721.8093872070312,426.94371509552,0,455.61946392059326,0,0,0,0
wikics,test,164,64,wikics:test:000064:84d2bb6fbbf2efc7,1,1734.220246,1734.182861328125,1610.39428,123.463889,0.0,0.0,0.0,0.0,385.4935646057129,167.62086296081543,0,0,0,0,0,0,0,0,0,0,313.0577964782715,16.44332790374756,34.35641622543335,21.636023998260498,nocache_bf16,large_h6_n10_s100_wikics_arxiv,84d2bb6fbbf2efc74543bfef829a471311b878c855f94ba54357da859b1dead5,749.296142578125,442.152382850647,0,474.76462268829346,0,0,0,0
wikics,test,165,65,wikics:test:000065:14afb2e221d1c808,1,1457.34507,1457.313232421875,1348.578209,108.440846,0.0,0.0,0.0,0.0,221.92096328735352,148.93571281433105,0,0,0,0,0,0,0,0,0,0,164.75238227844238,8.968256115913391,32.16329574584961,16.037029147148132,nocache_bf16,large_h6_n10_s100_wikics_arxiv,14afb2e221d1c808d81f675640e726fc6c53da6b5558b9ab547f3f4e99214fb4,650.3007202148438,381.8724479675293,0,417.3639850616455,0,0,0,0
wikics,test,166,66,wikics:test:000066:cbfb38b24c9cd09f,1,1440.175455,1440.143310546875,1327.482257,112.347138,0.0,0.0,0.0,0.0,252.06748580932617,159.3034896850586,0,0,0,0,0,0,0,0,0,0,190.2259521484375,10.205951929092407,34.221439838409424,17.41414189338684,nocache_bf16,large_h6_n10_s100_wikics_arxiv,cbfb38b24c9cd09feb274e275c5fa9b2ac59e47d5e2b01a2e0142792e6f92a00,705.756591796875,415.4756488800049,0,449.5844326019287,0,0,0,0
wikics,test,167,67,wikics:test:000067:3368959dda51b804,1,1462.808452,1462.775634765625,1350.891176,111.594108,0.0,0.0,0.0,0.0,238.07798385620117,163.90281867980957,0,0,0,0,0,0,0,0,0,0,176.80038261413574,9.331936001777649,34.9585599899292,16.98710525035858,nocache_bf16,large_h6_n10_s100_wikics_arxiv,3368959dda51b804b9feaf3927fc8b63a4fe3efbd71e66e91bdae5790a4896e9,723.6019897460938,426.0211534500122,0,461.4836549758911,0,0,0,0
wikics,test,168,68,wikics:test:000068:c1f159a73fe7d15a,1,1465.864062,1465.832763671875,1341.491001,124.043351,0.0,0.0,0.0,0.0,194.2852783203125,169.505952835083,0,0,0,0,0,0,0,0,0,0,133.01820945739746,7.133344054222107,37.59078407287598,16.542940735816956,nocache_bf16,large_h6_n10_s100_wikics_arxiv,c1f159a73fe7d15a2942f5fa44ebf6d2f9aa043b0006bc1c657334d82d242907,733.4725341796875,432.87110328674316,0,470.10738372802734,0,0,0,0
wikics,test,169,69,wikics:test:000069:c5c6eb8bc69150d0,1,1424.068351,1424.029296875,1316.718012,107.022963,0.0,0.0,0.0,0.0,217.49670028686523,162.91059112548828,0,0,0,0,0,0,0,0,0,0,158.36470222473145,8.309471845626831,34.66863965988159,16.153886556625366,nocache_bf16,large_h6_n10_s100_wikics_arxiv,c5c6eb8bc69150d0f6f058cf2a8f0b19714a3b9e64ec85c634f36a2f6d435940,715.5506591796875,420.9275188446045,0,457.5337314605713,0,0,0,0
wikics,test,170,70,wikics:test:000070:15a487f6022e80ae,1,1459.99608,1459.9639892578125,1347.385317,112.269293,0.0,0.0,0.0,0.0,210.22006225585938,159.82336235046387,0,0,0,0,0,0,0,0,0,0,151.77846336364746,8.168832063674927,34.363999366760254,15.908767461776733,nocache_bf16,large_h6_n10_s100_wikics_arxiv,15a487f6022e80aeea9398891795f58d139b42b0803269478d8b34dea8a73425,705.9498291015625,415.64944076538086,0,450.1237506866455,0,0,0,0
wikics,test,171,71,wikics:test:000071:80de2ffba43febdb,1,1795.796766,1795.7633056640625,1688.995271,106.44871,0.0,0.0,0.0,0.0,517.0472564697266,160.66166305541992,0,0,0,0,0,0,0,0,0,0,437.18534088134766,21.943872213363647,32.84396743774414,25.074075937271118,nocache_bf16,large_h6_n10_s100_wikics_arxiv,80de2ffba43febdbe62c72ec696d6b17833aa5deda2322b1e87c46fc212d2618,723.568603515625,428.4256315231323,0,455.8046350479126,0,0,0,0
wikics,test,172,72,wikics:test:000072:0a2ccdf11d68011b,1,1526.276954,1526.24560546875,1418.516879,107.453732,0.0,0.0,0.0,0.0,245.20952987670898,165.86428833007812,0,0,0,0,0,0,0,0,0,0,182.190336227417,9.7014399766922,36.01139211654663,17.30636155605316,nocache_bf16,large_h6_n10_s100_wikics_arxiv,0a2ccdf11d68011bbe9b80610fa460e6d9cd02f79ccb2fe70c6d7122404939fe,732.838134765625,431.59190464019775,0,467.11051845550537,0,0,0,0
wikics,test,173,73,wikics:test:000073:af4e3768afe7929b,1,1595.246399,1595.213134765625,1484.441277,110.496216,0.0,0.0,0.0,0.0,310.69577407836914,167.97577285766602,0,0,0,0,0,0,0,0,0,0,243.3738899230957,12.763583898544312,34.695168018341064,19.86313223838806,nocache_bf16,large_h6_n10_s100_wikics_arxiv,af4e3768afe7929b1e8e837cec1be78bf565feb6d8bdc034a26e3ac263f1fcb5,751.3323974609375,444.1588144302368,0,475.1493558883667,0,0,0,0
wikics,test,174,74,wikics:test:000074:26717eeb6c2c73ce,1,1741.522686,1741.4857177734375,1612.344093,128.811084,0.0,0.0,0.0,0.0,389.8891792297363,170.69132614135742,0,0,0,0,0,0,0,0,0,0,316.4771842956543,16.571935892105103,35.23791980743408,21.602139234542847,nocache_bf16,large_h6_n10_s100_wikics_arxiv,26717eeb6c2c73ce0d419b3d77803154393a8d6999b43700154e75f75b854f0c,749.283203125,444.27565002441406,0,475.69887924194336,0,0,0,0
wikics,test,175,75,wikics:test:000075:c9441b3207b4d7bb,1,1499.420618,1499.387451171875,1390.223793,108.82178,0.0,0.0,0.0,0.0,258.85750579833984,159.60387420654297,0,0,0,0,0,0,0,0,0,0,197.1128330230713,10.606591939926147,33.667776107788086,17.47030472755432,nocache_bf16,large_h6_n10_s100_wikics_arxiv,c9441b3207b4d7bb23a3a8eb71a0e5d4956ccf9de45afef45b0119f4aa0c5ec8,705.8689575195312,415.9739170074463,0,449.49891471862793,0,0,0,0
wikics,test,176,76,wikics:test:000076:823cb40fd26b0064,1,1583.065902,1583.0308837890625,1476.989245,105.702195,0.0,0.0,0.0,0.0,282.15331268310547,163.18092727661133,0,0,0,0,0,0,0,0,0,0,218.25679779052734,11.427680253982544,34.2194242477417,18.249410390853882,nocache_bf16,large_h6_n10_s100_wikics_arxiv,823cb40fd26b0064a8aea01490743a82038eff8ef6b79e7478a5c1a8ab7509a2,722.4088745117188,426.17494201660156,0,459.4148597717285,0,0,0,0
wikics,test,177,77,wikics:test:000077:a6e66f96093de6ce,1,1438.563535,1438.51953125,1330.354446,107.799348,0.0,0.0,0.0,0.0,206.22409439086914,158.17391967773438,0,0,0,0,0,0,0,0,0,0,149.69458961486816,7.653216004371643,32.99523210525513,15.881056666374207,nocache_bf16,large_h6_n10_s100_wikics_arxiv,a6e66f96093de6ce1bd052d598cfac37c91f2fadb62e6500edf9e062a1601f5a,683.0340576171875,403.2997121810913,0,437.90826511383057,0,0,0,0
wikics,test,178,78,wikics:test:000078:906d5a2fc7b88169,1,1576.300754,1576.2672119140625,1468.42211,107.539619,0.0,0.0,0.0,0.0,232.00185775756836,167.57606315612793,0,0,0,0,0,0,0,0,0,0,169.60262489318848,8.938240051269531,36.071232318878174,17.389760494232178,nocache_bf16,large_h6_n10_s100_wikics_arxiv,906d5a2fc7b881693e5654ad9a5ce6752da4ff09d9249413c6dfc7bd03c376dd,732.531982421875,431.6194896697998,0,468.4885559082031,0,0,0,0
wikics,test,179,79,wikics:test:000079:73f671ca14fb033a,1,1521.027179,1520.994384765625,1409.167224,111.54763,0.0,0.0,0.0,0.0,341.83523178100586,161.72540855407715,0,0,0,0,0,0,0,0,0,0,273.82374572753906,14.231455564498901,33.61020803451538,20.169822454452515,nocache_bf16,large_h6_n10_s100_wikics_arxiv,73f671ca14fb033a30965114cc70e57d3d1dfb1a6b55042e803792c154bd1fb9,720.9178466796875,426.1516160964966,0,456.49163913726807,0,0,0,0
wikics,test,180,80,wikics:test:000080:0f184f1db0a996b5,1,1325.967869,1325.9364013671875,1215.429558,109.987978,0.0,0.0,0.0,0.0,155.6388454437256,146.41516876220703,0,0,0,0,0,0,0,0,0,0,106.00572967529297,5.482431948184967,30.614015579223633,13.536668241024017,nocache_bf16,large_h6_n10_s100_wikics_arxiv,0f184f1db0a996b5c155f228291f962fece60e25c894ab8ac113bb00d919bc8f,646.3120727539062,378.5624008178711,0,414.1648406982422,0,0,0,0
wikics,test,181,81,wikics:test:000081:3ad691f9135ebeda,1,1548.339456,1548.306640625,1439.423054,108.574925,0.0,0.0,0.0,0.0,260.44505310058594,166.16300773620605,0,0,0,0,0,0,0,0,0,0,196.7670726776123,10.506431937217712,35.25551986694336,17.91602861881256,nocache_bf16,large_h6_n10_s100_wikics_arxiv,3ad691f9135ebeda351c27e4a5ed088b476ae0fa8fb08a1342134b594d9a827a,734.4226684570312,432.9751663208008,0,467.6105098724365,0,0,0,0
wikics,test,182,82,wikics:test:000082:35f6d185e3b60583,1,1444.634653,1444.6016845703125,1316.49187,127.829781,0.0,0.0,0.0,0.0,239.9501724243164,154.1336326599121,0,0,0,0,0,0,0,0,0,0,181.31187057495117,9.63814401626587,32.28537559509277,16.714782238006592,nocache_bf16,large_h6_n10_s100_wikics_arxiv,35f6d185e3b605830d55bd84ce5ae6b1b83d3a2650aed066131a57f509390d3d,679.9340209960938,399.95197105407715,0,434.1156826019287,0,0,0,0
wikics,test,183,83,wikics:test:000083:77934391d49ed365,1,1547.408459,1547.3756103515625,1435.414787,111.673985,0.0,0.0,0.0,0.0,258.0647392272949,169.60454559326172,0,0,0,0,0,0,0,0,0,0,194.14137649536133,10.192255973815918,35.848896503448486,17.88221025466919,nocache_bf16,large_h6_n10_s100_wikics_arxiv,77934391d49ed3653879241637d8d8b001cacd53af052f115b2bb037763f5039,754.8394165039062,444.5596466064453,0,479.88431549072266,0,0,0,0
wikics,test,184,84,wikics:test:000084:c558903a01f41d75,1,1538.651364,1538.6180419921875,1426.314426,111.955031,0.0,0.0,0.0,0.0,264.1191635131836,161.9601593017578,0,0,0,0,0,0,0,0,0,0,200.8481960296631,10.710304141044617,34.40886402130127,18.15179932117462,nocache_bf16,large_h6_n10_s100_wikics_arxiv,c558903a01f41d753914e796ba14e2931a6d80a582dc0814370dd761c259f2a7,715.6781616210938,421.2656002044678,0,456.3727207183838,0,0,0,0
wikics,test,185,85,wikics:test:000085:3ef7c5747bd481fb,1,1603.327459,1603.2940673828125,1497.067251,105.96667,0.0,0.0,0.0,0.0,313.252254486084,163.62668800354004,0,0,0,0,0,0,0,0,0,0,246.90531539916992,12.52512001991272,34.34316825866699,19.47865080833435,nocache_bf16,large_h6_n10_s100_wikics_arxiv,3ef7c5747bd481fb781ef0c2cb0f24c3f560198245c327c89d36040b4c1ee9cc,724.4492797851562,426.91177558898926,0,461.16419219970703,0,0,0,0
wikics,test,186,86,wikics:test:000086:02f33170fe9a1014,1,1530.772776,1530.740234375,1421.948318,108.494486,0.0,0.0,0.0,0.0,247.47996139526367,166.24691200256348,0,0,0,0,0,0,0,0,0,0,184.47296142578125,9.819616079330444,35.70572757720947,17.481656312942505,nocache_bf16,large_h6_n10_s100_wikics_arxiv,02f33170fe9a1014eaa7ab4fd2e7737c2cdef43b62f534ca66d6f930bea0f3d5,733.4224243164062,432.5954875946045,0,467.07384872436523,0,0,0,0
wikics,test,187,87,wikics:test:000087:5e99a11f6629116f,1,1430.503048,1430.47021484375,1318.508791,111.69098,0.0,0.0,0.0,0.0,269.09878158569336,146.7581443786621,0,0,0,0,0,0,0,0,0,0,210.21123123168945,11.200127959251404,30.89036798477173,16.797054409980774,nocache_bf16,large_h6_n10_s100_wikics_arxiv,5e99a11f6629116fd08a82ba8d35c24398048b98ac3869fdfbaaaced09dd547e,649.2979736328125,381.5099506378174,0,414.5461673736572,0,0,0,0
wikics,test,188,88,wikics:test:000088:661719a5706d2798,1,1419.829947,1419.79736328125,1311.616374,107.922146,0.0,0.0,0.0,0.0,218.73504257202148,162.16668701171875,0,0,0,0,0,0,0,0,0,0,159.5806064605713,8.339839935302734,34.5580153465271,16.25658082962036,nocache_bf16,large_h6_n10_s100_wikics_arxiv,661719a5706d2798e1832429597e7d4d8bc6495443836e96584a4620e3966597,715.413330078125,421.13609504699707,0,456.4439220428467,0,0,0,0
wikics,test,189,89,wikics:test:000089:0811b581634c9202,1,1594.068092,1594.03564453125,1482.955316,110.809341,0.0,0.0,0.0,0.0,310.2430725097656,167.91609382629395,0,0,0,0,0,0,0,0,0,0,242.87586975097656,12.792543888092041,34.72793626785278,19.84672260284424,nocache_bf16,large_h6_n10_s100_wikics_arxiv,0811b581634c9202754ef09bc06883c1deaacc1ec2345102e3cee23457a2eb14,749.9957275390625,443.518497467041,0,474.39332389831543,0,0,0,0
wikics,test,190,90,wikics:test:000090:7a6f588c7960f99a,1,1518.629528,1518.5948486328125,1389.979441,128.313736,0.0,0.0,0.0,0.0,255.09600448608398,163.60028839111328,0,0,0,0,0,0,0,0,0,0,192.57587242126465,10.190304040908813,34.782559871673584,17.54726815223694,nocache_bf16,large_h6_n10_s100_wikics_arxiv,7a6f588c7960f99a36a1c6325dd09381821ed32292ec8ef9de564ccdc789c916,722.6174926757812,425.73971462249756,0,460.478066444397,0,0,0,0
wikics,test,191,91,wikics:test:000091:048f77cea8bd8173,1,1440.015475,1439.9820556640625,1327.572759,112.13756,0.0,0.0,0.0,0.0,251.66339492797852,160.69977569580078,0,0,0,0,0,0,0,0,0,0,189.70384216308594,10.085440039634705,34.507487297058105,17.366625428199768,nocache_bf16,large_h6_n10_s100_wikics_arxiv,048f77cea8bd8173479140b32200897a6931e78a836def05ad85382e9253fcce,706.7123413085938,415.90246391296387,0,451.50965309143066,0,0,0,0
wikics,test,192,92,wikics:test:000092:7d809617c6bd3e1e,1,1447.217072,1447.1846923828125,1340.808103,106.119075,0.0,0.0,0.0,0.0,224.05746841430664,167.76083374023438,0,0,0,0,0,0,0,0,0,0,163.29004669189453,8.525023937225342,35.6878080368042,16.55458974838257,nocache_bf16,large_h6_n10_s100_wikics_arxiv,7d809617c6bd3e1e57cc92bf7f69f76cb3ba72c0919f19f3316d1484b3e9841e,735.4521484375,432.4701089859009,0,470.7428731918335,0,0,0,0
wikics,test,193,93,wikics:test:000093:322b3afcaa35f3c7,1,1502.182189,1502.1495361328125,1390.689339,111.171556,0.0,0.0,0.0,0.0,264.92160415649414,163.3262710571289,0,0,0,0,0,0,0,0,0,0,201.6530876159668,10.714175939559937,34.79417610168457,17.760164499282837,nocache_bf16,large_h6_n10_s100_wikics_arxiv,322b3afcaa35f3c71d509b1eaa067b1c9deb2f1fd9e38948dae3d548b5de4f83,720.5925903320312,425.6476469039917,0,458.27121448516846,0,0,0,0
wikics,test,194,94,wikics:test:000094:a005efdcd7c8715a,1,1419.750145,1419.717529296875,1307.617649,111.839305,0.0,0.0,0.0,0.0,199.19129371643066,155.77427101135254,0,0,0,0,0,0,0,0,0,0,143.42691230773926,7.671679973602295,32.8406081199646,15.252093315124512,nocache_bf16,large_h6_n10_s100_wikics_arxiv,a005efdcd7c8715aa8fad232b75159e3190c49386d6e22f9d83ff1ba334960c2,689.6649169921875,406.0325746536255,0,439.40661334991455,0,0,0,0
wikics,test,195,95,wikics:test:000095:d668389de14e05fb,1,1393.94781,1393.9090576171875,1268.908397,124.746254,0.0,0.0,0.0,0.0,222.4944305419922,152.89628982543945,0,0,0,0,0,0,0,0,0,0,165.09503936767578,8.706272006034851,32.67497634887695,16.018142819404602,nocache_bf16,large_h6_n10_s100_wikics_arxiv,d668389de14e05fb64f040eb1d30df390da23556d25ad8a665fb85d39595048c,671.1749267578125,394.46735858917236,0,429.6038579940796,0,0,0,0
wikics,test,196,96,wikics:test:000096:da21905a8cb96e44,1,1467.175675,1467.1424560546875,1338.251059,128.44099,0.0,0.0,0.0,0.0,238.36505508422852,154.45548820495605,0,0,0,0,0,0,0,0,0,0,179.659423828125,9.517727971076965,32.459007263183594,16.728896021842957,nocache_bf16,large_h6_n10_s100_wikics_arxiv,da21905a8cb96e44856130f52c5c36dc7e212f58af78856eb7e3901a67b9533e,682.636474609375,401.5943384170532,0,435.49762439727783,0,0,0,0
wikics,test,197,97,wikics:test:000097:322b174a79431b1f,1,1688.328183,1688.2943115234375,1564.674338,123.313249,0.0,0.0,0.0,0.0,288.83161544799805,169.12803077697754,0,0,0,0,0,0,0,0,0,0,222.4906883239746,11.718976020812988,35.64326333999634,18.97868776321411,nocache_bf16,large_h6_n10_s100_wikics_arxiv,322b174a79431b1fa466fe9d6c4146656cfc4021c19412a8ee526263102c0b0d,756.4923095703125,445.82371044158936,0,479.7966299057007,0,0,0,0
wikics,test,198,98,wikics:test:000098:23be48b489bd9fb1,1,1592.618107,1592.58544921875,1486.174186,106.159415,0.0,0.0,0.0,0.0,248.93590927124023,164.3271999359131,0,0,0,0,0,0,0,0,0,0,186.42806434631348,9.954528212547302,34.983871936798096,17.56944477558136,nocache_bf16,large_h6_n10_s100_wikics_arxiv,23be48b489bd9fb14fe360697fdf38ded476b0d934c1ba487c6b7cd9272b87df,723.1202392578125,426.5569257736206,0,460.890513420105,0,0,0,0
wikics,test,199,99,wikics:test:000099:25d922430a6078eb,1,1436.575512,1436.543701171875,1308.474185,127.812136,0.0,0.0,0.0,0.0,198.71171188354492,157.35171127319336,0,0,0,0,0,0,0,0,0,0,142.93548965454102,7.391327977180481,32.744287967681885,15.64060628414154,nocache_bf16,large_h6_n10_s100_wikics_arxiv,25d922430a6078eb827beb56e89fee9ffb162a0dff995eeecaf2bfa300f2b08d,680.6349487304688,400.3930549621582,0,437.5936050415039,0,0,0,0
wikics,val,0,0,wikics:val:000000:fef527b25a18161e,2,1479.334364,1479.2777099609375,1339.56453,139.313909,0.0,0.0,0.0,0.0,189.06595420837402,143.38422393798828,0,0,0,0,0,0,0,0,0,0,132.24316787719727,6.5548800230026245,36.86476802825928,13.403138279914856,nocache_bf16,large_h6_n10_s100_wikics_arxiv,fef527b25a18161e02256c9a22a5fcb64ea189b88fbf1c593a16f7cef2386a5f,714.11669921875,369.6568965911865,0,487.84402656555176,0,0,0,0
wikics,val,1,1,wikics:val:000001:800111c04191b913,2,1382.547216,1382.517333984375,1277.182874,105.071472,0.0,0.0,0.0,0.0,202.3404426574707,151.24918365478516,0,0,0,0,0,0,0,0,0,0,146.55900764465332,8.0348801612854,32.489216327667236,15.257338523864746,nocache_bf16,large_h6_n10_s100_wikics_arxiv,800111c04191b91313016b0068c7e73134e69c8f1fbc1fa3f47adef8e93827f2,660.0386352539062,388.31001377105713,0,422.9778051376343,0,0,0,0
wikics,val,2,2,wikics:val:000002:55b16141b752157a,2,1468.252316,1468.223876953125,1362.274031,105.690625,0.0,0.0,0.0,0.0,237.71180725097656,163.43056106567383,0,0,0,0,0,0,0,0,0,0,176.42870330810547,9.344608187675476,35.15084886550903,16.787646889686584,nocache_bf16,large_h6_n10_s100_wikics_arxiv,55b16141b752157aa1fbd4558cf493bf5089fa23bda74c0284125c7c88e21247,718.9208984375,423.90326404571533,0,458.4481954574585,0,0,0,0
wikics,val,3,3,wikics:val:000003:eb55f467ab494142,2,1268.096218,1268.068359375,1139.602533,128.219217,0.0,0.0,0.0,0.0,153.5881576538086,140.3743667602539,0,0,0,0,0,0,0,0,0,0,105.33651161193848,5.573919951915741,29.880000114440918,12.797725975513458,nocache_bf16,large_h6_n10_s100_wikics_arxiv,eb55f467ab49414223cbb42727548425fb72d6d25ba1e2ef78c9b8b316f07388,609.6944580078125,360.9997749328613,0,389.0690498352051,0,0,0,0
wikics,val,4,4,wikics:val:000004:94369875875c7eda,2,1419.161018,1419.1319580078125,1311.286491,107.593961,0.0,0.0,0.0,0.0,172.91241645812988,153.36086654663086,0,0,0,0,0,0,0,0,0,0,119.83731079101562,6.3395519852638245,32.23868751525879,14.496866166591644,nocache_bf16,large_h6_n10_s100_wikics_arxiv,94369875875c7eda426ac2e378c77a4b45c69b105d096621273459492e79a002,665.625244140625,391.2170219421387,0,427.7690887451172,0,0,0,0
wikics,val,5,5,wikics:val:000005:2ea19046bdd6fc0b,2,1498.34819,1498.3192138671875,1392.154611,105.919008,0.0,0.0,0.0,0.0,261.41382217407227,167.43123245239258,0,0,0,0,0,0,0,0,0,0,197.82713890075684,10.495328068733215,35.36739206314087,17.723963141441345,nocache_bf16,large_h6_n10_s100_wikics_arxiv,2ea19046bdd6fc0b113221315bcbf4019385f97ac493ef3f6da0ff2ddbc69c2a,739.61572265625,437.19235134124756,0,469.854603767395,0,0,0,0
wikics,val,6,6,wikics:val:000006:deb97ed4b3c8ddd7,2,191.060621,191.03575134277344,82.879415,107.958578,0.0,0.0,0.0,0.0,6.35644805431366,12.555296182632446,0,0,0,0,0,0,0,0,0,0,2.821824014186859,0.1628479976207018,2.03644797205925,1.3353280704468489,nocache_bf16,large_h6_n10_s100_wikics_arxiv,deb97ed4b3c8ddd7bdb39f4af5fcaad656c9c608bfc05ecb40b7af499c9ba112,52.79948806762695,33.12432014942169,0,32.23046410083771,0,0,0,0
wikics,val,7,7,wikics:val:000007:d7f4428cc84938c0,2,1367.511492,1367.4833984375,1255.025449,112.043804,0.0,0.0,0.0,0.0,199.66812133789062,149.69305610656738,0,0,0,0,0,0,0,0,0,0,146.18445014953613,7.734528064727783,30.946719646453857,14.802423477172852,nocache_bf16,large_h6_n10_s100_wikics_arxiv,d7f4428cc84938c0ff422730accf1af7811fdbfe47c2a8963dc760c9d780173f,657.0963134765625,387.02758502960205,0,419.76178455352783,0,0,0,0
wikics,val,8,8,wikics:val:000008:a2de623bf3821acb,2,1503.451394,1503.4219970703125,1376.580138,126.5688,0.0,0.0,0.0,0.0,240.99287033081055,162.35379219055176,0,0,0,0,0,0,0,0,0,0,180.78483200073242,9.564351916313171,33.8789119720459,16.764774441719055,nocache_bf16,large_h6_n10_s100_wikics_arxiv,a2de623bf3821acb00081deda324d566d32c497bd1f73e5fe2b363af6e34451e,708.62158203125,419.07026958465576,0,451.905104637146,0,0,0,0
wikics,val,9,9,wikics:val:000009:5ddc4ad1ca6bddb9,2,1417.276406,1417.247802734375,1295.092308,121.905086,0.0,0.0,0.0,0.0,188.23680114746094,154.60377502441406,0,0,0,0,0,0,0,0,0,0,133.93769645690918,7.047296047210693,32.387168884277344,14.86463975906372,nocache_bf16,large_h6_n10_s100_wikics_arxiv,5ddc4ad1ca6bddb9f2fbe2619a4cc5bfc948088c83072c92fb9968043dfe40b7,675.4664306640625,397.9301767349243,0,432.14002895355225,0,0,0,0
wikics,val,10,10,wikics:val:000010:a657f4dc57cb7b3b,2,188.12562,188.1007080078125,83.348435,104.545825,0.0,0.0,0.0,0.0,6.090623915195465,12.740928173065186,0,0,0,0,0,0,0,0,0,0,2.5906560122966766,0.12441599741578102,2.035392016172409,1.3401598893105984,nocache_bf16,large_h6_n10_s100_wikics_arxiv,a657f4dc57cb7b3bcdd5ce3c72500c507c0f17ae67e675802318c7fef9afe2d3,53.045440673828125,33.18451201915741,0,32.6018568277359,0,0,0,0
wikics,val,11,11,wikics:val:000011:dfa124f13dbb8595,2,1581.09458,1581.065185546875,1459.533654,121.265483,0.0,0.0,0.0,0.0,317.64985275268555,152.51715278625488,0,0,0,0,0,0,0,0,0,0,255.44867706298828,12.79862380027771,31.28812837600708,18.114423513412476,nocache_bf16,large_h6_n10_s100_wikics_arxiv,dfa124f13dbb859594d45abc92fc99eb41ed65a49c8cb209db0ee462a00191e7,676.5400390625,400.3723850250244,0,428.68480682373047,0,0,0,0
wikics,val,12,12,wikics:val:000012:b25c6bff127a88c6,2,1564.76686,1564.737060546875,1455.051561,109.432808,0.0,0.0,0.0,0.0,319.29698944091797,158.50687789916992,0,0,0,0,0,0,0,0,0,0,253.76399993896484,13.272159814834595,32.75017595291138,19.510653734207153,nocache_bf16,large_h6_n10_s100_wikics_arxiv,b25c6bff127a88c663a84dd45840dc6a75f4ae919fa79751a93982ca913e58f8,704.6192626953125,416.14057636260986,0,446.98556423187256,0,0,0,0
wikics,val,13,13,wikics:val:000013:f7ec35bb559bff78,2,1372.733346,1372.7044677734375,1265.421209,107.044339,0.0,0.0,0.0,0.0,204.8106575012207,148.43609619140625,0,0,0,0,0,0,0,0,0,0,150.44819259643555,7.944991827011108,31.264863967895508,15.15260910987854,nocache_bf16,large_h6_n10_s100_wikics_arxiv,f7ec35bb559bff78b63dfdea8a3808323d3557dd6b3c1c55ebd48800dabbb38e,643.2328491210938,377.8325443267822,0,413.8364009857178,0,0,0,0
wikics,val,14,14,wikics:val:000014:cd0465d485a7b221,2,1404.144905,1404.115966796875,1297.66993,106.186289,0.0,0.0,0.0,0.0,207.55075073242188,150.89631843566895,0,0,0,0,0,0,0,0,0,0,151.4251537322998,8.249568104743958,32.476927757263184,15.39910113811493,nocache_bf16,large_h6_n10_s100_wikics_arxiv,cd0465d485a7b2212f8c13a4132eb2ed270289c0ec06183ceead64db97a598de,656.9384765625,386.7596187591553,0,421.0751762390137,0,0,0,0
wikics,val,15,15,wikics:val:000015:760ce76542a910c8,2,1352.480826,1352.45166015625,1225.498815,126.686064,0.0,0.0,0.0,0.0,192.25455474853516,154.73049545288086,0,0,0,0,0,0,0,0,0,0,136.56781005859375,7.10591995716095,32.88160037994385,15.699224352836609,nocache_bf16,large_h6_n10_s100_wikics_arxiv,760ce76542a910c82715bdb1556e1b99c877f5e3ff11acfe5cdb9dec223f2bec,669.661865234375,394.98883152008057,0,429.4035291671753,0,0,0,0
wikics,val,16,16,wikics:val:000016:ecc418214a33ddfc,2,1614.509643,1614.47900390625,1488.128324,125.983218,0.0,0.0,0.0,0.0,304.45398330688477,163.0749454498291,0,0,0,0,0,0,0,0,0,0,238.9533805847168,12.543231725692749,34.00563287734985,18.951738119125366,nocache_bf16,large_h6_n10_s100_wikics_arxiv,ecc418214a33ddfc30aad81571b5ed75b95998d50ad30efd13d1a0853a4c7a97,722.8200073242188,427.1704978942871,0,458.72445487976074,0,0,0,0
wikics,val,17,17,wikics:val:000017:30966d3fabbbe966,2,1578.365548,1578.335693359375,1468.354324,109.65082,0.0,0.0,0.0,0.0,258.86022567749023,164.12864112854004,0,0,0,0,0,0,0,0,0,0,195.75616073608398,10.354527950286865,35.17948770523071,17.570049285888672,nocache_bf16,large_h6_n10_s100_wikics_arxiv,30966d3fabbbe96640c8cbdf2e720544bf71af0cd8c950c087a1a2db14bd743b,719.176025390625,424.79328060150146,0,458.5113859176636,0,0,0,0
wikics,val,18,18,wikics:val:000018:40b87fe5b3865c25,2,1490.453513,1490.4232177734375,1363.275945,126.873529,0.0,0.0,0.0,0.0,229.14518356323242,159.0799674987793,0,0,0,0,0,0,0,0,0,0,170.6807346343994,9.021503806114197,33.296671867370605,16.146273255348206,nocache_bf16,large_h6_n10_s100_wikics_arxiv,40b87fe5b3865c25b0fea0abae1f6a31a4b30ceff215077141910a5c4cdb9017,696.1051635742188,411.15411376953125,0,444.0310173034668,0,0,0,0
wikics,val,19,19,wikics:val:000019:c948629294047854,2,1409.000808,1408.9700927734375,1298.012974,110.415485,0.0,0.0,0.0,0.0,196.66678047180176,150.65260696411133,0,0,0,0,0,0,0,0,0,0,142.76902389526367,7.508128046989441,31.502975940704346,14.8866525888443,nocache_bf16,large_h6_n10_s100_wikics_arxiv,c9486292940478548025bcd39f69bde038c73dc44280ada5e32b7ae0cd0c59c4,660.909912109375,389.44451236724854,0,422.1180067062378,0,0,0,0
wikics,val,20,20,wikics:val:000020:e9a52cacfc1321d3,2,1226.743923,1226.7147216796875,1082.064122,144.353535,0.0,0.0,0.0,0.0,150.72111892700195,134.87248039245605,0,0,0,0,0,0,0,0,0,0,104.91884803771973,5.473792016506195,27.828415870666504,12.500063002109528,nocache_bf16,large_h6_n10_s100_wikics_arxiv,e9a52cacfc1321d3be6f10a0439a054242d79fd11875bc865a4ea4dadbd64e1e,590.1281127929688,347.3604803085327,0,377.6401128768921,0,0,0,0
wikics,val,21,21,wikics:val:000021:f6fad06d0182fdac,2,1378.220216,1378.191650390625,1269.78841,108.14374,0.0,0.0,0.0,0.0,169.7585277557373,147.80601692199707,0,0,0,0,0,0,0,0,0,0,118.14272117614746,6.286336004734039,31.327296257019043,14.002174317836761,nocache_bf16,large_h6_n10_s100_wikics_arxiv,f6fad06d0182fdac16ade7c80ae6ba48ecadf3df08778ef7a76990d17d09763f,646.471435546875,380.00956630706787,0,414.2678861618042,0,0,0,0
wikics,val,22,22,wikics:val:000022:d785569b8bb4a8d7,2,1567.075242,1567.044677734375,1455.978569,110.782877,0.0,0.0,0.0,0.0,258.3129577636719,164.48274993896484,0,0,0,0,0,0,0,0,0,0,195.5046730041504,10.333696007728577,34.77945566177368,17.695133090019226,nocache_bf16,large_h6_n10_s100_wikics_arxiv,d785569b8bb4a8d717e83bb8c9fff3658fc9cccc846cdee9551cd8d56685150b,719.9794921875,425.5471000671387,0,458.9151420593262,0,0,0,0
wikics,val,23,23,wikics:val:000023:30e8db22a669492e,2,1504.345315,1504.3153076171875,1376.950726,126.818171,0.0,0.0,0.0,0.0,242.3655014038086,162.78041458129883,0,0,0,0,0,0,0,0,0,0,181.28201293945312,9.679199934005737,34.345279693603516,17.059008836746216,nocache_bf16,large_h6_n10_s100_wikics_arxiv,30e8db22a669492e9181fdd4dfa056fe4fed95a4be6d84373feae62fc8032f91,714.1627197265625,421.8115186691284,0,455.1316156387329,0,0,0,0
wikics,val,24,24,wikics:val:000024:9c2eb6f46cefd34c,2,1665.992663,1665.9613037109375,1558.466357,107.143296,0.0,0.0,0.0,0.0,401.93718338012695,161.37091255187988,0,0,0,0,0,0,0,0,0,0,330.1161575317383,17.124480485916138,33.37430429458618,21.322241067886353,nocache_bf16,large_h6_n10_s100_wikics_arxiv,9c2eb6f46cefd34c6f201303a1ad616670a71668823f3b38a391df90dfd6daff,727.8341064453125,430.4818572998047,0,458.7231616973877,0,0,0,0
wikics,val,25,25,wikics:val:000025:c748180b049621a4,2,1561.848381,1561.8175048828125,1434.855201,126.661528,0.0,0.0,0.0,0.0,307.1201591491699,160.91180992126465,0,0,0,0,0,0,0,0,0,0,242.18787002563477,12.53488004207611,33.48591947555542,18.911489605903625,nocache_bf16,large_h6_n10_s100_wikics_arxiv,c748180b049621a4c7d3ed44f5609aeec104f7702d160cca2428f5a72b9841e5,712.0772705078125,421.00377559661865,0,451.9853048324585,0,0,0,0
wikics,val,26,26,wikics:val:000026:f66b2c37f14c407f,2,1482.871438,1482.8409423828125,1377.475342,105.038752,0.0,0.0,0.0,0.0,247.4003448486328,164.08835411071777,0,0,0,0,0,0,0,0,0,0,183.9546241760254,9.720064043998718,35.02755165100098,18.698104977607727,nocache_bf16,large_h6_n10_s100_wikics_arxiv,f66b2c37f14c407f4410ff66afbbac91c836532c19438c2e5923e57377491908,719.8970336914062,425.8060178756714,0,458.17936992645264,0,0,0,0
wikics,val,27,27,wikics:val:000027:19b7a4b1069f0703,2,1553.411055,1553.3798828125,1442.239671,110.787431,0.0,0.0,0.0,0.0,246.46630859375,161.10915184020996,0,0,0,0,0,0,0,0,0,0,185.23497772216797,10.013631939888,34.10553598403931,17.112162947654724,nocache_bf16,large_h6_n10_s100_wikics_arxiv,19b7a4b1069f0703e42e1662d1626fa830f58a56b61b61ac44a24e6ebe2d28c4,712.9943237304688,420.75734424591064,0,453.34613132476807,0,0,0,0
wikics,val,28,28,wikics:val:000028:6dcccc0dadc0f236,2,1509.788991,1509.7579345703125,1398.71391,110.70944,0.0,0.0,0.0,0.0,220.01398086547852,167.92828750610352,0,0,0,0,0,0,0,0,0,0,158.70099067687988,8.375744223594666,36.135295391082764,16.801950573921204,nocache_bf16,large_h6_n10_s100_wikics_arxiv,6dcccc0dadc0f2368546ab77570060956e54caca780c3fae3797dd17561f56c2,738.2599487304688,436.50688076019287,0,469.6813554763794,0,0,0,0
wikics,val,29,29,wikics:val:000029:b57c0c6c616584fa,2,1322.657714,1322.628173828125,1212.937885,109.42053,0.0,0.0,0.0,0.0,156.1794548034668,147.08220863342285,0,0,0,0,0,0,0,0,0,0,106.4060173034668,5.636736035346985,30.715424060821533,13.421277403831482,nocache_bf16,large_h6_n10_s100_wikics_arxiv,b57c0c6c616584fa3175a1053d4a5943c17cc66406ff67582d00320f05ece863,639.8234252929688,376.75567626953125,0,410.14995765686035,0,0,0,0
wikics,val,30,30,wikics:val:000030:46cf5a7590979b07,2,1465.52776,1465.4969482421875,1355.21504,109.990571,0.0,0.0,0.0,0.0,260.4676818847656,159.6378879547119,0,0,0,0,0,0,0,0,0,0,199.22912216186523,10.524896025657654,33.39091205596924,17.3227516412735,nocache_bf16,large_h6_n10_s100_wikics_arxiv,46cf5a7590979b072621f92b0e45b838461f0910879853929265a05ebd40704a,705.77734375,415.85385608673096,0,449.56137561798096,0,0,0,0
wikics,val,31,31,wikics:val:000031:2addc42d7b620b3e,2,1482.400884,1482.3707275390625,1375.258905,106.833012,0.0,0.0,0.0,0.0,205.82736206054688,165.48637008666992,0,0,0,0,0,0,0,0,0,0,146.02860832214355,7.839200139045715,35.78175973892212,16.177793860435486,nocache_bf16,large_h6_n10_s100_wikics_arxiv,2addc42d7b620b3eafd7d208a11026fbe79e6857e28c706cb3b0e8c837b03eca,721.5359497070312,425.8175058364868,0,461.20481395721436,0,0,0,0
wikics,val,32,32,wikics:val:000032:57bb329b74f81197,2,1476.719268,1476.68701171875,1365.561318,110.6043,0.0,0.0,0.0,0.0,232.38531112670898,161.4906883239746,0,0,0,0,0,0,0,0,0,0,171.79737663269043,9.10422396659851,34.68988800048828,16.793822526931763,nocache_bf16,large_h6_n10_s100_wikics_arxiv,57bb329b74f81197f5f742a2fa3620e0c9193252afe609c679c1e02045e2ac49,706.4204711914062,415.44239807128906,0,452.4687614440918,0,0,0,0
wikics,val,33,33,wikics:val:000033:894e26b9ae45c623,2,1478.681001,1478.6470947265625,1367.978689,110.357594,0.0,0.0,0.0,0.0,252.6114845275879,159.46329498291016,0,0,0,0,0,0,0,0,0,0,191.82349014282227,10.13759994506836,33.68012762069702,16.970266819000244,nocache_bf16,large_h6_n10_s100_wikics_arxiv,894e26b9ae45c623e068a70ab0e34df3ae778a61aa50d8aa35d698f67ec35e98,707.8373413085938,416.9369249343872,0,450.3637113571167,0,0,0,0
wikics,val,34,34,wikics:val:000034:65ae31af463d1b89,2,1464.06753,1464.0361328125,1358.080161,105.697659,0.0,0.0,0.0,0.0,264.8062400817871,159.58329391479492,0,0,0,0,0,0,0,0,0,0,202.70108795166016,10.762367963790894,33.93302392959595,17.409760236740112,nocache_bf16,large_h6_n10_s100_wikics_arxiv,65ae31af463d1b892011e51a76568ca922eeec0df8a5154042715bf1a7c494d9,706.6879272460938,417.0616340637207,0,449.20958709716797,0,0,0,0
wikics,val,35,35,wikics:val:000035:4693474df4e8fbf5,2,1650.784867,1650.7525634765625,1525.143597,125.33685,0.0,0.0,0.0,0.0,305.30988693237305,160.37059211730957,0,0,0,0,0,0,0,0,0,0,240.36438751220703,12.90825605392456,33.419424057006836,18.61781930923462,nocache_bf16,large_h6_n10_s100_wikics_arxiv,4693474df4e8fbf5fdfd2d96bf57a7b6aabfe78ad448c8e80d959c4101a1f662,714.7656860351562,422.62054538726807,0,452.51573276519775,0,0,0,0
wikics,val,36,36,wikics:val:000036:0759714d0e26521e,2,1478.570946,1478.537841796875,1357.240426,121.036193,0.0,0.0,0.0,0.0,221.2223014831543,157.8159999847412,0,0,0,0,0,0,0,0,0,0,163.0359992980957,8.641119956970215,33.67027187347412,15.874910354614258,nocache_bf16,large_h6_n10_s100_wikics_arxiv,0759714d0e26521e91834222ac4f5b5afd29c0eff6aa294be5e1a3766dc065c1,695.0302124023438,409.84278297424316,0,443.0034294128418,0,0,0,0
wikics,val,37,37,wikics:val:000037:a7f56af4cb70732b,2,1550.923413,1550.891845703125,1439.857692,110.753054,0.0,0.0,0.0,0.0,252.3880615234375,162.68867111206055,0,0,0,0,0,0,0,0,0,0,190.0943374633789,10.177503943443298,34.79193592071533,17.324284195899963,nocache_bf16,large_h6_n10_s100_wikics_arxiv,a7f56af4cb70732bb9074d50d48be472e73eaf5ac49d42d90c7fb997a871ce21,712.35498046875,420.61942195892334,0,454.4242296218872,0,0,0,0
wikics,val,38,38,wikics:val:000038:dad46ac500c3e985,2,1546.489199,1546.4571533203125,1440.406962,105.472116,0.0,0.0,0.0,0.0,222.3823013305664,166.00956916809082,0,0,0,0,0,0,0,0,0,0,161.61593627929688,8.51807987689972,35.522751808166504,16.725533366203308,nocache_bf16,large_h6_n10_s100_wikics_arxiv,dad46ac500c3e9857482209283c5f91bd4729e6956984bc291919024cf405ee8,725.8711547851562,427.9308166503906,0,463.94990730285645,0,0,0,0
wikics,val,39,39,wikics:val:000039:53e5be2b68e5930e,2,1573.865465,1573.83349609375,1447.318032,126.236429,0.0,0.0,0.0,0.0,310.91299057006836,152.93196868896484,0,0,0,0,0,0,0,0,0,0,247.73772811889648,13.048192024230957,31.68057632446289,18.446494102478027,nocache_bf16,large_h6_n10_s100_wikics_arxiv,53e5be2b68e5930eb72e6abd780a479e5ec14029f6796037de28e272d8d08878,676.6930541992188,399.87439727783203,0,429.75062561035156,0,0,0,0
wikics,val,40,40,wikics:val:000040:f5c8ec8453d3a18e,2,1295.385023,1295.3543701171875,1188.873239,106.214384,0.0,0.0,0.0,0.0,189.86028671264648,142.52713584899902,0,0,0,0,0,0,0,0,0,0,138.08761405944824,7.521119952201843,30.063103675842285,14.188449025154114,nocache_bf16,large_h6_n10_s100_wikics_arxiv,f5c8ec8453d3a18e3d258c2f5898202e9d148044b51ad92e9766efccc4a3c27c,631.7733154296875,369.5565423965454,0,404.7439088821411,0,0,0,0
wikics,val,41,41,wikics:val:000041:0a1aea6f2ab10ebb,2,1635.656025,1635.6236572265625,1530.877044,104.488659,0.0,0.0,0.0,0.0,316.3990364074707,162.3878402709961,0,0,0,0,0,0,0,0,0,0,249.73606491088867,13.246815919876099,33.87942361831665,19.536731958389282,nocache_bf16,large_h6_n10_s100_wikics_arxiv,0a1aea6f2ab10ebbb8741837ad5f8891fe42bfc4bfa6ca2c2c4141a32360b0e7,725.0379028320312,429.22838306427,0,458.1973600387573,0,0,0,0
wikics,val,42,42,wikics:val:000042:6b1dd5c3859cc886,2,1491.463402,1491.4320068359375,1380.585517,110.579881,0.0,0.0,0.0,0.0,210.6292495727539,165.98169708251953,0,0,0,0,0,0,0,0,0,0,150.48118209838867,7.822528004646301,36.01961612701416,16.305923342704773,nocache_bf16,large_h6_n10_s100_wikics_arxiv,6b1dd5c3859cc886d64cde0c7ecb8890de634840ab945555bc2408dbb9643e78,724.66796875,426.54114818573,0,464.10851764678955,0,0,0,0
wikics,val,43,43,wikics:val:000043:5164e28991dfba94,2,1448.025357,1447.99365234375,1320.66101,127.061793,0.0,0.0,0.0,0.0,204.63107299804688,152.2154884338379,0,0,0,0,0,0,0,0,0,0,149.37277030944824,8.072352051734924,32.16505575180054,15.020894885063171,nocache_bf16,large_h6_n10_s100_wikics_arxiv,5164e28991dfba940695c47609da38adb72fec7b962b72c3fc11f98b771028d1,671.9137573242188,396.0517120361328,0,428.0775337219238,0,0,0,0
wikics,val,44,44,wikics:val:000044:a1e23c83773db96a,2,1503.348036,1503.31591796875,1376.383626,126.670487,0.0,0.0,0.0,0.0,242.47855758666992,161.8671703338623,0,0,0,0,0,0,0,0,0,0,181.55235290527344,9.612095952033997,34.388512134552,16.925596594810486,nocache_bf16,large_h6_n10_s100_wikics_arxiv,a1e23c83773db96a01bf838bf188e3dfb7ca66f39a28efe567f992bf99606076,715.6881103515625,422.54544162750244,0,455.00983905792236,0,0,0,0
wikics,val,45,45,wikics:val:000045:468961e707127957,2,1586.816914,1586.7850341796875,1476.732342,109.791507,0.0,0.0,0.0,0.0,294.0662384033203,167.19708824157715,0,0,0,0,0,0,0,0,0,0,229.05517196655273,12.028480052947998,34.46732759475708,18.5152587890625,nocache_bf16,large_h6_n10_s100_wikics_arxiv,468961e707127957b260758066a254430361fc6520124ac947aa20ec9ea66115,741.8167114257812,438.3483180999756,0,470.6654815673828,0,0,0,0
wikics,val,46,46,wikics:val:000046:f3cf1d41caa4c2d9,2,1432.790282,1432.7596435546875,1305.404599,127.051951,0.0,0.0,0.0,0.0,193.4569263458252,156.19615936279297,0,0,0,0,0,0,0,0,0,0,138.05881309509277,7.139680027961731,32.9901442527771,15.268288969993591,nocache_bf16,large_h6_n10_s100_wikics_arxiv,f3cf1d41caa4c2d9aee35e66e1b95d288a274a344aed7288a15b83678d0c9b0f,681.3396606445312,401.2454710006714,0,436.29034900665283,0,0,0,0
wikics,val,47,47,wikics:val:000047:bd32e929138a4b77,2,1479.656827,1479.6251220703125,1374.411972,104.934602,0.0,0.0,0.0,0.0,245.68204879760742,164.10969924926758,0,0,0,0,0,0,0,0,0,0,183.57737731933594,9.668928027153015,35.129151821136475,17.306591629981995,nocache_bf16,large_h6_n10_s100_wikics_arxiv,bd32e929138a4b77bc048f77bd95b0ae2df40ec2142b7d96ce1fdf8f013783d6,723.4667358398438,427.16889572143555,0,460.4075393676758,0,0,0,0
wikics,val,48,48,wikics:val:000048:6eff2b19b7a04da7,2,1503.114607,1503.0828857421875,1392.022737,110.746326,0.0,0.0,0.0,0.0,181.59059143066406,151.36124992370605,0,0,0,0,0,0,0,0,0,0,128.50236892700195,6.79040002822876,31.859776496887207,14.438045978546143,nocache_bf16,large_h6_n10_s100_wikics_arxiv,6eff2b19b7a04da79c3852b11623e45f5e95243bd84be5804a42f68214bedb34,659.7386474609375,388.41619205474854,0,422.683705329895,0,0,0,0
wikics,val,49,49,wikics:val:000049:a710ed9d3274bc0d,2,1524.460821,1524.4293212890625,1413.277629,110.887744,0.0,0.0,0.0,0.0,211.34889221191406,166.0661106109619,0,0,0,0,0,0,0,0,0,0,151.04438400268555,7.883520007133484,36.08899211883545,16.331996083259583,nocache_bf16,large_h6_n10_s100_wikics_arxiv,a710ed9d3274bc0d9f0fb0ea4c32ba851c8bbe00839b9daed62e9d43b3352bf2,725.1209716796875,426.80268955230713,0,464.3843927383423,0,0,0,0
wikics,val,50,50,wikics:val:000050:1c058b8728feaf12,2,1472.504298,1472.4730224609375,1365.588431,106.623752,0.0,0.0,0.0,0.0,233.0002555847168,160.19414520263672,0,0,0,0,0,0,0,0,0,0,172.79913711547852,9.171040058135986,34.35871934890747,16.671359062194824,nocache_bf16,large_h6_n10_s100_wikics_arxiv,1c058b8728feaf12cbe4ab8e03522106fc37295ec871564e5fc151a2fbb470d5,706.55908203125,415.927264213562,0,450.8259630203247,0,0,0,0
wikics,val,51,51,wikics:val:000051:d60eeaca25598834,2,1474.822376,1474.791259765625,1367.028189,107.502276,0.0,0.0,0.0,0.0,231.5351676940918,161.54483222961426,0,0,0,0,0,0,0,0,0,0,171.75391960144043,9.092320084571838,34.11110305786133,16.5778249502182,nocache_bf16,large_h6_n10_s100_wikics_arxiv,d60eeaca25598834706edcb52ebc7531cf2e17cfda9b41db2d8027815a0c0c09,709.5184936523438,417.0731840133667,0,453.9901418685913,0,0,0,0
wikics,val,52,52,wikics:val:000052:9d402c29e66ea4c0,2,1418.014745,1417.98388671875,1279.235812,138.499398,0.0,0.0,0.0,0.0,191.36540603637695,152.35443305969238,0,0,0,0,0,0,0,0,0,0,137.64220809936523,7.192991852760315,31.76806354522705,14.762142539024353,nocache_bf16,large_h6_n10_s100_wikics_arxiv,9d402c29e66ea4c0512dc9a25029ae2df086560fbc652776c688794053e56213,662.7623291015625,390.3220796585083,0,424.7946825027466,0,0,0,0
wikics,val,53,53,wikics:val:000053:ed2693d240246643,2,1560.153954,1560.11962890625,1453.372633,106.473452,0.0,0.0,0.0,0.0,304.15603256225586,160.34390449523926,0,0,0,0,0,0,0,0,0,0,239.34857559204102,12.489727854728699,33.8307843208313,18.486944794654846,nocache_bf16,large_h6_n10_s100_wikics_arxiv,ed2693d240246643addf6808c0115c2eed9d294dd989ee0fdb3375681b9cf25d,710.1430053710938,418.5643196105957,0,451.9225902557373,0,0,0,0
wikics,val,54,54,wikics:val:000054:a8e2f7ed77837d4b,2,1557.081997,1557.0496826171875,1435.257254,121.532096,0.0,0.0,0.0,0.0,306.61359786987305,162.07932662963867,0,0,0,0,0,0,0,0,0,0,241.07983779907227,12.63481593132019,33.626944065093994,19.272000074386597,nocache_bf16,large_h6_n10_s100_wikics_arxiv,a8e2f7ed77837d4b652e18f0316c93d7e0ed16853eb7f80344c9fee1ffa7073d,714.7526245117188,422.8260154724121,0,454.0059356689453,0,0,0,0
wikics,val,55,55,wikics:val:000055:3c1e3f2074abd3c8,2,1524.454384,1524.4224853515625,1412.818634,111.128818,0.0,0.0,0.0,0.0,207.15401458740234,165.19264030456543,0,0,0,0,0,0,0,0,0,0,147.35142517089844,7.878048062324524,35.81811237335205,16.10642898082733,nocache_bf16,large_h6_n10_s100_wikics_arxiv,3c1e3f2074abd3c877291529fd1f3d17d7985de2b8671dbb87cc71e5b84081c3,725.747314453125,427.3600606918335,0,463.57989406585693,0,0,0,0
wikics,val,56,56,wikics:val:000056:efcb08cf59d1e854,2,1285.434045,1285.4033203125,1172.95552,112.177485,0.0,0.0,0.0,0.0,204.54355239868164,136.63007926940918,0,0,0,0,0,0,0,0,0,0,152.24803161621094,8.141215920448303,28.61900806427002,15.53529679775238,nocache_bf16,large_h6_n10_s100_wikics_arxiv,efcb08cf59d1e85484c1341b5bc27bdb0c54c55af7ed792f8233e590836e90af,598.80712890625,353.3035545349121,0,382.13365364074707,0,0,0,0
wikics,val,57,57,wikics:val:000057:a3c7f395d320220a,2,1523.802301,1523.7698974609375,1412.522518,110.940732,0.0,0.0,0.0,0.0,207.1609001159668,165.32105445861816,0,0,0,0,0,0,0,0,0,0,147.15657806396484,7.859359979629517,35.86143970489502,16.283522367477417,nocache_bf16,large_h6_n10_s100_wikics_arxiv,a3c7f395d320220a49b18c10c43aaaf35b12e9f9b3cb44a936cd1bb76ea87e41,726.4932861328125,427.99414443969727,0,463.8201961517334,0,0,0,0
wikics,val,58,58,wikics:val:000058:8074f83a06f99a82,2,1484.456796,1484.4254150390625,1361.414467,122.765947,0.0,0.0,0.0,0.0,220.15222930908203,159.30639839172363,0,0,0,0,0,0,0,0,0,0,161.93244743347168,8.556927919387817,33.60166358947754,16.061190366744995,nocache_bf16,large_h6_n10_s100_wikics_arxiv,8074f83a06f99a823ad68d64ea27ab58e9d24ea96ba8e9704f5e2377f3caced5,698.6644287109375,412.4500503540039,0,445.5207767486572,0,0,0,0
wikics,val,59,59,wikics:val:000059:21f4f0d64380bdda,2,1630.052822,1630.01953125,1504.216712,125.547009,0.0,0.0,0.0,0.0,247.66146850585938,164.47862243652344,0,0,0,0,0,0,0,0,0,0,185.3592014312744,9.87449586391449,35.28864049911499,17.13913071155548,nocache_bf16,large_h6_n10_s100_wikics_arxiv,21f4f0d64380bdda046d4cc1db9002aca0956e7f0f93cad73d32b7c41fab9a1f,725.9746704101562,429.24755573272705,0,461.20573711395264,0,0,0,0
wikics,val,60,60,wikics:val:000060:9dd18ea1fcd0219b,2,1514.55142,1514.5189208984375,1402.74857,111.50802,0.0,0.0,0.0,0.0,219.5734748840332,168.62348747253418,0,0,0,0,0,0,0,0,0,0,158.53897666931152,8.374176025390625,36.080575942993164,16.57974624633789,nocache_bf16,large_h6_n10_s100_wikics_arxiv,9dd18ea1fcd0219b60d99cd4a59d6991950025d43145db4f4bb3fd8b8b79fa86,743.943603515625,439.40259170532227,0,473.1644992828369,0,0,0,0
wikics,val,61,61,wikics:val:000061:59ffc0873b2736bd,2,1572.501839,1572.4693603515625,1450.153252,122.04916,0.0,0.0,0.0,0.0,229.31792068481445,162.4938564300537,0,0,0,0,0,0,0,0,0,0,169.68233489990234,8.862911820411682,34.37827205657959,16.394401907920837,nocache_bf16,large_h6_n10_s100_wikics_arxiv,59ffc0873b2736bd1131d5f3759451a37bcf18ecedae90549af313f517e26f4f,718.6041259765625,424.0461130142212,0,457.051869392395,0,0,0,0
wikics,val,62,62,wikics:val:000062:cd046bf69ef46f20,2,1496.299133,1496.2664794921875,1389.564667,106.445004,0.0,0.0,0.0,0.0,252.32540893554688,162.39123153686523,0,0,0,0,0,0,0,0,0,0,190.83817863464355,10.027007937431335,34.333984375,17.126237988471985,nocache_bf16,large_h6_n10_s100_wikics_arxiv,cd046bf69ef46f204090fdd4878f751b1f18829050a54ec040957e600ad3cc68,715.3903198242188,422.95085048675537,0,454.8307008743286,0,0,0,0
wikics,val,63,63,wikics:val:000063:fdccf80ac6d5ed10,2,1549.631214,1549.598876953125,1443.272845,106.073696,0.0,0.0,0.0,0.0,281.52678298950195,164.23990631103516,0,0,0,0,0,0,0,0,0,0,217.21289825439453,11.337024092674255,34.65504026412964,18.321820378303528,nocache_bf16,large_h6_n10_s100_wikics_arxiv,fdccf80ac6d5ed1031f1caf4ad0b8707e4063633f670534cc7316f4a63d581b6,724.1035766601562,427.91462326049805,0,460.42885971069336,0,0,0,0
wikics,val,64,64,wikics:val:000064:c21d83b7a925b1f1,2,1468.733034,1468.701416015625,1362.379125,106.075647,0.0,0.0,0.0,0.0,221.5107879638672,150.11072158813477,0,0,0,0,0,0,0,0,0,0,165.46915245056152,8.738079905509949,30.86793565750122,16.435619950294495,nocache_bf16,large_h6_n10_s100_wikics_arxiv,c21d83b7a925b1f1e3bf58aa888458f37c3c7959cc0860b33d5364e471f3be69,663.5437622070312,391.0977945327759,0,422.55668926239014,0,0,0,0
wikics,val,65,65,wikics:val:000065:8018dabccc7a098b,2,1524.718987,1524.6861572265625,1412.501242,111.840269,0.0,0.0,0.0,0.0,245.49846267700195,165.19657707214355,0,0,0,0,0,0,0,0,0,0,182.8143367767334,9.652480006217957,35.660192012786865,17.371453881263733,nocache_bf16,large_h6_n10_s100_wikics_arxiv,8018dabccc7a098b9082792cb6fdae67c3e451b13db77164ff6d6cbbfdbd5771,728.2586669921875,429.08012771606445,0,464.3751163482666,0,0,0,0
wikics,val,66,66,wikics:val:000066:70258368f4491f0c,2,1209.844381,1209.814453125,1078.911845,130.642269,0.0,0.0,0.0,0.0,148.49459266662598,135.1623363494873,0,0,0,0,0,0,0,0,0,0,102.93334579467773,5.39654403924942,27.67571210861206,12.488990724086761,nocache_bf16,large_h6_n10_s100_wikics_arxiv,70258368f4491f0c1f933e937a47280efcd886e3740f7d5b30af914ae2f65ae3,590.5693969726562,348.2656002044678,0,377.4661331176758,0,0,0,0
wikics,val,67,67,wikics:val:000067:7139754de7086e77,2,1338.682415,1338.6507568359375,1215.668209,122.722388,0.0,0.0,0.0,0.0,191.18438148498535,154.62911987304688,0,0,0,0,0,0,0,0,0,0,136.48771286010742,7.227488040924072,32.4169602394104,15.052220344543457,nocache_bf16,large_h6_n10_s100_wikics_arxiv,7139754de7086e7765da5a2bc4d08a7109fb268c05df038a524b37555f626219,673.6402587890625,396.34499073028564,0,431.92438793182373,0,0,0,0
wikics,val,68,68,wikics:val:000068:d09d5c84fefc31fa,2,1504.311753,1504.2802734375,1376.196657,127.81181,0.0,0.0,0.0,0.0,244.57878494262695,162.39542388916016,0,0,0,0,0,0,0,0,0,0,183.4557113647461,9.699551939964294,34.56931161880493,16.854210019111633,nocache_bf16,large_h6_n10_s100_wikics_arxiv,d09d5c84fefc31faa39227124c4a8196cf807ad304e4c22c39827c1e72c189a7,717.9327392578125,423.780161857605,0,456.5480012893677,0,0,0,0
wikics,val,69,69,wikics:val:000069:da8713a1886318f3,2,1639.351153,1639.3182373046875,1527.976422,111.08319,0.0,0.0,0.0,0.0,371.96054458618164,162.67334365844727,0,0,0,0,0,0,0,0,0,0,301.8594284057617,15.739680051803589,33.79228734970093,20.569148778915405,nocache_bf16,large_h6_n10_s100_wikics_arxiv,da8713a1886318f35bebbc1f6a260d9043f0f17461ca5357ede1eebbf97c39b9,727.9713134765625,430.70963191986084,0,459.9350252151489,0,0,0,0
wikics,val,70,70,wikics:val:000070:c07c01ab1d837bee,2,1499.787937,1499.7545166015625,1388.298221,111.211781,0.0,0.0,0.0,0.0,223.4739532470703,163.70902252197266,0,0,0,0,0,0,0,0,0,0,163.33030319213867,8.735455989837646,34.795552253723145,16.61264181137085,nocache_bf16,large_h6_n10_s100_wikics_arxiv,c07c01ab1d837bee495fe549fb059614c21012d28950d436a260cad0b20e355e,720.0914916992188,424.58038330078125,0,459.22013092041016,0,0,0,0
wikics,val,71,71,wikics:val:000071:a33e3d4cce48fcc3,2,1477.157306,1477.125244140625,1370.441021,106.439021,0.0,0.0,0.0,0.0,233.88959884643555,161.043550491333,0,0,0,0,0,0,0,0,0,0,173.29919815063477,9.188352108001709,34.63779258728027,16.7642560005188,nocache_bf16,large_h6_n10_s100_wikics_arxiv,a33e3d4cce48fcc3980549bc7f9e0f293f769fa36ec601986da634453cff0f01,711.2422485351562,418.5304956436157,0,453.75530338287354,0,0,0,0
wikics,val,72,72,wikics:val:000072:f1151d716149ae48,2,1643.505803,1643.47216796875,1538.535885,104.672071,0.0,0.0,0.0,0.0,319.56690979003906,163.27865600585938,0,0,0,0,0,0,0,0,0,0,252.55369186401367,13.244479894638062,34.06697607040405,19.701761960983276,nocache_bf16,large_h6_n10_s100_wikics_arxiv,f1151d716149ae48dbc85a7874ec59788c1e359220abb0af2364121fabe8da24,728.759033203125,430.6655044555664,0,461.37218475341797,0,0,0,0
wikics,val,73,73,wikics:val:000073:4b3154d00ed508a1,2,1574.047234,1574.0140380859375,1461.88391,111.821349,0.0,0.0,0.0,0.0,259.4368667602539,164.20150566101074,0,0,0,0,0,0,0,0,0,0,196.10332679748535,10.521183967590332,35.23740863800049,17.574947357177734,nocache_bf16,large_h6_n10_s100_wikics_arxiv,4b3154d00ed508a163face2906b779bc860da600f6b41d6bca03a69eddd4dac0,727.0956420898438,428.4128351211548,0,462.8843126296997,0,0,0,0
wikics,val,74,74,wikics:val:000074:63d8027fe96dbd40,2,1510.9259,1510.8924560546875,1404.052137,106.565146,0.0,0.0,0.0,0.0,225.44598388671875,162.7755527496338,0,0,0,0,0,0,0,0,0,0,165.85670471191406,8.747008085250854,34.54083204269409,16.30143904685974,nocache_bf16,large_h6_n10_s100_wikics_arxiv,63d8027fe96dbd400c3253b6fea3dff229a9d059b23d14f1f2fd66ad5dc976a6,721.97265625,425.38918590545654,0,459.35902309417725,0,0,0,0
wikics,val,75,75,wikics:val:000075:205fb8181f3470fd,2,1395.250029,1395.2174072265625,1282.131289,112.795661,0.0,0.0,0.0,0.0,209.45609664916992,152.7016658782959,0,0,0,0,0,0,0,0,0,0,151.87843132019043,8.172352075576782,33.138975620269775,16.266337633132935,nocache_bf16,large_h6_n10_s100_wikics_arxiv,205fb8181f3470fdbd1270150f71b5fca1cc9f81c402b312d394c3d904a0d37f,664.373046875,391.2998380661011,0,425.7748746871948,0,0,0,0
wikics,val,76,76,wikics:val:000076:ddb2213b21b70ae0,2,1506.066406,1506.0330810546875,1400.622028,105.133339,0.0,0.0,0.0,0.0,267.5598678588867,168.49913597106934,0,0,0,0,0,0,0,0,0,0,202.3970546722412,10.674943923950195,36.33881616592407,18.14905309677124,nocache_bf16,large_h6_n10_s100_wikics_arxiv,ddb2213b21b70ae0608c1c092117830fd7e17b1a716dacdda024759397179a65,745.1055297851562,439.939679145813,0,473.6649866104126,0,0,0,0
wikics,val,77,77,wikics:val:000077:f1913089890132b9,2,1421.522612,1421.490234375,1293.526527,127.673601,0.0,0.0,0.0,0.0,190.60201263427734,158.03756713867188,0,0,0,0,0,0,0,0,0,0,134.6038055419922,7.178399920463562,33.4649600982666,15.354847073554993,nocache_bf16,large_h6_n10_s100_wikics_arxiv,f1913089890132b93fdaffc173538a9f3a7d21ccce41a3e9e4c9795128d4bd45,682.6217651367188,402.8136625289917,0,437.8456697463989,0,0,0,0
wikics,val,78,78,wikics:val:000078:0761a00cafcc55ff,2,1491.596937,1491.5640869140625,1377.770983,113.40781,0.0,0.0,0.0,0.0,258.5871696472168,154.90755462646484,0,0,0,0,0,0,0,0,0,0,198.87312126159668,10.50166392326355,32.19321632385254,17.01916813850403,nocache_bf16,large_h6_n10_s100_wikics_arxiv,0761a00cafcc55ff9fe63e26139f58aec60e88d6395fc46a23de2ad601161439,687.4486694335938,404.77964878082275,0,437.57657527923584,0,0,0,0
wikics,val,79,79,wikics:val:000079:2fe77eb4bcc2fb53,2,1479.619665,1479.58642578125,1373.000868,106.272783,0.0,0.0,0.0,0.0,253.53558349609375,160.36710166931152,0,0,0,0,0,0,0,0,0,0,192.26351928710938,10.167808175086975,34.07107210159302,17.033183932304382,nocache_bf16,large_h6_n10_s100_wikics_arxiv,2fe77eb4bcc2fb53c2211e341bc094a3a30350f3b9232464ae3b32fe2ec8eddd,714.191162109375,420.1505603790283,0,454.4077033996582,0,0,0,0
wikics,val,80,80,wikics:val:000080:78e4b73fcf74884b,2,1476.428064,1476.3936767578125,1368.243031,107.850719,0.0,0.0,0.0,0.0,232.63407516479492,161.956449508667,0,0,0,0,0,0,0,0,0,0,172.1642551422119,9.066688060760498,34.591328144073486,16.811803817749023,nocache_bf16,large_h6_n10_s100_wikics_arxiv,78e4b73fcf74884bd0f9d8224587705bf2a860666e91c84c032b4c3d0586467b,710.0276489257812,418.0540781021118,0,453.9300203323364,0,0,0,0
wikics,val,81,81,wikics:val:000081:20ce9780b00f15b5,2,1498.967621,1498.9345703125,1391.606577,107.065862,0.0,0.0,0.0,0.0,252.12291717529297,163.20380973815918,0,0,0,0,0,0,0,0,0,0,190.12169647216797,10.037472009658813,34.553184509277344,17.410564184188843,nocache_bf16,large_h6_n10_s100_wikics_arxiv,20ce9780b00f15b52811a677413a49886c9d562891b0f085e645f3da627331e0,719.0078735351562,423.86633586883545,0,458.34534740448,0,0,0,0
wikics,val,82,82,wikics:val:000082:15505e4df399c749,2,1476.330012,1476.2967529296875,1369.015076,107.010009,0.0,0.0,0.0,0.0,260.75660705566406,153.81036758422852,0,0,0,0,0,0,0,0,0,0,200.85615921020508,10.660415887832642,32.29481649398804,16.945215463638306,nocache_bf16,large_h6_n10_s100_wikics_arxiv,15505e4df399c7492f629e9c7965cca92311ad45c4e2d4f2a65ee42f5ca8ba25,682.8981323242188,402.39424228668213,0,434.31425762176514,0,0,0,0
wikics,val,83,83,wikics:val:000083:a7ba3d44aa7499fe,2,1333.065988,1333.033203125,1224.011211,108.757771,0.0,0.0,0.0,0.0,160.79011344909668,149.54825592041016,0,0,0,0,0,0,0,0,0,0,109.97580909729004,5.764928042888641,31.254944324493408,13.794431984424591,nocache_bf16,large_h6_n10_s100_wikics_arxiv,a7ba3d44aa7499fee1445d9215d7a72b29cbdb6a49ba0da38d84ee982ee40490,644.7785034179688,378.88092613220215,0,415.44583320617676,0,0,0,0
wikics,val,84,84,wikics:val:000084:35732c8658931b86,2,1478.325082,1478.2926025390625,1371.64434,106.373937,0.0,0.0,0.0,0.0,258.93103790283203,155.1303653717041,0,0,0,0,0,0,0,0,0,0,198.91539573669434,10.50435185432434,32.336607456207275,17.17468285560608,nocache_bf16,large_h6_n10_s100_wikics_arxiv,35732c8658931b8612504cc455b6580ea44423ed7f94899d50f3c900f855d03c,682.3287963867188,402.5616645812988,0,434.897497177124,0,0,0,0
wikics,val,85,85,wikics:val:000085:39693add84393c3e,2,1379.549641,1379.51708984375,1271.965905,107.299284,0.0,0.0,0.0,0.0,202.3935089111328,150.9898567199707,0,0,0,0,0,0,0,0,0,0,148.04044914245605,7.8554240465164185,31.519327640533447,14.978308081626892,nocache_bf16,large_h6_n10_s100_wikics_arxiv,39693add84393c3e86597303a982f69e8c2c131c841d86b3540fc8836693ee22,664.0881958007812,390.11542224884033,0,424.9626302719116,0,0,0,0
wikics,val,86,86,wikics:val:000086:6154d20de82ca154,2,1412.906532,1412.8739013671875,1288.972844,123.610714,0.0,0.0,0.0,0.0,190.46646308898926,156.89510345458984,0,0,0,0,0,0,0,0,0,0,134.71577644348145,7.169152021408081,33.3056321144104,15.275902509689331,nocache_bf16,large_h6_n10_s100_wikics_arxiv,6154d20de82ca154d31dc1757ffb5df0b6b9fab72293c3c0850611659ced11c3,681.63427734375,401.4005756378174,0,437.12880516052246,0,0,0,0
wikics,val,87,87,wikics:val:000087:2d8e1c91732f7fc9,2,1504.420004,1504.3861083984375,1380.279122,123.820639,0.0,0.0,0.0,0.0,218.7773094177246,162.72822189331055,0,0,0,0,0,0,0,0,0,0,159.5314235687256,8.423776149749756,34.46502351760864,16.357086181640625,nocache_bf16,large_h6_n10_s100_wikics_arxiv,2d8e1c91732f7fc9dc9d186a2ca2f383b734021eb501adc5b8e0ed0ef87a507d,710.7338256835938,418.2544651031494,0,455.2075824737549,0,0,0,0
wikics,val,88,88,wikics:val:000088:edf1f65b0215397f,2,1578.910435,1578.87646484375,1467.522894,111.086717,0.0,0.0,0.0,0.0,264.3088035583496,164.95190238952637,0,0,0,0,0,0,0,0,0,0,199.79148483276367,10.603520154953003,35.872639656066895,18.04115891456604,nocache_bf16,large_h6_n10_s100_wikics_arxiv,edf1f65b0215397f7db64f2b0af499b296dd7db24bda5492ace4393562a0e0a3,730.3191528320312,430.3984966278076,0,464.87255859375,0,0,0,0
wikics,val,89,89,wikics:val:000089:cc473da6146fe84a,2,1514.798891,1514.7667236328125,1406.763875,107.724097,0.0,0.0,0.0,0.0,256.6848335266113,159.29145431518555,0,0,0,0,0,0,0,0,0,0,195.28495979309082,10.499711990356445,33.774399757385254,17.12576198577881,nocache_bf16,large_h6_n10_s100_wikics_arxiv,cc473da6146fe84a261cfc81f796542bafb0eacffffc7c8a2c614f0834c25fc7,702.72021484375,413.81718730926514,0,448.1944818496704,0,0,0,0
wikics,val,90,90,wikics:val:000090:04f10178109bc189,2,1593.598608,1593.564208984375,1470.339126,122.973798,0.0,0.0,0.0,0.0,259.82486724853516,164.6174716949463,0,0,0,0,0,0,0,0,0,0,196.180513381958,10.422783970832825,35.586880683898926,17.634689211845398,nocache_bf16,large_h6_n10_s100_wikics_arxiv,04f10178109bc18987c0d161e505acc91bd5670d8f9419c8668ecccb3d4a4fea,730.7312622070312,430.22022438049316,0,465.1285095214844,0,0,0,0
wikics,val,91,91,wikics:val:000091:6005ecd7d5ac622d,2,1339.01858,1338.9871826171875,1226.730621,111.997271,0.0,0.0,0.0,0.0,188.84832191467285,145.83234977722168,0,0,0,0,0,0,0,0,0,0,136.8231029510498,7.258336067199707,30.400063514709473,14.366819381713867,nocache_bf16,large_h6_n10_s100_wikics_arxiv,6005ecd7d5ac622de1a177d20f147dd9d8a3627c61c0d028b05dbd49891ee46f,638.4368286132812,375.54815673828125,0,408.7210216522217,0,0,0,0
wikics,val,92,92,wikics:val:000092:73a973d4261a61c9,2,1563.868303,1563.8343505859375,1440.401134,123.14458,0.0,0.0,0.0,0.0,317.5736656188965,162.99599838256836,0,0,0,0,0,0,0,0,0,0,250.90492630004883,12.774080038070679,34.17804765701294,19.716611623764038,nocache_bf16,large_h6_n10_s100_wikics_arxiv,73a973d4261a61c9ab186d29b44931ed7c5bff0e00c5110bc7a221fbb62df03c,721.6629638671875,425.89865589141846,0,458.7603063583374,0,0,0,0
wikics,val,93,93,wikics:val:000093:d724956d62b3a7fc,2,1557.042262,1557.008056640625,1433.875793,122.831863,0.0,0.0,0.0,0.0,312.99929428100586,162.76755332946777,0,0,0,0,0,0,0,0,0,0,246.56435012817383,12.74454402923584,33.83769607543945,19.85270404815674,nocache_bf16,large_h6_n10_s100_wikics_arxiv,d724956d62b3a7fcacd941394e399a7d05dc8293c6783e71baa7f6861404e482,720.9171752929688,425.4722900390625,0,458.212438583374,0,0,0,0
wikics,val,94,94,wikics:val:000094:3184012ce3fd116b,2,1558.731076,1558.6966552734375,1431.888116,126.353575,0.0,0.0,0.0,0.0,310.8640327453613,162.51795387268066,0,0,0,0,0,0,0,0,0,0,244.79322052001953,12.716959953308105,33.87539196014404,19.47846031188965,nocache_bf16,large_h6_n10_s100_wikics_arxiv,3184012ce3fd116b5a1c75421824747786bb2b0fd93fb15f6e13f67525491820,721.0442504882812,426.0363531112671,0,457.5258512496948,0,0,0,0
wikics,val,95,95,wikics:val:000095:5896bd7e52cfe097,2,1594.420306,1594.3878173828125,1472.62918,121.470742,0.0,0.0,0.0,0.0,309.6413154602051,164.29513549804688,0,0,0,0,0,0,0,0,0,0,242.90700912475586,12.751967906951904,34.30156850814819,19.68076992034912,nocache_bf16,large_h6_n10_s100_wikics_arxiv,5896bd7e52cfe097327cd8ed639653674c955ddf369bc55d1960b629703e361e,728.58154296875,431.1109781265259,0,461.765700340271,0,0,0,0
wikics,val,96,96,wikics:val:000096:e0d75fdd10f22e74,2,1316.772636,1316.741455078125,1203.474835,112.99286,0.0,0.0,0.0,0.0,208.38153457641602,145.2119026184082,0,0,0,0,0,0,0,0,0,0,155.12553787231445,8.181504130363464,30.074656009674072,14.999836564064026,nocache_bf16,large_h6_n10_s100_wikics_arxiv,e0d75fdd10f22e74abcf3b05065d2374d4d1eeea4d96c2ce62fec18e8e1931fd,642.3178100585938,376.63977432250977,0,410.8899383544922,0,0,0,0
wikics,val,97,97,wikics:val:000097:4ecd8b7732146f0e,2,1580.851959,1580.8182373046875,1473.762043,106.665548,0.0,0.0,0.0,0.0,217.33683395385742,159.94089889526367,0,0,0,0,0,0,0,0,0,0,157.94972801208496,8.431487917900085,34.6144323348999,16.341185688972473,nocache_bf16,large_h6_n10_s100_wikics_arxiv,4ecd8b7732146f0ead756c272e471e92c7481de63dcac7feb1ad635935de08c1,702.6021118164062,413.9172487258911,0,448.6257619857788,0,0,0,0
wikics,val,98,98,wikics:val:000098:255280efcfde1df9,2,1506.955614,1506.9224853515625,1395.524665,111.100967,0.0,0.0,0.0,0.0,257.6695365905762,158.95664024353027,0,0,0,0,0,0,0,0,0,0,196.11433792114258,10.406207919120789,33.821728229522705,17.3272625207901,nocache_bf16,large_h6_n10_s100_wikics_arxiv,255280efcfde1df920001e1b4a297d5150dfa6e921b32d68249ba5b73836e939,701.4530029296875,413.16415786743164,0,447.24548530578613,0,0,0,0
wikics,val,99,99,wikics:val:000099:d4fd256fb5152e8f,2,1547.360013,1547.3255615234375,1435.120739,111.917582,0.0,0.0,0.0,0.0,225.45321655273438,167.2494716644287,0,0,0,0,0,0,0,0,0,0,164.08975982666016,8.653599977493286,35.90502405166626,16.804832696914673,nocache_bf16,large_h6_n10_s100_wikics_arxiv,d4fd256fb5152e8f5140b8ef9594c080c5b38ea41b17aceb83bda8b99e776f76,730.6500244140625,430.16719913482666,0,467.73229694366455,0,0,0,0
wikics,test,100,0,wikics:test:000000:b39e9f309eb7b7ab,2,1476.680321,1476.596435546875,1364.083586,112.032838,0.0,0.0,0.0,0.0,254.59986877441406,153.52713584899902,0,0,0,0,0,0,0,0,0,0,196.8394260406494,9.630816102027893,31.903648376464844,16.22597825527191,nocache_bf16,large_h6_n10_s100_wikics_arxiv,b39e9f309eb7b7abbfb6ef032cc0f27946bd2af7f6ca83076ea40eb13bf61862,690.8401489257812,402.1715850830078,0,442.19569969177246,0,0,0,0
wikics,test,101,1,wikics:test:000001:114baa3a3e60d438,2,1556.430205,1556.3961181640625,1450.323683,105.787549,0.0,0.0,0.0,0.0,275.37619400024414,162.14201736450195,0,0,0,0,0,0,0,0,0,0,212.0592918395996,11.308223843574524,34.100736141204834,17.907942175865173,nocache_bf16,large_h6_n10_s100_wikics_arxiv,114baa3a3e60d43877ff9471825f00544b60fc4b458c41f176d3a2b17a3e68ec,718.2612915039062,423.86883449554443,0,456.53447437286377,0,0,0,0
wikics,test,102,2,wikics:test:000002:5b151751c4684bba,2,1431.015282,1430.9822998046875,1322.469469,108.237656,0.0,0.0,0.0,0.0,213.5776023864746,162.00972747802734,0,0,0,0,0,0,0,0,0,0,154.5148468017578,8.15609610080719,34.741984367370605,16.164675116539,nocache_bf16,large_h6_n10_s100_wikics_arxiv,5b151751c4684bba603799d005ae26aae4aacdec132f6ce0e7224bc86c03f917,710.13720703125,418.2035837173462,0,453.94335079193115,0,0,0,0
wikics,test,103,3,wikics:test:000003:122e1f58b400bded,2,1422.439848,1422.406494140625,1309.355826,112.776951,0.0,0.0,0.0,0.0,223.89151763916016,151.19906997680664,0,0,0,0,0,0,0,0,0,0,166.36783981323242,9.05238389968872,32.22335958480835,16.247934341430664,nocache_bf16,large_h6_n10_s100_wikics_arxiv,122e1f58b400bdeddb1f6c0405804f1582b84056ad4f8eec0c0c0b813cd6b9d1,665.2564697265625,391.2173156738281,0,425.238224029541,0,0,0,0
wikics,test,104,4,wikics:test:000004:c438a01544bd1b9c,2,1558.50933,1558.4759521484375,1453.224444,104.980783,0.0,0.0,0.0,0.0,278.2261505126953,162.23871994018555,0,0,0,0,0,0,0,0,0,0,214.89391708374023,11.288640141487122,33.95139217376709,18.092201113700867,nocache_bf16,large_h6_n10_s100_wikics_arxiv,c438a01544bd1b9cc5f15f45a32edd97056d0be72872e2ce33fee2f6660df03c,719.5023193359375,424.68156909942627,0,457.0594701766968,0,0,0,0
wikics,test,105,5,wikics:test:000005:b256e9b37f8f8b31,2,1436.545464,1436.5126953125,1293.238111,143.00173,0.0,0.0,0.0,0.0,211.05120086669922,148.43660736083984,0,0,0,0,0,0,0,0,0,0,154.35350227355957,8.468064069747925,32.30579137802124,15.923843145370483,nocache_bf16,large_h6_n10_s100_wikics_arxiv,b256e9b37f8f8b317821e74669f3f8f611b5cf3505734f75329e0e0252627528,650.6874389648438,381.86063861846924,0,417.26340770721436,0,0,0,0
wikics,test,106,6,wikics:test:000006:19b231ef2406ed8c,2,1434.320798,1434.2880859375,1306.630717,127.396468,0.0,0.0,0.0,0.0,221.97238159179688,150.35507011413574,0,0,0,0,0,0,0,0,0,0,166.1992645263672,8.883360147476196,31.420671463012695,15.469085454940796,nocache_bf16,large_h6_n10_s100_wikics_arxiv,19b231ef2406ed8c583458561709494bbc1d7dae0c38f2245ae028dc2ffe7fa7,664.9274291992188,391.7259817123413,0,423.5565176010132,0,0,0,0
wikics,test,107,7,wikics:test:000007:c8e944e20f3aef4c,2,1476.347766,1476.3140869140625,1354.792409,121.244605,0.0,0.0,0.0,0.0,231.37689208984375,155.77488136291504,0,0,0,0,0,0,0,0,0,0,173.06294441223145,9.224095940589905,32.606112003326416,16.483739733695984,nocache_bf16,large_h6_n10_s100_wikics_arxiv,c8e944e20f3aef4cfb52bf00e40496a22f24a1730839bd0d16e6d5fc47d43319,683.00732421875,402.0255355834961,0,436.75666999816895,0,0,0,0
wikics,test,108,8,wikics:test:000008:80f4d51321480518,2,1567.183826,1567.1502685546875,1455.603607,111.241524,0.0,0.0,0.0,0.0,318.4145622253418,161.26223945617676,0,0,0,0,0,0,0,0,0,0,251.8693389892578,13.358559846878052,33.44982385635376,19.736839532852173,nocache_bf16,large_h6_n10_s100_wikics_arxiv,80f4d513214805184fc45f848c55366ad73f2d780b9e9fa1d3760718f24fe44f,720.3980102539062,425.6401615142822,0,456.0200881958008,0,0,0,0
wikics,test,109,9,wikics:test:000009:7fd456811cef22b6,2,1585.384487,1585.3497314453125,1478.224068,106.841712,0.0,0.0,0.0,0.0,259.6755180358887,162.57420921325684,0,0,0,0,0,0,0,0,0,0,197.43398666381836,10.573311805725098,34.128448486328125,17.53977108001709,nocache_bf16,large_h6_n10_s100_wikics_arxiv,7fd456811cef22b63a623796ffc6b064d8dc50e1731aaf1160cff91619785d8c,719.4313354492188,424.2249584197998,0,457.7805862426758,0,0,0,0
wikics,test,110,10,wikics:test:000010:3bcd951b5cb81ae3,2,1542.480567,1542.447021484375,1431.230077,110.94514,0.0,0.0,0.0,0.0,234.59523391723633,170.52518463134766,0,0,0,0,0,0,0,0,0,0,172.40991973876953,9.030975937843323,35.88643217086792,17.267906069755554,nocache_bf16,large_h6_n10_s100_wikics_arxiv,3bcd951b5cb81ae38ac9208e0fdf47eb902372cd8bdef981aa9f248046da9215,746.4688110351562,439.8559675216675,0,477.1380281448364,0,0,0,0
wikics,test,111,11,wikics:test:000011:926e4c10c89dc024,2,1462.99514,1462.9625244140625,1335.160659,127.518793,0.0,0.0,0.0,0.0,235.3733787536621,153.35776138305664,0,0,0,0,0,0,0,0,0,0,177.44988632202148,9.476447820663452,32.12703895568848,16.320005655288696,nocache_bf16,large_h6_n10_s100_wikics_arxiv,926e4c10c89dc02467e14a1cc74f902f663f97c9be62c39a2c5a637785f62540,675.0377807617188,396.82390689849854,0,431.57163524627686,0,0,0,0
wikics,test,112,12,wikics:test:000012:948f281fa8e149ed,2,1273.357072,1273.324951171875,1145.385935,127.694855,0.0,0.0,0.0,0.0,170.93267250061035,141.79353523254395,0,0,0,0,0,0,0,0,0,0,121.12275314331055,6.415071964263916,29.88960027694702,13.505247116088867,nocache_bf16,large_h6_n10_s100_wikics_arxiv,948f281fa8e149ed9febadd04e2e85b6e036139c74d1b69c8fe17fa0526eea7b,616.137939453125,364.24025440216064,0,393.6912202835083,0,0,0,0
wikics,test,113,13,wikics:test:000013:872bb9df273ad109,2,1498.385331,1498.353515625,1391.821247,106.268624,0.0,0.0,0.0,0.0,303.1174736022949,162.51769638061523,0,0,0,0,0,0,0,0,0,0,237.76691436767578,12.220319867134094,34.37939214706421,18.750847220420837,nocache_bf16,large_h6_n10_s100_wikics_arxiv,872bb9df273ad1091abe85ef20ec42adedd38c5e9536cb98d6587aade4d6f979,717.3533935546875,423.7760019302368,0,456.0950880050659,0,0,0,0
wikics,test,114,14,wikics:test:000014:557ddebe91684e6e,2,1349.627515,1349.5958251953125,1222.117339,127.227788,0.0,0.0,0.0,0.0,231.9701156616211,143.50499153137207,0,0,0,0,0,0,0,0,0,0,177.96595001220703,9.458943963050842,29.246943473815918,15.298278212547302,nocache_bf16,large_h6_n10_s100_wikics_arxiv,557ddebe91684e6e1d7adc8d5728380c715b186f05cc9e5b854bd8f140a2f512,626.4127807617188,370.51574420928955,0,399.40202808380127,0,0,0,0
wikics,test,115,15,wikics:test:000015:32677b4eee65e40a,2,1117.816418,1117.785888671875,1004.936725,112.603243,0.0,0.0,0.0,0.0,129.5648956298828,123.22524642944336,0,0,0,0,0,0,0,0,0,0,88.02950382232666,4.628031969070435,25.63040018081665,11.276959657669067,nocache_bf16,large_h6_n10_s100_wikics_arxiv,32677b4eee65e40ae6a165981814df6d211d2bbf09bed9be523649a4f29c7126,535.7958374023438,316.51443099975586,0,342.50665283203125,0,0,0,0
wikics,test,116,16,wikics:test:000016:c0475eb283dbd143,2,1332.187086,1332.15478515625,1218.858912,113.034874,0.0,0.0,0.0,0.0,184.8196144104004,147.67078399658203,0,0,0,0,0,0,0,0,0,0,132.51647758483887,6.912191867828369,30.95664072036743,14.434304237365723,nocache_bf16,large_h6_n10_s100_wikics_arxiv,c0475eb283dbd1439a7826b0099b1b55085b16bdbb6d9c323473b401ba40a131,648.7962036132812,379.37932872772217,0,417.0876588821411,0,0,0,0
wikics,test,117,17,wikics:test:000017:4a1cc5182ee6a7b2,2,1331.216114,1331.18359375,1218.902521,112.014329,0.0,0.0,0.0,0.0,184.71843338012695,149.45212745666504,0,0,0,0,0,0,0,0,0,0,131.6275520324707,7.017183899879456,31.532608032226562,14.541089415550232,nocache_bf16,large_h6_n10_s100_wikics_arxiv,4a1cc5182ee6a7b21bcc02e720e79abc58a3736448065e57d132aabb574e1ce0,647.7064819335938,380.982590675354,0,416.1760187149048,0,0,0,0
wikics,test,118,18,wikics:test:000018:52ed896d72d1921f,2,1493.334744,1493.3013916015625,1382.992964,110.042703,0.0,0.0,0.0,0.0,272.1487693786621,160.5804786682129,0,0,0,0,0,0,0,0,0,0,208.82483291625977,11.146080017089844,34.47792053222656,17.699935913085938,nocache_bf16,large_h6_n10_s100_wikics_arxiv,52ed896d72d1921f5bfad1ba37c773faef5be83e39838a0b7c5f273e111c94c2,711.7378540039062,419.0001564025879,0,453.31817626953125,0,0,0,0
wikics,test,119,19,wikics:test:000019:d818f5b8cb6d7e5d,2,1438.415029,1438.3824462890625,1327.930564,110.184364,0.0,0.0,0.0,0.0,270.73731231689453,160.81699180603027,0,0,0,0,0,0,0,0,0,0,207.8663330078125,11.089215874671936,33.97590446472168,17.805858969688416,nocache_bf16,large_h6_n10_s100_wikics_arxiv,d818f5b8cb6d7e5debed18cf27d69c8839f643f32da6837d6996ba8668450d55,709.9346313476562,417.83923053741455,0,452.912392616272,0,0,0,0
wikics,test,120,20,wikics:test:000020:ab0922f67c5fbbe5,2,1621.019446,1620.984619140625,1513.192731,107.496136,0.0,0.0,0.0,0.0,354.1248970031738,163.46153831481934,0,0,0,0,0,0,0,0,0,0,284.4496383666992,14.956543922424316,34.17040014266968,20.548314571380615,nocache_bf16,large_h6_n10_s100_wikics_arxiv,ab0922f67c5fbbe5719b9057d130d798ebe62c82eda3b9e6779d10b62a0ab03e,727.8902587890625,429.9739828109741,0,461.3778142929077,0,0,0,0
wikics,test,121,21,wikics:test:000021:5d453ee1cd5d59f9,2,1453.76619,1453.7320556640625,1342.412641,111.062224,0.0,0.0,0.0,0.0,220.39843368530273,148.31411170959473,0,0,0,0,0,0,0,0,0,0,164.36601448059082,8.757376074790955,31.553216457366943,15.721826672554016,nocache_bf16,large_h6_n10_s100_wikics_arxiv,5d453ee1cd5d59f93beec8e6bbfa80c2f22adbd82be2f4d0eac68cd4736cd8ab,649.6277465820312,380.95561695098877,0,416.9862413406372,0,0,0,0
wikics,test,122,22,wikics:test:000022:066e9ba55552f1f8,2,1719.438195,1719.4033203125,1607.943629,111.18935,0.0,0.0,0.0,0.0,416.8915557861328,167.14640045166016,0,0,0,0,0,0,0,0,0,0,341.9397430419922,17.98531198501587,34.64508819580078,22.321412563323975,nocache_bf16,large_h6_n10_s100_wikics_arxiv,066e9ba55552f1f8a73072514a22f5d6757c92f4c0398e291fc015deb88b7b88,748.4713745117188,443.1608009338379,0,472.456974029541,0,0,0,0
wikics,test,123,23,wikics:test:000023:f77a6bf6e6e7e71b,2,1393.398279,1393.3660888671875,1285.637104,107.453316,0.0,0.0,0.0,0.0,196.9234218597412,158.5579490661621,0,0,0,0,0,0,0,0,0,0,139.97711944580078,7.408064007759094,33.72425556182861,15.813982844352722,nocache_bf16,large_h6_n10_s100_wikics_arxiv,f77a6bf6e6e7e71b5e5ecd0307e4293065f4fee80788b61911368457a6d1a604,683.8626708984375,402.79046535491943,0,439.6301546096802,0,0,0,0
wikics,test,124,24,wikics:test:000024:000a2a73e51d5345,2,1431.825246,1431.7926025390625,1288.296714,143.240212,0.0,0.0,0.0,0.0,207.06864166259766,147.0541114807129,0,0,0,0,0,0,0,0,0,0,152.97561645507812,8.188127875328064,30.986783981323242,14.918113350868225,nocache_bf16,large_h6_n10_s100_wikics_arxiv,000a2a73e51d53459dc7e58576aaddb15d29ac4a73b00401f136569f75d2f6b8,651.7451171875,381.4640951156616,0,417.33513355255127,0,0,0,0
wikics,test,125,25,wikics:test:000025:1424ce3b3bad84d4,2,1519.250203,1519.21728515625,1408.858182,110.0968,0.0,0.0,0.0,0.0,244.06537628173828,165.75129318237305,0,0,0,0,0,0,0,0,0,0,181.3818874359131,9.67414391040802,35.77494430541992,17.234400629997253,nocache_bf16,large_h6_n10_s100_wikics_arxiv,1424ce3b3bad84d47085b76cd2ca72fa2d01ab4c8eb0cee9f0854c07ffcbbf64,727.78662109375,428.85798168182373,0,464.6799325942993,0,0,0,0
wikics,test,126,26,wikics:test:000026:6fabdd7e6fa1c9b0,2,1543.99356,1543.9593505859375,1432.691179,111.016081,0.0,0.0,0.0,0.0,290.27120208740234,161.97635078430176,0,0,0,0,0,0,0,0,0,0,226.34457778930664,11.86569595336914,33.83500814437866,18.2259202003479,nocache_bf16,large_h6_n10_s100_wikics_arxiv,6fabdd7e6fa1c9b0791ff71909878258781591a7720f48a6507ad37df16a4ca1,710.8717651367188,418.5507507324219,0,454.29736518859863,0,0,0,0
wikics,test,127,27,wikics:test:000027:df55b940083f1bf1,2,1740.569485,1740.5341796875,1628.13606,112.05851,0.0,0.0,0.0,0.0,399.3340530395508,161.02390098571777,0,0,0,0,0,0,0,0,0,0,327.8691520690918,16.99350380897522,33.11398363113403,21.35741353034973,nocache_bf16,large_h6_n10_s100_wikics_arxiv,df55b940083f1bf1f1f72918358a0a21b17b5b59208e8033f0571bcddd8aab82,720.2179565429688,425.6730556488037,0,455.5688018798828,0,0,0,0
wikics,test,128,28,wikics:test:000028:bb2e0546b88fa929,2,1440.309597,1440.276611328125,1313.574454,126.453972,0.0,0.0,0.0,0.0,224.33078384399414,150.89570999145508,0,0,0,0,0,0,0,0,0,0,168.32761764526367,8.936223983764648,31.48848009109497,15.57846212387085,nocache_bf16,large_h6_n10_s100_wikics_arxiv,bb2e0546b88fa929e4ad473dbd223f632fce04a3717e5e2390426e3af27fddfb,667.0963134765625,393.1086072921753,0,424.8834161758423,0,0,0,0
wikics,test,129,29,wikics:test:000029:354b8d27549aa637,2,1536.24441,1536.211669921875,1429.546191,106.409942,0.0,0.0,0.0,0.0,262.4369659423828,165.33606338500977,0,0,0,0,0,0,0,0,0,0,198.83609580993652,10.551647901535034,35.41420793533325,17.635014295578003,nocache_bf16,large_h6_n10_s100_wikics_arxiv,354b8d27549aa637c29bd706bc1b1d4c8e164bb524dbb43ff574695c37d49b21,729.36865234375,429.7681932449341,0,464.9365224838257,0,0,0,0
wikics,test,130,30,wikics:test:000030:4a41086e390dbe51,2,1417.004105,1416.97265625,1311.136754,105.580094,0.0,0.0,0.0,0.0,248.03634643554688,154.65273475646973,0,0,0,0,0,0,0,0,0,0,188.81705474853516,9.890559911727905,32.48841571807861,16.8403160572052,nocache_bf16,large_h6_n10_s100_wikics_arxiv,4a41086e390dbe51ecd9f27bdf84a1f2aed65d44410ce97f0e5f6a2d66d349b1,684.8839721679688,403.65517139434814,0,435.88153553009033,0,0,0,0
wikics,test,131,31,wikics:test:000031:cafc1e78b99470a1,2,1526.836838,1526.79833984375,1419.776538,106.762458,0.0,0.0,0.0,0.0,289.23360443115234,169.46246337890625,0,0,0,0,0,0,0,0,0,0,223.0983009338379,11.594592094421387,35.61667203903198,18.924039363861084,nocache_bf16,large_h6_n10_s100_wikics_arxiv,cafc1e78b99470a1de15d16216655833dd9034daaf7ae6b5386e2d52952fddae,746.6882934570312,439.6156177520752,0,476.5351390838623,0,0,0,0
wikics,test,132,32,wikics:test:000032:1f48965693a47551,2,1627.164484,1627.131591796875,1521.004877,105.841281,0.0,0.0,0.0,0.0,310.2796173095703,165.19772911071777,0,0,0,0,0,0,0,0,0,0,242.6066551208496,12.562975883483887,35.32591962814331,19.784066677093506,nocache_bf16,large_h6_n10_s100_wikics_arxiv,1f48965693a47551fb266cee941d275d7733d5e14d8bc4f0a241156e1e7f8f85,731.153076171875,431.4387197494507,0,464.9120855331421,0,0,0,0
wikics,test,133,33,wikics:test:000033:97a6a0498a0658ed,2,1677.730665,1677.6959228515625,1566.057771,111.292384,0.0,0.0,0.0,0.0,306.6532096862793,165.63593673706055,0,0,0,0,0,0,0,0,0,0,239.71917343139648,12.215808153152466,35.47875165939331,19.239476442337036,nocache_bf16,large_h6_n10_s100_wikics_arxiv,97a6a0498a0658edcac653eb0bb3210363bd9b07ca8d619186dbcfcbc0a2e8f5,730.5712890625,429.8637752532959,0,466.34345054626465,0,0,0,0
wikics,test,134,34,wikics:test:000034:93dab44c974f61f3,2,1497.664803,1497.6318359375,1386.751465,110.631199,0.0,0.0,0.0,0.0,272.948673248291,161.15074920654297,0,0,0,0,0,0,0,0,0,0,210.35292434692383,10.951200127601624,33.74329614639282,17.90125262737274,nocache_bf16,large_h6_n10_s100_wikics_arxiv,93dab44c974f61f37b82c3a55ac543c3cafa371b99f438f53d8df60d8b08da15,712.2713012695312,419.62812900543213,0,453.7939214706421,0,0,0,0
wikics,test,135,35,wikics:test:000035:e96a44872b159e58,2,1448.98792,1448.955078125,1336.361623,112.323401,0.0,0.0,0.0,0.0,212.25925827026367,153.82534217834473,0,0,0,0,0,0,0,0,0,0,155.1737937927246,8.464864015579224,32.80134439468384,15.819256067276001,nocache_bf16,large_h6_n10_s100_wikics_arxiv,e96a44872b159e585dfc70f49945bedec7a8f682f7c98f1e2e240ff3a9cfb9a6,679.212646484375,399.07414531707764,0,433.9638433456421,0,0,0,0
wikics,test,136,36,wikics:test:000036:afbff186281a0e4e,2,1572.106348,1572.0609130859375,1460.801502,110.92774,0.0,0.0,0.0,0.0,230.2858543395996,165.6170539855957,0,0,0,0,0,0,0,0,0,0,169.3063678741455,8.902399897575378,35.387296199798584,16.68979036808014,nocache_bf16,large_h6_n10_s100_wikics_arxiv,afbff186281a0e4ef263695c2eae0d5605ba4b8d807b1a398463e79793b58c9e,733.221923828125,431.7238702774048,0,467.1151075363159,0,0,0,0
wikics,test,137,37,wikics:test:000037:b3012d4981d56ea8,2,1330.023858,1329.991455078125,1216.389153,113.35644,0.0,0.0,0.0,0.0,158.49564743041992,149.22217750549316,0,0,0,0,0,0,0,0,0,0,108.14822387695312,5.648896038532257,31.12064027786255,13.577887237071991,nocache_bf16,large_h6_n10_s100_wikics_arxiv,b3012d4981d56ea820287d335a753a79cc4b4f1ef77ed486500ba06ecd246d4b,642.1524047851562,377.62828826904297,0,413.74629402160645,0,0,0,0
wikics,test,138,38,wikics:test:000038:d8d309dacda8c856,2,1450.816863,1450.7840576171875,1343.639778,106.859202,0.0,0.0,0.0,0.0,221.71219635009766,165.42127990722656,0,0,0,0,0,0,0,0,0,0,161.1152629852295,8.475327968597412,35.67094421386719,16.450661182403564,nocache_bf16,large_h6_n10_s100_wikics_arxiv,d8d309dacda8c8565011a8a5c4bd50703da0a89f4da3c8de139014c0f400b5e1,732.7240600585938,431.78787326812744,0,466.35746669769287,0,0,0,0
wikics,test,139,39,wikics:test:000039:3ef432bb200e1c4d,2,1454.235835,1454.203369140625,1340.67042,113.270894,0.0,0.0,0.0,0.0,222.04137802124023,149.67932891845703,0,0,0,0,0,0,0,0,0,0,165.38236808776855,8.868736028671265,31.792928218841553,15.997345685958862,nocache_bf16,large_h6_n10_s100_wikics_arxiv,3ef432bb200e1c4d10899e6d592c8c2970df591ebd929560ec4d6b50c138ea97,647.2830810546875,381.1395835876465,0,415.82282638549805,0,0,0,0
wikics,test,140,40,wikics:test:000040:9c16d6144ad4a191,2,1567.888646,1567.84375,1460.952507,106.599331,0.0,0.0,0.0,0.0,231.33145141601562,166.85283088684082,0,0,0,0,0,0,0,0,0,0,169.26377487182617,8.91811203956604,36.03622388839722,17.113340616226196,nocache_bf16,large_h6_n10_s100_wikics_arxiv,9c16d6144ad4a1917bc11fa59558e81b6ffc26842b37c5b649636e1bd6996d1c,731.2001342773438,430.84611225128174,0,467.20685291290283,0,0,0,0
wikics,test,141,41,wikics:test:000041:7fea338f8fa28367,2,1452.505496,1452.4730224609375,1340.956463,111.25442,0.0,0.0,0.0,0.0,220.74102401733398,165.8470401763916,0,0,0,0,0,0,0,0,0,0,160.51846504211426,8.439584136009216,35.433152198791504,16.349822640419006,nocache_bf16,large_h6_n10_s100_wikics_arxiv,7fea338f8fa28367962db97fb384e2e94a82f63cc2c2a58460bd13fa9d7532c6,729.8405151367188,430.1593255996704,0,465.52822971343994,0,0,0,0
wikics,test,142,42,wikics:test:000042:7e04af92ff942365,2,1554.520645,1554.487060546875,1448.449284,105.777036,0.0,0.0,0.0,0.0,260.0654067993164,163.33679962158203,0,0,0,0,0,0,0,0,0,0,197.54326248168945,10.46284794807434,34.58684778213501,17.472448587417603,nocache_bf16,large_h6_n10_s100_wikics_arxiv,7e04af92ff94236596a24d9e983dcc77cce54b5d00fe25a7752dadbdf0253c86,725.1677856445312,426.5544023513794,0,461.9501829147339,0,0,0,0
wikics,test,143,43,wikics:test:000043:7338a3bd818fbc61,2,1725.893258,1725.8587646484375,1597.56903,128.017717,0.0,0.0,0.0,0.0,382.66167068481445,167.75641632080078,0,0,0,0,0,0,0,0,0,0,310.92015838623047,16.06988763809204,34.35145616531372,21.320168495178223,nocache_bf16,large_h6_n10_s100_wikics_arxiv,7338a3bd818fbc612b572517865a443cded9cc98f098cd47444fc0c70f038fa1,749.9515380859375,442.68070220947266,0,475.0272521972656,0,0,0,0
wikics,test,144,44,wikics:test:000044:e7e458e07c01abc7,2,1467.078634,1467.0362548828125,1338.675405,128.057311,0.0,0.0,0.0,0.0,206.56610870361328,159.35420608520508,0,0,0,0,0,0,0,0,0,0,150.09872245788574,7.876351952552795,33.231807708740234,15.35922658443451,nocache_bf16,large_h6_n10_s100_wikics_arxiv,e7e458e07c01abc73eac5d1f5b73ee274f45fe663453876d0498e3b21270f1db,705.060546875,414.89782333374023,0,449.51692962646484,0,0,0,0
wikics,test,145,45,wikics:test:000045:664f4ac17fac6612,2,1738.466736,1738.432373046875,1632.480985,105.61718,0.0,0.0,0.0,0.0,403.2435836791992,161.8955192565918,0,0,0,0,0,0,0,0,0,0,330.87935638427734,17.373984336853027,33.41225624084473,21.57798671722412,nocache_bf16,large_h6_n10_s100_wikics_arxiv,664f4ac17fac66126dbf78db22d95ea89d4ccfe89013f9873465f1677a51a75f,718.9541625976562,426.00156593322754,0,454.8481159210205,0,0,0,0
wikics,test,146,46,wikics:test:000046:8880ab728d4d5032,2,1513.752678,1513.7200927734375,1402.15117,111.286843,0.0,0.0,0.0,0.0,264.70134353637695,163.5371856689453,0,0,0,0,0,0,0,0,0,0,201.56134605407715,10.637760043144226,34.56383943557739,17.938398003578186,nocache_bf16,large_h6_n10_s100_wikics_arxiv,8880ab728d4d503279b823be1914ee9902a040262614bf49e1872574b155fe91,721.5884399414062,425.72515392303467,0,459.4004716873169,0,0,0,0
wikics,test,147,47,wikics:test:000047:2642137ffa998c84,2,1520.293716,1520.260009765625,1407.889462,112.017832,0.0,0.0,0.0,0.0,245.25465774536133,165.2184295654297,0,0,0,0,0,0,0,0,0,0,183.03801918029785,9.56710398197174,35.39148759841919,17.258046984672546,nocache_bf16,large_h6_n10_s100_wikics_arxiv,2642137ffa998c84dd63777375d8e0ade25fbd787901bdf3058101753a069020,729.5919189453125,429.78326320648193,0,465.02708530426025,0,0,0,0
wikics,test,148,48,wikics:test:000048:51b9971d8910d5e2,2,1459.232681,1459.1922607421875,1335.590814,123.289817,0.0,0.0,0.0,0.0,195.21910667419434,169.02211570739746,0,0,0,0,0,0,0,0,0,0,135.27110481262207,6.934975981712341,36.577728271484375,16.43529760837555,nocache_bf16,large_h6_n10_s100_wikics_arxiv,51b9971d8910d5e2e50bb2ce18041a1def0f52cc064e9c53428b6208b2325cec,730.3016967773438,430.582239151001,0,468.74157333374023,0,0,0,0
wikics,test,149,49,wikics:test:000049:728df285513a7803,2,1567.363385,1567.3311767578125,1460.185922,106.885758,0.0,0.0,0.0,0.0,294.32480239868164,163.02240180969238,0,0,0,0,0,0,0,0,0,0,229.03942489624023,12.146495938301086,34.292128562927246,18.846753001213074,nocache_bf16,large_h6_n10_s100_wikics_arxiv,728df285513a7803b751f28b0959d82e759e2f545428d48a38d0f006a55bcc9a,722.311279296875,426.0229730606079,0,459.3107080459595,0,0,0,0
wikics,test,150,50,wikics:test:000050:fe96b5b2a7c4af01,2,1581.15414,1581.121337890625,1454.010675,126.838353,0.0,0.0,0.0,0.0,290.75616455078125,162.72985458374023,0,0,0,0,0,0,0,0,0,0,225.9576301574707,11.870911836624146,34.26947259902954,18.65814995765686,nocache_bf16,large_h6_n10_s100_wikics_arxiv,fe96b5b2a7c4af01943f25f9415335607ba1b330ad640aa2818bffc6db32e498,719.9622802734375,424.6783695220947,0,458.013765335083,0,0,0,0
wikics,test,151,51,wikics:test:000051:6246382ad476e3b5,2,1551.106365,1551.073974609375,1423.158417,127.601752,0.0,0.0,0.0,0.0,268.3556137084961,165.46377563476562,0,0,0,0,0,0,0,0,0,0,204.11932754516602,10.81558382511139,35.50060796737671,17.92009437084198,nocache_bf16,large_h6_n10_s100_wikics_arxiv,6246382ad476e3b5f68b37aba9aa3566c47b169674446b7a4c924b1c74988d7f,730.2030029296875,430.63411235809326,0,465.03266620635986,0,0,0,0
wikics,test,152,52,wikics:test:000052:421b142bb389d9d1,2,1427.090141,1427.0518798828125,1315.099918,111.621781,0.0,0.0,0.0,0.0,232.7069091796875,142.9272003173828,0,0,0,0,0,0,0,0,0,0,178.06047821044922,9.443552017211914,29.655680179595947,15.54719877243042,nocache_bf16,large_h6_n10_s100_wikics_arxiv,421b142bb389d9d16aececb4211419686451d1184d50d2e5f8ea97ee81a79730,638.5387573242188,372.94249629974365,0,408.5234613418579,0,0,0,0
wikics,test,153,53,wikics:test:000053:31b24b95a70aea62,2,1453.645193,1453.6124267578125,1347.654709,105.707603,0.0,0.0,0.0,0.0,237.04524993896484,163.5564479827881,0,0,0,0,0,0,0,0,0,0,175.9590072631836,9.304768085479736,34.779744148254395,17.00173044204712,nocache_bf16,large_h6_n10_s100_wikics_arxiv,31b24b95a70aea62d73f3c5f5b796febb8ca98cc307497a826603ccfab0b45bb,721.269775390625,425.24083137512207,0,459.585391998291,0,0,0,0
wikics,test,154,54,wikics:test:000054:1492c0fd54704e8b,2,1614.798988,1614.765625,1503.777547,110.695701,0.0,0.0,0.0,0.0,265.0046691894531,159.18950271606445,0,0,0,0,0,0,0,0,0,0,202.84066772460938,10.91699206829071,33.62768030166626,17.61932909488678,nocache_bf16,large_h6_n10_s100_wikics_arxiv,1492c0fd54704e8b3a028427a3f0afafbed89dfcff3af66979a2a0d84cdb94e6,703.76123046875,415.2822427749634,0,447.6684904098511,0,0,0,0
wikics,test,155,55,wikics:test:000055:4c3a9cced3fdbabd,2,1456.094739,1456.062744140625,1350.04748,105.771015,0.0,0.0,0.0,0.0,226.92489624023438,166.56924629211426,0,0,0,0,0,0,0,0,0,0,165.6539192199707,8.639007806777954,35.800992012023926,16.830977201461792,nocache_bf16,large_h6_n10_s100_wikics_arxiv,4c3a9cced3fdbabd0d34163f06734c93b30f546193a2e36fcf5442c43864448d,732.1669921875,432.24646282196045,0,466.4897756576538,0,0,0,0
wikics,test,156,56,wikics:test:000056:a5bcd1251e1f47d6,2,1544.098416,1544.054931640625,1433.727106,110.041757,0.0,0.0,0.0,0.0,272.9177894592285,165.6361904144287,0,0,0,0,0,0,0,0,0,0,208.5173454284668,10.848191976547241,35.262208461761475,18.290043592453003,nocache_bf16,large_h6_n10_s100_wikics_arxiv,a5bcd1251e1f47d65b8e0c3b3de076d9f301f0643172bda73691e60b9cdddd5c,732.4349975585938,432.01011180877686,0,466.0610761642456,0,0,0,0
wikics,test,157,57,wikics:test:000057:c76d1190b26d012d,2,1598.585019,1598.552001953125,1487.578017,110.708099,0.0,0.0,0.0,0.0,315.21478271484375,168.3012466430664,0,0,0,0,0,0,0,0,0,0,247.09405136108398,13.08950424194336,34.801472187042236,20.22975492477417,nocache_bf16,large_h6_n10_s100_wikics_arxiv,c76d1190b26d012d091c00559c3a0425c20ebef1e538e567c96c216e9d813ae8,751.8673706054688,443.85737705230713,0,476.311240196228,0,0,0,0
wikics,test,158,58,wikics:test:000058:a45285bcd1949205,2,1422.310986,1422.2781982421875,1313.836988,108.184245,0.0,0.0,0.0,0.0,208.78940963745117,153.36012649536133,0,0,0,0,0,0,0,0,0,0,153.95548629760742,8.215840101242065,31.357696056365967,15.260387182235718,nocache_bf16,large_h6_n10_s100_wikics_arxiv,a45285bcd19492055ac80246f60bb0fb2ed4e504e079a5cd3200cdbdb7b891b5,678.7229614257812,399.40758514404297,0,432.6755027770996,0,0,0,0
wikics,test,159,59,wikics:test:000059:1b94d315dc4e5555,2,1457.388128,1457.355224609375,1345.339963,111.753499,0.0,0.0,0.0,0.0,208.2217903137207,164.30911827087402,0,0,0,0,0,0,0,0,0,0,148.56975936889648,7.72326397895813,35.56511974334717,16.36364722251892,nocache_bf16,large_h6_n10_s100_wikics_arxiv,1b94d315dc4e55559bb69eeacb678f2d308eb5396713d6fa6fa7259031e7a970,717.636962890625,422.22790336608887,0,459.71817779541016,0,0,0,0
wikics,test,160,60,wikics:test:000060:38930b7d326ce516,2,1607.692857,1607.6534423828125,1497.336519,110.039104,0.0,0.0,0.0,0.0,252.20326232910156,164.59600067138672,0,0,0,0,0,0,0,0,0,0,188.97865295410156,10.279392123222351,35.289472579956055,17.655744671821594,nocache_bf16,large_h6_n10_s100_wikics_arxiv,38930b7d326ce5164a9e65e9f30bcdbf435b09460c7f0beaf0babbcac90226b4,723.6703491210938,426.10771465301514,0,462.15863513946533,0,0,0,0
wikics,test,161,61,wikics:test:000061:92c5bd90d0baeb93,2,1435.22094,1435.189453125,1310.047926,124.880023,0.0,0.0,0.0,0.0,195.0456943511963,156.99951934814453,0,0,0,0,0,0,0,0,0,0,138.8171844482422,7.408479928970337,33.257248401641846,15.562781572341919,nocache_bf16,large_h6_n10_s100_wikics_arxiv,92c5bd90d0baeb9304f2a19cafff8d354c181be05d34b15cf570e210c30adb5c,677.4344482421875,399.5048313140869,0,434.9291362762451,0,0,0,0
wikics,test,162,62,wikics:test:000062:863d427861ff80dc,2,1558.421777,1558.3890380859375,1434.768473,123.360285,0.0,0.0,0.0,0.0,242.28665924072266,170.58006477355957,0,0,0,0,0,0,0,0,0,0,178.54960250854492,9.451135993003845,36.68140745162964,17.60451328754425,nocache_bf16,large_h6_n10_s100_wikics_arxiv,863d427861ff80dc849d2dfdc72906f1f2449ab7e6ed0e64e58e7235c0805796,751.0595092773438,442.67427253723145,0,478.9653015136719,0,0,0,0
wikics,test,163,63,wikics:test:000063:0a5a1c3308a40395,2,1793.756582,1793.722412109375,1682.435949,111.008575,0.0,0.0,0.0,0.0,515.4812698364258,160.6625919342041,0,0,0,0,0,0,0,0,0,0,435.5901412963867,22.206016063690186,32.913472175598145,24.771640300750732,nocache_bf16,large_h6_n10_s100_wikics_arxiv,0a5a1c3308a40395b8520808200d136321b9db8233aa40c04be89539c97844d5,722.9132690429688,427.6120662689209,0,455.96379470825195,0,0,0,0
wikics,test,164,64,wikics:test:000064:84d2bb6fbbf2efc7,2,1724.026481,1723.985595703125,1599.894761,123.786805,0.0,0.0,0.0,0.0,378.1156463623047,167.2607364654541,0,0,0,0,0,0,0,0,0,0,306.4210319519043,16.017759799957275,34.318495750427246,21.35835886001587,nocache_bf16,large_h6_n10_s100_wikics_arxiv,84d2bb6fbbf2efc74543bfef829a471311b878c855f94ba54357da859b1dead5,754.0225830078125,445.56432151794434,0,475.71899795532227,0,0,0,0
wikics,test,165,65,wikics:test:000065:14afb2e221d1c808,2,1453.649381,1453.6162109375,1345.967164,107.396492,0.0,0.0,0.0,0.0,223.255615234375,149.72988891601562,0,0,0,0,0,0,0,0,0,0,166.38236618041992,8.895007848739624,32.06889629364014,15.909344911575317,nocache_bf16,large_h6_n10_s100_wikics_arxiv,14afb2e221d1c808d81f675640e726fc6c53da6b5558b9ab547f3f4e99214fb4,650.8330078125,381.5166072845459,0,419.0462894439697,0,0,0,0
wikics,test,166,66,wikics:test:000066:cbfb38b24c9cd09f,2,1432.83165,1432.7999267578125,1320.640782,111.888283,0.0,0.0,0.0,0.0,249.44707107543945,159.45903968811035,0,0,0,0,0,0,0,0,0,0,188.61670684814453,10.020000100135803,33.832319259643555,16.978044867515564,nocache_bf16,large_h6_n10_s100_wikics_arxiv,cbfb38b24c9cd09feb274e275c5fa9b2ac59e47d5e2b01a2e0142792e6f92a00,704.618408203125,415.3621129989624,0,448.71533489227295,0,0,0,0
wikics,test,167,67,wikics:test:000067:3368959dda51b804,2,1457.713528,1457.6810302734375,1346.822701,110.590415,0.0,0.0,0.0,0.0,237.26047897338867,163.62703895568848,0,0,0,0,0,0,0,0,0,0,175.98194885253906,9.317631959915161,34.93855953216553,17.02233862876892,nocache_bf16,large_h6_n10_s100_wikics_arxiv,3368959dda51b804b9feaf3927fc8b63a4fe3efbd71e66e91bdae5790a4896e9,724.6799926757812,426.6426525115967,0,461.66437911987305,0,0,0,0
wikics,test,168,68,wikics:test:000068:c1f159a73fe7d15a,2,1459.185895,1459.145263671875,1335.339801,123.506126,0.0,0.0,0.0,0.0,194.8892478942871,170.2524471282959,0,0,0,0,0,0,0,0,0,0,133.2657299041748,7.188608169555664,37.79257583618164,16.642333984375,nocache_bf16,large_h6_n10_s100_wikics_arxiv,c1f159a73fe7d15a2942f5fa44ebf6d2f9aa043b0006bc1c657334d82d242907,732.98828125,432.3999662399292,0,470.8407621383667,0,0,0,0
wikics,test,169,69,wikics:test:000069:c5c6eb8bc69150d0,2,1420.15356,1420.1214599609375,1312.385776,107.473204,0.0,0.0,0.0,0.0,217.64892959594727,162.3588466644287,0,0,0,0,0,0,0,0,0,0,158.4559669494629,8.33184003829956,34.76585626602173,16.095266342163086,nocache_bf16,large_h6_n10_s100_wikics_arxiv,c5c6eb8bc69150d0f6f058cf2a8f0b19714a3b9e64ec85c634f36a2f6d435940,718.2792358398438,422.36272144317627,0,458.2753610610962,0,0,0,0
wikics,test,170,70,wikics:test:000070:15a487f6022e80ae,2,1453.67376,1453.640869140625,1342.108395,111.26265,0.0,0.0,0.0,0.0,211.59555435180664,160.08611297607422,0,0,0,0,0,0,0,0,0,0,153.92108917236328,8.040575981140137,33.9331841468811,15.70070505142212,nocache_bf16,large_h6_n10_s100_wikics_arxiv,15a487f6022e80aeea9398891795f58d139b42b0803269478d8b34dea8a73425,703.5819702148438,414.2193593978882,0,449.4487237930298,0,0,0,0
wikics,test,171,71,wikics:test:000071:80de2ffba43febdb,2,1790.537809,1790.5035400390625,1683.927208,106.291365,0.0,0.0,0.0,0.0,518.6232299804688,160.85427284240723,0,0,0,0,0,0,0,0,0,0,438.83177185058594,22.09878444671631,32.876288414001465,24.81638526916504,nocache_bf16,large_h6_n10_s100_wikics_arxiv,80de2ffba43febdbe62c72ec696d6b17833aa5deda2322b1e87c46fc212d2618,721.2726440429688,427.26121711730957,0,454.8656997680664,0,0,0,0
wikics,test,172,72,wikics:test:000072:0a2ccdf11d68011b,2,1518.640495,1518.595703125,1412.094255,106.173116,0.0,0.0,0.0,0.0,244.89014434814453,165.57865715026855,0,0,0,0,0,0,0,0,0,0,182.04067039489746,9.617183923721313,35.937663555145264,17.294626474380493,nocache_bf16,large_h6_n10_s100_wikics_arxiv,0a2ccdf11d68011bbe9b80610fa460e6d9cd02f79ccb2fe70c6d7122404939fe,735.1688842773438,432.3136291503906,0,468.4339122772217,0,0,0,0
wikics,test,173,73,wikics:test:000073:af4e3768afe7929b,2,1601.458,1601.4244384765625,1490.209021,110.937304,0.0,0.0,0.0,0.0,316.1832046508789,168.33820915222168,0,0,0,0,0,0,0,0,0,0,248.39324951171875,12.85865592956543,34.77398443222046,20.157314777374268,nocache_bf16,large_h6_n10_s100_wikics_arxiv,af4e3768afe7929b1e8e837cec1be78bf565feb6d8bdc034a26e3ac263f1fcb5,752.8696899414062,444.55593395233154,0,476.6519651412964,0,0,0,0
wikics,test,174,74,wikics:test:000074:26717eeb6c2c73ce,2,1729.532267,1729.4981689453125,1602.586291,126.640755,0.0,0.0,0.0,0.0,384.12762451171875,168.06710243225098,0,0,0,0,0,0,0,0,0,0,311.3803482055664,16.246912002563477,34.69952058792114,21.800843715667725,nocache_bf16,large_h6_n10_s100_wikics_arxiv,26717eeb6c2c73ce0d419b3d77803154393a8d6999b43700154e75f75b854f0c,751.9014892578125,444.6188449859619,0,475.34974670410156,0,0,0,0
wikics,test,175,75,wikics:test:000075:c9441b3207b4d7bb,2,1485.652344,1485.61962890625,1377.508096,107.832018,0.0,0.0,0.0,0.0,257.80220794677734,159.77862548828125,0,0,0,0,0,0,0,0,0,0,195.64185333251953,10.561984062194824,34.20460844039917,17.39376211166382,nocache_bf16,large_h6_n10_s100_wikics_arxiv,c9441b3207b4d7bb23a3a8eb71a0e5d4956ccf9de45afef45b0119f4aa0c5ec8,706.5902709960938,415.8299198150635,0,450.5389766693115,0,0,0,0
wikics,test,176,76,wikics:test:000076:823cb40fd26b0064,2,1568.062866,1568.0208740234375,1462.211079,105.50232,0.0,0.0,0.0,0.0,284.2122573852539,163.06742477416992,0,0,0,0,0,0,0,0,0,0,219.40042114257812,11.52355182170868,34.804447650909424,18.483836770057678,nocache_bf16,large_h6_n10_s100_wikics_arxiv,823cb40fd26b0064a8aea01490743a82038eff8ef6b79e7478a5c1a8ab7509a2,721.8011474609375,426.09964752197266,0,458.76892471313477,0,0,0,0
wikics,test,177,77,wikics:test:000077:a6e66f96093de6ce,2,1424.116483,1424.0753173828125,1315.493801,108.303035,0.0,0.0,0.0,0.0,201.83375930786133,156.9456329345703,0,0,0,0,0,0,0,0,0,0,144.6088981628418,7.841215968132019,33.751296043395996,15.632349133491516,nocache_bf16,large_h6_n10_s100_wikics_arxiv,a6e66f96093de6ce1bd052d598cfac37c91f2fadb62e6500edf9e062a1601f5a,685.8616943359375,404.62249660491943,0,438.1848306655884,0,0,0,0
wikics,test,178,78,wikics:test:000078:906d5a2fc7b88169,2,1570.230407,1570.1976318359375,1463.645409,106.277048,0.0,0.0,0.0,0.0,235.19305419921875,166.59423828125,0,0,0,0,0,0,0,0,0,0,172.49686241149902,9.068416118621826,36.38508892059326,17.24268674850464,nocache_bf16,large_h6_n10_s100_wikics_arxiv,906d5a2fc7b881693e5654ad9a5ce6752da4ff09d9249413c6dfc7bd03c376dd,732.3636474609375,431.6851224899292,0,467.2727632522583,0,0,0,0
wikics,test,179,79,wikics:test:000079:73f671ca14fb033a,2,1520.669214,1520.635986328125,1409.99184,110.392332,0.0,0.0,0.0,0.0,345.1187171936035,162.18339157104492,0,0,0,0,0,0,0,0,0,0,276.2564468383789,14.4684476852417,33.87059211730957,20.52323055267334,nocache_bf16,large_h6_n10_s100_wikics_arxiv,73f671ca14fb033a30965114cc70e57d3d1dfb1a6b55042e803792c154bd1fb9,722.6146850585938,426.85385608673096,0,457.9442205429077,0,0,0,0
wikics,test,180,80,wikics:test:000080:0f184f1db0a996b5,2,1326.519047,1326.4791259765625,1217.517806,108.686735,0.0,0.0,0.0,0.0,158.85011291503906,147.91110229492188,0,0,0,0,0,0,0,0,0,0,107.91814613342285,5.668992042541504,31.55363178253174,13.709342956542969,nocache_bf16,large_h6_n10_s100_wikics_arxiv,0f184f1db0a996b5c155f228291f962fece60e25c894ab8ac113bb00d919bc8f,645.0413818359375,377.9792957305908,0,414.97318840026855,0,0,0,0
wikics,test,181,81,wikics:test:000081:3ad691f9135ebeda,2,1543.714121,1543.6810302734375,1436.857542,106.547181,0.0,0.0,0.0,0.0,262.30457305908203,166.13868713378906,0,0,0,0,0,0,0,0,0,0,198.39836502075195,10.51417601108551,35.59916830062866,17.792863726615906,nocache_bf16,large_h6_n10_s100_wikics_arxiv,3ad691f9135ebeda351c27e4a5ed088b476ae0fa8fb08a1342134b594d9a827a,735.0576782226562,432.9255676269531,0,468.2707977294922,0,0,0,0
wikics,test,182,82,wikics:test:000082:35f6d185e3b60583,2,1445.56053,1445.527587890625,1318.004705,127.270006,0.0,0.0,0.0,0.0,241.67708587646484,153.65641593933105,0,0,0,0,0,0,0,0,0,0,182.91245079040527,9.724287986755371,32.33952045440674,16.70082664489746,nocache_bf16,large_h6_n10_s100_wikics_arxiv,35f6d185e3b605830d55bd84ce5ae6b1b83d3a2650aed066131a57f509390d3d,680.5299072265625,400.55574321746826,0,433.6305799484253,0,0,0,0
wikics,test,183,83,wikics:test:000083:77934391d49ed365,2,1547.646032,1547.6129150390625,1436.844445,110.505974,0.0,0.0,0.0,0.0,257.5230407714844,169.91782569885254,0,0,0,0,0,0,0,0,0,0,192.7481918334961,10.186399936676025,36.53641605377197,18.052032947540283,nocache_bf16,large_h6_n10_s100_wikics_arxiv,77934391d49ed3653879241637d8d8b001cacd53af052f115b2bb037763f5039,754.5208740234375,444.5414695739746,0,479.89723014831543,0,0,0,0
wikics,test,184,84,wikics:test:000084:c558903a01f41d75,2,1534.837954,1534.7972412109375,1423.290535,111.197912,0.0,0.0,0.0,0.0,262.3720932006836,161.80803108215332,0,0,0,0,0,0,0,0,0,0,199.50976181030273,10.42198395729065,34.7446722984314,17.695675134658813,nocache_bf16,large_h6_n10_s100_wikics_arxiv,c558903a01f41d753914e796ba14e2931a6d80a582dc0814370dd761c259f2a7,716.2073974609375,421.7566108703613,0,456.2588176727295,0,0,0,0
wikics,test,185,85,wikics:test:000085:3ef7c5747bd481fb,2,1592.74702,1592.7120361328125,1486.554503,105.876742,0.0,0.0,0.0,0.0,308.3605422973633,163.31439971923828,0,0,0,0,0,0,0,0,0,0,241.7223358154297,12.471392035484314,34.37932825088501,19.78748619556427,nocache_bf16,large_h6_n10_s100_wikics_arxiv,3ef7c5747bd481fb781ef0c2cb0f24c3f560198245c327c89d36040b4c1ee9cc,724.0575561523438,426.84358310699463,0,460.5283727645874,0,0,0,0
wikics,test,186,86,wikics:test:000086:02f33170fe9a1014,2,1522.818816,1522.7855224609375,1415.614874,106.904865,0.0,0.0,0.0,0.0,246.48803329467773,166.4706573486328,0,0,0,0,0,0,0,0,0,0,183.39779090881348,9.648895978927612,35.86076831817627,17.580578088760376,nocache_bf16,large_h6_n10_s100_wikics_arxiv,02f33170fe9a1014eaa7ab4fd2e7737c2cdef43b62f534ca66d6f930bea0f3d5,732.6992797851562,431.79155254364014,0,467.3783845901489,0,0,0,0
wikics,test,187,87,wikics:test:000087:5e99a11f6629116f,2,1436.854206,1436.8211669921875,1325.574115,110.979895,0.0,0.0,0.0,0.0,271.4352340698242,147.93068885803223,0,0,0,0,0,0,0,0,0,0,211.83472442626953,11.24998390674591,30.95852756500244,17.391998171806335,nocache_bf16,large_h6_n10_s100_wikics_arxiv,5e99a11f6629116fd08a82ba8d35c24398048b98ac3869fdfbaaaced09dd547e,656.0547485351562,384.6391077041626,0,419.3463296890259,0,0,0,0
wikics,test,188,88,wikics:test:000088:661719a5706d2798,2,1421.879755,1421.8349609375,1314.227798,107.272515,0.0,0.0,0.0,0.0,218.06269073486328,162.4838409423828,0,0,0,0,0,0,0,0,0,0,158.7512607574463,8.345376014709473,34.75043201446533,16.215621948242188,nocache_bf16,large_h6_n10_s100_wikics_arxiv,661719a5706d2798e1832429597e7d4d8bc6495443836e96584a4620e3966597,718.2322387695312,422.51366424560547,0,458.2024154663086,0,0,0,0
wikics,test,189,89,wikics:test:000089:0811b581634c9202,2,1594.029635,1593.997314453125,1483.497893,110.246592,0.0,0.0,0.0,0.0,310.8710746765137,168.20623970031738,0,0,0,0,0,0,0,0,0,0,243.48022079467773,12.793120384216309,34.68649625778198,19.911237239837646,nocache_bf16,large_h6_n10_s100_wikics_arxiv,0811b581634c9202754ef09bc06883c1deaacc1ec2345102e3cee23457a2eb14,751.5637817382812,444.0357437133789,0,475.7342777252197,0,0,0,0
wikics,test,190,90,wikics:test:000090:7a6f588c7960f99a,2,1515.745753,1515.713623046875,1388.606439,126.83901,0.0,0.0,0.0,0.0,255.58060836791992,163.74883460998535,0,0,0,0,0,0,0,0,0,0,193.32243156433105,10.109472036361694,34.583168506622314,17.56553626060486,nocache_bf16,large_h6_n10_s100_wikics_arxiv,7a6f588c7960f99a36a1c6325dd09381821ed32292ec8ef9de564ccdc789c916,725.5049438476562,427.489182472229,0,461.7645959854126,0,0,0,0
wikics,test,191,91,wikics:test:000091:048f77cea8bd8173,2,1435.065611,1435.03271484375,1323.19894,111.563502,0.0,0.0,0.0,0.0,250.80822372436523,160.14463996887207,0,0,0,0,0,0,0,0,0,0,189.6663055419922,10.08079993724823,33.71676778793335,17.344350457191467,nocache_bf16,large_h6_n10_s100_wikics_arxiv,048f77cea8bd8173479140b32200897a6931e78a836def05ad85382e9253fcce,707.5899658203125,417.1401882171631,0,450.5944175720215,0,0,0,0
wikics,test,192,92,wikics:test:000092:7d809617c6bd3e1e,2,1445.422017,1445.3900146484375,1337.607957,107.519694,0.0,0.0,0.0,0.0,226.06329727172852,166.83446311950684,0,0,0,0,0,0,0,0,0,0,163.88733100891113,8.684415936470032,36.48326396942139,17.008286356925964,nocache_bf16,large_h6_n10_s100_wikics_arxiv,7d809617c6bd3e1e57cc92bf7f69f76cb3ba72c0919f19f3316d1484b3e9841e,733.1876831054688,431.0401906967163,0,468.9819555282593,0,0,0,0
wikics,test,193,93,wikics:test:000093:322b3afcaa35f3c7,2,1504.117051,1504.085205078125,1392.14663,111.662607,0.0,0.0,0.0,0.0,267.47731018066406,164.0709457397461,0,0,0,0,0,0,0,0,0,0,203.9570598602295,10.874719977378845,34.70128011703491,17.944250226020813,nocache_bf16,large_h6_n10_s100_wikics_arxiv,322b3afcaa35f3c71d509b1eaa067b1c9deb2f1fd9e38948dae3d548b5de4f83,722.7249145507812,425.67318534851074,0,461.1226749420166,0,0,0,0
wikics,test,194,94,wikics:test:000094:a005efdcd7c8715a,2,1429.907835,1429.874755859375,1316.951244,112.655139,0.0,0.0,0.0,0.0,208.96643447875977,159.21337699890137,0,0,0,0,0,0,0,0,0,0,150.7696304321289,7.9168959856033325,33.94217586517334,16.337732195854187,nocache_bf16,large_h6_n10_s100_wikics_arxiv,a005efdcd7c8715aa8fad232b75159e3190c49386d6e22f9d83ff1ba334960c2,689.1591186523438,405.8296661376953,0,442.5428295135498,0,0,0,0
wikics,test,195,95,wikics:test:000095:d668389de14e05fb,2,1390.969476,1390.9366455078125,1266.152337,124.536196,0.0,0.0,0.0,0.0,222.5843849182129,153.05932807922363,0,0,0,0,0,0,0,0,0,0,165.2625274658203,8.710783958435059,32.60566425323486,16.005409240722656,nocache_bf16,large_h6_n10_s100_wikics_arxiv,d668389de14e05fb64f040eb1d30df390da23556d25ad8a665fb85d39595048c,671.0851440429688,394.6308784484863,0,429.51359367370605,0,0,0,0
wikics,test,196,96,wikics:test:000096:da21905a8cb96e44,2,1461.243151,1461.204833984375,1332.914615,128.034879,0.0,0.0,0.0,0.0,239.10419082641602,155.54358673095703,0,0,0,0,0,0,0,0,0,0,180.5640926361084,9.572672009468079,32.32345628738403,16.643969893455505,nocache_bf16,large_h6_n10_s100_wikics_arxiv,da21905a8cb96e44856130f52c5c36dc7e212f58af78856eb7e3901a67b9533e,682.0180053710938,401.51379203796387,0,436.0478000640869,0,0,0,0
wikics,test,197,97,wikics:test:000097:322b174a79431b1f,2,1679.216038,1679.183349609375,1555.669532,123.100272,0.0,0.0,0.0,0.0,289.13420486450195,169.46444702148438,0,0,0,0,0,0,0,0,0,0,223.23091506958008,11.621920108795166,35.233280181884766,19.048089504241943,nocache_bf16,large_h6_n10_s100_wikics_arxiv,322b174a79431b1fa466fe9d6c4146656cfc4021c19412a8ee526263102c0b0d,752.4317016601562,444.2968330383301,0,477.59931564331055,0,0,0,0
wikics,test,198,98,wikics:test:000098:23be48b489bd9fb1,2,1589.109881,1589.0770263671875,1482.512074,106.302895,0.0,0.0,0.0,0.0,248.94400024414062,163.4852809906006,0,0,0,0,0,0,0,0,0,0,186.78208351135254,9.957759857177734,34.94528007507324,17.25887680053711,nocache_bf16,large_h6_n10_s100_wikics_arxiv,23be48b489bd9fb14fe360697fdf38ded476b0d934c1ba487c6b7cd9272b87df,727.0223388671875,427.9985589981079,0,462.5090608596802,0,0,0,0
wikics,test,199,99,wikics:test:000099:25d922430a6078eb,2,1434.916427,1434.885498046875,1307.271223,127.360893,0.0,0.0,0.0,0.0,200.0035228729248,156.08678436279297,0,0,0,0,0,0,0,0,0,0,143.9312973022461,7.462719917297363,33.02531147003174,15.58419418334961,nocache_bf16,large_h6_n10_s100_wikics_arxiv,25d922430a6078eb827beb56e89fee9ffb162a0dff995eeecaf2bfa300f2b08d,683.3134155273438,401.78678703308105,0,437.61341285705566,0,0,0,0
