task,split,trace_order,query_index,query_uid,rep,query_wall_ms,query_gpu_ms,encoder_wall_ms,decoder_wall_ms,cache_load_wall_ms,online_nog_prefix_wall_ms,cache_assembly_wall_ms,suffix_wall_ms,suffix_gnn_gpu_ms,suffix_transformer_gpu_ms,cache_hits,cache_misses,cache_skips,quant_kv_attention_calls,fallback_count,quant_kv_attention_gpu_ms,kv_prepare_gpu_ms,int_qk_gpu_ms,softmax_prob_quant_gpu_ms,int_pv_gpu_ms,gnn_score_gpu_ms,gnn_message_gpu_ms,gnn_update_gpu_ms,gnn_other_gpu_ms,profile_mode,workload_profile,graph_signature,prefix_transformer_gpu_ms,dense_fc_gpu_ms,attention_gpu_ms,norm_residual_other_gpu_ms,logical_memory_loaded_bytes,logical_key_loaded_bytes,logical_value_loaded_bytes,int_gemm_call_count
cora_node,val,0,0,cora_node:val:000000:32040cc0b95f2b8d,0,5641.707225,5641.60400390625,5513.456568,127.679751,454.6286864206195,537.0126273483038,21.340811625123024,4335.306234657764,348.09385681152344,3983.1537475585938,139,0,1,60,0,871.1764488220215,214.9734078682959,29.4949120124802,92.43497604876757,27.326463972218335,252.50143814086914,13.140159845352173,72.74966239929199,9.702596426010132,cache_w8a8_m4k2v2,large_h6_n32_s100,32040cc0b95f2b8de3dc080c851b01e14c370f0301d8e0ab7ccb17c80db2a4e5,127.99433898925781,1927.9931831359863,931.8823003768921,1251.2726030349731,36438016,1311744,1311744,5922
cora_node,val,1,1,cora_node:val:000001:77689caf8a6f5541,0,3441.237292,3441.1787109375,3334.630413,106.225995,115.31362123787403,42.91087668389082,12.718327343463898,3074.540477246046,211.57901000976562,2860.357391357422,101,0,1,48,0,653.4968309402466,164.89708813279867,22.837183954194188,72.82787205837667,21.350847974419594,145.78432083129883,7.171487927436829,53.09763240814209,5.525568842887878,cache_w8a8_m4k2v2,large_h6_n32_s100,77689caf8a6f5541217b344d4c07901caa669836faff207418844ace493691ac,19.853408813476562,1402.6306867301464,701.7111043930054,775.8690090477467,26476544,746496,746496,4326
cora_node,val,2,2,cora_node:val:000002:172c61f8080c8dca,0,4194.823646,4194.7568359375,4104.307494,90.080748,149.81277845799923,42.98084322363138,16.47335570305586,3771.870438940823,280.72774505615234,3487.8544921875,130,0,1,48,0,653.9950742721558,163.01267189811915,23.295455995947123,72.75395197421312,21.511775995604694,196.7360382080078,9.857855916023254,66.78566455841064,7.348186373710632,cache_w8a8_m4k2v2,large_h6_n32_s100,172c61f8080c8dcaf9fa4f0fdf16968c9f5d12a025177168e2ea2a1fb0c304c9,19.838239669799805,1799.320288091898,702.3018217086792,1006.0706220567226,34078720,897024,897024,5544
cora_node,val,3,3,cora_node:val:000003:5d7b6f9e6623451c,0,3254.325086,3254.26806640625,3165.717708,88.233591,101.83635354042053,43.21623779833317,11.621808633208275,2919.500106945634,190.68422317504883,2726.4033813476562,92,0,1,36,0,714.081787109375,134.30124796368182,17.38604798913002,55.187839986756444,16.312351988628507,132.2191333770752,6.496031999588013,46.93727922439575,5.031778573989868,cache_w8a8_m4k2v2,large_h6_n32_s100,5d7b6f9e6623451ca26e5d6bc121f0ed1d0ed495702b5bfbd69f20c1fcc790fc,19.943584442138672,1279.0475525259972,750.3305969238281,716.9688163399696,24117248,609792,609792,3948
cora_node,val,4,4,cora_node:val:000004:1b7bd54e4a73e24c,0,4739.104369,4739.03125,4585.93126,152.75026,139.61763307452202,43.042887933552265,15.666846185922623,4273.511352948844,308.33856201171875,3962.018310546875,124,0,1,90,0,1256.3822393417358,325.7135362997651,46.316703976131976,136.16380804032087,40.11062395200133,223.82665634155273,11.563712120056152,64.80441474914551,8.143778800964355,cache_w8a8_m4k2v2,large_h6_n32_s100,1b7bd54e4a73e24cb85821085fdcea9e8ae461a9e53686fb3b7b3e359c5bb41e,19.901023864746094,1717.9145592153072,1346.8154258728027,917.1893493235111,32505856,2248704,2248704,5292
cora_node,val,5,5,cora_node:val:000005:4dff67568d9914d4,0,3495.862642,3495.80126953125,3407.103403,88.36578,114.16729632765055,42.94145852327347,13.066297397017479,3144.6357145905495,232.47603607177734,2909.5035705566406,103,0,1,48,0,661.2039661407471,167.41532797832042,23.725663974881172,72.40816000662744,21.464991972781718,164.4121608734131,8.216224074363708,53.6912956237793,6.156355500221252,cache_w8a8_m4k2v2,large_h6_n32_s100,4dff67568d9914d4af8056819ec5addb902b85f28f46fdc1003bce4d07cbc91e,19.845855712890625,1429.532607525587,709.3073921203613,790.5094266235828,27000832,1044480,1044480,4410
cora_node,val,6,6,cora_node:val:000006:6814b7788436b646,0,4421.001604,4420.9296875,4301.206499,119.370078,138.14250193536282,42.887309566140175,16.040018759667873,3989.709500223398,300.04614639282227,3686.4312744140625,127,0,1,66,0,917.3924741744995,235.08259202726185,33.46665594726801,101.02876793593168,30.001215972937644,215.24963760375977,10.905440092086792,65.97308826446533,7.917980432510376,cache_w8a8_m4k2v2,large_h6_n32_s100,6814b7788436b6467a2b4e5ae71ad54646c294fdd7a9fe47708017e0438fcdcc,19.79871940612793,1758.628255277872,983.5651206970215,964.0366178452969,33292288,1612800,1612800,5418
cora_node,val,7,7,cora_node:val:000007:456ece498f97e7b5,0,3987.967122,3987.900146484375,3867.936003,119.628355,130.24672958999872,43.190949596464634,14.75468184798956,3567.168751731515,259.32498931884766,3304.8406372070312,117,0,1,54,0,752.956353187561,195.24137595295906,27.051072007976472,82.22560000233352,24.22051198128611,182.08191871643066,9.14463996887207,61.27878475189209,6.819645881652832,cache_w8a8_m4k2v2,large_h6_n32_s100,456ece498f97e7b5608d85175de2f1d9d8cd45221c84d55dc47d73f497b6a662,19.901567459106445,1620.9024344086647,807.2108459472656,896.6289243102074,30670848,1107456,1107456,4998
cora_node,val,8,8,cora_node:val:000008:f573b11ddb68486b,0,3882.411158,3882.34423828125,3809.404904,72.601389,128.24332527816296,43.19928027689457,14.795385301113129,3531.8208588287234,260.80604553222656,3268.0150146484375,117,0,1,36,0,715.1325397491455,133.86592001002282,17.39635201357305,56.02009601704776,16.287007986567914,183.4286708831787,9.212064027786255,61.31792068481445,6.8473899364471436,cache_w8a8_m4k2v2,large_h6_n32_s100,f573b11ddb68486b3d9fd810b732898df800112e2af4d43f5d3981396e564b76,19.94108772277832,1622.089406222105,751.3039999008179,914.5626962482929,30670848,514560,514560,4998
cora_node,val,9,9,cora_node:val:000009:09ed79371001663a,0,4166.925182,4166.8544921875,4076.136877,90.359217,136.51026505976915,42.87645220756531,15.739244408905506,3759.7845653072,279.06585693359375,3477.5552368164062,125,0,1,54,0,754.6224317550659,195.23014390747994,26.940991953015327,81.9702719990164,24.20502399187535,196.1982078552246,9.968031883239746,65.60870456695557,7.290912628173828,cache_w8a8_m4k2v2,large_h6_n32_s100,09ed79371001663a8b412c7f8dd857a965fdd1864d4e1c4e771cc35619d16d6f,19.849599838256836,1731.191615819931,808.9257297515869,957.2874910831451,32768000,1107456,1107456,5334
cora_node,val,10,10,cora_node:val:000010:8cd99110c8ff3062,0,3008.329188,3008.27197265625,2854.81583,153.14515,93.83478946983814,43.18625573068857,10.639244690537453,2629.3679187074304,202.3954849243164,2424.7404174804688,84,0,1,42,0,587.9172496795654,154.67804807331413,20.536607978865504,64.02111995965242,18.861503980122507,146.44687843322754,7.34825599193573,43.129695892333984,5.470654606819153,cache_w8a8_m4k2v2,large_h6_n32_s100,8cd99110c8ff3062292c8496fdd01884ec89cae95f9d14b6e17694c491694a10,19.956127166748047,1169.5922891199589,630.0083532333374,645.0959022939205,22020096,826368,826368,3612
cora_node,val,11,11,cora_node:val:000011:0f0a5a1062c8d990,0,3534.736119,3534.67236328125,3380.953626,153.380439,109.59538538008928,43.05907338857651,13.253998942673206,3113.8328704982996,237.6611213684082,2873.4717712402344,105,0,1,42,0,581.3655366897583,148.775360096246,20.791007979772985,64.19676794856787,19.16303999442607,167.6919994354248,8.454879999160767,55.233439445495605,6.280802488327026,cache_w8a8_m4k2v2,large_h6_n32_s100,0f0a5a1062c8d99040c0eedb42d64be48399250605cc414c159a7b752afaea19,19.79596710205078,1457.317694991827,623.4885454177856,812.4614979326725,27525120,847872,847872,4494
cora_node,val,12,12,cora_node:val:000012:e68ab2deaa767559,0,3106.130751,3106.071044921875,3017.34761,88.412944,105.46769108623266,43.339552357792854,12.13829591870308,2780.293205752969,183.6959342956543,2594.1007385253906,96,0,1,36,0,496.9863033294678,127.12611215282232,17.50707198586315,54.72585594467819,16.223359971307218,123.55900573730469,5.947712004184723,49.43497657775879,4.754239976406097,cache_w8a8_m4k2v2,large_h6_n32_s100,e68ab2deaa7675595855716311acbebe6d3127faa780ccefd02506dd49341245,20.0152645111084,1333.9945891797543,533.059232711792,747.0621811449528,25165824,651264,651264,4116
cora_node,val,13,13,cora_node:val:000013:0860ee00460e146d,0,687.920599,687.8888549804688,615.21333,72.484423,7.879952900111675,42.51683223992586,0.6903298199176788,552.85001732409,6.571552038192749,545.8664016723633,5,0,1,30,0,415.85644912719727,109.02767981216311,14.174239988438785,46.08531201258302,13.502431987784803,3.925920009613037,0.20073599554598331,2.175007998943329,0.26988803409039974,cache_w8a8_m4k2v2,large_h6_n32_s100,0860ee00460e146d038b3f8392d3eb2f4abc2c0c24bd13a8dacf09e1b696d00a,19.666271209716797,89.46540775895119,445.9542417526245,30.11302337050438,1310720,454656,454656,294
cora_node,val,14,14,cora_node:val:000014:c972fa05769b65c0,0,3486.807547,3486.744140625,3366.408102,120.024885,103.44027727842331,42.68060065805912,11.771189980208874,3110.8707068488,199.7020149230957,2908.7005920410156,94,0,1,60,0,855.3472299575806,235.0786547800526,30.24489598814398,92.07942390441895,26.832927969284356,139.42249488830566,6.857759952545166,48.14134359359741,5.280416488647461,cache_w8a8_m4k2v2,large_h6_n32_s100,c972fa05769b65c080100870b064144ec7cf6a4b1d7174410965054b5220daa2,19.70806312561035,1306.5600323975086,915.4881935119629,706.3604292571545,24641536,1319424,1319424,4032
cora_node,val,15,15,cora_node:val:000015:7860cc9e87b16e39,0,4053.943562,4053.872314453125,3933.914001,119.613436,331.4747679978609,43.4067752212286,14.54387791454792,3439.8530665785074,269.10547256469727,3167.7809448242188,115,0,1,48,0,659.478141784668,167.32419206388295,23.592703984118998,72.61494405567646,21.485503986477852,192.78380584716797,9.716799974441528,59.45475196838379,7.1501147747039795,cache_w8a8_m4k2v2,large_h6_n32_s100,7860cc9e87b16e39de2de402e32a925819a9fff749261c257a3a9988ba8a9f81,19.996671676635742,1594.2700832784176,707.6375370025635,885.8699962198734,30146560,1044480,1044480,4914
cora_node,val,16,16,cora_node:val:000016:f32d2923dd6418be,0,3865.090574,3865.021484375,3744.930421,119.745808,134.2891212552786,42.879353277385235,15.006713569164276,3445.8592869341373,258.8306579589844,3183.9800415039062,119,0,1,42,0,588.0788469314575,154.33052780013531,20.528607983142138,64.6564799696207,18.921727983281016,179.8166732788086,9.05945599079132,63.200608253479004,6.7539204359054565,cache_w8a8_m4k2v2,large_h6_n32_s100,f32d2923dd6418bebe8ada92b42ccb060475dde1d252f130e5de2dbd5b2a4177,19.779808044433594,1649.555358439684,630.1128921508789,924.091598957777,31195136,734208,734208,5082
cora_node,val,17,17,cora_node:val:000017:001227f32c85f0ec,0,3145.979036,3145.917724609375,3023.774333,121.83499,104.43752631545067,42.83171705901623,12.082993984222412,2777.4089565500617,183.9712314605713,2590.9388122558594,96,0,1,36,0,495.4268169403076,126.88876802939922,17.385535994544625,54.26268800534308,16.111231999471784,123.7027530670166,5.957887947559357,49.55011177062988,4.760478675365448,cache_w8a8_m4k2v2,large_h6_n32_s100,001227f32c85f0ece738bdac5e9d63bf9ee23945eddc92d44f1a7f893c6bb68d,19.79305648803711,1333.5272624790668,531.512674331665,745.6919319331646,25165824,651264,651264,4116
cora_node,val,18,18,cora_node:val:000018:6ce65e1c7c0c94ef,0,4301.100711,4301.02587890625,4180.466866,120.203189,143.57874635607004,43.296562507748604,16.48717001080513,3861.932943575084,315.2850875854492,3543.324462890625,131,0,1,48,0,687.1409282684326,188.48198419623077,23.67139198165387,73.71513588167727,21.61180798150599,226.30118560791016,11.655423879623413,69.08790397644043,8.24057412147522,cache_w8a8_m4k2v2,large_h6_n32_s100,6ce65e1c7c0c94ef3d7d047887beb54c47e8f6ddec8294a4fe63dc209a302842,19.987552642822266,1814.2525473237038,735.1872310638428,1013.8722371459007,34340864,900096,900096,5586
cora_node,val,19,19,cora_node:val:000019:3ceac226ed43f1c1,0,3625.116708,3625.049560546875,3503.15742,121.554746,120.71424908936024,42.88262780755758,14.007565565407276,3216.284521855414,221.86099243164062,2991.573211669922,111,0,1,42,0,578.4687986373901,146.6783039541915,20.534143975935876,63.71289595216513,18.9080319898203,151.00054550170898,7.313791990280151,57.790656089782715,5.755998849868774,cache_w8a8_m4k2v2,large_h6_n32_s100,3ceac226ed43f1c18cc6acb41ff4db088b2653a73733f1c9344b54f69cbda7f4,19.79599952697754,1532.5733758807182,620.553599357605,858.2422359585762,29097984,847872,847872,4746
cora_node,val,20,20,cora_node:val:000020:81153c37c7d05390,0,3452.396876,3452.330810546875,3348.037678,103.968038,110.68118549883366,43.12718752771616,12.7498097717762,3090.7071828842163,212.21356582641602,2875.8790893554688,101,0,1,48,0,684.6486110687256,184.99382405448705,23.82908799033612,73.68697603419423,21.694783999584615,146.2229118347168,7.177343964576721,53.2761287689209,5.537181258201599,cache_w8a8_m4k2v2,large_h6_n32_s100,81153c37c7d053901f9540861759677a595aa97e8ae544d616c2d23736bd2dc4,20.0130558013916,1391.5354869961739,732.560097694397,771.7965604662895,26476544,1013760,1013760,4326
cora_node,val,21,21,cora_node:val:000021:fc5bfbf6fdd8e29d,0,4311.500825,4311.42431640625,4222.969764,88.108946,347.6717183366418,43.05342398583889,15.231616795063019,3701.36496424675,244.19695663452148,3454.0731811523438,121,0,1,60,0,834.2917470932007,218.12000023853034,28.850943990051746,91.3905279841274,26.80307195521891,167.05036544799805,8.217311978340149,62.598687171936035,6.330592036247253,cache_w8a8_m4k2v2,large_h6_n32_s100,fc5bfbf6fdd8e29d7fbe71e367245e52ed570813b80ffdb29ec5f6daf44c521d,19.845312118530273,1662.8509738445282,894.1103057861328,916.957213640213,31719424,1122816,1122816,5166
cora_node,val,22,22,cora_node:val:000022:ee5c361ce1ad5fc6,0,778.00248,777.968505859375,625.608788,152.16001,7.203997112810612,42.26702265441418,0.6884858012199402,566.16679020226,6.344512104988098,559.4057846069336,5,0,1,30,0,430.1790704727173,119.7853121124208,14.311487976461649,46.169280003756285,13.578367976471782,3.8199360966682434,0.16508799977600574,2.1091839969158173,0.25030401162803173,cache_w8a8_m4k2v2,large_h6_n32_s100,ee5c361ce1ad5fc66022d08fbcba437f002eec019cb85b367f405b797a45d74a,19.59119987487793,88.7651843726635,460.07369232177734,30.15810778737068,1310720,233472,233472,294
cora_node,val,23,23,cora_node:val:000023:653fb92078e2817b,0,2992.610288,2992.550537109375,2888.314358,103.937984,97.45161794126034,42.58567653596401,10.999705642461777,2651.567079126835,186.89376068115234,2462.38134765625,87,0,1,42,0,572.4049940109253,143.52307202946395,20.327423978596926,63.38175994716585,19.074687987565994,130.4588794708252,6.430720090866089,45.06239986419678,4.941761255264282,cache_w8a8_m4k2v2,large_h6_n32_s100,653fb92078e2817b6b80e8da0ab4e49c60c2e35c219ce170a0ea58d2a52209c0,19.738239288330078,1201.2503991127014,614.2070407867432,666.6621470451355,22806528,847872,847872,3738
cora_node,val,24,24,cora_node:val:000024:e57828c39ee81537,0,4135.313471,4135.23828125,4062.173478,72.712327,138.51812947541475,42.344171553850174,16.260307282209396,3750.7580555975437,303.3796844482422,3444.1084594726562,129,0,1,48,0,645.6816635131836,157.18076800741255,21.92947198264301,74.51302406936884,21.821599994786084,217.4566421508789,11.082495927810669,66.8204174041748,8.020128965377808,cache_w8a8_m4k2v2,large_h6_n32_s100,e57828c39ee81537cd4dc7957c24a27aa85a6131f03f887a97bf979e6f9b093d,19.56483268737793,1770.9859495162964,694.0073595046997,998.6799831390381,33816576,1044480,1044480,5502
cora_node,val,25,25,cora_node:val:000025:532c3f0600e60f69,0,1729.295098,1729.249267578125,1576.527507,152.48782,43.734267354011536,42.195809073746204,4.9665700644254684,1438.6262064799666,79.78374481201172,1357.6571502685547,39,0,1,36,0,498.2917757034302,129.59654415212572,16.901279998011887,55.264159969985485,16.172895994968712,54.61843204498291,2.6855359971523285,20.333151817321777,2.1466249525547028,cache_w8a8_m4k2v2,large_h6_n32_s100,532c3f0600e60f698bf02a8724ffdd4309bb4e6754d6fb0f6c6acb895d63cda2,19.47609519958496,549.6487680673599,534.135745048523,293.3487323522568,10223616,505344,505344,1722
cora_node,val,26,26,cora_node:val:000026:47960a5bc95ed3fe,0,4243.215857,4243.138671875,4091.964734,150.821994,129.9454513937235,43.0927574634552,15.296543948352337,3786.8199329823256,239.98230361938477,3543.7242431640625,121,0,1,66,0,918.8921613693237,236.00745604932308,33.21091196406633,100.98831992410123,29.63078397512436,163.17161750793457,7.990752100944519,62.611008644104004,6.208925366401672,cache_w8a8_m4k2v2,large_h6_n32_s100,47960a5bc95ed3fedb36ceb1169e290cff9559b75c8b9b05ed8874baff01d4eb,19.854047775268555,1663.0784635841846,984.8887329101562,915.6110944449902,31719424,1491456,1491456,5166
cora_node,val,27,27,cora_node:val:000027:f45becbe7effa564,0,4010.756636,4010.6826171875,3857.5335,152.814827,129.4037587940693,42.95871127396822,14.668860472738743,3561.0684268176556,243.8232307434082,3314.2565307617188,116,0,1,42,0,799.6074523925781,155.49340796191245,20.85721597354859,272.52775109931827,19.11817598901689,169.43222427368164,8.376832008361816,59.59167957305908,6.422494888305664,cache_w8a8_m4k2v2,large_h6_n32_s100,f45becbe7effa5645841682460d17620f32a7cd8b77de8ee97b7fcd07dca084a,19.85955238342285,1595.103711515665,841.5809335708618,897.4314380586147,30408704,714240,714240,4956
cora_node,val,28,28,cora_node:val:000028:6ded904a1002dc74,0,4595.521635,4595.43994140625,4473.622187,121.475017,137.46968656778336,42.63718891888857,15.828492119908333,4165.590969845653,280.09642028808594,3882.3556518554688,123,0,1,90,0,1215.7165460586548,301.3545279642567,43.31065596267581,136.51395188272,40.09017596207559,197.20825958251953,10.090943932533264,65.43731212615967,7.359904646873474,cache_w8a8_m4k2v2,large_h6_n32_s100,6ded904a1002dc74077985daa12927c42db514dc520b7b77c67f822af904448a,19.746335983276367,1691.4961615502834,1305.3200607299805,905.2857655584812,32243712,2416128,2416128,5250
cora_node,val,29,29,cora_node:val:000029:07d0144ff3ceb12e,0,4598.727333,4598.64404296875,4509.911468,88.380443,135.9320068731904,42.5201216712594,15.587479807436466,4195.009731687605,311.36301040649414,3880.48583984375,124,0,1,90,0,1193.1437768936157,288.65744025073946,41.01827198732644,136.5343679804355,40.13231997936964,226.7093505859375,11.646112084388733,64.84668827056885,8.16085946559906,cache_w8a8_m4k2v2,large_h6_n32_s100,07d0144ff3ceb12ed7afe426341e99da86f7c32b6c96360aedbb18dac61672ac,19.645023345947266,1704.6719053387642,1282.7327699661255,912.7261878848076,32505856,2219520,2219520,5292
cora_node,val,30,30,cora_node:val:000030:455cba2d7fc3150f,0,4120.722411,4120.6455078125,4031.850476,88.435549,144.0453315153718,42.79217403382063,16.6186997666955,3710.142383351922,295.15999603271484,3411.664794921875,131,0,1,42,0,571.8821105957031,146.44259199965745,19.23935999162495,64.71942399814725,18.9481599945575,207.66527938842773,10.65500807762146,69.19228744506836,7.64742112159729,cache_w8a8_m4k2v2,large_h6_n32_s100,455cba2d7fc3150f9535d2dc25f18547fd6d70175c3a7617f01985af8e80077a,19.72332763671875,1801.1558389663696,613.7023983001709,1016.5298852920532,34340864,551424,551424,5586
cora_node,val,31,31,cora_node:val:000031:33e8426840fb4795,0,3242.589534,3242.525390625,3120.537743,121.692176,93.96745637059212,42.90945827960968,10.43662428855896,2886.1134527251124,172.67788887023926,2711.2132263183594,83,0,1,66,0,909.7579832077026,230.48188791889697,33.113727991469204,99.49449593387544,29.110367964953184,119.45756912231445,5.823039948940277,42.84908866882324,4.548191130161285,cache_w8a8_m4k2v2,large_h6_n32_s100,33e8426840fb47951dbfaf92f3cac61b4056a010f9cc6e131f8a054e7ff82e05,19.887487411499023,1146.2765412330627,975.5620107650757,609.26216173172,21757952,1634304,1634304,3570
cora_node,val,32,32,cora_node:val:000032:ec041f871f85a7ed,0,4106.62537,4106.5498046875,3984.487876,121.728667,327.5316171348095,43.07229910045862,13.934684917330742,3492.3333479091525,274.0735054016113,3215.4353637695312,110,0,1,60,0,831.0973768234253,214.02880009729415,30.20848002936691,90.60207999683917,26.564064004458487,199.25356674194336,10.09987199306488,57.427103996276855,7.292962670326233,cache_w8a8_m4k2v2,large_h6_n32_s100,ec041f871f85a7edaf87413f57485fe823e23cef6dd5d3c8bb11f020eba7ecb0,19.873376846313477,1514.2733137309551,890.8802223205566,830.155204564333,28835840,1297920,1297920,4704
cora_node,val,33,33,cora_node:val:000033:d99e6aa72dde8276,0,3442.932748,3442.865478515625,3322.06092,120.434054,103.73387485742569,42.57065150886774,11.826379224658012,3067.213253118098,199.7737579345703,2864.978729248047,94,0,1,60,0,823.5704650878906,208.29750429466367,30.38796797581017,93.71753598377109,27.663808001205325,139.43392181396484,6.855264067649841,48.20240068435669,5.282171368598938,cache_w8a8_m4k2v2,large_h6_n32_s100,d99e6aa72dde8276c03ab9a25648586d719760ca13be233b200b0b5682a4d3c0,19.709312438964844,1296.4287682771683,883.5737609863281,704.6855124235153,24641536,1437696,1437696,4032
cora_node,val,34,34,cora_node:val:000034:c6ac1e55dc429a4f,0,2933.6204,2933.55859375,2826.370577,106.81944,96.45034093409777,42.48458705842495,12.658307328820229,2583.6873967200518,177.0416316986084,2404.3522033691406,87,0,1,36,0,505.63113594055176,136.91971208434552,17.477152000181377,62.18483202904463,18.391168027184904,121.39065551757812,5.912608087062836,45.11369609832764,4.624671995639801,cache_w8a8_m4k2v2,large_h6_n32_s100,c6ac1e55dc429a4fc1b42124729ffba05ed8394093043e27892433107870aa87,19.62371253967285,1200.92422285676,541.9819240570068,681.0697689950466,22806528,516096,516096,3738
cora_node,val,35,35,cora_node:val:000035:1da4a13ce5213d4c,0,4255.631218,4255.55322265625,4135.030844,120.155011,154.98823300004005,43.144043534994125,17.12949015200138,3804.558666422963,316.5184020996094,3484.6524047851562,134,0,1,42,0,585.2018909454346,149.20448005665094,20.743967993184924,65.68745598196983,19.016095948405564,226.52614212036133,11.610144019126892,70.07046413421631,8.311651825904846,cache_w8a8_m4k2v2,large_h6_n32_s100,1da4a13ce5213d4c79c9a0bb38169caf3b45a9be12ecb3ae9d2cd3eac5fec78d,20.03116798400879,1839.5633952915668,627.4819507598877,1037.6382267177105,35127296,847872,847872,5712
cora_node,val,36,36,cora_node:val:000036:804a860e7310daa9,0,3583.46808,3583.398193359375,3430.154347,152.924541,112.67466470599174,42.99096670001745,12.862900272011757,3164.6691877394915,225.39981079101562,2936.654296875,101,0,1,54,0,745.8728656768799,191.11660793982446,25.898207978345454,83.11033602431417,24.370655971579254,158.0575351715088,7.8987520933151245,53.520575523376465,5.922948002815247,cache_w8a8_m4k2v2,large_h6_n32_s100,804a860e7310daa9550514fc493811a15c565d6849046cd2dc6283336da2b829,19.931135177612305,1391.9065917134285,799.6849946975708,764.993845641613,26476544,940032,940032,4326
cora_node,val,37,37,cora_node:val:000037:b2b1c0e329a7a543,0,4490.330486,4490.24853515625,4370.338902,119.557405,144.97270714491606,44.56121288239956,16.74544718116522,4048.036224208772,311.86486053466797,3732.8543090820312,131,0,1,48,0,895.9366474151611,186.10799994505942,235.71360451262444,73.32288002222776,21.589823972433805,223.26947021484375,11.340927958488464,69.00060844421387,8.253853917121887,cache_w8a8_m4k2v2,large_h6_n32_s100,b2b1c0e329a7a54359e24ff662b6ebd70e3b5d674824299b49542416910557d9,21.17251205444336,1800.2718732953072,943.7604103088379,1009.9945375323296,34340864,972288,972288,5586
cora_node,val,38,38,cora_node:val:000038:fbe38da1cb98badb,0,2991.518363,2991.455322265625,2836.25133,154.873501,92.92399138212204,42.47939866036177,10.630395263433456,2611.395336687565,202.61155700683594,2406.5619506835938,84,0,1,42,0,580.1388158798218,147.7694721026346,20.770527994260192,64.5154560059309,18.770431984215975,146.47955322265625,7.37062406539917,43.2741117477417,5.487267971038818,cache_w8a8_m4k2v2,large_h6_n32_s100,fbe38da1cb98badbd1dd893f4c961fbcfe5afa0e79345cd4be3f0986d0a540de,19.665023803710938,1162.0073596537113,622.0382070541382,642.1814077794552,22020096,847872,847872,3612
cora_node,val,39,39,cora_node:val:000039:8e57a218b861b29b,0,4660.773844,4660.68994140625,4569.985063,90.335173,135.05797553807497,42.624072171747684,15.740890055894852,4256.414774805307,310.7883186340332,3942.458740234375,124,0,1,90,0,1254.0171194076538,322.39254436455667,45.28841599356383,137.00959998369217,40.49513593316078,225.72093200683594,11.70035207271576,65.16649532318115,8.200539231300354,cache_w8a8_m4k2v2,large_h6_n32_s100,8e57a218b861b29b7aff341dbd5e0899e71177d7377faa87b56f5781093d6fa8,19.749887466430664,1706.3956167697906,1344.0377235412598,911.7752873897552,32505856,1953792,1953792,5292
cora_node,val,40,40,cora_node:val:000040:e26e85c190581c32,0,3540.982297,3540.912353515625,3434.514029,106.05235,124.47870709002018,43.06867718696594,13.763309456408024,3146.9098161906004,207.48205184936523,2936.646942138672,108,0,1,42,0,592.8050565719604,156.15715200453997,20.625023970380425,64.99187202379107,19.391935985535383,139.79884910583496,6.761599898338318,55.5634241104126,5.358178734779358,cache_w8a8_m4k2v2,large_h6_n32_s100,e26e85c190581c328da2e707ccea0a93e798ad0f39688260df71802a0feb298c,19.898271560668945,1488.0218262672424,634.8555879592896,833.6677994728088,28311552,803328,803328,4620
cora_node,val,41,41,cora_node:val:000041:c51927d6be580551,0,3543.132143,3543.0634765625,3389.489431,153.236787,119.53054461628199,43.151154182851315,13.415792025625706,3106.3645631074905,239.14697265625,2864.5133361816406,105,0,1,42,0,584.4172821044922,149.5229119816795,20.778335983864963,64.63056002184749,19.04684799350798,168.8441925048828,8.48800015449524,55.50710391998291,6.307676076889038,cache_w8a8_m4k2v2,large_h6_n32_s100,c51927d6be580551a2ca89f8ad157e5cd90edc5aa008995d56b824f4c4265a1d,19.941823959350586,1447.692445576191,626.4593286514282,810.303385913372,27525120,847872,847872,4494
cora_node,val,42,42,cora_node:val:000042:eed68a5f55951b17,0,3658.404297,3658.3330078125,3567.506533,90.504598,122.72417079657316,42.5765048712492,13.989875093102455,3291.034735739231,231.1300811767578,3057.072021484375,110,0,1,48,0,670.5549116134644,175.22950390912592,24.009856001473963,73.05123202502728,21.53238397091627,159.77331161499023,7.879839897155762,57.4301118850708,6.046817779541016,cache_w8a8_m4k2v2,large_h6_n32_s100,eed68a5f55951b1772e17bcc77161073a57922816c32d400283534e33e2ee190,19.710111618041992,1515.81469014287,718.5382356643677,842.4292072951794,28835840,1024512,1024512,4704
cora_node,val,43,43,cora_node:val:000043:6a9ed65042278371,0,779.346863,779.3126831054688,628.531823,150.576124,8.235728368163109,42.33452305197716,0.7051145657896996,567.7662445232272,6.355712175369263,560.9891738891602,5,0,1,30,0,431.4234857559204,119.60467211529613,14.182943996042013,46.36016000807285,13.728063990361989,3.832319974899292,0.1661119982600212,2.1083199977874756,0.2489602044224739,cache_w8a8_m4k2v2,large_h6_n32_s100,6a9ed65042278371752d34ed2b688c311d2a61cfba7dcc956b56f2d3c30a5056,19.612319946289062,88.91798451542854,461.39712142944336,30.286387890577316,1310720,233472,233472,294
cora_node,val,44,44,cora_node:val:000044:a9efee3f3b87a00d,0,3252.119754,3252.0546875,3147.53181,104.199285,316.48300867527723,43.26416179537773,11.781391687691212,2689.202407374978,191.48563194274902,2495.290557861328,92,0,1,36,0,496.6622438430786,129.14479998871684,17.089983991347253,54.846687929704785,16.352384002879262,132.63632011413574,6.519263863563538,47.29328012466431,5.036767840385437,cache_w8a8_m4k2v2,large_h6_n32_s100,a9efee3f3b87a00d27cfda590333c4e66b473899ff7538fa4422deefcc9548f5,19.998079299926758,1270.0724170506,532.5490884780884,712.6671316325665,24117248,626688,626688,3948
cora_node,val,45,45,cora_node:val:000045:820a29778817699f,0,3632.00403,3631.93359375,3478.798815,152.810967,110.39471346884966,42.66068432480097,12.582927942276001,3209.910787642002,207.47491073608398,2999.8455505371094,100,0,1,60,0,828.8140516281128,211.47209574840963,29.88524798117578,90.94006393663585,26.680255956947803,143.44316864013672,7.052128076553345,51.53564739227295,5.443966627120972,cache_w8a8_m4k2v2,large_h6_n32_s100,820a29778817699fe1d35729c80dd568fefbe7fde8c5a544b7b370fe302e03a2,19.758432388305664,1379.324223011732,888.8310060501099,751.4487538635731,26214400,1437696,1437696,4284
cora_node,val,46,46,cora_node:val:000046:bf80cdbf6da3428c,0,3718.872796,3718.800048828125,3596.448621,122.003049,130.88964205235243,43.006742373108864,14.824563637375832,3300.7398042827845,255.16777801513672,3042.5772094726562,117,0,1,36,0,506.4645709991455,134.79523218423128,17.663487980142236,54.90460804104805,16.2512959940359,177.916353225708,8.980512022972107,61.59094429016113,6.679968476295471,cache_w8a8_m4k2v2,large_h6_n32_s100,bf80cdbf6da3428cc4bbd9edc7ff0d2c68a569c568fe2496c00f2705cb728369,19.888959884643555,1610.2881923913956,542.4637107849121,909.7142661809921,30670848,609792,609792,4998
cora_node,val,47,47,cora_node:val:000047:0afecca2ba063232,0,3243.234909,3243.1689453125,3123.07739,119.785359,93.95367559045553,42.589835822582245,10.313947685062885,2888.3638624101877,172.9263687133789,2713.2269287109375,83,0,1,66,0,910.5642890930176,231.1234563915059,33.60204798076302,100.13347195461392,29.20998398028314,119.62659072875977,5.827008008956909,42.91359996795654,4.5591700077056885,cache_w8a8_m4k2v2,large_h6_n32_s100,0afecca2ba0632322dff2090f9ffe62098528a0619a6d5794bda25afde60ed8f,19.705312728881836,1146.8681905269623,976.5790719985962,609.4849789142609,21757952,1634304,1634304,3570
cora_node,val,48,48,cora_node:val:000048:f2eda85aa4730b7d,0,1740.769053,1740.7225341796875,1587.607174,152.870313,54.80576027184725,42.52990521490574,4.875135608017445,1447.6473461836576,79.91977596282959,1366.5342559814453,39,0,1,36,0,507.6319990158081,134.4905919348821,17.759519984945655,55.4935039691627,16.24307199101895,54.691359519958496,2.6877759993076324,20.387040376663208,2.1536000669002533,cache_w8a8_m4k2v2,large_h6_n32_s100,f2eda85aa4730b7d5152db4e5c739a5c111ebfa6b1747f81495839b4b855f24e,19.68886375427246,550.0781450867653,543.4986219406128,292.6463527083397,10223616,576000,576000,1722
cora_node,val,49,49,cora_node:val:000049:f9db0bb282a0f26d,0,3048.988702,3048.925537109375,2943.582259,105.022597,98.37052412331104,42.62857977300882,11.36922650039196,2702.663103118539,191.59071922302246,2508.659423828125,92,0,1,36,0,507.74911880493164,135.8304641265422,17.31500798650086,55.00604800507426,16.290143988095224,132.7222728729248,6.51366400718689,47.32483243942261,5.029949903488159,cache_w8a8_m4k2v2,large_h6_n32_s100,f9db0bb282a0f26deb4dd94192fb6cc10e995f6a403f1200c5074342e9259f58,19.68934440612793,1270.5715509057045,543.6405735015869,714.1366438269615,24117248,626688,626688,3948
cora_node,val,50,50,cora_node:val:000050:136733865ec981c8,0,3822.829262,3822.75634765625,3702.507082,119.922768,113.0925128236413,43.14108286052942,12.401778250932693,3429.8379877582192,207.51254653930664,3219.7183227539062,100,0,1,60,0,839.2794876098633,218.0584959872067,30.135615959763527,91.2762559466064,26.88342397287488,143.4295997619629,7.065984129905701,51.56947135925293,5.44749128818512,cache_w8a8_m4k2v2,large_h6_n32_s100,136733865ec981c834ebf3cd6c226f66dfa2dbd64d0e6fbc4c1894fe9548bd42,19.981151580810547,1379.0888002812862,899.4316778182983,961.1789962351322,26214400,1319424,1319424,4284
cora_node,val,51,51,cora_node:val:000051:386c85b59087d5c1,0,3452.084551,3452.015380859375,3329.924287,121.76845,106.23972956091166,42.75577329099178,11.743524111807346,3070.1624900102615,200.47808074951172,2867.2241821289062,94,0,1,60,0,826.4098281860352,209.03612774517387,30.02505600079894,91.37215993180871,26.684447955340147,139.93449592590332,6.9005759954452515,48.34627151489258,5.296737313270569,cache_w8a8_m4k2v2,large_h6_n32_s100,386c85b59087d5c1920d23250d5c48973873364f8aab3103716dfc5045738d5e,19.805919647216797,1297.8853754103184,886.2447729110718,702.8999534547329,24641536,1437696,1437696,4032
cora_node,val,52,52,cora_node:val:000052:d37007c70ec9a7a6,0,3781.200091,3781.1279296875,3630.002924,150.79382,125.84964372217655,42.902122251689434,14.365002512931824,3342.262697406113,248.33126068115234,3090.9691772460938,115,0,1,42,0,597.2579202651978,160.28707197774202,20.599904014728963,64.78275195136666,19.17161598894745,173.53222465515137,8.632287979125977,59.66934394836426,6.497404098510742,cache_w8a8_m4k2v2,large_h6_n32_s100,d37007c70ec9a7a6eb9ef082ccb8c4a765a048e475ab376d1ef6d76fdb3daa0c,19.893152236938477,1583.4511373341084,639.159743309021,888.2514488399029,30146560,577536,577536,4914
cora_node,val,53,53,cora_node:val:000053:100a45829f4f70fe,0,4249.401845,4249.322265625,4095.868843,153.099208,133.14337469637394,42.801180854439735,15.035232529044151,3788.4073639288545,241.25164794921875,3544.056884765625,121,0,1,66,0,918.0292472839355,235.82188816089183,33.25388798490167,100.23939191363752,29.5701119704172,164.06438446044922,8.024064064025879,62.93907165527344,6.224127769470215,cache_w8a8_m4k2v2,large_h6_n32_s100,100a45829f4f70fe6c9ef085f0803a5509b7653bcf788b30c81773573d76639e,19.809343338012695,1665.6475837528706,983.9954223632812,914.2232219874859,31719424,1491456,1491456,5166
cora_node,val,54,54,cora_node:val:000054:1dd3915592a8d466,0,3495.614587,3495.545166015625,3404.690573,90.531481,114.01540227234364,42.89368074387312,12.778181582689285,3137.966279871762,233.9695053100586,2901.335174560547,103,0,1,48,0,664.7125091552734,169.11990380100906,23.828927972353995,73.55430406704545,21.58655998017639,165.301664352417,8.308095812797546,54.181888580322266,6.1778565645217896,cache_w8a8_m4k2v2,large_h6_n32_s100,1dd3915592a8d466fb61643b26ca9143c8e4a604a6d2f6a7baea2f0de1f35e21,19.865184783935547,1420.4316154420376,712.7118701934814,788.0568737089634,27000832,1044480,1044480,4410
cora_node,val,55,55,cora_node:val:000055:23e56fcfab6d436a,0,4453.33532,4453.25341796875,4299.860727,153.05322,133.34690686315298,43.01164299249649,14.965993352234364,3994.1112799569964,241.61785507202148,3749.3875732421875,121,0,1,66,0,1123.482265472412,230.4923840984702,33.44105603080243,100.32444802485406,29.361439960077405,164.12499237060547,8.1249920129776,63.14342498779297,6.224445700645447,cache_w8a8_m4k2v2,large_h6_n32_s100,23e56fcfab6d436acd42909da08a85f14463ac5d08f67fcb8aae66b34c6bbaa0,19.805248260498047,1665.7852154672146,1189.4381465911865,913.9694594442844,31719424,1634304,1634304,5166
cora_node,val,56,56,cora_node:val:000056:c151f9a66a32351a,0,777.95725,777.923095703125,627.351617,150.380622,7.323423400521278,42.44774021208286,0.6972365081310272,567.6646018400788,6.341088175773621,560.9058532714844,5,0,1,30,0,431.332480430603,119.98569608852267,14.323872004635632,46.25292798131704,13.680127977393568,3.828831970691681,0.16585599817335606,2.0968000292778015,0.24960017763078213,cache_w8a8_m4k2v2,large_h6_n32_s100,c151f9a66a32351ab6f194220d8f27ec42086c69ca743b64ed744b43adf6b587,19.653696060180664,88.91644793748856,461.2850561141968,30.358045279979706,1310720,233472,233472,294
cora_node,val,57,57,cora_node:val:000057:9f73df790656f24f,0,4251.825024,4251.74560546875,4131.652581,119.725073,145.71438916027546,42.766972444951534,16.67105406522751,3814.200638793409,317.2090873718262,3493.6126098632812,134,0,1,42,0,588.4948177337646,154.59715181495994,20.57964798528701,63.84147198870778,18.796511975117028,227.09628677368164,11.756192088127136,70.07808017730713,8.278528332710266,cache_w8a8_m4k2v2,large_h6_n32_s100,9f73df790656f24fde0f494f61a57314c0d43c3d5dd13f03bf9fc3b4c1cdd6a1,19.826143264770508,1842.87363037467,630.4852781295776,1040.079844623804,35127296,775680,775680,5712
cora_node,val,58,58,cora_node:val:000058:0e84393309af431f,0,3599.106913,3599.036376953125,3478.746901,119.940224,116.70932080596685,42.9157093167305,12.988567352294922,3204.667574726045,231.9903335571289,2969.963653564453,105,0,1,48,0,692.1800308227539,191.41020800173283,23.631807977333665,73.60384000465274,21.789087990298867,162.15913772583008,8.040320038795471,55.719072341918945,6.071803450584412,cache_w8a8_m4k2v2,large_h6_n32_s100,0e84393309af431ff31aca0bf20b6a3e432553f78bae4466b8c8e5df0397a96b,19.846080780029297,1446.665951102972,740.248574256897,802.8952089846134,27525120,718848,718848,4494
cora_node,val,59,59,cora_node:val:000059:7a1a5d6d1b8a27ba,0,4180.021966,4179.94287109375,4089.246522,90.313247,142.40429271012545,42.80218668282032,16.13885536789894,3767.6973305642605,282.92432022094727,3481.4813842773438,130,0,1,48,0,664.624608039856,169.32179201487452,24.40643199533224,72.78841598518193,21.385823974385858,197.96460723876953,10.02185595035553,67.55343914031982,7.38441789150238,cache_w8a8_m4k2v2,large_h6_n32_s100,7a1a5d6d1b8a27ba07e758ab9bd2ea205f3845421fcdb7a2d95ccc2ad120f537,19.809568405151367,1788.488734871149,712.6959056854248,1000.1063121259212,34078720,1044480,1044480,5544
cora_node,val,60,60,cora_node:val:000060:8515adbde4b51c9f,0,3132.656408,3132.591796875,2979.344946,152.927918,97.26488590240479,43.061825446784496,10.763307102024555,2740.0331618264318,191.29465675354004,2546.4370727539062,87,0,1,48,0,654.529088973999,162.8956158105284,23.612224002368748,73.79299193806946,21.39081597700715,134.27065467834473,6.616639971733093,45.332064151763916,5.075297951698303,cache_w8a8_m4k2v2,large_h6_n32_s100,8515adbde4b51c9f92d0b0e3262fe10b8a954e7035be2f040182e9e5d2d208a5,19.94723129272461,1202.9620480239391,702.4469776153564,660.9752784073353,22806528,897024,897024,3738
cora_node,val,61,61,cora_node:val:000061:2ebaa5e613607afa,0,3784.86348,3784.790283203125,3664.416281,120.022619,125.01494772732258,42.66166873276234,14.40570130944252,3371.1226070299745,271.47097396850586,3096.6793212890625,116,0,1,42,0,579.0642232894897,147.54451207537204,20.641887962818146,64.3604799862951,18.730463973246515,194.2262134552002,9.875680088996887,60.241536140441895,7.127544283866882,cache_w8a8_m4k2v2,large_h6_n32_s100,2ebaa5e613607afac554b845f2a72ffa051fa31539eae898c74059add740ab3c,19.74985694885254,1598.245407372713,620.9463329315186,897.2374379336834,30408704,847872,847872,4956
cora_node,val,62,62,cora_node:val:000062:7b1323f9de6f884a,0,4519.016782,4518.93408203125,4397.173983,121.419595,130.31725492328405,42.863874696195126,15.027315355837345,4103.514675050974,262.57042694091797,3837.8312377929688,121,0,1,72,0,1004.0359687805176,258.79801607038826,36.83804798964411,109.62758396938443,32.21583998668939,183.71420669555664,9.09443199634552,62.89689636230469,6.864891886711121,cache_w8a8_m4k2v2,large_h6_n32_s100,7b1323f9de6f884a62e734806f77ba20f800df04fa59a2325726807c1899956a,19.85468864440918,1665.4616967737675,1076.0181455612183,1116.2060841023922,31719424,1706496,1706496,5166
cora_node,val,63,63,cora_node:val:000063:026908a977010a0c,0,3058.520037,3058.45556640625,2983.258123,74.881924,95.12475039809942,42.89156477898359,10.825347155332565,2749.283296056092,191.27475357055664,2555.6969604492188,87,0,1,48,0,664.1557445526123,169.4801919553429,23.919327979907393,72.72537596523762,21.388991969637573,134.1762237548828,6.648576021194458,45.39407968521118,5.0558741092681885,cache_w8a8_m4k2v2,large_h6_n32_s100,026908a977010a0cf320de0a85718530404634fc856eea140ec3aad0ee23390e,19.853984832763672,1202.5971823334694,712.1888971328735,660.7648658156395,22806528,1044480,1044480,3738
cora_node,val,64,64,cora_node:val:000064:c5d399c781d32e51,0,4309.515729,4309.43603515625,4189.221413,119.87562,126.75416469573975,43.120717629790306,15.028885565698147,3902.514483779669,261.8105583190918,3637.6031494140625,121,0,1,72,0,1013.1508140563965,265.25916831567883,36.761951971799135,109.9011519830674,32.51107196137309,182.9049892425537,9.079424023628235,62.96240234375,6.863742709159851,cache_w8a8_m4k2v2,large_h6_n32_s100,c5d399c781d32e51e9fc72934831bf51694c2884e0e49dbc83024497da53d9b3,19.94211196899414,1664.7040960788727,1085.4697637557983,907.3714015483856,31719424,1546752,1546752,5166
cora_node,val,65,65,cora_node:val:000065:ee6c009ba17d22c1,0,3178.521391,3178.455810546875,3072.061695,106.087456,92.68747828900814,42.86480229347944,11.234414763748646,2843.4292851015925,189.17152214050293,2651.8594665527344,91,0,1,48,0,672.7034902572632,176.23356799408793,24.095487976446748,73.09679996222258,21.401663987897336,129.9863681793213,6.348832011222839,47.886112213134766,4.950209736824036,cache_w8a8_m4k2v2,large_h6_n32_s100,ee6c009ba17d22c12ae9f6fa7496abf08cb0cbb8408d523ff2616bcfcb0c15ee,19.84771156311035,1257.0216635465622,720.5936012268066,694.0919133424759,23855104,1015296,1015296,3906
cora_node,val,66,66,cora_node:val:000066:8bb1dcc384c1aac6,0,3179.921115,3179.85595703125,3057.75397,121.795365,95.64406704157591,43.032970279455185,11.429469101130962,2828.217594884336,217.57180786132812,2608.205841064453,93,0,1,42,0,587.9597129821777,155.11955206189305,20.491455969400704,63.93190407939255,18.831295990385115,155.87148666381836,7.812735915184021,48.06204795837402,5.825537323951721,cache_w8a8_m4k2v2,large_h6_n32_s100,8bb1dcc384c1aac689d3a682b877584f280e0218d3aa1cad116f84b9cc360013,19.919776916503906,1284.18525069952,629.9249286651611,714.0154386162758,24379392,821760,821760,3990
cora_node,val,67,67,cora_node:val:000067:36d0afd27f51c0d6,0,2316.441119,2316.380859375,2165.35638,150.761051,61.357936821877956,42.65190474689007,7.077299989759922,1995.6491626799107,143.89055824279785,1850.1188049316406,58,0,1,42,0,581.7954549789429,148.08211179543287,20.80815996415913,63.95827198214829,18.90489597246051,104.84416007995605,5.271679997444153,29.835872173309326,3.938845992088318,cache_w8a8_m4k2v2,large_h6_n32_s100,36d0afd27f51c0d6af94d18f3c758cae4bc1bb83e16f84c2306ed35a17732a90,19.79596710205078,808.3218873143196,623.6882877349854,437.90459698438644,15204352,847872,847872,2520
cora_node,val,68,68,cora_node:val:000068:c6709dd1c850965e,0,3113.114683,3113.049560546875,3008.485489,104.256411,90.78782983124256,43.29379554837942,10.805192403495312,2779.5195197686553,177.5781764984131,2599.627197265625,87,0,1,36,0,708.788537979126,128.31615998595953,17.63420799933374,265.21411045640707,16.21900798473507,121.74748802185059,5.926272034645081,45.26684808731079,4.637568354606628,cache_w8a8_m4k2v2,large_h6_n32_s100,c6709dd1c850965e74b029c0df10b0d4f040a0ab41e01c2cb7f2f88d930c7e10,20.078847885131836,1202.433697372675,744.751974105835,672.5203736722469,22806528,651264,651264,3738
cora_node,val,69,69,cora_node:val:000069:ae50c49792f20d5c,0,4120.076599,4119.99853515625,3999.86634,119.719921,133.78963060677052,42.831432074308395,16.044694930315018,3696.7585450038314,284.2508850097656,3409.2101440429688,130,0,1,42,0,589.7025947570801,154.78828812390566,20.535647993907332,64.9526079185307,18.885855982080102,199.23558044433594,10.02454388141632,67.6039047241211,7.386855959892273,cache_w8a8_m4k2v2,large_h6_n32_s100,ae50c49792f20d5c29e1c991eb5c6ba4339fad56aed6bf8a422026ec78ee3a7a,19.859615325927734,1789.3450527489185,631.6449222564697,1008.0797843635082,34078720,723456,723456,5544
cora_node,val,70,70,cora_node:val:000070:81d7e6c93313d581,0,3166.270627,3166.205078125,3061.916212,103.984291,92.8397923707962,42.76780690997839,11.224864982068539,2833.6615357548,189.16479873657227,2642.1026916503906,91,0,1,48,0,663.69846534729,168.08476805128157,23.830015960149467,74.2664639763534,21.510943992994726,129.9827823638916,6.332640051841736,47.89833688735962,4.951039433479309,cache_w8a8_m4k2v2,large_h6_n32_s100,81d7e6c93313d58160bc20a906256e866d9c9f072cad4a35932e8c69115d8e89,19.818496704101562,1257.5721607804298,711.6396474838257,692.7093800902367,23855104,1044480,1044480,3906
cora_node,val,71,71,cora_node:val:000071:9b28f0b9b5bcbe46,0,3073.203719,3073.139892578125,2922.120599,150.710911,93.2033509016037,42.689453810453415,11.331970803439617,2690.248659811914,192.14703559875488,2495.69677734375,92,0,1,36,0,496.08211040496826,127.16409582924098,17.24278399720788,54.50425601005554,16.059903995133936,133.07801628112793,6.530400037765503,47.49891138076782,5.039707899093628,cache_w8a8_m4k2v2,large_h6_n32_s100,9b28f0b9b5bcbe4688ac17fe6e9b9f903bd7d284fc1b07bb76ce6fa27ec09c49,19.776735305786133,1271.333502560854,531.9344339370728,712.2055761516094,24117248,651264,651264,3948
cora_node,val,72,72,cora_node:val:000072:5f1c67ef6ba927a3,0,4845.393797,4845.306640625,4756.355816,88.598769,132.06710666418076,42.671178467571735,16.152527183294296,4453.928143717349,278.8118095397949,4171.78076171875,131,0,1,96,0,1331.9854717254639,342.26054415944964,48.02521599922329,145.4494079593569,43.2580159464851,192.93040084838867,9.588031888008118,69.10185718536377,7.191519618034363,cache_w8a8_m4k2v2,large_h6_n32_s100,5f1c67ef6ba927a3f00a2a7b5f107ce8c7eccb824aafc9e50b7cfcc394a22979,19.75014305114746,1800.9388808906078,1428.0133724212646,962.578651458025,34340864,2317824,2317824,5586
cora_node,val,73,73,cora_node:val:000073:c96a8cb3c23d2ebd,0,3400.020681,3399.951171875,3295.488126,104.152248,318.03524028509855,43.12219750136137,11.20833307504654,2841.519432142377,189.01055908203125,2650.117889404297,91,0,1,48,0,672.0777549743652,175.5859839245677,23.737792003899813,72.77216001413763,21.390015959739685,129.8332176208496,6.329024076461792,47.91110372543335,4.937213659286499,cache_w8a8_m4k2v2,large_h6_n32_s100,c96a8cb3c23d2ebd7c058a3b0322f5486191bbec9a7b604bfbd126a06c12df73,19.95724868774414,1257.3892164230347,719.9872360229492,692.6986856460571,23855104,1016832,1016832,3906
cora_node,val,74,74,cora_node:val:000074:c6bb48fde83f363e,0,3399.912934,3399.844970703125,3293.666511,105.874625,366.3131585344672,43.17514318972826,10.737975127995014,2790.5906792730093,177.44422149658203,2610.838104248047,87,0,1,36,0,509.6835823059082,135.70630387589335,17.894112000241876,55.09971200302243,16.496160000562668,121.63462448120117,5.920095980167389,45.2574405670166,4.632060468196869,cache_w8a8_m4k2v2,large_h6_n32_s100,c6bb48fde83f363e6a4535d1ee2e1476f5bd45b70deb8e0f7ce549ad34ca15e9,19.94304084777832,1202.68118044734,545.7406702041626,882.3592944443226,22806528,629760,629760,3738
cora_node,val,75,75,cora_node:val:000075:217017cc7a099003,0,3935.272545,3935.197265625,3860.00757,74.834555,476.2916462495923,43.15666574984789,12.326373718678951,3244.630664587021,235.5928611755371,3006.4242553710938,100,0,1,60,0,834.952000617981,215.3702399795875,30.017343956045806,90.90937597304583,26.85417598579079,168.7511043548584,8.604064106941223,51.980607986450195,6.2570847272872925,cache_w8a8_m4k2v2,large_h6_n32_s100,217017cc7a0990038f866ecb937a5181dfba2d213f28bbd14d038bc4d309b1d7,19.989952087402344,1380.0899507701397,894.8896312713623,751.4346254169941,26214400,1311744,1311744,4284
cora_node,val,76,76,cora_node:val:000076:4ed09ded048310e2,0,3785.485553,3785.412353515625,3665.588077,119.504241,443.8386196270585,43.21146942675114,11.57092209905386,3071.778142824769,200.40655899047852,2868.9071350097656,94,0,1,60,0,826.688572883606,208.26342389546335,30.125055975280702,91.06041597761214,27.303807966411114,139.86940956115723,6.881663799285889,48.35999870300293,5.295486927032471,cache_w8a8_m4k2v2,large_h6_n32_s100,4ed09ded048310e2699b198a137a7a0f1325f42b925063f4a23df14c1526fd7e,19.965984344482422,1298.0967700779438,886.6671047210693,704.1092445552349,24641536,1437696,1437696,4032
cora_node,val,77,77,cora_node:val:000077:078a87789d32464c,0,4557.789386,4557.70556640625,4406.190384,151.177985,531.6988043487072,43.188282288610935,14.713645912706852,3703.9352003484964,245.13430404663086,3455.7103881835938,121,0,1,60,0,835.7843837738037,218.1394558120519,28.941727972589433,90.86131194792688,27.071999981068075,167.6102409362793,8.230783939361572,62.94358444213867,6.349694728851318,cache_w8a8_m4k2v2,large_h6_n32_s100,078a87789d32464c49d2339c3a878a02cc0f8efef3d2f7f1a52cbadd56318c08,19.95903968811035,1664.2542093098164,895.6951942443848,915.720024317503,31719424,1061376,1061376,5166
cora_node,val,78,78,cora_node:val:000078:0802b1e4efc34d3c,0,4883.251207,4883.16357421875,4729.590386,153.217798,542.8982144221663,42.87916328758001,16.350128687918186,4010.6373075395823,295.82713317871094,3711.41748046875,134,0,1,60,0,807.9373741149902,200.20979208964854,27.42339196614921,92.35491201095283,27.106047964654863,207.7386245727539,10.395455956459045,69.96819114685059,7.7248615026474,cache_w8a8_m4k2v2,large_h6_n32_s100,0802b1e4efc34d3cdc8ac96ee509a51109176feb9814960c1db659cb1c594ab1,19.702335357666016,1842.6770913004875,867.9667854309082,1020.4759390950203,35127296,1021440,1021440,5712
cora_node,val,79,79,cora_node:val:000079:a8ccaa630e27c6d3,0,4089.782381,4089.706787109375,3967.920159,121.456088,370.7344839349389,42.78972279280424,13.62973265349865,3437.9805140197277,240.7704620361328,3194.332000732422,112,0,1,42,0,558.3154563903809,136.54320003651083,18.9126719776541,63.722623923793435,18.832127982750535,167.86796760559082,8.276000022888184,58.333919525146484,6.292574882507324,cache_w8a8_m4k2v2,large_h6_n32_s100,a8ccaa630e27c6d3cd37922d04fe336bdd4cb045bab9a7ca5f22e161795aee22,19.699199676513672,1541.708512723446,600.0538911819458,1072.2687965035439,29360128,847872,847872,4788
cora_node,val,80,80,cora_node:val:000080:c283f9f3e14de01c,0,4134.36807,4134.29150390625,3982.825283,151.132507,131.6708466038108,42.44771599769592,14.737846329808235,3682.8395780175924,245.34835052490234,3434.4020385742188,121,0,1,60,0,813.6492490768433,207.33305597677827,27.01862399931997,91.50617601536214,26.86857595667243,167.71564865112305,8.232896089553833,63.05731201171875,6.342493772506714,cache_w8a8_m4k2v2,large_h6_n32_s100,c283f9f3e14de01c85d9c5f0841a5fbd6a1e4be231cfb6a1e60c96b0e9e5da5c,19.5994873046875,1664.8235867619514,873.3798084259033,915.7981306910515,31719424,1199616,1199616,5166
cora_node,val,81,81,cora_node:val:000081:9dc72502ddde5f55,0,4606.395009,4606.3125,4454.743455,151.212236,136.54807768762112,42.432378977537155,16.624373383820057,4140.050668269396,344.82729721069336,3791.78564453125,137,0,1,60,0,824.6127729415894,213.92697588913143,27.690335988998413,91.5681280028075,27.02812798228115,250.33161544799805,13.00876784324646,72.47977638244629,9.007137537002563,cache_w8a8_m4k2v2,large_h6_n32_s100,9dc72502ddde5f5583d3a8ef30bf7748c4543c1d7c4aef0e826ecb2f8ccf1c3e,19.64156723022461,1884.727200359106,884.4204177856445,1042.279593616724,35913728,1104384,1104384,5838
cora_node,val,82,82,cora_node:val:000082:875028971796e85c,0,3975.266417,3975.191650390625,3823.901988,150.955801,126.27164553850889,42.806098237633705,14.753252267837524,3532.631983049214,248.79645156860352,3280.7532958984375,121,0,1,48,0,661.9761581420898,167.75603209249675,23.66793602053076,73.7703680191189,21.381343979388475,170.89472198486328,8.359647989273071,63.10412788391113,6.43795371055603,cache_w8a8_m4k2v2,large_h6_n32_s100,875028971796e85c30c8195913fc0829812b4671a5ae70fc00ef9393834eaa81,19.884672164916992,1664.3059830963612,709.9953289031982,926.3366560637951,31719424,1044480,1044480,5166
cora_node,val,83,83,cora_node:val:000083:a95cd742fe124065,0,3076.838608,3076.77587890625,2925.435024,151.046387,92.82815642654896,42.69269201904535,10.447232984006405,2698.804418556392,202.53804779052734,2494.016571044922,85,0,1,48,0,646.0984315872192,160.86576023232192,21.6422719983384,73.4745279904455,21.493887993507087,145.42364883422852,7.2742719650268555,44.39446401596069,5.445662975311279,cache_w8a8_m4k2v2,large_h6_n32_s100,a95cd742fe124065830d37900e650e97b5e12ac2d71bdc4d63e060b7124268e8,19.805408477783203,1176.29737585783,693.8131523132324,643.7114513516426,22282240,927744,927744,3654
cora_node,val,84,84,cora_node:val:000084:a72af0825fde09fd,0,3110.327411,3110.26318359375,2988.150763,121.799316,95.8107952028513,42.66098979860544,11.726846918463707,2752.3553520441055,184.4113941192627,2565.4388427734375,96,0,1,36,0,480.8094081878662,119.05398399475962,16.12572799436748,54.7868479732424,16.185727981850505,124.03587341308594,5.940095961093903,49.660926818847656,4.774497926235199,cache_w8a8_m4k2v2,large_h6_n32_s100,a72af0825fde09fd2843eb7bf91523b8e69f4171c63488ec57217d689699a18c,19.688671112060547,1325.379968315363,516.5535383224487,743.1940072476864,25165824,651264,651264,4116
cora_node,val,85,85,cora_node:val:000085:a53efa2f1ccb1751,0,3048.827081,3048.765380859375,2942.243559,106.235883,93.20781100541353,244.2869646474719,10.701707564294338,2517.7972745150328,173.0646095275879,2342.4639587402344,85,0,1,36,0,491.77580738067627,126.1120001906529,16.58486396726221,54.82803198695183,16.26883200276643,118.56006622314453,5.76636803150177,44.21798372268677,4.520191550254822,cache_w8a8_m4k2v2,large_h6_n32_s100,a53efa2f1ccb175137f030775eaa44715721e2a5f93224c2e67b3a037f29cf5d,19.62224006652832,1177.0564137101173,527.6023015975952,657.4274834990501,22282240,628224,628224,3654
cora_node,val,86,86,cora_node:val:000086:dfb9d9456ed23535,0,3708.199308,3708.128662109375,3617.128963,90.659883,122.69341573119164,42.46057290583849,14.18669056147337,3330.1048511639237,245.19395065307617,3081.9492797851562,116,0,1,42,0,564.4207353591919,140.1636478723958,18.75465597677976,64.66070398874581,18.991519971750677,170.36563301086426,8.433727979660034,59.96774482727051,6.426844835281372,cache_w8a8_m4k2v2,large_h6_n32_s100,dfb9d9456ed23535333e3436bada4fec6d326c5392f7766e52c569e846c22fb1,19.62246322631836,1597.8301765918732,606.1465272903442,897.5950391292572,30408704,694272,694272,4956
cora_node,val,87,87,cora_node:val:000087:b9ab7b5ca517613a,0,2865.549277,2865.4892578125,2743.91764,121.283824,90.9920446574688,42.336431331932545,10.439738631248474,2516.4960492402315,166.70400047302246,2347.5274047851562,86,0,1,36,0,481.2761926651001,118.32412804942578,16.04870399646461,55.13401596993208,16.04124797973782,112.41766357421875,5.415455937385559,44.545472145080566,4.3254088163375854,cache_w8a8_m4k2v2,large_h6_n32_s100,b9ab7b5ca517613aa31b9e59969564eee6812ef11e96b4015134dd2c8cb508af,19.571231842041016,1188.1622703373432,516.9881935119629,661.9481727778912,22544384,651264,651264,3696
cora_node,val,88,88,cora_node:val:000088:2fbd3d69180d1591,0,3996.976944,3996.9013671875,3843.873653,152.671526,126.14332046359777,42.69298166036606,14.293832704424858,3553.676102310419,260.51606369018555,3290.1558837890625,117,0,1,54,0,756.7678709030151,199.59299189317971,26.59535998851061,82.29411201551557,24.22803198173642,183.06473541259766,9.10105586051941,61.51609516143799,6.834177255630493,cache_w8a8_m4k2v2,large_h6_n32_s100,2fbd3d69180d15917bb4fde9c264efb7b1faa5fb1c83e0650d48c7a2ebd1d4f1,19.660831451416016,1610.1021133065224,810.7386255264282,888.9759764075279,30670848,1090560,1090560,4998
cora_node,val,89,89,cora_node:val:000089:1d8be33dfb42e14a,0,3672.44423,3672.37255859375,3597.200432,74.846925,126.52589287608862,42.9141353815794,14.398976229131222,3313.182990066707,262.8629150390625,3047.3157348632812,117,0,1,36,0,513.1316471099854,139.14108772948384,17.627007990144193,54.851743971928954,16.386463982984424,185.00457763671875,9.261312007904053,61.73315143585205,6.8638739585876465,cache_w8a8_m4k2v2,large_h6_n32_s100,1d8be33dfb42e14a16f49c8e7ebf69e1d4914fdca285907a828f81f1f2df7d94,19.86262321472168,1610.7164467573166,549.197473526001,907.2644377946854,30670848,379392,379392,4998
cora_node,val,90,90,cora_node:val:000090:f002dc9bc2f4d256,0,682.214381,682.182373046875,609.525306,72.47246,7.572788745164871,42.372146621346474,0.6860131397843361,548.3422046527267,6.328352093696594,541.596923828125,5,0,1,30,0,412.3633289337158,104.93910398054868,14.20470398105681,45.66505599953234,13.574047971516848,3.8132800459861755,0.1597439981997013,2.106240004301071,0.24908804520964622,cache_w8a8_m4k2v2,large_h6_n32_s100,f002dc9bc2f4d2561e75080b5ea5a7d8292407957c5991d9bf3ac58cb25a7ab3,19.621952056884766,88.97075214982033,442.27641677856445,29.971706956624985,1310720,454656,454656,294
cora_node,val,91,91,cora_node:val:000091:07a59e064014136f,0,3385.795678,3385.728759765625,3234.369582,151.058305,103.95484231412411,42.76168905198574,11.819501407444477,2986.560033634305,224.4205093383789,2759.607696533203,97,0,1,48,0,654.7729606628418,166.02598386723548,22.64214399922639,73.29961593262851,21.380095973610878,159.5423355102539,7.997983932495117,50.95603370666504,5.924156188964844,cache_w8a8_m4k2v2,large_h6_n32_s100,07a59e064014136f2a14ad505fa113391963c24915f7e4d311f19f2900ae94ca,19.839584350585938,1339.4939821064472,702.430721282959,737.5225774943829,25427968,903168,903168,4158
cora_node,val,92,92,cora_node:val:000092:9ea1ddaebc3f23ab,0,4207.775392,4207.697265625,4056.546563,150.818277,325.1771619543433,42.80843771994114,13.823100365698338,3578.573207370937,252.71484756469727,3322.959228515625,113,0,1,66,0,871.094687461853,208.59766400698572,30.152415985241532,100.27283190190792,29.504543972201645,178.381441116333,8.88316810131073,58.791199684143066,6.659038662910461,cache_w8a8_m4k2v2,large_h6_n32_s100,9ea1ddaebc3f23abb11c80325942618f75057d8acfa18871feee10607fbf3716,19.699039459228516,1557.280893534422,936.6515865325928,848.7257879078388,29622272,1634304,1634304,4830
cora_node,val,93,93,cora_node:val:000093:51cd87a18f541f6d,0,3867.849998,3867.7763671875,3747.766429,119.677616,117.38002113997936,42.60065034031868,13.544069603085518,3487.826750613749,256.7423667907715,3228.233642578125,111,0,1,60,0,816.149920463562,208.27737600635737,27.228191981092095,91.3575039356947,26.992639957927167,182.31279754638672,9.22604787349701,58.422112464904785,6.781408905982971,cache_w8a8_m4k2v2,large_h6_n32_s100,51cd87a18f541f6dc73cb58c106b8fa8d3fceb4111eeca68b2c024fa2af931b2,19.651935577392578,1531.0850564837456,875.8131494522095,840.9873722195625,29097984,1245696,1245696,4746
cora_node,val,94,94,cora_node:val:000094:e9ddb1f97d373af3,0,3834.054768,3833.982666015625,3713.848822,119.803317,119.44959219545126,42.52878110855818,13.696369715034962,3451.356364414096,270.1050910949707,3178.3768310546875,112,0,1,54,0,745.4951992034912,195.2182719251141,25.386336003430188,82.03446401283145,24.29395199008286,194.14524459838867,9.977919936180115,58.812960624694824,7.168965935707092,cache_w8a8_m4k2v2,large_h6_n32_s100,e9ddb1f97d373af39de94bd3cd19694399f1247eb2dbc147743230d975cbf572,19.687679290771484,1544.3205426633358,799.2756776809692,854.468290001154,29360128,1150464,1150464,4788
cora_node,val,95,95,cora_node:val:000095:d42f507d49466bac,0,694.678972,694.6467895507812,604.368085,90.088315,6.547207944095135,42.44677443057299,0.6812773644924164,543.9004441723228,6.348319888114929,537.1381759643555,5,0,1,30,0,407.5123529434204,103.24195213615894,13.729407986626029,45.393248027190566,13.492671970278025,3.8391680121421814,0.15980799868702888,2.102400004863739,0.2469438724219799,cache_w8a8_m4k2v2,large_h6_n32_s100,d42f507d49466bac939cb614f59589a54a51f8727ae7aaa4f315fcae97c74e81,19.68671989440918,88.96844804286957,437.4352321624756,30.421215653419495,1310720,454656,454656,294
cora_node,val,96,96,cora_node:val:000096:8917da828400d351,0,3432.75242,3432.68505859375,3279.758107,152.620106,104.12106197327375,42.36537776887417,12.26368173956871,3046.5647792443633,212.47058868408203,2831.4971618652344,100,0,1,48,0,656.4437742233276,168.16969619039446,21.940576002001762,73.18758403137326,21.691519995220006,147.9113597869873,7.280640125274658,51.678367614746094,5.600221157073975,cache_w8a8_m4k2v2,large_h6_n32_s100,8917da828400d3511581b395aa9fc16ca8cc7cc63971d1cdd0e85c20f1aab521,19.56787109375,1380.0796173214912,704.3056001663208,766.6798154711723,26214400,781824,781824,4284
cora_node,val,97,97,cora_node:val:000097:977a48aef241a2eb,0,3852.978831,3852.9052734375,3777.421255,75.147184,122.55291454494,42.53910109400749,14.367986470460892,3511.8199167773128,262.33779525756836,3246.48974609375,117,0,1,36,0,706.619776725769,127.47376012708992,16.490687981247902,267.1096019465476,16.453343992121518,184.61641311645508,9.207744002342224,61.65196704864502,6.861671090126038,cache_w8a8_m4k2v2,large_h6_n32_s100,977a48aef241a2eb730abe705b1e63f1f8ee65a429eaf4789505bf34a8e8762b,19.611488342285156,1610.4172446131706,742.6279649734497,913.0560248494148,30670848,516096,516096,4998
cora_node,val,98,98,cora_node:val:000098:0b00f6b3c2d5baa9,0,762.209982,762.1764526367188,609.17008,152.811174,5.82625437527895,42.27038100361824,0.691412016749382,548.9531587809324,6.381792068481445,542.1524429321289,5,0,1,30,0,412.72204971313477,103.83769607450813,13.893407984636724,45.996255949139595,15.749535947106779,3.855296015739441,0.1662400010973215,2.1083519756793976,0.2519040759652853,cache_w8a8_m4k2v2,large_h6_n32_s100,0b00f6b3c2d5baa97817df80491405386bd2d302f472d7558ed130dccbec0e39,19.533536911010742,88.98044866323471,442.69203186035156,30.013499319553375,1310720,454656,454656,294
cora_node,val,99,99,cora_node:val:000099:9ec0a19cc7855b02,0,3406.773847,3406.706298828125,3255.183742,151.155217,109.40952692180872,42.68171638250351,12.474956922233105,3006.8376967683434,215.2524185180664,2788.952392578125,102,0,1,42,0,576.3196802139282,146.82694401964545,20.621056026779115,64.10163201019168,18.93587197549641,149.4374713897705,7.310848236083984,52.84883213043213,5.655266761779785,cache_w8a8_m4k2v2,large_h6_n32_s100,9ec0a19cc7855b029680430442286104eb10b82b0f3ed6032a934a1923c70dc7,19.807647705078125,1406.649374395609,618.1077747344971,784.0028911530972,26738688,655872,655872,4368
cora_node,test,100,0,cora_node:test:000000:591f793d8d0fdfa0,0,3224.13043,3224.022216796875,3103.535591,120.028613,514.3554443493485,47.85711783915758,10.307488963007927,2438.6641616001725,166.82515144348145,2269.4085388183594,81,0,1,36,0,504.60979175567627,132.29097608290613,17.9196799620986,55.703615956008434,16.637503978796303,114.42345428466797,5.5495999455451965,42.22800016403198,4.624097049236298,cache_w8a8_m4k2v2,large_h6_n32_s100,591f793d8d0fdfa0022620d850c0d1e1a68fd2531c1b1c79fd64eedab4e0af20,21.174495697021484,1121.2271685302258,540.6336660385132,628.7221999466419,21233664,651264,651264,3486
cora_node,test,101,1,cora_node:test:000001:f5bda51a58e4ba59,0,728.430101,728.3973388671875,609.02298,119.179126,7.944440469145775,42.534805834293365,0.6964532658457756,547.7247666567564,6.362943887710571,540.9512939453125,5,0,1,30,0,411.6369285583496,104.92432007472962,14.421695991419256,45.79113603383303,13.558399983681738,3.842207968235016,0.16953600198030472,2.1041279733181,0.24707194417715073,cache_w8a8_m4k2v2,large_h6_n32_s100,f5bda51a58e4ba59f5513a179377766e2e4b263388b0033a34196d00855e6e6c,19.647808074951172,88.9680640399456,441.60617542266846,30.024862557649612,1310720,454656,454656,294
cora_node,test,102,2,cora_node:test:000002:f7052ed1d2503a96,0,4802.040402,4801.95556640625,4711.12217,90.489895,261.00170612335205,43.08649990707636,16.252839006483555,4279.115092009306,295.02707290649414,3980.7378540039062,132,0,1,78,0,1119.0939178466797,308.1704325051978,40.003999969922006,118.91548794694245,35.36505600064993,207.4213752746582,10.587807893753052,69.35206413269043,7.665825605392456,cache_w8a8_m4k2v2,large_h6_n32_s100,f7052ed1d2503a96085b008de56da097c196eeebbee829ef7c29e9fb68b13bde,19.967744827270508,1815.7355864942074,1197.1463689804077,987.8236433565617,34603008,1718784,1718784,5628
cora_node,test,103,3,cora_node:test:000003:f60857b4fc1d3505,0,3554.151414,3554.081298828125,3447.619022,106.117872,121.85982801020145,42.99442749470472,13.74779175966978,3167.0175176113844,242.2874870300293,2921.8462524414062,112,0,1,36,0,494.01561546325684,126.32204796466976,16.678560007363558,55.134751960635185,16.417439973913133,169.0776309967041,8.373183965682983,58.46543884277344,6.371233224868774,cache_w8a8_m4k2v2,large_h6_n32_s100,f60857b4fc1d3505976fc3d5b592c4270b549e5964ba232234a71228e0a12b02,19.89094352722168,1543.1819191873074,529.8531522750854,868.7021245062351,29360128,357888,357888,4788
cora_node,test,104,4,cora_node:test:000004:d1bcb069a2640c4f,0,4538.446659,4538.3642578125,4418.350874,119.652115,144.94748506695032,43.05390454828739,15.87084960192442,4101.7068130895495,312.7971534729004,3785.5985717773438,130,0,1,48,0,963.7455415725708,183.86483173444867,23.68857597373426,73.1011839993298,21.620447980239987,225.6770248413086,11.416576147079468,67.48867130279541,8.214881181716919,cache_w8a8_m4k2v2,large_h6_n32_s100,d1bcb069a2640c4f0767804e669ede82d6d78d2d79f915a74a373f45fb5f0416,19.877727508544922,1789.8724487125874,1011.708384513855,1003.8954660594463,34078720,754176,754176,5544
cora_node,test,105,5,cora_node:test:000005:f165e6f377dcd20f,0,732.073228,732.041015625,610.60549,121.2461,7.818308658897877,42.570981197059155,0.7062824442982674,548.1136282905936,6.343231916427612,541.3578948974609,5,0,1,30,0,411.99488162994385,105.2342719854787,14.348607973195612,45.902847999706864,13.596447999589145,3.823551893234253,0.1623999997973442,2.1063039898872375,0.2509760335087776,cache_w8a8_m4k2v2,large_h6_n32_s100,f165e6f377dcd20f60d978cade2ea20ae90d0be80d6be6884c8e2a9319e8b432,19.729312896728516,88.9349113702774,441.95254611968994,30.199750304222107,1310720,454656,454656,294
cora_node,test,106,6,cora_node:test:000006:b4527dcf7a8911e1,0,4746.472564,4746.388671875,4657.275145,88.764412,158.0182434991002,42.96552389860153,16.647626645863056,4329.007755964994,287.5615348815918,4038.0101318359375,136,0,1,78,0,1091.7297925949097,286.31142385676503,39.72259197104722,119.2172480430454,34.78799997549504,199.23942184448242,9.941248059272766,70.8950719833374,7.4857929944992065,cache_w8a8_m4k2v2,large_h6_n32_s100,b4527dcf7a8911e1acfeee43cb90c69c71560fafdb0bbb04488ae7cfc88a5af3,19.92905616760254,1870.2676508426666,1169.698429107666,1017.9731080532074,35651584,1887744,1887744,5796
cora_node,test,107,7,cora_node:test:000007:b08752da8affca88,0,3634.721659,3634.65087890625,3528.552312,105.763402,127.41750292479992,42.99193434417248,13.560851104557514,3244.465713389218,253.75945281982422,2987.8558349609375,111,0,1,42,0,584.1425609588623,152.88467184267938,20.60304003022611,64.31910395808518,18.78313598316163,180.06291007995605,8.99836802482605,58.01305675506592,6.685117959976196,cache_w8a8_m4k2v2,large_h6_n32_s100,b08752da8affca88c34bdaa41bde05a1a00f04bb24043537355053d3963a661b,19.911808013916016,1528.0247677266598,626.0063705444336,853.7365047037601,29097984,809472,809472,4746
cora_node,test,108,8,cora_node:test:000008:e89dbf3cd4ac2047,0,4650.85642,4650.77392578125,4561.776474,88.654044,140.5019350349903,42.890352196991444,16.111401841044426,4250.438995659351,294.56079864501953,3952.5328979492188,132,0,1,78,0,1091.1611824035645,286.5226881355047,39.343711947090924,118.97059192880988,34.82111995946616,206.90867233276367,10.621888160705566,69.36284732818604,7.667390823364258,cache_w8a8_m4k2v2,large_h6_n32_s100,e89dbf3cd4ac20479bd19220957e9f3af9cd195ed06619077162aac480fee43b,19.804384231567383,1816.1812481582165,1168.9607048034668,987.1953292191029,34603008,1890816,1890816,5628
cora_node,test,109,9,cora_node:test:000009:ab66c8078451ec2b,0,2746.700111,2746.641357421875,2593.557091,152.818979,78.15366238355637,42.72649809718132,9.415104053914547,2392.641962505877,164.1709442138672,2226.457244873047,75,0,1,42,0,594.9519309997559,160.5135998800397,20.581536003388464,63.911807991564274,19.063487980514765,115.08095741271973,5.658751964569092,39.069056034088135,4.362178802490234,cache_w8a8_m4k2v2,large_h6_n32_s100,ab66c8078451ec2bbe52deb9ca276a04ed3597cb37c678268e919fd400cb3469,19.79542350769043,1039.0509448051453,636.84534740448,570.3563761711121,19660800,571392,571392,3234
cora_node,test,110,10,cora_node:test:000010:c47a77ce49645756,0,4221.585043,4221.50634765625,4070.150409,151.014801,125.20971428602934,42.68804099410772,14.020979404449463,3783.410749398172,245.5420799255371,3534.9068603515625,115,0,1,60,0,836.3305654525757,219.22326374892145,30.011551985517144,90.9960959777236,27.257087973877788,170.93545532226562,8.535647988319397,59.61660861968994,6.454367995262146,cache_w8a8_m4k2v2,large_h6_n32_s100,c47a77ce49645756abd3131d3961cb42aaf20d1e2a9c56c657f454637663130b,19.74937629699707,1583.7585241496563,896.2666893005371,1074.6310231983662,30146560,1145856,1145856,4914
cora_node,test,111,11,cora_node:test:000011:f018ab61eb3ac9ee,0,4020.34624,4020.270751953125,3869.01893,150.906075,120.87526079267263,42.76254028081894,14.071216806769371,3586.245053447783,246.41834259033203,3336.8775634765625,115,0,1,60,0,843.8317403793335,222.12403189577162,30.429631981998682,90.91027201339602,27.488480001688004,171.77737426757812,8.578239917755127,59.63222408294678,6.430504322052002,cache_w8a8_m4k2v2,large_h6_n32_s100,f018ab61eb3ac9ee1ba31cac3b87d677c6d37f80b09919becef2b5d8edfab51e,19.800960540771484,1583.7308109402657,903.8238697052002,869.1238433718681,30146560,1265664,1265664,4914
cora_node,test,112,12,cora_node:test:000012:6f8529ccb424b529,0,3988.981399,3988.906494140625,3869.161765,119.417959,121.56134843826294,42.845494113862514,14.267204329371452,3590.36804176867,290.1201591491699,3297.2487182617188,117,0,1,54,0,760.1093769073486,201.96700780745596,26.705087977461517,82.35552004724741,24.30419199168682,210.19139099121094,10.523903965950012,61.673343658447266,7.7315205335617065,cache_w8a8_m4k2v2,large_h6_n32_s100,6f8529ccb424b52901295fff7ef01aadbd83fccbc3d17fb29878bccb4d0af425,19.822879791259766,1610.9958688020706,814.1898584365845,891.8858708143234,30670848,1069056,1069056,4998
cora_node,test,113,13,cora_node:test:000013:eb3cfbe43dd276bf,0,3054.505668,3054.443115234375,2981.256595,72.883715,97.59253822267056,42.76919085532427,11.680168099701405,2740.075947716832,201.47455978393555,2536.1468200683594,94,0,1,36,0,494.9289903640747,126.43711992446333,17.57529598660767,54.50636801123619,16.180031961761415,140.81152153015137,6.953119874000549,48.37996816635132,5.329950213432312,cache_w8a8_m4k2v2,large_h6_n32_s100,eb3cfbe43dd276bf8a8967726ad975c9e229b6e9664c253b0219c5b36393565d,19.762304306030273,1298.514721184969,530.8191328048706,726.5752703845501,24641536,651264,651264,4032
cora_node,test,114,14,cora_node:test:000014:363cde383cda7c17,0,3019.41426,3019.3515625,2946.182214,72.867771,94.47780717164278,42.608559131622314,11.375856585800648,2710.5321688577533,225.7209930419922,2482.4107666015625,91,0,1,36,0,504.8480291366577,133.3395200241357,17.779935950413346,54.858560007065535,16.338751989416778,163.28275108337402,8.266016006469727,48.13212728500366,6.040098667144775,cache_w8a8_m4k2v2,large_h6_n32_s100,363cde383cda7c17123c99c3d3e3a9b1c0fa132f5b107f8abdadc884b74eb847,19.73686408996582,1257.2774697840214,540.8674230575562,704.0027378499508,23855104,511488,511488,3906
cora_node,test,115,15,cora_node:test:000015:02876f4da0e722c1,0,3816.293048,3816.22119140625,3743.219722,72.670363,120.50761561840773,42.97599941492081,14.261079952120781,3468.100813217461,265.4217300415039,3199.6771850585938,117,0,1,48,0,664.654559135437,171.17263991385698,23.57628797646612,72.95590399950743,21.46102397982031,187.13945388793945,9.510815858840942,61.76588821411133,7.005572080612183,cache_w8a8_m4k2v2,large_h6_n32_s100,02876f4da0e722c175e1ac7b20b7822cc3e4c8ed3e30a5b442ec6776727e2129,19.858976364135742,1611.47497600317,712.7312965393066,895.3298888802528,30670848,1044480,1044480,4998
cora_node,test,116,16,cora_node:test:000016:6069fd616a523223,0,985.356601,985.3201904296875,865.904005,119.219195,10.210143402218819,42.388356290757656,1.0723695158958435,801.108187995851,13.270976305007935,787.3728485107422,8,0,1,42,0,593.7640943527222,159.24499210901558,20.36774400807917,64.3404160309583,19.004255999810994,9.00329601764679,0.4465920031070709,3.38617604970932,0.43491223454475403,cache_w8a8_m4k2v2,large_h6_n32_s100,6069fd616a523223e891d195cbefe1b386bbda4f0cc19d8c6cd80989407b113f,19.651615142822266,129.6948159635067,635.6424007415771,41.687246948480606,2097152,574464,574464,420
cora_node,test,117,17,cora_node:test:000017:4ff2f90ec23d8af5,0,928.805793,928.7705078125,809.346783,119.222664,7.505492307245731,42.38320607692003,0.6954371929168701,748.5184920951724,6.353632092475891,741.739501953125,5,0,1,30,0,612.2372150421143,305.51462765038013,14.154495997354388,45.866784028708935,13.540640002116561,3.829856038093567,0.17075200006365776,2.105376034975052,0.24764801934361458,cache_w8a8_m4k2v2,large_h6_n32_s100,4ff2f90ec23d8af522388fa660c38c8d006734ffeca383bc78d85ea9119741fa,19.642047882080078,88.97376009821892,642.2517166137695,30.15607312321663,1310720,454656,454656,294
cora_node,test,118,18,cora_node:test:000018:03f02500890114c9,0,3846.364049,3846.29150390625,3693.000505,152.959279,118.73156018555164,42.814756743609905,14.182575047016144,3410.732070915401,240.01971435546875,3167.721923828125,116,0,1,48,0,652.8804149627686,165.68316797353327,22.163967992179096,72.64521605335176,21.747903988696635,165.68192100524902,8.184352040290833,59.90719985961914,6.246241450309753,cache_w8a8_m4k2v2,large_h6_n32_s100,03f02500890114c90e16ee00cdd403841a756a262a72bc87100550fdaa7d7bd3,19.798175811767578,1597.8098257780075,700.8527717590332,888.8575021028519,30408704,909312,909312,4956
cora_node,test,119,19,cora_node:test:000019:1ab72c47ae4ec130,0,3607.521632,3607.451904296875,3487.56341,119.562584,110.05873046815395,42.5369031727314,13.576730154454708,3221.220309846103,251.57501220703125,2966.7887573242188,111,0,1,42,0,559.3071050643921,135.6995519027114,19.380703976377845,64.53721605986357,18.893215971067548,177.71932792663574,8.924031972885132,58.296000480651855,6.6356518268585205,cache_w8a8_m4k2v2,large_h6_n32_s100,1ab72c47ae4ec1309e6cadfd47b6a739a72940f3e89bc4e5b5119edb0d4fa734,19.65273666381836,1529.7278084754944,601.2437143325806,855.4699711799622,29097984,847872,847872,4746
cora_node,test,120,20,cora_node:test:000020:1e802d7d5eb26414,0,3615.847197,3615.77783203125,3542.771544,72.647031,108.878075145185,42.40540787577629,13.441496528685093,3283.3027951419353,238.7309112548828,3041.7546997070312,110,0,1,48,0,656.8968658447266,170.32400001585484,21.857215999625623,72.96009591780603,22.100735959596932,166.59254264831543,8.279583930969238,57.62144088745117,6.237343788146973,cache_w8a8_m4k2v2,large_h6_n32_s100,1e802d7d5eb26414366f01b98266b49b51f3995980e478363b36ab89beec570f,19.550111770629883,1515.840062648058,704.7731847763062,840.691564053297,28835840,622080,622080,4704
cora_node,test,121,21,cora_node:test:000021:828e1beafe91be05,0,4608.394614,4608.3125,4519.401602,88.565269,132.82345328480005,42.590659111738205,16.236651688814163,4214.991169050336,293.5204772949219,3918.1237182617188,132,0,1,78,0,1054.1341123580933,264.3457601368427,35.701183972880244,120.47158402390778,35.242239989340305,205.89577865600586,10.437695980072021,69.5133752822876,7.6736273765563965,cache_w8a8_m4k2v2,large_h6_n32_s100,828e1beafe91be05a0a851856dfa3de20e9ad90a6d3327d9efaaf5eb8d5d159b,19.652223587036133,1816.1778844892979,1132.1296634674072,989.4683938920498,34603008,1721856,1721856,5628
cora_node,test,122,22,cora_node:test:000022:25e0a6543b466312,0,4050.358154,4050.282958984375,3899.025556,150.914169,117.10109375417233,42.61470027267933,14.562122523784637,3620.9759917110205,266.837215423584,3351.0681762695312,119,0,1,42,0,766.6397438049316,136.97174407355487,225.8733804980293,64.16528005152941,18.926943980157375,187.00796699523926,9.456415891647339,63.405184745788574,6.9676477909088135,cache_w8a8_m4k2v2,large_h6_n32_s100,25e0a6543b466312d83986b2a272a3bed4cd24e3c656d51202b8a30b63a57026,19.708927154541016,1639.0522246360779,808.5806360244751,923.1442427635193,31195136,847872,847872,5082
cora_node,test,123,23,cora_node:test:000023:97566c0bd87a59a1,0,3263.702871,3263.638671875,3113.079506,150.250005,94.71779875457287,42.59482678025961,11.866086162626743,2869.6619905531406,214.98886108398438,2652.1617431640625,96,0,1,42,0,566.3326082229614,142.29014409985393,18.95273600053042,64.74371197260916,18.865471973083913,152.00726509094238,7.538880109786987,49.728575706481934,5.714140176773071,cache_w8a8_m4k2v2,large_h6_n32_s100,97566c0bd87a59a1a0f1477990c8c008b9a3ecdb30d42018bacaa822de5621e6,19.602432250976562,1325.3237439095974,608.1267852783203,738.3136462271214,25165824,723456,723456,4116
cora_node,test,124,24,cora_node:test:000024:114f8c407a998878,0,3638.041098,3637.970703125,3484.7482,152.881736,106.20980430394411,42.458491399884224,13.144578784704208,3219.130078330636,249.63597106933594,2966.734344482422,107,0,1,48,0,643.2977590560913,159.788352182135,21.681824014522135,73.15638398565352,21.695360012352467,178.28537559509277,9.039136052131653,55.71174430847168,6.5997151136398315,cache_w8a8_m4k2v2,large_h6_n32_s100,114f8c407a99887828067947db8724228784b56753e52460e51d8f863716c23e,19.567583084106445,1475.4894369244576,691.3032007217407,819.50928992033,28049408,901632,901632,4578
cora_node,test,125,25,cora_node:test:000025:2200e034534d3c42,0,3998.3294,3998.255615234375,3847.080719,150.834566,114.74376078695059,42.549136094748974,14.055096544325352,3571.1357444524765,246.61971282958984,3321.5577392578125,115,0,1,60,0,826.7801914215088,210.60038420464844,29.852255987934768,90.9924159757793,26.889279988594353,171.83967971801758,8.589183926582336,59.74211120605469,6.448737978935242,cache_w8a8_m4k2v2,large_h6_n32_s100,2200e034534d3c42f25ee6dd743174de841f4ce761ce7b4f3545e0def380af81,19.640575408935547,1583.1930557489395,887.0045127868652,871.0007461309433,30146560,1437696,1437696,4914
cora_node,test,126,26,cora_node:test:000026:41b7549a780af99c,0,2555.509825,2555.454345703125,2451.163119,104.027486,70.93278225511312,42.42785554379225,8.912459015846252,2259.171200916171,146.13379287719727,2111.110321044922,71,0,1,42,0,564.8259181976318,142.00262404140085,18.737983986735344,64.52985599637032,18.858815983869135,100.4764175415039,4.892639994621277,36.92208003997803,3.842655301094055,cache_w8a8_m4k2v2,large_h6_n32_s100,41b7549a780af99cc892a548446a38a5a781706c736245a1882854fb3194e273,19.59833526611328,985.3491839766502,606.6760654449463,538.6834068894386,18612224,811008,811008,3066
cora_node,test,127,27,cora_node:test:000027:d34f1fcd393664f9,0,4165.466225,4165.39208984375,4076.75373,88.284178,130.44610247015953,42.74150636047125,16.069413162767887,3771.0686177015305,291.00265884399414,3476.7392578125,131,0,1,48,0,636.6460151672363,154.10352005250752,21.642559968866408,73.51318398676813,21.533695979975164,203.88998794555664,10.352544069290161,69.17878341674805,7.581343412399292,cache_w8a8_m4k2v2,large_h6_n32_s100,d34f1fcd393664f9b9f1fd01e090bf191261bfdbcc5634ed5de58a755458630c,19.743871688842773,1802.8249928057194,684.564962387085,1009.0931743085384,34340864,1044480,1044480,5586
cora_node,test,128,28,cora_node:test:000028:38a8253d2bbff4c5,0,4051.537589,4051.77490234375,3900.299533,150.833232,108.3852844312787,42.587812058627605,13.368423096835613,3632.6965782791376,243.2208023071289,3386.955078125,109,0,1,60,0,1021.6109132766724,208.57190405018628,27.32198399119079,297.01978331804276,27.023743968456984,170.86892700195312,8.596287965774536,57.37705421447754,6.378533124923706,cache_w8a8_m4k2v2,large_h6_n32_s100,38a8253d2bbff4c58bf10dde6cd360879c0cdb0432d16aecc506e9809d8c9fc9,19.67430305480957,1502.3494077026844,1081.4794235229492,822.800549954176,28573696,1167360,1167360,4662
cora_node,test,129,29,cora_node:test:000029:89e5da18ecd90ce2,0,3598.456565,3598.667236328125,3494.173068,103.894469,108.54433942586184,42.57729183882475,13.576839119195938,3230.91415502131,253.4884490966797,2974.8291931152344,111,0,1,42,0,567.7389154434204,142.545696137473,18.93798398692161,64.30054407566786,19.23606399167329,179.44998359680176,9.06172788143158,58.29728031158447,6.679457306861877,cache_w8a8_m4k2v2,large_h6_n32_s100,89e5da18ecd90ce22e294724445c761c20f1c18022fd24d4945c92ac9f92c1c8,19.6409912109375,1529.7300807833672,609.7020454406738,855.0380581021309,29097984,811008,811008,4746
cora_node,test,130,30,cora_node:test:000030:b4230da6af8ab4b0,0,2744.618939,2744.77197265625,2591.813143,152.467213,80.34588862210512,42.40479599684477,10.009953752160072,2382.211573421955,161.32358360290527,2218.946502685547,80,0,1,36,0,479.4018278121948,117.47635213471949,16.488575980067253,54.99372802302241,16.183263984508812,110.73449516296387,5.405791997909546,40.95126390457153,4.232032537460327,cache_w8a8_m4k2v2,large_h6_n32_s100,b4230da6af8ab4b0c2abbe7871b35bab409d36569e0a319cbf8673a817545788,19.571136474609375,1107.6870734393597,515.2436141967773,615.5869515240192,20971520,651264,651264,3444
cora_node,test,131,31,cora_node:test:000031:a479800ea05e7f5d,0,926.141682,926.1773071289062,853.407717,72.507357,8.661920204758644,42.143563739955425,1.0488750413060188,788.9841012656689,13.267967939376831,775.3058776855469,8,0,1,42,0,581.7100143432617,154.43081607110798,18.88073599524796,64.28080005198717,19.128095995634794,9.007136225700378,0.44441600143909454,3.38211190700531,0.43430380523204803,cache_w8a8_m4k2v2,large_h6_n32_s100,a479800ea05e7f5df7ded645c425d045f8e7e66f19a9ddb55a5f7ad06c9fede4,19.483423233032227,129.62886333465576,623.5640678405762,41.59636974334717,2097152,430080,430080,420
cora_node,test,132,32,cora_node:test:000032:8dfcd92f31eeb98f,0,3724.100683,3724.31396484375,3570.851556,152.860175,112.89787385612726,43.15820522606373,13.462929986417294,3301.187760196626,238.86758041381836,3059.7384033203125,110,0,1,48,0,674.7040014266968,180.33564808685333,23.455424019135535,72.93577599525452,21.74742397852242,166.7337589263916,8.273887991905212,57.58844757080078,6.271485924720764,cache_w8a8_m4k2v2,large_h6_n32_s100,8dfcd92f31eeb98f21a841866a5c30bc1816f14125094a71539a11bdc80dbb20,19.970016479492188,1516.1835843324661,722.5448980331421,840.9799374341965,28835840,987648,987648,4704
cora_node,test,133,33,cora_node:test:000033:019809f6b9b9a6ed,0,2628.986326,2629.1298828125,2476.015399,152.656735,75.32929629087448,42.56814531981945,9.106929413974285,2280.3348414599895,176.48243141174316,2102.0330505371094,74,0,1,36,0,492.0217914581299,124.86240021232516,17.108160005882382,54.56681606173515,16.023711976595223,127.07408142089844,6.319775938987732,38.3218879699707,4.7666860818862915,cache_w8a8_m4k2v2,large_h6_n32_s100,019809f6b9b9a6ed7c7314b47cf1c9ccecf4cd2947e72953d9eaa6431f1cb238,19.71785545349121,1025.5989426076412,527.8568649291992,568.2950984537601,19398656,651264,651264,3192
cora_node,test,134,34,cora_node:test:000034:1559b2c28c29c445,0,1905.456313,1905.5531005859375,1754.86859,150.316291,48.487575724720955,42.479745112359524,5.557208321988583,1604.4398061931133,113.65932655334473,1489.5749053955078,45,0,1,36,0,502.121919631958,132.63046420924366,17.73961598612368,54.13487998954952,16.123903992585838,82.66915130615234,4.173856019973755,23.704319953918457,3.111999273300171,cache_w8a8_m4k2v2,large_h6_n32_s100,1559b2c28c29c4454f477d3c20d42e3bb12b33bff9b9c9c661fec282c73fc8f2,19.68783950805664,631.8787188827991,538.0502395629883,339.333786457777,11796480,606720,606720,1974
cora_node,test,135,35,cora_node:test:000035:b10d80a8733fa24b,0,4884.060311,4884.33740234375,4761.852336,121.74103,133.36574658751488,42.93451551347971,15.949035063385963,4454.0734980255365,317.1236457824707,4133.93701171875,132,0,1,78,0,1278.0827741622925,274.5336320111528,245.03319007437676,117.02278411760926,34.541823976673186,227.7897605895996,11.58134412765503,69.4559679031372,8.296573162078857,cache_w8a8_m4k2v2,large_h6_n32_s100,b10d80a8733fa24b0951513368460e177905615dd89394f2bd30fed0634ddc30,19.917503356933594,1814.9158101677895,1355.9744338989258,982.9642710089684,34603008,1838592,1838592,5628
cora_node,test,136,36,cora_node:test:000036:51e564f079658910,0,7707.314726,7707.76806640625,7587.298698,119.561094,142.084120772779,42.964537627995014,17.5554808229208,7261.626224964857,314.6692810058594,6943.8245849609375,145,0,1,276,0,3808.7032012939453,969.89820769988,142.50374407228082,413.2787198331207,122.33001587353647,219.05769729614258,11.006816029548645,76.48217582702637,8.122591853141785,cache_w8a8_m4k2v2,large_h6_n32_s100,51e564f0796589106c1cc7c23f1f72c503c8ee2e5e3f2c7bec5880d95024c89e,19.87775993347168,1990.5647044181824,4084.3384370803833,888.7992033958435,38010880,7784448,7784448,6174
cora_node,test,137,37,cora_node:test:000037:f78dbf8652909e3b,0,4392.447049,4392.68505859375,4285.97173,106.039553,125.96024014055729,42.99692902714014,15.124679543077946,3992.8502961993217,286.8759956359863,3703.0720825195312,125,0,1,72,0,996.5941762924194,255.55347196012735,37.049408039078116,108.77078394405544,31.868639967404306,203.4629135131836,10.207296133041382,65.6855993270874,7.52018666267395,cache_w8a8_m4k2v2,large_h6_n32_s100,f78dbf8652909e3bc537ee9bb5dbe184c6f07b307fcb433e3034640057926382,19.93939208984375,1719.8173420727253,1068.5528659820557,934.641266554594,32768000,1809408,1809408,5334
cora_node,test,138,38,cora_node:test:000038:24904999ff884e98,0,3232.924567,3233.09716796875,3144.113182,88.4454,306.52708001434803,43.06567646563053,11.20296772569418,2696.262420155108,225.51820755004883,2468.5514221191406,91,0,1,36,0,493.1716470718384,125.51788805332035,17.168159996159375,54.66691202297807,16.205151985399425,163.26233673095703,8.23142397403717,47.99590349197388,6.0285433530807495,cache_w8a8_m4k2v2,large_h6_n32_s100,24904999ff884e98a3fe264fcf68fe17764d1ea2e96c44296e33eb6ea1d56487,19.904096603393555,1257.7280333638191,529.0698881149292,701.6575972437859,23855104,651264,651264,3906
cora_node,test,139,39,cora_node:test:000039:840d4e6ae2ee1a12,0,3107.848412,3108.011474609375,2956.627226,150.869001,83.95701181143522,42.47679840773344,10.19125897437334,2738.7225152924657,194.75010681152344,2541.9716186523438,83,0,1,54,0,737.8702096939087,186.2276480048895,26.608160013332963,81.47273604013026,23.79455996491015,139.54886436462402,6.948095917701721,43.02726411819458,5.225882411003113,cache_w8a8_m4k2v2,large_h6_n32_s100,840d4e6ae2ee1a120c5255882f6f3fc7bfe7bd40a321325cb95a9376e0308cc0,19.691200256347656,1148.8712610304356,791.6171560287476,621.1744018495083,21757952,1241088,1241088,3570
cora_node,test,140,40,cora_node:test:000040:a2c238854a12943f,0,3951.230564,3951.44384765625,3831.077377,119.749547,121.02925311774015,42.755454778671265,14.427532441914082,3536.140641197562,273.764892578125,3259.56689453125,120,0,1,48,0,660.3253755569458,167.5114880343899,23.680959968827665,72.8295360058546,21.533248006366193,193.91638565063477,9.74886405467987,62.898112297058105,7.201530575752258,cache_w8a8_m4k2v2,large_h6_n32_s100,a2c238854a12943f241163c772af7abc6cc3b5a4d91ac2a8efaf51313eda5f68,19.817216873168945,1652.0689252316952,708.4296646118164,918.8855215609074,31457280,1044480,1044480,5124
cora_node,test,141,41,cora_node:test:000041:d38fcea0be12e7a9,0,3812.148576,3812.35107421875,3692.2567,119.42881,121.32878508418798,42.910605669021606,14.613051898777485,3404.4418642297387,257.66521072387695,3143.9100341796875,122,0,1,36,0,502.0218229293823,132.51888001617044,17.4064640076831,54.41750401072204,16.19103997386992,178.68457794189453,8.88153600692749,63.39408016204834,6.705016613006592,cache_w8a8_m4k2v2,large_h6_n32_s100,d38fcea0be12e7a92c5f6b4bc51ffd58ec110b42f356d88aa990e533c84c0d03,19.883487701416016,1679.6053757071495,537.9352645874023,946.2528815865517,31981568,579072,579072,5208
cora_node,test,142,42,cora_node:test:000042:2e32d30653022089,0,2720.887971,2721.025634765625,2616.65499,103.897297,80.55232558399439,42.56720934063196,9.873302653431892,2407.09812939167,161.26806259155273,2243.8757934570312,80,0,1,36,0,501.347393989563,131.92630411311984,17.501407978124917,54.338656067848206,16.065375982783735,110.7083854675293,5.409919917583466,40.910176277160645,4.239580929279327,cache_w8a8_m4k2v2,large_h6_n32_s100,2e32d30653022089eaca9e8d2f76ce3350c7aeca10daa4ddbb34873a640b6692,19.71343994140625,1109.2914234399796,537.254337310791,617.0434726476669,20971520,506880,506880,3444
cora_node,test,143,43,cora_node:test:000043:e249023568b974dc,0,7287.835931,7288.23779296875,7136.278871,151.096449,142.3171041533351,42.869229800999165,17.551735043525696,6811.4101104438305,325.9299545288086,6482.28857421875,145,0,1,228,0,3138.2558088302612,792.3662078976631,119.33190396241844,340.2449277509004,100.19862387236208,229.5320053100586,11.515935897827148,76.48569679260254,8.396316528320312,cache_w8a8_m4k2v2,large_h6_n32_s100,e249023568b974dc24880f2f035e8067d4d441b0208b714292c104205814972e,19.877439498901367,1990.3750432431698,3365.8359031677246,1145.955067306757,38010880,6753792,6753792,6174
cora_node,test,144,44,cora_node:test:000044:c8eae1e451316721,0,7242.725847,7243.11279296875,7153.965087,88.274114,154.91053834557533,43.08983217924833,18.856986425817013,6802.068753167987,343.86870193481445,6454.7806396484375,155,0,1,222,0,3103.4523277282715,809.3197757769376,115.57446396164596,333.5005438607186,99.16665591672063,241.6363525390625,12.189823746681213,81.16905498504639,8.873470664024353,cache_w8a8_m4k2v2,large_h6_n32_s100,c8eae1e45131672154418612802c29f34fa7add5d2adca9863a0e88d14f15dde,19.932767868041992,2127.116227298975,3324.77272605896,1022.8244541585445,40632320,6242304,6242304,6594
cora_node,test,145,45,cora_node:test:000045:788e11e8f7a62f35,0,4710.783602,4711.0224609375,4590.523919,119.788095,129.44855261594057,42.98161529004574,15.351670794188976,4285.319419577718,326.7631378173828,3955.6148681640625,127,0,1,72,0,1205.710041999817,261.7859518835321,240.09049484226853,108.57379201427102,31.94115197006613,239.07072067260742,12.567008018493652,66.45939254760742,8.666016578674316,cache_w8a8_m4k2v2,large_h6_n32_s100,788e11e8f7a62f3533b53ca33c9f92991b0c32c0da60b3d7f9833282d286ceb2,19.921920776367188,1747.5022088885307,1277.5597743988037,950.4748056530952,33292288,1396224,1396224,5418
cora_node,test,146,46,cora_node:test:000046:94645fe67c5534f4,0,3625.528942,3625.70947265625,3552.334017,72.81176,111.79968994110823,42.802464216947556,13.289051130414009,3289.9444308131933,239.1288948059082,3048.223358154297,110,0,1,48,0,664.1242904663086,172.12691202946007,23.56275200098753,71.97337597981095,21.34566397871822,166.83542442321777,8.339263916015625,57.69292640686035,6.261280059814453,cache_w8a8_m4k2v2,large_h6_n32_s100,94645fe67c5534f4e3181c55bba824fb91c5945f6bfe95f656815a8ec6b85d5b,19.84409523010254,1516.4399019181728,711.8015041351318,839.8260473310947,28835840,907776,907776,4704
cora_node,test,147,47,cora_node:test:000047:b29f359948778b30,0,3594.560122,3594.7373046875,3443.40912,150.752447,114.20704424381256,42.768463492393494,13.47407978028059,3172.726731747389,243.08134841918945,2926.985321044922,112,0,1,36,0,500.5883855819702,131.93958397116512,17.238656002096832,54.82329594343901,16.18355198018253,169.61686325073242,8.49238395690918,58.59366512298584,6.378436088562012,cache_w8a8_m4k2v2,large_h6_n32_s100,b29f359948778b30ae7ff12a1658a2de433b7774cd51dc0fa8760b3244dff057,19.83513641357422,1543.3251834213734,536.5352935791016,866.9599804580212,29360128,505344,505344,4788
cora_node,test,148,48,cora_node:test:000048:55e6387e7ec1073f,0,1024.020231,1024.0543212890625,871.691247,152.094886,9.420285001397133,42.365698143839836,1.0385876521468163,807.826442644,13.277375936508179,794.1348114013672,8,0,1,42,0,600.6426553726196,166.20268801320344,20.48451200313866,63.713791908696294,19.142623972147703,9.011711835861206,0.44463999569416046,3.3876800537109375,0.4333440512418747,cache_w8a8_m4k2v2,large_h6_n32_s100,55e6387e7ec1073f14117e2c3ccbe6befde97133c21ef36da0a039aea755c156,19.65235137939453,129.6719034910202,642.4240341186523,41.69122517108917,2097152,430080,430080,420
cora_node,test,149,49,cora_node:test:000049:e6990ecf74c50330,0,3880.374176,3880.55859375,3775.99705,103.953919,117.7005022764206,43.69398579001427,14.513082802295685,3494.838989339769,248.39155197143555,3243.6260375976562,119,0,1,48,0,665.5902729034424,173.54624013323337,23.464127963408828,72.39772790297866,21.190527985803783,170.13267135620117,8.418272018432617,63.42531204223633,6.41529655456543,cache_w8a8_m4k2v2,large_h6_n32_s100,e6990ecf74c5033042100afd7d2d93148f651acef587a51645759603c3820de3,19.826847076416016,1639.1719339489937,713.2765741348267,911.0043765902519,31195136,943104,943104,5082
cora_node,test,150,50,cora_node:test:000050:b2269c597e255f7a,0,4550.784885,4551.0107421875,4430.854355,119.430583,134.37819108366966,42.832507751882076,16.161911189556122,4118.907923810184,303.9341163635254,3811.8614501953125,134,0,1,66,0,911.689474105835,233.70179210137576,32.89878397528082,100.02598403766751,29.112415976822376,215.22086334228516,10.784639835357666,69.96054363250732,7.968069553375244,cache_w8a8_m4k2v2,large_h6_n32_s100,b2269c597e255f7a14b569eed8712ebee5c5a1e49354a0da453990ee20a98e6a,19.85628890991211,1843.0120004117489,977.5223350524902,1011.1834036409855,35127296,1523712,1523712,5712
cora_node,test,151,51,cora_node:test:000051:306861cd9b34e839,0,3456.411199,3456.5751953125,3365.5779,90.455568,316.3836318999529,43.1216387078166,12.287696823477745,2901.2660831212997,210.76716995239258,2688.0690002441406,101,0,1,36,0,494.61251163482666,126.19520004931837,17.435231980867684,54.25734404474497,16.263391978107393,144.56000137329102,7.110719919204712,53.621185302734375,5.475263357162476,cache_w8a8_m4k2v2,large_h6_n32_s100,306861cd9b34e839816ff0a6d39b729b27738fb255ef8390bac7d56ae3d9b09a,19.902944564819336,1395.006269812584,530.4668436050415,782.4988313913345,26476544,651264,651264,4326
cora_node,test,152,52,cora_node:test:000052:bfeb7cfd15540f8b,0,3802.11811,3802.300048828125,3682.270333,119.447483,121.15606106817722,42.84876398742199,14.68800101429224,3395.026187412441,257.35168075561523,3134.7930908203125,122,0,1,36,0,493.7665948867798,125.88387211505324,17.50223998632282,54.38550399430096,16.043615975417197,178.4386215209961,8.845471978187561,63.375871658325195,6.691715598106384,cache_w8a8_m4k2v2,large_h6_n32_s100,bfeb7cfd15540f8b3dc9b2f1e1521d8ad6fc06918bc42618ada53bd9534daca6,19.819456100463867,1679.5965736210346,529.5218887329102,945.4940845668316,31981568,651264,651264,5208
cora_node,test,153,53,cora_node:test:000053:335dea55645a0e46,0,4175.665363,4175.865234375,4086.804418,88.467412,114.60336670279503,42.88271814584732,13.800932094454765,3811.861668713391,252.6248016357422,3556.524169921875,115,0,1,78,0,1065.9727630615234,267.4727039989084,39.25865599978715,116.93504007905722,34.98911999259144,177.47686576843262,8.851776003837585,59.68035125732422,6.615808606147766,cache_w8a8_m4k2v2,large_h6_n32_s100,335dea55645a0e46a7c73863ba640d9a69e5c41cf59800fe943f5bc9cf043fb1,19.85980796813965,1584.0217585861683,1143.610369682312,848.7518496215343,30146560,2027520,2027520,4914
cora_node,test,154,54,cora_node:test:000054:7ba236970f91eeb7,0,4229.240933,4229.44140625,4109.268894,119.539224,130.2862511947751,42.83959977328777,15.619680285453796,3808.4210250526667,311.15324783325195,3494.2210693359375,130,0,1,48,0,677.4115858078003,180.51993578113616,23.91753599047661,72.7467520609498,21.66166397742927,224.04991912841797,11.395839929580688,67.49084758758545,8.216641187667847,cache_w8a8_m4k2v2,large_h6_n32_s100,7ba236970f91eeb7194f4d1bf6641072f4e86f96c0690cd5d9d511da99f65c64,19.868671417236328,1790.0356215536594,725.2671670913696,998.7869521081448,34078720,864768,864768,5544
cora_node,test,155,55,cora_node:test:000055:f283fe7547716a2a,0,4499.571912,4499.78466796875,4410.622479,88.518137,138.45756649971008,43.81621163338423,16.77916757762432,4100.694960914552,333.13785552978516,3764.320556640625,139,0,1,54,0,756.2321586608887,199.86511985305697,26.58460800908506,81.78870395943522,24.06399998255074,238.79433059692383,12.204064011573792,73.38425540924072,8.755205512046814,cache_w8a8_m4k2v2,large_h6_n32_s100,f283fe7547716a2aab551e9f5f63c300afe5949618012d3099ed0da65e00ee02,19.86832046508789,1911.3298899531364,810.1117095947266,1062.7472775578499,36438016,1136640,1136640,5922
cora_node,test,156,56,cora_node:test:000056:f8d78a00a7437a62,0,4141.816386,4142.0087890625,4053.061216,88.347694,116.08421429991722,42.854770086705685,14.16595745831728,3770.8882624283433,265.37491607666016,3502.7319946289062,118,0,1,54,0,739.5037727355957,186.67750416044146,26.951840040273964,81.31347196735442,23.938047979958355,187.03888130187988,9.421056032180786,61.97993564605713,6.935043096542358,cache_w8a8_m4k2v2,large_h6_n32_s100,f8d78a00a7437a621f6b5cbae696d55cbe1f93e4118ee6f1eb1b5df0f0857ad5,19.861759185791016,1626.4655989408493,793.3527669906616,1102.7753878831863,30932992,1241088,1241088,5040
cora_node,test,157,57,cora_node:test:000057:89bd08bf288a5b51,0,4053.506707,4053.693115234375,3933.482647,119.619537,118.9045449718833,42.70582739263773,14.358042739331722,3659.4959953799844,307.7350425720215,3348.93212890625,120,0,1,54,0,746.9083223342896,193.7312640696764,26.319648008793592,81.48307195305824,24.081567991524935,224.82994842529297,11.669472098350525,63.12403106689453,8.11159098148346,cache_w8a8_m4k2v2,large_h6_n32_s100,89bd08bf288a5b5170a77827005531c713b6c57705ae4380e523fb30b37064a9,19.774911880493164,1654.4670730531216,800.6101121902466,913.629855543375,31457280,870912,870912,5124
cora_node,test,158,58,cora_node:test:000058:75f7fe0449ddc01a,0,4187.823969,4188.01513671875,4098.877036,88.516361,128.10798920691013,43.81067492067814,15.842955559492111,3794.8736529797316,293.1972465515137,3498.5982666015625,131,0,1,48,0,659.8432331085205,167.42729611881077,23.927903981879354,72.94310402311385,21.389279984869063,205.9254379272461,10.404000043869019,69.2817611694336,7.586047410964966,cache_w8a8_m4k2v2,large_h6_n32_s100,75f7fe0449ddc01adfb59a639ca76c68348d650e5821568be3c121ce6d528590,20.77129554748535,1802.968642205,707.7374410629272,1008.6634788811207,34340864,1044480,1044480,5586
cora_node,test,159,59,cora_node:test:000059:19b8fbb697bdc102,0,3094.05318,3094.187255859375,2972.135036,121.56349,92.95246843248606,42.701453901827335,11.513296514749527,2737.1900333091617,201.64485931396484,2533.2637634277344,94,0,1,36,0,493.2266550064087,125.31440006755292,17.333215988241136,54.37935996055603,16.02495999261737,140.87721824645996,6.960096001625061,48.47443199157715,5.333113074302673,cache_w8a8_m4k2v2,large_h6_n32_s100,19b8fbb697bdc10272e4c33729905e881ea302ebe25289f83079158a661d368a,19.80780792236328,1298.548320531845,529.037088394165,725.4861624240875,24641536,651264,651264,4032
cora_node,test,160,60,cora_node:test:000060:c1eafab95e12e7e0,0,2750.643904,2750.75830078125,2599.413694,150.90208,74.28392581641674,42.547594755887985,9.235967881977558,2403.239067643881,164.3242244720459,2237.0506591796875,75,0,1,42,0,602.5676488876343,166.22438377607614,20.63408000394702,63.65235196426511,19.10031998436898,115.17055892944336,5.6533119678497314,39.14284801483154,4.357505559921265,cache_w8a8_m4k2v2,large_h6_n32_s100,c1eafab95e12e7e0f9d1ee8010ac970dd0803b2a7c960a247ecc4f6e0af6f910,19.71308708190918,1040.8601596057415,644.4027519226074,571.5008347332478,19660800,434688,434688,3234
cora_node,test,161,61,cora_node:test:000061:2b2b6524458401be,0,3619.861928,3620.02099609375,3528.889218,90.578706,106.51995800435543,42.7550682798028,13.060788623988628,3258.670814335346,248.9090232849121,3007.1898498535156,108,0,1,48,0,665.0042543411255,173.13587207254022,23.610880004242063,72.28448005393147,21.404512002132833,177.338623046875,8.9864000082016,55.989888191223145,6.594112038612366,cache_w8a8_m4k2v2,large_h6_n32_s100,2b2b6524458401be971e7e36d8418d014dade1868ee84ee33da3e262c10b6474,19.822784423828125,1489.8153620958328,712.7625303268433,824.4347418546677,28311552,976896,976896,4620
cora_node,test,162,62,cora_node:test:000062:2a1a61ec724f083b,0,3541.793932,3541.947509765625,3466.917414,74.503192,314.35640528798103,42.95476619154215,11.834588833153248,3005.223342217505,237.2380142211914,2765.647979736328,97,0,1,48,0,660.9170560836792,168.0361921126023,23.76505597308278,72.37695998698473,21.470079980790615,171.20137405395508,8.736576080322266,50.93891143798828,6.361152648925781,cache_w8a8_m4k2v2,large_h6_n32_s100,2a1a61ec724f083bd7b4aa9df23e9ce100e5fb1769e84c905e25d529b9fc3501,19.880319595336914,1339.36358371377,708.8358707427979,737.3288448750973,25427968,1044480,1044480,4158
cora_node,test,163,63,cora_node:test:000063:ee3df5060c0f44db,0,3867.754666,3867.92236328125,3716.411635,150.938084,118.21560095995665,42.86182951182127,14.26837407052517,3436.4882856607437,266.8137626647949,3166.8466186523438,119,0,1,42,0,586.4513311386108,154.85260791052133,20.08623999170959,64.40534403920174,19.01455997955054,186.9333438873291,9.422815918922424,63.50320053100586,6.954402327537537,cache_w8a8_m4k2v2,large_h6_n32_s100,ee3df5060c0f44db2d0c8846330738d08dcfcab1f56228d3d4ef394aa2f6e27c,19.858495712280273,1640.4670107364655,628.4889268875122,917.7491767406464,31195136,557568,557568,5082
cora_node,test,164,64,cora_node:test:000064:84e7a6ec7925a4bb,0,3709.356401,3709.51513671875,3620.607183,88.352532,106.31533153355122,42.62529220432043,13.101290911436081,3358.506316319108,230.42051315307617,3125.5606079101562,106,0,1,60,0,830.2842273712158,213.83401602506638,29.873056011274457,90.00601589493454,26.67548796441406,161.5920009613037,7.950399875640869,54.81836795806885,6.059744358062744,cache_w8a8_m4k2v2,large_h6_n32_s100,84e7a6ec7925a4bb152fa7769f3916376e735bc41242375e3daed2260386912c,19.7109432220459,1460.7309097349644,890.0267524719238,794.513888925314,27787264,1293312,1293312,4536
cora_node,test,165,65,cora_node:test:000065:88e3d89f99d2fa07,0,3844.402731,3844.565673828125,3691.014605,152.968592,116.08252953737974,42.84500516951084,13.766739517450333,3404.7655016183853,251.8702392578125,3150.1514892578125,115,0,1,48,0,658.0559377670288,166.28364797588438,23.497823973186314,72.24665606580675,21.28204797115177,176.61760139465332,8.840319871902466,59.771230697631836,6.641087293624878,cache_w8a8_m4k2v2,large_h6_n32_s100,88e3d89f99d2fa07e1807c1d3ac52ae031b5a66b1d184ce0e4eeb1370e9adeb5,19.840608596801758,1585.4333768188953,706.2359352111816,878.3227858245373,30146560,1044480,1044480,4914
cora_node,test,166,66,cora_node:test:000066:24b24781a80413c0,0,2251.511574,2251.59716796875,2162.883432,88.312133,65.16493856906891,42.587160132825375,8.037785068154335,1977.2243862971663,147.1063346862793,1828.4462280273438,65,0,1,30,0,410.3218574523926,105.06137596722692,14.207135986536741,45.42096000537276,13.41795200202614,104.30806541442871,5.162367939949036,33.685312271118164,3.9505890607833862,cache_w8a8_m4k2v2,large_h6_n32_s100,24b24781a80413c0acf599b893b6aa41d4c781f31bb74540c76bef72f64eebda,19.752479553222656,904.7014084756374,440.2103052139282,503.28699389100075,17039360,454656,454656,2814
cora_node,test,167,67,cora_node:test:000067:976125dce882815b,0,3505.832962,3505.978759765625,3383.831414,121.582491,105.40574137121439,42.71428659558296,12.755464762449265,3139.6159641444683,243.6382064819336,2893.4449768066406,106,0,1,42,0,591.5851554870605,158.55263995472342,20.32390400953591,63.42806397750974,18.883487987332046,173.2841281890869,8.753696084022522,55.12576103210449,6.4746211767196655,cache_w8a8_m4k2v2,large_h6_n32_s100,976125dce882815b1ee817efd8c57108c454aeaced899ac81eb8861c09483c5d,19.762271881103516,1464.317953079939,633.4636478424072,815.425647765398,27787264,580608,580608,4536
cora_node,test,168,68,cora_node:test:000068:1de1395a63f98897,0,2737.534667,2737.642822265625,2633.075858,104.119277,73.24564550071955,42.61831007897854,8.728687651455402,2433.040177449584,182.34348678588867,2248.9190368652344,71,0,1,36,0,702.9532804489136,132.22576009482145,17.557503982447088,255.8588085398078,16.217247983440757,133.6413459777832,6.735615968704224,36.999167919158936,4.96735692024231,cache_w8a8_m4k2v2,large_h6_n32_s100,1de1395a63f988977600566de5470fed640530fc76d98eae65fe8207095a0cf6,19.795072555541992,985.6006083786488,738.834939956665,544.2785610854626,18612224,508416,508416,3066
cora_node,test,169,69,cora_node:test:000069:63a6eb858aab308d,0,3305.827133,3305.960693359375,3154.672302,150.780355,99.65160116553307,42.561061680316925,12.295200489461422,2911.406857892871,214.01123046875,2694.9584045410156,101,0,1,36,0,501.8378858566284,132.17855989560485,17.667519995942712,54.652096044272184,16.2720959931612,147.50502395629883,7.256607890129089,53.67033576965332,5.579262852668762,cache_w8a8_m4k2v2,large_h6_n32_s100,63a6eb858aab308da7416a3fb965ae04700df5b2b184d7ea4198b4addd81f6b4,19.718015670776367,1396.2194921672344,537.7201566696167,780.7367713749409,26476544,506880,506880,4326
cora_node,test,170,70,cora_node:test:000070:b46b465e4628763c,0,5002.401853,5002.6142578125,4882.486361,119.477712,140.86355362087488,42.87277162075043,17.374522052705288,4563.429236412048,361.41894912719727,4198.6663818359375,144,0,1,78,0,1078.0518083572388,275.3881598226726,39.53884796239436,117.69884797558188,34.54214397352189,263.9266586303711,13.098495721817017,75.08118343353271,9.31261134147644,cache_w8a8_m4k2v2,large_h6_n32_s100,b46b465e4628763caeea1b2f03b17a905f94422eccfa2dab1d0004d7fc7eaa7b,19.86284828186035,1981.696447700262,1156.0032634735107,1080.829518944025,37748736,2015232,2015232,6132
cora_node,test,171,71,cora_node:test:000071:6f483ca7b54d6897,0,4402.568471,4402.7490234375,4280.345298,121.797079,128.7534087896347,42.94963367283344,15.51129948347807,3967.7501684054732,269.1001625061035,3695.6083984375,129,0,1,66,0,904.1735992431641,228.67452791519463,32.75708799622953,99.3727680016309,29.881983964703977,186.00576210021973,9.071616053581238,67.04848098754883,6.974303364753723,cache_w8a8_m4k2v2,large_h6_n32_s100,6f483ca7b54d6897b197af5024ad044e7c86a785d9ade5deee8085d690a36470,19.905344009399414,1774.9144003987312,969.9960317611694,970.6033102869987,33816576,1459200,1459200,5502
cora_node,test,172,72,cora_node:test:000072:2b8c40e61d5cf1ac,0,3123.540316,3123.66162109375,3001.605789,121.569338,93.68927218019962,42.70436894148588,11.384837329387665,2770.6318823620677,202.26733016967773,2566.1388244628906,91,0,1,42,0,586.9171524047852,154.4051840621978,20.54291200917214,63.5320000089705,18.781887992285192,141.82294273376465,7.022111892700195,48.07529592514038,5.34697961807251,cache_w8a8_m4k2v2,large_h6_n32_s100,2b8c40e61d5cf1ac37ad6b0a3c2669424d218a116e766694088d2d6dfc450d32,19.78825569152832,1257.609602957964,628.7702121734619,699.5472650229931,23855104,721920,721920,3906
cora_node,test,173,73,cora_node:test:000073:33d4c7b8a3cba341,0,1729.289411,1729.3458251953125,1578.059958,150.953491,41.279819793999195,42.5597308203578,4.942378960549831,1445.1850978657603,89.84022426605225,1354.2414855957031,39,0,1,36,0,494.8254098892212,126.82425579521805,17.634816026315093,54.46188803575933,16.553279973566532,63.75641632080078,3.170367956161499,20.46012806892395,2.4533119201660156,cache_w8a8_m4k2v2,large_h6_n32_s100,33d4c7b8a3cba3411d08f577d38ed03cf55d04a7fd954a67e92d0fb2f63d8934,19.717695236206055,550.5930554270744,530.7327995300293,292.63332587480545,10223616,651264,651264,1722
cora_node,test,174,74,cora_node:test:000074:96d837d6b1dada9c,0,4017.974173,4018.13330078125,3927.210907,90.363789,105.54561391472816,42.73213539272547,12.814059853553772,3664.504837244749,265.7091522216797,3396.32470703125,104,0,1,66,0,1133.871838569641,243.0137278297916,33.396831966005266,101.11545604094863,30.36207997240126,193.8164520263672,10.084479928016663,54.730048179626465,7.078172087669373,cache_w8a8_m4k2v2,large_h6_n32_s100,96d837d6b1dada9c2a7ff1cc476ec395ab3d142b04fa9deec41d081dc8dedfe5,19.76028823852539,1436.2882553339005,1200.0606336593628,779.7361062765121,27262976,1347072,1347072,4452
cora_node,test,175,75,cora_node:test:000075:a169558f5c55b223,0,4593.17498,4593.359375,4472.831849,119.89366,142.23320689052343,42.94891655445099,17.392571084201336,4140.441020019352,329.24079513549805,3807.8857421875,141,0,1,54,0,745.6046686172485,189.23993596434593,27.15075194183737,82.00265602767467,24.790431984700263,234.4427833557129,11.863423824310303,74.36889457702637,8.565693378448486,cache_w8a8_m4k2v2,large_h6_n32_s100,a169558f5c55b2239c3a281f6a9ca677322807acb8f886f946dcad8e80d6a7e4,19.87014389038086,1942.5992984473705,799.7183046340942,1085.438282996416,36962304,1241088,1241088,6006
cora_node,test,176,76,cora_node:test:000076:89d77d79269399c8,0,3884.48724,3884.638427734375,3777.833213,106.249923,120.6780569627881,42.869108729064465,14.60990309715271,3495.5357667058706,247.45756912231445,3245.2236938476562,119,0,1,48,0,661.0381441116333,167.41071987058967,23.96451197657734,73.17939187958837,21.56739198975265,169.5418243408203,8.291711926460266,63.22745609283447,6.396576762199402,cache_w8a8_m4k2v2,large_h6_n32_s100,89d77d79269399c8dfd4b87c1cf3b4f9b5d01377d3ec0e16bcaee745738fbbd3,19.865375518798828,1640.963362723589,709.0948820114136,915.0308246314526,31195136,995328,995328,5082
cora_node,test,177,77,cora_node:test:000077:5317754e1c8f111f,0,3812.816415,3812.962158203125,3722.047903,90.364052,108.49998239427805,42.815038934350014,12.821727432310581,3453.914132900536,265.9697914123535,3185.4552001953125,104,0,1,66,0,924.6202878952026,243.3773438744247,32.7476799916476,100.3025919534266,29.642239983193576,194.22969818115234,9.973023891448975,54.68105697631836,7.086012363433838,cache_w8a8_m4k2v2,large_h6_n32_s100,5317754e1c8f111f17efa5b252803f0fcf5ccf410d5806ed746de03a4cb0ecbf,19.82956886291504,1435.8802562057972,990.6659183502197,778.7385945022106,27262976,1195008,1195008,4452
cora_node,test,178,78,cora_node:test:000078:59eda86c3117bdd9,0,1573.660268,1573.7060546875,1498.836234,74.557298,31.482521444559097,42.58859809488058,3.6794831976294518,1379.6875532716513,67.66111946105957,1311.1438293457031,29,0,1,48,0,666.0146589279175,172.6488961810246,23.4437760040164,72.89292785339057,21.45417598169297,47.95507192611694,2.3941759765148163,15.448511838912964,1.8633597195148468,cache_w8a8_m4k2v2,large_h6_n32_s100,59eda86c3117bdd9b35725b3d448c13189ae58e4f190f5e9e61abe4b89a0df4e,19.731008529663086,414.831553786993,713.8999633789062,202.14332070946693,7602176,901632,901632,1302
cora_node,test,179,79,cora_node:test:000079:548839da6cf652d8,0,4014.345675,4014.497802734375,3925.647885,88.293448,119.09788101911545,42.87074226886034,14.216504991054535,3651.6339452937245,249.6631965637207,3399.182861328125,116,0,1,48,0,878.7202911376953,175.48419195506722,24.51910397876054,73.42876795120537,228.2576705077663,174.2897605895996,8.686271905899048,60.13401699066162,6.553147077560425,cache_w8a8_m4k2v2,large_h6_n32_s100,548839da6cf652d8ecc27738f473b30c6ddf90fe67229d65b9f5817e5be5e2b8,19.848127365112305,1599.7184332609177,926.8791036605835,892.4334517717361,30408704,930816,930816,4956
cora_node,test,180,80,cora_node:test:000080:43bcde9568628ace,0,3857.82807,3857.97314453125,3706.781954,150.629294,119.54497825354338,42.80548170208931,14.148504473268986,3416.978048160672,251.89712524414062,3162.31640625,115,0,1,48,0,668.1552953720093,174.43705579917878,23.429696009494364,73.70816005021334,21.668991995975375,176.85718727111816,8.785791993141174,59.6265926361084,6.627553343772888,cache_w8a8_m4k2v2,large_h6_n32_s100,43bcde9568628aceb2d98028ecbc4fe87c9cb32f513152ee4c269f32bbf81bfa,19.829696655273438,1584.9344642460346,716.3783626556396,880.8332760035992,30146560,761856,761856,4914
cora_node,test,181,81,cora_node:test:000081:5dfdeb1fead843e2,0,2660.627704,2660.719482421875,2509.830063,150.465538,78.02110258489847,42.6755640655756,8.582547307014465,2317.538721486926,165.92467308044434,2149.8884887695312,68,0,1,48,0,667.7330532073975,174.34921610821038,23.58355196285993,72.77820801921189,21.344191982410848,119.95977783203125,6.017439961433411,35.4554557800293,4.491999506950378,cache_w8a8_m4k2v2,large_h6_n32_s100,5dfdeb1fead843e2c0439c81cd7a9e06be8ff8ae6aa905d8eb2b1bce7a8b691b,19.75676727294922,944.3275537788868,715.5823383331299,509.7353639304638,17825792,903168,903168,2940
cora_node,test,182,82,cora_node:test:000082:4c40d64e08d373b3,0,8025.673102,8025.99267578125,7903.278475,121.929496,145.503175444901,42.992860078811646,18.22460349649191,7574.204986914992,314.7330551147461,7256.2059326171875,145,0,1,276,0,3896.457058906555,1030.427295316942,144.31382391322404,417.23311999067664,123.44639984425157,219.21686553955078,10.969056010246277,76.43923282623291,8.107900738716125,cache_w8a8_m4k2v2,large_h6_n32_s100,4c40d64e08d373b32cf06af1310c7ed3022123f34785b6fa5466f8e1b0a89662,19.87228775024414,1989.9904957711697,4172.69161605835,1113.3961085379124,38010880,7213056,7213056,6174
cora_node,test,183,83,cora_node:test:000083:9a19c87e3b25f7aa,0,5060.169237,5060.353515625,4971.126965,88.561105,141.26770291477442,43.05765870958567,17.047498375177383,4648.431798443198,318.2046699523926,4326.99169921875,138,0,1,96,0,1333.1113290786743,345.36710415780544,48.44915196020156,145.08553605154157,42.60998396296054,225.91948699951172,11.369279980659485,72.68441581726074,8.231487154960632,cache_w8a8_m4k2v2,large_h6_n32_s100,9a19c87e3b25f7aa0789c0a4ad78c77af30bb726b808d048471dff1a8788059b,19.95974349975586,1898.9672629237175,1429.1226816177368,1018.8614981770515,36175872,2293248,2293248,5880
cora_node,test,184,84,cora_node:test:000084:3c3779cf7918171a,0,3544.546267,3544.670654296875,3422.569028,121.587232,107.91272018104792,42.83035546541214,12.837093323469162,3168.815717101097,243.15177154541016,2923.1637268066406,104,0,1,48,0,661.3265933990479,167.24761607218534,23.87804798502475,72.72559992782772,21.459231982938945,173.25785636901855,8.847039937973022,54.57600021362305,6.470875024795532,cache_w8a8_m4k2v2,large_h6_n32_s100,3c3779cf7918171a760a03e7a1d82870adb22f669d89a4e6462f4d8ef03bf481,19.845792770385742,1437.5731527507305,709.4735698699951,795.9627969563007,27262976,1044480,1044480,4452
cora_node,test,185,85,cora_node:test:000085:cf34d905d50d1aac,0,7992.733736,7993.0400390625,7872.476519,119.805248,145.10050043463707,42.98200365155935,17.978480085730553,7542.081289924681,315.908992767334,7222.9002685546875,145,0,1,276,0,4076.273034095764,1000.4814087124541,140.01491203717887,437.6188800204545,128.71200001705438,220.14339447021484,11.174432039260864,76.48409652709961,8.107069730758667,cache_w8a8_m4k2v2,large_h6_n32_s100,cf34d905d50d1aac4bafcfde624d601e318f7de6eb9a892920c2e85d48e6f5f3,19.862943649291992,1989.8568343520164,4353.727011680603,899.17936617136,38010880,7491072,7491072,6174
cora_node,test,186,86,cora_node:test:000086:c324dfdda398722a,0,3616.659543,3616.77685546875,3525.759418,90.480334,109.00736786425114,43.78607403486967,13.231317512691021,3250.4093255847692,248.57766342163086,2999.227081298828,108,0,1,48,0,658.837568283081,166.49587221909314,23.87171201687306,72.66665601171553,21.379615982994437,177.4041290283203,8.899168133735657,55.688063621520996,6.586302638053894,cache_w8a8_m4k2v2,large_h6_n32_s100,c324dfdda398722a59a80d2d561d662237d0c10e29be2342244eec4b6a0095ad,19.93779182434082,1489.358463048935,706.6517429351807,823.1546671390533,28311552,1044480,1044480,4620
cora_node,test,187,87,cora_node:test:000087:573cf68e1be97909,0,768.85565,768.86328125,618.146935,150.469252,16.1520354449749,42.40423999726772,0.7073972374200821,548.837992362678,6.367712020874023,542.0857162475586,5,0,1,30,0,412.8654718399048,106.62928000558168,14.154048004187644,45.61145604774356,13.554047979414463,3.8527680039405823,0.1604160014539957,2.1061759889125824,0.24835202656686306,cache_w8a8_m4k2v2,large_h6_n32_s100,573cf68e1be97909355690457d210e982434529633105bcd850dfac8fdc121d4,19.67807960510254,88.986656665802,442.7927055358887,29.98443365097046,1310720,454656,454656,294
cora_node,test,188,88,cora_node:test:000088:9db4a2eff13d126e,0,4199.987134,4200.1337890625,4111.005794,88.517064,116.7350085452199,42.71665122359991,14.302538707852364,3832.1968223899603,281.66035079956055,3547.7181396484375,118,0,1,72,0,987.6768655776978,249.06224017497152,36.14815998170525,108.47564781457186,32.1431679725647,201.67084884643555,10.364864110946655,62.15926265716553,7.465375185012817,cache_w8a8_m4k2v2,large_h6_n32_s100,9db4a2eff13d126e7c3f944ab12bc7d8a5f0cdf76c8256b7f415fa6658540ee6,19.80931282043457,1626.6127070486546,1059.5813446044922,881.3334008157253,30932992,1597440,1597440,5040
cora_node,test,189,89,cora_node:test:000089:c60797faaa615d44,0,2714.436374,2714.516357421875,2608.109498,105.964472,79.76332865655422,42.70354378968477,9.920247830450535,2397.997665219009,161.3825283050537,2234.612030029297,80,0,1,36,0,496.32623863220215,126.38646408822387,17.393599989823997,55.37980798445642,16.261983963660896,110.80259323120117,5.419552028179169,40.91875123977661,4.241631805896759,cache_w8a8_m4k2v2,large_h6_n32_s100,c60797faaa615d44d080b7f01df269664901aac549562dd2230c71031768a38f,19.796287536621094,1107.1407364308834,532.3460149765015,614.9215661585331,20971520,651264,651264,3444
cora_node,test,190,90,cora_node:test:000090:dbbb12fda942867b,0,3935.811713,3935.9453125,3813.704313,121.70191,118.64631343632936,42.83312056213617,14.644717797636986,3528.099006973207,263.3008003234863,3261.9158935546875,120,0,1,48,0,658.1702098846436,166.69891191273928,23.765279981307685,72.50860800594091,21.64780796598643,184.07712173461914,9.181599974632263,63.148863792419434,6.893214821815491,cache_w8a8_m4k2v2,large_h6_n32_s100,dbbb12fda942867bb01828ee0ea7aefd95a1cfc4e527f4c35bc28526521aed8a,19.848575592041016,1654.4452468156815,705.992094039917,921.3271282911301,31457280,1044480,1044480,5124
cora_node,test,191,91,cora_node:test:000091:b971acc23a1532ca,0,728.325419,728.3306274414062,609.021026,119.078095,6.858449429273605,42.37570893019438,0.6935354322195053,547.7996272966266,6.328447937965393,541.0861129760742,5,0,1,30,0,411.83049392700195,104.96607985440642,14.183103982359171,46.10297602787614,13.549888000823557,3.8155839443206787,0.16406399942934513,2.098303973674774,0.25049602054059505,cache_w8a8_m4k2v2,large_h6_n32_s100,b971acc23a1532ca715ce31bcbe07f5af8755633e7361a24b0a161d933ba7414,19.668256759643555,88.97119915485382,441.76006412506104,30.023106455802917,1310720,454656,454656,294
cora_node,test,192,92,cora_node:test:000092:cd34a16e0417419e,0,4694.370254,4694.53271484375,4574.272743,119.665105,126.02018099278212,42.93516185134649,15.435203909873962,4286.233435384929,330.8488311767578,3952.368896484375,127,0,1,72,0,1196.117437362671,251.36550405900925,241.3472054619342,108.66710401512682,32.28819197881967,243.27791595458984,12.534751653671265,66.38172817230225,8.654435396194458,cache_w8a8_m4k2v2,large_h6_n32_s100,cd34a16e0417419e6c49edf249f7ec60c8f4a7ae68ef5b3dac60f32336b42fa3,19.895519256591797,1749.6191361248493,1267.9141178131104,954.7311618030071,33292288,1674240,1674240,5418
cora_node,test,193,93,cora_node:test:000093:53926ffae756fcf6,0,7743.347304,7743.62548828125,7620.98241,121.910812,142.85048563033342,43.725271709263325,17.615031450986862,7308.1930708140135,315.55350494384766,6989.344970703125,145,0,1,276,0,3853.060628890991,987.8717448227108,144.8948479136452,417.08601609803736,123.94595190975815,219.98687744140625,11.132319927215576,76.32396793365479,8.110339641571045,cache_w8a8_m4k2v2,large_h6_n32_s100,53926ffae756fcf6d8138d337fc0e6caa265578cae08e566d6028471cd5f81b8,19.889312744140625,1990.1823018193245,4128.539077758789,890.5129038691521,38010880,7746048,7746048,6174
cora_node,test,194,94,cora_node:test:000094:0e529ff49004520b,0,3852.95168,3853.069580078125,3699.636391,152.873835,118.06289479136467,42.955161072313786,14.355824328958988,3432.405891828239,265.4968605041504,3164.0322265625,119,0,1,42,0,585.5938234329224,153.37660798244178,20.634720016270876,63.58294404670596,18.778815967030823,185.95427131652832,9.361056089401245,63.23628807067871,6.945245027542114,cache_w8a8_m4k2v2,large_h6_n32_s100,0e529ff49004520b9cd557879eaf660a80d96e08b2885199a565cbe01376fad2,19.928415298461914,1638.539839655161,627.3445434570312,918.0762587487698,31195136,715776,715776,5082
cora_node,test,195,95,cora_node:test:000095:e783a4f5ae53cd82,0,4026.125553,4026.255126953125,3875.081992,150.633186,316.2971446290612,43.026273138821125,13.947639614343643,3402.523919939995,252.10652923583984,3147.6240234375,115,0,1,48,0,658.1002216339111,167.19302408304065,23.380384005606174,72.69980806671083,21.54467198997736,177.0597438812256,8.76528000831604,59.66313552856445,6.618369817733765,cache_w8a8_m4k2v2,large_h6_n32_s100,e783a4f5ae53cd82afba699f95bc8deeae2ed2b6f308325cfb9cc21c5b97d811,19.858720779418945,1583.5515843629837,705.9841556549072,877.947004199028,30146560,895488,895488,4914
cora_node,test,196,96,cora_node:test:000096:d8b681bc688b6a11,0,2963.208413,2963.296875,2812.54234,150.30734,90.70681408047676,42.71639231592417,11.022438295185566,2598.74885994941,169.80767822265625,2426.738555908203,89,0,1,36,0,495.2249298095703,127.73241589963436,16.86275199893862,55.09481602720916,16.24873600155115,113.49881744384766,5.436703979969025,46.50771188735962,4.36444491147995,cache_w8a8_m4k2v2,large_h6_n32_s100,d8b681bc688b6a113f3c4636fdd79c56d10fa4df2e4409296b2f6d79a52360a1,19.784543991088867,1229.8322890996933,531.0708436965942,685.6199671030045,23330816,502272,502272,3822
cora_node,test,197,97,cora_node:test:000097:9288212f90166288,0,5264.317605,5264.4912109375,5173.490446,90.381082,138.76491505652666,42.72884409874678,17.388361506164074,4865.1172965765,349.28192138671875,4512.477294921875,143,0,1,102,0,1414.899842262268,365.12959999777377,50.567263977602124,154.87497600354254,45.45327998138964,252.68479919433594,12.876479625701904,74.6155195236206,9.105123043060303,cache_w8a8_m4k2v2,large_h6_n32_s100,9288212f901662886fcbd3e75c1c377f17bf3d3d3bad6ebafb448ac5dd5ecc9c,19.799039840698242,1966.473315447569,1516.5898218154907,1049.2131974995136,37486592,2429952,2429952,6090
cora_node,test,198,98,cora_node:test:000098:10129953c709ee21,0,2749.193072,2749.271728515625,2626.957808,121.827451,81.92062191665173,43.015509843826294,10.036516934633255,2427.003500983119,166.8395824432373,2258.1192321777344,81,0,1,36,0,495.6638069152832,126.18979198671877,17.399551985785365,55.2762560043484,16.289279978722334,114.55865478515625,5.56412798166275,42.34537649154663,4.371423184871674,cache_w8a8_m4k2v2,large_h6_n32_s100,10129953c709ee210f3a6668560b9d2dd67b8a2bca5e6639bf9d43401a031914,19.909343719482422,1121.1328926980495,531.6030378341675,625.2926453649998,21233664,651264,651264,3486
cora_node,test,199,99,cora_node:test:000099:fd0c35302b44dfdb,0,1718.186243,1718.2264404296875,1565.342407,152.546188,38.6804323643446,42.38482657819986,4.847896285355091,1445.2231489121914,89.7867841720581,1354.33056640625,39,0,1,36,0,494.80195140838623,126.25299194268882,17.49347199127078,54.735648050904274,16.22185599990189,63.730207443237305,3.175552010536194,20.426048040390015,2.4549766778945923,cache_w8a8_m4k2v2,large_h6_n32_s100,fd0c35302b44dfdb3f3239e64a78f41e8811780bfb6f2c3aeccb97647e78ef6c,19.658496856689453,550.5487367808819,530.6231021881104,292.8172242939472,10223616,651264,651264,1722
cora_node,val,0,0,cora_node:val:000000:32040cc0b95f2b8d,1,5449.872112,5450.00439453125,5317.501718,131.450091,415.74572771787643,402.3350179195404,17.569025978446007,4324.886558577418,347.60905838012695,3973.489013671875,139,0,1,60,0,912.2793588638306,217.34083218500018,29.739263974130154,100.60828794538975,29.610816050320864,252.45651245117188,12.796671867370605,72.76230430603027,9.5935697555542,cache_w8a8_m4k2v2,large_h6_n32_s100,32040cc0b95f2b8de3dc080c851b01e14c370f0301d8e0ab7ccb17c80db2a4e5,132.31861877441406,1925.9652808904648,973.2994556427002,1206.542895913124,36438016,1311744,1311744,5922
cora_node,val,1,1,cora_node:val:000001:77689caf8a6f5541,1,3507.953292,3508.041748046875,3400.506194,106.945454,155.0920605659485,43.88794209808111,15.466044656932354,3085.6037624180317,211.8713607788086,2871.2378540039062,101,0,1,48,0,656.4267864227295,169.3090241663158,23.269023982807994,82.12134398333728,23.929696046747267,145.99055862426758,7.187232136726379,53.17036819458008,5.523201823234558,cache_w8a8_m4k2v2,large_h6_n32_s100,77689caf8a6f5541217b344d4c07901caa669836faff207418844ace493691ac,20.420095443725586,1402.0361289680004,705.0120010375977,784.6098194420338,26476544,746496,746496,4326
cora_node,val,2,2,cora_node:val:000002:172c61f8080c8dca,1,4277.459992,4277.57373046875,4185.918604,90.995218,204.36426904052496,42.667766101658344,19.88706085830927,3789.1250737011433,282.6767044067383,3503.3054809570312,130,0,1,48,0,658.7102394104004,166.06988781597465,23.804256002418697,83.0535679422319,24.154016038402915,198.23270416259766,9.983136057853699,67.10118389129639,7.3596802949905396,cache_w8a8_m4k2v2,large_h6_n32_s100,172c61f8080c8dcaf9fa4f0fdf16968c9f5d12a025177168e2ea2a1fb0c304c9,19.522335052490234,1798.4196141958237,708.052188873291,1016.3560129404068,34078720,897024,897024,5544
cora_node,val,3,3,cora_node:val:000003:5d7b6f9e6623451c,1,3424.106791,3424.193115234375,3334.757048,88.89753,108.858123421669,43.75128448009491,13.795577920973301,3073.4751783311367,190.84835052490234,2880.336212158203,92,0,1,36,0,858.3139419555664,139.4800960207358,17.51616001036018,407.9140030480921,18.477056029252708,132.30431747436523,6.498143911361694,47.01481628417969,5.0310728549957275,cache_w8a8_m4k2v2,large_h6_n32_s100,5d7b6f9e6623451ca26e5d6bc121f0ed1d0ed495702b5bfbd69f20c1fcc790fc,19.621952056884766,1278.1294442415237,895.0019226074219,726.8267973661423,24117248,609792,609792,3948
cora_node,val,4,4,cora_node:val:000004:1b7bd54e4a73e24c,1,4785.23346,4785.36083984375,4630.697117,154.052871,168.30459237098694,42.52832103520632,18.965182825922966,4274.077475070953,307.6304016113281,3963.4661865234375,124,0,1,90,0,1246.8932447433472,317.640351976268,44.88236799836159,152.4587199166417,44.43350407388061,223.30796813964844,11.399871945381165,64.76463985443115,8.15792167186737,cache_w8a8_m4k2v2,large_h6_n32_s100,1b7bd54e4a73e24cb85821085fdcea9e8ae461a9e53686fb3b7b3e359c5bb41e,19.48953628540039,1716.710624486208,1337.802625656128,928.442472666502,32505856,2248704,2248704,5292
cora_node,val,5,5,cora_node:val:000005:4dff67568d9914d4,1,3556.192971,3556.2744140625,3466.627235,88.984051,129.3571125715971,42.83939301967621,15.896053053438663,3170.210043899715,233.2659797668457,2934.4061279296875,103,0,1,48,0,669.9477138519287,173.099840185605,23.92550401482731,83.61555195599794,24.209152057766914,165.0026569366455,8.26745593547821,53.83788776397705,6.157979130744934,cache_w8a8_m4k2v2,large_h6_n32_s100,4dff67568d9914d4af8056819ec5addb902b85f28f46fdc1003bce4d07cbc91e,19.57276725769043,1429.4019849002361,718.5851516723633,805.9917586147785,27000832,1044480,1044480,4410
cora_node,val,6,6,cora_node:val:000006:6814b7788436b646,1,4475.339161,4475.45166015625,4352.975108,121.58732,145.72440087795258,42.83319599926472,19.26955208182335,4020.6855135038495,301.2992630004883,3716.3173217773438,127,0,1,66,0,923.513503074646,234.28787233680487,32.46726405154914,116.18476802483201,33.726496069692075,216.3031005859375,11.050368070602417,66.02451133728027,7.921283006668091,cache_w8a8_m4k2v2,large_h6_n32_s100,6814b7788436b6467a2b4e5ae71ad54646c294fdd7a9fe47708017e0438fcdcc,19.553600311279297,1758.1608958542347,990.411808013916,987.2982182204723,33292288,1612800,1612800,5418
cora_node,val,7,7,cora_node:val:000007:456ece498f97e7b5,1,4073.554926,4073.65283203125,3951.581016,121.330797,143.00924353301525,46.762251295149326,17.733355052769184,3613.761145621538,258.66512298583984,3352.1549072265625,117,0,1,54,0,771.8369874954224,206.54089586716145,27.186496041715145,94.53551999107003,27.71763205807656,181.40387153625488,9.078879952430725,61.37183952331543,6.810531973838806,cache_w8a8_m4k2v2,large_h6_n32_s100,456ece498f97e7b5608d85175de2f1d9d8cd45221c84d55dc47d73f497b6a662,20.904863357543945,1620.083615243435,827.2330884933472,925.7430668473244,30670848,1107456,1107456,4998
cora_node,val,8,8,cora_node:val:000008:f573b11ddb68486b,1,4108.254101,4108.35400390625,4034.514727,73.271874,509.3375761061907,46.3020633906126,17.77846645563841,3350.4659198224545,261.48709869384766,3086.1210327148438,117,0,1,36,0,514.5906219482422,144.559231990017,17.649887996725738,62.97932801023126,18.23084804881364,183.97151947021484,9.209856033325195,61.472479820251465,6.833243370056152,cache_w8a8_m4k2v2,large_h6_n32_s100,f573b11ddb68486b3d9fd810b732898df800112e2af4d43f5d3981396e564b76,20.01763153076172,1621.2468493580818,551.0509099960327,933.8409048914909,30670848,514560,514560,4998
cora_node,val,9,9,cora_node:val:000009:09ed79371001663a,1,4296.177366,4296.2802734375,4204.47529,91.038077,211.18879597634077,43.38156525045633,19.347424618899822,3804.3158249929547,280.1768379211426,3521.1051635742188,125,0,1,54,0,766.9882555007935,204.1025597397238,26.899744036607444,94.30201593786478,27.493024045601487,197.31110763549805,9.975007891654968,65.5986557006836,7.292066693305969,cache_w8a8_m4k2v2,large_h6_n32_s100,09ed79371001663a8b412c7f8dd857a965fdd1864d4e1c4e771cc35619d16d6f,19.646976470947266,1730.0637471675873,823.9957761764526,986.6926167011261,32768000,1107456,1107456,5334
cora_node,val,10,10,cora_node:val:000010:8cd99110c8ff3062,1,3059.910471,3059.97509765625,2906.397478,153.08469,121.1933009326458,43.792291544377804,12.39792164415121,2642.2294406220317,202.83379364013672,2437.274932861328,84,0,1,42,0,591.178786277771,156.6819199603051,20.55296000558883,74.18496000766754,21.112768026068807,146.69020652770996,7.393280029296875,43.285696506500244,5.464610576629639,cache_w8a8_m4k2v2,large_h6_n32_s100,8cd99110c8ff3062292c8496fdd01884ec89cae95f9d14b6e17694c491694a10,19.64022445678711,1169.110817462206,633.7130517959595,654.0912880599499,22020096,826368,826368,3612
cora_node,val,11,11,cora_node:val:000011:0f0a5a1062c8d990,1,3620.792305,3620.87255859375,3466.742779,153.599899,143.89365073293447,42.80789475888014,15.394364483654499,3152.5756157934666,238.84175872802734,2911.129852294922,105,0,1,42,0,589.8951015472412,151.0926720900461,20.715328010730445,73.43904000893235,25.222560082562268,168.58828926086426,8.458815932273865,55.5098876953125,6.284765839576721,cache_w8a8_m4k2v2,large_h6_n32_s100,0f0a5a1062c8d99040c0eedb42d64be48399250605cc414c159a7b752afaea19,19.522239685058594,1456.7888301610947,632.5410575866699,841.3222042322159,27525120,847872,847872,4494
cora_node,val,12,12,cora_node:val:000012:e68ab2deaa767559,1,3202.425334,3202.49365234375,3113.232322,88.786728,157.32749458402395,43.10638830065727,14.198844321072102,2806.4264599233866,183.81449699401855,2620.200958251953,96,0,1,36,0,504.75721645355225,131.57395174261183,17.618656002916396,63.05008001998067,20.16137601621449,123.6569938659668,5.941247999668121,49.46563148498535,4.750623643398285,cache_w8a8_m4k2v2,large_h6_n32_s100,e68ab2deaa7675595855716311acbebe6d3127faa780ccefd02506dd49341245,19.609983444213867,1333.7422067821026,541.1862440109253,764.8824909031391,25165824,651264,651264,4116
cora_node,val,13,13,cora_node:val:000013:0860ee00460e146d,1,710.7918,710.7877197265625,637.821129,72.725931,18.084345385432243,42.46005695313215,0.7695648819208145,564.563256688416,13.136767983436584,551.0271148681641,5,0,1,30,0,420.24422550201416,111.50089596118778,14.484064027667046,51.69219198822975,15.033152028918266,10.41043221950531,0.2110080011188984,2.230784058570862,0.2845437042415142,cache_w8a8_m4k2v2,large_h6_n32_s100,0860ee00460e146d038b3f8392d3eb2f4abc2c0c24bd13a8dacf09e1b696d00a,19.477088928222656,89.45180806517601,450.63926219940186,30.413133531808853,1310720,454656,454656,294
cora_node,val,14,14,cora_node:val:000014:c972fa05769b65c0,1,3762.176663,3762.260498046875,3641.382021,120.329164,129.94835898280144,46.24252114444971,13.643356040120125,3350.030711852014,199.87766647338867,3147.815460205078,94,0,1,60,0,834.6975345611572,213.58835235610604,29.292896010912955,104.35395197942853,30.45731204561889,139.52515029907227,6.856160044670105,48.21356821060181,5.282787919044495,cache_w8a8_m4k2v2,large_h6_n32_s100,c972fa05769b65c080100870b064144ec7cf6a4b1d7174410965054b5220daa2,22.422975540161133,1306.0109737217426,895.4977579116821,968.7297041118145,24641536,1319424,1319424,4032
cora_node,val,15,15,cora_node:val:000015:7860cc9e87b16e39,1,3882.361713,3882.44677734375,3761.454805,120.295941,139.72345925867558,42.489598505198956,17.244271002709866,3454.2139936238527,270.4668159484863,3180.9242553710938,115,0,1,48,0,658.2495050430298,166.18083202838898,23.323488008230925,82.78588792309165,24.594144036062062,194.0030117034912,9.823359966278076,59.49855995178223,7.1418843269348145,cache_w8a8_m4k2v2,large_h6_n32_s100,7860cc9e87b16e39de2de402e32a925819a9fff749261c257a3a9988ba8a9f81,19.461536407470703,1593.5258566141129,706.8038740158081,900.0560611486435,30146560,1044480,1044480,4914
cora_node,val,16,16,cora_node:val:000016:f32d2923dd6418be,1,3895.146539,3895.2314453125,3774.883456,119.776783,140.62348287552595,43.149436824023724,17.240017652511597,3460.455800406635,259.6955871582031,3197.8433837890625,119,0,1,42,0,586.8514585494995,154.70761580113322,20.5371200311929,72.96806401014328,21.123520065099,180.6565456390381,9.058367848396301,63.21951961517334,6.761154055595398,cache_w8a8_m4k2v2,large_h6_n32_s100,f32d2923dd6418bebe8ada92b42ccb060475dde1d252f130e5de2dbd5b2a4177,19.57792091369629,1649.1175020933151,629.2769889831543,939.0268136262894,31195136,734208,734208,5082
cora_node,val,17,17,cora_node:val:000017:001227f32c85f0ec,1,3167.765873,3167.829345703125,3045.312949,122.055981,130.28381299227476,42.553288862109184,13.817822560667992,2768.5889629647136,183.51906967163086,2582.6764526367188,96,0,1,36,0,493.8069438934326,127.67068809270859,17.33254400920123,61.514816001057625,18.036352057941258,123.46175956726074,5.945823967456818,49.34553623199463,4.765949904918671,cache_w8a8_m4k2v2,large_h6_n32_s100,001227f32c85f0ece738bdac5e9d63bf9ee23945eddc92d44f1a7f893c6bb68d,19.499103546142578,1321.6992626786232,529.9909753799438,750.4853181242943,25165824,651264,651264,4116
cora_node,val,18,18,cora_node:val:000018:6ce65e1c7c0c94ef,1,4311.146286,4311.240234375,4190.538728,120.123083,152.4452604353428,43.477083556354046,19.050599075853825,3854.508818127215,315.6024627685547,3535.7312622070312,131,0,1,48,0,686.0600337982178,188.8242558548227,23.484480010345578,84.01430407166481,24.09971203841269,227.07887268066406,11.510624170303345,68.75529670715332,8.25766921043396,cache_w8a8_m4k2v2,large_h6_n32_s100,6ce65e1c7c0c94ef3d7d047887beb54c47e8f6ddec8294a4fe63dc209a302842,20.288192749023438,1798.5165417790413,734.3286399841309,1023.1742731928825,34340864,900096,900096,5586
cora_node,val,19,19,cora_node:val:000019:3ceac226ed43f1c1,1,3733.851091,3733.92822265625,3611.294594,122.092591,212.0135547593236,42.684939689934254,16.207465901970863,3227.383054792881,222.28413009643555,3002.3782348632812,111,0,1,42,0,578.4122867584229,147.97558411490172,20.370751996524632,73.32774398848414,21.052320040762424,151.42223930358887,7.371104001998901,57.7293119430542,5.761474847793579,cache_w8a8_m4k2v2,large_h6_n32_s100,3ceac226ed43f1c18cc6acb41ff4db088b2653a73733f1c9344b54f69cbda7f4,19.476160049438477,1525.8720967173576,620.7556495666504,875.2266486287117,29097984,847872,847872,4746
cora_node,val,20,20,cora_node:val:000020:81153c37c7d05390,1,3470.047782,3470.114990234375,3365.288297,104.322282,119.22442354261875,42.57160238921642,14.53842967748642,3095.55955324322,212.13251113891602,2880.938690185547,101,0,1,48,0,678.2482538223267,181.33324784319848,24.15209600701928,83.03158398345113,24.144416018389165,146.15699195861816,7.153599858283997,53.2841272354126,5.537792086601257,cache_w8a8_m4k2v2,large_h6_n32_s100,81153c37c7d053901f9540861759677a595aa97e8ae544d616c2d23736bd2dc4,19.54921531677246,1390.4388174116611,726.612286567688,783.4368015229702,26476544,1013760,1013760,4326
cora_node,val,21,21,cora_node:val:000021:fc5bfbf6fdd8e29d,1,4376.686132,4376.7783203125,4287.495912,88.732104,387.10116129368544,43.106270022690296,17.48652569949627,3720.604079775512,246.11970901489258,3471.5345458984375,121,0,1,60,0,837.0082569122314,222.46780804544687,28.991008009761572,103.16883198171854,29.97558403853327,168.68563079833984,8.3269761800766,62.76700782775879,6.340094208717346,cache_w8a8_m4k2v2,large_h6_n32_s100,fc5bfbf6fdd8e29d7fbe71e367245e52ed570813b80ffdb29ec5f6daf44c521d,19.597888946533203,1661.7916193008423,897.5361270904541,931.8046884536743,31719424,1122816,1122816,5166
cora_node,val,22,22,cora_node:val:000022:ee5c361ce1ad5fc6,1,783.919748,783.9151611328125,629.706313,153.973683,8.287934586405754,42.41256508976221,0.7455050945281982,568.8335206359625,6.360095977783203,562.0558166503906,5,0,1,30,0,432.2011833190918,123.8638078942895,14.61539202556014,52.08272000029683,15.148512016050518,3.835807979106903,0.16438400000333786,2.1072320342063904,0.2526719644665718,cache_w8a8_m4k2v2,large_h6_n32_s100,ee5c361ce1ad5fc66022d08fbcba437f002eec019cb85b367f405b797a45d74a,19.451072692871094,88.7860803604126,462.42582416534424,30.294984817504883,1310720,233472,233472,294
cora_node,val,23,23,cora_node:val:000023:653fb92078e2817b,1,3032.229321,3032.2841796875,2927.581847,104.240127,114.775356836617,43.331582099199295,12.711817398667336,2668.095207773149,186.71583938598633,2479.1854248046875,87,0,1,42,0,578.6414098739624,146.9449600894004,20.567168029025197,72.33708792924881,21.006080025807023,130.28557014465332,6.413951992988586,45.08630418777466,4.930013060569763,cache_w8a8_m4k2v2,large_h6_n32_s100,653fb92078e2817b6b80e8da0ab4e49c60c2e35c219ce170a0ea58d2a52209c0,20.266815185546875,1200.8487385809422,620.8776941299438,677.7258072793484,22806528,847872,847872,3738
cora_node,val,24,24,cora_node:val:000024:e57828c39ee81537,1,4197.769864,4197.85400390625,4123.973671,73.309122,169.9141776189208,42.86095406860113,18.96484661847353,3777.00287476182,305.1531181335449,3468.7132568359375,129,0,1,48,0,661.4773750305176,165.6569919474423,23.701440040953457,82.91270397230983,24.122304038144648,218.67750549316406,11.2953599691391,67.14195251464844,8.038300156593323,cache_w8a8_m4k2v2,large_h6_n32_s100,e57828c39ee81537cd4dc7957c24a27aa85a6131f03f887a97bf979e6f9b093d,19.553056716918945,1770.9161599874496,709.9617624282837,1007.3883911371231,33816576,1044480,1044480,5502
cora_node,val,25,25,cora_node:val:000025:532c3f0600e60f69,1,1750.906601,1750.9276123046875,1597.460425,153.133456,51.37181747704744,42.39912983030081,5.584217607975006,1449.4154369458556,79.86883163452148,1368.399185180664,39,0,1,36,0,503.3056297302246,135.2518720915541,17.581216011196375,62.61875196918845,18.037152038887143,54.680832862854004,2.6884159445762634,20.349535942077637,2.1500468850135803,cache_w8a8_m4k2v2,large_h6_n32_s100,532c3f0600e60f698bf02a8724ffdd4309bb4e6754d6fb0f6c6acb895d63cda2,19.488351821899414,549.5012154579163,539.5271339416504,298.8591876029968,10223616,505344,505344,1722
cora_node,val,26,26,cora_node:val:000026:47960a5bc95ed3fe,1,4284.178309,4284.26318359375,4131.940309,151.610612,158.1299491226673,43.45937166363001,17.74447876960039,3793.6698496341705,240.7912940979004,3549.9296264648438,121,0,1,66,0,911.2651824951172,232.51708800904453,32.079168036580086,114.38662399351597,33.06540807336569,163.87030410766602,8.017375946044922,62.68380832672119,6.219805717468262,cache_w8a8_m4k2v2,large_h6_n32_s100,47960a5bc95ed3fedb36ceb1169e290cff9559b75c8b9b05ed8874baff01d4eb,19.548351287841797,1662.606910198927,977.6264295578003,929.2446379959583,31719424,1491456,1491456,5166
cora_node,val,27,27,cora_node:val:000027:f45becbe7effa564,1,4040.257915,4040.3349609375,3886.388935,153.419375,120.08390389382839,42.821357026696205,16.745058819651604,3594.689842313528,245.40192031860352,3346.4261474609375,116,0,1,42,0,587.0744953155518,155.55526395328343,20.496064017526805,72.87161595746875,21.422720014117658,170.8602237701416,8.453824162483215,59.6644811630249,6.423391222953796,cache_w8a8_m4k2v2,large_h6_n32_s100,f45becbe7effa5645841682460d17620f32a7cd8b77de8ee97b7fcd07dca084a,19.57574462890625,1593.1411182284355,629.3330535888672,1143.527720272541,30408704,714240,714240,4956
cora_node,val,28,28,cora_node:val:000028:6ded904a1002dc74,1,4639.717363,4639.80908203125,4517.489752,121.770361,152.25745551288128,42.46858600527048,17.624511383473873,4190.667398273945,283.89702224731445,3903.7840576171875,123,0,1,90,0,1227.1931476593018,306.41267166659236,43.90668799635023,153.97983999922872,44.75152007397264,200.61065673828125,10.261695981025696,65.63596820831299,7.388701319694519,cache_w8a8_m4k2v2,large_h6_n32_s100,6ded904a1002dc74077985daa12927c42db514dc520b7b77c67f822af904448a,19.47123146057129,1690.4384655356407,1317.6190090179443,915.1978145241737,32243712,2416128,2416128,5250
cora_node,val,29,29,cora_node:val:000029:07d0144ff3ceb12e,1,4655.197813,4655.287109375,4565.931529,88.799653,137.64891494065523,42.87198279052973,17.85349566489458,4244.517677463591,310.255428314209,3931.247802734375,124,0,1,90,0,1233.421441078186,308.53104003798217,43.66633602138609,154.1355198174715,45.3652161071077,225.23737335205078,11.568031907081604,65.25331211090088,8.19671094417572,cache_w8a8_m4k2v2,large_h6_n32_s100,07d0144ff3ceb12ed7afe426341e99da86f7c32b6c96360aedbb18dac61672ac,19.593408584594727,1703.4981727004051,1324.2576627731323,923.0853758454323,32505856,2219520,2219520,5292
cora_node,val,30,30,cora_node:val:000030:455cba2d7fc3150f,1,4176.541036,4176.61767578125,4087.069659,89.016434,172.16143105179071,43.03496424108744,19.236532039940357,3734.620627015829,294.9450912475586,3436.4794311523438,131,0,1,42,0,587.9731521606445,159.08739209081978,20.574848021380603,73.35366395488381,21.055648053064942,207.61481475830078,10.48473608493805,69.20156860351562,7.643971800804138,cache_w8a8_m4k2v2,large_h6_n32_s100,455cba2d7fc3150f9535d2dc25f18547fd6d70175c3a7617f01985af8e80077a,19.68134307861328,1800.2316447496414,630.1580457687378,1025.7710837125778,34340864,551424,551424,5586
cora_node,val,31,31,cora_node:val:000031:33e8426840fb4795,1,3493.51222,3493.57177734375,3370.92091,122.185589,110.70670746266842,42.586034163832664,12.194829061627388,3117.1020716428757,172.7579860687256,2942.236602783203,83,0,1,66,0,1129.5060892105103,226.5220480300486,31.89846403617412,112.79343993589282,32.59696004725993,119.54652786254883,5.820288002490997,42.84121608734131,4.549954116344452,cache_w8a8_m4k2v2,large_h6_n32_s100,33e8426840fb47951dbfaf92f3cac61b4056a010f9cc6e131f8a054e7ff82e05,19.52227210998535,1146.2152668833733,1195.8126058578491,619.7310021519661,21757952,1634304,1634304,3570
cora_node,val,32,32,cora_node:val:000032:ec041f871f85a7ed,1,3949.249121,3949.318359375,3827.027296,121.799379,154.76081520318985,43.184260837733746,15.80564584583044,3503.620967268944,273.73852920532227,3227.1755981445312,110,0,1,60,0,825.0933132171631,211.1516799107194,29.374144040979445,103.76207983493805,29.91321604140103,198.70495986938477,10.132256031036377,57.593247413635254,7.308065891265869,cache_w8a8_m4k2v2,large_h6_n32_s100,ec041f871f85a7edaf87413f57485fe823e23cef6dd5d3c8bb11f020eba7ecb0,19.56403160095215,1514.8663368225098,885.4188508987427,846.454442024231,28835840,1297920,1297920,4704
cora_node,val,33,33,cora_node:val:000033:d99e6aa72dde8276,1,3470.687902,3470.745849609375,3350.223509,120.082198,127.10406351834536,42.78895817697048,13.641164638102055,3069.278753362596,199.57040405273438,2867.348388671875,94,0,1,60,0,819.9257316589355,204.10556768532842,31.603296097368002,103.21273592859507,29.80102408118546,139.28595161437988,6.824511885643005,48.18185615539551,5.278084397315979,cache_w8a8_m4k2v2,large_h6_n32_s100,d99e6aa72dde8276c03ab9a25648586d719760ca13be233b200b0b5682a4d3c0,19.51683235168457,1295.4202893674374,880.2207021713257,711.2242294847965,24641536,1437696,1437696,4032
cora_node,val,34,34,cora_node:val:000034:c6ac1e55dc429a4f,1,2941.718085,2941.7626953125,2834.99943,106.33725,106.81510902941227,42.61970240622759,12.565718032419682,2584.968608804047,177.27599906921387,2405.481689453125,87,0,1,36,0,505.17760181427,136.4119360372424,17.57680002041161,62.10719994083047,18.099872034974396,121.56294250488281,5.920831978321075,45.15347194671631,4.638752639293671,cache_w8a8_m4k2v2,large_h6_n32_s100,c6ac1e55dc429a4fc1b42124729ffba05ed8394093043e27892433107870aa87,19.57676887512207,1200.6158103048801,541.3100166320801,683.1326313912868,22806528,516096,516096,3738
cora_node,val,35,35,cora_node:val:000035:1da4a13ce5213d4c,1,4262.533714,4262.6083984375,4142.181799,119.909445,154.01181671768427,42.858767323195934,19.308608025312424,3811.8931585922837,316.98016357421875,3491.6543579101562,134,0,1,42,0,577.5167694091797,146.68924796301872,20.356992011889815,72.88492802903056,21.078784036450088,227.1319694519043,11.680768132209778,69.88255977630615,8.284866213798523,cache_w8a8_m4k2v2,large_h6_n32_s100,1da4a13ce5213d4c79c9a0bb38169caf3b45a9be12ecb3ae9d2cd3eac5fec78d,19.600479125976562,1840.7067838013172,620.148609161377,1050.3994440734386,35127296,847872,847872,5712
cora_node,val,36,36,cora_node:val:000036:804a860e7310daa9,1,3603.864228,3603.9228515625,3449.944164,153.520784,114.56760112196207,42.8048949688673,14.59290087223053,3180.317083373666,224.75059127807617,2953.048583984375,101,0,1,54,0,751.0852174758911,197.76854403223842,26.804416032508016,94.16819202899933,27.21728005260229,157.49324798583984,7.850719928741455,53.48918342590332,5.917439937591553,cache_w8a8_m4k2v2,large_h6_n32_s100,804a860e7310daa9550514fc493811a15c565d6849046cd2dc6283336da2b829,19.600223541259766,1392.0152010917664,805.4491834640503,775.1844229698181,26476544,940032,940032,4326
cora_node,val,37,37,cora_node:val:000037:b2b1c0e329a7a543,1,4536.327293,4536.40576171875,4415.930511,119.934896,168.9396519213915,42.89495386183262,19.246303476393223,4067.050514742732,315.73526763916016,3748.138671875,131,0,1,48,0,896.7082567214966,182.43600012362003,23.31750402227044,83.27980803698301,24.081024050712585,226.5923194885254,11.771520137786865,69.12252902984619,8.248898983001709,cache_w8a8_m4k2v2,large_h6_n32_s100,b2b1c0e329a7a54359e24ff662b6ebd70e3b5d674824299b49542416910557d9,19.680511474609375,1800.787232965231,945.0181455612183,1022.0138048231602,34340864,972288,972288,5586
cora_node,val,38,38,cora_node:val:000038:fbe38da1cb98badb,1,3000.929748,3000.972900390625,2847.215468,153.338851,92.1468734741211,42.65633597970009,12.041994370520115,2616.529928520322,202.90198516845703,2411.493377685547,84,0,1,42,0,575.7981414794922,146.10467206314206,20.65395199600607,72.60473597794771,20.942112035118043,146.72960090637207,7.349951863288879,43.338271617889404,5.484160780906677,cache_w8a8_m4k2v2,large_h6_n32_s100,fbe38da1cb98badbd1dd893f4c961fbcfe5afa0e79345cd4be3f0986d0a540de,19.56719970703125,1161.2925442159176,618.0390710830688,651.7289620935917,22020096,847872,847872,3612
cora_node,val,39,39,cora_node:val:000039:8e57a218b861b29b,1,4657.357007,4657.4365234375,4565.806347,91.10443,139.23090882599354,42.62374062091112,17.751047387719154,4245.140874758363,309.8315849304199,3932.2836303710938,124,0,1,90,0,1232.9315509796143,312.62665603589267,43.8666880344972,154.08579193800688,45.138304052874446,224.70620346069336,11.599007844924927,65.31548976898193,8.210883855819702,cache_w8a8_m4k2v2,large_h6_n32_s100,8e57a218b861b29b7aff341dbd5e0899e71177d7377faa87b56f5781093d6fa8,19.513504028320312,1705.4625895917416,1323.7488288879395,922.585715919733,32505856,1953792,1953792,5292
cora_node,val,40,40,cora_node:val:000040:e26e85c190581c32,1,3551.54322,3551.59765625,3444.82394,106.279499,124.69442933797836,42.89902187883854,15.500650741159916,3152.7241496369243,207.5111312866211,2942.5440063476562,108,0,1,42,0,588.2519378662109,154.04380814451724,20.442112020216882,72.9566400051117,21.05404805019498,139.828031539917,6.731232047080994,55.58435249328613,5.367515206336975,cache_w8a8_m4k2v2,large_h6_n32_s100,e26e85c190581c328da2e707ccea0a93e798ad0f39688260df71802a0feb298c,19.634111404418945,1487.1103353500366,630.5746212005615,844.493161201477,28311552,803328,803328,4620
cora_node,val,41,41,cora_node:val:000041:c51927d6be580551,1,3564.984069,3565.037353515625,3411.045584,153.512823,130.28935622423887,42.82915033400059,15.109836123883724,3115.877932868898,238.61804580688477,2874.6498107910156,105,0,1,42,0,584.7774114608765,147.7961280271411,20.440512019209564,73.13967997208238,21.06204805150628,168.24624061584473,8.434687852859497,55.63398456573486,6.303132772445679,cache_w8a8_m4k2v2,large_h6_n32_s100,c51927d6be580551a2ca89f8ad157e5cd90edc5aa008995d56b824f4c4265a1d,19.569055557250977,1446.9835536777973,627.1943063735962,820.0410062968731,27525120,847872,847872,4494
cora_node,val,42,42,cora_node:val:000042:eed68a5f55951b17,1,3917.83132,3917.89208984375,3826.614496,90.798651,144.21979617327452,42.55438782274723,15.886508859694004,3525.022741407156,231.10723495483398,3291.192108154297,110,0,1,48,0,894.0222396850586,173.94527993910015,23.404608013108373,303.11213378980756,24.134720037691295,159.73056030273438,7.870847940444946,57.4683198928833,6.037506818771362,cache_w8a8_m4k2v2,large_h6_n32_s100,eed68a5f55951b1772e17bcc77161073a57922816c32d400283534e33e2ee190,19.456127166748047,1514.7580473721027,942.4235935211182,853.466594427824,28835840,1024512,1024512,4704
cora_node,val,43,43,cora_node:val:000043:6a9ed65042278371,1,786.764642,786.7565307617188,635.853184,150.660613,5.547085776925087,53.336769342422485,0.764789991080761,566.6509447619319,6.347488045692444,559.8993911743164,5,0,1,30,0,430.0225591659546,123.7503360286355,14.585472020320594,51.84275199472904,15.104640026576817,3.8245440125465393,0.16435199975967407,2.1052480041980743,0.25334402918815613,cache_w8a8_m4k2v2,large_h6_n32_s100,6a9ed65042278371752d34ed2b688c311d2a61cfba7dcc956b56f2d3c30a5056,30.475168228149414,89.81900787353516,460.1830406188965,40.37251091003418,1310720,233472,233472,294
cora_node,val,44,44,cora_node:val:000044:a9efee3f3b87a00d,1,3079.107874,3079.148193359375,2974.071311,104.6181,119.66079846024513,42.61001478880644,13.23806494474411,2709.621077403426,191.7993927001953,2515.4938049316406,92,0,1,36,0,507.9188175201416,136.76163219287992,17.519232044927776,62.72419195994735,18.108992028050125,132.8709774017334,6.530303955078125,47.36454391479492,5.033567428588867,cache_w8a8_m4k2v2,large_h6_n32_s100,a9efee3f3b87a00d27cfda590333c4e66b473899ff7538fa4422deefcc9548f5,19.537216186523438,1269.5987827777863,544.1886386871338,721.243599653244,24117248,626688,626688,3948
cora_node,val,45,45,cora_node:val:000045:820a29778817699f,1,3654.622601,3654.67626953125,3500.772858,153.365996,124.17126074433327,43.0946946144104,14.384632930159569,3214.3303100019693,207.25696182250977,3004.574493408203,100,0,1,60,0,823.7912902832031,204.24825601652265,29.13801601435989,105.01497603207827,30.156032031401992,143.16496086120605,7.009215950965881,51.64662265777588,5.436162352561951,cache_w8a8_m4k2v2,large_h6_n32_s100,820a29778817699fe1d35729c80dd568fefbe7fde8c5a544b7b370fe302e03a2,19.755647659301758,1378.5185615420341,884.3337297439575,761.4778497815132,26214400,1437696,1437696,4284
cora_node,val,46,46,cora_node:val:000046:bf80cdbf6da3428c,1,3750.885488,3750.941162109375,3627.988219,122.460061,151.99218969792128,42.67616290599108,17.138772644102573,3307.3562998324633,256.01465606689453,3048.4644470214844,117,0,1,36,0,504.3568630218506,134.801408264786,17.41129601188004,62.74201602488756,18.01676802430302,178.7598705291748,8.889567971229553,61.67484760284424,6.690369963645935,cache_w8a8_m4k2v2,large_h6_n32_s100,bf80cdbf6da3428cc4bbd9edc7ff0d2c68a569c568fe2496c00f2705cb728369,19.486207962036133,1609.7534734010696,540.6495676040649,917.5476139783859,30670848,609792,609792,4998
cora_node,val,47,47,cora_node:val:000047:0afecca2ba063232,1,3237.656153,3237.698486328125,3117.381505,119.860055,90.8840261399746,42.702979408204556,11.902417987585068,2883.0324318259954,173.038911819458,2707.8629455566406,83,0,1,66,0,897.5836143493652,222.44934397097677,31.90249599982053,113.64291193336248,32.803328059613705,119.68956756591797,5.827648043632507,42.96403169631958,4.557664513587952,cache_w8a8_m4k2v2,large_h6_n32_s100,0afecca2ba0632322dff2090f9ffe62098528a0619a6d5794bda25afde60ed8f,19.598079681396484,1146.240480452776,964.0377597808838,617.1827850043774,21757952,1634304,1634304,3570
cora_node,val,48,48,cora_node:val:000048:f2eda85aa4730b7d,1,1747.910361,1747.921630859375,1594.423066,153.192347,49.26350712776184,42.39315167069435,5.144141614437103,1449.1995619609952,80.02966499328613,1368.006820678711,39,0,1,36,0,505.5750102996826,134.93919995706528,17.771488011814654,62.04239999502897,17.987552046775818,54.78528022766113,2.686304062604904,20.404800176620483,2.1532805263996124,cache_w8a8_m4k2v2,large_h6_n32_s100,f2eda85aa4730b7d5152db4e5c739a5c111ebfa6b1747f81495839b4b855f24e,19.483264923095703,549.6719039976597,541.7671031951904,296.0510784089565,10223616,576000,576000,1722
cora_node,val,49,49,cora_node:val:000049:f9db0bb282a0f26d,1,3053.380605,3053.4189453125,2948.552947,104.445417,96.0648637264967,42.77790430933237,12.147295288741589,2709.283221513033,191.97686195373535,2514.9779663085938,92,0,1,36,0,506.85453033447266,136.24550413992256,17.543040020391345,62.22415994852781,18.14233605377376,133.00502586364746,6.5385918617248535,47.39628791809082,5.036956310272217,cache_w8a8_m4k2v2,large_h6_n32_s100,f9db0bb282a0f26deb4dd94192fb6cc10e995f6a403f1200c5074342e9259f58,19.62838363647461,1269.8227521181107,543.0321950912476,721.7514027357101,24117248,626688,626688,3948
cora_node,val,50,50,cora_node:val:000050:136733865ec981c8,1,3837.935809,3837.990234375,3717.339725,120.183555,109.47448760271072,42.884512804448605,13.193980790674686,3447.2605418413877,207.1142692565918,3237.6495666503906,100,0,1,60,0,1060.7865238189697,209.10486393142492,28.816127981059253,104.07811188697815,29.71280005760491,143.06627082824707,7.015008091926575,51.59251117706299,5.440479159355164,cache_w8a8_m4k2v2,large_h6_n32_s100,136733865ec981c834ebf3cd6c226f66dfa2dbd64d0e6fbc4c1894fe9548bd42,19.645631790161133,1378.1541774570942,1121.2143993377686,757.926621645689,26214400,1319424,1319424,4284
cora_node,val,51,51,cora_node:val:000051:386c85b59087d5c1,1,3461.527873,3461.5751953125,3339.146761,121.938769,119.24111936241388,42.423294857144356,12.53778301179409,3062.587027437985,200.13270568847656,2860.0912475585938,94,0,1,60,0,812.6320323944092,201.5700798863545,28.86723201815039,103.09164794534445,29.79315205756575,139.65641593933105,6.8450881242752075,48.35116767883301,5.2800339460372925,cache_w8a8_m4k2v2,large_h6_n32_s100,386c85b59087d5c1920d23250d5c48973873364f8aab3103716dfc5045738d5e,19.513023376464844,1297.0787830352783,873.0299520492554,709.4955358505249,24641536,1437696,1437696,4032
cora_node,val,52,52,cora_node:val:000052:d37007c70ec9a7a6,1,3801.249152,3801.302001953125,3649.526516,151.299773,145.77576145529747,42.45324153453112,15.230486169457436,3342.337254434824,248.08758544921875,3091.41650390625,115,0,1,42,0,589.2058238983154,160.0789441121742,20.305792009457946,72.90182401239872,21.00726403389126,173.35657501220703,8.5971200466156,59.6364803314209,6.49741005897522,cache_w8a8_m4k2v2,large_h6_n32_s100,d37007c70ec9a7a6eb9ef082ccb8c4a765a048e475ab376d1ef6d76fdb3daa0c,19.47644805908203,1582.7614725530148,631.5872631072998,896.5442163050175,30146560,577536,577536,4914
cora_node,val,53,53,cora_node:val:000053:100a45829f4f70fe,1,4252.024976,4252.08642578125,4097.926294,153.650224,131.34607952088118,42.75467433035374,16.037369146943092,3791.8798122555017,241.13151931762695,3547.7522583007812,121,0,1,66,0,909.1789150238037,232.65004807990044,32.019584031775594,113.66262404248118,32.93840004969388,163.98646354675293,7.993759989738464,62.926880836486816,6.224414944648743,cache_w8a8_m4k2v2,large_h6_n32_s100,100a45829f4f70fe6c9ef085f0803a5509b7653bcf788b30c81773573d76639e,19.567264556884766,1664.5589131116867,975.693603515625,927.0670062303543,31719424,1491456,1491456,5166
cora_node,val,54,54,cora_node:val:000054:1dd3915592a8d466,1,3507.334477,3507.379638671875,3416.330347,90.611212,115.67797884345055,43.52632723748684,13.514094054698944,3144.3596966564655,233.78406143188477,2908.0180053710938,103,0,1,48,0,663.9399700164795,169.1926720868796,23.3518720054999,83.07251201570034,24.067360061220825,165.24752044677734,8.235072016716003,54.1199369430542,6.181532025337219,cache_w8a8_m4k2v2,large_h6_n32_s100,1dd3915592a8d466fb61643b26ca9143c8e4a604a6d2f6a7baea2f0de1f35e21,19.50320053100586,1419.7556183338165,712.3373441696167,795.4282433986664,27000832,1044480,1044480,4410
cora_node,val,55,55,cora_node:val:000055:23e56fcfab6d436a,1,4477.767763,4477.83154296875,4324.209059,153.113648,150.22180415689945,43.126173317432404,14.6103510633111,3998.833610676229,242.03200149536133,3753.8380126953125,121,0,1,66,0,897.4837770462036,222.87651222664863,31.983104006387293,113.02572799101472,32.6825280636549,164.5898895263672,8.087936043739319,63.118751525878906,6.2354243993759155,cache_w8a8_m4k2v2,large_h6_n32_s100,23e56fcfab6d436acd42909da08a85f14463ac5d08f67fcb8aae66b34c6bbaa0,19.48873519897461,1665.187682658434,963.8557777404785,1144.2832874953747,31719424,1634304,1634304,5166
cora_node,val,56,56,cora_node:val:000056:c151f9a66a32351a,1,780.206403,780.196533203125,629.193315,150.774443,7.687852717936039,42.35868155956268,0.6576254963874817,569.1023841500282,6.36300802230835,562.3371200561523,5,0,1,30,0,431.8646402359009,124.26457602903247,14.693760027177632,51.947712022811174,15.107584024779499,3.8450559973716736,0.16444800049066544,2.103872001171112,0.24963202327489853,cache_w8a8_m4k2v2,large_h6_n32_s100,c151f9a66a32351ab6f194220d8f27ec42086c69ca743b64ed744b43adf6b587,19.47644805908203,88.88016003370285,462.1102075576782,30.823200523853302,1310720,233472,233472,294
cora_node,val,57,57,cora_node:val:000057:9f73df790656f24f,1,4285.193715,4285.25244140625,4164.459517,120.30022,164.79790210723877,42.81778261065483,16.292939893901348,3826.4616280794144,318.3279685974121,3504.8682250976562,134,0,1,42,0,587.2408018112183,155.65113592892885,20.7738240044564,72.14134402573109,20.956864058971405,228.02950286865234,11.756447792053223,70.25055980682373,8.291458129882812,cache_w8a8_m4k2v2,large_h6_n32_s100,9f73df790656f24fde0f494f61a57314c0d43c3d5dd13f03bf9fc3b4c1cdd6a1,19.620864868164062,1843.6245126724243,629.6477146148682,1051.2168626785278,35127296,775680,775680,5712
cora_node,val,58,58,cora_node:val:000058:0e84393309af431f,1,3598.361428,3598.406005859375,3477.709109,120.245286,112.74645663797855,42.604063637554646,12.5607093796134,3207.1068296208978,230.93990325927734,2973.552215576172,105,0,1,48,0,685.69398021698,189.48259194288403,23.589184020645916,83.66428802907467,24.497120059095323,161.23676681518555,7.920895934104919,55.71971130371094,6.06252920627594,cache_w8a8_m4k2v2,large_h6_n32_s100,0e84393309af431ff31aca0bf20b6a3e432553f78bae4466b8c8e5df0397a96b,19.53433609008789,1446.2183985710144,734.2212467193604,812.646906375885,27525120,718848,718848,4494
cora_node,val,59,59,cora_node:val:000059:7a1a5d6d1b8a27ba,1,4203.0584,4203.1142578125,4111.831459,90.78261,160.81948392093182,42.92740300297737,15.825921669602394,3772.1793623641133,283.600772857666,3485.3975830078125,130,0,1,48,0,659.1031370162964,167.8630080204457,23.229184004478157,82.21375996991992,23.885568050667644,198.60479354858398,10.029247879981995,67.58358383178711,7.383147597312927,cache_w8a8_m4k2v2,large_h6_n32_s100,7a1a5d6d1b8a27ba07e758ab9bd2ea205f3845421fcdb7a2d95ccc2ad120f537,19.638399124145508,1787.0697281062603,707.5447072982788,1010.4215467274189,34078720,1044480,1044480,5544
cora_node,val,60,60,cora_node:val:000060:8515adbde4b51c9f,1,3145.212273,3145.246826171875,2992.102964,152.736487,106.02525807917118,42.61699691414833,10.56940108537674,2743.939431384206,191.33091163635254,2550.3900146484375,87,0,1,48,0,652.7239685058594,163.42851188406348,23.349439999088645,82.65231993794441,24.06572804041207,134.23772811889648,6.616415977478027,45.402527809143066,5.074239730834961,cache_w8a8_m4k2v2,large_h6_n32_s100,8515adbde4b51c9f92d0b0e3262fe10b8a954e7035be2f040182e9e5d2d208a5,19.602336883544922,1202.024193584919,700.9560317993164,667.012126147747,22806528,897024,897024,3738
cora_node,val,61,61,cora_node:val:000061:2ebaa5e613607afa,1,3804.502989,3804.549560546875,3683.981323,120.102532,139.98059835284948,42.65723284333944,14.065560884773731,3375.6630029529333,269.24195098876953,3103.5584106445312,116,0,1,42,0,574.8519372940063,146.3678400106728,20.338624007999897,72.67039996758103,20.852160000242293,192.25430297851562,9.724063992500305,60.14095973968506,7.1226242780685425,cache_w8a8_m4k2v2,large_h6_n32_s100,2ebaa5e613607afac554b845f2a72ffa051fa31539eae898c74059add740ab3c,19.550079345703125,1598.6065917909145,617.0361289978027,907.4657692015171,30408704,847872,847872,4956
cora_node,val,62,62,cora_node:val:000062:7b1323f9de6f884a,1,4520.694469,4520.7548828125,4398.372174,121.905274,349.7886024415493,43.114458210766315,14.612262137234211,3884.461957961321,262.3820457458496,3619.0889892578125,121,0,1,72,0,984.6633930206299,247.4031679118052,34.92259205877781,123.07513610646129,35.74470406956971,183.24886512756348,9.131392121315002,63.13654327392578,6.865245223045349,cache_w8a8_m4k2v2,large_h6_n32_s100,7b1323f9de6f884a62e734806f77ba20f800df04fa59a2325726807c1899956a,19.648895263671875,1664.1591346263885,1057.05046749115,917.5282824039459,31719424,1706496,1706496,5166
cora_node,val,63,63,cora_node:val:000063:026908a977010a0c,1,3069.548499,3069.579833984375,2994.007826,75.162363,102.78599709272385,42.626578360795975,10.53933147341013,2750.225636176765,191.38358306884766,2556.6226806640625,87,0,1,48,0,659.7450876235962,167.67065616883337,23.388000020757318,83.10003202036023,23.941024035215378,134.32438278198242,6.631327986717224,45.35491180419922,5.0729604959487915,cache_w8a8_m4k2v2,large_h6_n32_s100,026908a977010a0cf320de0a85718530404634fc856eea140ec3aad0ee23390e,19.578624725341797,1202.0952964127064,708.0989141464233,666.0070948302746,22806528,1044480,1044480,3738
cora_node,val,64,64,cora_node:val:000064:c5d399c781d32e51,1,4308.44596,4308.5,4188.338328,119.692719,138.09955958276987,42.90793649852276,14.71816934645176,3888.6551512405276,263.01350021362305,3622.6593627929688,121,0,1,72,0,991.7687368392944,254.4535041442141,35.18780803307891,123.3246399872005,35.79059205297381,183.98096084594727,9.105599880218506,63.0666561126709,6.860283374786377,cache_w8a8_m4k2v2,large_h6_n32_s100,c5d399c781d32e51e9fc72934831bf51694c2884e0e49dbc83024497da53d9b3,19.687040328979492,1665.482590943575,1064.2396478652954,912.6241643130779,31719424,1546752,1546752,5166
cora_node,val,65,65,cora_node:val:000065:ee6c009ba17d22c1,1,3172.361567,3172.39453125,3065.630093,106.359092,87.75923866778612,42.976969853043556,10.857054963707924,2841.809334233403,189.28435134887695,2650.221435546875,91,0,1,48,0,665.3869771957397,172.52479998394847,23.28291200194508,82.83254400268197,23.813760035671294,130.0210247039795,6.345376014709473,47.97907257080078,4.938878059387207,cache_w8a8_m4k2v2,large_h6_n32_s100,ee6c009ba17d22c12ae9f6fa7496abf08cb0cbb8408d523ff2616bcfcb0c15ee,19.696672439575195,1256.6637117862701,713.5816679000854,699.6727283000946,23855104,1015296,1015296,3906
cora_node,val,66,66,cora_node:val:000066:8bb1dcc384c1aac6,1,3192.714867,3192.74755859375,3070.313458,122.020519,103.46300154924393,42.5114082172513,11.170932091772556,2831.7713188007474,218.35811233520508,2611.0730590820312,93,0,1,42,0,586.5575981140137,153.70492808986455,20.795392035506666,71.82236800715327,20.899680053815246,156.4876480102539,7.86678409576416,48.16969633102417,5.833983898162842,cache_w8a8_m4k2v2,large_h6_n32_s100,8bb1dcc384c1aac689d3a682b877584f280e0218d3aa1cad116f84b9cc360013,19.51759910583496,1283.6418581306934,628.7790079116821,718.1697921454906,24379392,821760,821760,3990
cora_node,val,67,67,cora_node:val:000067:36d0afd27f51c0d6,1,2532.298038,2532.319091796875,2380.377039,151.580739,65.34824892878532,43.58305502682924,7.0678358897566795,2203.1277241185308,143.95228958129883,2057.5892333984375,58,0,1,42,0,787.5066232681274,146.21430415846407,20.912320001982152,283.4323511645198,20.9719360396266,104.91187286376953,5.260960042476654,29.84595251083374,3.9335041642189026,cache_w8a8_m4k2v2,large_h6_n32_s100,36d0afd27f51c0d6af94d18f3c758cae4bc1bb83e16f84c2306ed35a17732a90,20.505088806152344,807.7858244478703,829.6722574234009,440.6362403333187,15204352,847872,847872,2520
cora_node,val,68,68,cora_node:val:000068:c6709dd1c850965e,1,2896.136305,2896.1640625,2791.256135,104.510673,82.65726547688246,43.34581270813942,10.388701222836971,2570.0639011338353,177.52655792236328,2390.3155822753906,87,0,1,36,0,495.2462434768677,128.2104960596189,17.477088019251823,61.700735937803984,18.023840020410717,121.69356918334961,5.9193920493125916,45.28473615646362,4.628860533237457,cache_w8a8_m4k2v2,large_h6_n32_s100,c6709dd1c850965e74b029c0df10b0d4f040a0ab41e01c2cb7f2f88d930c7e10,19.492095947265625,1201.9374089241028,531.3631048202515,676.507164478302,22806528,651264,651264,3738
cora_node,val,69,69,cora_node:val:000069:ae50c49792f20d5c,1,4132.369947,4132.4189453125,4012.308253,119.634231,144.75056435912848,42.4250103533268,15.699801966547966,3697.166409343481,284.4836769104004,3409.5126953125,130,0,1,42,0,581.133282661438,152.43308815918863,20.44147201348096,72.53427193313837,20.958592062816024,199.4963150024414,10.002560138702393,67.59820747375488,7.386594295501709,cache_w8a8_m4k2v2,large_h6_n32_s100,ae50c49792f20d5c29e1c991eb5c6ba4339fad56aed6bf8a422026ec78ee3a7a,19.515871047973633,1789.8823687136173,623.3518733978271,1015.7943242490292,34078720,723456,723456,5544
cora_node,val,70,70,cora_node:val:000070:81d7e6c93313d581,1,3177.804077,3177.835205078125,3072.850727,104.574146,101.58514883369207,42.7576107904315,10.990290902554989,2834.8686983808875,189.55545616149902,2643.0003662109375,91,0,1,48,0,657.1496934890747,164.77744000963867,23.37158401776105,83.17702398076653,24.056832063011825,130.2094383239746,6.3614078760147095,48.03545570373535,4.949154257774353,cache_w8a8_m4k2v2,large_h6_n32_s100,81d7e6c93313d58160bc20a906256e866d9c9f072cad4a35932e8c69115d8e89,19.614303588867188,1257.2483840286732,705.3599681854248,700.0063175857067,23855104,1044480,1044480,3906
cora_node,val,71,71,cora_node:val:000071:9b28f0b9b5bcbe46,1,3073.750247,3073.778076171875,2922.296327,151.081776,87.36846130341291,42.806435376405716,10.891198180615902,2695.332326926291,192.56192016601562,2500.44287109375,92,0,1,36,0,494.80899143218994,127.99363216012716,17.383168009109795,61.902399979531765,17.90028803423047,133.4002571105957,6.544351935386658,47.56537628173828,5.051934838294983,cache_w8a8_m4k2v2,large_h6_n32_s100,9b28f0b9b5bcbe4688ac17fe6e9b9f903bd7d284fc1b07bb76ce6fa27ec09c49,19.609760284423828,1270.506335169077,530.8503370285034,718.6959591805935,24117248,651264,651264,3948
cora_node,val,72,72,cora_node:val:000072:5f1c67ef6ba927a3,1,4836.956194,4837.0146484375,4747.897688,88.624278,124.75557811558247,42.564596980810165,15.8159164711833,4450.492850504816,277.0602569580078,4170.246032714844,131,0,1,96,0,1324.8857583999634,333.97516794689,47.15574403759092,164.82422386482358,48.108832088299096,191.09305572509766,9.494400024414062,69.28614330291748,7.186657905578613,cache_w8a8_m4k2v2,large_h6_n32_s100,5f1c67ef6ba927a3f00a2a7b5f107ce8c7eccb824aafc9e50b7cfcc394a22979,19.505056381225586,1799.9869412183762,1421.6075220108032,968.15662586689,34340864,2317824,2317824,5586
cora_node,val,73,73,cora_node:val:000073:c96a8cb3c23d2ebd,1,3409.470487,3409.504150390625,3304.765255,104.333555,109.4842255115509,43.01203787326813,10.983248241245747,3057.848514057696,189.71824073791504,2865.8224487304688,91,0,1,48,0,881.0310144424438,173.7415041467175,23.285600021481514,296.0171590298414,23.97587206028402,130.35523223876953,6.364832043647766,48.041855335235596,4.956321120262146,cache_w8a8_m4k2v2,large_h6_n32_s100,c96a8cb3c23d2ebd7c058a3b0322f5486191bbec9a7b604bfbd126a06c12df73,19.693471908569336,1257.1248643696308,929.3814754486084,699.0095808207989,23855104,1016832,1016832,3906
cora_node,val,74,74,cora_node:val:000074:c6bb48fde83f363e,1,2905.830143,2905.855224609375,2798.972991,106.480076,83.92457477748394,42.714592069387436,10.323498398065567,2577.386887744069,177.7637424468994,2397.4004516601562,87,0,1,36,0,503.84339141845703,134.80278388224542,17.41887999791652,61.57663993164897,18.469440031796694,121.82883262634277,5.928160011768341,45.36345624923706,4.643293559551239,cache_w8a8_m4k2v2,large_h6_n32_s100,c6bb48fde83f363e6a4535d1ee2e1476f5bd45b70deb8e0f7ce549ad34ca15e9,19.60748863220215,1201.4775032401085,539.9710731506348,675.5593639016151,22806528,629760,629760,3738
cora_node,val,75,75,cora_node:val:000075:217017cc7a099003,1,3543.712353,3543.74755859375,3468.369052,74.962215,96.29443287849426,42.80518274754286,11.839698068797588,3233.223528601229,234.7606086730957,2995.954833984375,100,0,1,60,0,821.0865278244019,208.83900806680322,29.246816006489098,102.16230401024222,29.860608076676726,168.34415817260742,8.423967957496643,51.72988700866699,6.262595534324646,cache_w8a8_m4k2v2,large_h6_n32_s100,217017cc7a0990038f866ecb937a5181dfba2d213f28bbd14d038bc4d309b1d7,19.600479125976562,1378.9490883946419,881.3028841018677,755.303340613842,26214400,1311744,1311744,4284
cora_node,val,76,76,cora_node:val:000076:4ed09ded048310e2,1,3446.369897,3446.40283203125,3326.061548,119.920278,106.64211306720972,42.92191006243229,11.283857747912407,3067.0306188985705,200.5413475036621,2864.1107177734375,94,0,1,60,0,815.3949136734009,201.6299522491172,29.38204802852124,102.52752001583576,29.98835204076022,139.90556716918945,6.8576319217681885,48.48870372772217,5.2894446849823,cache_w8a8_m4k2v2,large_h6_n32_s100,4ed09ded048310e2699b198a137a7a0f1325f42b925063f4a23df14c1526fd7e,19.659040451049805,1298.9059846103191,875.7660808563232,709.0976927578449,24641536,1437696,1437696,4032
cora_node,val,77,77,cora_node:val:000077:078a87789d32464c,1,4159.819342,4159.8642578125,4007.747347,151.62552,116.99216533452272,42.81981289386749,14.372015371918678,3719.8491021990776,245.88419723510742,3470.9741821289062,121,0,1,60,0,836.2733097076416,220.82236775849015,29.02675201650709,103.25168001651764,30.078432037495077,167.99663925170898,8.301183938980103,63.23884677886963,6.347527265548706,cache_w8a8_m4k2v2,large_h6_n32_s100,078a87789d32464c49d2339c3a878a02cc0f8efef3d2f7f1a52cbadd56318c08,19.63052749633789,1664.7260820567608,896.8917741775513,928.9868533909321,31719424,1061376,1061376,5166
cora_node,val,78,78,cora_node:val:000078:0802b1e4efc34d3c,1,4761.001299,4761.0537109375,4607.323485,153.223524,149.99272488057613,42.47317463159561,16.157655976712704,4279.593549668789,295.9100151062012,3980.4182739257812,134,0,1,60,0,1066.6795110702515,215.02262394316494,29.09884801506996,104.12796799838543,30.06249602138996,207.51139450073242,10.518399953842163,70.15238380432129,7.727836847305298,cache_w8a8_m4k2v2,large_h6_n32_s100,0802b1e4efc34d3cdc8ac96ee509a51109176feb9814960c1db659cb1c594ab1,19.47110366821289,1843.7553580701351,1127.2286319732666,1028.9053875505924,35127296,1021440,1021440,5712
cora_node,val,79,79,cora_node:val:000079:a8ccaa630e27c6d3,1,3650.581025,3650.61572265625,3528.342438,121.821868,111.91235762089491,42.44861472398043,13.491093181073666,3256.3571119681,240.88713455200195,3012.6903686523438,112,0,1,42,0,575.0884122848511,146.06425593513995,20.406464024446905,73.08700795844197,20.928640028461814,167.6076145172119,8.305376052856445,58.66928005218506,6.304863929748535,cache_w8a8_m4k2v2,large_h6_n32_s100,a8ccaa630e27c6d3cd37922d04fe336bdd4cb045bab9a7ca5f22e161795aee22,19.45737648010254,1543.9531535804272,617.1449279785156,871.0496635735035,29360128,847872,847872,4788
cora_node,val,80,80,cora_node:val:000080:c283f9f3e14de01c,1,4199.239517,4199.2822265625,4047.369073,151.44872,116.82517267763615,42.84746665507555,14.4756268709898,3720.7557018846273,245.46105194091797,3472.2891235351562,121,0,1,60,0,840.5209617614746,222.22057630494237,29.315232048742473,102.916479870677,30.143840034492314,167.54863929748535,8.314016103744507,63.240288734436035,6.358107805252075,cache_w8a8_m4k2v2,large_h6_n32_s100,c283f9f3e14de01c85d9c5f0841a5fbd6a1e4be231cfb6a1e60c96b0e9e5da5c,19.615711212158203,1665.7610587477684,900.9582099914551,925.185566008091,31719424,1199616,1199616,5166
cora_node,val,81,81,cora_node:val:000081:9dc72502ddde5f55,1,4630.659505,4630.70849609375,4478.568602,151.646271,131.13088812679052,42.78632253408432,16.38420019298792,4169.774523936212,347.7341423034668,3818.7056274414062,137,0,1,60,0,839.0617322921753,223.42611176799983,29.36969602573663,102.84310392662883,30.49843204114586,252.94537734985352,13.088063955307007,72.67574405670166,9.024956941604614,cache_w8a8_m4k2v2,large_h6_n32_s100,9dc72502ddde5f5583d3a8ef30bf7748c4543c1d7c4aef0e826ecb2f8ccf1c3e,19.643775939941406,1886.6552929580212,899.5326108932495,1052.161499530077,35913728,1104384,1104384,5838
cora_node,val,82,82,cora_node:val:000082:875028971796e85c,1,3980.641365,3980.679443359375,3828.893682,151.326735,118.36803238838911,42.60656330734491,14.456333592534065,3542.197560891509,250.16310119628906,3289.0457763671875,121,0,1,48,0,656.414080619812,165.27120024245232,23.30576001573354,82.38857600092888,23.919072068296373,171.87526321411133,8.477279901504517,63.36022472381592,6.4503333568573,cache_w8a8_m4k2v2,large_h6_n32_s100,875028971796e85c30c8195913fc0829812b4671a5ae70fc00ef9393834eaa81,19.54649543762207,1666.8979834914207,704.9467191696167,936.7475691437721,31719424,1044480,1044480,5166
cora_node,val,83,83,cora_node:val:000083:a95cd742fe124065,1,3107.273892,3107.29736328125,2955.433062,151.464809,94.11171823740005,42.559755966067314,10.217342525720596,2726.059845648706,202.9331512451172,2520.940948486328,85,0,1,48,0,667.1061429977417,174.4082562737167,23.47356802225113,83.30646396800876,24.034176044166088,145.79667282104492,7.25548791885376,44.447391510009766,5.43359899520874,cache_w8a8_m4k2v2,large_h6_n32_s100,a95cd742fe124065830d37900e650e97b5e12ac2d71bdc4d63e060b7124268e8,19.534847259521484,1175.4508189857006,715.3283529281616,649.6966238319874,22282240,927744,927744,3654
cora_node,val,84,84,cora_node:val:000084:a72af0825fde09fd,1,3352.146862,3352.173095703125,3228.176138,123.564006,308.88907611370087,43.0019861087203,11.426793411374092,2779.4471494853497,184.53961753845215,2592.470245361328,96,0,1,36,0,499.3949775695801,131.97478406410664,17.494144016876817,61.94271994754672,18.09580802358687,124.08425521850586,5.956416010856628,49.73299217224121,4.76595413684845,cache_w8a8_m4k2v2,large_h6_n32_s100,a72af0825fde09fd2843eb7bf91523b8e69f4171c63488ec57217d689699a18c,19.65180778503418,1326.4671357572079,535.5975360870361,750.0573813021183,25165824,651264,651264,4116
cora_node,val,85,85,cora_node:val:000085:a53efa2f1ccb1751,1,2866.279619,2866.299072265625,2759.586162,106.336256,95.69989610463381,42.79897082597017,10.099973529577255,2535.5023005977273,173.35836791992188,2359.9573364257812,85,0,1,36,0,504.8507833480835,135.7990719312802,17.62524802889675,62.076544016599655,18.027231998741627,118.75059509277344,5.774720013141632,44.30403232574463,4.5290204882621765,cache_w8a8_m4k2v2,large_h6_n32_s100,a53efa2f1ccb175137f030775eaa44715721e2a5f93224c2e67b3a037f29cf5d,19.577632904052734,1176.4144648313522,540.9928321838379,662.1276723146439,22282240,628224,628224,3654
cora_node,val,86,86,cora_node:val:000086:dfb9d9456ed23535,1,3739.604398,3739.63623046875,3648.018911,91.171709,129.1858395561576,42.54111461341381,13.739428482949734,3356.640919111669,245.21916580200195,3108.5496215820312,116,0,1,42,0,580.6618547439575,152.9667520588264,20.977376021444798,72.04304000735283,20.929568021558225,170.35132789611816,8.416351914405823,60.01548767089844,6.435998320579529,cache_w8a8_m4k2v2,large_h6_n32_s100,dfb9d9456ed23535333e3436bada4fec6d326c5392f7766e52c569e846c22fb1,19.523679733276367,1598.4685086905956,622.8775072097778,906.7272854149342,30408704,694272,694272,4956
cora_node,val,87,87,cora_node:val:000087:b9ab7b5ca517613a,1,2907.259665,2907.27783203125,2784.758573,122.126245,91.7131993919611,42.99385193735361,10.233848355710506,2553.8022564724088,166.41449356079102,2385.1784057617188,86,0,1,36,0,497.1391372680664,128.08287998847663,17.58339200820774,61.90099201723933,18.374688003212214,112.21721458435059,5.41539204120636,44.457823753356934,4.324063181877136,cache_w8a8_m4k2v2,large_h6_n32_s100,b9ab7b5ca517613aa31b9e59969564eee6812ef11e96b4015134dd2c8cb508af,19.636608123779297,1197.5756816267967,533.564416885376,673.6749153733253,22544384,651264,651264,3696
cora_node,val,88,88,cora_node:val:000088:2fbd3d69180d1591,1,4032.35146,4032.387451171875,3878.768419,153.172079,136.6143161430955,42.61832404881716,14.048060402274132,3579.1974337771535,261.31353759765625,3314.9752807617188,117,0,1,54,0,757.65478515625,200.37049631681293,26.421344018541276,92.59107198566198,26.97590405214578,183.5399684906006,9.229728102684021,61.729247093200684,6.8145939111709595,cache_w8a8_m4k2v2,large_h6_n32_s100,2fbd3d69180d15917bb4fde9c264efb7b1faa5fb1c83e0650d48c7a2ebd1d4f1,19.479999542236328,1621.1735028922558,812.3416633605957,900.9401140511036,30670848,1090560,1090560,4998
cora_node,val,89,89,cora_node:val:000089:1d8be33dfb42e14a,1,3698.956938,3698.987548828125,3623.416894,75.141886,129.88172192126513,42.79525764286518,14.01214674115181,3338.4131751954556,262.7522888183594,3072.75830078125,117,0,1,36,0,512.0778245925903,141.98784001823515,17.65200002118945,62.632127936929464,18.155008018948138,184.71158409118652,9.34281599521637,61.84185600280762,6.856032729148865,cache_w8a8_m4k2v2,large_h6_n32_s100,1d8be33dfb42e14a16f49c8e7ebf69e1d4914fdca285907a828f81f1f2df7d94,19.54115104675293,1622.169567167759,548.6398725509644,921.4900121092796,30670848,379392,379392,4998
cora_node,val,90,90,cora_node:val:000090:f002dc9bc2f4d256,1,686.453178,686.4382934570312,613.680701,72.536641,7.5149815529584885,42.50689968466759,0.6289519369602203,552.0485620945692,6.365087985992432,545.2814102172852,5,0,1,30,0,414.73344135284424,108.91055996809155,14.916416023857892,51.55484800413251,14.99968002550304,3.849728047847748,0.1589439995586872,2.107839971780777,0.24857596680521965,cache_w8a8_m4k2v2,large_h6_n32_s100,f002dc9bc2f4d2561e75080b5ea5a7d8292407957c5991d9bf3ac58cb25a7ab3,19.523487091064453,89.42355173826218,445.03654384613037,30.34480172395706,1310720,454656,454656,294
cora_node,val,91,91,cora_node:val:000091:07a59e064014136f,1,3618.997146,3619.0244140625,3467.109469,151.50684,93.37437525391579,42.86062531173229,11.38570811599493,3231.2878854572773,222.0591697692871,3006.7748413085938,97,0,1,48,0,879.0315208435059,174.5623039873317,23.282496015541255,295.22640058398247,23.92467205040157,157.85865783691406,7.812447905540466,50.48697566986084,5.901088356971741,cache_w8a8_m4k2v2,large_h6_n32_s100,07a59e064014136f2a14ad505fa113391963c24915f7e4d311f19f2900ae94ca,19.637792587280273,1348.0376319885254,927.505823135376,750.8691787719727,25427968,903168,903168,4158
cora_node,val,92,92,cora_node:val:000092:9ea1ddaebc3f23ab,1,4039.427027,4039.461669921875,3886.956305,152.054086,107.31727350503206,42.52493940293789,13.245941139757633,3628.37799731642,252.60221099853516,3372.9641723632812,113,0,1,66,0,897.0712327957153,220.14886410254985,32.01584003120661,112.89926393330097,32.94198407419026,178.1861743927002,8.922656059265137,58.85868740081787,6.634693145751953,cache_w8a8_m4k2v2,large_h6_n32_s100,9ea1ddaebc3f23abb11c80325942618f75057d8acfa18871feee10607fbf3716,19.518239974975586,1567.8726089894772,963.7369585037231,860.8728448450565,29622272,1634304,1634304,4830
cora_node,val,93,93,cora_node:val:000093:51cd87a18f541f6d,1,3903.686504,3903.7177734375,3782.929044,120.351143,105.69963231682777,42.777360416948795,13.147713616490364,3536.314674653113,256.9983367919922,3276.5604858398438,111,0,1,60,0,844.207745552063,223.17593587748706,29.59436801634729,104.00972796976566,30.12608005385846,182.66745567321777,9.194368124008179,58.37532711029053,6.761185884475708,cache_w8a8_m4k2v2,large_h6_n32_s100,51cd87a18f541f6dc73cb58c106b8fa8d3fceb4111eeca68b2c024fa2af931b2,19.612319946289062,1540.7101780474186,904.7668180465698,850.6958096921444,29097984,1245696,1245696,4746
cora_node,val,94,94,cora_node:val:000094:e9ddb1f97d373af3,1,3869.597461,3869.627685546875,3748.981306,120.218021,107.82515071332455,42.76793636381626,13.150992803275585,3499.7849576175213,270.1936950683594,3226.8128051757812,112,0,1,54,0,772.0047330856323,207.72598407417536,26.59980801027268,94.45801595970988,27.20268808864057,194.51318359375,9.885055899620056,58.64412879943848,7.151326775550842,cache_w8a8_m4k2v2,large_h6_n32_s100,e9ddb1f97d373af39de94bd3cd19694399f1247eb2dbc147743230d975cbf572,19.57414436340332,1554.5564177930355,826.6616306304932,865.1689011156559,29360128,1150464,1150464,4788
cora_node,val,95,95,cora_node:val:000095:d42f507d49466bac,1,703.059685,703.045654296875,612.41151,90.415023,5.112737417221069,42.476714588701725,0.6101522594690323,552.9382051900029,6.359264135360718,546.1685791015625,5,0,1,30,0,415.58985805511475,109.20521589089185,14.44083200674504,51.79289599880576,15.04806403350085,3.8471360206604004,0.15772799775004387,2.1060480177402496,0.24835209921002388,cache_w8a8_m4k2v2,large_h6_n32_s100,d42f507d49466bac939cb614f59589a54a51f8727ae7aaa4f315fcae97c74e81,19.50873565673828,89.37724795937538,445.9187536239624,30.381313174962997,1310720,454656,454656,294
cora_node,val,96,96,cora_node:val:000096:8917da828400d351,1,3458.959509,3458.984375,3305.092249,153.4895,95.99118493497372,42.72498283535242,11.669069528579712,3081.7249258980155,211.92892837524414,2867.285369873047,100,0,1,48,0,674.2718410491943,179.14092783723027,23.518176021054387,83.57657603174448,24.143616028130054,147.4484462738037,7.248095870018005,51.65331172943115,5.579074501991272,cache_w8a8_m4k2v2,large_h6_n32_s100,8917da828400d3511581b395aa9fc16ca8cc7cc63971d1cdd0e85c20f1aab521,19.582496643066406,1389.681058049202,722.8082246780396,774.3785837888718,26214400,781824,781824,4284
cora_node,val,97,97,cora_node:val:000097:977a48aef241a2eb,1,3873.500492,3873.529541015625,3797.94627,75.150478,110.77295336872339,42.73282364010811,13.735638000071049,3546.379005536437,261.57190322875977,3281.906982421875,117,0,1,36,0,719.1166467666626,136.74979202542454,17.440608019009233,276.63927168399096,18.038272035308182,183.94934272766113,9.163103938102722,61.600159645080566,6.859296917915344,cache_w8a8_m4k2v2,large_h6_n32_s100,977a48aef241a2eb730abe705b1e63f1f8ee65a429eaf4789505bf34a8e8762b,19.576608657836914,1622.8537604808807,755.6214723587036,923.0083582401276,30670848,516096,516096,4998
cora_node,val,98,98,cora_node:val:000098:0b00f6b3c2d5baa9,1,765.433238,765.4203491210938,612.315783,152.874933,5.062862299382687,42.42281801998615,0.667954795062542,552.2120362147689,6.3710081577301025,545.4405364990234,5,0,1,30,0,414.7820472717285,108.68848009128124,14.409952012822032,51.79123201966286,15.334432025440037,3.854431986808777,0.16755199991166592,2.0997760593891144,0.2492481116205454,cache_w8a8_m4k2v2,large_h6_n32_s100,0b00f6b3c2d5baa97817df80491405386bd2d302f472d7558ed130dccbec0e39,19.460800170898438,89.43468797206879,445.12271785736084,30.34393084049225,1310720,454656,454656,294
cora_node,val,99,99,cora_node:val:000099:9ec0a19cc7855b02,1,3422.193426,3422.217041015625,3270.318551,151.48689,96.2240556254983,42.55600646138191,11.911703273653984,3037.357572466135,215.35091400146484,2819.443603515625,102,0,1,42,0,582.9396457672119,151.4000320415944,21.023711973801255,72.80863996595144,21.114016031846404,149.32070350646973,7.358912110328674,53.03148937225342,5.639809012413025,cache_w8a8_m4k2v2,large_h6_n32_s100,9ec0a19cc7855b029680430442286104eb10b82b0f3ed6032a934a1923c70dc7,19.584224700927734,1417.2295356988907,625.4024324417114,796.3958600759506,26738688,655872,655872,4368
cora_node,test,100,0,cora_node:test:000000:591f793d8d0fdfa0,1,3513.267657,3513.248046875,3392.204572,120.524666,757.4861850589514,47.59367275983095,9.974895045161247,2498.077037744224,167.02230644226074,2328.68701171875,81,0,1,36,0,557.8102340698242,133.79721604008228,17.732032027095556,62.741376012563705,18.307776054367423,114.55459213256836,5.559775948524475,42.25209617614746,4.655842185020447,cache_w8a8_m4k2v2,large_h6_n32_s100,591f793d8d0fdfa0022620d850c0d1e1a68fd2531c1b1c79fd64eedab4e0af20,21.3756160736084,1119.9059849083424,594.1892518997192,635.9673909842968,21233664,651264,651264,3486
cora_node,test,101,1,cora_node:test:000001:f5bda51a58e4ba59,1,739.297596,739.2830810546875,620.182053,118.889977,5.595223978161812,53.59823442995548,0.6757453083992004,549.4736600667238,6.367295980453491,542.7041549682617,5,0,1,30,0,412.89718437194824,108.72940797824413,14.456992004066706,51.828320026397705,14.923200017772615,3.8505919575691223,0.16768000088632107,2.0986559987068176,0.2503680232912302,cache_w8a8_m4k2v2,large_h6_n32_s100,f5bda51a58e4ba59f5513a179377766e2e4b263388b0033a34196d00855e6e6c,30.70345687866211,88.98070415854454,443.06604862213135,41.36085906624794,1310720,454656,454656,294
cora_node,test,102,2,cora_node:test:000002:f7052ed1d2503a96,1,4828.417651,4828.45703125,4737.032058,90.951835,283.1999156624079,43.553777039051056,15.739336609840393,4278.529190458357,293.0987243652344,3982.16796875,132,0,1,78,0,1109.059006690979,301.0119039500132,39.05737605690956,134.64345602318645,39.50352009665221,205.799072265625,10.387327909469604,69.2552318572998,7.657092332839966,cache_w8a8_m4k2v2,large_h6_n32_s100,f7052ed1d2503a96085b008de56da097c196eeebbee829ef7c29e9fb68b13bde,19.633087158203125,1814.0209938883781,1187.8180170059204,999.9620450139046,34603008,1718784,1718784,5628
cora_node,test,103,3,cora_node:test:000003:f60857b4fc1d3505,1,3574.175983,3574.196533203125,3467.446027,106.307967,129.70677483826876,42.880755849182606,13.217656873166561,3178.677309304476,242.06659317016602,2933.796844482422,112,0,1,36,0,497.7536630630493,132.3161920402199,17.379104000516236,62.427936002612114,18.16608001291752,169.0887680053711,8.371871948242188,58.24201679229736,6.363936424255371,cache_w8a8_m4k2v2,large_h6_n32_s100,f60857b4fc1d3505976fc3d5b592c4270b549e5964ba232234a71228e0a12b02,19.62575912475586,1541.5661132335663,533.9205446243286,877.9359457492828,29360128,357888,357888,4788
cora_node,test,104,4,cora_node:test:000004:d1bcb069a2640c4f,1,4569.214194,4569.24755859375,4448.433779,120.336719,160.56725662201643,42.75830648839474,15.451795421540737,4115.644139237702,340.9600028991699,3771.4827880859375,130,0,1,48,0,942.3773136138916,183.95276809856296,290.8533047102392,82.4762560017407,24.08374405372888,254.06898498535156,11.315360069274902,67.35772895812988,8.217928886413574,cache_w8a8_m4k2v2,large_h6_n32_s100,d1bcb069a2640c4f0767804e669ede82d6d78d2d79f915a74a373f45fb5f0416,19.561952590942383,1787.6011206805706,990.721565246582,1012.7220547497272,34078720,754176,754176,5544
cora_node,test,105,5,cora_node:test:000005:f165e6f377dcd20f,1,744.00929,743.9950561523438,622.382938,121.399744,5.978003144264221,53.02863381803036,0.6348118185997009,551.1655807495117,6.350912094116211,544.4059829711914,5,0,1,30,0,414.59980964660645,109.42601612303406,14.5294399978593,51.62364801764488,14.90924802608788,3.828447997570038,0.162176001816988,2.1109119653701782,0.24937612935900688,cache_w8a8_m4k2v2,large_h6_n32_s100,f165e6f377dcd20f60d978cade2ea20ae90d0be80d6be6884c8e2a9319e8b432,19.756256103515625,88.91907173395157,444.7408638000488,30.502303540706635,1310720,454656,454656,294
cora_node,test,106,6,cora_node:test:000006:b4527dcf7a8911e1,1,4726.062629,4726.09765625,4636.573378,89.052491,145.58946527540684,43.04348211735487,15.87719190865755,4318.450096994638,286.67834091186523,4028.4385986328125,136,0,1,78,0,1071.5257940292358,271.11801611538976,38.30876800138503,134.83513610064983,38.740736056119204,198.4139175415039,9.9617919921875,70.82736015319824,7.475271224975586,cache_w8a8_m4k2v2,large_h6_n32_s100,b4527dcf7a8911e1acfeee43cb90c69c71560fafdb0bbb04488ae7cfc88a5af3,19.684064865112305,1869.2306232750416,1150.166784286499,1028.7252559363842,35651584,1887744,1887744,5796
cora_node,test,107,7,cora_node:test:000007:b08752da8affca88,1,3661.795088,3661.814453125,3554.877808,106.478247,136.3506754860282,42.910861782729626,13.295254670083523,3260.174526832998,253.68335723876953,3003.7071838378906,111,0,1,42,0,587.8647661209106,154.4574079476297,20.711936013773084,73.2782719284296,21.066336024552584,179.63791847229004,9.09328007698059,58.260287284851074,6.691871404647827,cache_w8a8_m4k2v2,large_h6_n32_s100,b08752da8affca88c34bdaa41bde05a1a00f04bb24043537355053d3963a661b,19.666976928710938,1528.4464635849,630.2508754730225,864.6768217086792,29097984,809472,809472,4746
cora_node,test,108,8,cora_node:test:000008:e89dbf3cd4ac2047,1,4675.235762,4675.26904296875,4585.466971,89.328256,161.99479904025793,42.76924580335617,15.695433132350445,4248.82463272661,294.8238754272461,3950.7517700195312,132,0,1,78,0,1078.7000350952148,278.3795839389786,37.95078402198851,134.35017601400614,38.64742404129356,207.13619232177734,10.432831883430481,69.56921672821045,7.68563449382782,cache_w8a8_m4k2v2,large_h6_n32_s100,e89dbf3cd4ac20479bd19220957e9f3af9cd195ed06619077162aac480fee43b,19.555967330932617,1815.4491854310036,1157.132734298706,997.7258176207542,34603008,1890816,1890816,5628
cora_node,test,109,9,cora_node:test:000009:ab66c8078451ec2b,1,2758.650758,2758.660400390625,2604.90561,153.402733,84.67634487897158,42.899372056126595,9.164868853986263,2394.7985395789146,164.21558380126953,2228.6198120117188,75,0,1,42,0,590.3597755432129,161.4101120987907,20.507744006812572,72.07427194342017,20.966048044152558,115.08780860900879,5.653728008270264,39.11516857147217,4.3588786125183105,cache_w8a8_m4k2v2,large_h6_n32_s100,ab66c8078451ec2bbe52deb9ca276a04ed3597cb37c678268e919fd400cb3469,19.61907196044922,1038.748318463564,632.5676145553589,576.9229509532452,19660800,571392,571392,3234
cora_node,test,110,10,cora_node:test:000010:c47a77ce49645756,1,4246.353798,4246.38134765625,4094.506408,151.424635,130.69622311741114,42.823649011552334,13.689419254660606,3797.8832460939884,245.5074234008789,3549.4805908203125,115,0,1,60,0,1045.1359930038452,217.0011201640591,29.617920031771064,103.71625600010157,30.03916804585606,170.90915298461914,8.47654402256012,59.66707229614258,6.454654097557068,cache_w8a8_m4k2v2,large_h6_n32_s100,c47a77ce49645756abd3131d3961cb42aaf20d1e2a9c56c657f454637663130b,19.617599487304688,1583.4956825375557,1105.618016242981,879.9844915270805,30146560,1145856,1145856,4914
cora_node,test,111,11,cora_node:test:000011:f018ab61eb3ac9ee,1,4013.89535,4013.91943359375,3862.059702,151.409954,110.70199869573116,42.88836382329464,13.76146636903286,3586.6899909451604,247.27340698242188,3336.54052734375,115,0,1,60,0,834.6529912948608,218.45865605212748,29.27683201339096,103.0834559649229,30.32806405890733,172.52863693237305,8.65228807926178,59.66511917114258,6.42736279964447,cache_w8a8_m4k2v2,large_h6_n32_s100,f018ab61eb3ac9ee1ba31cac3b87d677c6d37f80b09919becef2b5d8edfab51e,19.5548152923584,1582.599902331829,895.1588468551636,878.3365934491158,30146560,1265664,1265664,4914
cora_node,test,112,12,cora_node:test:000012:6f8529ccb424b529,1,4004.187375,4004.20947265625,3883.700187,120.077639,132.93343875557184,42.80070960521698,13.91477882862091,3590.5408393591642,290.09400939941406,3297.5088500976562,117,0,1,54,0,752.2194271087646,198.58947214484215,26.275520001538098,92.30144004151225,27.155392066575587,209.62985610961914,10.918336033821106,61.83900833129883,7.706808924674988,cache_w8a8_m4k2v2,large_h6_n32_s100,6f8529ccb424b52901295fff7ef01aadbd83fccbc3d17fb29878bccb4d0af425,19.581056594848633,1610.406719893217,806.7375373840332,899.9456494152546,30670848,1069056,1069056,4998
cora_node,test,113,13,cora_node:test:000013:eb3cfbe43dd276bf,1,3054.734956,3054.74609375,2981.038726,73.319341,91.08787216246128,42.83287934958935,11.50432787835598,2745.410851202905,201.6107177734375,2541.4006958007812,94,0,1,36,0,492.76880073547363,126.7908800104633,17.678207986988127,61.49417595565319,17.857120015658438,140.93350219726562,6.952415943145752,48.393919944763184,5.3308796882629395,cache_w8a8_m4k2v2,large_h6_n32_s100,eb3cfbe43dd276bf8a8967726ad975c9e229b6e9664c253b0219c5b36393565d,19.61257553100586,1297.8410247564316,528.9531526565552,734.2190939188004,24641536,651264,651264,4032
cora_node,test,114,14,cora_node:test:000014:363cde383cda7c17,1,3035.300258,3035.311279296875,2961.888844,73.035166,101.82418767362833,42.54778381437063,11.070013977587223,2716.655912809074,225.43590927124023,2488.881866455078,91,0,1,36,0,504.8149137496948,136.38451194297522,17.46812802180648,61.969216015189886,18.313568031415343,162.95964813232422,8.21830403804779,48.20700740814209,6.050949692726135,cache_w8a8_m4k2v2,large_h6_n32_s100,363cde383cda7c17123c99c3d3e3a9b1c0fa132f5b107f8abdadc884b74eb847,19.534944534301758,1256.8135345876217,541.1648635864258,710.4384128153324,23855104,511488,511488,3906
cora_node,test,115,15,cora_node:test:000015:02876f4da0e722c1,1,3838.1013,3838.121337890625,3764.397347,73.296965,130.31599204987288,42.665768414735794,13.885276392102242,3475.5500787869096,268.3432960510254,3204.2933959960938,117,0,1,48,0,657.8696031570435,167.03465594630688,23.296832017600536,82.28851202875376,23.885632048361003,189.8760643005371,9.613632082939148,61.862144470214844,6.9914551973342896,cache_w8a8_m4k2v2,large_h6_n32_s100,02876f4da0e722c175e1ac7b20b7822cc3e4c8ed3e30a5b442ec6776727e2129,19.547584533691406,1611.3649621605873,706.3310089111328,906.145009458065,30670848,1044480,1044480,4998
cora_node,test,116,16,cora_node:test:000016:6069fd616a523223,1,1203.831545,1203.821533203125,1083.583451,120.003152,20.48229891806841,42.38441865891218,0.9664678946137428,1007.9822149127722,13.262495994567871,994.256591796875,8,0,1,42,0,799.4490900039673,161.86060807481408,20.32556799799204,72.76076800376177,20.980800016783178,9.00876796245575,0.44361599534749985,3.3733760118484497,0.436736024916172,cache_w8a8_m4k2v2,large_h6_n32_s100,6069fd616a523223e891d195cbefe1b386bbda4f0cc19d8c6cd80989407b113f,19.51024055480957,129.59779247641563,841.7771787643433,42.391861110925674,2097152,574464,574464,420
cora_node,test,117,17,cora_node:test:000017:4ff2f90ec23d8af5,1,738.835125,738.8197631835938,619.094526,119.518443,5.775724537670612,53.08508034795523,0.6282413378357887,549.1025084629655,6.345567941665649,542.3666839599609,5,0,1,30,0,412.5361280441284,108.57244784384966,14.409280008636415,51.380319979041815,14.859904006123543,3.8263359665870667,0.17091199941933155,2.102400004863739,0.2459199707955122,cache_w8a8_m4k2v2,large_h6_n32_s100,4ff2f90ec23d8af522388fa660c38c8d006734ffeca383bc78d85ea9119741fa,30.22015953063965,88.9883519411087,442.7120313644409,40.886460185050964,1310720,454656,454656,294
cora_node,test,118,18,cora_node:test:000018:03f02500890114c9,1,3861.801202,3861.8212890625,3707.9601,153.433936,111.50229535996914,42.54720639437437,13.56544066220522,3434.2134464532137,239.47843170166016,3191.8505859375,116,0,1,48,0,665.5617609024048,174.3071361463517,23.27238399721682,82.81968002021313,24.170880052261055,165.0511360168457,8.13859212398529,60.04764747619629,6.2410560846328735,cache_w8a8_m4k2v2,large_h6_n32_s100,03f02500890114c90e16ee00cdd403841a756a262a72bc87100550fdaa7d7bd3,19.477855682373047,1597.814270734787,713.9036178588867,899.6105530261993,30408704,909312,909312,4956
cora_node,test,119,19,cora_node:test:000019:1ab72c47ae4ec130,1,3638.675386,3638.691650390625,3518.310856,119.93003,107.3610344901681,42.85461641848087,13.145009987056255,3250.7698331028223,250.9683837890625,2997.0120239257812,111,0,1,42,0,579.2947196960449,148.2332800962031,20.398112018592656,73.160480029881,20.8996800519526,177.1398696899414,8.850592017173767,58.34028720855713,6.637634873390198,cache_w8a8_m4k2v2,large_h6_n32_s100,1ab72c47ae4ec1309e6cadfd47b6a739a72940f3e89bc4e5b5119edb0d4fa734,19.608863830566406,1529.6092143654823,621.6158065795898,865.3958668112755,29097984,847872,847872,4746
cora_node,test,120,20,cora_node:test:000020:1e802d7d5eb26414,1,3660.091666,3660.108642578125,3586.375511,73.299955,122.28162307292223,42.82035119831562,13.101686723530293,3308.7025498971343,237.4906883239746,3068.4625854492188,110,0,1,48,0,674.4424619674683,184.41567990090698,23.30863999761641,82.5289919860661,24.027136058546603,165.48969650268555,8.12121593952179,57.631136894226074,6.248638987541199,cache_w8a8_m4k2v2,large_h6_n32_s100,1e802d7d5eb26414366f01b98266b49b51f3995980e478363b36ab89beec570f,19.645408630371094,1515.1092151105404,722.742527961731,850.2562510073185,28835840,622080,622080,4704
cora_node,test,121,21,cora_node:test:000021:828e1beafe91be05,1,4643.606481,4643.63330078125,4553.868547,89.27924,127.60863825678825,42.931389063596725,15.413133427500725,4252.741191536188,293.5889892578125,3955.896240234375,132,0,1,78,0,1082.951325416565,282.3765120357275,37.95619202032685,133.73001599684358,38.691136069595814,206.01123428344727,10.48912000656128,69.42204856872559,7.666586399078369,cache_w8a8_m4k2v2,large_h6_n32_s100,828e1beafe91be05a0a851856dfa3de20e9ad90a6d3327d9efaaf5eb8d5d159b,19.643840789794922,1815.2967380583286,1161.6110105514526,998.6323324143887,34603008,1721856,1721856,5628
cora_node,test,122,22,cora_node:test:000022:25e0a6543b466312,1,4098.025581,4098.04638671875,3946.33408,151.268538,127.54171248525381,42.85764694213867,13.911401852965355,3654.030116274953,267.15954971313477,3383.9052124023438,119,0,1,42,0,791.2568578720093,146.83788798656315,20.29996800981462,287.31306318193674,20.873792042955756,187.3265609741211,9.460000038146973,63.40620803833008,6.966780662536621,cache_w8a8_m4k2v2,large_h6_n32_s100,25e0a6543b466312d83986b2a272a3bed4cd24e3c656d51202b8a30b63a57026,19.632736206054688,1639.7440952658653,833.5868539810181,930.206999361515,31195136,847872,847872,5082
cora_node,test,123,23,cora_node:test:000023:97566c0bd87a59a1,1,3288.471034,3288.481201171875,3136.794965,151.238249,92.05450024455786,42.57520753890276,11.490418575704098,2892.7627485245466,214.88605117797852,2675.4346313476562,96,0,1,42,0,581.6710710525513,152.93171196151525,20.44368000421673,72.67728003114462,20.935328050516546,151.84809494018555,7.551904082298279,49.768320083618164,5.717732071876526,cache_w8a8_m4k2v2,large_h6_n32_s100,97566c0bd87a59a1a0f1477990c8c008b9a3ecdb30d42018bacaa822de5621e6,19.538848876953125,1325.2750710248947,623.9071063995361,745.7913028001785,25165824,723456,723456,4116
cora_node,test,124,24,cora_node:test:000024:114f8c407a998878,1,3685.750639,3685.76513671875,3532.22268,153.110517,120.16844656318426,42.787239886820316,12.851539999246597,3248.3792677521706,249.9575958251953,2995.729766845703,107,0,1,48,0,664.2196788787842,173.52291202638298,23.318144009448588,82.65244797617197,23.92998403403908,178.43247985839844,9.046079874038696,55.86291217803955,6.616123914718628,cache_w8a8_m4k2v2,large_h6_n32_s100,114f8c407a99887828067947db8724228784b56753e52460e51d8f863716c23e,19.57980728149414,1474.903234899044,712.7261772155762,827.6801620125771,28049408,901632,901632,4578
cora_node,test,125,25,cora_node:test:000025:2200e034534d3c42,1,4018.477568,4018.49609375,3866.844275,151.207104,129.86806873232126,42.70109627395868,13.647031038999557,3572.228232398629,246.5925750732422,3322.760498046875,115,0,1,60,0,821.493218421936,205.55030415859073,29.41648003552109,103.76230397075415,29.787488030269742,171.94349098205566,8.56060791015625,59.64064025878906,6.447835922241211,cache_w8a8_m4k2v2,large_h6_n32_s100,2200e034534d3c42f25ee6dd743174de841f4ce761ce7b4f3545e0def380af81,19.557279586791992,1582.153376698494,882.1584339141846,878.0059670209885,30146560,1437696,1437696,4914
cora_node,test,126,26,cora_node:test:000026:41b7549a780af99c,1,2587.993553,2587.995849609375,2483.063039,104.575701,69.84454579651356,42.830752208828926,8.56779795140028,2289.1448121517897,146.23676681518555,2141.0169067382812,71,0,1,42,0,588.5032663345337,154.72182406205684,20.426368013955653,73.24835190922022,21.180000038817525,100.54998397827148,4.895551979541779,36.94758367538452,3.8436471819877625,cache_w8a8_m4k2v2,large_h6_n32_s100,41b7549a780af99cc892a548446a38a5a781706c736245a1882854fb3194e273,19.611839294433594,985.1381431519985,630.8888635635376,544.6017393171787,18612224,811008,811008,3066
cora_node,test,127,27,cora_node:test:000027:d34f1fcd393664f9,1,4217.183524,4217.20361328125,4127.609539,89.065168,147.0424784347415,42.87043586373329,15.51925390958786,3800.8927116170526,291.0333442687988,3506.6182861328125,131,0,1,48,0,657.6820478439331,167.009215968661,23.23052802029997,83.05987203121185,23.784448059275746,203.72383880615234,10.46835196018219,69.25727844238281,7.583875060081482,cache_w8a8_m4k2v2,large_h6_n32_s100,d34f1fcd393664f9b9f1fd01e090bf191261bfdbcc5634ed5de58a755458630c,19.658720016479492,1801.513855367899,706.0455350875854,1018.7176156938076,34340864,1044480,1044480,5586
cora_node,test,128,28,cora_node:test:000028:38a8253d2bbff4c5,1,4119.475118,4119.49365234375,3967.904301,151.164446,121.17389868944883,42.87286289036274,13.05516716092825,3682.7991595491767,244.4620475769043,3435.6085205078125,109,0,1,60,0,1061.015685081482,225.73100823909044,244.25484665762633,103.67551991716027,30.008960065431893,171.90326499938965,8.60588800907135,57.561344146728516,6.391550421714783,cache_w8a8_m4k2v2,large_h6_n32_s100,38a8253d2bbff4c58bf10dde6cd360879c0cdb0432d16aecc506e9809d8c9fc9,19.652639389038086,1501.9696632623672,1121.5197105407715,831.7717860937119,28573696,1167360,1167360,4662
cora_node,test,129,29,cora_node:test:000029:89e5da18ecd90ce2,1,3644.948699,3644.961669921875,3539.940021,104.592248,122.75043968111277,42.53067262470722,13.251639902591705,3260.2219926193357,253.63241577148438,3003.8021545410156,111,0,1,42,0,586.9911689758301,154.39183996617794,20.660831979475915,72.71071991696954,20.999488038942218,179.42614555358887,9.130975842475891,58.38425636291504,6.691038012504578,cache_w8a8_m4k2v2,large_h6_n32_s100,89e5da18ecd90ce22e294724445c761c20f1c18022fd24d4945c92ac9f92c1c8,19.531967163085938,1529.6371545493603,629.3410501480103,864.355917006731,29097984,811008,811008,4746
cora_node,test,130,30,cora_node:test:000030:b4230da6af8ab4b0,1,2777.307924,2777.3115234375,2623.638289,153.305268,86.33068110793829,42.5818832591176,9.647111408412457,2405.1173143088818,161.22454452514648,2241.8154296875,80,0,1,36,0,496.7624320983887,128.3346561519429,17.691679996438324,62.11206394433975,17.973568031564355,110.67001533508301,5.4053760170936584,40.92089605331421,4.228257119655609,cache_w8a8_m4k2v2,large_h6_n32_s100,b4230da6af8ab4b0c2abbe7871b35bab409d36569e0a319cbf8673a817545788,19.473535537719727,1106.293214082718,532.9546890258789,622.0410621166229,20971520,651264,651264,3444
cora_node,test,131,31,cora_node:test:000031:a479800ea05e7f5d,1,953.146907,953.1326293945312,879.982146,72.924646,9.085636585950851,42.30549652129412,0.995921902358532,805.8895980939269,13.255583763122559,792.1797027587891,8,0,1,42,0,597.5581140518188,168.03139217197895,20.511520016938448,72.90569599345326,21.340448036789894,9.005024075508118,0.44409599900245667,3.371007978916168,0.43545570969581604,cache_w8a8_m4k2v2,large_h6_n32_s100,a479800ea05e7f5df7ded645c425d045f8e7e66f19a9ddb55a5f7ad06c9fede4,19.457504272460938,129.56646412611008,639.7686100006104,42.30213290452957,2097152,430080,430080,420
cora_node,test,132,32,cora_node:test:000032:8dfcd92f31eeb98f,1,3750.04711,3750.060546875,3596.258614,153.372003,121.66603747755289,42.64288116246462,13.147765770554543,3317.3993611708283,238.83200073242188,3075.803436279297,110,0,1,48,0,679.6621160507202,182.36851177550852,23.544384048320353,82.8240319788456,24.436768057756126,166.5441608428955,8.323935985565186,57.706783294677734,6.257120609283447,cache_w8a8_m4k2v2,large_h6_n32_s100,8dfcd92f31eeb98f21a841866a5c30bc1816f14125094a71539a11bdc80dbb20,19.55683135986328,1515.0204158127308,727.9650917053223,852.3747601211071,28835840,987648,987648,4704
cora_node,test,133,33,cora_node:test:000033:019809f6b9b9a6ed,1,2655.050847,2655.052490234375,2501.332844,153.364433,82.6647486537695,42.58370213210583,9.021462872624397,2294.5833541452885,176.5516471862793,2116.0823364257812,74,0,1,36,0,497.48652744293213,128.8564160093665,17.820160012692213,62.00489603355527,17.997568015940487,127.06537628173828,6.337055921554565,38.386783599853516,4.762431383132935,cache_w8a8_m4k2v2,large_h6_n32_s100,019809f6b9b9a6ed7c7314b47cf1c9ccecf4cd2947e72953d9eaa6431f1cb238,19.531232833862305,1025.9091505110264,533.708607673645,575.9958110749722,19398656,651264,651264,3192
cora_node,test,134,34,cora_node:test:000034:1559b2c28c29c445,1,1920.134031,1920.1282958984375,1768.601914,151.225898,50.86734052747488,42.704164050519466,5.461369641125202,1612.4672461301088,113.72131156921387,1497.4258880615234,45,0,1,36,0,505.75686168670654,135.83910394180566,17.638176010921597,61.98585598543286,18.056960039772093,82.7112627029419,4.179072022438049,23.711584329605103,3.119392514228821,cache_w8a8_m4k2v2,large_h6_n32_s100,1559b2c28c29c4454f477d3c20d42e3bb12b33bff9b9c9c661fec282c73fc8f2,19.582239151000977,631.525826126337,542.0496339797974,343.43266710639,11796480,606720,606720,1974
cora_node,test,135,35,cora_node:test:000035:b10d80a8733fa24b,1,4902.094606,4902.1181640625,4779.25095,122.341089,126.19283143430948,42.99857933074236,15.387164428830147,4476.701379753649,318.3260154724121,4155.119812011719,132,0,1,78,0,1284.07523727417,266.80214412976056,38.24860800616443,134.57356805354357,38.81184009090066,228.8069725036621,11.634016156196594,69.5919361114502,8.29309070110321,cache_w8a8_m4k2v2,large_h6_n32_s100,b10d80a8733fa24b0951513368460e177905615dd89394f2bd30fed0634ddc30,19.67203140258789,1814.3049276471138,1362.888710975647,997.5982047915459,34603008,1838592,1838592,5628
cora_node,test,136,36,cora_node:test:000036:51e564f079658910,1,7703.27513,7703.32568359375,7582.280046,120.528563,159.8744336515665,43.006627820432186,17.228092066943645,7234.008613973856,315.2178268432617,6915.265625,145,0,1,276,0,3763.386619567871,925.344032112509,135.391840047203,474.02096013352275,138.02182419225574,219.8576316833496,11.073248028755188,76.18345546722412,8.1034916639328,cache_w8a8_m4k2v2,large_h6_n32_s100,51e564f0796589106c1cc7c23f1f72c503c8ee2e5e3f2c7bec5880d95024c89e,19.61667251586914,1989.4585627615452,4041.8458280563354,903.5779066979885,38010880,7784448,7784448,6174
cora_node,test,137,37,cora_node:test:000037:f78dbf8652909e3b,1,4399.119088,4399.1298828125,4291.794635,106.856095,120.84545008838177,43.00184827297926,14.698304235935211,3999.993259087205,286.60649490356445,3710.263916015625,125,0,1,72,0,990.1754884719849,248.20048004295677,35.16854402422905,124.38377592712641,35.87804804369807,202.7873306274414,10.396959900856018,65.90559959411621,7.516604781150818,cache_w8a8_m4k2v2,large_h6_n32_s100,f78dbf8652909e3bc537ee9bb5dbe184c6f07b307fcb433e3034640057926382,19.633695602416992,1719.0166071653366,1062.8936977386475,947.9873067140579,32768000,1809408,1809408,5334
cora_node,test,138,38,cora_node:test:000038:24904999ff884e98,1,3257.679232,3257.685546875,3168.230196,89.04862,100.10000038892031,42.683965526521206,10.968999937176704,2923.325713723898,225.1278419494629,2695.8639526367188,91,0,1,36,0,711.0828809738159,129.61811210215092,17.53456001356244,62.46531194448471,18.119744026102126,162.82128143310547,8.217599987983704,48.059839725494385,6.0291208028793335,cache_w8a8_m4k2v2,large_h6_n32_s100,24904999ff884e98a3fe264fcf68fe17764d1ea2e96c44296e33eb6ea1d56487,19.54412841796875,1256.7041916251183,747.4317483901978,711.2721410393715,23855104,651264,651264,3906
cora_node,test,139,39,cora_node:test:000039:840d4e6ae2ee1a12,1,3131.549106,3131.553466796875,2979.469881,151.692288,92.98982098698616,42.55760833621025,10.11005975306034,2749.3013218045235,195.3873634338379,2551.764862060547,83,0,1,54,0,738.2395515441895,184.12959991581738,26.130336004309356,93.70124799758196,27.25251204147935,140.04355239868164,6.978816032409668,43.1244478225708,5.240547180175781,cache_w8a8_m4k2v2,large_h6_n32_s100,840d4e6ae2ee1a120c5255882f6f3fc7bfe7bd40a321325cb95a9376e0308cc0,19.544191360473633,1148.458494991064,792.6807680130005,630.169790416956,21757952,1241088,1241088,3570
cora_node,test,140,40,cora_node:test:000040:a2c238854a12943f,1,3978.717251,3978.729248046875,3858.375834,119.894645,132.93093256652355,42.57917031645775,14.208639040589333,3548.8219521939754,273.9330253601074,3271.8892211914062,120,0,1,48,0,661.2278709411621,166.80719988048077,23.833888010121882,83.5252159461379,24.072288028895855,193.92732429504395,9.785663962364197,63.0216646194458,7.198372483253479,cache_w8a8_m4k2v2,large_h6_n32_s100,a2c238854a12943f241163c772af7abc6cc3b5a4d91ac2a8efaf51313eda5f68,19.485504150390625,1650.926048129797,709.7892484664917,930.6594287455082,31457280,1044480,1044480,5124
cora_node,test,141,41,cora_node:test:000041:d38fcea0be12e7a9,1,3849.736788,3849.747802734375,3728.980661,120.318214,135.92890836298466,42.87509247660637,14.416852965950966,3422.199466265738,256.5232963562012,3162.6278686523438,122,0,1,36,0,506.807354927063,136.44566410500556,17.647040012292564,62.42204798012972,18.08569602575153,177.8432960510254,8.747871994972229,63.25376033782959,6.678367972373962,cache_w8a8_m4k2v2,large_h6_n32_s100,d38fcea0be12e7a92c5f6b4bc51ffd58ec110b42f356d88aa990e533c84c0d03,19.56051254272461,1679.9346909224987,543.232346534729,959.0213437378407,31981568,579072,579072,5208
cora_node,test,142,42,cora_node:test:000042:2e32d30653022089,1,2744.315379,2744.31640625,2639.357939,104.590504,90.36845806986094,42.62505657970905,9.731438010931015,2415.9980518743396,161.54982376098633,2252.367462158203,80,0,1,36,0,505.95289516448975,136.73539181333035,17.627392006106675,62.60076793283224,18.040352039970458,110.91110229492188,5.423967957496643,40.96787214279175,4.246881365776062,cache_w8a8_m4k2v2,large_h6_n32_s100,2e32d30653022089eaca9e8d2f76ce3350c7aeca10daa4ddbb34873a640b6692,19.535200119018555,1106.15439966321,542.1311988830566,623.6170637309551,20971520,506880,506880,3444
cora_node,test,143,43,cora_node:test:000043:e249023568b974dc,1,7270.173193,7270.2138671875,7118.037469,151.649828,138.15332297235727,43.09232719242573,17.012573778629303,6795.139557681978,324.74335861206055,6466.8505859375,145,0,1,228,0,3315.4705543518066,746.2888639932498,111.77270406670868,392.412127815187,113.72518423106521,228.3053741455078,11.592576026916504,76.43561553955078,8.40979290008545,cache_w8a8_m4k2v2,large_h6_n32_s100,e249023568b974dc24880f2f035e8067d4d441b0208b714292c104205814972e,19.68079948425293,1989.7350080907345,3545.579578399658,951.2167989313602,38010880,6753792,6753792,6174
cora_node,test,144,44,cora_node:test:000044:c8eae1e451316721,1,7241.554813,7241.58837890625,7151.926097,89.101933,173.06892853230238,43.03594958037138,18.50132830440998,6777.308869175613,346.0887680053711,6427.456298828125,155,0,1,222,0,3058.9173126220703,764.2865596357733,109.23014405183494,384.040127966553,110.8875841498375,243.60784149169922,12.21343994140625,81.37763214111328,8.889854431152344,cache_w8a8_m4k2v2,large_h6_n32_s100,c8eae1e45131672154418612802c29f34fa7add5d2adca9863a0e88d14f15dde,19.6376953125,2127.309123724699,3282.79017162323,1036.994698792696,40632320,6242304,6242304,6594
cora_node,test,145,45,cora_node:test:000045:788e11e8f7a62f35,1,4734.76251,4734.77392578125,4614.437513,119.866424,122.07617983222008,43.05330477654934,14.907214790582657,4312.995784915984,329.2070999145508,3980.625244140625,127,0,1,72,0,1215.9040269851685,260.09676777385175,35.39801605604589,340.0348849222064,36.06896007992327,241.90431594848633,12.397823810577393,66.24844932556152,8.656510829925537,cache_w8a8_m4k2v2,large_h6_n32_s100,788e11e8f7a62f3533b53ca33c9f92991b0c32c0da60b3d7f9833282d286ceb2,19.66876792907715,1747.4667544066906,1288.5948791503906,964.2323785126209,33292288,1396224,1396224,5418
cora_node,test,146,46,cora_node:test:000046:94645fe67c5534f4,1,3655.235487,3655.24267578125,3581.455135,73.371515,122.974693775177,42.72689297795296,13.190816156566143,3303.3012319356203,238.7500457763672,3061.7901000976562,110,0,1,48,0,664.8447999954224,172.58726392965764,23.947456000372767,82.49852804094553,23.958208058029413,166.38831901550293,8.327264070510864,57.78131103515625,6.2531516551971436,cache_w8a8_m4k2v2,large_h6_n32_s100,94645fe67c5534f4e3181c55bba824fb91c5945f6bfe95f656815a8ec6b85d5b,19.5710391998291,1516.8066555261612,713.1437740325928,851.4107097387314,28835840,907776,907776,4704
cora_node,test,147,47,cora_node:test:000047:b29f359948778b30,1,3627.941507,3627.94775390625,3476.267091,151.200982,123.85194003582001,42.72945038974285,13.354635797441006,3192.064106464386,243.1125144958496,2946.1277770996094,112,0,1,36,0,507.24684619903564,136.67263993807137,17.63926400989294,63.15798394009471,18.52540803514421,169.85747146606445,8.40889596939087,58.46560096740723,6.3805460929870605,cache_w8a8_m4k2v2,large_h6_n32_s100,b29f359948778b30ae7ff12a1658a2de433b7774cd51dc0fa8760b3244dff057,19.586463928222656,1544.7579512894154,543.4727048873901,877.4835848510265,29360128,505344,505344,4788
cora_node,test,148,48,cora_node:test:000048:55e6387e7ec1073f,1,1036.649122,1036.6346435546875,883.551667,152.860191,19.923641346395016,42.33741480857134,0.9208442643284798,808.6081454530358,13.262655973434448,794.8858032226562,8,0,1,42,0,600.3899536132812,169.1402240023017,21.020896028727293,73.21084798499942,21.15718402992934,9.001887917518616,0.4442239925265312,3.3821120262145996,0.4344320371747017,cache_w8a8_m4k2v2,large_h6_n32_s100,55e6387e7ec1073f14117e2c3ccbe6befde97133c21ef36da0a039aea755c156,19.47724723815918,129.56889617443085,642.5707521438599,42.22340214252472,2097152,430080,430080,420
cora_node,test,149,49,cora_node:test:000049:e6990ecf74c50330,1,3911.910894,3911.9189453125,3806.815378,104.675701,131.6040586680174,42.70006436854601,14.076575636863708,3511.648988351226,248.14921188354492,3260.5209350585938,119,0,1,48,0,671.1094388961792,173.44697596132755,23.55635202024132,83.2346239797771,24.07724805455655,170.04179000854492,8.35100793838501,63.35078430175781,6.405629634857178,cache_w8a8_m4k2v2,large_h6_n32_s100,e6990ecf74c5033042100afd7d2d93148f651acef587a51645759603c3820de3,19.553728103637695,1637.9003190994263,719.388313293457,922.7860307693481,31195136,943104,943104,5082
cora_node,test,150,50,cora_node:test:000050:b2269c597e255f7a,1,4583.386862,4583.400390625,4462.875394,120.07173,148.78105651587248,42.9895156994462,15.866665169596672,4133.176272735,304.8936347961426,3824.964111328125,134,0,1,66,0,911.2271347045898,229.41760002914816,32.30076801683754,114.75855996832252,33.11894405912608,216.10829544067383,10.885055899620056,69.94307136535645,7.9572120904922485,cache_w8a8_m4k2v2,large_h6_n32_s100,b2269c597e255f7a14b569eed8712ebee5c5a1e49354a0da453990ee20a98e6a,19.656063079833984,1842.456926614046,977.8065576553345,1024.3566901385784,35127296,1523712,1523712,5712
cora_node,test,151,51,cora_node:test:000051:306861cd9b34e839,1,3499.241679,3499.245361328125,3407.657335,91.143963,341.11445117741823,43.10492519289255,12.216606177389622,2914.936031214893,211.5387191772461,2700.8326416015625,101,0,1,36,0,499.87532901763916,129.4297599364072,17.57840001862496,62.203263968229294,18.892992055043578,145.16780853271484,7.152095913887024,53.73903846740723,5.4797762632369995,cache_w8a8_m4k2v2,large_h6_n32_s100,306861cd9b34e839816ff0a6d39b729b27738fb255ef8390bac7d56ae3d9b09a,19.63497543334961,1393.7074864506721,536.0726718902588,790.6874586939812,26476544,651264,651264,4326
cora_node,test,152,52,cora_node:test:000052:bfeb7cfd15540f8b,1,3833.257347,3833.26513671875,3712.622969,120.210572,131.68424926698208,42.784431017935276,14.185127802193165,3411.496052518487,257.2120018005371,3151.2402954101562,122,0,1,36,0,497.94793796539307,129.03196793515235,17.589440017938614,62.65379196032882,17.986240042373538,178.17043113708496,8.892831921577454,63.45340919494629,6.695329546928406,cache_w8a8_m4k2v2,large_h6_n32_s100,bfeb7cfd15540f8b3dc9b2f1e1521d8ad6fc06918bc42618ada53bd9534daca6,19.622751235961914,1678.7114549577236,534.1537275314331,957.9978641569614,31981568,651264,651264,5208
cora_node,test,153,53,cora_node:test:000053:335dea55645a0e46,1,4211.298321,4211.3076171875,4121.804745,89.074654,128.3704089000821,42.66937542706728,13.70569970458746,3828.9697784930468,253.5181121826172,3572.5570678710938,115,0,1,78,0,1068.2295026779175,260.93180798273534,38.441600032150745,135.33839994296432,39.41388807911426,178.0208625793457,8.957823991775513,59.912031173706055,6.627394437789917,cache_w8a8_m4k2v2,large_h6_n32_s100,335dea55645a0e46a7c73863ba640d9a69e5c41cf59800fe943f5bc9cf043fb1,19.58380889892578,1584.1448630392551,1146.967360496521,861.0286532342434,30146560,2027520,2027520,4914
cora_node,test,154,54,cora_node:test:000054:7ba236970f91eeb7,1,4241.669247,4241.6796875,4121.100467,120.129333,123.95231332629919,42.92299598455429,15.154498629271984,3822.604490444064,312.1124458312988,3507.2785034179688,130,0,1,48,0,676.9786558151245,181.29363189358264,23.60380799882114,83.1673599332571,24.368864052928984,224.87741088867188,11.484831929206848,67.53161525726318,8.218587756156921,cache_w8a8_m4k2v2,large_h6_n32_s100,7ba236970f91eeb7194f4d1bf6641072f4e86f96c0690cd5d9d511da99f65c64,19.64944076538086,1789.0499216020107,725.3216323852539,1012.556390196085,34078720,864768,864768,5544
cora_node,test,155,55,cora_node:test:000055:f283fe7547716a2a,1,4542.948999,4542.9599609375,4453.478243,89.011984,154.42197117954493,42.98265092074871,16.48155227303505,4122.071751393378,335.8652801513672,3782.7672119140625,139,0,1,54,0,758.8916187286377,200.02233596146107,26.32489599660039,93.40550395473838,27.15318404790014,241.02518844604492,12.449983954429626,73.62672138214111,8.763386368751526,cache_w8a8_m4k2v2,large_h6_n32_s100,f283fe7547716a2aab551e9f5f63c300afe5949618012d3099ed0da65e00ee02,19.698144912719727,1911.3040954470634,813.4866924285889,1077.67456895113,36438016,1136640,1136640,5922
cora_node,test,156,56,cora_node:test:000056:f8d78a00a7437a62,1,4187.097494,4187.10546875,4097.575049,89.028426,130.97963854670525,42.75133553892374,13.980117626488209,3795.80133035779,265.1341781616211,3527.7161865234375,118,0,1,54,0,958.1474285125732,185.22809640597552,26.526944037526846,94.06787195056677,27.010592052713037,186.82246208190918,9.344767928123474,62.00105571746826,6.965892434120178,cache_w8a8_m4k2v2,large_h6_n32_s100,f8d78a00a7437a621f6b5cbae696d55cbe1f93e4118ee6f1eb1b5df0f0857ad5,19.569311141967773,1624.6145920157433,1012.6740837097168,909.9968219399452,30932992,1241088,1241088,5040
cora_node,test,157,57,cora_node:test:000057:89bd08bf288a5b51,1,4068.648932,4068.6552734375,3947.75863,120.462847,113.97799476981163,42.93833579868078,14.03447613120079,3673.555750399828,306.88057708740234,3363.6697998046875,120,0,1,54,0,750.0417280197144,196.47062403336167,26.628192024305463,93.17273602634668,26.986784050241113,224.06972122192383,11.508383989334106,63.15190410614014,8.150567770004272,cache_w8a8_m4k2v2,large_h6_n32_s100,89bd08bf288a5b5170a77827005531c713b6c57705ae4380e523fb30b37064a9,19.652799606323242,1653.031456232071,804.4814739227295,925.8096692562103,31457280,870912,870912,5124
cora_node,test,158,58,cora_node:test:000058:75f7fe0449ddc01a,1,4223.41135,4223.4189453125,4133.839172,89.133335,146.111941896379,42.85538196563721,15.494697727262974,3807.7643690630794,292.4040298461914,3512.107177734375,131,0,1,48,0,661.2308502197266,166.85359989106655,23.43030401971191,83.47232000157237,24.038624038919806,205.1216926574707,10.392735958099365,69.29910373687744,7.5904974937438965,cache_w8a8_m4k2v2,large_h6_n32_s100,75f7fe0449ddc01adfb59a639ca76c68348d650e5821568be3c121ce6d528590,19.662336349487305,1802.2363188564777,709.7255659103394,1019.8076293170452,34340864,1044480,1044480,5586
cora_node,test,159,59,cora_node:test:000059:19b8fbb697bdc102,1,3119.787378,3119.786865234375,2997.190946,122.217871,104.11754064261913,42.604186572134495,11.404530145227909,2748.659529723227,201.337890625,2544.9078063964844,94,0,1,36,0,495.19945335388184,127.77532785199583,17.48928001895547,62.07059193775058,17.969216035678983,140.69884872436523,6.920384049415588,48.39884853363037,5.319809317588806,cache_w8a8_m4k2v2,large_h6_n32_s100,19b8fbb697bdc10272e4c33729905e881ea302ebe25289f83079158a661d368a,19.56425666809082,1298.0677109658718,531.3926401138306,735.0117119848728,24641536,651264,651264,4032
cora_node,test,160,60,cora_node:test:000060:c1eafab95e12e7e0,1,2763.809745,2763.806640625,2612.327556,151.138751,82.75605831295252,42.83232241868973,9.02497861534357,2405.221595428884,164.26176071166992,2238.9835205078125,75,0,1,42,0,601.5466890335083,169.27916798740625,21.417056007310748,72.77747201174498,21.18982404191047,115.09337615966797,5.645024061203003,39.179776191711426,4.343584299087524,cache_w8a8_m4k2v2,large_h6_n32_s100,c1eafab95e12e7e0f9d1ee8010ac970dd0803b2a7c960a247ecc4f6e0af6f910,19.59529685974121,1038.280928105116,643.775294303894,576.5225949585438,19660800,434688,434688,3234
cora_node,test,161,61,cora_node:test:000061:2b2b6524458401be,1,3649.181928,3649.185302734375,3557.867579,90.905069,120.33421639353037,42.55840741097927,12.948359362781048,3270.804073661566,249.0357780456543,3019.0494384765625,108,0,1,48,0,666.4375658035278,172.7842238387093,23.70681601576507,83.04096001014113,24.063232062384486,177.59392166137695,8.91161596775055,55.949119567871094,6.581120848655701,cache_w8a8_m4k2v2,large_h6_n32_s100,2b2b6524458401be971e7e36d8418d014dade1868ee84ee33da3e262c10b6474,19.531391143798828,1488.3455672860146,714.7875509262085,835.4477114081383,28311552,976896,976896,4620
cora_node,test,162,62,cora_node:test:000062:2a1a61ec724f083b,1,3563.712781,3563.71533203125,3487.821377,75.503624,317.93326046317816,43.03311184048653,11.693486012518406,3018.9839135855436,238.16278839111328,2778.3469848632812,97,0,1,48,0,663.3578519821167,166.47641633171588,23.322944005951285,83.63231990858912,24.0685760602355,172.14847946166992,8.725216031074524,50.914527893066406,6.374565005302429,cache_w8a8_m4k2v2,large_h6_n32_s100,2a1a61ec724f083bd7b4aa9df23e9ce100e5fb1769e84c905e25d529b9fc3501,19.653600692749023,1338.5082570314407,711.8007659912109,747.6915625333786,25427968,1044480,1044480,4158
cora_node,test,163,63,cora_node:test:000063:ee3df5060c0f44db,1,3884.559331,3884.5634765625,3732.620678,151.51234,113.45701012760401,42.92051959782839,13.94702959805727,3455.8278741315007,267.2546272277832,3185.5816650390625,119,0,1,42,0,594.1591653823853,160.72870408184826,20.5796800237149,74.00835194066167,21.242048082873225,187.40169715881348,9.363647937774658,63.535584449768066,6.953697681427002,cache_w8a8_m4k2v2,large_h6_n32_s100,ee3df5060c0f44db2d0c8846330738d08dcfcab1f56228d3d4ef394aa2f6e27c,19.661216735839844,1638.688832461834,636.5996789932251,929.9543703198433,31195136,557568,557568,5082
cora_node,test,164,64,cora_node:test:000064:84e7a6ec7925a4bb,1,3740.804092,3740.805908203125,3651.317872,89.02357,119.2477336153388,42.55300108343363,12.686052359640598,3373.6828891560435,230.4409294128418,3140.56103515625,106,0,1,60,0,831.7080307006836,211.4008639510721,29.390720007941127,104.06220800429583,30.210176046937704,161.3513946533203,8.022688031196594,54.994208335876465,6.072638392448425,cache_w8a8_m4k2v2,large_h6_n32_s100,84e7a6ec7925a4bb152fa7769f3916376e735bc41242375e3daed2260386912c,19.518016815185547,1460.9225591123104,892.3017282485962,806.854764610529,27787264,1293312,1293312,4536
cora_node,test,165,65,cora_node:test:000065:88e3d89f99d2fa07,1,3850.643697,3850.646484375,3696.859489,153.358376,110.23830994963646,42.890649288892746,13.467537239193916,3414.467239752412,252.67247772216797,3158.9068603515625,115,0,1,48,0,659.0081596374512,165.76886423490942,23.267551991157234,82.88486404716969,24.006336045451462,177.29209899902344,8.885311961174011,59.86236763000488,6.632699131965637,cache_w8a8_m4k2v2,large_h6_n32_s100,88e3d89f99d2fa07e1807c1d3ac52ae031b5a66b1d184ce0e4eeb1370e9adeb5,19.638879776000977,1582.8711680471897,707.5901718139648,888.0844002664089,30146560,1044480,1044480,4914
cora_node,test,166,66,cora_node:test:000066:24b24781a80413c0,1,2277.570922,2277.56201171875,2188.146561,89.088714,73.64699710160494,42.69728157669306,7.93088786303997,1990.172310732305,147.1429100036621,1841.2718200683594,65,0,1,30,0,416.6935691833496,109.4567999523133,14.613728007301688,52.08092800527811,15.0511680142954,104.32384300231934,5.1612160205841064,33.71087980270386,3.9469711780548096,cache_w8a8_m4k2v2,large_h6_n32_s100,24b24781a80413c0acf599b893b6aa41d4c781f31bb74540c76bef72f64eebda,19.56822395324707,904.5860461592674,446.9176025390625,509.3363953232765,17039360,454656,454656,2814
cora_node,test,167,67,cora_node:test:000067:976125dce882815b,1,3520.101392,3520.101806640625,3397.357633,122.345743,100.57852976024151,42.84258373081684,12.523841112852097,3154.6095674857497,244.8626594543457,2907.078094482422,106,0,1,42,0,594.271167755127,161.86150414589792,20.488608029671013,72.89244797825813,21.15276802983135,174.42086601257324,8.747135996818542,55.21648120880127,6.478176236152649,cache_w8a8_m4k2v2,large_h6_n32_s100,976125dce882815b1ee817efd8c57108c454aeaced899ac81eb8861c09483c5d,19.626880645751953,1463.8005751669407,636.5831995010376,826.3212004601955,27787264,580608,580608,4536
cora_node,test,168,68,cora_node:test:000068:1de1395a63f98897,1,2794.315008,2794.309814453125,2689.508342,104.453414,80.5193055421114,42.63626225292683,8.64308513700962,2478.970291092992,182.79529571533203,2294.2850036621094,71,0,1,36,0,740.8160600662231,136.1742399027571,17.90988801792264,297.47734002396464,18.13977601751685,134.00844955444336,6.7544320821762085,37.06505632400513,4.967357754707336,cache_w8a8_m4k2v2,large_h6_n32_s100,1de1395a63f988977600566de5470fed640530fc76d98eae65fe8207095a0cf6,19.60527992248535,985.701505035162,777.0971460342407,551.091632515192,18612224,508416,508416,3066
cora_node,test,169,69,cora_node:test:000069:63a6eb858aab308d,1,3339.414796,3339.41259765625,3187.317556,151.702842,113.58414310961962,42.71476808935404,12.204078957438469,2926.010688766837,214.61555099487305,2708.836883544922,101,0,1,36,0,506.0040979385376,135.8913279240951,17.930432028137147,62.78521601483226,18.15804802067578,147.8904972076416,7.277087926864624,53.87596893310547,5.5719969272613525,cache_w8a8_m4k2v2,large_h6_n32_s100,63a6eb858aab308da7416a3fb965ae04700df5b2b184d7ea4198b4addd81f6b4,19.607423782348633,1395.0887989401817,542.2757434844971,791.0797649025917,26476544,506880,506880,4326
cora_node,test,170,70,cora_node:test:000070:b46b465e4628763c,1,5030.885025,5030.89453125,4909.491275,120.850059,158.84658135473728,42.77870338410139,17.116542905569077,4569.296850822866,353.6814727783203,4212.0811767578125,144,0,1,78,0,1079.7892484664917,268.4938560947776,38.34688003640622,136.82249593362212,39.27161605004221,256.19897842407227,12.876255750656128,75.2918062210083,9.314432382583618,cache_w8a8_m4k2v2,large_h6_n32_s100,b46b465e4628763caeea1b2f03b17a905f94422eccfa2dab1d0004d7fc7eaa7b,19.619455337524414,1977.8299509584904,1158.4993886947632,1095.3712924420834,37748736,2015232,2015232,6132
cora_node,test,171,71,cora_node:test:000071:6f483ca7b54d6897,1,4443.651497,4443.65625,4320.876057,122.318079,144.0908731892705,42.778944596648216,15.046337619423866,3990.891835652292,269.22182846069336,3718.45849609375,129,0,1,66,0,910.0636444091797,227.70585595071316,32.65958404261619,115.01257596164942,33.73971207719296,185.6741428375244,9.188544034957886,67.38160037994385,6.977541208267212,cache_w8a8_m4k2v2,large_h6_n32_s100,6f483ca7b54d6897b197af5024ad044e7c86a785d9ade5deee8085d690a36470,19.607744216918945,1775.8845759928226,976.7578268051147,985.4238375127316,33816576,1459200,1459200,5502
cora_node,test,172,72,cora_node:test:000072:2b8c40e61d5cf1ac,1,3129.403633,3129.3994140625,3006.912638,122.113159,88.46626803278923,42.844957672059536,10.893229395151138,2779.116059653461,202.4628448486328,2574.318115234375,91,0,1,42,0,586.5391063690186,154.6516160853207,20.52678402233869,72.77967992797494,21.119360049255192,141.9503993988037,7.039263963699341,48.13817596435547,5.335005521774292,cache_w8a8_m4k2v2,large_h6_n32_s100,2b8c40e61d5cf1ac37ad6b0a3c2669424d218a116e766694088d2d6dfc450d32,19.626911163330078,1259.0232963860035,628.8630390167236,706.058690994978,23855104,721920,721920,3906
cora_node,test,173,73,cora_node:test:000073:33d4c7b8a3cba341,1,1742.780383,1742.768798828125,1591.497246,150.994672,44.43584382534027,42.525301687419415,4.7270311042666435,1452.6887629181147,89.91401481628418,1361.6072082519531,39,0,1,36,0,499.8252487182617,129.3046402549371,17.890560026280582,62.570943996310234,18.576512047089636,63.8104944229126,3.176096022129059,20.470399856567383,2.4570245146751404,cache_w8a8_m4k2v2,large_h6_n32_s100,33d4c7b8a3cba3411d08f577d38ed03cf55d04a7fd954a67e92d0fb2f63d8934,19.50908851623535,550.1175366640091,535.9832286834717,295.0155314207077,10223616,651264,651264,1722
cora_node,test,174,74,cora_node:test:000074:96d837d6b1dada9c,1,4059.347399,4059.349365234375,3967.891685,91.043408,116.29757564514875,42.60496888309717,12.310952879488468,3691.357810050249,264.40700912475586,3424.31201171875,104,0,1,66,0,1142.8052864074707,236.82953612785786,32.33462402783334,114.83792005479336,33.732544056139886,193.04927825927734,9.890688061714172,54.417662620544434,7.04938018321991,cache_w8a8_m4k2v2,large_h6_n32_s100,96d837d6b1dada9c2a7ff1cc476ec395ab3d142b04fa9deec41d081dc8dedfe5,19.514144897460938,1444.4434553682804,1209.7161264419556,789.666574805975,27262976,1347072,1347072,4452
cora_node,test,175,75,cora_node:test:000075:a169558f5c55b223,1,4641.625983,4641.6318359375,4520.68663,120.477349,162.77265641838312,43.11519954353571,16.776752658188343,4164.826785214245,330.4510078430176,3830.8933715820312,141,0,1,54,0,742.6024971008301,185.172416055575,26.304800026118755,93.39030399918556,27.53331203851849,235.30994415283203,11.976927876472473,74.59328079223633,8.570855021476746,cache_w8a8_m4k2v2,large_h6_n32_s100,a169558f5c55b2239c3a281f6a9ca677322807acb8f886f946dcad8e80d6a7e4,19.674144744873047,1953.6458532214165,797.3869762420654,1099.5346868634224,36962304,1241088,1241088,6006
cora_node,test,176,76,cora_node:test:000076:89d77d79269399c8,1,3925.083782,3925.083984375,3817.826215,106.829113,135.1097198203206,42.855823412537575,14.159154146909714,3519.0046178177,248.13093948364258,3267.8793334960938,119,0,1,48,0,661.2718734741211,165.63904021307826,23.718688032589853,83.54534397274256,24.256992058828473,169.98816108703613,8.353920102119446,63.39615821838379,6.3927000761032104,cache_w8a8_m4k2v2,large_h6_n32_s100,89d77d79269399c8dfd4b87c1cf3b4f9b5d01377d3ec0e16bcaee745738fbbd3,19.599647521972656,1650.5887351632118,709.8559665679932,927.0342792868614,31195136,995328,995328,5082
cora_node,test,177,77,cora_node:test:000077:5317754e1c8f111f,1,3844.361435,3844.361572265625,3752.876461,91.069835,120.30651792883873,42.84171760082245,12.749441899359226,3471.6503471136093,266.45148849487305,3202.5555419921875,104,0,1,66,0,921.5994911193848,241.63913611136377,32.411584021523595,114.6419198922813,33.13606406189501,194.68099212646484,10.0622079372406,54.64950370788574,7.05878472328186,cache_w8a8_m4k2v2,large_h6_n32_s100,5317754e1c8f111f17efa5b252803f0fcf5ccf410d5806ed746de03a4cb0ecbf,19.64409637451172,1445.3812505602837,988.5242872238159,788.2941005825996,27262976,1195008,1195008,4452
cora_node,test,178,78,cora_node:test:000078:59eda86c3117bdd9,1,1588.51122,1588.49658203125,1513.257252,74.985605,36.52682434767485,43.07985119521618,3.7274817004799843,1386.705882847309,67.51904106140137,1318.2333526611328,29,0,1,48,0,667.6911993026733,172.76518415566534,23.450656009837985,83.28188793733716,24.219680039212108,47.86531209945679,2.3859519958496094,15.412256002426147,1.8555209636688232,cache_w8a8_m4k2v2,large_h6_n32_s100,59eda86c3117bdd9b35725b3d448c13189ae58e4f190f5e9e61abe4b89a0df4e,19.677536010742188,416.7127029597759,716.178560256958,205.01962545514107,7602176,901632,901632,1302
cora_node,test,179,79,cora_node:test:000079:548839da6cf652d8,1,4070.43986,4070.44091796875,3980.881441,89.139616,134.8110530525446,42.978779412806034,13.810262084007263,3686.0991390421987,249.28464126586914,3433.8952026367188,116,0,1,48,0,892.383807182312,175.86012796778232,23.992352025583386,83.73177598789334,244.66422327328473,174.18044662475586,8.643167853355408,59.916160583496094,6.54486620426178,cache_w8a8_m4k2v2,large_h6_n32_s100,548839da6cf652d8ecc27738f473b30c6ddf90fe67229d65b9f5817e5be5e2b8,19.60518455505371,1609.1759980916977,941.1266870498657,903.197702050209,30408704,930816,930816,4956
cora_node,test,180,80,cora_node:test:000080:43bcde9568628ace,1,3904.513114,3904.5126953125,3752.348861,151.728147,133.54850560426712,42.90994629263878,13.727269135415554,3446.1892917752266,251.48479843139648,3191.8013305664062,115,0,1,48,0,675.7469120025635,179.65359997656196,23.857792034745216,84.7347519621253,24.290656061843038,176.51837158203125,8.825663924217224,59.53468704223633,6.606075882911682,cache_w8a8_m4k2v2,large_h6_n32_s100,43bcde9568628aceb2d98028ecbc4fe87c9cb32f513152ee4c269f32bbf81bfa,19.63907241821289,1594.113857448101,724.7154569625854,892.6110885739326,30146560,761856,761856,4914
cora_node,test,181,81,cora_node:test:000081:5dfdeb1fead843e2,1,2693.003664,2692.99560546875,2540.861407,151.797163,84.71491187810898,42.874968610703945,8.286504074931145,2331.6504629328847,165.73494338989258,2164.066925048828,68,0,1,48,0,666.3612833023071,172.65507217869163,23.452608028426766,83.49027197435498,24.077888040803373,119.83484840393066,6.021535873413086,35.38815975189209,4.490399360656738,cache_w8a8_m4k2v2,large_h6_n32_s100,5dfdeb1fead843e2c0439c81cd7a9e06be8ff8ae6aa905d8eb2b1bce7a8b691b,19.624832153320312,951.1762901842594,714.9916849136353,517.5237821042538,17825792,903168,903168,2940
cora_node,test,182,82,cora_node:test:000082:4c40d64e08d373b3,1,8037.010586,8037.0341796875,7914.14182,122.414415,165.4416285455227,43.14775578677654,16.98836963623762,7560.960468836129,316.2515182495117,7241.1763916015625,145,0,1,276,0,3851.38454914093,981.0614080829546,137.30185612104833,478.8053758852184,139.07091224379838,220.80556869506836,11.091391921043396,76.25772857666016,8.096829056739807,cache_w8a8_m4k2v2,large_h6_n32_s100,4c40d64e08d373b32cf06af1310c7ed3022123f34785b6fa5466f8e1b0a89662,19.698976516723633,1999.7238727211952,4130.620386123657,1130.5311092734337,38010880,7213056,7213056,6174
cora_node,test,183,83,cora_node:test:000083:9a19c87e3b25f7aa,1,5052.307725,5052.3046875,4962.553731,89.206936,131.782834418118,42.93419700115919,16.184433363378048,4647.37265650183,317.8580780029297,4326.1046142578125,138,0,1,96,0,1325.608320236206,336.42272051703185,47.14780805259943,166.03555205091834,47.898240100592375,225.42905807495117,11.440928101539612,72.74707126617432,8.241020560264587,cache_w8a8_m4k2v2,large_h6_n32_s100,9a19c87e3b25f7aa0789c0a4ad78c77af30bb726b808d048471dff1a8788059b,19.679872512817383,1898.1096315681934,1422.1853723526,1025.4894828498363,36175872,2293248,2293248,5880
cora_node,test,184,84,cora_node:test:000084:3c3779cf7918171a,1,3555.872393,3555.868408203125,3433.141539,122.328396,116.46192893385887,42.67849959433079,12.436115182936192,3169.61766872555,243.70022201538086,2923.2965393066406,104,0,1,48,0,659.6543340682983,165.40390422940254,23.65916799940169,82.763167925179,24.04188803397119,173.85449600219727,8.774848103523254,54.59046459197998,6.480413317680359,cache_w8a8_m4k2v2,large_h6_n32_s100,3c3779cf7918171a760a03e7a1d82870adb22f669d89a4e6462f4d8ef03bf481,19.607648849487305,1434.602047175169,707.967903137207,800.3342378437519,27262976,1044480,1044480,4452
cora_node,test,185,85,cora_node:test:000085:cf34d905d50d1aac,1,7947.681014,7947.70263671875,7827.430268,119.80005,135.1406667381525,43.08092687278986,17.01578125357628,7507.284947670996,314.48780822753906,7189.25048828125,145,0,1,276,0,4041.3060178756714,958.5852483864874,135.53356811404228,476.37740787118673,138.41638426762074,218.82051467895508,11.05788803100586,76.49868774414062,8.1107177734375,cache_w8a8_m4k2v2,large_h6_n32_s100,cf34d905d50d1aac4bafcfde624d601e318f7de6eb9a892920c2e85d48e6f5f3,19.66783905029297,1989.5539855957031,4319.597069740295,899.7672719955444,38010880,7491072,7491072,6174
cora_node,test,186,86,cora_node:test:000086:c324dfdda398722a,1,3636.811768,3636.79931640625,3545.589551,90.786915,121.3517664000392,43.671322055161,12.758818455040455,3255.5655855685472,248.20873641967773,3004.6439819335938,108,0,1,48,0,656.5967350006104,164.80224012490362,23.515968011692166,82.70438392460346,23.852064041420817,176.8152313232422,8.904351949691772,55.90140724182129,6.587745904922485,cache_w8a8_m4k2v2,large_h6_n32_s100,c324dfdda398722a59a80d2d561d662237d0c10e29be2342244eec4b6a0095ad,19.630016326904297,1487.991390913725,704.9048347473145,831.3777725994587,28311552,1044480,1044480,4620
cora_node,test,187,87,cora_node:test:000087:573cf68e1be97909,1,773.714853,773.6948852539062,622.645086,150.835939,5.831782706081867,53.31064108759165,0.6934758275747299,552.1711437031627,6.351104021072388,545.4095001220703,5,0,1,30,0,415.64963150024414,109.21491199918091,14.999008005484939,51.8237119987607,15.026688032783568,3.8430079221725464,0.15926400013267994,2.100832015275955,0.24800008349120617,cache_w8a8_m4k2v2,large_h6_n32_s100,573cf68e1be97909355690457d210e982434529633105bcd850dfac8fdc121d4,30.47551918029785,88.98700812458992,445.82217502593994,41.0758361518383,1310720,454656,454656,294
cora_node,test,188,88,cora_node:test:000088:9db4a2eff13d126e,1,4224.196209,4224.19580078125,4134.442303,89.332137,130.27951586991549,42.67915431410074,14.042406342923641,3838.7256767600775,281.9161949157715,3553.8569946289062,118,0,1,72,0,985.4180517196655,245.0826880587265,35.57356801070273,124.18851202353835,36.207520068623126,201.72972869873047,10.35040009021759,62.371745109558105,7.46432101726532,cache_w8a8_m4k2v2,large_h6_n32_s100,9db4a2eff13d126e7c3f944ab12bc7d8a5f0cdf76c8256b7f415fa6658540ee6,19.552576065063477,1625.2187191843987,1058.0357761383057,890.1550753712654,30932992,1597440,1597440,5040
cora_node,test,189,89,cora_node:test:000089:c60797faaa615d44,1,2734.001444,2733.991943359375,2627.065073,106.581225,90.18915705382824,42.620341293513775,9.730608202517033,2405.3495209664106,161.5587215423584,2241.6952209472656,80,0,1,36,0,495.3810558319092,127.22387204412371,17.441568007692695,62.55148795247078,17.990688000805676,110.92918586730957,5.415840029716492,40.966848373413086,4.2468472719192505,cache_w8a8_m4k2v2,large_h6_n32_s100,c60797faaa615d44d080b7f01df269664901aac549562dd2230c71031768a38f,19.568767547607422,1108.3153274059296,531.5562267303467,621.3924343585968,20971520,651264,651264,3444
cora_node,test,190,90,cora_node:test:000090:dbbb12fda942867b,1,3938.698692,3938.694580078125,3816.171342,122.111044,111.77705228328705,42.72602126002312,14.04226291924715,3534.1039104387164,263.10771560668945,3267.9962768554688,120,0,1,48,0,656.5225896835327,164.82652801461518,23.359744019806385,82.83692793548107,24.207232054322958,184.0441608428955,9.179775953292847,63.01568031311035,6.868098497390747,cache_w8a8_m4k2v2,large_h6_n32_s100,dbbb12fda942867bb01828ee0ea7aefd95a1cfc4e527f4c35bc28526521aed8a,19.603391647338867,1652.6714242398739,704.8138551712036,930.1143890917301,31457280,1044480,1044480,5124
cora_node,test,191,91,cora_node:test:000091:b971acc23a1532ca,1,741.202065,741.1815795898438,621.487251,119.482326,4.989227280020714,52.951157093048096,0.6181541830301285,551.4511540532112,6.342623829841614,544.6958084106445,5,0,1,30,0,414.87804985046387,108.51856007333845,14.53318400401622,52.28060802817345,15.006944038905203,3.826688051223755,0.16124799847602844,2.1041280329227448,0.2505597472190857,cache_w8a8_m4k2v2,large_h6_n32_s100,b971acc23a1532ca715ce31bcbe07f5af8755633e7361a24b0a161d933ba7414,19.832735061645508,88.95702391862869,445.0637454986572,30.50777405500412,1310720,454656,454656,294
cora_node,test,192,92,cora_node:test:000092:cd34a16e0417419e,1,4696.540503,4696.54052734375,4576.058506,120.047521,118.52180864661932,42.702740989625454,14.752465300261974,4293.191021308303,324.7314224243164,3965.302001953125,127,0,1,72,0,1200.868353843689,245.6841919729486,250.94601958058774,123.81881593540311,35.98704008664936,237.32524490356445,12.238720059394836,66.5070390701294,8.660418391227722,cache_w8a8_m4k2v2,large_h6_n32_s100,cd34a16e0417419e6c49edf249f7ec60c8f4a7ae68ef5b3dac60f32336b42fa3,19.601408004760742,1748.712257295847,1273.3123168945312,962.8788357675076,33292288,1674240,1674240,5418
cora_node,test,193,93,cora_node:test:000093:53926ffae756fcf6,1,7670.90646,7670.92236328125,7547.97385,122.473872,134.75730456411839,43.560635298490524,16.93846844136715,7240.616867318749,316.4213104248047,6920.6444091796875,145,0,1,276,0,3772.824321746826,924.574880358763,136.29539217147976,473.40857577323914,138.05683221668005,220.8609619140625,11.063616037368774,76.3778886795044,8.118843793869019,cache_w8a8_m4k2v2,large_h6_n32_s100,53926ffae756fcf6d8138d337fc0e6caa265578cae08e566d6028471cd5f81b8,19.601760864257812,1989.6766741275787,4050.681562423706,899.8879334926605,38010880,7746048,7746048,6174
cora_node,test,194,94,cora_node:test:000094:0e529ff49004520b,1,3863.607488,3863.5966796875,3709.902219,153.258634,112.92489524930716,42.86023136228323,13.945546001195908,3444.968583062291,265.56774520874023,3176.4058227539062,119,0,1,42,0,585.6086406707764,154.16748818941414,20.606304011307657,72.67478400096297,21.124128064140677,185.8756160736084,9.397247910499573,63.33875274658203,6.956128478050232,cache_w8a8_m4k2v2,large_h6_n32_s100,0e529ff49004520b9cd557879eaf660a80d96e08b2885199a565cbe01376fad2,19.604736328125,1639.4329921901226,627.8207015991211,928.7568652927876,31195136,715776,715776,5082
cora_node,test,195,95,cora_node:test:000095:e783a4f5ae53cd82,1,4054.475281,4054.471435546875,3902.340785,151.7117,321.62551023066044,43.01208537071943,13.505017384886742,3421.6758785769343,253.44054794311523,3165.3116455078125,115,0,1,48,0,665.0546884536743,170.73760005645454,23.734976020641625,83.09491197764874,24.173920013941824,177.97830200195312,8.949887990951538,59.87753677368164,6.634821176528931,cache_w8a8_m4k2v2,large_h6_n32_s100,e783a4f5ae53cd82afba699f95bc8deeae2ed2b6f308325cfb9cc21c5b97d811,19.637088775634766,1583.3716158270836,713.4699869155884,888.1071315407753,30146560,895488,895488,4914
cora_node,test,196,96,cora_node:test:000096:d8b681bc688b6a11,1,2970.221482,2970.2119140625,2819.168933,150.671665,84.88644938915968,42.43004880845547,10.636825114488602,2609.498653560877,170.07702255249023,2437.1221618652344,89,0,1,36,0,499.1037788391113,133.01184004172683,17.4672640170902,62.333695977926254,18.05891201365739,113.66972732543945,5.440960049629211,46.59488010406494,4.371455073356628,cache_w8a8_m4k2v2,large_h6_n32_s100,d8b681bc688b6a113f3c4636fdd79c56d10fa4df2e4409296b2f6d79a52360a1,19.514175415039062,1229.4908509850502,535.353663444519,691.7918228507042,23330816,502272,502272,3822
cora_node,test,197,97,cora_node:test:000097:9288212f90166288,1,5265.293706,5265.29443359375,5173.990759,90.842986,133.71691200882196,42.78222005814314,16.682340763509274,4867.69251152873,349.14941024780273,4515.022644042969,143,0,1,102,0,1407.2204761505127,357.9320002300665,49.81657602638006,175.94153596833348,50.99772812798619,252.21696090698242,12.935231924057007,74.90560054779053,9.091616868972778,cache_w8a8_m4k2v2,large_h6_n32_s100,9288212f901662886fcbd3e75c1c377f17bf3d3d3bad6ebafb448ac5dd5ecc9c,19.589696884155273,1964.932095170021,1509.7821760177612,1059.8980697393417,37486592,2429952,2429952,6090
cora_node,test,198,98,cora_node:test:000098:10129953c709ee21,1,2752.508187,2752.497314453125,2630.257144,121.885588,77.24941242486238,42.69998241215944,9.692209772765636,2432.831552810967,167.03753471374512,2263.6854858398438,81,0,1,36,0,496.717472076416,127.80384000018239,17.53001602180302,62.55052797496319,18.197088031098247,114.7086410522461,5.567840039730072,42.3831353187561,4.377918303012848,cache_w8a8_m4k2v2,large_h6_n32_s100,10129953c709ee210f3a6668560b9d2dd67b8a2bca5e6639bf9d43401a031914,19.589920043945312,1121.0746582448483,532.9040956497192,629.2966519892216,21233664,651264,651264,3486
cora_node,test,199,99,cora_node:test:000099:fd0c35302b44dfdb,1,1721.074632,1721.0587158203125,1567.690464,153.0947,37.176089361310005,42.39723086357117,4.668504931032658,1447.435174137354,89.83699417114258,1356.4268188476562,39,0,1,36,0,494.2452163696289,127.4752317275852,17.487456005066633,61.929376006126404,17.99619203619659,63.76508712768555,3.173919916152954,20.446080207824707,2.45190691947937,cache_w8a8_m4k2v2,large_h6_n32_s100,fd0c35302b44dfdb3f3239e64a78f41e8811780bfb6f2c3aeccb97647e78ef6c,19.47542381286621,550.1410568356514,530.3359031677246,295.42528265714645,10223616,651264,651264,1722
cora_node,val,0,0,cora_node:val:000000:32040cc0b95f2b8d,2,5426.558472,5426.53369140625,5300.39357,125.59043,443.6787134036422,416.9791080057621,17.100241966545582,4274.585262872279,347.73193359375,3923.0133666992188,139,0,1,60,0,849.493953704834,213.99631998874247,29.557248000986874,89.98931204155087,26.73699198756367,252.4335708618164,12.893247842788696,72.83331108093262,9.57180380821228,cache_w8a8_m4k2v2,large_h6_n32_s100,32040cc0b95f2b8de3dc080c851b01e14c370f0301d8e0ab7ccb17c80db2a4e5,130.91529846191406,1919.4019847512245,909.0133438110352,1225.5133365988731,36438016,1311744,1311744,5922
cora_node,val,1,1,cora_node:val:000001:77689caf8a6f5541,2,3408.115053,3408.11083984375,3303.051042,104.662089,107.23741073161364,43.993473052978516,12.267842888832092,3046.9953399151564,211.6547508239746,2832.8009033203125,101,0,1,48,0,647.8453779220581,161.8933439552784,22.316799988038838,71.66671998426318,21.42761597596109,145.8061122894287,7.124575853347778,53.1976957321167,5.526366949081421,cache_w8a8_m4k2v2,large_h6_n32_s100,77689caf8a6f5541217b344d4c07901caa669836faff207418844ace493691ac,20.946720123291016,1397.2727978527546,695.2405118942261,761.2343136966228,26476544,746496,746496,4326
cora_node,val,2,2,cora_node:val:000002:172c61f8080c8dca,2,4148.175082,4148.17529296875,4058.527864,89.202457,136.7201702669263,42.21396706998348,15.451955609023571,3740.794025361538,281.8628158569336,3455.7525024414062,130,0,1,48,0,650.3876447677612,161.11638399213552,23.473887955769897,71.67004796117544,21.145759982056916,197.3791961669922,9.972000002861023,67.15286350250244,7.358756184577942,cache_w8a8_m4k2v2,large_h6_n32_s100,172c61f8080c8dcaf9fa4f0fdf16968c9f5d12a025177168e2ea2a1fb0c304c9,19.46735954284668,1792.5505265891552,698.078685760498,984.5906496345997,34078720,897024,897024,5544
cora_node,val,3,3,cora_node:val:000003:5d7b6f9e6623451c,2,3221.038596,3221.033203125,3133.582502,87.079555,99.43649545311928,43.55551302433014,10.997636243700981,2894.7977675125003,191.09862327575684,2701.3721618652344,92,0,1,36,0,708.3661193847656,137.24211174156517,17.309023999609053,254.87964287400246,16.080191985704005,132.49612998962402,6.511775970458984,47.06099271774292,5.029724597930908,cache_w8a8_m4k2v2,large_h6_n32_s100,5d7b6f9e6623451ca26e5d6bc121f0ed1d0ed495702b5bfbd69f20c1fcc790fc,19.626943588256836,1274.3576275408268,744.1614656448364,702.480012267828,24117248,609792,609792,3948
cora_node,val,4,4,cora_node:val:000004:1b7bd54e4a73e24c,2,4695.513979,4695.517578125,4544.186966,150.89093,133.89618787914515,42.773352935910225,14.8403225466609,4235.305454581976,306.18588638305664,3926.0564575195312,124,0,1,90,0,1246.1721639633179,322.59967978764325,45.930112027563155,134.2876159362495,39.630976006388664,221.79389572143555,11.402911901473999,64.82678413391113,8.162294626235962,cache_w8a8_m4k2v2,large_h6_n32_s100,1b7bd54e4a73e24cb85821085fdcea9e8ae461a9e53686fb3b7b3e359c5bb41e,19.699615478515625,1711.1600327789783,1334.974368095398,899.6216721236706,32505856,2248704,2248704,5292
cora_node,val,5,5,cora_node:val:000005:4dff67568d9914d4,2,3461.06831,3461.0634765625,3373.493036,87.172561,104.90621998906136,42.27072186768055,12.226627208292484,3120.1858781278133,232.51795196533203,2885.0972595214844,103,0,1,48,0,655.2929611206055,166.3381437845528,23.889824023470283,71.6562239844352,21.159583980217576,164.23248291015625,8.284640073776245,53.84265613555908,6.158172845840454,cache_w8a8_m4k2v2,large_h6_n32_s100,4dff67568d9914d4af8056819ec5addb902b85f28f46fdc1003bce4d07cbc91e,19.484224319458008,1425.1652826666832,702.6459522247314,776.7702489495277,27000832,1044480,1044480,4410
cora_node,val,6,6,cora_node:val:000006:6814b7788436b646,2,4381.874352,4381.87451171875,4263.805662,117.628884,132.16067291796207,42.663563042879105,15.17248060554266,3960.153976455331,303.8269462585449,3653.2017822265625,127,0,1,66,0,911.8957796096802,234.3324479032308,32.865184023045,100.29363193921745,29.194399999454618,218.92698287963867,11.041567921638489,65.9386568069458,7.9197386503219604,cache_w8a8_m4k2v2,large_h6_n32_s100,6814b7788436b6467a2b4e5ae71ad54646c294fdd7a9fe47708017e0438fcdcc,19.651744842529297,1751.8164491653442,977.0056962966919,944.0313816070557,33292288,1612800,1612800,5418
cora_node,val,7,7,cora_node:val:000007:456ece498f97e7b5,2,3945.334223,3945.331298828125,3827.080088,117.831529,122.69844673573971,42.294953018426895,13.957181945443153,3537.9210552200675,260.4505920410156,3274.5796508789062,117,0,1,54,0,746.0610256195068,192.10748795233667,26.970368032343686,81.52041598409414,24.13763196952641,183.046142578125,9.241567969322205,61.3493766784668,6.8135048151016235,cache_w8a8_m4k2v2,large_h6_n32_s100,456ece498f97e7b5608d85175de2f1d9d8cd45221c84d55dc47d73f497b6a662,19.49648094177246,1615.740287721157,799.5066566467285,878.8291874527931,30670848,1107456,1107456,4998
cora_node,val,8,8,cora_node:val:000008:f573b11ddb68486b,2,3870.203023,3870.19970703125,3797.739732,72.049874,335.4070410132408,43.6001205816865,14.012769795954227,3304.2209716513753,261.60620880126953,3039.7072143554688,117,0,1,36,0,511.2423048019409,142.88358347676694,17.31276798993349,53.943551966920495,16.218399992212653,184.19248008728027,9.182528018951416,61.38329601287842,6.847904682159424,cache_w8a8_m4k2v2,large_h6_n32_s100,f573b11ddb68486b3d9fd810b732898df800112e2af4d43f5d3981396e564b76,19.619264602661133,1616.1850547790527,546.6911029815674,896.4503211975098,30670848,514560,514560,4998
cora_node,val,9,9,cora_node:val:000009:09ed79371001663a,2,4126.013033,4126.00927734375,4036.108416,89.479013,131.046861410141,42.3289118334651,14.960922300815582,3728.0148640275,278.0538520812988,3446.8740844726562,125,0,1,54,0,748.8674554824829,193.10742408409715,26.830399985425174,80.81961583718657,23.90070398617536,195.74956893920898,9.755936026573181,65.27711868286133,7.2712284326553345,cache_w8a8_m4k2v2,large_h6_n32_s100,09ed79371001663a8b412c7f8dd857a965fdd1864d4e1c4e771cc35619d16d6f,19.51068878173828,1724.4290547966957,802.3098268508911,939.6458916068077,32768000,1107456,1107456,5334
cora_node,val,10,10,cora_node:val:000010:8cd99110c8ff3062,2,2994.640883,2994.631103515625,2843.198642,151.032617,90.11055715382099,42.5491938367486,10.08534710854292,2621.469410136342,202.5516815185547,2416.7389221191406,84,0,1,42,0,590.9540481567383,152.63164794258773,20.59267199318856,68.43238413892686,18.75231997668743,146.47635078430176,7.362943887710571,43.24841594696045,5.463970899581909,cache_w8a8_m4k2v2,large_h6_n32_s100,8cd99110c8ff3062292c8496fdd01884ec89cae95f9d14b6e17694c491694a10,19.64944076538086,1165.7467840909958,632.4219827651978,638.2195960283279,22020096,826368,826368,3612
cora_node,val,11,11,cora_node:val:000011:0f0a5a1062c8d990,2,3540.914462,3540.906494140625,3389.795277,150.69347,120.05131226032972,42.390214279294014,12.460241094231606,3112.247205339372,238.63359832763672,2870.9930419921875,105,0,1,42,0,594.1249589920044,164.22966419439763,20.85635198187083,63.112415950745344,18.63663997873664,168.42710494995117,8.471840023994446,55.45766544342041,6.276987910270691,cache_w8a8_m4k2v2,large_h6_n32_s100,0f0a5a1062c8d99040c0eedb42d64be48399250605cc414c159a7b752afaea19,19.50819206237793,1452.2874870300293,635.5217590332031,802.691987991333,27525120,847872,847872,4494
cora_node,val,12,12,cora_node:val:000012:e68ab2deaa767559,2,3085.977203,3085.966796875,2998.272918,87.341768,102.34642587602139,42.3980513587594,11.431713588535786,2756.2320539727807,183.8328971862793,2569.9751892089844,96,0,1,36,0,492.75878524780273,125.98444793280214,17.302495994605124,54.289759984239936,15.901791979558766,123.62806701660156,5.932191967964172,49.52511978149414,4.747518420219421,cache_w8a8_m4k2v2,large_h6_n32_s100,e68ab2deaa7675595855716311acbebe6d3127faa780ccefd02506dd49341245,19.509279251098633,1328.6852157711983,528.2550106048584,732.5442420840263,25165824,651264,651264,4116
cora_node,val,13,13,cora_node:val:000013:0860ee00460e146d,2,676.563773,676.5433959960938,604.868756,71.477575,6.905253045260906,41.91441647708416,0.6331177428364754,544.0761130303144,7.341184020042419,536.3423919677734,5,0,1,30,0,407.5657596588135,103.61094403546304,13.939296022988856,44.97673596441746,13.294079964980483,4.7206079959869385,0.19977600313723087,2.1535359621047974,0.2672640588134527,cache_w8a8_m4k2v2,large_h6_n32_s100,0860ee00460e146d038b3f8392d3eb2f4abc2c0c24bd13a8dacf09e1b696d00a,19.341440200805664,89.1695040166378,437.2025909423828,29.311737209558487,1310720,454656,454656,294
cora_node,val,14,14,cora_node:val:000014:c972fa05769b65c0,2,3673.192047,3673.184814453125,3553.261126,119.564713,100.72558093816042,42.222876101732254,11.223368346691132,3301.4794951304793,199.80553436279297,3099.2978515625,94,0,1,60,0,833.2387208938599,215.80080005154014,29.97545598167926,90.85167993605137,26.842143981717527,139.50870513916016,6.853791952133179,48.169471740722656,5.2735655307769775,cache_w8a8_m4k2v2,large_h6_n32_s100,c972fa05769b65c080100870b064144ec7cf6a4b1d7174410965054b5220daa2,19.43814468383789,1301.6392972767353,892.4747867584229,924.6219122111797,24641536,1319424,1319424,4032
cora_node,val,15,15,cora_node:val:000015:7860cc9e87b16e39,2,3820.837973,3820.830078125,3702.710079,117.726272,122.17206321656704,42.354864068329334,13.759652152657509,3420.860239304602,270.54054260253906,3147.4645385742188,115,0,1,48,0,654.856448173523,165.76985615678132,23.448991989716887,71.37900805287063,21.51939198654145,193.7088623046875,9.922592043876648,59.76688003540039,7.142208218574524,cache_w8a8_m4k2v2,large_h6_n32_s100,7860cc9e87b16e39de2de402e32a925819a9fff749261c257a3a9988ba8a9f81,19.436767578125,1589.2728001773357,702.1804790496826,875.4480269253254,30146560,1044480,1044480,4914
cora_node,val,16,16,cora_node:val:000016:f32d2923dd6418be,2,3807.618789,3807.611572265625,3689.428894,117.785225,124.06781129539013,41.96286108344793,14.183491468429565,3402.113573625684,257.8282890319824,3141.34375,119,0,1,42,0,582.6820154190063,152.00908790994436,20.337472000159323,63.130655974149704,18.59196798596531,179.26313591003418,8.932063937187195,62.889984130859375,6.743105053901672,cache_w8a8_m4k2v2,large_h6_n32_s100,f32d2923dd6418bebe8ada92b42ccb060475dde1d252f130e5de2dbd5b2a4177,19.36332893371582,1630.0570258796215,625.2414054870605,905.4086475670338,31195136,734208,734208,5082
cora_node,val,17,17,cora_node:val:000017:001227f32c85f0ec,2,3106.561695,3106.54931640625,2986.037953,120.055292,99.92441162467003,42.28396899998188,11.44887413829565,2746.241961605847,183.5662078857422,2560.2384033203125,96,0,1,36,0,493.3131523132324,126.54249600507319,17.35948800481856,53.90742402151227,16.038111984729767,123.50179290771484,5.937280058860779,49.368255615234375,4.75887930393219,cache_w8a8_m4k2v2,large_h6_n32_s100,001227f32c85f0ece738bdac5e9d63bf9ee23945eddc92d44f1a7f893c6bb68d,19.535232543945312,1318.0158715844154,528.6981115341187,733.0596527457237,25165824,651264,651264,4116
cora_node,val,18,18,cora_node:val:000018:6ce65e1c7c0c94ef,2,4244.605768,4244.5986328125,4126.150064,117.982253,137.27755844593048,43.446107767522335,15.668749809265137,3813.691008836031,314.4862403869629,3495.9808349609375,131,0,1,48,0,682.3361911773682,187.21216009091586,23.50787198357284,72.82015999406576,21.313823980279267,225.65462493896484,11.557151794433594,68.98281574249268,8.291647911071777,cache_w8a8_m4k2v2,large_h6_n32_s100,6ce65e1c7c0c94ef3d7d047887beb54c47e8f6ddec8294a4fe63dc209a302842,20.6496639251709,1794.9234263896942,729.3039331436157,992.4031393527985,34340864,900096,900096,5586
cora_node,val,19,19,cora_node:val:000019:3ceac226ed43f1c1,2,3607.812571,3607.801513671875,3487.800094,119.594867,132.5573269277811,42.35037788748741,13.243827037513256,3190.441904589534,222.74540328979492,2964.9254455566406,111,0,1,42,0,578.4519329071045,150.5481281587854,20.328223987482488,63.4405120536685,18.493792000226676,151.68886375427246,7.422047972679138,57.8658561706543,5.768635392189026,cache_w8a8_m4k2v2,large_h6_n32_s100,3ceac226ed43f1c18cc6acb41ff4db088b2653a73733f1c9344b54f69cbda7f4,19.55526351928711,1521.5288632810116,619.7513303756714,843.2005154192448,29097984,847872,847872,4746
cora_node,val,20,20,cora_node:val:000020:81153c37c7d05390,2,3415.406984,3415.39599609375,3312.56175,102.449835,107.67136234790087,42.03424043953419,12.000375427305698,3060.6985008344054,212.67583847045898,2845.4838256835938,101,0,1,48,0,675.5179214477539,181.49260805919766,24.11606399063021,71.90108799003065,21.224351982586086,146.50342559814453,7.168767929077148,53.46700859069824,5.5366363525390625,cache_w8a8_m4k2v2,large_h6_n32_s100,81153c37c7d053901f9540861759677a595aa97e8ae544d616c2d23736bd2dc4,19.508832931518555,1386.773794800043,722.6569938659668,755.5618699491024,26476544,1013760,1013760,4326
cora_node,val,21,21,cora_node:val:000021:fc5bfbf6fdd8e29d,2,4291.429816,4291.42138671875,4204.007763,86.977968,360.9272735193372,42.55580063909292,14.425466768443584,3670.6019695848227,244.6665267944336,3422.9237060546875,121,0,1,60,0,825.236798286438,215.46656003408134,28.428991986438632,89.22300794534385,26.164927982725203,167.3158721923828,8.275392174720764,62.747679710388184,6.3275827169418335,cache_w8a8_m4k2v2,large_h6_n32_s100,fc5bfbf6fdd8e29d7fbe71e367245e52ed570813b80ffdb29ec5f6daf44c521d,19.567264556884766,1656.7093129754066,884.1042213439941,901.6774362921715,31719424,1122816,1122816,5166
cora_node,val,22,22,cora_node:val:000022:ee5c361ce1ad5fc6,2,772.629503,772.6082153320312,622.48283,149.918633,7.082671858370304,41.765847243368626,0.6367908790707588,563.66569083184,6.2565120458602905,557.0099868774414,5,0,1,30,0,429.0087070465088,120.60483211278915,14.219328013248742,45.21206399053335,13.465151994489133,3.772511899471283,0.16249600052833557,2.075168013572693,0.24633613228797913,cache_w8a8_m4k2v2,large_h6_n32_s100,ee5c361ce1ad5fc66022d08fbcba437f002eec019cb85b367f405b797a45d74a,19.29654312133789,88.48854351043701,458.48201847076416,29.335968017578125,1310720,233472,233472,294
cora_node,val,23,23,cora_node:val:000023:653fb92078e2817b,2,2967.125782,2967.1123046875,2863.975314,102.784043,91.7665371671319,43.28709188848734,10.361078195273876,2632.816250436008,186.87305641174316,2443.709503173828,87,0,1,42,0,571.9936304092407,144.64719986636192,20.465983984991908,62.62515203654766,18.448448005132377,130.42720222473145,6.413824081420898,45.091904640197754,4.940125465393066,cache_w8a8_m4k2v2,large_h6_n32_s100,653fb92078e2817b6b80e8da0ab4e49c60c2e35c219ce170a0ea58d2a52209c0,20.582080841064453,1197.1636476814747,613.1066217422485,654.0213145911694,22806528,847872,847872,3738
cora_node,val,24,24,cora_node:val:000024:e57828c39ee81537,2,4103.328234,4103.31884765625,4030.850181,72.055885,132.89010617882013,42.5637885928154,15.433717519044876,3730.676562525332,305.77074813842773,3421.7290649414062,129,0,1,48,0,657.8229751586914,166.02998428232968,24.01952000427991,71.33884799107909,21.08095997851342,219.26192092895508,11.359103798866272,67.11308765411377,8.036635756492615,cache_w8a8_m4k2v2,large_h6_n32_s100,e57828c39ee81537cd4dc7957c24a27aa85a6131f03f887a97bf979e6f9b093d,19.63737678527832,1765.1103683412075,705.1585597991943,971.0975135862827,33816576,1044480,1044480,5502
cora_node,val,25,25,cora_node:val:000025:532c3f0600e60f69,2,1715.412083,1715.3934326171875,1564.941127,150.199715,40.77299777418375,41.8501440435648,6.1690956354141235,1430.1308197900653,79.80700874328613,1349.1757202148438,39,0,1,36,0,498.5096025466919,131.27775998972356,17.198752015829086,54.133376048877835,15.808159980922937,54.63273525238037,2.6828480064868927,20.34563183784485,2.1457936465740204,cache_w8a8_m4k2v2,large_h6_n32_s100,532c3f0600e60f698bf02a8724ffdd4309bb4e6754d6fb0f6c6acb895d63cda2,19.3571834564209,547.6823988854885,533.7322235107422,287.11828127503395,10223616,505344,505344,1722
cora_node,val,26,26,cora_node:val:000026:47960a5bc95ed3fe,2,4190.696288,4190.68603515625,4042.036601,148.237976,122.12808150798082,41.94962698966265,14.454815536737442,3748.5594591125846,239.95312118530273,3505.6170043945312,121,0,1,66,0,907.8991708755493,233.37104002386332,32.763615942560136,98.49449603445828,28.831039991229773,162.99203300476074,7.954239845275879,62.78630447387695,6.22054386138916,cache_w8a8_m4k2v2,large_h6_n32_s100,47960a5bc95ed3fedb36ceb1169e290cff9559b75c8b9b05ed8874baff01d4eb,19.359359741210938,1657.5845129191875,972.6568956375122,894.7349555790424,31719424,1491456,1491456,5166
cora_node,val,27,27,cora_node:val:000027:f45becbe7effa564,2,3955.244865,3955.233154296875,3804.72278,150.109496,120.39282266050577,42.01070126146078,13.799034990370274,3519.858682528138,245.44191360473633,3271.5338745117188,116,0,1,42,0,581.1098232269287,152.01417614333332,20.318239997141063,62.776480017229915,18.786335999146104,170.7936954498291,8.489855885505676,59.72694492340088,6.431417346000671,cache_w8a8_m4k2v2,large_h6_n32_s100,f45becbe7effa5645841682460d17620f32a7cd8b77de8ee97b7fcd07dca084a,19.401504516601562,1589.5103052854538,622.2044477462769,1079.2206259965897,30408704,714240,714240,4956
cora_node,val,28,28,cora_node:val:000028:6ded904a1002dc74,2,4568.425106,4568.4150390625,4448.142554,119.864007,128.57681792229414,42.486279271543026,14.714621007442474,4156.427915208042,282.33795166015625,3871.0409545898438,123,0,1,90,0,1232.1284465789795,314.607199748978,45.654495942406356,133.19545602612197,39.20300799142569,199.51119995117188,10.103775978088379,65.35785675048828,7.365118980407715,cache_w8a8_m4k2v2,large_h6_n32_s100,6ded904a1002dc74077985daa12927c42db514dc520b7b77c67f822af904448a,19.596736907958984,1685.5573401749134,1320.2394561767578,884.8408951461315,32243712,2416128,2416128,5250
cora_node,val,29,29,cora_node:val:000029:07d0144ff3ceb12e,2,4619.085223,4619.0751953125,4530.443185,88.093369,121.47374078631401,42.17296186834574,14.830751344561577,4236.116394400597,307.6611518859863,3925.3812866210938,124,0,1,90,0,1263.0187149047852,341.45865547005087,45.072543980553746,133.85503991693258,39.93276795744896,222.97132873535156,11.482399940490723,65.02742290496826,8.180000305175781,cache_w8a8_m4k2v2,large_h6_n32_s100,07d0144ff3ceb12ed7afe426341e99da86f7c32b6c96360aedbb18dac61672ac,19.476608276367188,1697.7331192493439,1351.5426864624023,895.5820891857147,32505856,2219520,2219520,5292
cora_node,val,30,30,cora_node:val:000030:455cba2d7fc3150f,2,4086.302237,4086.288818359375,3998.666188,87.180709,133.17565619945526,42.39778686314821,15.56718535721302,3691.2577515468,293.42822265625,3394.6126098632812,131,0,1,42,0,582.1148147583008,152.96073579322547,20.096127964556217,64.26876802742481,18.728415982797742,206.4280014038086,10.40777599811554,68.96300792694092,7.629437327384949,cache_w8a8_m4k2v2,large_h6_n32_s100,455cba2d7fc3150f9535d2dc25f18547fd6d70175c3a7617f01985af8e80077a,19.653663635253906,1794.6817273497581,623.1696672439575,996.4148789048195,34340864,551424,551424,5586
cora_node,val,31,31,cora_node:val:000031:33e8426840fb4795,2,3453.259292,3453.245849609375,3332.957407,119.936091,95.11978179216385,42.43589844554663,9.889036417007446,3096.628149971366,172.8486385345459,2921.6329040527344,83,0,1,66,0,1135.8315525054932,229.66595193836838,33.071839990094304,98.47337601706386,28.827680002897978,119.59119987487793,5.826207995414734,42.88591957092285,4.545311093330383,cache_w8a8_m4k2v2,large_h6_n32_s100,33e8426840fb47951dbfaf92f3cac61b4056a010f9cc6e131f8a054e7ff82e05,19.589216232299805,1142.4218890666962,1200.5939588546753,598.2062723636627,21757952,1634304,1634304,3570
cora_node,val,32,32,cora_node:val:000032:ec041f871f85a7ed,2,3873.753994,3873.739990234375,3753.457689,119.895747,120.13737019151449,42.193738743662834,13.024229556322098,3471.438817679882,276.8096580505371,3191.87890625,110,0,1,60,0,826.5028781890869,212.93795188050717,29.760192023590207,89.52217607013881,26.250879966653883,201.3791046142578,10.328736066818237,57.785311698913574,7.316505670547485,cache_w8a8_m4k2v2,large_h6_n32_s100,ec041f871f85a7edaf87413f57485fe823e23cef6dd5d3c8bb11f020eba7ecb0,19.428768157958984,1509.757312655449,885.3284158706665,816.2219458818436,28835840,1297920,1297920,4704
cora_node,val,33,33,cora_node:val:000033:d99e6aa72dde8276,2,3407.92212,3407.907470703125,3289.749831,117.796659,100.42358282953501,42.20831207931042,11.222087778151035,3042.2019958496094,199.96185302734375,2839.853302001953,94,0,1,60,0,818.0898208618164,206.19497615564615,30.506751976907253,89.5042559672147,26.22716800495982,139.57052993774414,6.846751928329468,48.25363254547119,5.29093861579895,cache_w8a8_m4k2v2,large_h6_n32_s100,d99e6aa72dde8276c03ab9a25648586d719760ca13be233b200b0b5682a4d3c0,19.543071746826172,1293.4906871914864,877.0085458755493,688.8971406817436,24641536,1437696,1437696,4032
cora_node,val,34,34,cora_node:val:000034:c6ac1e55dc429a4f,2,2882.481007,2882.464599609375,2777.918302,104.206691,92.04304218292236,42.1787528321147,10.378948412835598,2547.514697536826,177.32156944274902,2367.96875,87,0,1,36,0,498.9481897354126,132.6555200116709,17.188351983204484,53.50150397606194,15.934591991826892,121.56959915161133,5.9211519956588745,45.189056396484375,4.641761898994446,cache_w8a8_m4k2v2,large_h6_n32_s100,c6ac1e55dc429a4fc1b42124729ffba05ed8394093043e27892433107870aa87,19.536928176879883,1196.6085769832134,534.1124467849731,656.7846544086933,22806528,516096,516096,3738
cora_node,val,35,35,cora_node:val:000035:1da4a13ce5213d4c,2,4192.461802,4192.44921875,4074.265829,117.779173,137.61266134679317,42.157395742833614,15.961593016982079,3766.4721505716443,316.0412178039551,3447.16064453125,134,0,1,42,0,574.5401601791382,145.70713607221842,20.326399996876717,63.433407947421074,18.66543998196721,226.2232666015625,11.569503903388977,69.95785617828369,8.29059112071991,cache_w8a8_m4k2v2,large_h6_n32_s100,1da4a13ce5213d4c79c9a0bb38169caf3b45a9be12ecb3ae9d2cd3eac5fec78d,19.553855895996094,1834.236226260662,616.0463342666626,1016.4319398999214,35127296,847872,847872,5712
cora_node,val,36,36,cora_node:val:000036:804a860e7310daa9,2,3547.009806,3546.994873046875,3395.786556,150.82979,105.6921286508441,42.093539610505104,12.024098075926304,3139.988328330219,225.16252899169922,2912.2823791503906,101,0,1,54,0,741.7705602645874,192.640608176589,26.06166401412338,81.41126392222941,23.973183977417648,157.75071907043457,7.874528169631958,53.60543918609619,5.931842565536499,cache_w8a8_m4k2v2,large_h6_n32_s100,804a860e7310daa9550514fc493811a15c565d6849046cd2dc6283336da2b829,19.530624389648438,1387.5236474871635,794.7576293945312,749.5317266583443,26476544,940032,940032,4326
cora_node,val,37,37,cora_node:val:000037:b2b1c0e329a7a543,2,4442.140884,4442.126953125,4323.684914,118.004693,137.5983403995633,42.10992343723774,15.600456856191158,4013.6956805363297,317.8673286437988,3692.5987548828125,131,0,1,48,0,878.4820528030396,180.88979181740433,23.412767993286252,72.15449598617852,21.255519977770746,228.60735702514648,11.754783987998962,69.22604751586914,8.27914011478424,cache_w8a8_m4k2v2,large_h6_n32_s100,b2b1c0e329a7a54359e24ff662b6ebd70e3b5d674824299b49542416910557d9,19.519296646118164,1796.65788474679,925.5394487380981,989.9207180440426,34340864,972288,972288,5586
cora_node,val,38,38,cora_node:val:000038:fbe38da1cb98badb,2,2961.108703,2961.091064453125,2810.295504,150.448365,89.86691292375326,42.34538599848747,10.060868225991726,2587.3854476958513,203.11932754516602,2382.099609375,84,0,1,42,0,573.5160961151123,145.37440005503595,20.68607997149229,62.856287993490696,18.525727978907526,146.89410972595215,7.398015975952148,43.346911907196045,5.480289936065674,cache_w8a8_m4k2v2,large_h6_n32_s100,fbe38da1cb98badbd1dd893f4c961fbcfe5afa0e79345cd4be3f0986d0a540de,19.565120697021484,1157.6470718085766,614.6896667480469,629.327991515398,22020096,847872,847872,3612
cora_node,val,39,39,cora_node:val:000039:8e57a218b861b29b,2,4615.875151,4615.861328125,4526.175754,89.271614,130.31021039932966,42.11945179849863,14.771172776818275,4219.3135200068355,317.68982315063477,3898.5615844726562,124,0,1,90,0,1234.309377670288,315.7916163969785,44.488032007589936,133.92031996697187,39.86111997440457,232.75205993652344,11.512479901313782,65.2347526550293,8.19053065776825,cache_w8a8_m4k2v2,large_h6_n32_s100,8e57a218b861b29b7aff341dbd5e0899e71177d7377faa87b56f5781093d6fa8,19.423616409301758,1699.5060114264488,1322.7270727157593,895.7521167397499,32505856,1953792,1953792,5292
cora_node,val,40,40,cora_node:val:000040:e26e85c190581c32,2,3498.886036,3498.869384765625,3394.133016,104.348236,119.90465968847275,42.30307787656784,14.53909371048212,3111.2378016114235,208.27984237670898,2900.2611694335938,108,0,1,42,0,580.0948181152344,151.07772813085467,20.2233280017972,63.02815994434059,18.54393598344177,140.33734321594238,6.806367993354797,55.763519287109375,5.372611880302429,cache_w8a8_m4k2v2,large_h6_n32_s100,e26e85c190581c328da2e707ccea0a93e798ad0f39688260df71802a0feb298c,19.556415557861328,1483.0222370922565,621.4001941680908,815.3951537311077,28311552,803328,803328,4620
cora_node,val,41,41,cora_node:val:000041:c51927d6be580551,2,3493.717141,3493.699462890625,3342.832595,150.488796,111.49468272924423,42.25750919431448,12.549590319395065,3072.1266949549317,239.1071319580078,2830.3917541503906,105,0,1,42,0,572.9063358306885,145.4875518726185,20.281919981352985,63.27052799798548,18.42569598928094,168.75334548950195,8.478944182395935,55.57443141937256,6.300410866737366,cache_w8a8_m4k2v2,large_h6_n32_s100,c51927d6be580551a2ca89f8ad157e5cd90edc5aa008995d56b824f4c4265a1d,19.544992446899414,1441.8850856721401,614.178111076355,793.8735498487949,27525120,847872,847872,4494
cora_node,val,42,42,cora_node:val:000042:eed68a5f55951b17,2,3822.211486,3822.196044921875,3732.160714,89.660006,113.70063107460737,41.959065943956375,13.016367331147194,3465.3267599642277,230.94598388671875,3231.634033203125,110,0,1,48,0,868.0439672470093,173.76195190567523,23.359552023932338,275.8595841880888,21.13807994965464,159.55132675170898,7.824607968330383,57.53260803222656,6.03744113445282,cache_w8a8_m4k2v2,large_h6_n32_s100,eed68a5f55951b1772e17bcc77161073a57922816c32d400283534e33e2ee190,19.395519256591797,1509.5840626955032,915.1213045120239,826.3241852521896,28835840,1024512,1024512,4704
cora_node,val,43,43,cora_node:val:000043:6a9ed65042278371,2,768.010958,767.9886474609375,619.760583,148.030703,7.345898076891899,41.835302487015724,0.6315317004919052,560.632654465735,6.272672057151794,553.9726715087891,5,0,1,30,0,425.77807903289795,117.49599995464087,14.109504002146423,45.476447980850935,13.385279979556799,3.788160026073456,0.16259200125932693,2.075648009777069,0.2462720200419426,cache_w8a8_m4k2v2,large_h6_n32_s100,6a9ed65042278371752d34ed2b688c311d2a61cfba7dcc956b56f2d3c30a5056,19.322847366333008,88.59231969714165,455.2418899536133,29.46130922436714,1310720,233472,233472,294
cora_node,val,44,44,cora_node:val:000044:a9efee3f3b87a00d,2,3011.999508,3011.98193359375,2909.150156,102.496152,96.96797281503677,42.09258686751127,10.901359841227531,2673.678026534617,191.80758476257324,2479.5388793945312,92,0,1,36,0,498.92409801483154,131.7516798703,17.15801598224789,54.01523200236261,15.929439996369183,132.88991928100586,6.511872053146362,47.35632038116455,5.04947304725647,cache_w8a8_m4k2v2,large_h6_n32_s100,a9efee3f3b87a00d27cfda590333c4e66b473899ff7538fa4422deefcc9548f5,19.429855346679688,1266.1714590787888,534.1919364929199,698.6053391695023,24117248,626688,626688,3948
cora_node,val,45,45,cora_node:val:000045:820a29778817699f,2,3591.752982,3591.735595703125,3440.909348,150.457672,107.18997195363045,42.00313147157431,11.959115974605083,3177.7998553588986,207.25478744506836,2968.0228881835938,100,0,1,60,0,817.1488962173462,205.91939205210656,29.54547203797847,90.48012792691588,26.256703971885145,143.2142391204834,7.031872034072876,51.581024169921875,5.42765212059021,cache_w8a8_m4k2v2,large_h6_n32_s100,820a29778817699fe1d35729c80dd568fefbe7fde8c5a544b7b370fe302e03a2,19.415359497070312,1374.1560317575932,876.0541381835938,737.2280777394772,26214400,1437696,1437696,4284
cora_node,val,46,46,cora_node:val:000046:bf80cdbf6da3428c,2,3673.772609,3673.75439453125,3553.520828,119.841284,125.33472385257483,42.508967220783234,13.975512236356735,3266.115814447403,255.30127716064453,3007.889617919922,117,0,1,36,0,499.5683193206787,131.7104318458587,17.096544015221298,54.34144000336528,16.26153598446399,178.20985794067383,8.836672186851501,61.57862377166748,6.676123261451721,cache_w8a8_m4k2v2,large_h6_n32_s100,bf80cdbf6da3428cc4bbd9edc7ff0d2c68a569c568fe2496c00f2705cb728369,19.602272033691406,1604.0165463984013,534.9085445404053,888.5667990148067,30670848,609792,609792,4998
cora_node,val,47,47,cora_node:val:000047:0afecca2ba063232,2,3211.191402,3211.174072265625,3092.720915,118.11143,92.74137672036886,42.16038063168526,9.854882955551147,2862.6843616366386,173.08108711242676,2687.4586486816406,83,0,1,66,0,901.803747177124,230.32035213336349,32.84047996811569,98.09398411028087,28.69721599947661,119.76054382324219,5.823392033576965,42.947328090667725,4.54982316493988,cache_w8a8_m4k2v2,large_h6_n32_s100,0afecca2ba0632322dff2090f9ffe62098528a0619a6d5794bda25afde60ed8f,19.507200241088867,1143.1721909344196,966.596510887146,597.1971471011639,21757952,1634304,1634304,3570
cora_node,val,48,48,cora_node:val:000048:f2eda85aa4730b7d,2,1717.06384,1717.0438232421875,1566.41544,150.39302,41.62285570055246,41.80476721376181,4.670831374824047,1431.8526908755302,79.94099235534668,1350.7524108886719,39,0,1,36,0,500.60070419311523,130.91225610673428,17.373344010673463,53.705631932243705,17.30995203088969,54.723039627075195,2.6788480281829834,20.392320156097412,2.146784543991089,cache_w8a8_m4k2v2,large_h6_n32_s100,f2eda85aa4730b7d5152db4e5c739a5c111ebfa6b1747f81495839b4b855f24e,19.332319259643555,548.0535367429256,535.8738231658936,286.15737023949623,10223616,576000,576000,1722
cora_node,val,49,49,cora_node:val:000049:f9db0bb282a0f26d,2,3003.398217,3003.3798828125,2900.756476,102.285937,93.16838346421719,42.04717092216015,10.894387029111385,2671.8570897355676,192.11219215393066,2477.4028930664062,92,0,1,36,0,498.5128002166748,131.89686391782016,17.16508800070733,53.64451200887561,15.915007987059653,133.11350440979004,6.536127924919128,47.41203260421753,5.050527215003967,cache_w8a8_m4k2v2,large_h6_n32_s100,f9db0bb282a0f26deb4dd94192fb6cc10e995f6a403f1200c5074342e9259f58,19.509920120239258,1265.8487682938576,533.7592658996582,697.3047789931297,24117248,626688,626688,3948
cora_node,val,50,50,cora_node:val:000050:136733865ec981c8,2,3759.920113,3759.902099609375,3641.668803,117.867459,98.26690144836903,41.94651264697313,11.851981282234192,3391.3731314241886,207.5024070739746,3181.3509216308594,100,0,1,60,0,1032.7728595733643,215.46288001164794,29.955423991195858,91.15046407282352,26.593631962314248,143.40380859375,7.048543930053711,51.61193561553955,5.438118934631348,cache_w8a8_m4k2v2,large_h6_n32_s100,136733865ec981c834ebf3cd6c226f66dfa2dbd64d0e6fbc4c1894fe9548bd42,19.392608642578125,1373.5885116159916,1091.923586845398,735.231431812048,26214400,1319424,1319424,4284
cora_node,val,51,51,cora_node:val:000051:386c85b59087d5c1,2,3403.232676,3403.215087890625,3283.2423,119.613907,93.7899760901928,42.12881065905094,11.177252978086472,3042.158856987953,200.5398712158203,2839.2312622070312,94,0,1,60,0,818.042818069458,206.5306237777695,29.886975980363786,90.04572802595794,26.389663974754512,140.00060653686523,6.886559963226318,48.351807594299316,5.300897121429443,cache_w8a8_m4k2v2,large_h6_n32_s100,386c85b59087d5c1920d23250d5c48973873364f8aab3103716dfc5045738d5e,19.486783981323242,1292.8515855967999,877.0086755752563,688.8577850162983,24641536,1437696,1437696,4032
cora_node,val,52,52,cora_node:val:000052:d37007c70ec9a7a6,2,3734.861337,3734.844482421875,3585.182361,149.175626,115.47343153506517,42.052365839481354,13.62859271466732,3314.506961032748,247.83318710327148,3063.810516357422,115,0,1,42,0,592.9785614013672,161.615743807517,20.28035199549049,63.512607952579856,18.64876798633486,173.12124824523926,8.600927948951721,59.61084842681885,6.500162482261658,cache_w8a8_m4k2v2,large_h6_n32_s100,d37007c70ec9a7a6eb9ef082ccb8c4a765a048e475ab376d1ef6d76fdb3daa0c,19.440351486206055,1577.452703088522,634.2408628463745,871.5573019087315,30146560,577536,577536,4914
cora_node,val,53,53,cora_node:val:000053:100a45829f4f70fe,2,4189.823648,4189.80810546875,4038.829776,150.56977,119.25302911549807,42.15781390666962,14.369362965226173,3752.2676521912217,241.1375389099121,3508.1402587890625,121,0,1,66,0,909.1158761978149,233.8322878992185,32.895071991719306,98.64134385250509,29.10403196606785,164.040864944458,7.981855869293213,62.893632888793945,6.221185207366943,cache_w8a8_m4k2v2,large_h6_n32_s100,100a45829f4f70fe6c9ef085f0803a5509b7653bcf788b30c81773573d76639e,19.49817657470703,1659.2709123194218,973.9199047088623,894.4476183354855,31719424,1491456,1491456,5166
cora_node,val,54,54,cora_node:val:000054:1dd3915592a8d466,2,3446.241111,3446.22216796875,3356.565239,89.265517,107.17121418565512,42.081860825419426,12.155230157077312,3110.0451508536935,233.9115219116211,2873.5414123535156,103,0,1,48,0,658.4965763092041,166.48527993820608,23.592223989777267,72.03011197969317,21.24995199032128,165.2873249053955,8.265600085258484,54.17129707336426,6.187299847602844,cache_w8a8_m4k2v2,large_h6_n32_s100,1dd3915592a8d466fb61643b26ca9143c8e4a604a6d2f6a7baea2f0de1f35e21,19.493663787841797,1415.547196239233,705.7795877456665,771.7082921564579,27000832,1044480,1044480,4410
cora_node,val,55,55,cora_node:val:000055:23e56fcfab6d436a,2,4428.174038,4428.15576171875,4277.086049,150.663292,125.80124102532864,42.074923403561115,14.428949914872646,3982.6573031023145,241.2720947265625,3738.3935546875,121,0,1,66,0,903.7629747390747,231.42307177186012,32.69488001335412,98.37007999792695,28.86073597893119,164.10633659362793,7.984383940696716,62.95232009887695,6.229054093360901,cache_w8a8_m4k2v2,large_h6_n32_s100,23e56fcfab6d436acd42909da08a85f14463ac5d08f67fcb8aae66b34c6bbaa0,19.463008880615234,1659.7389775812626,968.5571842193604,1129.5604017674923,31719424,1634304,1634304,5166
cora_node,val,56,56,cora_node:val:000056:c151f9a66a32351a,2,771.788354,771.7652587890625,623.283067,148.275081,11.634663678705692,42.044094763696194,0.616452656686306,559.7107484936714,6.279200077056885,553.0251007080078,5,0,1,30,0,424.3832950592041,117.13244808092713,14.062975981272757,45.04735998995602,13.298655987717211,3.8000320196151733,0.16220800019800663,2.069983959197998,0.24697609804570675,cache_w8a8_m4k2v2,large_h6_n32_s100,c151f9a66a32351ab6f194220d8f27ec42086c69ca743b64ed744b43adf6b587,19.447647094726562,88.64156892895699,453.8389778137207,29.992201060056686,1310720,233472,233472,294
cora_node,val,57,57,cora_node:val:000057:9f73df790656f24f,2,4213.192495,4213.1748046875,4095.095543,117.67838,141.16520155221224,41.99579171836376,15.899062156677246,3788.921106606722,319.55567932128906,3466.0872802734375,134,0,1,42,0,586.3495655059814,156.78083182312548,20.616671975702047,62.82304002158344,18.569631977006793,229.21507263183594,11.81494414806366,70.23113632202148,8.294526219367981,cache_w8a8_m4k2v2,large_h6_n32_s100,9f73df790656f24fde0f494f61a57314c0d43c3d5dd13f03bf9fc3b4c1cdd6a1,19.45702362060547,1838.4664323031902,627.6614103317261,1019.4164612591267,35127296,775680,775680,5712
cora_node,val,58,58,cora_node:val:000058:0e84393309af431f,2,3553.926631,3553.908447265625,3435.548648,117.993059,114.35307748615742,42.4314308911562,12.493983842432499,3169.444472528994,230.89593505859375,2935.910919189453,105,0,1,48,0,681.1217575073242,186.40752005856484,23.467743983492255,72.18646402843297,21.498463975265622,161.37686347961426,7.952160000801086,55.52352046966553,6.043391108512878,cache_w8a8_m4k2v2,large_h6_n32_s100,0e84393309af431ff31aca0bf20b6a3e432553f78bae4466b8c8e5df0397a96b,19.58883285522461,1441.067390203476,728.350884437561,786.0814774036407,27525120,718848,718848,4494
cora_node,val,59,59,cora_node:val:000059:7a1a5d6d1b8a27ba,2,4123.497524,4123.4794921875,4033.605349,89.467444,131.2469309195876,42.01842658221722,15.36531187593937,3730.6740833446383,284.2672348022461,3443.2080688476562,130,0,1,48,0,654.2183017730713,165.82035203278065,23.371168000623584,71.32748802192509,21.03299199976027,199.48655700683594,9.946591973304749,67.46195220947266,7.3721336126327515,cache_w8a8_m4k2v2,large_h6_n32_s100,7a1a5d6d1b8a27ba07e758ab9bd2ea205f3845421fcdb7a2d95ccc2ad120f537,19.42508888244629,1781.1896632313728,701.381311416626,980.0621830821037,34078720,1044480,1044480,5544
cora_node,val,60,60,cora_node:val:000060:8515adbde4b51c9f,2,3091.324237,3091.304443359375,2940.449253,150.508727,85.49183141440153,42.46101621538401,10.319835506379604,2716.9586261734366,191.67673873901367,2523.0481872558594,87,0,1,48,0,649.9952602386475,163.4506236454472,22.99452796485275,72.30508803017437,21.256031989119947,134.52892875671387,6.666399955749512,45.40560007095337,5.075809955596924,cache_w8a8_m4k2v2,large_h6_n32_s100,8515adbde4b51c9f92d0b0e3262fe10b8a954e7035be2f040182e9e5d2d208a5,19.698944091796875,1198.491968870163,697.0334405899048,647.2217218875885,22806528,897024,897024,3738
cora_node,val,61,61,cora_node:val:000061:2ebaa5e613607afa,2,3733.500065,3733.481201171875,3615.142307,117.961279,113.75980265438557,42.021739296615124,13.719841837882996,3338.865433819592,270.70012283325195,3065.2763061523438,116,0,1,42,0,572.3264331817627,144.96271999087185,20.332800010219216,63.62752006016672,18.58655998390168,193.60111808776855,9.768895983695984,60.20982360839844,7.120285153388977,cache_w8a8_m4k2v2,large_h6_n32_s100,2ebaa5e613607afac554b845f2a72ffa051fa31539eae898c74059add740ab3c,19.400672912597656,1592.0783668160439,613.4405755996704,879.1580366492271,30408704,847872,847872,4956
cora_node,val,62,62,cora_node:val:000062:7b1323f9de6f884a,2,4454.003832,4453.9853515625,4333.332646,120.260398,323.88008013367653,42.54417773336172,14.34706524014473,3850.9358391165733,263.1933135986328,3584.7184448242188,121,0,1,72,0,989.1152362823486,253.36176010593772,35.923647987656295,106.68035197071731,31.433983984403312,184.15564918518066,9.089760065078735,63.09369659423828,6.854207754135132,cache_w8a8_m4k2v2,large_h6_n32_s100,7b1323f9de6f884a62e734806f77ba20f800df04fa59a2325726807c1899956a,19.55187225341797,1658.3136330842972,1059.653793334961,886.3028906583786,31719424,1706496,1706496,5166
cora_node,val,63,63,cora_node:val:000063:026908a977010a0c,2,3015.521416,3015.5009765625,2941.058983,74.099092,84.78232566267252,42.214193381369114,10.372653603553772,2719.652925617993,191.49110412597656,2525.9297485351562,87,0,1,48,0,654.884895324707,166.21273577399552,23.428896020166576,72.02643193677068,21.05497597437352,134.38675117492676,6.627871990203857,45.3983359336853,5.0781450271606445,cache_w8a8_m4k2v2,large_h6_n32_s100,026908a977010a0cf320de0a85718530404634fc856eea140ec3aad0ee23390e,19.533599853515625,1198.1257916092873,702.0411853790283,645.2963714003563,22806528,1044480,1044480,3738
cora_node,val,64,64,cora_node:val:000064:c5d399c781d32e51,2,4257.582393,4257.564453125,4139.461776,117.718228,119.33582462370396,42.49315708875656,14.432061463594437,3861.516478471458,263.2230682373047,3595.2810668945312,121,0,1,72,0,998.1222696304321,261.43267193622887,35.98768001887947,106.78070399351418,31.412991983816028,183.89721488952637,9.161247849464417,63.2979211807251,6.866684317588806,cache_w8a8_m4k2v2,large_h6_n32_s100,c5d399c781d32e51e9fc72934831bf51694c2884e0e49dbc83024497da53d9b3,19.613567352294922,1659.2383041381836,1068.8753604888916,886.780969619751,31719424,1546752,1546752,5166
cora_node,val,65,65,cora_node:val:000065:ee6c009ba17d22c1,2,3143.66433,3143.644287109375,3038.479163,104.814269,89.38829321414232,42.11795050650835,10.80214325338602,2815.402959473431,189.32195281982422,2623.7603149414062,91,0,1,48,0,665.6055355072021,172.6027199551463,23.504704041406512,72.91728003509343,21.225087975151837,130.0442886352539,6.350335955619812,47.98390340805054,4.943424820899963,cache_w8a8_m4k2v2,large_h6_n32_s100,ee6c009ba17d22c12ae9f6fa7496abf08cb0cbb8408d523ff2616bcfcb0c15ee,19.462303161621094,1252.2852813601494,712.6087684631348,678.3285682797432,23855104,1015296,1015296,3906
cora_node,val,66,66,cora_node:val:000066:8bb1dcc384c1aac6,2,3146.817922,3146.7978515625,3026.497121,119.944666,90.00929910689592,42.45424643158913,10.99027507007122,2803.0990408733487,218.43212509155273,2582.2960510253906,93,0,1,42,0,582.7923536300659,152.40995182655752,20.66380801331252,62.94800004735589,18.589023985899985,156.63446235656738,7.833375930786133,48.14185619354248,5.822430610656738,cache_w8a8_m4k2v2,large_h6_n32_s100,8bb1dcc384c1aac689d3a682b877584f280e0218d3aa1cad116f84b9cc360013,19.63190460205078,1279.633313536644,624.0416622161865,698.2529798746109,24379392,821760,821760,3990
cora_node,val,67,67,cora_node:val:000067:36d0afd27f51c0d6,2,2494.569657,2494.54931640625,2345.658408,148.590166,58.0570288002491,43.13598107546568,6.9069406017661095,2174.101044423878,143.83638381958008,2028.6689453125,58,0,1,42,0,772.5251159667969,144.6629437888041,20.70969599392265,263.1789815258235,18.40047997236252,104.79852676391602,5.259520053863525,29.8405442237854,3.9377927780151367,cache_w8a8_m4k2v2,large_h6_n32_s100,36d0afd27f51c0d6af94d18f3c758cae4bc1bb83e16f84c2306ed35a17732a90,20.560224533081055,805.2774732112885,813.7386617660522,430.21303486824036,15204352,847872,847872,2520
cora_node,val,68,68,cora_node:val:000068:c6709dd1c850965e,2,2878.099367,2878.078369140625,2775.002438,102.730756,91.66143368929625,43.23470126837492,10.348565876483917,2544.124965555966,177.71366500854492,2364.1676330566406,87,0,1,36,0,492.20310497283936,127.06345599424094,17.131360015831888,53.50748806260526,15.825375996530056,121.84665489196777,5.923456013202667,45.30188798904419,4.641666114330292,cache_w8a8_m4k2v2,large_h6_n32_s100,c6709dd1c850965e74b029c0df10b0d4f040a0ab41e01c2cb7f2f88d930c7e10,19.58425521850586,1198.460031479597,527.3790397644043,657.9128170311451,22806528,651264,651264,3738
cora_node,val,69,69,cora_node:val:000069:ae50c49792f20d5c,2,4089.9743,4089.95458984375,3971.282685,118.26917,135.007468983531,42.15622879564762,15.525896102190018,3664.7568475455046,284.83964920043945,3376.70654296875,130,0,1,42,0,587.2736644744873,158.2747842138633,20.248703985475004,63.26163202896714,18.458719971589744,199.74262237548828,10.023871898651123,67.66396713256836,7.4091877937316895,cache_w8a8_m4k2v2,large_h6_n32_s100,ae50c49792f20d5c29e1c991eb5c6ba4339fad56aed6bf8a422026ec78ee3a7a,19.49648094177246,1782.6380503475666,628.3990716934204,985.1659018695354,34078720,723456,723456,5544
cora_node,val,70,70,cora_node:val:000070:81d7e6c93313d581,2,3152.542795,3152.522216796875,3049.582753,102.610825,98.01473189145327,42.06656385213137,10.881488211452961,2815.593773499131,189.64899253845215,2623.6182250976562,91,0,1,48,0,663.2234897613525,170.574015901424,23.67782397661358,72.84876799210906,21.412223988212645,130.29942321777344,6.368351936340332,48.03577518463135,4.945442199707031,cache_w8a8_m4k2v2,large_h6_n32_s100,81d7e6c93313d58160bc20a906256e866d9c9f072cad4a35932e8c69115d8e89,19.467744827270508,1252.902077227831,710.3963489532471,679.7875437438488,23855104,1044480,1044480,3906
cora_node,val,71,71,cora_node:val:000071:9b28f0b9b5bcbe46,2,3050.226871,3050.20556640625,2900.94836,148.90419,95.75471375137568,42.0756870880723,10.956281796097755,2665.4020259156823,192.14204597473145,2470.915252685547,92,0,1,36,0,489.820161819458,125.0822719084099,17.018591994419694,53.91542397625744,15.748895988799632,133.12684631347656,6.522336006164551,47.44518423080444,5.047679424285889,cache_w8a8_m4k2v2,large_h6_n32_s100,9b28f0b9b5bcbe4688ac17fe6e9b9f903bd7d284fc1b07bb76ce6fa27ec09c49,19.430559158325195,1266.1075838208199,525.0921287536621,699.1460992693901,24117248,651264,651264,3948
cora_node,val,72,72,cora_node:val:000072:5f1c67ef6ba927a3,2,4804.2204,4804.2001953125,4716.269407,87.512502,134.7180726006627,42.044298723340034,15.568723902106285,4407.56263397634,279.6110038757324,4124.7247314453125,131,0,1,96,0,1316.4419193267822,336.20896010287106,47.65609601326287,143.11679992638528,42.29913596622646,193.48976135253906,9.629855871200562,69.30201530456543,7.189371347427368,cache_w8a8_m4k2v2,large_h6_n32_s100,5f1c67ef6ba927a3f00a2a7b5f107ce8c7eccb824aafc9e50b7cfcc394a22979,19.450912475585938,1794.0546579957008,1410.7863368988037,939.3346490263939,34340864,2317824,2317824,5586
cora_node,val,73,73,cora_node:val:000073:c96a8cb3c23d2ebd,2,3368.344471,3368.323974609375,3265.325661,102.652902,94.77439057081938,42.26715583354235,10.785245336592197,3031.579243019223,189.41004943847656,2839.841796875,91,0,1,48,0,881.0779457092285,173.3468799907714,23.361280016601086,288.1903294250369,21.038559986278415,130.12720108032227,6.353471994400024,47.9837760925293,4.945600271224976,cache_w8a8_m4k2v2,large_h6_n32_s100,c96a8cb3c23d2ebd7c058a3b0322f5486191bbec9a7b604bfbd126a06c12df73,19.56399917602539,1252.8303353190422,928.1990718841553,678.3763888478279,23855104,1016832,1016832,3906
cora_node,val,74,74,cora_node:val:000074:c6bb48fde83f363e,2,2884.841372,2884.820068359375,2780.157278,104.340367,91.41322318464518,42.11122449487448,10.382182896137238,2551.1688198894262,177.8740177154541,2371.062286376953,87,0,1,36,0,499.2397766113281,131.47756799589843,17.108320004306734,53.57043203152716,16.215583980083466,121.93679809570312,5.927488029003143,45.36073589324951,4.6489956974983215,cache_w8a8_m4k2v2,large_h6_n32_s100,c6bb48fde83f363e6a4535d1ee2e1476f5bd45b70deb8e0f7ce549ad34ca15e9,19.46998405456543,1198.5640645325184,534.5513591766357,657.4168467223644,22806528,629760,629760,3738
cora_node,val,75,75,cora_node:val:000075:217017cc7a099003,2,3533.439932,3533.419921875,3459.206976,73.872984,103.95845957100391,42.03376639634371,11.96102425456047,3215.2613000944257,235.40012741088867,2977.3338012695312,100,0,1,60,0,827.970495223999,213.1683517843485,30.044639978557825,89.61020798049867,26.56115195620805,168.6492805480957,8.542880177497864,51.93580913543701,6.272157549858093,cache_w8a8_m4k2v2,large_h6_n32_s100,217017cc7a0990038f866ecb937a5181dfba2d213f28bbd14d038bc4d309b1d7,19.432735443115234,1374.7388136088848,886.8738222122192,735.1539008915424,26214400,1311744,1311744,4284
cora_node,val,76,76,cora_node:val:000076:4ed09ded048310e2,2,3411.555849,3411.53369140625,3293.367302,117.822756,98.48418179899454,42.055596597492695,11.2337376922369,3044.1123507916927,200.18377304077148,2841.53466796875,94,0,1,60,0,819.5973739624023,206.06940824910998,30.161408020183444,89.48825605399907,26.507679978385568,139.6530876159668,6.862016081809998,48.38579225540161,5.282877087593079,cache_w8a8_m4k2v2,large_h6_n32_s100,4ed09ded048310e2699b198a137a7a0f1325f42b925063f4a23df14c1526fd7e,19.471519470214844,1292.7869147658348,878.54310131073,689.6761713624,24641536,1437696,1437696,4032
cora_node,val,77,77,cora_node:val:000077:078a87789d32464c,2,4122.299122,4122.2783203125,3973.20372,148.682483,126.41885038465261,42.59196296334267,14.413335360586643,3675.323473289609,246.9016342163086,3425.4160766601562,121,0,1,60,0,826.7997751235962,215.22710402868688,28.58153599500656,89.87737608887255,26.409375975839794,169.0495376586914,8.295552015304565,63.209760665893555,6.346783876419067,cache_w8a8_m4k2v2,large_h6_n32_s100,078a87789d32464c49d2339c3a878a02cc0f8efef3d2f7f1a52cbadd56318c08,19.687711715698242,1658.7713247835636,885.8552980422974,900.4771655499935,31719424,1061376,1061376,5166
cora_node,val,78,78,cora_node:val:000078:0802b1e4efc34d3c,2,4673.712492,4673.69189453125,4522.473275,150.803082,138.14172614365816,42.07325726747513,15.89369960129261,4205.762388184667,297.1281929016113,3905.3445434570312,134,0,1,60,0,1030.5810270309448,212.53958408068866,28.952063999138772,90.16844801604748,26.41702399775386,208.69757080078125,10.510591864585876,70.18700981140137,7.7330204248428345,cache_w8a8_m4k2v2,large_h6_n32_s100,0802b1e4efc34d3cdc8ac96ee509a51109176feb9814960c1db659cb1c594ab1,19.46086311340332,1835.9585618674755,1089.5635108947754,999.2833338081837,35127296,1021440,1021440,5712
cora_node,val,79,79,cora_node:val:000079:a8ccaa630e27c6d3,2,3621.063226,3621.04296875,3500.372891,120.299448,116.58777855336666,42.10392851382494,13.381983153522015,3221.7206424102187,240.68841552734375,2978.224090576172,112,0,1,42,0,573.0471687316895,145.5348800830543,20.341215992346406,63.74726392701268,18.54512000642717,167.4108486175537,8.33894419670105,58.63539218902588,6.30323052406311,cache_w8a8_m4k2v2,large_h6_n32_s100,a8ccaa630e27c6d3cd37922d04fe336bdd4cb045bab9a7ca5f22e161795aee22,19.482431411743164,1537.5157786607742,614.1042222976685,846.0865210294724,29360128,847872,847872,4788
cora_node,val,80,80,cora_node:val:000080:c283f9f3e14de01c,2,4128.306868,4128.28564453125,3979.437062,148.464895,125.96023082733154,42.15980786830187,14.414898119866848,3682.3177374899387,245.87200164794922,3433.4301147460938,121,0,1,60,0,836.4036169052124,221.109600039199,29.288895968347788,90.06671995855868,26.73779198061675,168.1605110168457,8.177887916564941,63.18614387512207,6.347458839416504,cache_w8a8_m4k2v2,large_h6_n32_s100,c283f9f3e14de01c85d9c5f0841a5fbd6a1e4be231cfb6a1e60c96b0e9e5da5c,19.47974395751953,1659.1374713480473,895.3527956008911,898.4195917546749,31719424,1199616,1199616,5166
cora_node,val,81,81,cora_node:val:000081:9dc72502ddde5f55,2,4601.416378,4601.39501953125,4452.415552,148.560379,142.0583901926875,42.57037956267595,16.294216737151146,4129.1438871994615,344.0688285827637,3781.7041015625,137,0,1,60,0,842.5645437240601,225.67798399087042,29.81136000622064,89.85868793353438,27.0006719622761,249.68390274047852,12.764352083206177,72.60793495178223,9.012638807296753,cache_w8a8_m4k2v2,large_h6_n32_s100,9dc72502ddde5f5583d3a8ef30bf7748c4543c1d7c4aef0e826ecb2f8ccf1c3e,19.688735961914062,1876.935071915388,901.5460519790649,1022.911713629961,35913728,1104384,1104384,5838
cora_node,val,82,82,cora_node:val:000082:875028971796e85c,2,3947.462868,3947.440673828125,3798.338435,148.726359,125.93007180839777,42.22953785210848,14.396523125469685,3503.0177095904946,248.81145095825195,3251.2013549804688,121,0,1,48,0,655.2451553344727,165.95238404069096,23.371872004121542,71.85369592905045,21.10505599156022,170.91462326049805,8.36953604221344,63.08806324005127,6.439228415489197,cache_w8a8_m4k2v2,large_h6_n32_s100,875028971796e85c30c8195913fc0829812b4671a5ae70fc00ef9393834eaa81,19.55193519592285,1659.489279806614,702.5247716903687,908.739238679409,31719424,1044480,1044480,5166
cora_node,val,83,83,cora_node:val:000083:a95cd742fe124065,2,3074.248677,3074.22607421875,2925.171784,148.712018,87.1515367180109,42.10471361875534,10.033012367784977,2702.2020341828465,203.38214492797852,2496.6255798339844,85,0,1,48,0,664.9483213424683,173.23161611985415,23.509504007175565,72.40169598348439,21.22406396549195,146.12383842468262,7.298080205917358,44.51638412475586,5.443842172622681,cache_w8a8_m4k2v2,large_h6_n32_s100,a95cd742fe124065830d37900e650e97b5e12ac2d71bdc4d63e060b7124268e8,19.492000579833984,1171.8530220091343,712.1273584365845,632.1371999680996,22282240,927744,927744,3654
cora_node,val,84,84,cora_node:val:000084:a72af0825fde09fd,2,3316.76646,3316.744384765625,3196.345657,120.059787,315.3935959562659,42.7063312381506,11.465572752058506,2741.1563266068697,184.51382446289062,2554.20068359375,96,0,1,36,0,490.6904010772705,125.2893440015614,17.208960007876158,54.14620791003108,16.031488000415266,124.08214378356934,5.961184024810791,49.710721015930176,4.759775638580322,cache_w8a8_m4k2v2,large_h6_n32_s100,a72af0825fde09fd2843eb7bf91523b8e69f4171c63488ec57217d689699a18c,19.6362247467041,1320.2069460749626,525.9641237258911,727.6658385396004,25165824,651264,651264,4116
cora_node,val,85,85,cora_node:val:000085:a53efa2f1ccb1751,2,2826.506316,2826.484375,2721.445888,104.730263,91.45979303866625,42.07445681095123,10.141804814338684,2502.5560930371284,173.28624153137207,2327.083770751953,85,0,1,36,0,497.42665576934814,130.97369584348053,17.249439986422658,54.069919953122735,15.789504000917077,118.71737480163574,5.758975982666016,44.29523229598999,4.514658451080322,cache_w8a8_m4k2v2,large_h6_n32_s100,a53efa2f1ccb175137f030775eaa44715721e2a5f93224c2e67b3a037f29cf5d,19.450239181518555,1171.3702702224255,532.6639976501465,642.4997420608997,22282240,628224,628224,3654
cora_node,val,86,86,cora_node:val:000086:dfb9d9456ed23535,2,3684.829812,3684.807861328125,3595.212111,89.212559,122.43000604212284,41.9921912252903,13.767375610768795,3309.5391364768147,245.41468811035156,3061.2359924316406,116,0,1,42,0,570.9009599685669,145.61855986900628,20.32368002831936,62.599008060991764,18.4142719944939,170.41273880004883,8.477120041847229,60.09363269805908,6.431196570396423,cache_w8a8_m4k2v2,large_h6_n32_s100,dfb9d9456ed23535333e3436bada4fec6d326c5392f7766e52c569e846c22fb1,19.43222427368164,1591.7539489865303,611.9571542739868,876.9571134448051,30408704,694272,694272,4956
cora_node,val,87,87,cora_node:val:000087:b9ab7b5ca517613a,2,2857.9237,2857.900634765625,2737.733569,119.848579,89.62785173207521,42.06259176135063,10.17079409211874,2511.759828776121,166.77641677856445,2342.7733154296875,86,0,1,36,0,490.3865280151367,124.87254389561713,17.26217598747462,53.65849600918591,16.115199968218803,112.47353744506836,5.411359906196594,44.58070373535156,4.310815691947937,cache_w8a8_m4k2v2,large_h6_n32_s100,b9ab7b5ca517613aa31b9e59969564eee6812ef11e96b4015134dd2c8cb508af,19.45180892944336,1185.208095908165,525.6817293167114,651.3352991342545,22544384,651264,651264,3696
cora_node,val,88,88,cora_node:val:000088:2fbd3d69180d1591,2,3966.797261,3966.774658203125,3816.010932,150.368994,126.44822057336569,42.4896189942956,13.919210992753506,3524.7376281768084,261.4082221984863,3260.4052734375,117,0,1,54,0,751.7156181335449,199.40451199002564,26.549055971205235,80.59382404014468,23.76841595955193,183.6608657836914,9.144959926605225,61.764095306396484,6.838301181793213,cache_w8a8_m4k2v2,large_h6_n32_s100,2fbd3d69180d15917bb4fde9c264efb7b1faa5fb1c83e0650d48c7a2ebd1d4f1,19.612192153930664,1604.1558380723,804.8380126953125,871.0236148238182,30670848,1090560,1090560,4998
cora_node,val,89,89,cora_node:val:000089:1d8be33dfb42e14a,2,3661.574065,3661.552001953125,3586.9942,74.183168,126.17503851652145,42.521823197603226,13.937187381088734,3303.798822686076,262.3950729370117,3038.483612060547,117,0,1,36,0,525.129150390625,154.58649530168623,17.166207982227206,54.507679929956794,15.993823981843889,184.37558364868164,9.246271967887878,61.90268802642822,6.870529294013977,cache_w8a8_m4k2v2,large_h6_n32_s100,1d8be33dfb42e14a16f49c8e7ebf69e1d4914fdca285907a828f81f1f2df7d94,19.626848220825195,1607.051523655653,560.8544321060181,890.204504519701,30670848,379392,379392,4998
cora_node,val,90,90,cora_node:val:000090:f002dc9bc2f4d256,2,676.237028,676.2132568359375,604.482558,71.528143,7.703123614192009,42.00127348303795,0.6399033591151237,543.3932999148965,6.301151990890503,536.691047668457,5,0,1,30,0,408.0358724594116,103.40320000331849,14.4030079850927,44.91321600601077,13.363999988883734,3.819615960121155,0.1553599964827299,2.080000013113022,0.24617602117359638,cache_w8a8_m4k2v2,large_h6_n32_s100,f002dc9bc2f4d2561e75080b5ea5a7d8292407957c5991d9bf3ac58cb25a7ab3,19.390623092651367,89.12083238363266,437.60035133361816,29.360487043857574,1310720,454656,454656,294
cora_node,val,91,91,cora_node:val:000091:07a59e064014136f,2,3590.047656,3590.02490234375,3440.807965,148.875726,103.0227467417717,42.21530444920063,11.552182957530022,3193.7198294326663,222.97324752807617,2968.291229248047,97,0,1,48,0,868.7204189300537,176.1168641373515,23.350560002960265,273.1603817269206,21.17023999337107,158.17497444152832,7.989151954650879,50.89055919647217,5.918561935424805,cache_w8a8_m4k2v2,large_h6_n32_s100,07a59e064014136f2a14ad505fa113391963c24915f7e4d311f19f2900ae94ca,19.51033592224121,1343.453853547573,916.0565500259399,728.291161596775,25427968,903168,903168,4158
cora_node,val,92,92,cora_node:val:000092:9ea1ddaebc3f23ab,2,4018.032911,4018.01025390625,3868.803718,148.82903,117.17721540480852,42.127291671931744,13.414770364761353,3597.9793686419725,251.3710060119629,3343.790771484375,113,0,1,66,0,902.2799072265625,230.64080015011132,32.88083200156689,97.55305610224605,28.729407971724868,177.26608085632324,8.771167874336243,58.69871997833252,6.635037302970886,cache_w8a8_m4k2v2,large_h6_n32_s100,9ea1ddaebc3f23abb11c80325942618f75057d8acfa18871feee10607fbf3716,19.453088760375977,1561.5423665940762,967.3667192459106,834.3347744047642,29622272,1634304,1634304,4830
cora_node,val,93,93,cora_node:val:000093:51cd87a18f541f6d,2,3877.14473,3877.12255859375,3758.580861,118.168202,117.0354699715972,42.67457313835621,13.20846751332283,3498.4495230019093,255.81484985351562,3239.8524780273438,111,0,1,60,0,837.7763195037842,221.24608005862683,29.677855962887406,90.02566398121417,26.616895988583565,181.63548469543457,9.099680066108704,58.3210563659668,6.758628726005554,cache_w8a8_m4k2v2,large_h6_n32_s100,51cd87a18f541f6dc73cb58c106b8fa8d3fceb4111eeca68b2c024fa2af931b2,19.68409538269043,1536.0536010861397,896.9604768753052,826.5224954485893,29097984,1245696,1245696,4746
cora_node,val,94,94,cora_node:val:000094:e9ddb1f97d373af3,2,3838.587247,3838.564453125,3720.086133,118.109183,117.65242461115122,42.24574286490679,13.364875689148903,3459.519738331437,268.8353614807129,3187.8849487304688,112,0,1,54,0,764.1564807891846,206.66988809220493,26.726751973852515,81.72118399478495,24.10188797209412,193.13212966918945,9.855135917663574,58.70649719238281,7.141598701477051,cache_w8a8_m4k2v2,large_h6_n32_s100,e9ddb1f97d373af39de94bd3cd19694399f1247eb2dbc147743230d975cbf572,19.521568298339844,1549.8452813625336,817.4575357437134,840.1036999225616,29360128,1150464,1150464,4788
cora_node,val,95,95,cora_node:val:000095:d42f507d49466bac,2,694.822829,694.7990112304688,605.635933,88.952424,5.747655406594276,42.0976672321558,0.6354069337248802,546.319417655468,6.291039943695068,539.6325378417969,5,0,1,30,0,410.9102077484131,106.4386560227722,13.979808000847697,44.95657601580024,13.340639976784587,3.8101119995117188,0.1573439985513687,2.0779200196266174,0.24566392600536346,cache_w8a8_m4k2v2,large_h6_n32_s100,d42f507d49466bac939cb614f59589a54a51f8727ae7aaa4f315fcae97c74e81,19.41059112548828,89.11177608370781,440.4644145965576,29.46693828701973,1310720,454656,454656,294
cora_node,val,96,96,cora_node:val:000096:8917da828400d351,2,3440.724263,3440.701171875,3289.346173,151.014039,104.26949057728052,42.141010984778404,11.90515048801899,3056.356563232839,212.68706893920898,2841.1382446289062,100,0,1,48,0,675.2911348342896,179.39833624102175,23.92243199981749,72.62947202846408,21.438047990202904,148.01462364196777,7.334367871284485,51.75055980682373,5.587517619132996,cache_w8a8_m4k2v2,large_h6_n32_s100,8917da828400d3511581b395aa9fc16ca8cc7cc63971d1cdd0e85c20f1aab521,19.442176818847656,1385.0224318802357,722.7796812057495,752.7783083617687,26214400,781824,781824,4284
cora_node,val,97,97,cora_node:val:000097:977a48aef241a2eb,2,3840.042256,3840.019775390625,3765.805435,73.844035,121.9320660457015,42.703359387815,13.9338169246912,3500.2173483371735,263.23933029174805,3234.0562438964844,117,0,1,36,0,704.1317691802979,131.8406080668792,17.26460798829794,257.20367667265236,16.044671980664134,185.3728313446045,9.331999897956848,61.682175636291504,6.852323412895203,cache_w8a8_m4k2v2,large_h6_n32_s100,977a48aef241a2eb730abe705b1e63f1f8ee65a429eaf4789505bf34a8e8762b,19.681791305541992,1617.205632418394,739.7713222503662,896.7610805332661,30670848,516096,516096,4998
cora_node,val,98,98,cora_node:val:000098:0b00f6b3c2d5baa9,2,756.012101,755.98828125,605.379751,150.386845,5.745029076933861,41.95011220872402,0.6374726071953773,545.4533081501722,6.306335926055908,538.7465057373047,5,0,1,30,0,409.98995304107666,103.99225598480552,14.01020800229162,44.963391933590174,13.685503987595439,3.8145599961280823,0.16326399706304073,2.082720011472702,0.24579192139208317,cache_w8a8_m4k2v2,large_h6_n32_s100,0b00f6b3c2d5baa97817df80491405386bd2d302f472d7558ed130dccbec0e39,19.3571834564209,89.11737632751465,439.67293071746826,29.313382148742676,1310720,454656,454656,294
cora_node,val,99,99,cora_node:val:000099:9ec0a19cc7855b02,2,3396.699612,3396.676513671875,3247.320057,148.989517,106.49667493999004,42.63973142951727,12.107749469578266,3001.324371434748,214.3172149658203,2784.4349975585938,102,0,1,42,0,575.840799331665,146.9006400546059,20.671551969833672,63.55862401612103,18.813567988574505,148.71116638183594,7.267359972000122,52.710144996643066,5.6285436153411865,cache_w8a8_m4k2v2,large_h6_n32_s100,9ec0a19cc7855b029680430442286104eb10b82b0f3ed6032a934a1923c70dc7,19.728384017944336,1412.3490522801876,617.4234857559204,774.3908435404301,26738688,655872,655872,4368
cora_node,test,100,0,cora_node:test:000000:591f793d8d0fdfa0,2,3135.27011,3135.19921875,3016.67605,118.013983,459.96908005326986,47.74508625268936,10.002625174820423,2411.581243388355,166.9743995666504,2242.247772216797,81,0,1,36,0,496.836030960083,129.87520010769367,17.453407995402813,54.17955193296075,16.135519987903535,114.55986976623535,5.552704036235809,42.24396848678589,4.617857277393341,cache_w8a8_m4k2v2,large_h6_n32_s100,591f793d8d0fdfa0022620d850c0d1e1a68fd2531c1b1c79fd64eedab4e0af20,21.01296043395996,1116.5551976263523,532.2658863067627,614.4396487176418,21233664,651264,651264,3486
cora_node,test,101,1,cora_node:test:000001:f5bda51a58e4ba59,2,718.41748,718.393798828125,600.678282,117.512016,6.810291670262814,41.90621990710497,0.7507111877202988,540.9704083576798,6.287327885627747,534.2798385620117,5,0,1,30,0,406.2197141647339,103.00144004821777,14.208991995081306,44.788832012563944,13.219424003735185,3.803135931491852,0.16396800242364407,2.0763840079307556,0.2438399437814951,cache_w8a8_m4k2v2,large_h6_n32_s100,f5bda51a58e4ba59f5513a179377766e2e4b263388b0033a34196d00855e6e6c,19.39014434814453,88.67516896128654,435.6691551208496,29.325658828020096,1310720,454656,454656,294
cora_node,test,102,2,cora_node:test:000002:f7052ed1d2503a96,2,4773.860489,4773.8369140625,4683.678543,89.736546,271.5113740414381,42.691330425441265,15.576724894344807,4241.094872355461,295.5384292602539,3942.2926635742188,132,0,1,78,0,1104.4373426437378,300.1774082481861,39.753216032870114,117.20262403972447,34.62847997806966,207.79984283447266,10.555263996124268,69.5221118927002,7.661210536956787,cache_w8a8_m4k2v2,large_h6_n32_s100,f7052ed1d2503a96085b008de56da097c196eeebbee829ef7c29e9fb68b13bde,19.728927612304688,1809.4640638530254,1181.4326391220093,971.1248882114887,34603008,1718784,1718784,5628
cora_node,test,103,3,cora_node:test:000003:f60857b4fc1d3505,2,3524.870667,3524.8466796875,3419.647754,104.818081,122.95801658183336,42.50542726367712,13.273138552904129,3140.3635321184993,243.22335815429688,2894.320343017578,112,0,1,36,0,489.4493761062622,124.87881585862488,16.545568019151688,54.10531198978424,15.973695990629494,169.8773136138916,8.452736139297485,58.52358436584473,6.3697240352630615,cache_w8a8_m4k2v2,large_h6_n32_s100,f60857b4fc1d3505976fc3d5b592c4270b549e5964ba232234a71228e0a12b02,19.635488510131836,1537.4428161978722,524.7253437042236,851.7876716256142,29360128,357888,357888,4788
cora_node,test,104,4,cora_node:test:000004:d1bcb069a2640c4f,2,4494.221932,4494.197265625,4375.880923,117.908884,136.59835327416658,42.38125216215849,15.294760465621948,4070.241549052298,311.4832344055176,3755.5388793945312,130,0,1,48,0,960.0995197296143,180.84934382606298,308.6357785956934,71.68486397713423,21.24143997207284,224.14748764038086,11.534208059310913,67.59782314300537,8.203715562820435,cache_w8a8_m4k2v2,large_h6_n32_s100,d1bcb069a2640c4f0767804e669ede82d6d78d2d79f915a74a373f45fb5f0416,19.606367111206055,1783.3491504192352,1007.3629655838013,984.4331305027008,34078720,754176,754176,5544
cora_node,test,105,5,cora_node:test:000005:f165e6f377dcd20f,2,730.419754,730.3963012695312,610.546847,119.642253,9.776335209608078,48.38300962001085,0.676971860229969,540.6464599072933,6.277856111526489,533.9558715820312,5,0,1,30,0,405.87212657928467,103.26643195282668,14.144800011068583,44.78115198388696,13.13513598870486,3.790847957134247,0.1583040002733469,2.0804159939289093,0.24828816018998623,cache_w8a8_m4k2v2,large_h6_n32_s100,f165e6f377dcd20f60d978cade2ea20ae90d0be80d6be6884c8e2a9319e8b432,24.781375885009766,88.61071929335594,435.3439664840698,34.78256168961525,1310720,454656,454656,294
cora_node,test,106,6,cora_node:test:000006:b4527dcf7a8911e1,2,4707.703471,4707.6796875,4620.077656,87.198302,146.66956663131714,42.55513660609722,15.985295176506042,4302.390010096133,288.0425567626953,4010.993896484375,136,0,1,78,0,1093.6066570281982,295.52102396357805,39.37286402285099,117.0145279802382,34.093535986728966,199.59276962280273,10.031360030174255,70.93260860443115,7.48581850528717,cache_w8a8_m4k2v2,large_h6_n32_s100,b4527dcf7a8911e1acfeee43cb90c69c71560fafdb0bbb04488ae7cfc88a5af3,19.71251106262207,1863.0245453119278,1170.4386596679688,997.2432025671005,35651584,1887744,1887744,5796
cora_node,test,107,7,cora_node:test:000007:b08752da8affca88,2,3603.372083,3603.347412109375,3498.328807,104.63471,118.97138692438602,42.39603504538536,13.297338038682938,3222.8634441271424,253.94486236572266,2966.1297302246094,111,0,1,42,0,582.0392951965332,152.06912007555366,20.685312008485198,63.60959994979203,18.557663985528052,179.81206512451172,9.094848036766052,58.34620761871338,6.691741585731506,cache_w8a8_m4k2v2,large_h6_n32_s100,b08752da8affca88c34bdaa41bde05a1a00f04bb24043537355053d3963a661b,19.61507225036621,1523.7185882031918,623.5081920623779,838.5180222094059,29097984,809472,809472,4746
cora_node,test,108,8,cora_node:test:000008:e89dbf3cd4ac2047,2,4624.633478,4624.60888671875,4536.568285,87.632646,148.58707133680582,42.40999277681112,15.51007479429245,4216.6914427652955,293.61695861816406,3919.8060302734375,132,0,1,78,0,1082.9853410720825,284.87804800551385,38.91228802502155,116.7158720381558,34.04915197938681,205.97999954223633,10.47436797618866,69.48873519897461,7.673855900764465,cache_w8a8_m4k2v2,large_h6_n32_s100,e89dbf3cd4ac20479bd19220957e9f3af9cd195ed06619077162aac480fee43b,19.56947135925293,1810.1710738241673,1159.6145601272583,969.5898676812649,34603008,1890816,1890816,5628
cora_node,test,109,9,cora_node:test:000009:ab66c8078451ec2b,2,2720.221162,2720.197021484375,2569.72337,150.155958,74.62675962597132,42.19404421746731,9.070679545402527,2373.1937343254685,164.15203094482422,2207.074493408203,75,0,1,42,0,590.1339855194092,158.0324478438124,20.368127978406847,62.58486398681998,18.572287978604436,115.03395080566406,5.649184048175812,39.11040019989014,4.358495891094208,cache_w8a8_m4k2v2,large_h6_n32_s100,ab66c8078451ec2bbe52deb9ca276a04ed3597cb37c678268e919fd400cb3469,19.501663208007812,1035.7261759638786,631.361406326294,559.4885743260384,19660800,571392,571392,3234
cora_node,test,110,10,cora_node:test:000010:c47a77ce49645756,2,4182.477273,4182.453125,4033.387663,148.674499,119.32822782546282,42.368730530142784,13.46641406416893,3752.4316562339664,246.10569381713867,3503.4459838867188,115,0,1,60,0,1032.3973035812378,216.96627200674266,29.540544042363763,89.84134401381016,26.25916798133403,171.49148750305176,8.568735957145691,59.606783866882324,6.438686490058899,cache_w8a8_m4k2v2,large_h6_n32_s100,c47a77ce49645756abd3131d3961cb42aaf20d1e2a9c56c657f454637663130b,19.579391479492188,1578.3430093228817,1091.5112075805664,853.1711584627628,30146560,1145856,1145856,4914
cora_node,test,111,11,cora_node:test:000011:f018ab61eb3ac9ee,2,3985.584848,3985.561767578125,3836.552277,148.625145,120.11310365051031,42.40213055163622,13.45132477581501,3555.0175746902823,246.79654693603516,3305.3373413085938,115,0,1,60,0,833.9130878448486,218.5769278658554,29.61631999257952,89.38313605636358,26.72627198137343,171.9719696044922,8.601024150848389,59.77897644042969,6.444576740264893,cache_w8a8_m4k2v2,large_h6_n32_s100,f018ab61eb3ac9ee1ba31cac3b87d677c6d37f80b09919becef2b5d8edfab51e,19.587263107299805,1578.2271364629269,892.959963798523,853.7375041544437,30146560,1265664,1265664,4914
cora_node,test,112,12,cora_node:test:000012:6f8529ccb424b529,2,3954.08556,3954.060546875,3835.613865,118.059031,117.29846522212029,42.39989537745714,13.709979131817818,3561.236558482051,291.7817611694336,3266.5327758789062,117,0,1,54,0,752.156831741333,198.8563837716356,26.540160004980862,80.44444807060063,24.12684798426926,211.45174407958984,10.771135807037354,61.82854461669922,7.730336666107178,cache_w8a8_m4k2v2,large_h6_n32_s100,6f8529ccb424b52901295fff7ef01aadbd83fccbc3d17fb29878bccb4d0af425,19.598175048828125,1606.0347531735897,805.3903684616089,874.7058292925358,30670848,1069056,1069056,4998
cora_node,test,113,13,cora_node:test:000013:eb3cfbe43dd276bf,2,3025.093077,3025.068603515625,2952.825638,71.888917,94.73010059446096,42.20668785274029,11.195747181773186,2715.765716508031,201.32889938354492,2512.041748046875,94,0,1,36,0,490.3477096557617,124.49056009203196,17.579263986088336,53.63535998761654,15.816479977220297,140.7013111114502,6.916832089424133,48.382816314697266,5.327939867973328,cache_w8a8_m4k2v2,large_h6_n32_s100,eb3cfbe43dd276bf8a8967726ad975c9e229b6e9664c253b0219c5b36393565d,19.512863159179688,1293.3865597248077,525.6913909912109,712.476660490036,24641536,651264,651264,4032
cora_node,test,114,14,cora_node:test:000014:363cde383cda7c17,2,2989.28763,2989.262451171875,2916.716159,72.18699,90.57870600372553,42.19164326786995,10.871651582419872,2684.6732990816236,225.36989212036133,2456.9791870117188,91,0,1,36,0,499.12537479400635,131.06441597640514,17.17107201833278,54.003231989219785,16.23865600116551,162.93158531188965,8.21945607662201,48.18329572677612,6.035555005073547,cache_w8a8_m4k2v2,large_h6_n32_s100,363cde383cda7c17123c99c3d3e3a9b1c0fa132f5b107f8abdadc884b74eb847,19.487071990966797,1252.8062708973885,534.6112337112427,689.0487543940544,23855104,511488,511488,3906
cora_node,test,115,15,cora_node:test:000015:02876f4da0e722c1,2,3782.059888,3782.035400390625,3709.698272,71.960029,118.92529297620058,42.47708432376385,13.723781332373619,3436.1030953004956,266.2389106750488,3166.9459228515625,117,0,1,48,0,654.5655651092529,165.8153919763863,23.30931202787906,71.68556795455515,21.10217597708106,187.73801612854004,9.592063903808594,61.91209602355957,6.996734619140625,cache_w8a8_m4k2v2,large_h6_n32_s100,02876f4da0e722c175e1ac7b20b7822cc3e4c8ed3e30a5b442ec6776727e2129,19.666271209716797,1605.7001941502094,701.9994888305664,878.9125110805035,30670848,1044480,1044480,4998
cora_node,test,116,16,cora_node:test:000016:6069fd616a523223,2,1178.21078,1178.187255859375,1060.0333,117.938281,12.15175911784172,41.887830942869186,1.0003624483942986,993.7447560951114,13.197119951248169,980.0853271484375,8,0,1,42,0,787.8278474807739,158.06694395001978,20.202175964601338,63.49769604206085,18.69129599072039,8.971904039382935,0.4403200000524521,3.3533120155334473,0.431583896279335,cache_w8a8_m4k2v2,large_h6_n32_s100,6069fd616a523223e891d195cbefe1b386bbda4f0cc19d8c6cd80989407b113f,19.38604736328125,129.2111365199089,829.1849594116211,41.07527858018875,2097152,574464,574464,420
cora_node,test,117,17,cora_node:test:000017:4ff2f90ec23d8af5,2,725.853851,725.8301391601562,608.25583,117.378232,5.260526202619076,52.55043599754572,0.6558857858181,539.6699700504541,6.2628480195999146,533.0112915039062,5,0,1,30,0,405.0688638687134,102.86179189477116,13.761344014666975,44.57843200676143,13.14838398527354,3.779616057872772,0.16684800013899803,2.0728000104427338,0.24358395114541054,cache_w8a8_m4k2v2,large_h6_n32_s100,4ff2f90ec23d8af522388fa660c38c8d006734ffeca383bc78d85ea9119741fa,28.677919387817383,88.60704001784325,434.50288009643555,38.57929077744484,1310720,454656,454656,294
cora_node,test,118,18,cora_node:test:000018:03f02500890114c9,2,3832.197689,3832.173583984375,3680.79006,150.996893,117.7053153514862,42.39326063543558,13.673379085958004,3402.613326907158,239.73564529418945,3159.9660034179688,116,0,1,48,0,664.3865280151367,172.94393598660827,23.439615989103913,72.01635200716555,21.22451198566705,165.3173427581787,8.150016069412231,60.02134418487549,6.2469422817230225,cache_w8a8_m4k2v2,large_h6_n32_s100,03f02500890114c90e16ee00cdd403841a756a262a72bc87100550fdaa7d7bd3,19.577152252197266,1592.110624998808,711.7444763183594,875.6880543529987,30408704,909312,909312,4956
cora_node,test,119,19,cora_node:test:000019:1ab72c47ae4ec130,2,3602.892605,3602.866943359375,3484.480825,117.995282,113.26743848621845,42.47572738677263,13.17548006772995,3212.5343969091773,251.27593612670898,2958.4683532714844,111,0,1,42,0,571.8805122375488,144.90921612083912,20.21347200870514,63.6786879748106,18.35007997509092,177.5179843902588,8.824544072151184,58.297311782836914,6.636095881462097,cache_w8a8_m4k2v2,large_h6_n32_s100,1ab72c47ae4ec1309e6cadfd47b6a739a72940f3e89bc4e5b5119edb0d4fa734,19.612960815429688,1523.6280326843262,613.2389125823975,841.2143688201904,29097984,847872,847872,4746
cora_node,test,120,20,cora_node:test:000020:1e802d7d5eb26414,2,3614.287101,3614.256103515625,3541.710718,72.137127,109.36631727963686,42.3630615696311,13.042688369750977,3280.0211887806654,238.10601806640625,3039.1530151367188,110,0,1,48,0,670.4550724029541,179.74361599702388,22.944543980062008,71.82883196137846,21.178303994238377,166.0279369354248,8.175552010536194,57.6563835144043,6.246145606040955,cache_w8a8_m4k2v2,large_h6_n32_s100,1e802d7d5eb26414366f01b98266b49b51f3995980e478363b36ab89beec570f,19.59119987487793,1511.1406080126762,717.8752994537354,829.7283075451851,28835840,622080,622080,4704
cora_node,test,121,21,cora_node:test:000021:828e1beafe91be05,2,4618.790004,4618.7646484375,4530.950864,87.401269,136.9698140770197,42.452107183635235,15.678475610911846,4224.084516987205,293.1177291870117,3927.6943969726562,132,0,1,78,0,1090.2714233398438,289.40643237438053,38.91721603367478,116.42288000695407,34.173215976916254,205.4922866821289,10.310655951499939,69.64316749572754,7.6716190576553345,cache_w8a8_m4k2v2,large_h6_n32_s100,828e1beafe91be05a0a851856dfa3de20e9ad90a6d3327d9efaaf5eb8d5d159b,19.594240188598633,1808.5811504721642,1167.241696357727,971.4657903313637,34603008,1721856,1721856,5628
cora_node,test,122,22,cora_node:test:000022:25e0a6543b466312,2,4040.622251,4040.595947265625,3891.495099,148.707241,118.07957757264376,42.60171204805374,14.160089194774628,3612.297570332885,266.42204666137695,3342.8947143554688,119,0,1,42,0,780.7386302947998,145.47545610647649,20.276160024106503,270.5411236640066,18.61817599274218,186.59888076782227,9.385663866996765,63.47747230529785,6.960029721260071,cache_w8a8_m4k2v2,large_h6_n32_s100,25e0a6543b466312d83986b2a272a3bed4cd24e3c656d51202b8a30b63a57026,19.68729591369629,1633.8888947963715,822.1116237640381,906.5814917087555,31195136,847872,847872,5082
cora_node,test,123,23,cora_node:test:000023:97566c0bd87a59a1,2,3268.425624,3268.400390625,3119.392858,148.63233,100.05066264420748,42.16228146106005,11.521250009536743,2870.597630739212,216.40335845947266,2651.7504272460938,96,0,1,42,0,581.717791557312,152.1562882522121,20.444288016296923,63.845855969935656,18.591295975260437,152.97760200500488,7.6392000913619995,50.06156921386719,5.724987149238586,cache_w8a8_m4k2v2,large_h6_n32_s100,97566c0bd87a59a1a0f1477990c8c008b9a3ecdb30d42018bacaa822de5621e6,19.478559494018555,1321.287328004837,623.1142101287842,726.8274486064911,25165824,723456,723456,4116
cora_node,test,124,24,cora_node:test:000024:114f8c407a998878,2,3644.807517,3644.776123046875,3493.517338,150.844899,110.51367968320847,42.19302348792553,13.06760124862194,3220.352723263204,249.10620880126953,2968.5425415039062,107,0,1,48,0,664.7914218902588,173.45324807893485,23.436768007464707,71.99881597980857,21.22188795916736,177.7564811706543,8.984447956085205,55.76969623565674,6.595583438873291,cache_w8a8_m4k2v2,large_h6_n32_s100,114f8c407a99887828067947db8724228784b56753e52460e51d8f863716c23e,19.464128494262695,1469.933280915022,712.1778554916382,805.8955335915089,28049408,901632,901632,4578
cora_node,test,125,25,cora_node:test:000025:2200e034534d3c42,2,3978.840079,3978.814697265625,3829.53874,148.880647,122.45754897594452,42.418706230819225,13.578238897025585,3546.6364212334156,247.01562118530273,3296.736328125,115,0,1,60,0,825.2248640060425,212.22655985783786,30.08835196401924,90.15104000456631,26.244543980807066,172.1820468902588,8.551455855369568,59.82924842834473,6.452870011329651,cache_w8a8_m4k2v2,large_h6_n32_s100,2200e034534d3c42f25ee6dd743174de841f4ce761ce7b4f3545e0def380af81,19.556255340576172,1577.4318714737892,884.5553922653198,854.3053197264671,30146560,1437696,1437696,4914
cora_node,test,126,26,cora_node:test:000026:41b7549a780af99c,2,2561.358176,2561.333251953125,2458.554985,102.464104,73.71449004858732,42.35097300261259,8.771557360887527,2263.0429891869426,146.3275852203369,2114.8226928710938,71,0,1,42,0,580.6157474517822,151.53081591799855,20.164576013572514,63.53622398339212,18.503007980063558,100.62431907653809,4.894848048686981,36.96956825256348,3.8388498425483704,cache_w8a8_m4k2v2,large_h6_n32_s100,41b7549a780af99cc892a548446a38a5a781706c736245a1882854fb3194e273,19.53424072265625,982.4794564843178,621.9967708587646,529.8807062506676,18612224,811008,811008,3066
cora_node,test,127,27,cora_node:test:000027:d34f1fcd393664f9,2,4171.247143,4171.22265625,4083.507509,87.307668,132.668930105865,42.499941773712635,15.52692987024784,3774.5980387553573,292.80137634277344,3478.5426025390625,131,0,1,48,0,657.7770538330078,167.48025578074157,23.567839991301298,72.61052802018821,21.060511981137097,205.17462539672852,10.499935984611511,69.53759956359863,7.589215397834778,cache_w8a8_m4k2v2,large_h6_n32_s100,d34f1fcd393664f9b9f1fd01e090bf191261bfdbcc5634ed5de58a755458630c,19.639263153076172,1799.151393264532,705.2587223052979,993.7717501223087,34340864,1044480,1044480,5586
cora_node,test,128,28,cora_node:test:000028:38a8253d2bbff4c5,2,4055.399876,4055.374267578125,3906.367296,148.626909,110.63978727906942,42.3878850415349,12.949730269610882,3636.5812523290515,243.60749053955078,3390.2461547851562,109,0,1,60,0,1044.687063217163,221.9153282493353,236.0778901949525,90.56691206619143,26.47980798780918,171.26646423339844,8.526975989341736,57.429823875427246,6.384226441383362,cache_w8a8_m4k2v2,large_h6_n32_s100,38a8253d2bbff4c58bf10dde6cd360879c0cdb0432d16aecc506e9809d8c9fc9,19.57980728149414,1496.7965777516365,1103.9325761795044,809.0968081355095,28573696,1167360,1167360,4662
cora_node,test,129,29,cora_node:test:000029:89e5da18ecd90ce2,2,3597.343679,3597.318115234375,3494.334028,102.597942,109.87118352204561,42.40983724594116,13.139092363417149,3229.5381678268313,253.48371124267578,2973.2612915039062,111,0,1,42,0,582.2924184799194,152.7302400805056,20.386015980504453,63.18121602199972,18.638879960402846,179.33692932128906,9.072672009468079,58.38067150115967,6.693438410758972,cache_w8a8_m4k2v2,large_h6_n32_s100,89e5da18ecd90ce22e294724445c761c20f1c18022fd24d4945c92ac9f92c1c8,19.53376007080078,1526.663391172886,623.8390026092529,842.2926577925682,29097984,811008,811008,4746
cora_node,test,130,30,cora_node:test:000030:b4230da6af8ab4b0,2,2740.791174,2740.76611328125,2590.07872,150.356407,81.20662439614534,42.28348471224308,9.745960123836994,2379.513784311712,161.5392951965332,2215.897735595703,80,0,1,36,0,490.26713848114014,124.75612807739526,17.362975971773267,53.87027206458151,15.84908798430115,110.90255928039551,5.408416032791138,40.993216037750244,4.2351038455963135,cache_w8a8_m4k2v2,large_h6_n32_s100,b4230da6af8ab4b0c2abbe7871b35bab409d36569e0a319cbf8673a817545788,19.516704559326172,1103.943775743246,525.6854085922241,605.7852558195591,20971520,651264,651264,3444
cora_node,test,131,31,cora_node:test:000031:a479800ea05e7f5d,2,939.037522,939.013916015625,867.13521,71.671313,8.947701193392277,41.97635967284441,1.0218778625130653,803.4214368090034,13.21446418762207,789.7475891113281,8,0,1,42,0,597.6872320175171,164.485887914896,20.35811199527234,63.42560008727014,19.075071982108057,8.97766399383545,0.44195200502872467,3.362048029899597,0.43280015885829926,cache_w8a8_m4k2v2,large_h6_n32_s100,a479800ea05e7f5df7ded645c425d045f8e7e66f19a9ddb55a5f7ad06c9fede4,19.38492774963379,129.20419159531593,638.9330244064331,40.995300859212875,2097152,430080,430080,420
cora_node,test,132,32,cora_node:test:000032:8dfcd92f31eeb98f,2,3696.171036,3696.14599609375,3544.839652,150.933148,106.83314595371485,42.41945594549179,12.991023249924183,3284.032135270536,238.35853576660156,3042.9116821289062,110,0,1,48,0,674.9100151062012,181.0671997088939,23.599487982690334,72.02460798993707,21.696255976334214,166.12716674804688,8.253951907157898,57.721760749816895,6.255656361579895,cache_w8a8_m4k2v2,large_h6_n32_s100,8dfcd92f31eeb98f21a841866a5c30bc1816f14125094a71539a11bdc80dbb20,19.55939292907715,1510.5506562292576,722.1742067337036,829.7462120950222,28835840,987648,987648,4704
cora_node,test,133,33,cora_node:test:000033:019809f6b9b9a6ed,2,2612.049886,2612.024658203125,2461.099738,150.583516,73.8957216963172,42.29227174073458,9.02783777564764,2266.247686930001,176.61897659301758,2087.669952392578,74,0,1,36,0,489.79100799560547,124.47657576017082,17.499871998094022,53.81731203570962,15.908063979819417,127.12326622009277,6.3231360912323,38.408287525177,4.764286756515503,cache_w8a8_m4k2v2,large_h6_n32_s100,019809f6b9b9a6ed7c7314b47cf1c9ccecf4cd2947e72953d9eaa6431f1cb238,19.519136428833008,1022.6087681055069,525.1800956726074,559.4002250432968,19398656,651264,651264,3192
cora_node,test,134,34,cora_node:test:000034:1559b2c28c29c445,2,1893.863097,1893.83935546875,1745.071462,148.485066,45.42056284844875,42.08728484809399,5.536896176636219,1595.8437928929925,113.78268623352051,1480.750015258789,45,0,1,36,0,500.95372676849365,132.86735996697098,17.401023974642158,53.93382395990193,16.00255996733904,82.77091312408447,4.173919975757599,23.725056171417236,3.1127969622612,cache_w8a8_m4k2v2,large_h6_n32_s100,1559b2c28c29c4454f477d3c20d42e3bb12b33bff9b9c9c661fec282c73fc8f2,19.44879913330078,629.7115836441517,536.4365129470825,334.05071780085564,11796480,606720,606720,1974
cora_node,test,135,35,cora_node:test:000035:b10d80a8733fa24b,2,4863.902796,4863.87646484375,4743.462688,120.004838,129.2448416352272,42.562092654407024,15.66367968916893,4440.321323461831,320.4729919433594,4116.580078125,132,0,1,78,0,1279.8532514572144,273.6545920195058,38.990880015306175,117.02432003431022,34.338047984056175,230.83623123168945,11.580191969871521,69.75558471679688,8.300984025001526,cache_w8a8_m4k2v2,large_h6_n32_s100,b10d80a8733fa24b0951513368460e177905615dd89394f2bd30fed0634ddc30,19.651872634887695,1808.8885453045368,1356.9898014068604,970.3536040484905,34603008,1838592,1838592,5628
cora_node,test,136,36,cora_node:test:000036:51e564f079658910,2,7665.334581,7665.30712890625,7546.756492,118.109028,139.06871527433395,42.675890028476715,17.21484772861004,7224.706987850368,315.625186920166,6905.528076171875,145,0,1,276,0,3792.2585592269897,967.9529922790825,141.20176016166806,410.2799998242408,120.33494396880269,219.84739303588867,11.078880190849304,76.58825588226318,8.110657811164856,cache_w8a8_m4k2v2,large_h6_n32_s100,51e564f0796589106c1cc7c23f1f72c503c8ee2e5e3f2c7bec5880d95024c89e,19.67011260986328,1983.4600641429424,4064.7451906204224,876.9929340183735,38010880,7784448,7784448,6174
cora_node,test,137,37,cora_node:test:000037:f78dbf8652909e3b,2,4369.712928,4369.6787109375,4264.27688,104.984498,121.31451163440943,42.72083472460508,15.186336822807789,3976.551529020071,288.3501091003418,3685.0631103515625,125,0,1,72,0,996.8487358093262,256.30444801505655,36.33443198632449,108.31686391495168,31.769311979413033,204.6401596069336,10.339839816093445,65.8472318649292,7.522877812385559,cache_w8a8_m4k2v2,large_h6_n32_s100,f78dbf8652909e3bc537ee9bb5dbe184c6f07b307fcb433e3034640057926382,19.688640594482422,1713.943233013153,1068.1026210784912,922.7058968544006,32768000,1809408,1809408,5334
cora_node,test,138,38,cora_node:test:000038:24904999ff884e98,2,3202.994943,3202.9697265625,3115.015425,87.604289,89.5349457859993,42.48688276857138,11.054441332817078,2883.503337390721,225.53369140625,2655.6295776367188,91,0,1,36,0,694.225474357605,125.575583958067,17.13257598411292,54.064543990418315,15.879839998669922,163.039457321167,8.214271903038025,48.24377632141113,6.03618586063385,cache_w8a8_m4k2v2,large_h6_n32_s100,24904999ff884e98a3fe264fcf68fe17764d1ea2e96c44296e33eb6ea1d56487,19.643360137939453,1253.1405462622643,729.7739782333374,692.3584132790565,23855104,651264,651264,3906
cora_node,test,139,39,cora_node:test:000039:840d4e6ae2ee1a12,2,3089.951041,3089.92431640625,2940.749587,148.836208,82.00172986835241,42.28626564145088,10.079707950353622,2726.0019006207585,195.43811798095703,2528.4129333496094,83,0,1,54,0,737.0268812179565,186.2225918872282,26.537119976244867,80.9923199377954,23.90431997925043,140.04390335083008,6.982911825180054,43.17072057723999,5.240582227706909,cache_w8a8_m4k2v2,large_h6_n32_s100,840d4e6ae2ee1a120c5255882f6f3fc7bfe7bd40a321325cb95a9376e0308cc0,19.498687744140625,1145.0198721587658,790.2706890106201,612.6210599243641,21757952,1241088,1241088,3570
cora_node,test,140,40,cora_node:test:000040:a2c238854a12943f,2,3926.183598,3926.15625,3807.433617,118.321029,117.04641208052635,42.49142110347748,14.165060594677925,3514.3363028764725,275.21510314941406,3236.1292724609375,120,0,1,48,0,655.5595531463623,165.8991358866915,23.806976011954248,72.14684789814055,21.14815999660641,195.00226974487305,9.892608046531677,63.109150886535645,7.211074471473694,cache_w8a8_m4k2v2,large_h6_n32_s100,a2c238854a12943f241163c772af7abc6cc3b5a4d91ac2a8efaf51313eda5f68,19.603103637695312,1646.758047491312,703.1545906066895,905.8197380006313,31457280,1044480,1044480,5124
cora_node,test,141,41,cora_node:test:000041:d38fcea0be12e7a9,2,3788.411919,3788.385009765625,3669.703245,118.275171,119.77504566311836,42.75771323591471,14.47383500635624,3384.3177212402225,257.4058532714844,3123.8601684570312,122,0,1,36,0,501.3571844100952,132.83251191675663,17.424351984634995,54.31427200511098,16.05708797927946,178.34889602661133,8.856383919715881,63.50911998748779,6.691453337669373,cache_w8a8_m4k2v2,large_h6_n32_s100,d38fcea0be12e7a92c5f6b4bc51ffd58ec110b42f356d88aa990e533c84c0d03,19.711456298828125,1673.1971190273762,536.992865562439,933.3816401660442,31981568,579072,579072,5208
cora_node,test,142,42,cora_node:test:000042:2e32d30653022089,2,2700.128151,2700.1025390625,2596.973748,102.801406,79.40740138292313,42.18799155205488,9.749808348715305,2388.169316574931,161.60617637634277,2224.4842834472656,80,0,1,36,0,499.7969284057617,132.0784639911726,17.311423994600773,53.78272002004087,15.867231968790293,110.95248031616211,5.411967992782593,40.99878406524658,4.242944002151489,cache_w8a8_m4k2v2,large_h6_n32_s100,2e32d30653022089eaca9e8d2f76ce3350c7aeca10daa4ddbb34873a640b6692,19.46784019470215,1103.0575370788574,535.1695337295532,605.7250528335571,20971520,506880,506880,3444
cora_node,test,143,43,cora_node:test:000043:e249023568b974dc,2,7227.617402,7227.587890625,7076.958852,150.083439,142.34745502471924,42.467378079891205,17.29769352823496,6748.259296640754,323.2012519836426,6421.484924316406,145,0,1,228,0,3288.4941387176514,750.111680066213,109.94409598782659,365.28991997241974,106.74643201660365,226.78044891357422,11.516512155532837,76.49852752685547,8.405763387680054,cache_w8a8_m4k2v2,large_h6_n32_s100,e249023568b974dc24880f2f035e8067d4d441b0208b714292c104205814972e,19.60063934326172,1983.4500450491905,3515.917507171631,941.7180114388466,38010880,6753792,6753792,6174
cora_node,test,144,44,cora_node:test:000044:c8eae1e451316721,2,7259.999724,7259.962890625,7171.621946,87.834816,194.63413022458553,42.850688099861145,23.52356817573309,6768.942791968584,344.9104309082031,6420.234619140625,155,0,1,222,0,3083.6426191329956,797.2760001849383,113.75123207923025,344.9415358994156,101.2385599501431,242.3362579345703,12.199808120727539,81.4814395904541,8.892925262451172,cache_w8a8_m4k2v2,large_h6_n32_s100,c8eae1e45131672154418612802c29f34fa7add5d2adca9863a0e88d14f15dde,19.498111724853516,2120.287776172161,3303.624634742737,1015.8203199505806,40632320,6242304,6242304,6594
cora_node,test,145,45,cora_node:test:000045:788e11e8f7a62f35,2,4692.240329,4692.20703125,4573.382524,118.347344,126.0683024302125,42.53228846937418,15.39967954158783,4270.05045954138,329.1677436828613,3937.7062377929688,127,0,1,72,0,1207.5282306671143,261.1352960970253,35.78227200265974,316.0622109696269,31.885663946159184,241.75394821166992,12.389504194259644,66.38595294952393,8.638338327407837,cache_w8a8_m4k2v2,large_h6_n32_s100,788e11e8f7a62f3533b53ca33c9f92991b0c32c0da60b3d7f9833282d286ceb2,19.63884735107422,1741.5287042856216,1278.571132659912,937.2452481985092,33292288,1396224,1396224,5418
cora_node,test,146,46,cora_node:test:000046:94645fe67c5534f4,2,3603.8746,3603.847412109375,3531.542577,71.920503,106.75924830138683,42.5569973886013,12.981090694665909,3272.9931864887476,238.46819305419922,3031.7609252929688,110,0,1,48,0,664.418496131897,172.91199993528426,24.115424007177353,71.67401604354382,21.245663991197944,166.2472629547119,8.263711929321289,57.69324779510498,6.263970375061035,cache_w8a8_m4k2v2,large_h6_n32_s100,94645fe67c5534f4e3181c55bba824fb91c5945f6bfe95f656815a8ec6b85d5b,19.696191787719727,1511.648575603962,711.6392002105713,828.1693412661552,28835840,907776,907776,4704
cora_node,test,147,47,cora_node:test:000047:b29f359948778b30,2,3572.546502,3572.5205078125,3423.456303,148.67677,108.91853645443916,42.201635427773,13.184911571443081,3157.599971629679,243.16685104370117,2911.6207580566406,112,0,1,36,0,503.6878414154053,133.83008015248924,17.322559982538223,54.83968001417816,16.478399994783103,169.61356735229492,8.50329601764679,58.67897605895996,6.3710116147994995,cache_w8a8_m4k2v2,large_h6_n32_s100,b29f359948778b30ae7ff12a1658a2de433b7774cd51dc0fa8760b3244dff057,19.464160919189453,1537.8740160167217,539.0586862564087,854.1522167026997,29360128,505344,505344,4788
cora_node,test,148,48,cora_node:test:000048:55e6387e7ec1073f,2,1028.293077,1028.268310546875,877.777142,150.278923,18.40005535632372,41.89722612500191,0.9846007451415062,804.093087092042,13.212831974029541,790.4252319335938,8,0,1,42,0,598.3491840362549,164.46700793597847,20.890527977608144,63.13478400558233,18.710879983380437,8.980736136436462,0.4410240054130554,3.357312023639679,0.43375980854034424,cache_w8a8_m4k2v2,large_h6_n32_s100,55e6387e7ec1073f14117e2c3ccbe6befde97133c21ef36da0a039aea755c156,19.383808135986328,129.223744481802,639.6199083328247,40.965387254953384,2097152,430080,430080,420
cora_node,test,149,49,cora_node:test:000049:e6990ecf74c50330,2,3855.190495,3855.16357421875,3751.928786,102.842382,116.67324602603912,42.43264067918062,14.028563164174557,3472.523368895054,249.25551986694336,3220.2941284179688,119,0,1,48,0,663.2895336151123,172.46579198166728,23.479840009473264,71.92947198450565,21.09939196240157,170.98476791381836,8.438207983970642,63.417823791503906,6.414720177650452,cache_w8a8_m4k2v2,large_h6_n32_s100,e6990ecf74c5033042100afd7d2d93148f651acef587a51645759603c3820de3,19.593791961669922,1632.6865893006325,710.4215679168701,896.7797631621361,31195136,943104,943104,5082
cora_node,test,150,50,cora_node:test:000050:b2269c597e255f7a,2,4525.496087,4525.46875,4407.073877,117.986381,129.31352574378252,42.485532350838184,15.74802864342928,4101.160743273795,304.96137619018555,3792.8900146484375,134,0,1,66,0,911.8839054107666,234.02944003697485,33.14620794169605,99.1826239656657,29.20454395469278,216.06790161132812,10.916672110557556,70.01353549957275,7.963266968727112,cache_w8a8_m4k2v2,large_h6_n32_s100,b2269c597e255f7a14b569eed8712ebee5c5a1e49354a0da453990ee20a98e6a,19.61408042907715,1837.2731839418411,977.0662069320679,998.1647042036057,35127296,1523712,1523712,5712
cora_node,test,151,51,cora_node:test:000051:306861cd9b34e839,2,3416.224497,3416.19677734375,3326.38178,89.442554,298.24507702142,42.68202278763056,12.017132714390755,2880.8885775506496,211.15842819213867,2667.167694091797,101,0,1,36,0,492.121600151062,125.95228805951774,17.291423978284,53.568608013913035,16.68771200068295,144.66857528686523,7.1595200300216675,53.84598445892334,5.48434841632843,cache_w8a8_m4k2v2,large_h6_n32_s100,306861cd9b34e839816ff0a6d39b729b27738fb255ef8390bac7d56ae3d9b09a,19.63910484313965,1389.7281597554684,527.4865283966064,769.5921107828617,26476544,651264,651264,4326
cora_node,test,152,52,cora_node:test:000052:bfeb7cfd15540f8b,2,3782.974466,3782.946533203125,3664.598071,117.941403,118.77696122974157,42.46249794960022,14.324668794870377,3378.188716247678,258.271427154541,3116.8704223632812,122,0,1,36,0,492.60995292663574,125.42534406948835,17.385856000706553,54.36252801679075,15.931007998995483,179.13494491577148,8.883327960968018,63.55017566680908,6.702978610992432,cache_w8a8_m4k2v2,large_h6_n32_s100,bfeb7cfd15540f8b3dc9b2f1e1521d8ad6fc06918bc42618ada53bd9534daca6,19.554336547851562,1674.682719528675,527.9694414138794,933.7725979685783,31981568,651264,651264,5208
cora_node,test,153,53,cora_node:test:000053:335dea55645a0e46,2,4156.742525,4156.71533203125,4068.666624,87.660969,111.87011376023293,42.46698319911957,13.5037861764431,3794.555422849953,253.10403442382812,3538.5673217773438,115,0,1,78,0,1065.6627798080444,267.37955201324075,39.59283200930804,116.39372790046036,34.45334397722036,177.6641902923584,8.906944036483765,59.90752029418945,6.625379800796509,cache_w8a8_m4k2v2,large_h6_n32_s100,335dea55645a0e46a7c73863ba640d9a69e5c41cf59800fe943f5bc9cf043fb1,19.639808654785156,1578.8843213617802,1142.5246448516846,836.7981642186642,30146560,2027520,2027520,4914
cora_node,test,154,54,cora_node:test:000054:7ba236970f91eeb7,2,4206.206101,4206.177734375,4087.070454,118.692256,124.4291989132762,42.565557174384594,15.269936062395573,3792.4917554482818,313.4595184326172,3475.7984008789062,130,0,1,48,0,673.6983690261841,180.09961618296802,23.725983972661197,72.04614399373531,21.597055999562144,225.96188735961914,11.572384119033813,67.68358421325684,8.241662740707397,cache_w8a8_m4k2v2,large_h6_n32_s100,7ba236970f91eeb7194f4d1bf6641072f4e86f96c0690cd5d9d511da99f65c64,19.664928436279297,1786.964481830597,721.0075531005859,987.4912943840027,34078720,864768,864768,5544
cora_node,test,155,55,cora_node:test:000055:f283fe7547716a2a,2,4482.175049,4482.14794921875,4394.004264,87.732912,134.93462465703487,42.60653909295797,16.35467540472746,4087.4135429039598,340.41357040405273,3743.5689697265625,139,0,1,54,0,753.7517433166504,199.70447995699942,26.4513599909842,80.62710394337773,23.766751964576542,245.61091232299805,12.472895979881287,73.5855360031128,8.744226098060608,cache_w8a8_m4k2v2,large_h6_n32_s100,f283fe7547716a2aab551e9f5f63c300afe5949618012d3099ed0da65e00ee02,19.719680786132812,1907.64438483119,807.1612186431885,1048.4830470383167,36438016,1136640,1136640,5922
cora_node,test,156,56,cora_node:test:000056:f8d78a00a7437a62,2,4143.582562,4143.5556640625,4055.669323,87.497265,115.7109597697854,42.56134293973446,13.84472195059061,3769.3789256736636,265.55101013183594,3500.876708984375,118,0,1,54,0,944.2760915756226,186.9879678338766,27.005856004543602,81.51603200472891,23.811007976531982,186.99587059020996,9.468703866004944,62.152832984924316,6.933602690696716,cache_w8a8_m4k2v2,large_h6_n32_s100,f8d78a00a7437a621f6b5cbae696d55cbe1f93e4118ee6f1eb1b5df0f0857ad5,19.643552780151367,1631.9069734811783,997.8832349777222,890.7300533056259,30932992,1241088,1241088,5040
cora_node,test,157,57,cora_node:test:000057:89bd08bf288a5b51,2,4049.376657,4049.349365234375,3930.675879,118.287331,116.73575174063444,42.576996609568596,14.144686982035637,3656.2403719872236,306.0221138000488,3347.212158203125,120,0,1,54,0,745.8662071228027,193.14748784154654,26.57087997160852,80.62428800016642,23.880159991793334,223.1130828857422,11.623424053192139,63.16428852081299,8.121318340301514,cache_w8a8_m4k2v2,large_h6_n32_s100,89bd08bf288a5b5170a77827005531c713b6c57705ae4380e523fb30b37064a9,19.66761589050293,1660.3651534616947,799.2951059341431,907.2195146977901,31457280,870912,870912,5124
cora_node,test,158,58,cora_node:test:000058:75f7fe0449ddc01a,2,4182.711331,4182.68408203125,4094.860716,87.422685,129.16037440299988,42.678145691752434,15.51753282546997,3788.514254614711,291.6084518432617,3493.6524658203125,131,0,1,48,0,657.5791988372803,166.23055992089212,23.60310399439186,72.39324804209173,21.242303980514407,204.50323104858398,10.308800101280212,69.22748851776123,7.5689321756362915,cache_w8a8_m4k2v2,large_h6_n32_s100,75f7fe0449ddc01adfb59a639ca76c68348d650e5821568be3c121ce6d528590,19.71900749206543,1810.1279051601887,705.2165422439575,998.0270259082317,34340864,1044480,1044480,5586
cora_node,test,159,59,cora_node:test:000059:19b8fbb697bdc102,2,3089.368539,3089.34228515625,2968.612984,120.368769,92.00717881321907,42.37324092537165,11.253802105784416,2734.47213601321,201.28793716430664,2530.78173828125,94,0,1,36,0,491.2339200973511,124.64121579378843,17.527968000620604,53.964704010635614,15.87395198829472,140.62224006652832,6.948192000389099,48.39907217025757,5.318432927131653,cache_w8a8_m4k2v2,large_h6_n32_s100,19b8fbb697bdc10272e4c33729905e881ea302ebe25289f83079158a661d368a,19.55686378479004,1303.8468149602413,526.8744649887085,719.6173221170902,24641536,651264,651264,4032
cora_node,test,160,60,cora_node:test:000060:c1eafab95e12e7e0,2,2739.657188,2739.631103515625,2590.776406,148.538875,73.87817744165659,42.28515923023224,9.095977060496807,2395.182286389172,164.16374397277832,2229.0501403808594,75,0,1,42,0,599.6698589324951,164.51980814244598,21.429535957053304,63.09267193265259,18.789727984927595,115.04076957702637,5.648831903934479,39.12742376327515,4.346718728542328,cache_w8a8_m4k2v2,large_h6_n32_s100,c1eafab95e12e7e0f9d1ee8010ac970dd0803b2a7c960a247ecc4f6e0af6f910,19.515392303466797,1043.1334384679794,641.1634883880615,564.2686058282852,19660800,434688,434688,3234
cora_node,test,161,61,cora_node:test:000061:2b2b6524458401be,2,3619.313519,3619.28662109375,3529.615026,89.291832,106.51161894202232,42.46117454022169,12.763604521751404,3257.6794996857643,248.34784317016602,3006.6246643066406,108,0,1,48,0,664.4183692932129,172.54528001416475,23.846335981041193,72.40569598600268,21.41683197580278,176.98899269104004,8.911327958106995,55.88009548187256,6.567427039146423,cache_w8a8_m4k2v2,large_h6_n32_s100,2b2b6524458401be971e7e36d8418d014dade1868ee84ee33da3e262c10b6474,19.570720672607422,1495.473090350628,712.1724166870117,818.5498779416084,28311552,976896,976896,4620
cora_node,test,162,62,cora_node:test:000062:2a1a61ec724f083b,2,3524.14418,3524.116455078125,3449.420528,74.345091,297.701814211905,42.7790442481637,11.578151024878025,3003.9832275360823,237.50320434570312,2764.004119873047,97,0,1,48,0,659.5033292770386,167.94198375102133,23.49231999926269,72.1278399694711,21.06860796827823,171.26707077026367,8.818560123443604,51.05327892303467,6.364294528961182,cache_w8a8_m4k2v2,large_h6_n32_s100,2a1a61ec724f083bd7b4aa9df23e9ce100e5fb1769e84c905e25d529b9fc3501,19.693695068359375,1344.8280989825726,707.3232955932617,731.546420365572,25427968,1044480,1044480,4158
cora_node,test,163,63,cora_node:test:000063:ee3df5060c0f44db,2,3864.136969,3864.10986328125,3714.797678,148.919733,119.07032690942287,42.70635545253754,14.026252552866936,3435.0181743502617,265.76924896240234,3166.2576293945312,119,0,1,42,0,589.6172504425049,158.0615357765928,20.100704013369977,63.995072055608034,18.84819198679179,186.13702392578125,9.3089599609375,63.376832008361816,6.946433067321777,cache_w8a8_m4k2v2,large_h6_n32_s100,ee3df5060c0f44db2d0c8846330738d08dcfcab1f56228d3d4ef394aa2f6e27c,19.748064041137695,1644.9638724029064,631.3293447494507,909.7124762833118,31195136,557568,557568,5082
cora_node,test,164,64,cora_node:test:000064:84e7a6ec7925a4bb,2,3704.248662,3704.220458984375,3616.419274,87.425255,104.51747011393309,42.49023739248514,12.549988925457,3354.6758638694882,229.52393341064453,3122.487548828125,106,0,1,60,0,827.3200635910034,212.76880002766848,29.81103999260813,89.26988802291453,26.46569599211216,160.5735378265381,7.910208106040955,54.99945545196533,6.040732026100159,cache_w8a8_m4k2v2,large_h6_n32_s100,84e7a6ec7925a4bb152fa7769f3916376e735bc41242375e3daed2260386912c,19.57859230041504,1467.1781781315804,886.7910089492798,788.0969540476799,27787264,1293312,1293312,4536
cora_node,test,165,65,cora_node:test:000065:88e3d89f99d2fa07,2,3834.199139,3834.171142578125,3682.96165,150.817997,113.97554725408554,42.580632492899895,13.563298620283604,3399.2421599105,252.67107391357422,3143.6740112304688,115,0,1,48,0,655.7376050949097,165.77478392235935,23.533215997740626,71.61737591400743,21.193599968217313,177.4398708343506,8.902527928352356,59.708927154541016,6.619747996330261,cache_w8a8_m4k2v2,large_h6_n32_s100,88e3d89f99d2fa07e1807c1d3ac52ae031b5a66b1d184ce0e4eeb1370e9adeb5,19.659807205200195,1589.9115871489048,703.5045747756958,869.9176565110683,30146560,1044480,1044480,4914
cora_node,test,166,66,cora_node:test:000066:24b24781a80413c0,2,2245.361079,2245.334228515625,2157.650978,87.375684,65.00661466270685,42.45361965149641,7.868867367506027,1971.3169364258647,146.94758224487305,1822.6130981445312,65,0,1,30,0,408.2208032608032,104.26505608484149,14.128927999176085,44.85167993977666,13.252991982735693,104.20265769958496,5.158656001091003,33.64073657989502,3.945531964302063,cache_w8a8_m4k2v2,large_h6_n32_s100,24b24781a80413c0acf599b893b6aa41d4c781f31bb74540c76bef72f64eebda,19.590272903442383,906.868833810091,437.8899517059326,497.44458553195,17039360,454656,454656,2814
cora_node,test,167,67,cora_node:test:000067:976125dce882815b,2,3499.436524,3499.408935546875,3378.671178,120.385971,103.4122183918953,42.37430728971958,12.556102126836777,3136.4579517394304,244.51363372802734,2889.279815673828,106,0,1,42,0,590.3703365325928,157.87340810149908,20.27299203723669,63.078847935423255,18.65299198590219,174.023042678833,8.81055998802185,55.21116828918457,6.468862771987915,cache_w8a8_m4k2v2,large_h6_n32_s100,976125dce882815b1ee817efd8c57108c454aeaced899ac81eb8861c09483c5d,19.517919540405273,1469.106466293335,631.9011220932007,807.7901468276978,27787264,580608,580608,4536
cora_node,test,168,68,cora_node:test:000068:1de1395a63f98897,2,2734.622391,2734.59619140625,2631.121953,103.149492,70.91790437698364,42.32072178274393,8.575942367315292,2433.8096091523767,182.53865814208984,2249.3826599121094,71,0,1,36,0,704.0727386474609,132.02515202015638,17.669311995618045,257.27037022821605,16.020671986974776,133.7903995513916,6.76963198184967,37.01356744766235,4.965059161186218,cache_w8a8_m4k2v2,large_h6_n32_s100,1de1395a63f988977600566de5470fed640530fc76d98eae65fe8207095a0cf6,19.553695678710938,989.2640024721622,739.7705345153809,539.9018186032772,18612224,508416,508416,3066
cora_node,test,169,69,cora_node:test:000069:63a6eb858aab308d,2,3298.856931,3298.8291015625,3149.69485,148.761583,99.93160050362349,42.26809088140726,12.045561335980892,2905.8207692578435,214.10678482055664,2689.1456604003906,101,0,1,36,0,500.4661121368408,131.47827179450542,17.640512007288635,54.17395201511681,15.988319988362491,147.56336402893066,7.2909440994262695,53.68646430969238,5.566012382507324,cache_w8a8_m4k2v2,large_h6_n32_s100,63a6eb858aab308da7416a3fb965ae04700df5b2b184d7ea4198b4addd81f6b4,19.50409507751465,1399.5819211006165,536.058141708374,773.0096926689148,26476544,506880,506880,4326
cora_node,test,170,70,cora_node:test:000070:b46b465e4628763c,2,4988.513658,4988.48388671875,4869.271288,118.793033,139.4397597759962,42.500232346355915,17.08566676825285,4551.232254132628,358.7398376464844,4188.954406738281,144,0,1,78,0,1074.2279977798462,274.43760003708303,39.22595200035721,117.10368007235229,34.40956796798855,260.9759330749512,13.285664319992065,75.18384170532227,9.294398546218872,cache_w8a8_m4k2v2,large_h6_n32_s100,b46b465e4628763caeea1b2f03b17a905f94422eccfa2dab1d0004d7fc7eaa7b,19.580032348632812,1987.4290582239628,1151.6762924194336,1069.4290884435177,37748736,2015232,2015232,6132
cora_node,test,171,71,cora_node:test:000071:6f483ca7b54d6897,2,4418.145938,4418.11572265625,4297.420932,120.277801,126.05973891913891,42.61786676943302,15.277942642569542,3989.5010124891996,270.4757766723633,3715.80810546875,129,0,1,66,0,924.6730241775513,251.2153917197138,32.51049598492682,98.5696000251919,29.579936015419662,186.58428764343262,9.362655997276306,67.56118392944336,6.9676491022109985,cache_w8a8_m4k2v2,large_h6_n32_s100,6f483ca7b54d6897b197af5024ad044e7c86a785d9ade5deee8085d690a36470,19.636608123779297,1782.7539869248867,990.139970779419,962.5507558882236,33816576,1459200,1459200,5502
cora_node,test,172,72,cora_node:test:000072:2b8c40e61d5cf1ac,2,3118.008499,3117.981201171875,2997.327934,120.22275,89.1015948727727,42.35586989670992,10.933268815279007,2770.134650170803,202.51113510131836,2565.3016052246094,91,0,1,42,0,588.5403823852539,155.53785621002316,20.472351984120905,62.69865600578487,18.68847997765988,141.95561599731445,7.118848085403442,48.11103916168213,5.325631856918335,cache_w8a8_m4k2v2,large_h6_n32_s100,2b8c40e61d5cf1ac37ad6b0a3c2669424d218a116e766694088d2d6dfc450d32,19.544479370117188,1263.2074896991253,630.1431369781494,691.4954579174519,23855104,721920,721920,3906
cora_node,test,173,73,cora_node:test:000073:33d4c7b8a3cba341,2,1723.603375,1723.578125,1574.439534,148.854973,40.419986471533775,42.45944507420063,4.7619277611374855,1441.7890571057796,89.73868751525879,1350.8814849853516,39,0,1,36,0,493.94783782958984,126.17135993205011,17.742303987033665,54.10643199831247,16.453279972076416,63.69513511657715,3.171903967857361,20.417664051055908,2.4539843797683716,cache_w8a8_m4k2v2,large_h6_n32_s100,33d4c7b8a3cba3411d08f577d38ed03cf55d04a7fd954a67e92d0fb2f63d8934,19.569664001464844,552.1557104587555,529.5919017791748,288.7035367488861,10223616,651264,651264,1722
cora_node,test,174,74,cora_node:test:000074:96d837d6b1dada9c,2,4029.694004,4029.665771484375,3939.716187,89.556834,106.04985803365707,42.47386008501053,12.404496781527996,3674.9160485342145,263.86656188964844,3408.4290161132812,104,0,1,66,0,1155.2310161590576,241.10086396615952,32.92172800283879,99.1811839453876,29.790015993639827,192.42265510559082,9.894431948661804,54.50457572937012,7.044899106025696,cache_w8a8_m4k2v2,large_h6_n32_s100,96d837d6b1dada9c2a7ff1cc476ec395ab3d142b04fa9deec41d081dc8dedfe5,19.585439682006836,1440.1756143569946,1220.7439432144165,767.094898223877,27262976,1347072,1347072,4452
cora_node,test,175,75,cora_node:test:000075:a169558f5c55b223,2,4581.561023,4581.5322265625,4462.830424,118.26223,147.66478817909956,42.57451184093952,16.841731034219265,4124.584046192467,330.39596939086914,3790.7167358398438,141,0,1,54,0,736.2269744873047,186.11497625615448,26.70896001905203,80.00857589021325,24.021695961244404,235.4184913635254,11.895263910293579,74.52752017974854,8.554693937301636,cache_w8a8_m4k2v2,large_h6_n32_s100,a169558f5c55b2239c3a281f6a9ca677322807acb8f886f946dcad8e80d6a7e4,19.61961555480957,1949.239040851593,789.7275876998901,1071.3697228431702,36962304,1241088,1241088,6006
cora_node,test,176,76,cora_node:test:000076:89d77d79269399c8,2,3870.207441,3870.17919921875,3765.186872,104.600909,118.87822858989239,42.609354481101036,14.090928249061108,3483.9476738125086,249.43859100341797,3231.5283203125,119,0,1,48,0,655.7353582382202,166.62444813735783,23.598111995495856,71.70390401221812,21.07587198074907,170.88649559020996,8.457792043685913,63.692352294921875,6.40195107460022,cache_w8a8_m4k2v2,large_h6_n32_s100,89d77d79269399c8dfd4b87c1cf3b4f9b5d01377d3ec0e16bcaee745738fbbd3,19.678560256958008,1646.1712650358677,703.2023391723633,901.833276361227,31195136,995328,995328,5082
cora_node,test,177,77,cora_node:test:000077:5317754e1c8f111f,2,3813.074598,3813.046875,3723.105066,89.574523,121.62854243069887,42.55859740078449,12.407817877829075,3444.2547047510743,264.9689636230469,3176.6613159179688,104,0,1,66,0,922.7644815444946,240.08233572077006,32.54153600893915,98.94179198890924,29.22083195950836,193.35376167297363,9.952384114265442,54.60819149017334,7.0546263456344604,cache_w8a8_m4k2v2,large_h6_n32_s100,5317754e1c8f111f17efa5b252803f0fcf5ccf410d5806ed746de03a4cb0ecbf,19.586528778076172,1440.6175676882267,988.0994892120361,767.5307877957821,27262976,1195008,1195008,4452
cora_node,test,178,78,cora_node:test:000078:59eda86c3117bdd9,2,1563.162417,1563.1370849609375,1488.898275,74.005494,30.977328307926655,42.258662171661854,3.5521145910024643,1369.8180336505175,67.49305629730225,1301.3854522705078,29,0,1,48,0,659.5512313842773,170.11523194983602,23.27910399530083,71.53040000610054,21.03881600033492,47.84329605102539,2.3864000141620636,15.407008171081543,1.856352061033249,cache_w8a8_m4k2v2,large_h6_n32_s100,59eda86c3117bdd9b35725b3d448c13189ae58e4f190f5e9e61abe4b89a0df4e,19.50806427001953,415.31776013970375,706.8440961837769,198.73166021704674,7602176,901632,901632,1302
cora_node,test,179,79,cora_node:test:000079:548839da6cf652d8,2,3998.817094,3998.78857421875,3910.666756,87.708553,116.851806640625,42.49998275190592,13.753828592598438,3636.6588128730655,249.72556686401367,3384.0110473632812,116,0,1,48,0,870.4917068481445,172.72319987043738,24.16067195031792,71.9835199099034,227.02329119760543,174.41094589233398,8.677727937698364,60.09673595428467,6.540157079696655,cache_w8a8_m4k2v2,large_h6_n32_s100,548839da6cf652d8ecc27738f473b30c6ddf90fe67229d65b9f5817e5be5e2b8,19.607999801635742,1604.700832337141,918.116644859314,880.801569968462,30408704,930816,930816,4956
cora_node,test,180,80,cora_node:test:000080:43bcde9568628ace,2,3841.591425,3841.5634765625,3692.103203,149.068291,115.92811718583107,42.50440001487732,13.72197363525629,3406.777339056134,252.01718521118164,3151.8687133789062,115,0,1,48,0,663.3967361450195,172.40601599309593,23.34668798558414,72.76367999240756,21.221119994297624,176.90793800354004,8.785055994987488,59.709407806396484,6.614783406257629,cache_w8a8_m4k2v2,large_h6_n32_s100,43bcde9568628aceb2d98028ecbc4fe87c9cb32f513152ee4c269f32bbf81bfa,19.626943588256836,1589.7778570950031,711.178334236145,870.5394656360149,30146560,761856,761856,4914
cora_node,test,181,81,cora_node:test:000081:5dfdeb1fead843e2,2,2651.257713,2651.230712890625,2502.21208,148.708746,67.35429912805557,42.32896026223898,8.292191661894321,2312.272817827761,165.84118461608887,2144.6016235351562,68,0,1,48,0,661.8352298736572,171.18662413116544,23.37363199610263,71.69929603487253,20.982367992401123,119.8915843963623,6.018496036529541,35.44783973693848,4.483264446258545,cache_w8a8_m4k2v2,large_h6_n32_s100,5dfdeb1fead843e2c0439c81cd7a9e06be8ff8ae6aa905d8eb2b1bce7a8b691b,19.573823928833008,947.9724175930023,709.3754873275757,506.82754254341125,17825792,903168,903168,2940
cora_node,test,182,82,cora_node:test:000082:4c40d64e08d373b3,2,7995.298917,7995.2646484375,7874.304898,120.529244,140.3366792947054,42.730363085865974,17.34763476997614,7549.7596291825175,317.385986328125,7228.802978515625,145,0,1,276,0,3885.204797744751,1027.8736639702693,143.4373120488599,413.8775362111628,122.02566385641694,221.44044494628906,11.273631930351257,76.56947231292725,8.102437138557434,cache_w8a8_m4k2v2,large_h6_n32_s100,4c40d64e08d373b32cf06af1310c7ed3022123f34785b6fa5466f8e1b0a89662,19.639711380004883,1993.3467534184456,4158.217658996582,1096.8782774806023,38010880,7213056,7213056,6174
cora_node,test,183,83,cora_node:test:000083:9a19c87e3b25f7aa,2,5032.742572,5032.7060546875,4944.708272,87.561693,136.05378568172455,42.63423476368189,16.582452692091465,4628.019226714969,316.1447982788086,4308.467590332031,138,0,1,96,0,1323.5624027252197,341.18070388492197,48.14060799498111,143.2884798757732,42.10684799961746,223.77558135986328,11.338047981262207,72.83084869384766,8.20032024383545,cache_w8a8_m4k2v2,large_h6_n32_s100,9a19c87e3b25f7aa0789c0a4ad78c77af30bb726b808d048471dff1a8788059b,19.65884780883789,1903.8903357088566,1418.5282545089722,1005.7078479230404,36175872,2293248,2293248,5880
cora_node,test,184,84,cora_node:test:000084:3c3779cf7918171a,2,3522.972037,3522.944091796875,3402.557346,120.035206,103.15171908587217,42.582993395626545,12.391360476613045,3151.5448531135917,242.57177352905273,2906.3406677246094,104,0,1,48,0,655.0611848831177,164.92083194386214,23.762911988422275,71.2960960008204,21.069503993727267,172.8967990875244,8.695935845375061,54.51670455932617,6.462334036827087,cache_w8a8_m4k2v2,large_h6_n32_s100,3c3779cf7918171a760a03e7a1d82870adb22f669d89a4e6462f4d8ef03bf481,19.69161605834961,1439.7595215141773,702.6794881820679,783.5932740867138,27262976,1044480,1044480,4452
cora_node,test,185,85,cora_node:test:000085:cf34d905d50d1aac,2,7956.550949,7956.51708984375,7837.634831,118.463437,139.7784100845456,42.611260898411274,17.35975407063961,7514.465382322669,314.4384307861328,7196.4632568359375,145,0,1,276,0,4071.070852279663,1007.5236157504842,141.59977597277611,413.9645119663328,121.279295922257,218.86870574951172,11.026911973953247,76.45295906066895,8.089854001998901,cache_w8a8_m4k2v2,large_h6_n32_s100,cf34d905d50d1aac4bafcfde624d601e318f7de6eb9a892920c2e85d48e6f5f3,19.60851287841797,1993.631678313017,4344.3744831085205,878.0656082928181,38010880,7491072,7491072,6174
cora_node,test,186,86,cora_node:test:000086:c324dfdda398722a,2,3594.435991,3594.3994140625,3504.448106,89.542384,107.66787733882666,43.3067362755537,13.07215727865696,3230.2497206255794,250.11743927001953,2977.4242248535156,108,0,1,48,0,655.4946584701538,167.63529595546424,23.643104005604982,71.7042559813708,20.88284797500819,178.2967987060547,9.024159908294678,56.2064323425293,6.590048313140869,cache_w8a8_m4k2v2,large_h6_n32_s100,c324dfdda398722a59a80d2d561d662237d0c10e29be2342244eec4b6a0095ad,19.675552368164062,1483.5528315603733,702.7525405883789,810.7944050729275,28311552,1044480,1044480,4620
cora_node,test,187,87,cora_node:test:000087:573cf68e1be97909,2,749.051007,749.0253295898438,600.752318,148.069835,7.413757964968681,41.88331961631775,0.6479332223534584,540.5721878632903,6.28873598575592,533.8758392333984,5,0,1,30,0,405.8056650161743,103.1413118923083,14.277504029683769,44.67843195050955,13.116991979070008,3.8069120049476624,0.15712000243365765,2.074272036552429,0.2504319418221712,cache_w8a8_m4k2v2,large_h6_n32_s100,573cf68e1be97909355690457d210e982434529633105bcd850dfac8fdc121d4,19.40166473388672,88.67702457308769,435.2591361999512,29.341343194246292,1310720,454656,454656,294
cora_node,test,188,88,cora_node:test:000088:9db4a2eff13d126e,2,4176.863136,4176.83447265625,4088.378189,87.896276,116.08503106981516,42.41693951189518,14.017988927662373,3808.383831754327,282.87590408325195,3522.5487060546875,118,0,1,72,0,982.6846714019775,248.09910373203456,36.0717759700492,107.50182403065264,31.74092800077051,202.63663864135742,10.491328120231628,62.281888008117676,7.466049313545227,cache_w8a8_m4k2v2,large_h6_n32_s100,9db4a2eff13d126e7c3f944ab12bc7d8a5f0cdf76c8256b7f415fa6658540ee6,19.603200912475586,1620.1358392834663,1053.7662076950073,868.2498599886894,30932992,1597440,1597440,5040
cora_node,test,189,89,cora_node:test:000089:c60797faaa615d44,2,2698.618887,2698.58935546875,2593.631169,104.607384,82.79454242438078,42.46032517403364,9.754410944879055,2380.5987741798162,161.53532600402832,2216.9854125976562,80,0,1,36,0,491.89651107788086,124.97164812404662,17.2319999858737,54.76268805377185,15.967519986443222,110.89215850830078,5.410911977291107,40.99564790725708,4.236607611179352,cache_w8a8_m4k2v2,large_h6_n32_s100,c60797faaa615d44d080b7f01df269664901aac549562dd2230c71031768a38f,19.661535263061523,1103.5175995528698,527.332929611206,605.7964186966419,20971520,651264,651264,3444
cora_node,test,190,90,cora_node:test:000090:dbbb12fda942867b,2,3912.229115,3912.200439453125,3791.630094,120.161109,118.81013493984938,42.47513972222805,14.31958470493555,3504.564288072288,264.25487899780273,3237.311767578125,120,0,1,48,0,653.8450889587402,166.9826878234744,23.33596799429506,71.56140797398984,21.133823976852,184.97235488891602,9.256160020828247,63.14803123474121,6.878332853317261,cache_w8a8_m4k2v2,large_h6_n32_s100,dbbb12fda942867bb01828ee0ea7aefd95a1cfc4e527f4c35bc28526521aed8a,19.628448486328125,1648.0549107789993,701.0379505157471,907.8473547697067,31457280,1044480,1044480,5124
cora_node,test,191,91,cora_node:test:000091:b971acc23a1532ca,2,720.767971,720.7438354492188,602.787297,117.752989,6.748671643435955,42.09234286099672,0.635804608464241,542.0717028900981,6.257568001747131,535.4103698730469,5,0,1,30,0,407.18668842315674,103.73756800312549,13.998528022319078,45.20687996968627,13.25247997790575,3.776159942150116,0.15926400013267994,2.0765439867973328,0.24560007266700268,cache_w8a8_m4k2v2,large_h6_n32_s100,b971acc23a1532ca715ce31bcbe07f5af8755633e7361a24b0a161d933ba7414,19.377119064331055,88.70307207107544,436.7151985168457,29.369218349456787,1310720,454656,454656,294
cora_node,test,192,92,cora_node:test:000092:cd34a16e0417419e,2,4695.87706,4695.845703125,4577.451837,117.990414,129.07683942466974,42.406365275382996,14.967473223805428,4286.024433560669,326.563777923584,3956.3037719726562,127,0,1,72,0,1220.9658155441284,251.73164809774607,271.8923914972693,106.82281604968011,31.64524798747152,238.93475341796875,12.34822392463684,66.62505531311035,8.655745267868042,cache_w8a8_m4k2v2,large_h6_n32_s100,cd34a16e0417419e6c49edf249f7ec60c8f4a7ae68ef5b3dac60f32336b42fa3,19.572479248046875,1743.0083510279655,1291.702974319458,941.1649258732796,33292288,1674240,1674240,5418
cora_node,test,193,93,cora_node:test:000093:53926ffae756fcf6,2,7728.362621,7728.328125,7607.363329,120.510041,143.9534304663539,43.35149098187685,17.218894325196743,7291.581371799111,314.8401336669922,6973.1700439453125,145,0,1,276,0,3851.2912378311157,996.2655675718561,143.82937605679035,414.19884791597724,122.2445119516924,219.15414428710938,11.076864004135132,76.50736045837402,8.101764917373657,cache_w8a8_m4k2v2,large_h6_n32_s100,53926ffae756fcf6d8138d337fc0e6caa265578cae08e566d6028471cd5f81b8,19.611616134643555,1984.67007958889,4125.029119491577,883.0824609994888,38010880,7746048,7746048,6174
cora_node,test,194,94,cora_node:test:000094:0e529ff49004520b,2,3871.481977,3871.445068359375,3720.128249,150.886909,138.11186980456114,42.84507967531681,14.580645598471165,3429.5403538271785,266.56697845458984,3159.9783325195312,119,0,1,42,0,594.2579498291016,160.0473920656368,20.677983990870416,63.474400045350194,18.765407973900437,186.90243339538574,9.318591833114624,63.38851261138916,6.957440614700317,cache_w8a8_m4k2v2,large_h6_n32_s100,0e529ff49004520b9cd557879eaf660a80d96e08b2885199a565cbe01376fad2,19.727008819580078,1634.151645898819,635.7423725128174,909.811322927475,31195136,715776,715776,5082
cora_node,test,195,95,cora_node:test:000095:e783a4f5ae53cd82,2,4029.230454,4029.199951171875,3879.843836,148.958978,321.6814221814275,44.4999048486352,14.023098163306713,3398.861409164965,253.4439697265625,3142.5128784179688,115,0,1,48,0,661.1917781829834,168.7575999936089,23.664639967493713,72.76950401812792,21.780735968612134,178.01136207580566,8.92633593082428,59.87571048736572,6.6305612325668335,cache_w8a8_m4k2v2,large_h6_n32_s100,e783a4f5ae53cd82afba699f95bc8deeae2ed2b6f308325cfb9cc21c5b97d811,19.555328369140625,1579.3228788077831,708.7982730865479,873.9470548927784,30146560,895488,895488,4914
cora_node,test,196,96,cora_node:test:000096:d8b681bc688b6a11,2,2953.366982,2953.339111328125,2804.650856,148.340745,90.87388589978218,42.255669832229614,11.166036128997803,2590.126263909042,169.95036697387695,2417.8880920410156,89,0,1,36,0,496.69821071624756,129.2801601216197,16.90991996973753,55.03584003448486,16.18739198613912,113.57631874084473,5.4334399700164795,46.578336238861084,4.362272024154663,cache_w8a8_m4k2v2,large_h6_n32_s100,d8b681bc688b6a113f3c4636fdd79c56d10fa4df2e4409296b2f6d79a52360a1,19.49519920349121,1225.7668786346912,532.3156471252441,679.3007654845715,23330816,502272,502272,3822
cora_node,test,197,97,cora_node:test:000097:9288212f90166288,2,5263.313612,5263.28173828125,5173.452827,89.398218,141.50090236216784,42.477856390178204,17.51693058758974,4860.587139613926,349.53228759765625,4507.5281982421875,143,0,1,102,0,1427.905918121338,375.04470396321267,51.16614402551204,155.3040318787098,45.507327939383686,252.59718322753906,12.882879734039307,74.94313621520996,9.10908842086792,cache_w8a8_m4k2v2,large_h6_n32_s100,9288212f901662886fcbd3e75c1c377f17bf3d3d3bad6ebafb448ac5dd5ecc9c,19.610912322998047,1958.8145914971828,1528.853949546814,1039.4705695211887,37486592,2429952,2429952,6090
cora_node,test,198,98,cora_node:test:000098:10129953c709ee21,2,2738.357355,2738.327880859375,2618.115065,119.890394,81.10382314771414,42.495193891227245,10.129488073289394,2418.524833396077,167.22227096557617,2249.193145751953,81,0,1,36,0,495.3747205734253,127.00422399491072,17.405312004499137,55.10294402576983,16.120223973877728,114.84115219116211,5.566271960735321,42.43398380279541,4.380863010883331,cache_w8a8_m4k2v2,large_h6_n32_s100,10129953c709ee210f3a6668560b9d2dd67b8a2bca5e6639bf9d43401a031914,19.579008102416992,1117.3972139656544,530.9291543960571,620.4457854926586,21233664,651264,651264,3486
cora_node,test,199,99,cora_node:test:000099:fd0c35302b44dfdb,2,1709.669726,1709.643310546875,1558.698476,150.682392,38.5332815349102,42.13802330195904,4.914017394185066,1438.4610569104552,89.84713459014893,1347.4496612548828,39,0,1,36,0,493.4866552352905,126.45014400221407,17.279359991662204,54.10681600123644,15.953343986533582,63.79311943054199,3.17222398519516,20.43014407157898,2.451647102832794,cache_w8a8_m4k2v2,large_h6_n32_s100,fd0c35302b44dfdb3f3239e64a78f41e8811780bfb6f2c3aeccb97647e78ef6c,19.412927627563477,548.4709448814392,528.993727684021,289.3979163169861,10223616,651264,651264,1722
