task,split,trace_order,query_index,query_uid,rep,query_wall_ms,query_gpu_ms,encoder_wall_ms,decoder_wall_ms,cache_load_wall_ms,online_nog_prefix_wall_ms,cache_assembly_wall_ms,suffix_wall_ms,suffix_gnn_gpu_ms,suffix_transformer_gpu_ms,cache_hits,cache_misses,cache_skips,quant_kv_attention_calls,fallback_count,quant_kv_attention_gpu_ms,kv_prepare_gpu_ms,int_qk_gpu_ms,softmax_prob_quant_gpu_ms,int_pv_gpu_ms,gnn_score_gpu_ms,gnn_message_gpu_ms,gnn_update_gpu_ms,gnn_other_gpu_ms,profile_mode,workload_profile,graph_signature,prefix_transformer_gpu_ms,dense_fc_gpu_ms,attention_gpu_ms,norm_residual_other_gpu_ms,logical_memory_loaded_bytes,logical_key_loaded_bytes,logical_value_loaded_bytes,int_gemm_call_count
pubmed_node,val,0,0,pubmed_node:val:000000:90da514d7d497311,0,7569.828251,7569.83447265625,7442.363869,126.409402,1183.5506642237306,391.2298260256648,19.78963427245617,5582.32191670686,319.0854072570801,5258.931457519531,158,0,1,126,0,1764.8705911636353,447.1702723307535,65.88889600057155,188.55971194431186,56.58540795464069,218.28949737548828,10.779136061668396,81.61971187591553,8.397061944007874,cache_w8a8_m4k2v2,large_h6_n32_s100,90da514d7d4973115751184481b31c6972a5237cdcdc5bfef95221c8dc7a4245,123.65618896484375,2179.2736319303513,1890.2646055221558,1313.049409031868,41418752,3600384,3600384,6720
pubmed_node,val,1,1,pubmed_node:val:000001:dc999f53b8a1edeb,0,4783.596645,4783.59814453125,4683.425159,99.663794,772.3496397957206,42.95373521745205,15.904712490737438,3657.1708349511027,344.8873634338379,3309.0819702148438,130,0,1,36,0,497.3994245529175,128.21513600926846,17.748799988999963,54.76160004362464,16.121151986531913,255.83814239501953,13.069279909133911,66.78755187988281,9.192389249801636,cache_w8a8_m4k2v2,large_h6_n32_s100,dc999f53b8a1edeb378b2ef52d564cef6314de793e69da17273ac1f59e57a603,19.720767974853516,1794.230876892805,533.1004447937012,1001.471416503191,34078720,651264,651264,5544
pubmed_node,val,2,2,pubmed_node:val:000002:d5a9c855b9dd71b6,0,6095.768004,6095.78125,5996.354189,98.901165,1058.7029308080673,42.828356847167015,18.396323546767235,4683.995312079787,436.4094772338867,4243.852722167969,154,0,1,66,0,918.2927684783936,238.23401609063148,33.397183967754245,100.03721603192389,29.58211196027696,328.8511657714844,16.350624084472656,79.97993659973145,11.227750778198242,cache_w8a8_m4k2v2,large_h6_n32_s100,d5a9c855b9dd71b6805ddf5c3bea820e20278eed6ff59ac689a55ebac84ed0a4,19.635648727416992,2120.5728961527348,983.6481895446777,1159.2672851979733,40370176,1580544,1580544,6552
pubmed_node,val,3,3,pubmed_node:val:000003:b899c56d2ed41389,0,6058.880402,6058.892578125,5960.167184,98.210367,828.5370487719774,42.86559298634529,18.446489237248898,4865.877123549581,477.38541412353516,4384.780517578125,153,0,1,78,0,1074.799994468689,271.9724480099976,40.375423963181674,116.91292798146605,34.82793596573174,366.27405166625977,18.70972776412964,79.95660877227783,12.44502592086792,cache_w8a8_m4k2v2,large_h6_n32_s100,b899c56d2ed4138984204273d864d4a3aa373d21826a5ceac368b796115fd9b5,19.668575286865234,2108.2126998007298,1151.862844467163,1144.3735485970974,40108032,2027520,2027520,6510
pubmed_node,val,4,4,pubmed_node:val:000004:6cb983368e8944b3,0,4434.684322,4434.68603515625,4350.097145,84.125623,668.0378746241331,42.89703071117401,14.877749606966972,3448.3364494517446,268.7209281921387,3176.539794921875,124,0,1,36,0,495.93692779541016,127.26342394482344,17.348704000003636,54.95616002380848,16.23094399087131,187.6334400177002,9.353632092475891,64.72550392150879,7.008352160453796,cache_w8a8_m4k2v2,large_h6_n32_s100,6cb983368e8944b30bc924eb4020a30d5065fb01b2ef5c02b199be64bf33e9b1,19.70207977294922,1710.4693739414215,531.5095987319946,954.2629020214081,32505856,651264,651264,5292
pubmed_node,val,5,5,pubmed_node:val:000005:bfcf4d1c730efc30,0,4742.967254,4742.96875,4644.053866,98.426853,722.3166013136506,43.00986137241125,15.78169409185648,3658.0411437898874,286.5711669921875,3368.2083740234375,133,0,1,36,0,496.6786861419678,127.93532798159868,17.259775987826288,55.15299195796251,16.18659198563546,199.3074836730957,10.066815972328186,69.76515197753906,7.431715369224548,cache_w8a8_m4k2v2,large_h6_n32_s100,bfcf4d1c730efc304e239cb3af970903a2e266ed3f27e2d7282fbc532a6e8aae,19.820608139038086,1832.909406274557,532.3172178268433,1022.8023580610752,34865152,651264,651264,5670
pubmed_node,val,6,6,pubmed_node:val:000006:9c0999ea8cda173f,0,5083.464921,5083.466796875,4983.970309,98.597675,719.8176188394427,42.95275080949068,17.645803280174732,3973.5663812607527,327.5247039794922,3642.5033569335938,145,0,1,36,0,500.30796909332275,127.71881590597332,17.261696016415954,55.05433597974479,16.17049598135054,231.19318008422852,11.900991797447205,75.88454532623291,8.545986771583557,cache_w8a8_m4k2v2,large_h6_n32_s100,9c0999ea8cda173fec529e4284200f02956108daa6e32d52ecc7a84cfc520f61,19.68783950805664,1997.4423362016678,535.9057292938232,1128.8431309461594,38010880,651264,651264,6174
pubmed_node,val,7,7,pubmed_node:val:000007:73fad7735cbb80c8,0,4898.08313,4898.08349609375,4799.06582,98.474546,654.1308872401714,42.86896996200085,15.521916560828686,3896.121555007994,343.7840270996094,3549.130615234375,130,0,1,36,0,732.7921934127808,128.21235186886042,253.34301301278174,54.569408021867275,16.12611199170351,254.2766990661621,13.221535921096802,67.15033626556396,9.135455846786499,cache_w8a8_m4k2v2,large_h6_n32_s100,73fad7735cbb80c8a27061dccc86e00763f7fc61a27c9a99f9f695000dca738e,19.697471618652344,1794.3037738502026,768.3563213348389,1006.1679916679859,34078720,651264,651264,5544
pubmed_node,val,8,8,pubmed_node:val:000008:c8433754e7285bf8,0,5307.490159,5307.4912109375,5207.472826,99.468193,746.8223525211215,43.40426530689001,18.13381165266037,4168.849794194102,315.3184356689453,3849.8575439453125,151,0,1,42,0,582.7929611206055,148.58918389305472,20.399584002792835,63.62691193446517,22.772767869755626,216.79923248291016,10.809951782226562,79.60031986236572,8.108931541442871,cache_w8a8_m4k2v2,large_h6_n32_s100,c8433754e7285bf8a4c032f59fe4a9d0c1870a00101332edbe9c95cf3b933ab8,19.7391357421875,2081.475615590811,624.0995216369629,1164.0215424597263,39583744,847872,847872,6426
pubmed_node,val,9,9,pubmed_node:val:000009:3eb9ea5887ef7585,0,4433.387792,4433.38330078125,4334.457979,98.417358,612.0913363993168,43.10850612819195,15.057004988193512,3476.536422036588,269.2283477783203,3204.1974487304688,125,0,1,36,0,496.0003852844238,127.32627213560045,17.36163201276213,54.18694402836263,16.051391990855336,187.2221450805664,9.402655959129333,65.58400058746338,7.019546151161194,cache_w8a8_m4k2v2,large_h6_n32_s100,3eb9ea5887ef758544ad93510b261e3883f98785fa7977333e5c9b3b495a4012,19.706655502319336,1725.1913294494152,531.4757461547852,967.2370286285877,32768000,651264,651264,5334
pubmed_node,val,10,10,pubmed_node:val:000010:5cb00ee23662f02d,0,6197.669348,6197.671875,6098.131253,98.684046,646.7007324099541,43.12056116759777,15.905549749732018,5203.116184100509,281.8488006591797,4918.008850097656,132,0,1,150,0,2065.008327484131,524.0338881071657,77.28003198467195,225.08934384211898,66.92268795333803,195.61001586914062,9.740319967269897,69.21615982055664,7.282305002212524,cache_w8a8_m4k2v2,large_h6_n32_s100,5cb00ee23662f02d38fa2699f19d1846513df6d5ac75f0ae1676a446bb37bf47,19.841279983520508,1818.471773803234,2213.5866861343384,905.7916701436043,34603008,4386816,4386816,5628
pubmed_node,val,11,11,pubmed_node:val:000011:2eadcea45e1dd3ec,0,5399.483337,5399.4765625,5299.450318,99.458744,712.7542356029153,42.88788978010416,17.535832710564137,4303.08954231441,320.5235824584961,3978.9946899414062,146,0,1,42,0,822.682074546814,147.84000021964312,20.55487999599427,305.6392600238323,20.672544048167765,224.14108276367188,11.431424021720886,76.71740913391113,8.2336665391922,cache_w8a8_m4k2v2,large_h6_n32_s100,2eadcea45e1dd3ec849bab3eb77700f3c88b4aee3d61ffe8d61376c8aaf05e6a,19.72412872314453,2010.0174057483673,864.3940200805664,1124.307392835617,38273024,847872,847872,6216
pubmed_node,val,12,12,pubmed_node:val:000012:1788defb14873a9a,0,5468.838761,5468.8349609375,5368.980541,99.296135,713.780133984983,43.03305875509977,18.37781723588705,4400.925448164344,409.5783004760742,3987.6123657226562,154,0,1,48,0,664.9258222579956,172.5475842403248,23.48835195787251,74.00601597875357,21.32163198105991,303.1351013183594,15.45417594909668,80.2328634262085,10.756159782409668,cache_w8a8_m4k2v2,large_h6_n32_s100,1788defb14873a9a1d2d053162495956e88865ab1ef5598fd3ba178d8afa1c57,19.72127914428711,2120.321469515562,712.4907550811768,1174.5214202702045,40370176,1044480,1044480,6552
pubmed_node,val,13,13,pubmed_node:val:000013:3ae2f12db55cd760,0,4490.367486,4490.35986328125,4390.280691,99.584243,622.0102673396468,44.09739933907986,15.130719169974327,3529.0928771719337,285.5055694580078,3240.4432373046875,127,0,1,36,0,494.1754550933838,128.07270415406674,17.752640003338456,53.849887881428,16.00137599185109,201.76032257080078,10.201760053634644,66.12025547027588,7.423231363296509,cache_w8a8_m4k2v2,large_h6_n32_s100,3ae2f12db55cd7609e76087ad22248e1c257e5f697615138fa2257142b9bd72a,19.6790714263916,1752.5322557389736,529.5981121063232,977.9919408857822,33292288,651264,651264,5418
pubmed_node,val,14,14,pubmed_node:val:000014:66da69774fbdb56c,0,3386.727112,3386.71533203125,3302.089065,84.202385,444.4905733689666,43.06804109364748,11.00707333534956,2664.0813909471035,173.530366897583,2488.1974182128906,92,0,1,36,0,494.94169521331787,127.26118413824588,17.47475196700543,53.965088000521064,16.05359997600317,116.36937522888184,5.579776048660278,47.11244773864746,4.468767881393433,cache_w8a8_m4k2v2,large_h6_n32_s100,66da69774fbdb56ce912c9525ac19ada38ef986b23d12bb1e054f9859b5704ce,19.707744598388672,1273.6810560524464,530.4139852523804,703.8101215064526,24117248,651264,651264,3948
pubmed_node,val,15,15,pubmed_node:val:000015:f0751855e6e41c67,0,3795.938298,3795.926513671875,3711.408172,84.063007,513.3414845913649,43.11091732233763,12.631461955606937,2995.7662858068943,203.86767959594727,2789.220672607422,106,0,1,36,0,496.3184633255005,128.0652479575947,17.5522879967466,54.282271893695,16.05615999456495,137.37926483154297,6.62393581867218,54.603455543518066,5.26102340221405,cache_w8a8_m4k2v2,large_h6_n32_s100,f0751855e6e41c672f5d0afc7b6d20b09a9a224215d1a785c1b8e591b081839a,19.695552825927734,1464.7711038589478,531.9546251296997,812.1904964447021,27787264,651264,651264,4536
pubmed_node,val,16,16,pubmed_node:val:000016:3ed1c74e3ebb07b0,0,5179.733146,5179.724609375,5078.982255,99.826953,712.3620556667447,42.943681590259075,17.5773398950696,4124.276224523783,427.9452133178711,3692.7092895507812,148,0,1,36,0,493.4060173034668,126.3801918849349,17.360191989690065,54.97414398379624,16.11907199397683,322.7884178161621,16.641664028167725,77.30076789855957,11.21436357498169,cache_w8a8_m4k2v2,large_h6_n32_s100,3ed1c74e3ebb07b09e43ce0aee18a6ccdd6f5a54d4971bcec6e8719e2691fa2d,19.73263931274414,2042.3429419994354,528.8347539901733,1141.2642328739166,38797312,651264,651264,6300
pubmed_node,val,17,17,pubmed_node:val:000017:bd15b31a2fd7cc0f,0,4243.659498,4243.64892578125,4143.81056,99.351228,593.1573621928692,43.003277853131294,14.129417948424816,3325.0001184642315,260.5917739868164,3061.444366455078,119,0,1,36,0,491.33008003234863,125.19535997789353,17.092351973988116,53.84419207461178,16.326815985143185,181.7663345336914,9.018784046173096,63.04310321807861,6.763552188873291,cache_w8a8_m4k2v2,large_h6_n32_s100,bd15b31a2fd7cc0f0f6139fcf0c3ca72dd1fecb045bed3ad559096622394b21a,19.75868797302246,1642.8121919035912,526.9116153717041,911.4792471528053,31195136,651264,651264,5082
pubmed_node,val,18,18,pubmed_node:val:000018:c586742935157694,0,3903.219104,3903.206787109375,3804.600522,98.165712,703.7136126309633,42.905187234282494,12.111999094486237,2899.1635777056217,199.35884475708008,2697.211669921875,102,0,1,36,0,491.7784004211426,125.2347840955481,17.550911975093186,54.11590399220586,16.123327994719148,134.89417457580566,6.542623996734619,52.78000068664551,5.142045497894287,cache_w8a8_m4k2v2,large_h6_n32_s100,c586742935157694f32278cfbc24c426199a5ed4fd95c5b7ede3009f331b28eb,19.726848602294922,1410.63699311018,527.185248374939,779.116277039051,26738688,651264,651264,4368
pubmed_node,val,19,19,pubmed_node:val:000019:98e9b39b73bf0974,0,5637.422385,5637.4140625,5537.472939,99.397972,741.7435878887773,42.92732570320368,18.257244490087032,4516.344769857824,304.17120361328125,4208.4490966796875,153,0,1,66,0,907.5162572860718,231.8454398214817,33.059871978126466,99.07404795661569,29.337727985344827,205.7866554260254,10.10479998588562,80.56156730651855,7.718180894851685,cache_w8a8_m4k2v2,large_h6_n32_s100,98e9b39b73bf097400a0f3c256f1cca598222ba4cd60ce52820ebc7897e4d5cb,19.750944137573242,2106.5291199684143,972.7748174667358,1148.8961033821106,40108032,1634304,1634304,6510
pubmed_node,val,20,20,pubmed_node:val:000020:bf1b004b79edc11e,0,4448.885977,4448.87353515625,4350.055569,98.326545,627.7639903128147,44.138332828879356,15.076511539518833,3481.7409962415695,257.10883712768555,3221.50390625,126,0,1,36,0,497.7154550552368,130.60220821667463,17.24895998928696,54.245888002216816,15.98835198674351,175.51542282104492,8.698240041732788,66.32025527954102,6.574918985366821,cache_w8a8_m4k2v2,large_h6_n32_s100,bf1b004b79edc11e332406daf821c0a784e4d9edd5a05b447ba4d9270a39f35c,20.816320419311523,1739.7379496395588,533.0737590789795,969.5085179507732,33030144,651264,651264,5376
pubmed_node,val,21,21,pubmed_node:val:000021:7fa5c3c5999e3949,0,5422.292983,5422.28173828125,5322.467847,99.282532,736.6829598322511,43.045129626989365,17.74679310619831,4341.689652763307,422.27616119384766,3915.7362670898438,151,0,1,48,0,656.3373098373413,166.30841587483883,23.67174401693046,72.47404797747731,21.466399972327054,315.2456932067871,16.052256107330322,80.01366519927979,10.96454668045044,cache_w8a8_m4k2v2,large_h6_n32_s100,7fa5c3c5999e3949085af06980d6a4430e476a7003de0c05f1cf88596e92d0a5,19.72844886779785,2079.8176332712173,703.5496006011963,1152.097482085228,39583744,1044480,1044480,6426
pubmed_node,val,22,22,pubmed_node:val:000022:a10839173b37d3e8,0,4332.315094,4332.30078125,4248.932377,82.895074,585.3791423141956,42.84725524485111,14.52490035444498,3434.261256828904,269.2034225463867,3161.9769287109375,124,0,1,36,0,492.6332483291626,125.44288004375994,17.222815999761224,54.67894401028752,15.986207984387875,187.9316177368164,9.299840092658997,64.96940803527832,7.002556681632996,cache_w8a8_m4k2v2,large_h6_n32_s100,a10839173b37d3e868be841b6d0f27bd2d910b6cb84bf71e1f041211680112b7,19.725215911865234,1703.5188813507557,528.0675859451294,950.1156773269176,32505856,651264,651264,5292
pubmed_node,val,23,23,pubmed_node:val:000023:d3a53bb345d5ec4a,0,5132.601407,5132.58935546875,5032.899185,99.212414,685.9020525589585,42.5468934699893,16.805819235742092,4113.26402425766,355.82860565185547,3753.9590454101562,142,0,1,36,0,705.2159976959229,125.36924807168543,17.106463987380266,54.519903952255845,16.071743979118764,259.0886116027832,13.121888160705566,74.32143878936768,9.296667098999023,cache_w8a8_m4k2v2,large_h6_n32_s100,d3a53bb345d5ec4a5feb3e35bbe8020e20289e986e59e7edeeca00fa332b3f6c,19.609439849853516,1944.8809624314308,740.6512660980225,1088.0362567305565,37224448,651264,651264,6048
pubmed_node,val,24,24,pubmed_node:val:000024:2a55de8c0484f54f,0,4677.85333,4677.8388671875,4577.957625,99.424676,634.486929513514,42.63162147253752,15.592572279274464,3696.507786400616,286.5368957519531,3406.7102661132812,132,0,1,42,0,574.5691843032837,145.69865617528558,20.22326399292797,63.23139199241996,18.65459196269512,199.58790588378906,10.126047849655151,69.38191890716553,7.441023111343384,cache_w8a8_m4k2v2,large_h6_n32_s100,2a55de8c0484f54f333df92b9e14b2e1c89000890e23915d80955e0bd51e357c,19.647136688232422,1806.397825986147,615.6959075927734,1004.2636692225933,34603008,847872,847872,5628
pubmed_node,val,25,25,pubmed_node:val:000025:5070ff02b2831775,0,4428.07274,4428.0576171875,4329.546999,98.056391,606.3900273293257,42.63278376311064,15.003733336925507,3494.0678142011166,272.35443115234375,3218.5671997070312,127,0,1,36,0,492.16630363464355,125.60467200167477,17.283327976241708,54.135104009881616,16.120479986071587,189.90828704833984,9.466239929199219,65.9047040939331,7.075200080871582,cache_w8a8_m4k2v2,large_h6_n32_s100,5070ff02b2831775f7c4fdf4531bb7d0373ce597cf6d152a649f4f508bc5ba33,19.649152755737305,1740.0688330829144,527.3835535049438,970.7639658749104,33292288,651264,651264,5418
pubmed_node,val,26,26,pubmed_node:val:000026:885c9a7d4174674c,0,4959.348769,4959.3349609375,4859.670327,99.161297,711.632321588695,42.59326495230198,16.652503982186317,3911.738027818501,394.9899139404297,3513.2989501953125,141,0,1,36,0,492.22496128082275,125.2567039290443,17.286527981981635,54.412607956677675,16.058335971087217,295.35782623291016,15.109375953674316,74.1277437210083,10.394968032836914,cache_w8a8_m4k2v2,large_h6_n32_s100,885c9a7d4174674cfab34ac73ccc785c6d79173447330a08c079df080ad982ca,19.634592056274414,1928.5511057972908,527.4311332702637,1076.9513031840324,36962304,651264,651264,6006
pubmed_node,val,27,27,pubmed_node:val:000027:ad4aba8144842828,0,4389.287584,4389.271484375,4289.533946,99.245729,563.095779158175,42.696865275502205,15.0975426658988,3498.7279111519456,272.7847709655762,3222.7844848632812,127,0,1,36,0,494.3474531173706,126.46192012820393,17.389023995026946,54.381023997440934,16.112351982854307,190.16633415222168,9.470848083496094,66.05820846557617,7.089380264282227,cache_w8a8_m4k2v2,large_h6_n32_s100,ad4aba81448428285942c1719a5e5cc512830c0d2585c286e62c56f32cecb67c,19.658815383911133,1738.6891503036022,529.6996154785156,974.0545344650745,33292288,651264,651264,5418
pubmed_node,val,28,28,pubmed_node:val:000028:3d91c9f8ead67db3,0,4783.196686,4783.18212890625,4683.454544,99.208588,670.0003836303949,42.68827475607395,16.643589362502098,3745.551947504282,301.2954864501953,3440.8882446289062,137,0,1,36,0,498.2367992401123,130.31513630971313,17.235551984980702,55.170304108411074,16.101055975072086,210.70713806152344,10.585824131965637,72.20364761352539,7.798876643180847,cache_w8a8_m4k2v2,large_h6_n32_s100,3d91c9f8ead67db341e2cce801cea8cbe1cb1d7623ea02cfc6ce93466ca4ae84,19.6562557220459,1875.535840779543,533.6477756500244,1051.3608839213848,35913728,651264,651264,5838
pubmed_node,val,29,29,pubmed_node:val:000029:03f83dd4da512183,0,4874.53593,4874.52001953125,4775.563699,98.45977,562.3748302459717,42.79309045523405,16.08478371053934,3947.0676546916366,293.75305938720703,3650.0339965820312,133,0,1,42,0,788.3144054412842,149.6905600670725,20.505151987075806,64.20668797567487,18.90556798595935,205.54640197753906,10.325631976127625,70.22822284698486,7.652802586555481,cache_w8a8_m4k2v2,large_h6_n32_s100,03f83dd4da512183ae57c77bcf096e47da6d6c26178b54ec85fe60c6294d0cd3,19.761823654174805,1820.3905291557312,829.6408624649048,1019.7644286155701,34865152,847872,847872,5670
pubmed_node,val,30,30,pubmed_node:val:000030:b89ec93803416530,0,5545.406045,5545.390625,5445.260072,99.397077,629.656164906919,42.72785596549511,17.873309552669525,4545.803553424776,317.01142501831055,4225.206298828125,147,0,1,78,0,1069.1074867248535,269.67689602356404,39.396704032085836,117.9794560149312,35.079231954179704,220.62435150146484,11.271999955177307,76.94134426116943,8.173729300498962,cache_w8a8_m4k2v2,large_h6_n32_s100,b89ec938034165309eebc4b81a818dcf6e1faa483c539e9eeba571f6c6cf5562,19.62067222595215,2009.9927679002285,1145.7931184768677,1089.041084676981,38535168,2027520,2027520,6258
pubmed_node,val,31,31,pubmed_node:val:000031:0576bc857275dc49,0,6256.687758,6256.6728515625,6157.495001,98.61156,640.2322566136718,42.72593930363655,18.982304260134697,5234.673842787743,371.07801818847656,4859.784851074219,157,0,1,108,0,1485.3140506744385,373.9554560398683,55.92668799497187,163.10681598633528,48.4423999581486,266.2652816772461,13.40556788444519,81.89401721954346,9.513151407241821,cache_w8a8_m4k2v2,large_h6_n32_s100,0576bc857275dc49654757d107566a65b7a587120e66537543dfb2708d9cc3fc,19.677215576171875,2145.6631003320217,1591.7902431488037,1142.0087231695652,41156608,3010560,3010560,6678
pubmed_node,val,32,32,pubmed_node:val:000032:03d0149b4d261d5d,0,4190.748022,4190.72900390625,4090.945959,99.270901,567.0970156788826,42.846670374274254,14.710607007145882,3303.7904296070337,245.27536010742188,3055.5293884277344,119,0,1,36,0,498.13638401031494,130.15785599965602,17.22422398813069,55.09795195609331,15.893663966096938,167.82585906982422,8.153120040893555,62.92441463470459,6.371966361999512,cache_w8a8_m4k2v2,large_h6_n32_s100,03d0149b4d261d5d6cebbb5283b5f3318df7d1a501a4c27dd9de49159e4b32ae,19.70377540588379,1630.0752653479576,533.5375995635986,911.6202989220619,31195136,651264,651264,5082
pubmed_node,val,33,33,pubmed_node:val:000033:8fcc56881b5f3a87,0,4400.278487,4400.2607421875,4300.541954,99.248187,603.8670940324664,42.792764492332935,15.425357036292553,3457.9102098941803,255.35667419433594,3199.4253540039062,126,0,1,36,0,491.69740772247314,125.77904011122882,17.17184000276029,53.971199966967106,16.05999998934567,174.40045166015625,8.535775899887085,65.83449649810791,6.585950136184692,cache_w8a8_m4k2v2,large_h6_n32_s100,8fcc56881b5f3a875f1a2d62402fe98148bf55746ef2d555f68cbe751c470b10,19.678688049316406,1725.5806704461575,527.0286083221436,966.4947632849216,33030144,651264,651264,5376
pubmed_node,val,34,34,pubmed_node:val:000034:4a476e798942a5b9,0,5905.163073,5905.14697265625,5805.052632,99.612337,856.1686920002103,42.79373865574598,17.789579927921295,4673.988372087479,332.9630699157715,4337.448486328125,146,0,1,84,0,1195.457025527954,330.5683519979939,42.914175974205136,126.48918394930661,37.820672002620995,235.5404815673828,12.101472020149231,76.74604797363281,8.575068354606628,cache_w8a8_m4k2v2,large_h6_n32_s100,4a476e798942a5b957d569764332dea9601c53b0a697f000c9132212cade1633,19.651775360107422,1994.52768060565,1278.3955488204956,1084.1770322620869,38273024,2224128,2224128,6216
pubmed_node,val,35,35,pubmed_node:val:000035:309d3158121d10ec,0,4988.874744,4988.8544921875,4889.986819,98.360828,606.6204002127051,42.86274965852499,17.40269921720028,4044.506157748401,446.0595932006836,3594.9453735351562,143,0,1,36,0,516.6933145523071,149.17440025042742,17.234112000092864,54.25123198889196,16.11919997818768,342.2458915710449,17.50876808166504,74.61462497711182,11.690308570861816,cache_w8a8_m4k2v2,large_h6_n32_s100,309d3158121d10ec82107315d715c0d0f5076c9cc56ebcf982e675480fbb39df,19.69321632385254,1957.800477862358,552.124415397644,1104.7136965990067,37486592,651264,651264,6090
pubmed_node,val,36,36,pubmed_node:val:000036:fb889eb96d5d156b,0,4438.729142,4438.7099609375,4338.592358,99.503541,559.4115648418665,42.84217208623886,15.626906417310238,3547.5136963650584,274.0102729797363,3270.3163452148438,128,0,1,36,0,517.1083879470825,147.11929653212428,17.24144001211971,55.21881599351764,16.384064002893865,190.82925033569336,9.531231880187988,66.51798343658447,7.131807327270508,cache_w8a8_m4k2v2,large_h6_n32_s100,fb889eb96d5d156b1860a275b042dfdae26350bb5b48dbdee752274ea4d9a1f4,19.642623901367188,1751.6790442168713,552.6340484619141,985.6458764374256,33554432,651264,651264,5460
pubmed_node,val,37,37,pubmed_node:val:000037:981f674e904f2b02,0,7295.369437,7295.35400390625,7196.338363,98.470212,661.6530632600188,43.06115582585335,18.545707687735558,6242.183223366737,325.9869728088379,5912.4666748046875,153,0,1,174,0,2625.797409057617,600.6825601523742,90.16998401097953,260.92550399526954,314.3390362681821,225.50899124145508,11.527519941329956,80.67212677001953,8.278334856033325,cache_w8a8_m4k2v2,large_h6_n32_s100,981f674e904f2b027b39ed210e8c12d69f581dc5068c2b9d13be80b75e60e359,19.79769515991211,2089.383940398693,2797.3867797851562,1045.4936497807503,40108032,5173248,5173248,6510
pubmed_node,val,38,38,pubmed_node:val:000038:b2e6372b71a838dc,0,4404.127071,4404.10400390625,4304.359776,99.236372,563.0836691707373,42.87358280271292,15.483895316720009,3507.8574027866125,284.6800308227539,3220.0170288085938,127,0,1,36,0,493.84975814819336,126.27369603980333,17.351615986786783,54.295487996190786,15.95942397415638,200.8309097290039,10.124927997589111,66.25878429412842,7.465408802032471,cache_w8a8_m4k2v2,large_h6_n32_s100,b2e6372b71a838dcd6f02bbc8555cb73a30761a595e13162c5d8b990b13a467d,19.71343994140625,1738.453983604908,529.3888635635376,971.8876215815544,33292288,651264,651264,5418
pubmed_node,val,39,39,pubmed_node:val:000039:6d37c1f5d1d707fb,0,7013.599125,7013.58349609375,6913.66703,99.378436,623.7989608198404,42.6774425432086,18.619880080223083,5998.455096967518,319.4897003173828,5675.241455078125,153,0,1,174,0,2391.6209955215454,602.5520960735157,89.74886407330632,260.62636796198785,77.03135992586613,220.2671012878418,10.73411214351654,80.23798370361328,8.250503182411194,cache_w8a8_m4k2v2,large_h6_n32_s100,6d37c1f5d1d707fbfdca66b883f4835b31fb39560f4a0a9a611cb24c362b286a,19.631967544555664,2089.415678471327,2562.8711309432983,1042.5866132080555,40108032,5173248,5173248,6510
pubmed_node,val,40,40,pubmed_node:val:000040:5a42f77dcacce4f2,0,3537.855238,3537.83154296875,3438.906831,98.414954,432.3326647281647,43.08979772031307,11.988353915512562,2799.9384347349405,186.27503967285156,2611.166259765625,98,0,1,36,0,499.1383352279663,127.2214080169797,17.643392000347376,54.25571199506521,16.08355199638754,124.66204643249512,6.0091840624809265,50.81673526763916,4.787073910236359,cache_w8a8_m4k2v2,large_h6_n32_s100,5a42f77dcacce4f22d807854c7f86896c7be9386c4b98234c1c6f4b64c50167b,19.795679092407227,1346.0645443797112,534.4945936203003,750.4028008580208,25690112,651264,651264,4200
pubmed_node,val,41,41,pubmed_node:val:000041:0493282c3c766898,0,7523.951979,7523.93505859375,7423.991818,99.422165,813.4356280788779,42.61964838951826,18.42116378247738,6308.223219588399,352.4897232055664,5951.939025878906,156,0,1,174,0,2602.0357761383057,599.9731518998742,89.97971200663596,258.7488000802696,290.8801963403821,248.96937561035156,12.568351984024048,81.87289619445801,9.079099416732788,cache_w8a8_m4k2v2,large_h6_n32_s100,0493282c3c76689849e93b4fdd00487424b863991c764f5aff119764e10da113,19.680448532104492,2130.335999697447,2772.7224016189575,1068.5610730946064,40894464,5173248,5173248,6636
pubmed_node,val,42,42,pubmed_node:val:000042:dece42b23f5ab8c1,0,4974.543201,4974.5205078125,4874.676496,99.315844,754.476735368371,42.53469221293926,16.358254477381706,3860.824146308005,370.62761306762695,3486.7899169921875,139,0,1,36,0,500.35200119018555,131.27331182733178,17.269727973267436,54.3220159560442,16.209727990441024,273.493595123291,14.200127840042114,73.27289772033691,9.66099238395691,cache_w8a8_m4k2v2,large_h6_n32_s100,dece42b23f5ab8c18a0b3d9f728949e8e86a5b260c4d4d30da143a076a03c908,19.609216690063477,1903.9422724843025,535.8255662918091,1066.6312949061394,36438016,651264,651264,5922
pubmed_node,val,43,43,pubmed_node:val:000043:ad2eb70e42589805,0,3595.916232,3595.896728515625,3497.388504,98.085789,502.86499317735434,42.5125528126955,11.739117093384266,2791.8480690568686,186.16038513183594,2603.1944885253906,98,0,1,36,0,494.82438373565674,125.99740809109062,17.42572803143412,56.10844799876213,15.929983974434435,124.55228805541992,5.989631950855255,50.82940673828125,4.7890583872795105,cache_w8a8_m4k2v2,large_h6_n32_s100,ad2eb70e425898059bafd39c555e19504a635d1fe4a1bb266151a845e0ea2528,19.58687973022461,1345.9951349496841,530.0531492233276,746.7330840826035,25690112,651264,651264,4200
pubmed_node,val,44,44,pubmed_node:val:000044:54785f8faebd606c,0,7393.405949,7393.38916015625,7293.544324,99.293139,780.049242079258,42.56554786115885,18.223801627755165,6225.297879427671,322.8463668823242,5898.7303466796875,153,0,1,174,0,2615.631682395935,594.1576636293903,90.47030399087816,496.830342233181,77.16863994393498,222.5820198059082,11.297152042388916,80.69023895263672,8.27695608139038,cache_w8a8_m4k2v2,large_h6_n32_s100,54785f8faebd606ceb512a12455432d412fc5024da2ed15f219a830ed6869bfb,19.62076759338379,2090.1012828350067,2786.670178413391,1041.5796530246735,40108032,5173248,5173248,6510
pubmed_node,val,45,45,pubmed_node:val:000045:e9055cd27b9aef3e,0,5256.872972,5256.8505859375,5157.229165,99.114408,706.4749719575047,42.76939947158098,16.63353107869625,4209.926963783801,305.1852226257324,3901.3165893554688,140,0,1,66,0,901.4242563247681,227.26092794630677,33.23683196119964,99.17964803986251,29.217279973439872,212.90057373046875,10.814559936523438,73.54214477539062,7.927944183349609,cache_w8a8_m4k2v2,large_h6_n32_s100,e9055cd27b9aef3ed7e54152eff66d0bc75f4b0feecc6e2f55e01836629508f3,19.66739273071289,1914.141249448061,966.3708820343018,1040.471850603819,36700160,1634304,1634304,5964
pubmed_node,val,46,46,pubmed_node:val:000046:6c9377f0adca3b15,0,4761.593867,4761.5732421875,4661.812624,99.271017,655.1807159557939,42.639839462935925,16.33152738213539,3738.37224021554,302.5310401916504,3432.4749145507812,137,0,1,36,0,492.00726413726807,125.3712000651285,17.19113600626588,54.220415921881795,16.010591987520456,211.53504180908203,10.692224025726318,72.48339080810547,7.820383548736572,cache_w8a8_m4k2v2,large_h6_n32_s100,6c9377f0adca3b153f44525e6b787131db867b943bbe5a4dddb52b9c35c9cfcd,19.64579200744629,1875.458082050085,527.3756809234619,1049.2869435846806,35913728,651264,651264,5838
pubmed_node,val,47,47,pubmed_node:val:000047:617c9bcb7e665f9b,0,3552.470426,3552.44970703125,3453.614732,98.342384,463.0544586107135,42.57841408252716,11.632072739303112,2787.6875028014183,186.10761833190918,2599.08447265625,98,0,1,36,0,492.2953586578369,125.64707219973207,17.176255978643894,54.14243194833398,16.00131199322641,124.5159683227539,5.986592054367065,50.81606483459473,4.7889931201934814,cache_w8a8_m4k2v2,large_h6_n32_s100,617c9bcb7e665f9ba60f95c2a718d03a03553227e49324fb3765176d3f98db26,19.61302375793457,1345.6702393591404,527.7316761016846,745.2955809533596,25690112,651264,651264,4200
pubmed_node,val,48,48,pubmed_node:val:000048:e8ca59b7046f9d3f,0,8389.792452,8389.775390625,8289.802473,99.451791,746.3663434609771,43.471697717905045,19.891620613634586,7280.289041809738,538.0957183837891,6738.186767578125,166,0,1,216,0,3179.9786319732666,741.448768244125,111.60313605796546,542.860838200897,95.529599907808,417.0331497192383,20.159136056900024,87.48044872283936,13.422983884811401,cache_w8a8_m4k2v2,large_h6_n32_s100,e8ca59b7046f9d3f53551654a513deb70b3893ae1770938a7e92b1b2cb3d450d,20.018367767333984,2265.759362965822,3392.69926738739,1099.7465049922466,43515904,6549504,6549504,7056
pubmed_node,val,49,49,pubmed_node:val:000049:7b8fbd3ff2460d39,0,3619.794092,3619.767578125,3520.136817,99.183774,419.8631066828966,44.70934346318245,12.228661216795444,2892.780000343919,199.18463897705078,2691.0072021484375,102,0,1,36,0,495.4941110610962,126.98652825132012,17.345759999006987,54.18745596334338,16.3694719793275,134.7759666442871,6.505759835243225,52.75375938415527,5.149153113365173,cache_w8a8_m4k2v2,large_h6_n32_s100,7b8fbd3ff2460d39ac4161d215a855e0034a86bf6bf38be62aded1aefbc5bdb2,19.636768341064453,1399.8758407831192,530.8146886825562,779.9534410238266,26738688,651264,651264,4368
pubmed_node,val,50,50,pubmed_node:val:000050:09c212ce9ff12bc8,0,3819.660079,3819.637451171875,3720.014339,99.169131,455.4172046482563,42.74429567158222,13.134114444255829,3057.522403076291,213.9876823425293,2840.7813720703125,109,0,1,36,0,497.45292949676514,127.13257613964379,18.461727963760495,55.25884801149368,16.15583998709917,144.35369491577148,6.953727960586548,57.18684673309326,5.493412733078003,cache_w8a8_m4k2v2,large_h6_n32_s100,09c212ce9ff12bc884bb09a4fbf8cc5bcc91524b89d899bd18862540082a0ea0,19.6746883392334,1496.3944002389908,532.7294082641602,831.332251906395,28573696,651264,651264,4662
pubmed_node,val,51,51,pubmed_node:val:000051:047b982ae0561338,0,4398.251752,4398.23095703125,4299.600554,98.185286,547.1728499978781,42.75563918054104,15.323486179113388,3523.164981044829,274.23229217529297,3245.7471313476562,128,0,1,36,0,499.38707065582275,127.2911040103063,17.241184000857174,56.91398395597935,16.24505599308759,190.99349975585938,9.552543997764587,66.54179191589355,7.144456505775452,cache_w8a8_m4k2v2,large_h6_n32_s100,047b982ae0561338195fb81d2b0caa578afc79f2bd21c25efc01dd75a277f327,19.684288024902344,1752.3470723032951,534.8023357391357,978.2820113301277,33554432,651264,651264,5460
pubmed_node,val,52,52,pubmed_node:val:000052:e11f34673d087d20,0,4963.044368,4963.02294921875,4863.268881,99.287635,647.3667500540614,42.72481892257929,17.16393418610096,3954.419421032071,304.1396789550781,3646.778564453125,143,0,1,42,0,575.1822080612183,146.4528640564531,20.271456016227603,63.081855991855264,18.667455978691578,211.31248092651367,10.519008040428162,74.45011234283447,7.858077645301819,cache_w8a8_m4k2v2,large_h6_n32_s100,e11f34673d087d2099e9edc51449fc2588d2558edb3f8dce0c0919f1ab3af096,19.684608459472656,1955.5158088505268,616.646556854248,1094.3008072078228,37486592,847872,847872,6090
pubmed_node,val,53,53,pubmed_node:val:000053:ba17d5bf4441056b,0,2260.914337,2260.8916015625,2162.600066,97.977505,231.3497718423605,42.54545830190182,6.606279872357845,1786.870981566608,100.21878242492676,1685.1283569335938,55,0,1,36,0,494.35555267333984,126.24576003663242,17.37849600892514,54.62393604032695,16.0971199888736,66.22396850585938,3.1843520402908325,28.206559658050537,2.603902220726013,cache_w8a8_m4k2v2,large_h6_n32_s100,ba17d5bf4441056b743987fc7d6b3c355cfcb89e11317c3fbb003748c4d79683,19.605152130126953,763.6123515665531,529.5863027572632,411.5348547399044,14417920,651264,651264,2394
pubmed_node,val,54,54,pubmed_node:val:000054:979bf8339c9987cf,0,5639.97785,5639.95751953125,5541.267405,98.205734,660.382985137403,43.427181430161,18.514097668230534,4623.976112343371,445.7304382324219,4174.502380371094,154,0,1,48,0,869.3252563476562,169.86217643413693,23.44502397440374,72.19273595325649,229.78700719866902,336.2556457519531,17.3503999710083,80.55158519744873,11.572807312011719,cache_w8a8_m4k2v2,large_h6_n32_s100,979bf8339c9987cf7e76093b722cb7fb5b75ab455eadbe0f8e999a336eff9341,19.640640258789062,2106.6798436045647,916.4707746505737,1170.9924023747444,40370176,1044480,1044480,6552
pubmed_node,val,55,55,pubmed_node:val:000055:9010e38b1b9f45d7,0,5622.906276,5622.884765625,5524.215647,98.190632,631.2181549146771,42.84270107746124,18.293590284883976,4649.569084867835,471.2844467163086,4174.5787353515625,152,0,1,66,0,912.8670740127563,234.84819201286882,32.671487991698086,100.25990398973227,29.542239964939654,360.15647888183594,18.528703927993774,80.38723278045654,12.212031126022339,cache_w8a8_m4k2v2,large_h6_n32_s100,9010e38b1b9f45d7563a6079e929718e39b72bd85e381e68d2881c556a06e6c1,19.718591690063477,2078.9972482323647,977.8371858596802,1137.4628929495811,39845888,1582080,1582080,6468
pubmed_node,val,56,56,pubmed_node:val:000056:bb54d7fee9186b6b,0,4863.689887,4863.6669921875,4763.953783,99.201674,668.3411635458469,42.68600791692734,16.53953827917576,3835.97117010504,364.11145782470703,3468.4383544921875,139,0,1,36,0,488.1343984603882,122.92511988896877,18.00476800277829,53.99596794322133,16.044191998429596,267.465087890625,13.68720030784607,73.29782390594482,9.661345720291138,cache_w8a8_m4k2v2,large_h6_n32_s100,bb54d7fee9186b6bc892327aa4947d40c66b18854e90e8bb7ec95af7418eec9b,19.66681671142578,1902.0773411989212,523.3291864395142,1062.698643565178,36438016,651264,651264,5922
pubmed_node,val,57,57,pubmed_node:val:000057:9ff0bba85a6caa80,0,4540.659855,4540.63818359375,4441.047288,99.123538,639.277576468885,42.177220806479454,15.391604974865913,3549.965008161962,278.26425552368164,3268.4913330078125,130,0,1,36,0,478.1369276046753,117.42486408445984,15.893311988562346,54.11321601271629,16.052159980870783,193.86783981323242,9.640223860740662,67.5,7.256191849708557,cache_w8a8_m4k2v2,large_h6_n32_s100,9ff0bba85a6caa80fab514253b7c2954d17517c315b3b175aefb5db4dd5102d1,19.37830352783203,1780.0382691919804,513.3849906921387,994.4463766515255,34078720,651264,651264,5544
pubmed_node,val,58,58,pubmed_node:val:000058:7ac12a029e2ea1ad,0,4756.3375,4756.3154296875,4657.632736,98.189647,718.729767948389,43.08746103197336,16.013335436582565,3677.3353843018413,285.946590423584,3388.0603637695312,135,0,1,36,0,484.81494426727295,121.28428793884814,16.48531199246645,54.41059202887118,16.009887989610434,198.03855895996094,9.929791808128357,70.61295986175537,7.365279793739319,cache_w8a8_m4k2v2,large_h6_n32_s100,7ac12a029e2ea1adfa3f1acbdafe7247347044365e5c75292b427738630bc27f,20.216224670410156,1848.7043526172638,521.8545618057251,1037.7176740169525,35389440,651264,651264,5754
pubmed_node,val,59,59,pubmed_node:val:000059:dcc80dca8cbac494,0,4750.383672,4750.3623046875,4650.573522,99.299442,634.7386026754975,42.57992375642061,15.010492876172066,3779.271148145199,259.0956802368164,3517.022705078125,127,0,1,42,0,793.2998943328857,153.15318401530385,227.81203715782613,64.26713598892093,18.817183974198997,177.44156646728516,8.697247982025146,66.28966331481934,6.667202472686768,cache_w8a8_m4k2v2,large_h6_n32_s100,dcc80dca8cbac49477508e74db2b4512623eafb35c1b1d281fae5296f406c00b,19.620512008666992,1737.8706591427326,834.6841926574707,964.0883652865887,33292288,821760,821760,5418
pubmed_node,val,60,60,pubmed_node:val:000060:f7aab1a5e58872f2,0,4041.523798,4041.5009765625,3941.760883,99.302304,574.4284372776747,42.61316265910864,13.165784068405628,3147.89445605129,205.44464111328125,2939.6847534179688,110,0,1,42,0,576.2843189239502,146.8125758273527,20.517823993228376,63.441375993192196,18.61696000304073,136.2887363433838,6.521215915679932,57.399489402770996,5.235199451446533,cache_w8a8_m4k2v2,large_h6_n32_s100,f7aab1a5e58872f23a0d018a88ae3618a18cd2d3aba215c6168b1d78a417cbb5,19.65318489074707,1508.6928004026413,617.4645137786865,833.180624127388,28835840,847872,847872,4704
pubmed_node,val,61,61,pubmed_node:val:000061:3fafc63cd3e3d755,0,5070.227876,5070.205078125,4970.354184,99.354935,729.9607321619987,42.932488955557346,16.947319731116295,4003.832459449768,439.31519317626953,3561.0134887695312,143,0,1,36,0,493.17395210266113,125.43987218476832,17.095103995874524,55.2567679528147,16.102111999876797,335.6480026245117,17.26255989074707,74.72707271575928,11.677557945251465,cache_w8a8_m4k2v2,large_h6_n32_s100,3fafc63cd3e3d755ac37ba950ee2d90b2c87a30f051d13564eb02b986354f9ff,19.81279945373535,1958.3042560517788,528.571457862854,1093.9505743086338,37486592,651264,651264,6090
pubmed_node,val,62,62,pubmed_node:val:000062:333f83f2fefc467c,0,4670.835184,4670.8115234375,4570.958242,99.364179,648.2292115688324,42.55611076951027,15.702097676694393,3682.3940156027675,329.2379837036133,3349.8740234375,133,0,1,36,0,492.3630094528198,125.69993607886136,17.235487984493375,53.90912006609142,16.00102398265153,238.04319763183594,12.18783986568451,70.40198421478271,8.60496199131012,cache_w8a8_m4k2v2,large_h6_n32_s100,333f83f2fefc467c8ddde326a54b73d95b1c4ca62041cff670410da951439d4c,19.618080139160156,1824.642238497734,527.61683177948,1017.2330332994461,34865152,651264,651264,5670
pubmed_node,val,63,63,pubmed_node:val:000063:6d4432a0f007f084,0,4460.445754,4460.4228515625,4360.621804,99.349954,624.5627151802182,42.65999607741833,15.057646669447422,3508.030221797526,283.52149963378906,3221.348388671875,127,0,1,36,0,493.9730567932129,126.33958398737013,17.49683202896267,54.580320006236434,16.127775975503027,199.795166015625,10.090208053588867,66.17920112609863,7.4569244384765625,cache_w8a8_m4k2v2,large_h6_n32_s100,6d4432a0f007f084a11c6d976221112748fae7f57fde1d12670a3133d46f5944,19.646080017089844,1740.0901772081852,529.384801864624,971.5194896161556,33292288,651264,651264,5418
pubmed_node,val,64,64,pubmed_node:val:000064:e3dbe99c136a4258,0,4336.184612,4336.1611328125,4236.264011,99.449621,587.1972236782312,42.90673043578863,14.710661955177784,3428.716623224318,266.59881591796875,3159.0072021484375,124,0,1,36,0,497.3464946746826,126.5184959154576,17.373184002004564,54.67980792187154,16.1003199769184,185.22614097595215,9.21289598941803,65.24697589874268,6.912803053855896,cache_w8a8_m4k2v2,large_h6_n32_s100,e3dbe99c136a4258f7ad2ea61aa5b13d5ab744640704de8553a3ad99e04e6e2f,19.732223510742188,1699.0562545657158,532.7764167785645,946.9067543148994,32505856,651264,651264,5292
pubmed_node,val,65,65,pubmed_node:val:000065:cb2105207b3051f0,0,4497.562622,4497.5390625,4398.940136,98.147568,652.2889090701938,43.04228723049164,15.116655267775059,3498.684236779809,274.6487007141113,3220.8759155273438,127,0,1,36,0,494.3948793411255,126.77065595239401,16.96076798904687,54.02028803154826,15.964320004917681,191.5958766937256,9.590975999832153,66.36361694335938,7.098231077194214,cache_w8a8_m4k2v2,large_h6_n32_s100,cb2105207b3051f053a04c5df7e6abd109903af95851491acc0435ffd4e167cc,19.629375457763672,1741.540222197771,529.666913986206,969.2981548011303,33292288,651264,651264,5418
pubmed_node,val,66,66,pubmed_node:val:000066:b863ad2a9baa79e0,0,6842.698825,6842.67626953125,6742.718642,99.476458,1017.7606595680118,42.835138738155365,18.839101307094097,5434.892385266721,320.5283203125,5110.528381347656,158,0,1,126,0,1724.1271924972534,433.9780161380768,64.50963204167783,188.1107200179249,56.62694398872554,219.23472213745117,10.828384041786194,82.33779239654541,8.127421736717224,cache_w8a8_m4k2v2,large_h6_n32_s100,b863ad2a9baa79e0c9f3f2f8b5388dba36bc4181f8cf4079d8d758a0d18d73e4,19.718496322631836,2160.235584229231,1847.7200984954834,1122.2911949455738,41418752,3600384,3600384,6720
pubmed_node,val,67,67,pubmed_node:val:000067:fb90d33c0f3a8a6b,0,4382.152609,4382.12744140625,4283.642519,98.042911,589.4585773348808,42.80280414968729,14.921283349394798,3450.4468543455005,270.01462173461914,3177.327880859375,125,0,1,36,0,493.82534313201904,126.15587190911174,17.23564798850566,54.50553603284061,16.082815995439887,187.82601737976074,9.424255967140198,65.71974468231201,7.044603705406189,cache_w8a8_m4k2v2,large_h6_n32_s100,fb90d33c0f3a8a6b217466e04d9c67f6b9e462f081ae18b9168c5ede39fc16ad,19.766752243041992,1712.5239044129848,529.2859210968018,955.2848075926304,32768000,651264,651264,5334
pubmed_node,val,68,68,pubmed_node:val:000068:e6e2970d414380b7,0,4529.619479,4529.595703125,4431.199834,97.955436,623.8119564950466,42.63981059193611,15.545069240033627,3561.968789435923,294.220645904541,3264.5361328125,129,0,1,36,0,490.9115877151489,124.93043214082718,17.149503987282515,54.170560028404,15.901439973153174,208.65289688110352,10.565791964530945,67.35968017578125,7.642276883125305,cache_w8a8_m4k2v2,large_h6_n32_s100,e6e2970d414380b740b417ba5caa10452bc1fc3e649ec7a566d8692fd013358b,19.64371109008789,1770.7188828289509,527.7024965286255,985.7584645450115,33816576,651264,651264,5502
pubmed_node,val,69,69,pubmed_node:val:000069:72f4e4feaddec62f,0,8405.057747,8405.033203125,8305.987076,98.518827,779.7496002167463,42.690676636993885,19.673564471304417,7262.73273024708,519.9889297485352,6738.7215576171875,166,0,1,216,0,3174.0034608840942,741.0683522289619,111.7341119274497,324.2176638841629,95.51462397910655,398.82210540771484,20.232864141464233,87.49155235290527,13.442407846450806,cache_w8a8_m4k2v2,large_h6_n32_s100,72f4e4feaddec62fabc94cbf9e852ed8d1d442b643165b22b4109d8f479869d8,19.675519943237305,2268.2884182035923,3386.7193641662598,1103.3892951905727,43515904,6549504,6549504,7056
pubmed_node,val,70,70,pubmed_node:val:000070:5b36b85be8ad30a3,0,6334.389217,6334.3583984375,6234.818859,98.645394,790.9775907173753,42.73474682122469,20.27867455035448,5170.441264286637,467.79273223876953,4698.678894042969,164,0,1,84,0,1171.0345296859741,299.8042882438749,42.96076796576381,126.50127988308668,38.0629119342193,351.69475173950195,17.792703866958618,86.33376026153564,11.971516370773315,cache_w8a8_m4k2v2,large_h6_n32_s100,5b36b85be8ad30a3abbe80d35d7d66b8b492b6e10937eb49c5aa4c9f4bcd7134,19.669023513793945,2240.141756147146,1253.9436445236206,1224.2625168859959,42991616,2224128,2224128,6972
pubmed_node,val,71,71,pubmed_node:val:000071:a3dfea97aa7e87f9,0,5171.885725,5171.85986328125,5072.134358,99.184338,710.4945024475455,42.77550708502531,17.892606556415558,4105.243013240397,326.4327964782715,3775.1604614257812,149,0,1,42,0,575.7997455596924,146.30233624577522,20.29168000072241,64.34256001189351,18.778175979852676,228.29161834716797,11.439487934112549,78.30960083007812,8.392089366912842,cache_w8a8_m4k2v2,large_h6_n32_s100,a3dfea97aa7e87f9c12329bc160eba415932f1bae20785eb512614464790219a,19.686016082763672,2038.868225544691,617.0333414077759,1138.944910556078,39059456,847872,847872,6342
pubmed_node,val,72,72,pubmed_node:val:000072:5d3ef41c093ef392,0,5148.344046,5148.3193359375,5063.604639,84.214299,708.1299489364028,42.69046429544687,17.70871225744486,4101.648172363639,326.5182418823242,3771.5023193359375,149,0,1,42,0,575.8075523376465,146.83859195839614,20.561407985165715,63.606848031282425,18.69062399212271,228.0590057373047,11.554976105690002,78.49427223205566,8.409987807273865,cache_w8a8_m4k2v2,large_h6_n32_s100,5d3ef41c093ef392b9c2c196ca0af8f22a2f684e8b9a459eb6aae22e26fb4f54,19.676063537597656,2039.0180451273918,616.9796810150146,1135.1806567311287,39059456,847872,847872,6342
pubmed_node,val,73,73,pubmed_node:val:000073:26fee4e5dfcd8320,0,4724.387552,4724.361328125,4624.374693,99.498134,682.8241869807243,44.334170408546925,15.289821662008762,3702.588491141796,268.1214065551758,3431.3294677734375,126,0,1,36,0,730.1280012130737,360.9451450780034,17.425695997662842,55.035391960293055,16.168735990300775,185.94463920593262,9.19926393032074,66.02780723571777,6.949696183204651,cache_w8a8_m4k2v2,large_h6_n32_s100,26fee4e5dfcd8320642c77d02695740581892076688260e9819183027b763d08,21.09542465209961,1724.6073941886425,765.723331451416,962.0941667854786,33030144,651264,651264,5376
pubmed_node,val,74,74,pubmed_node:val:000074:927227b0d2cbed6d,0,5540.21414,5540.18896484375,5440.293397,99.403931,771.0404759272933,42.70006902515888,18.328871577978134,4412.523906677961,446.6383056640625,3962.1268310546875,154,0,1,48,0,654.7618570327759,166.4567679995671,23.378432019613683,71.65990398451686,21.32905596215278,336.5043830871582,17.594176292419434,80.94063949584961,11.599106788635254,cache_w8a8_m4k2v2,large_h6_n32_s100,927227b0d2cbed6d067a367e78dc98164f9ecf541ef6796766ee1d7410d0d654,19.655424118041992,2110.941628217697,701.6972799301147,1169.1433470249176,40370176,1044480,1044480,6552
pubmed_node,val,75,75,pubmed_node:val:000075:b48edaa5bbd7b728,0,5991.778611,5991.75244140625,5892.002163,99.264537,795.3468998894095,42.53673646599054,18.295757472515106,4837.21268363297,480.54124450683594,4352.9404296875,153,0,1,78,0,1066.7425260543823,269.91744016483426,39.26860798429698,116.543231992051,34.749119974672794,368.6800308227539,18.7609281539917,80.6490249633789,12.451260566711426,cache_w8a8_m4k2v2,large_h6_n32_s100,b48edaa5bbd7b728c6b0c0bf0b233bf593a83ea215b6143a872a5b9e79f54c08,19.613567352294922,2094.4124821424484,1143.1888637542725,1134.952651143074,40108032,2027520,2027520,6510
pubmed_node,val,76,76,pubmed_node:val:000076:0a900ab1029a963b,0,4784.161534,4784.13623046875,4684.323706,99.33197,674.7165909036994,42.863793671131134,16.26939047127962,3740.875934250653,301.93603134155273,3435.5575561523438,137,0,1,36,0,495.319806098938,126.62310393434018,17.368991990573704,54.29174402728677,16.3204479906708,211.1616973876953,10.593920111656189,72.36700820922852,7.813405632972717,cache_w8a8_m4k2v2,large_h6_n32_s100,0a900ab1029a963bb6132834040abc30a53caa4ddd18d4c40ca1aa2a63da73d0,19.741056442260742,1875.4525423049927,530.72083568573,1049.1252346038818,35913728,651264,651264,5838
pubmed_node,val,77,77,pubmed_node:val:000077:3625c095ad0da368,0,4504.124474,4504.099609375,4405.012351,98.509711,616.9954407960176,42.81409922987223,15.366633422672749,3526.233377866447,247.36338806152344,3275.6582641601562,129,0,1,36,0,501.85541915893555,133.42134386114776,17.316768007352948,55.94649602845311,16.351039979606867,165.8424015045166,8.035423994064331,67.15731239318848,6.328250169754028,cache_w8a8_m4k2v2,large_h6_n32_s100,3625c095ad0da36862923b06067bf9d2c8552d3eeceae1d9fecb4baba9d77cac,19.64963150024414,1766.9163549244404,537.366847038269,991.024693697691,33816576,651264,651264,5502
pubmed_node,val,78,78,pubmed_node:val:000078:6196be2c6ed1bbb5,0,5226.214228,5226.18701171875,5126.099157,99.507407,677.3713761940598,42.807020246982574,17.459013499319553,4183.545099571347,303.52198791503906,3876.5031127929688,143,0,1,42,0,582.0539827346802,149.82857607398182,20.583647960796952,63.964448012411594,18.972927995957434,210.26687622070312,10.525951981544495,74.84230422973633,7.886855483055115,cache_w8a8_m4k2v2,large_h6_n32_s100,6196be2c6ed1bbb531bdb725451c7134849d0b380074ff7bde3cbaa6a234fca4,19.66476821899414,1955.8576003611088,623.7748470306396,1316.5354336202145,37486592,847872,847872,6090
pubmed_node,val,79,79,pubmed_node:val:000079:b45b3b7f8cfc3c61,0,5133.911359,5133.8857421875,5033.059981,99.936126,691.7559579014778,42.90813393890858,17.83281285315752,4053.253731690347,321.385440826416,3728.2689819335938,146,0,1,42,0,581.1215982437134,148.2957119094208,20.87561596930027,64.3484159745276,19.545504001900554,224.99535751342773,11.372095942497253,76.76918315887451,8.248804211616516,cache_w8a8_m4k2v2,large_h6_n32_s100,b45b3b7f8cfc3c61bc0c3af1ca47d3c4a4f613ee28c7c156f89fff5216359612,19.700735092163086,2001.1291185617447,622.5320653915405,1124.3085330724716,38273024,847872,847872,6216
pubmed_node,val,80,80,pubmed_node:val:000080:36fca5e19444f772,0,3566.386731,3566.3623046875,3466.573923,99.33453,461.2560383975506,42.95799322426319,12.072903104126453,2798.768929205835,186.3953628540039,2609.869842529297,98,0,1,36,0,496.27337646484375,126.40419184230268,17.259680007584393,55.054271936416626,16.14713597111404,124.72364807128906,6.00928008556366,50.86912155151367,4.793313145637512,cache_w8a8_m4k2v2,large_h6_n32_s100,36fca5e19444f772feaca11fd7afea2bee5f22ede0d5764ec098943f4516fbc2,19.765056610107422,1347.4430372416973,531.6668481826782,750.5250137150288,25690112,651264,651264,4200
pubmed_node,val,81,81,pubmed_node:val:000081:1c63bf6396d63c4a,0,4655.896863,4655.8701171875,4555.936968,99.444768,616.7676793411374,42.842475697398186,16.399744898080826,3695.965957827866,329.3652153015137,3363.2902221679688,133,0,1,36,0,500.1906909942627,131.68569599464536,17.613024001941085,54.31347206234932,16.084895985201,238.1140480041504,12.193920016288757,70.45235252380371,8.604894757270813,cache_w8a8_m4k2v2,large_h6_n32_s100,1c63bf6396d63c4a4d2682cc4bbff2f851f7607bff47af83e05dbbd1b138f402,19.785696029663086,1824.0868162214756,535.6147861480713,1023.374315828085,34865152,651264,651264,5670
pubmed_node,val,82,82,pubmed_node:val:000082:5d1e728a0bb57dcd,0,3586.044431,3586.0185546875,3486.213809,99.384358,479.1822796687484,42.81844384968281,12.030890211462975,2800.363441929221,186.36803245544434,2611.4869995117188,98,0,1,36,0,498.6695718765259,129.95440003369004,17.69536000210792,54.46579198539257,16.045311977155507,124.71670341491699,5.9842559695243835,50.87622356414795,4.790849506855011,cache_w8a8_m4k2v2,large_h6_n32_s100,5d1e728a0bb57dcdb7384205dff58d3a6814a8008ea8ae6f4a0c3594a62193eb,19.705215454101562,1347.2335380017757,534.0798082351685,749.8788687288761,25690112,651264,651264,4200
pubmed_node,val,83,83,pubmed_node:val:000083:080749376c19c8ad,0,4809.522791,4809.49658203125,4709.54342,99.475499,676.2081412598491,42.741987854242325,16.23271219432354,3764.9169359356165,295.86278533935547,3465.7702026367188,133,0,1,42,0,604.4999647140503,173.2639042828232,20.38627202156931,63.62099202722311,18.793887986801565,207.2388801574707,10.367263913154602,70.57884788513184,7.677793383598328,cache_w8a8_m4k2v2,large_h6_n32_s100,080749376c19c8ad19056c665f99eab03f816aff88630479fd4926c34a02ac10,19.66422462463379,1822.7277120053768,645.8173780441284,1016.8893372118473,34865152,847872,847872,5670
pubmed_node,val,84,84,pubmed_node:val:000084:be686f184fc2e4bc,0,6078.835356,6078.8076171875,5978.660838,99.608012,766.494152136147,43.032282032072544,18.931523896753788,4957.9870868474245,437.8136444091797,4516.391174316406,154,0,1,66,0,958.201434135437,276.15859211981297,33.28323198761791,101.47638401016593,29.705215964466333,329.11410903930664,16.60524845123291,80.87308883666992,11.221198081970215,cache_w8a8_m4k2v2,large_h6_n32_s100,be686f184fc2e4bcd461af13e035a777fbe7665bbfa958b0eb9f1a1419d2764f,19.736000061035156,2107.0686713159084,1023.3483209609985,1405.7101821005344,40370176,1634304,1634304,6552
pubmed_node,val,85,85,pubmed_node:val:000085:4f6dfab955d4d7b5,0,4523.073046,4523.04638671875,4424.11697,98.462161,663.432277739048,43.16137731075287,15.165357850492,3519.204053096473,258.53232192993164,3257.561767578125,124,0,1,42,0,584.4677133560181,151.14268787764013,20.59500798676163,63.94089598581195,18.950015984475613,177.83251190185547,8.859840035438538,65.15932846069336,6.680641531944275,cache_w8a8_m4k2v2,large_h6_n32_s100,4f6dfab955d4d7b537018896ab313c6a77d73adb7e95d3178d92ad2ac7774d8b,19.777664184570312,1699.4667537510395,625.8839988708496,951.9886791408062,32505856,847872,847872,5292
pubmed_node,val,86,86,pubmed_node:val:000086:4a064d4dd29b0985,0,8310.990219,8310.9619140625,8211.041572,99.266222,878.8144867867231,43.10520179569721,20.463873632252216,7062.869790010154,515.1218566894531,6543.7125244140625,166,0,1,216,0,2960.301920890808,733.3169916104525,108.27478407416493,349.4527999125421,102.53670404665172,394.5013122558594,19.802016258239746,87.37267112731934,13.445857048034668,cache_w8a8_m4k2v2,large_h6_n32_s100,4a064d4dd29b098557091b886a7cbfb5608b19f6e4316e8700033c6256a4cd53,19.719999313354492,2267.978209733963,3175.2382764816284,1120.2160375118256,43515904,6549504,6549504,7056
pubmed_node,val,87,87,pubmed_node:val:000087:aada6044e805431c,0,6166.690241,6166.6552734375,6064.67037,101.353054,818.059803918004,42.828042060136795,23.05249497294426,4984.774620272219,469.5726013183594,4511.467956542969,152,0,1,66,0,1221.8488397598267,226.4868161994964,340.637329605408,117.2736319117248,33.08089607860893,359.07472229003906,18.173311710357666,80.11651134490967,12.208055973052979,cache_w8a8_m4k2v2,large_h6_n32_s100,aada6044e805431c11f631b91969c43fb3d992f6f72776bf646eeb7e700292c5,19.47270393371582,2077.7481301426888,1287.9742975234985,1165.2182328104973,39845888,1634304,1634304,6468
pubmed_node,val,88,88,pubmed_node:val:000088:388fe6585d0aae4a,0,3967.007341,3966.979248046875,3866.30489,99.942105,571.1825741454959,42.728111147880554,16.246150247752666,3077.870212495327,213.72943496704102,2861.3750610351562,109,0,1,36,0,503.2810525894165,129.6995839867741,17.346687994897366,62.25158388540149,17.405024029314518,144.1407985687256,6.93887996673584,57.149343490600586,5.500412940979004,cache_w8a8_m4k2v2,large_h6_n32_s100,388fe6585d0aae4a2e0d06212a81bc8df99b2a798224d8f8892f778cf86c4b05,19.470048904418945,1496.5287681818008,539.2635469436646,845.0527948141098,28573696,651264,651264,4662
pubmed_node,val,89,89,pubmed_node:val:000089:140276012f84eb01,0,5140.116554,5140.08935546875,5041.222706,98.293153,689.5788749679923,42.60208457708359,18.064157105982304,4068.458141759038,318.0343322753906,3746.7454223632812,151,0,1,36,0,500.17529678344727,129.66339184902608,17.59222399443388,56.60678389109671,16.5094719780609,218.95014190673828,11.060927987098694,79.91292762756348,8.110334753990173,cache_w8a8_m4k2v2,large_h6_n32_s100,140276012f84eb0196fbaa7f3978a9b4f8f96289b2aaf29e92f4a0ca84a6b717,19.62668800354004,2066.3417307436466,535.9098567962646,1164.12052282691,39583744,651264,651264,6426
pubmed_node,val,90,90,pubmed_node:val:000090:f6527251b3e8b39d,0,4524.825805,4524.79833984375,4424.493494,99.800322,594.9631929397583,42.73312911391258,15.730141662061214,3585.356932133436,257.58486557006836,3324.5994262695312,127,0,1,42,0,586.874077796936,154.17075179051608,20.538911981508136,63.98224005848169,18.87155198212713,176.04969596862793,8.641408085823059,66.2185287475586,6.675232768058777,cache_w8a8_m4k2v2,large_h6_n32_s100,f6527251b3e8b39d0c854eddc25611c68d355ab16086c48c23297687ada1db21,19.691904067993164,1739.532895386219,628.4791669845581,976.2792679667473,33292288,847872,847872,5418
pubmed_node,val,91,91,pubmed_node:val:000091:93625c07e0b128a2,0,4709.665121,4709.63818359375,4609.768335,99.380467,651.4140907675028,43.65679994225502,28.141493909060955,3680.1136760041118,287.0224952697754,3386.0801391601562,133,0,1,36,0,520.6296634674072,147.19046347308904,19.863039910793304,54.94201600551605,16.37366396933794,199.27532577514648,9.98467206954956,70.3088960647583,7.453601360321045,cache_w8a8_m4k2v2,large_h6_n32_s100,93625c07e0b128a228823087bf82f733cf1e736f19ea8c07ee29e6359bc3758d,19.947263717651367,1822.01184207201,556.4417266845703,1027.5738341212273,34865152,651264,651264,5670
pubmed_node,val,92,92,pubmed_node:val:000092:11aa3c376a8b8756,0,5005.393261,5005.36572265625,4905.24209,99.639164,736.2573938444257,42.77598857879639,17.02248677611351,3942.031167447567,396.2086410522461,3542.3543090820312,141,0,1,36,0,505.95423793792725,135.71167988982052,17.66076797991991,54.62560003809631,16.261055984534323,296.13426971435547,15.244736194610596,74.4175672531128,10.412067890167236,cache_w8a8_m4k2v2,large_h6_n32_s100,11aa3c376a8b875666461798bd5bdf44c3f215076a600b76ffe17c8e686bf71b,19.70195198059082,1930.2318066060543,541.3136014938354,1090.5108529627323,36962304,651264,651264,6006
pubmed_node,val,93,93,pubmed_node:val:000093:79cb920b6da709a8,0,4669.981329,4669.955078125,4571.216844,98.25175,565.7347701489925,43.91496069729328,15.288873575627804,3787.7765372395515,273.1665916442871,3511.4411010742188,127,0,1,36,0,774.1522836685181,128.1883840681985,17.672992010600865,330.91757700406015,16.300031990744174,190.2481918334961,9.502560019493103,66.32185649871826,7.093983292579651,cache_w8a8_m4k2v2,large_h6_n32_s100,79cb920b6da709a8a1d74fc681afdf377db44993f97aa0739bab3c13292d52c5,20.754911422729492,1740.0803852975368,811.573317527771,980.5423096716404,33292288,651264,651264,5418
pubmed_node,val,94,94,pubmed_node:val:000094:a6dfe4f6ba1cb227,0,5127.788317,5127.759765625,5028.360351,98.68957,770.8485601469874,43.210672214627266,17.71925948560238,4034.5529234036803,440.59883880615234,3590.4074096679688,143,0,1,36,0,510.46412467956543,141.67769607435912,17.464767989702523,55.08214397728443,16.1442559864372,337.21814727783203,17.20364785194397,74.48940944671631,11.687634229660034,cache_w8a8_m4k2v2,large_h6_n32_s100,a6dfe4f6ba1cb2278d7926201cd2749c5f6fd53fcad111d58f46c882acf7e0c2,19.863168716430664,1959.6774063706398,545.9784307479858,1104.6147412657738,37486592,651264,651264,6090
pubmed_node,val,95,95,pubmed_node:val:000095:2facf91ee7f97441,0,4950.473308,4950.4453125,4850.433657,99.477364,748.3888538554311,42.792453430593014,17.48795062303543,3839.88989982754,306.64086532592773,3529.7762451171875,141,0,1,36,0,499.6208963394165,129.8047040645033,17.213344016112387,54.88015994243324,16.246976010501385,213.9994888305664,10.622111916542053,74.14665699005127,7.872607588768005,cache_w8a8_m4k2v2,large_h6_n32_s100,2facf91ee7f974414b17193fc1d60f574087fb3bccc62098e3e17ba63530f71d,19.694080352783203,1930.3092486262321,535.1381435394287,1084.0229333043098,36962304,651264,651264,6006
pubmed_node,val,96,96,pubmed_node:val:000096:af7b71f454b4dd4c,0,3873.347949,3873.320556640625,3774.332406,98.542547,594.9666639789939,42.82146319746971,13.115826062858105,2988.47892601043,205.05551528930664,2780.7364807128906,106,0,1,36,0,498.3712959289551,127.56617609132081,17.456895985640585,55.58982398733497,16.165503975003958,138.26431846618652,6.693439960479736,54.81724834442139,5.280508518218994,cache_w8a8_m4k2v2,large_h6_n32_s100,af7b71f454b4dd4cdbaf983985b62120390d88819d7082afece48b62e4b62d88,19.686656951904297,1454.8868798017502,534.0218553543091,811.5144025087357,27787264,651264,651264,4536
pubmed_node,val,97,97,pubmed_node:val:000097:15dc86de74f9d323,0,5434.452616,5434.42431640625,5334.130138,99.74406,854.4954257085919,42.991538532078266,18.90174951404333,4189.432873390615,379.78819274902344,3805.8777465820312,154,0,1,36,0,496.8475217819214,127.27360008098185,17.338175976648927,54.98019199818373,16.066367990337312,275.5955505371094,13.822815895080566,80.61686325073242,9.752963066101074,cache_w8a8_m4k2v2,large_h6_n32_s100,15dc86de74f9d32340b622659c1026df4a08ac79b5852cf4147230f5c91abb4a,19.758495330810547,2106.014238268137,532.4639368057251,1187.1580668389797,40370176,651264,651264,6552
pubmed_node,val,98,98,pubmed_node:val:000098:65a3aa3f2fa39d9c,0,4387.057679,4387.03076171875,4287.228932,99.318455,588.8558831065893,42.89435688406229,15.082134865224361,3462.943888269365,271.4659194946289,3188.3599853515625,125,0,1,36,0,499.1910390853882,129.2242879513651,17.36665596999228,56.944704012945294,16.437855985946953,189.1672019958496,9.407615900039673,65.85407829284668,7.037023305892944,cache_w8a8_m4k2v2,large_h6_n32_s100,65a3aa3f2fa39d9c0ffb6c80726a266557b343795dab359b7c114116e36dba9c,19.727903366088867,1712.7412802577019,534.9920015335083,960.3546069264412,32768000,651264,651264,5334
pubmed_node,val,99,99,pubmed_node:val:000099:09b311fe7b8bca01,0,5270.863798,5270.83642578125,5170.84505,99.511161,684.1742573305964,42.802968993783,17.148299142718315,4231.56863078475,321.1409606933594,3906.912353515625,143,0,1,42,0,833.0160112380981,157.36086443532258,20.192799989134073,63.3417599555105,22.428159876726568,226.50028610229492,11.495263934135437,74.82003211975098,8.32537853717804,cache_w8a8_m4k2v2,large_h6_n32_s100,09b311fe7b8bca01f21eb279173735a0ac78eb7786ae2a6779487e991cc0d0ca,19.686111450195312,1959.6696336269379,874.2920341491699,1092.6367971897125,37486592,847872,847872,6090
pubmed_node,test,100,0,pubmed_node:test:000000:5f32cab0cc57c69d,0,5221.031347,5220.95947265625,5119.009963,99.8272,1040.7853061333299,47.12417721748352,16.562461853027344,3815.26240427047,320.6720962524414,3490.9005126953125,135,0,1,42,0,585.506911277771,150.03360006865114,21.41369597427547,64.24099193513393,19.352991994470358,229.89709091186523,11.6632319688797,70.3265266418457,8.785246729850769,cache_w8a8_m4k2v2,large_h6_n32_s100,5f32cab0cc57c69d95e5bc46825c81acd87a47b9eec65c4a82dd43d85c7615db,21.138687133789062,1848.17180621624,627.1144638061523,1036.7529298067093,35389440,847872,847872,5754
pubmed_node,test,101,1,pubmed_node:test:000001:a8172642a48601de,0,4039.289108,4039.262451171875,3939.474989,99.364002,596.025450155139,42.82344784587622,12.851959094405174,3126.3049244880676,205.5090560913086,2918.048095703125,109,0,1,42,0,574.6101417541504,147.63180789537728,20.36383999325335,62.86067198589444,18.59299197793007,136.799165725708,6.494688153266907,56.965824127197266,5.249378085136414,cache_w8a8_m4k2v2,large_h6_n32_s100,a8172642a48601de6e3cbe1f0a20a6977383967792c377469f9dbfc38282572a,19.702272415161133,1495.5398707389832,615.8271970748901,826.3833003044128,28573696,847872,847872,4662
pubmed_node,test,102,2,pubmed_node:test:000002:4db44e1aff13aa1d,0,5335.884698,5335.857421875,5237.337066,98.057601,751.328038983047,42.72367898374796,17.082366161048412,4213.246683590114,329.58041763305664,3880.0965576171875,146,0,1,54,0,747.462908744812,190.62156801763922,27.16079997923225,82.50015992484987,24.34255997929722,233.0287971496582,11.554911971092224,76.52128028869629,8.475428223609924,cache_w8a8_m4k2v2,large_h6_n32_s100,4db44e1aff13aa1d780e95cb44b1f4852e1a60925b9bc71cf462b6ba28567b25,19.70217514038086,1995.9991423487663,800.9780492782593,1102.8215411305428,38273024,1241088,1241088,6216
pubmed_node,test,103,3,pubmed_node:test:000003:ff4243ffe8958137,0,2454.201733,2454.1767578125,2355.909659,97.954919,303.18056512624025,42.56185423582792,7.2422875091433525,1904.9672577530146,111.47449493408203,1791.84765625,60,0,1,36,0,494.76038551330566,126.25692802667618,17.336511988192797,55.104031985625625,16.092927988618612,74.01571273803711,3.532800018787384,31.023744106292725,2.9022380709648132,cache_w8a8_m4k2v2,large_h6_n32_s100,ff4243ffe8958137a22971497e18da5390b4538fddd1cf21030d346b34649493,19.6265926361084,831.429151892662,530.0620155334473,449.9830814599991,15728640,651264,651264,2604
pubmed_node,test,104,4,pubmed_node:test:000004:40cd4e02f0cfac2f,0,4967.696024,4967.66845703125,4868.044665,99.161356,701.8680479377508,42.886982671916485,16.627563163638115,3894.3841820582747,324.9174385070801,3566.0277709960938,139,0,1,42,0,578.4440317153931,148.85296005010605,20.432319996878505,64.42873606272042,18.904607991687953,231.14681243896484,11.818463683128357,73.52022361755371,8.431938767433167,cache_w8a8_m4k2v2,large_h6_n32_s100,40cd4e02f0cfac2fe5de3970990bcca5d5457887a7104d43468f70096c0c70a1,19.70707130432129,1902.4252832829952,619.8064012527466,1063.5031577646732,36438016,847872,847872,5922
pubmed_node,test,105,5,pubmed_node:test:000005:181a635aeb0b1e44,0,5754.883237,5754.8544921875,5654.721876,99.44916,656.1639122664928,42.8219698369503,17.81035028398037,4737.811278551817,364.55862045288086,4369.611572265625,148,0,1,66,0,914.2015361785889,234.65628813393414,33.5928319664672,100.0279679633677,29.46063998248428,265.7448272705078,12.578431844711304,77.09078407287598,9.144577264785767,cache_w8a8_m4k2v2,large_h6_n32_s100,181a635aeb0b1e44e9c8ad72085a48672b8be3c6c2c170e43daba8e2b4cfc245,19.687744140625,2024.7612814605236,979.380482673645,1385.1575522720814,38797312,1634304,1634304,6300
pubmed_node,test,106,6,pubmed_node:test:000006:abcccbdd0508ae28,0,4144.059839,4144.0322265625,4059.311764,84.254293,514.732126146555,42.7086241543293,13.698824681341648,3324.376125819981,251.14393615722656,3070.285400390625,116,0,1,42,0,575.6384620666504,146.5599039811641,20.27337598334998,65.03235200420022,18.864351998083293,175.8659496307373,8.777503967285156,59.92975997924805,6.570722579956055,cache_w8a8_m4k2v2,large_h6_n32_s100,abcccbdd0508ae28d6fc0bf63eabd6bf42f8e1a40d6ce4c893580161e0835de9,19.657760620117188,1591.1587498188019,616.9173126220703,881.86709856987,30408704,847872,847872,4956
pubmed_node,test,107,7,pubmed_node:test:000007:f8a89e3268ef9017,0,4475.002007,4474.9755859375,4376.154135,98.366372,567.8105568513274,42.693317867815495,15.032690949738026,3569.2792190238833,252.81209564208984,3313.29150390625,127,0,1,42,0,580.4677410125732,150.7396799074486,20.494815992191434,64.34204799868166,19.51363199017942,171.75551986694336,8.429247856140137,66.14636707305908,6.480960845947266,cache_w8a8_m4k2v2,large_h6_n32_s100,f8a89e3268ef9017ec088f51d6dc66e2be911cdf3c9b8075b6cbf48362a2c64b,19.654399871826172,1740.0859539210796,621.9150724411011,970.9448774158955,33292288,847872,847872,5418
pubmed_node,test,108,8,pubmed_node:test:000008:77e3f9fc15f1bf03,0,5194.972755,5194.94384765625,5094.940614,99.501953,683.5962031036615,42.935351841151714,18.376119434833527,4160.328353755176,333.2949104309082,3823.3408813476562,150,0,1,42,0,585.9494695663452,151.68150396924466,20.76390398107469,64.81046395003796,19.333599981851876,233.82432174682617,11.894623875617981,78.96905612945557,8.606908679008484,cache_w8a8_m4k2v2,large_h6_n32_s100,77e3f9fc15f1bf03d88332bdd10a647e1358df47f678d5776cbb7abb20e98d00,19.740703582763672,2053.7224020063877,627.5977611541748,1161.7614217698574,39321600,847872,847872,6384
pubmed_node,test,109,9,pubmed_node:test:000009:5e99123123cdfc02,0,5198.263703,5198.23583984375,5098.497288,99.247704,755.7170707732439,42.95380227267742,18.51567253470421,4051.5353344380856,322.30364990234375,3725.5326538085938,150,0,1,36,0,499.35107421875,128.99792016204447,17.671327985823154,55.21072004921734,16.462495994754136,224.08073043823242,11.2467200756073,78.70892810821533,8.267271280288696,cache_w8a8_m4k2v2,large_h6_n32_s100,5e99123123cdfc0234a28037333005877a8588959b96d2be863d963300ccb999,19.750240325927734,2051.4960303902626,535.0626230239868,1158.724240720272,39321600,651264,651264,6384
pubmed_node,test,110,10,pubmed_node:test:000010:fa2a68fc052c1ca7,0,6133.653345,6133.62353515625,6034.855101,98.289465,729.6153325587511,42.837233282625675,18.229976296424866,5037.077616900206,371.84031677246094,4661.6070556640625,148,0,1,90,0,1478.5762567520142,320.9676796197891,46.73292797151953,361.0295314267278,40.734239974059165,270.9441947937012,13.87436819076538,77.27231979370117,9.749433994293213,cache_w8a8_m4k2v2,large_h6_n32_s100,fa2a68fc052c1ca7b2bd36efafd8ee0b7346f15bef9db9388160a4ac28cb1e07,19.66352081298828,2022.1027204990387,1567.9285135269165,1091.2393424510956,38797312,2420736,2420736,6300
pubmed_node,test,111,11,pubmed_node:test:000011:4a1205c265b34c70,0,4979.136743,4979.107421875,4880.554945,98.066319,690.8942805603147,42.845044285058975,17.262952402234077,3916.699558496475,360.9135398864746,3552.277099609375,142,0,1,36,0,494.379807472229,126.44908803980798,17.34630400221795,55.30675194039941,16.09951998014003,263.2085723876953,13.617216110229492,74.60319995880127,9.484551429748535,cache_w8a8_m4k2v2,large_h6_n32_s100,4a1205c265b34c704c7db0d1240929b1c097e6546dd683f31f98227fadf4ae26,19.717023849487305,1946.0987812876701,529.9390087127686,1095.9563334584236,37224448,651264,651264,6048
pubmed_node,test,112,12,pubmed_node:test:000012:8eb86b065a664f01,0,5115.23698,5115.208984375,5015.081675,99.654704,677.2810025140643,42.86204185336828,17.902560532093048,4048.6868377774954,322.6200942993164,3722.3717651367188,150,0,1,36,0,497.22422218322754,128.3699839040637,17.277695980854332,55.579807970672846,16.159007981419563,224.28969955444336,11.270527958869934,78.78601455688477,8.273852229118347,cache_w8a8_m4k2v2,large_h6_n32_s100,8eb86b065a664f0101dae831852c4e8178831d161f2a6712018723f01e6f0f3f,19.67647933959961,2053.1672009527683,532.8167695999146,1156.0642739236355,39321600,651264,651264,6384
pubmed_node,test,113,13,pubmed_node:test:000013:feab12092f141e27,0,4626.007563,4625.9794921875,4527.460287,98.051355,600.4844596609473,42.93430596590042,16.004841774702072,3669.0425872802734,283.6018867492676,3382.109619140625,134,0,1,36,0,499.8558740615845,131.48643203638494,17.24735999573022,55.35968001000583,16.17801597341895,196.4384307861328,9.835871934890747,69.96521663665771,7.362367391586304,cache_w8a8_m4k2v2,large_h6_n32_s100,feab12092f141e27ae5b741ccb49bcffde02b9f1154e8c3b62b9e899cd3375bc,19.77280044555664,1836.3450551331043,535.4522228240967,1030.0851416289806,35127296,651264,651264,5712
pubmed_node,test,114,14,pubmed_node:test:000014:ee52a3ae17d3dd49,0,4380.824059,4380.78955078125,4281.031353,99.278805,549.9050188809633,42.725102975964546,15.018350444734097,3477.360989898443,248.7506561279297,3225.43017578125,127,0,1,36,0,494.9247703552246,127.2921599522233,17.33254400268197,54.83721589669585,16.168127978220582,167.7390079498291,8.209151983261108,66.45436763763428,6.3481285572052,cache_w8a8_m4k2v2,large_h6_n32_s100,ee52a3ae17d3dd4959a68aea956fa97150caec15c4f713d95038909de41c3765,19.708415985107422,1740.325985878706,530.3708190917969,974.4417867958546,33292288,651264,651264,5418
pubmed_node,test,115,15,pubmed_node:test:000015:f3aeb873cfb6dcce,0,5166.085347,5166.05712890625,5067.143661,98.415115,677.1592823788524,42.268967255949974,17.14180689305067,4146.098985336721,402.59839630126953,3739.9561767578125,144,0,1,48,0,640.8637762069702,158.23475192300975,21.914207994937897,72.55408000573516,21.38764799013734,301.6300468444824,15.426975965499878,75.04598331451416,10.495390176773071,cache_w8a8_m4k2v2,large_h6_n32_s100,f3aeb873cfb6dcce940734dbc52b0891551830246341e7d9a740e72d9799bc3b,19.354496002197266,1975.335999339819,688.0731515884399,1095.9015218317509,37748736,1044480,1044480,6132
pubmed_node,test,116,16,pubmed_node:test:000016:3316082954b2f710,0,3001.136467,3001.10986328125,2916.547945,84.196716,337.4213268980384,42.580594308674335,7.913808338344097,2426.8117900937796,123.47663688659668,2301.5611267089844,65,0,1,48,0,887.9514322280884,168.63337590452284,23.687871971167624,298.23907032981515,21.826975990086794,82.66380882263184,3.9735679626464844,33.63494396209717,3.2043161392211914,cache_w8a8_m4k2v2,large_h6_n32_s100,3316082954b2f710f1c32e25b1671674f18767faedeb3bc626fbf0147ac50447,19.651615142822266,900.1701458394527,937.8456048965454,483.1969911158085,17039360,1044480,1044480,2814
pubmed_node,test,117,17,pubmed_node:test:000017:373cce577cac6402,0,4349.366108,4349.33837890625,4250.37827,98.475862,552.9088182374835,42.77713596820831,15.052398666739464,3477.8406508266926,272.75052642822266,3201.940673828125,126,0,1,36,0,492.7113275527954,126.0711680650711,17.259840010665357,54.41350402869284,16.090495985001326,189.81203269958496,9.518208026885986,66.32889556884766,7.091390132904053,cache_w8a8_m4k2v2,large_h6_n32_s100,373cce577cac640256bfa55479070cb5ccd8c32acdbea516bf02d37444a4169e,19.686687469482422,1726.7905912399292,528.3781461715698,966.4586238861084,33030144,651264,651264,5376
pubmed_node,test,118,18,pubmed_node:test:000018:36accab38429261b,0,4384.322233,4384.294921875,4284.056743,99.741125,573.7171629443765,42.755091562867165,14.681210741400719,3456.724395044148,258.39567947387695,3195.194580078125,125,0,1,36,0,497.3782720565796,128.23212797380984,17.348063988611102,54.75760004669428,16.25260797701776,177.27260780334473,8.773151993751526,65.68617534637451,6.663744330406189,cache_w8a8_m4k2v2,large_h6_n32_s100,36accab38429261b491e481800939c962ef76f9910de2879b9ee07a84d34fc9d,19.709983825683594,1714.6679393947124,533.1026229858398,967.1340015232563,32768000,651264,651264,5334
pubmed_node,test,119,19,pubmed_node:test:000019:a7ab00b3fe8d7885,0,4543.770668,4543.7431640625,4443.671355,99.590516,615.879618562758,43.768879026174545,15.56789968162775,3579.658861272037,265.62480545043945,3310.7733764648438,131,0,1,36,0,493.84300804138184,126.60572807583958,17.234016018919647,54.90393602848053,16.020415973849595,180.7300796508789,8.935744047164917,69.1691198348999,6.7898619174957275,cache_w8a8_m4k2v2,large_h6_n32_s100,a7ab00b3fe8d78859bbe909a1fc96127e2c43c5ba83ad42b5c4aa549be7483d0,19.623104095458984,1796.507935643196,529.315749168396,1004.5727957487106,34340864,651264,651264,5586
pubmed_node,test,120,20,pubmed_node:test:000020:432c4bd4a2f7e08b,0,4201.491252,4201.46337890625,4101.906727,99.090725,563.9054868370295,42.8933696821332,14.056552201509476,3312.7078115940094,242.79296112060547,3066.9236755371094,119,0,1,36,0,498.10944080352783,126.13372793979943,17.22544000390917,54.84131200797856,16.037919991649687,165.1840648651123,8.127455949783325,63.261216163635254,6.220224142074585,cache_w8a8_m4k2v2,large_h6_n32_s100,432c4bd4a2f7e08bae5f939d07639fdc16df175d2f7c73872556b7ab07d55ec7,19.774240493774414,1633.715425759554,533.5175666809082,919.4649235904217,31195136,651264,651264,5082
pubmed_node,test,121,21,pubmed_node:test:000021:b67735b4e48a0af1,0,4771.753532,4771.7255859375,4673.105371,98.129824,615.538926795125,42.8994158282876,16.273104585707188,3791.6124342009425,277.78895568847656,3510.4569702148438,136,0,1,42,0,578.6795835494995,147.68633597064763,20.950208032503724,63.53145592845976,18.804415989667177,190.5235195159912,9.326207995414734,70.74460792541504,7.194620251655579,cache_w8a8_m4k2v2,large_h6_n32_s100,b67735b4e48a0af1f3e15acc315656376670d57a30a75180dbaf985a4c768be9,19.8123836517334,1863.477506995201,620.0287990570068,1046.7630478143692,35651584,847872,847872,5796
pubmed_node,test,122,22,pubmed_node:test:000022:8238262d3a5e8873,0,5506.602373,5506.572265625,5406.73576,99.303821,691.1620469763875,42.825911194086075,18.418055959045887,4466.8668592348695,438.40089416503906,4024.7059326171875,153,0,1,36,0,499.98393630981445,130.4371841456741,18.300416035577655,54.67529598996043,16.20575996953994,329.90211486816406,16.614815950393677,80.62422561645508,11.259737730026245,cache_w8a8_m4k2v2,large_h6_n32_s100,8238262d3a5e8873cfa404014dc8669f24ea58ca67fb0ac01aaac3b5415e4a32,19.698047637939453,2096.722557991743,535.6830081939697,1411.9984140694141,40108032,651264,651264,6510
pubmed_node,test,123,23,pubmed_node:test:000023:5190dbfdd9c09135,0,4416.703292,4416.67529296875,4316.919385,99.284858,635.0988112390041,42.84505546092987,14.396054670214653,3456.505642272532,245.2434539794922,3208.191162109375,122,0,1,42,0,586.5515813827515,155.22054401878268,21.02307200897485,63.38831998407841,18.730559973977506,167.42032051086426,8.208415985107422,63.284064292907715,6.330653190612793,cache_w8a8_m4k2v2,large_h6_n32_s100,5190dbfdd9c091353b7ef666424b8f9b549a0b73a1d39b1030ab42918bb3561e,19.692256927490234,1673.0326700508595,628.1439075469971,926.7068414390087,31981568,838656,838656,5208
pubmed_node,test,124,24,pubmed_node:test:000024:ccfef8eb68188954,0,4805.0728,4805.04443359375,4704.795927,99.760805,705.3070040419698,42.8582513704896,15.681479126214981,3746.0932545363903,281.6287040710449,3461.1397705078125,134,0,1,42,0,576.7795515060425,146.97571175079793,21.870752026326954,63.68815998919308,19.035583975724876,194.77186965942383,9.64025604724884,69.92598342895508,7.290594935417175,cache_w8a8_m4k2v2,large_h6_n32_s100,ccfef8eb68188954e06071feed8b42eb186394ece94de545604e78d69867975a,19.777984619140625,1838.0504328608513,618.1469430923462,1024.7203791737556,35127296,847872,847872,5712
pubmed_node,test,125,25,pubmed_node:test:000025:2f9517f9cddc9ee4,0,5549.521932,5549.49267578125,5451.01984,97.955184,809.9958570674062,43.00267342478037,18.306933343410492,4354.906940832734,419.8791046142578,3931.288330078125,152,0,1,48,0,664.3907556533813,168.43116783816367,23.50083201006055,74.39900795556605,21.299455989152193,313.0207977294922,15.761983871459961,80.25865650177002,10.837666511535645,cache_w8a8_m4k2v2,large_h6_n32_s100,2f9517f9cddc9ee49957e0815e330ee4b580d7cd28fb363dab9b4185c588bcf2,19.79439926147461,2081.1322897970676,711.8284482955933,1158.1219912469387,39845888,1044480,1044480,6468
pubmed_node,test,126,26,pubmed_node:test:000026:c87987cbddd36f68,0,7625.483659,7625.451171875,7525.604847,99.324129,795.1188534498215,42.813193053007126,18.700365908443928,6462.874261662364,386.46125411987305,6072.561950683594,157,0,1,180,0,2700.7081212997437,621.7516482397914,94.42144003231078,270.0264319758862,80.93103991448879,279.9507179260254,14.409280061721802,81.94387149810791,10.157384634017944,cache_w8a8_m4k2v2,large_h6_n32_s100,c87987cbddd36f6855c3d6946736801b44478892b3b3615397145caa4cda7663,19.697919845581055,2146.2086089253426,2878.0352363586426,1068.0160252451897,41156608,5369856,5369856,6678
pubmed_node,test,127,27,pubmed_node:test:000027:66718109a5fbcec5,0,5272.705076,5272.67236328125,5172.912454,99.247241,787.4112548306584,42.69050993025303,17.385142855346203,4102.091884240508,324.20044708251953,3774.2399291992188,149,0,1,42,0,574.5425281524658,147.12937619537115,20.42774400021881,63.18211195990443,18.57865597307682,226.01743698120117,11.43779194355011,78.43680000305176,8.308418154716492,cache_w8a8_m4k2v2,large_h6_n32_s100,66718109a5fbcec59ce25191c845483c3b99188a299950cbbfe99aefc325b198,19.69455909729004,2040.8092813789845,615.8908138275146,1137.2343930900097,39059456,847872,847872,6342
pubmed_node,test,128,28,pubmed_node:test:000028:da3d647ca7d61231,0,3784.091838,3784.06494140625,3684.453701,99.196849,487.25390899926424,42.80872456729412,11.111706495285034,3014.217493124306,208.00687408447266,2803.752899169922,95,0,1,54,0,757.3154897689819,197.19257593434304,27.14323198609054,81.41148798167706,24.065247976221144,145.89094352722168,7.184768080711365,49.44636821746826,5.48479425907135,cache_w8a8_m4k2v2,large_h6_n32_s100,da3d647ca7d612315f43a02793a8c4c10e28cdea33020794930f124ce5f7b206,19.784448623657227,1307.3777926266193,810.4184017181396,705.7411534488201,24903680,1231872,1231872,4074
pubmed_node,test,129,29,pubmed_node:test:000029:c8fd032bebb7ee00,0,4500.49031,4500.46142578125,4402.022164,97.963725,644.3036356940866,42.784057557582855,14.786303043365479,3512.075938284397,281.67574310302734,3227.2344360351562,127,0,1,36,0,494.9541425704956,126.07392015773803,17.099935962818563,54.743072006851435,16.10505597293377,197.96387100219727,9.935263991355896,66.43516826629639,7.341439843177795,cache_w8a8_m4k2v2,large_h6_n32_s100,c8fd032bebb7ee00eebd1bdf42da780aebeb3b53d6cc93ab9205804fa91805c7,19.793567657470703,1742.2236495316029,530.2846088409424,974.5197453200817,33292288,651264,651264,5418
pubmed_node,test,130,30,pubmed_node:test:000030:4aa88e232f44afc9,0,4932.474156,4932.4443359375,4833.345798,98.288374,740.7633475959301,42.74274595081806,16.746317967772484,3843.66955421865,314.6907844543457,3525.490234375,141,0,1,36,0,496.4566402435303,127.45967987552285,17.333311984315515,55.22284798324108,16.22092798538506,220.94224166870117,11.12444794178009,74.40265560150146,8.221439242362976,cache_w8a8_m4k2v2,large_h6_n32_s100,4aa88e232f44afc9900207f479ab0d91e3fd8aade6f711303edb427f65e7f5cd,19.700672149658203,1931.0445436239243,532.1494083404541,1081.9969545602798,36962304,651264,651264,6006
pubmed_node,test,131,31,pubmed_node:test:000031:8edaee886ad7a6dd,0,5479.275583,5479.2451171875,5379.551468,99.165238,755.3856149315834,42.82134771347046,17.979088239371777,4339.085335843265,414.3489303588867,3921.0061645507812,152,0,1,48,0,658.110466003418,167.81548800878227,23.357887994498014,72.50297598354518,21.63961597532034,307.7369613647461,15.593631744384766,80.20646476745605,10.811872482299805,cache_w8a8_m4k2v2,large_h6_n32_s100,8edaee886ad7a6dd0145006fb00cdf0243ebc2644ea8503fcac7c5e34bd5892d,19.715232849121094,2081.043776422739,705.4743986129761,1154.2032223641872,39845888,1044480,1044480,6468
pubmed_node,test,132,32,pubmed_node:test:000032:ca423fcad5bf26ac,0,2459.730104,2459.70458984375,2360.12129,99.242187,309.2517126351595,42.691648937761784,7.2300368919968605,1903.4996861591935,111.61798477172852,1790.2037963867188,60,0,1,36,0,492.6135997772217,125.88752011209726,17.145951997488737,55.186752021312714,16.050367972813547,74.12489700317383,3.534399926662445,31.059904098510742,2.8987837433815002,cache_w8a8_m4k2v2,large_h6_n32_s100,ca423fcad5bf26ac21ccaa48946144dcc2ff5ad0569296bfc9cd5d4955833050,19.775104522705078,832.0331830382347,527.9707536697388,449.97496420145035,15728640,651264,651264,2604
pubmed_node,test,133,33,pubmed_node:test:000033:90ec4e4593ee23e6,0,6054.22159,6054.19091796875,5954.200637,99.478557,995.0674986466765,42.854707688093185,18.005172722041607,4712.195458821952,461.82452392578125,4246.6290283203125,152,0,1,72,0,984.7683200836182,249.329152029939,36.08406403940171,108.11369599215686,32.341567976400256,351.42265701293945,18.155167818069458,80.1331844329834,12.11351466178894,cache_w8a8_m4k2v2,large_h6_n32_s100,90ec4e4593ee23e69234a1a298a67c907e45dadde229dde0996f821a673b3ed2,19.700319290161133,2080.359582155943,1055.6156187057495,1130.3541467487812,39845888,1830912,1830912,6468
pubmed_node,test,134,34,pubmed_node:test:000034:6c6eb1f3b7f852f9,0,8414.689123,8414.654296875,8314.575878,99.532397,896.0585370659828,43.174910359084606,20.455658435821533,7138.739813119173,644.2129898071289,6490.3687744140625,172,0,1,204,0,2799.189016342163,710.9338561985642,105.24726411234587,304.58566397055984,89.79174390435219,512.5395050048828,25.395999908447266,89.70438385009766,16.573101043701172,cache_w8a8_m4k2v2,large_h6_n32_s100,6c6eb1f3b7f852f92c070180689039a16efa2d68e753a4fbe217dad6084252cd,19.742656707763672,2350.247902840376,3000.071262359619,1159.7922659218311,45088768,6151680,6151680,7308
pubmed_node,test,135,35,pubmed_node:test:000035:1e69ef700dcab499,0,5130.862709,5130.82958984375,5032.058634,98.28901,726.3180706650019,42.79509745538235,15.917202457785606,4048.9860018715262,257.7433624267578,3787.87646484375,136,0,1,48,0,658.3190412521362,166.7960321046412,23.94032001681626,72.06025598011911,21.33123198710382,172.39564895629883,8.282528042793274,70.52640056610107,6.538784861564636,cache_w8a8_m4k2v2,large_h6_n32_s100,1e69ef700dcab499032eb0be5353e371346fa3b4dac40002ddd35806bccb7f9b,19.759904861450195,1861.7565453648567,705.4588823318481,1240.4209420084953,35651584,1044480,1044480,5796
pubmed_node,test,136,36,pubmed_node:test:000036:97228afdbad35bc9,0,8388.064011,8388.0302734375,8287.070184,100.265307,830.8763951063156,42.79526509344578,20.340172573924065,7174.123111180961,641.5218887329102,6528.422119140625,172,0,1,204,0,2794.5576028823853,681.9194559250027,100.37552001792938,350.01766400411725,98.71961614768952,509.8450241088867,25.380832195281982,89.70947265625,16.586559772491455,cache_w8a8_m4k2v2,large_h6_n32_s100,97228afdbad35bc93960740e654381233e704308fddde3c08a48e92ac57d2c1a,19.660127639770508,2352.8610251247883,2997.990400314331,1197.2308213412762,45088768,6156288,6156288,7308
pubmed_node,test,137,37,pubmed_node:test:000037:0d5da1d22d355309,0,2506.49268,2506.458984375,2406.163381,99.739974,328.78261245787144,42.727308347821236,9.143252857029438,1922.1128802746534,111.44803047180176,1809.0027770996094,60,0,1,36,0,501.4856958389282,127.45004801079631,17.758015997707844,56.64604800194502,20.58067204337567,73.99987125396729,3.5338239669799805,31.021024227142334,2.893311023712158,cache_w8a8_m4k2v2,large_h6_n32_s100,0d5da1d22d3553090e15b33e29df3fefd5199a3b1f7b315257d15d7b0f5e65ad,19.38275146484375,831.9514851868153,537.079550743103,459.35449263453484,15728640,651264,651264,2604
pubmed_node,test,138,38,pubmed_node:test:000038:b3598f86af021b1d,0,4169.499501,4169.46435546875,4070.500859,98.41921,601.3860991224647,42.84228291362524,14.003529213368893,3239.5813427865505,238.16278839111328,2998.4906616210938,116,0,1,36,0,496.71052742004395,127.05254383478314,17.26271998230368,55.38467190787196,16.13334397599101,164.17158317565918,7.946336030960083,59.839359283447266,6.205509901046753,cache_w8a8_m4k2v2,large_h6_n32_s100,b3598f86af021b1d874a34cbbc3149ae43dcc9df62655804aec20347c7ed2ef0,19.699199676513672,1591.2351672053337,532.3918695449829,894.5628245472908,30408704,651264,651264,4956
pubmed_node,test,139,39,pubmed_node:test:000039:bd83e07bdd95ea2e,0,5567.998049,5567.966796875,5482.998016,84.459505,714.6276040002704,43.00439544022083,16.595288179814816,4512.800897471607,348.39600372314453,4161.017517089844,136,0,1,72,0,992.8179559707642,253.09574396442622,36.16380801424384,108.86691191792488,32.25555196404457,255.37011337280273,12.989439964294434,70.89193630218506,9.144514083862305,cache_w8a8_m4k2v2,large_h6_n32_s100,bd83e07bdd95ea2eddd775c80f0db8147a80de60e6cc648a7777e83522b8e081,19.8503360748291,1862.5698568820953,1064.158013343811,1254.1399829387665,35651584,1830912,1830912,5796
pubmed_node,test,140,40,pubmed_node:test:000040:a554100795c70d2c,0,5840.770412,5840.7392578125,5741.403616,98.81132,753.1620366498828,42.80152637511492,17.91676040738821,4740.1725621894,463.27184295654297,4273.1771240234375,152,0,1,72,0,991.1152353286743,253.8868796750903,36.783327960409224,108.11574399657547,32.074015989899635,353.19471740722656,17.897823810577393,80.04105567932129,12.138246059417725,cache_w8a8_m4k2v2,large_h6_n32_s100,a554100795c70d2c4a1a72a11d3ccf7aa3f9a60c816646c90cd465d656cce040,19.66521644592285,2079.932224690914,1063.6034212112427,1149.3066945672035,39845888,1830912,1830912,6468
pubmed_node,test,141,41,pubmed_node:test:000041:817a2246475bd741,0,4830.536955,4830.5068359375,4729.894136,100.124712,596.7179136350751,42.659820057451725,15.583742409944534,3904.7463349997997,376.6095962524414,3524.8277587890625,133,0,1,48,0,655.0694379806519,164.59772821795195,23.15718397218734,72.39203195646405,21.51382398046553,281.4312286376953,14.77568006515503,70.53062438964844,9.872063159942627,cache_w8a8_m4k2v2,large_h6_n32_s100,817a2246475bd741dc735f5fcf7fdd69a38dd476c0bd10401ebb99349c2cf97c,19.67532730102539,1822.899102628231,702.4940166473389,1019.109966814518,34865152,1044480,1044480,5670
pubmed_node,test,142,42,pubmed_node:test:000042:c9169db9d6c4b439,0,7606.972368,7606.939453125,7523.501344,82.890415,806.7069333046675,42.735107243061066,18.630684353411198,6451.970897614956,392.46234130859375,6055.665222167969,157,0,1,180,0,2679.292637825012,607.7849918687716,89.87113594356924,508.1070665549487,80.01548794656992,285.99997329711914,14.267488241195679,82.02828788757324,10.166591882705688,cache_w8a8_m4k2v2,large_h6_n32_s100,c9169db9d6c4b439fa1c583cb0cd0ee79b05f3ea3a04701c6337eba01df18bb0,19.665151596069336,2146.428225159645,2859.0375967025757,1069.8645519018173,41156608,5366784,5366784,6678
pubmed_node,test,143,43,pubmed_node:test:000043:25649f18bed4c0e3,0,4604.286644,4604.2548828125,4505.342696,98.427763,616.3628501817584,42.800696566700935,14.949452131986618,3669.0480606630445,367.992130279541,3297.87939453125,127,0,1,42,0,563.8188133239746,141.06291222386062,19.489247983321548,63.16991996765137,18.65705596562475,277.2418556213379,14.522720098495483,66.37289524078369,9.85465931892395,cache_w8a8_m4k2v2,large_h6_n32_s100,25649f18bed4c0e3d32716dd968a48404fd2142b3f1af94aa5d2f4707c9e4d70,19.716096878051758,1741.837502837181,605.0698556900024,970.6881328821182,33292288,847872,847872,5418
pubmed_node,test,144,44,pubmed_node:test:000044:a14ab025d60f06b1,0,5745.876631,5745.84619140625,5646.930472,98.397344,761.3523816689849,42.4487954005599,17.260891385376453,4616.153151728213,287.3196830749512,4325.1578369140625,146,0,1,90,0,1182.5592632293701,282.3758079558611,41.26415999699384,136.06198399327695,40.345119984820485,193.65715408325195,9.528319954872131,76.79532814025879,7.338880896568298,cache_w8a8_m4k2v2,large_h6_n32_s100,a14ab025d60f06b162637df5229c810e8215e6b071dade0d7ba3edacc256367d,19.416255950927734,1998.311327368021,1271.0322551727295,1075.2305103242397,38273024,2420736,2420736,6216
pubmed_node,test,145,45,pubmed_node:test:000045:ddc94896fb967e5a,0,5200.361233,5200.33056640625,5100.546282,99.179181,771.7068139463663,42.55655687302351,20.114919170737267,4038.259201683104,323.19626235961914,3711.3776245117188,150,0,1,36,0,481.26973056793213,119.81273598689586,16.14886399358511,55.19881599768996,16.09964799694717,224.75417709350586,11.313600063323975,78.853440284729,8.275044918060303,cache_w8a8_m4k2v2,large_h6_n32_s100,ddc94896fb967e5a9cfb212fea5e381f75130b4072c14b824821a74f706b3974,19.415935516357422,2055.4968945384026,516.7995204925537,1158.49714499712,39321600,651264,651264,6384
pubmed_node,test,146,46,pubmed_node:test:000046:9bd9a7c79879c6c3,0,4157.857033,4157.828125,4058.133188,99.240018,601.0047802701592,42.43675898760557,13.665487058460712,3231.9540698081255,240.09965133666992,2988.9190673828125,116,0,1,36,0,489.9610891342163,124.26639995444566,16.926560000516474,55.249344028532505,16.055455989204347,165.75062370300293,8.163328051567078,59.981568336486816,6.204131245613098,cache_w8a8_m4k2v2,large_h6_n32_s100,9bd9a7c79879c6c37b58b4235528205c597a8e6d92d64e0fa954a10fd67b7910,19.36444854736328,1591.4785908162594,525.3532180786133,891.4517070353031,30408704,651264,651264,4956
pubmed_node,test,147,47,pubmed_node:test:000047:c1b0423e610e1bdf,0,4252.470077,4252.44140625,4167.980496,84.020582,623.6513387411833,42.6824139431119,13.628454878926277,3324.7822113335133,250.47398376464844,3071.377166748047,116,0,1,42,0,574.8474836349487,146.41289581730962,20.281184007413685,64.07276798598468,18.710239984095097,175.13071823120117,8.744735956192017,60.01884937286377,6.5796802043914795,cache_w8a8_m4k2v2,large_h6_n32_s100,c1b0423e610e1bdfff0851aca4c8f77260c89302b9e44ed5cca2e3ebdb5250d8,19.651872634887695,1592.65263864398,616.2005109786987,882.1758897602558,30408704,847872,847872,4956
pubmed_node,test,148,48,pubmed_node:test:000048:cc83edcf78d223d0,0,5275.705804,5275.6748046875,5176.935133,98.251729,752.474226988852,42.96342097222805,16.817785799503326,4148.816246539354,279.416259765625,3865.8671875,143,0,1,42,0,790.9406414031982,151.6761598167941,20.372415994293988,274.71839652583003,18.877823968417943,188.67949104309082,9.132992148399353,74.47449588775635,7.129280686378479,cache_w8a8_m4k2v2,large_h6_n32_s100,cc83edcf78d223d0d392a1ee81ff3f8507247e5e4bef62929223c2184330f9a8,19.70403289794922,1959.2870368361473,832.2037763595581,1094.0804072022438,37486592,847872,847872,6090
pubmed_node,test,149,49,pubmed_node:test:000049:e497dd95e34cc6bc,0,4609.431251,4609.40185546875,4509.702379,99.2049,683.1254288554192,42.785149067640305,15.332589857280254,3582.770054228604,265.8300552368164,3313.683349609375,131,0,1,36,0,496.7322254180908,127.12822387833148,17.372895995154977,55.578400038182735,16.161247996613383,180.90771102905273,8.891680002212524,69.23583984375,6.7948243618011475,cache_w8a8_m4k2v2,large_h6_n32_s100,e497dd95e34cc6bc57fae18ce70db9439ab158603be0337098495e92beda9af8,19.646240234375,1794.8266246020794,532.3073596954346,1006.195605546236,34340864,651264,651264,5586
pubmed_node,test,150,50,pubmed_node:test:000050:7b7965113887ca50,0,4318.279145,4318.25048828125,4218.706013,99.085883,634.713021107018,42.788129299879074,14.152070507407188,3347.9673909023404,250.44870376586914,3094.4834594726562,121,0,1,36,0,491.7406368255615,125.84214400686324,17.43516798131168,54.42838398553431,16.03305597603321,172.38502311706543,8.5310720205307,63.030367851257324,6.502240777015686,cache_w8a8_m4k2v2,large_h6_n32_s100,7b7965113887ca5031851a3b5cae8afdb87c82848b0832627bc30d276681a87b,19.736703872680664,1661.7307513654232,527.1153268814087,925.374085098505,31719424,651264,651264,5166
pubmed_node,test,151,51,pubmed_node:test:000051:04965679593e9f15,0,8701.801674,8701.767578125,8602.286422,98.563392,883.4405057132244,42.98518784344196,20.718032494187355,7436.233045533299,608.5479049682617,6823.4544677734375,175,0,1,222,0,3062.567427635193,773.2869124235585,115.96032000984997,336.152735972777,98.63859193213284,476.9174041748047,23.71622395515442,92.13926410675049,15.775012731552124,cache_w8a8_m4k2v2,large_h6_n32_s100,04965679593e9f15aadee6ce9ec44be05118439dc794bc7395bb301492dc35a1,19.72550392150879,2389.0053108632565,3282.118339538574,1172.0563212931156,45875200,6746112,6746112,7434
pubmed_node,test,152,52,pubmed_node:test:000052:3996805805fbe56a,0,5564.77014,5564.734375,5478.567656,85.5247,718.4487273916602,271.71231154352427,17.10665598511696,4274.418951012194,348.7812156677246,3922.2379150390625,136,0,1,72,0,991.0746898651123,251.03439997695386,36.199552023783326,109.27705591544509,31.976735967211425,255.5613136291504,13.254688024520874,70.81491279602051,9.150301218032837,cache_w8a8_m4k2v2,large_h6_n32_s100,3996805805fbe56a4e80c2f6a6a849c36740ea93d8ca34ca2f157b01489cce16,248.68727111816406,1863.7848318219185,1062.2008304595947,1244.9395238757133,35651584,1830912,1830912,5796
pubmed_node,test,153,53,pubmed_node:test:000053:84caee7eab94e4a3,0,5403.062336,5403.03076171875,5303.789678,98.712678,767.3925282433629,42.85246226936579,17.821834422647953,4278.504342772067,366.18563079833984,3908.7116088867188,146,0,1,54,0,755.5224647521973,192.29052811395377,26.98147200420499,83.32726404070854,24.122527985833585,265.9126663208008,13.835904121398926,76.93596744537354,9.501092910766602,cache_w8a8_m4k2v2,large_h6_n32_s100,84caee7eab94e4a3d3dca23e7db76907101cc520ae37235928f00b2513ada0d0,19.688095092773438,2003.2734422385693,808.9583034515381,1116.1679582893848,38273024,1241088,1241088,6216
pubmed_node,test,154,54,pubmed_node:test:000054:60cf5b2b1cff556b,0,5406.946244,5406.90869140625,5307.027828,99.323556,818.1453570723534,44.04187202453613,18.71657744050026,4237.3309237882495,429.1336212158203,3804.4385986328125,153,0,1,36,0,499.92678356170654,128.44367984496057,19.573855905793607,55.31446398422122,16.21334400214255,320.74918365478516,16.5250883102417,80.6242561340332,11.235093116760254,cache_w8a8_m4k2v2,large_h6_n32_s100,60cf5b2b1cff556b573a716663a5e12f6dabe5cf7a02040394d979ce8d820db3,20.81648063659668,2097.379104912281,535.5631008148193,1192.3128735423088,40108032,651264,651264,6510
pubmed_node,test,155,55,pubmed_node:test:000055:0cd7bd1f4d474437,0,5315.60157,5315.5703125,5214.883114,99.766635,754.5503443107009,42.85992868244648,17.8954740986228,4182.892928831279,345.09410858154297,3834.1025390625,151,0,1,42,0,584.311616897583,152.3210239475593,20.27625598665327,63.9861759878695,19.179103980772197,243.95276641845703,12.315615892410278,79.95136070251465,8.87436556816101,cache_w8a8_m4k2v2,large_h6_n32_s100,0cd7bd1f4d474437727e6d36d3372e09401a89c893698a2921b187409d32a845,19.693376541137695,2067.8215646743774,625.8661117553711,1160.1082391738892,39583744,847872,847872,6426
pubmed_node,test,156,56,pubmed_node:test:000056:50522fedf5f4b732,0,4790.592232,4790.56201171875,4692.016426,98.027667,596.2528185918927,42.853725142776966,16.149149276316166,3840.545192360878,258.0452461242676,3579.1314697265625,136,0,1,48,0,657.0480012893677,167.02710407506675,23.59891199041158,72.64131196960807,21.322847966104746,172.69289779663086,8.26204788684845,70.55401611328125,6.536284327507019,cache_w8a8_m4k2v2,large_h6_n32_s100,50522fedf5f4b732f7ae64a688a066545291efd033492bd4c3e36e10934d3937,19.807424545288086,1862.4001911580563,704.3173475265503,1032.221355587244,35651584,1044480,1044480,5796
pubmed_node,test,157,57,pubmed_node:test:000057:6ca8b24969226636,0,4776.447749,4776.41748046875,4676.718066,99.209867,810.6199931353331,42.80941281467676,15.201162546873093,3636.9747668504715,381.9016342163086,3251.879638671875,128,0,1,36,0,494.4181137084961,126.37932812515646,17.3372800052166,54.76073592714965,16.117407985962927,290.07212829589844,15.016319990158081,66.58662414550781,10.226561784744263,cache_w8a8_m4k2v2,large_h6_n32_s100,6ca8b24969226636d68b1aa8eb5c06203e5629fbc4607a5daa5a302ea65ee9d6,19.739103317260742,1756.695392280817,529.8373765945435,985.0859731137753,33554432,651264,651264,5460
pubmed_node,test,158,58,pubmed_node:test:000058:cff7541939361e66,0,2691.885092,2691.858154296875,2593.689831,97.842108,342.6757287234068,42.540937662124634,8.291481994092464,2105.7573668658733,121.825439453125,1982.070068359375,69,0,1,36,0,492.29670429229736,126.71811186335981,17.1346880113706,54.02252792753279,15.932896010577679,79.23948669433594,3.72051203250885,35.756736755371094,3.1087039709091187,cache_w8a8_m4k2v2,large_h6_n32_s100,cff7541939361e6689eb7eead5b23eba1fa8ae840dc04994612240e6dc89976c,19.576576232910156,953.762241512537,527.6728954315186,520.2115076482296,18087936,651264,651264,2982
pubmed_node,test,159,59,pubmed_node:test:000059:93be0c01a6c5f92c,0,4832.614031,4832.5771484375,4733.622378,98.430483,708.2983506843448,44.08638831228018,15.94251487404108,3780.61899356544,372.96147537231445,3404.3062744140625,135,0,1,36,0,494.7940492630005,126.58556802198291,17.47523197159171,54.23452800884843,17.75577600952238,278.1146583557129,14.250176191329956,70.76438426971436,9.832256555557251,cache_w8a8_m4k2v2,large_h6_n32_s100,93be0c01a6c5f92c81b9cef6d17f434e97d4b66d096fc194d3275878d90c61f5,20.923328399658203,1853.3443224430084,530.2185897827148,1041.6666905879974,35389440,651264,651264,5754
pubmed_node,test,160,60,pubmed_node:test:000060:ac536cd4273a65d1,0,3895.746301,3895.71728515625,3796.153576,99.144953,594.3870609626174,42.837757617235184,12.494822032749653,2999.8800279572606,212.54931259155273,2784.6517944335938,106,0,1,36,0,500.7976303100586,133.67887991759926,17.301823992282152,54.437440022826195,16.063647989183664,145.0039348602295,7.0979520082473755,54.95078468322754,5.496641039848328,cache_w8a8_m4k2v2,large_h6_n32_s100,ac536cd4273a65d105fcd390471eca4ba8f8f1a227b86a24c1fc0ac62eeb1adf,19.6909122467041,1456.485696285963,538.7848634719849,809.0721469223499,27787264,651264,651264,4536
pubmed_node,test,161,61,pubmed_node:test:000061:0e5b04777b348e6b,0,4677.340345,4677.31005859375,4577.476277,99.358827,575.1831140369177,42.858283035457134,16.33615605533123,3759.5641473308206,308.9418258666992,3447.211181640625,137,0,1,36,0,492.76201820373535,125.90889611560851,17.221823984757066,54.798239916563034,16.010399979539216,217.6011848449707,10.921696066856384,72.43388748168945,7.985057473182678,cache_w8a8_m4k2v2,large_h6_n32_s100,0e5b04777b348e6b65f0b87387321b834b0f252437bea5bc57a98ed27d5db5e3,19.70867156982422,1879.8164518475533,528.2528648376465,1058.8505365252495,35913728,651264,651264,5838
pubmed_node,test,162,62,pubmed_node:test:000062:f945c18bd80c433e,0,7537.142166,7537.107421875,7452.43053,84.170855,718.9372722059488,42.919935658574104,18.705589696764946,6465.238040313125,388.4393615722656,6072.953063964844,157,0,1,180,0,2698.0585346221924,841.406367582269,93.33292798604816,271.588127899915,79.93750390317291,281.6900520324707,14.469856023788452,82.09769535064697,10.181758165359497,cache_w8a8_m4k2v2,large_h6_n32_s100,f945c18bd80c433e97068bc240138b2d4da577e14153fcbe204cb6d538b701d8,19.67318344116211,2146.6492145061493,2875.6019897460938,1070.3750431537628,41156608,5366784,5366784,6678
pubmed_node,test,163,63,pubmed_node:test:000063:fc63015e807a4ceb,0,4645.321444,4645.2890625,4544.47548,100.314275,570.715107023716,42.81148500740528,15.781672671437263,3735.174578614533,287.06787109375,3444.7877807617188,133,0,1,42,0,579.9454383850098,147.45183975808322,20.476735993288457,64.3610240984708,18.820159984752536,199.2652473449707,9.944864153862,70.43884754180908,7.418912053108215,cache_w8a8_m4k2v2,large_h6_n32_s100,fc63015e807a4ceb5a7fbb1dc4610c60b319b8774cbad74c9faf954df975d35a,19.791488647460938,1823.1076144576073,621.4918413162231,1019.9798136353493,34865152,847872,847872,5670
pubmed_node,test,164,64,pubmed_node:test:000064:e7276ff50bf2d168,0,4450.445547,4450.41455078125,4366.418723,83.409105,605.9185713529587,42.75142215192318,15.256721526384354,3528.1739197671413,278.4280319213867,3246.5455932617188,128,0,1,36,0,494.5367670059204,126.96543983183801,17.54512002505362,54.500639978796244,16.039199981838465,194.84588623046875,9.680320024490356,66.63971328735352,7.262112379074097,cache_w8a8_m4k2v2,large_h6_n32_s100,e7276ff50bf2d1688edaab506e57b14728aabd3647c19b69b1b16e2284bbd4d7,19.671615600585938,1754.2956770062447,530.1806735992432,981.7408582568169,33554432,651264,651264,5460
pubmed_node,test,165,65,pubmed_node:test:000065:55f60a9b1367d712,0,5507.87207,5507.8408203125,5407.741582,99.446857,614.9211637675762,43.526739813387394,15.879330225288868,4532.623561099172,319.2872657775879,4209.974365234375,135,0,1,96,0,1305.6172180175781,327.8939836556092,48.001535972580314,145.3607678823173,42.54825597256422,228.5467872619629,11.68291187286377,70.65199947357178,8.405567169189453,cache_w8a8_m4k2v2,large_h6_n32_s100,55f60a9b1367d71255a7a57023ab4661ebce125f953e8f19ae6777e8777fc1a5,19.976192474365234,1849.3269143402576,1400.3184003829956,980.305242985487,35389440,2617344,2617344,5754
pubmed_node,test,166,66,pubmed_node:test:000066:4066d12046f9dacd,0,6905.335924,6905.30126953125,6805.244908,99.491763,695.2873356640339,42.368995025753975,19.017850048840046,5825.700024142861,354.86467361450195,5466.939208984375,160,0,1,132,0,2026.6073589324951,452.35535996593535,292.51782135199755,199.23222398012877,58.97849596105516,248.8665885925293,12.64038372039795,84.30505561828613,9.052645683288574,cache_w8a8_m4k2v2,large_h6_n32_s100,4066d12046f9dacdc07bdde07aa5ce08f796d45e75a7ce73fc14f7d40660c46e,19.4256649017334,2188.1231023669243,2157.148253440857,1141.0935180783272,41943040,3796992,3796992,6804
pubmed_node,test,167,67,pubmed_node:test:000067:cbe157102c8ae59e,0,4414.054936,4414.02392578125,4315.389061,98.156111,606.2116799876094,42.645866982638836,15.116741880774498,3484.9401162937284,270.5220146179199,3211.2835693359375,126,0,1,36,0,494.9321928024292,126.80329595506191,17.4526400109753,54.49388805963099,16.1808639774099,188.56652641296387,9.223616003990173,65.66179084777832,7.070081353187561,cache_w8a8_m4k2v2,large_h6_n32_s100,cbe157102c8ae59ef523b800ed37835e1c8438c7a61a1a7a9a4cddc97ce91b75,19.661279678344727,1726.874273866415,530.3369283676147,973.7336467802525,33030144,651264,651264,5376
pubmed_node,test,168,68,pubmed_node:test:000068:9b60ed8d2b00f5f2,0,4904.034845,4904.0029296875,4804.20688,99.307888,618.7188699841499,42.88700595498085,16.540391370654106,3908.669289201498,325.17749786376953,3580.056396484375,139,0,1,42,0,577.6774711608887,147.98969587218016,20.390111984685063,64.25481610745192,18.75468798726797,231.67718124389648,11.754400134086609,73.31222343444824,8.433693051338196,cache_w8a8_m4k2v2,large_h6_n32_s100,9b60ed8d2b00f5f2422349318b0df00c3ce28ed976f2d9d9ffa8c4b192df89b3,19.684703826904297,1906.110497623682,619.1000957489014,1074.530506938696,36438016,847872,847872,5922
pubmed_node,test,169,69,pubmed_node:test:000069:1b821a2edf8cd3ae,0,4763.141718,4763.10986328125,4662.230635,100.386177,604.2493265122175,42.93016158044338,16.148139722645283,3790.6601494178176,279.27181243896484,3508.0198364257812,136,0,1,42,0,577.9862375259399,148.10649607237428,20.349695989862084,65.00272000953555,18.780607983469963,191.60617637634277,9.535135865211487,70.93500804901123,7.195492148399353,cache_w8a8_m4k2v2,large_h6_n32_s100,1b821a2edf8cd3ae39bb4369cf053caa4bd7994099ab79037107cdccdb498174,19.8155517578125,1867.2052528858185,619.3806076049805,1041.2495276927948,35651584,847872,847872,5796
pubmed_node,test,170,70,pubmed_node:test:000070:54e3bd3808518f0b,0,3726.936237,3726.906982421875,3627.735185,98.579032,466.1537753418088,43.08250732719898,12.194723822176456,2948.3572617173195,206.8448600769043,2738.8638916015625,104,0,1,36,0,495.6011848449707,126.9608639953658,17.83923197351396,55.10160004347563,16.28463999275118,140.34582328796387,6.804543972015381,54.34630489349365,5.3481879234313965,cache_w8a8_m4k2v2,large_h6_n32_s100,54e3bd3808518f0b66d62de2c51b0a565078f8e6db21ff6bffcb299d6bf7b60e,19.841312408447266,1429.9186910688877,531.072925567627,797.7135873734951,27262976,651264,651264,4452
pubmed_node,test,171,71,pubmed_node:test:000071:f47000deb1356df6,0,5060.008238,5059.97705078125,4961.282509,98.194237,628.6289170384407,42.812720872461796,16.14799164235592,4075.591892004013,256.7235527038574,3815.49658203125,136,0,1,48,0,890.445797920227,168.0388158634305,23.90697600785643,72.59555199369788,21.396511980332434,171.29970932006836,8.174144268035889,70.70374298095703,6.545956134796143,cache_w8a8_m4k2v2,large_h6_n32_s100,f47000deb1356df68cbb91ce649afc679d94cb2c77720540c09bcd54ca965ae5,19.784639358520508,1863.2559372484684,937.695161819458,1034.330122321844,35651584,1044480,1044480,5796
pubmed_node,test,172,72,pubmed_node:test:000072:7fe249ff02bbba24,0,4951.952923,4951.921875,4852.043838,99.180761,727.6833765208721,42.790175415575504,16.686856746673584,3879.3263928964734,328.6416320800781,3547.1846923828125,142,0,1,36,0,492.5486059188843,126.1216641832143,17.425279999151826,54.169631976634264,16.00188799202442,233.57992935180664,11.806175947189331,74.735520362854,8.52000641822815,cache_w8a8_m4k2v2,large_h6_n32_s100,7fe249ff02bbba24f3869e0575ea3cbed5d084b7bcc58233a4e31875ea62b1cb,19.668703079223633,1945.9523220956326,527.9176321029663,1092.9834412634373,37224448,651264,651264,6048
pubmed_node,test,173,73,pubmed_node:test:000073:2795fe59edf94b3d,0,4924.379966,4924.34765625,4825.57134,98.274896,748.5325960442424,42.86038037389517,16.409816220402718,3829.114302061498,292.2295379638672,3533.478515625,137,0,1,42,0,579.849440574646,151.41843226738274,20.475008002482355,63.47295997478068,18.541951983235776,202.22252655029297,10.092640042304993,72.39388656616211,7.520484805107117,cache_w8a8_m4k2v2,large_h6_n32_s100,2795fe59edf94b3dd37560133104646072cd2375afdbe24276ffc03dce6f52df,19.74720001220703,1877.8427186310291,621.167233467102,1054.2157635390759,35913728,847872,847872,5838
pubmed_node,test,174,74,pubmed_node:test:000074:c660272095b2fe0e,0,5209.178532,5209.14697265625,5110.58471,98.087444,769.9907692149282,42.93995816260576,18.636977300047874,4063.642529770732,309.4337921142578,3750.739990234375,140,0,1,54,0,738.1513271331787,188.1404798971489,26.528416013345122,81.51091202907264,23.971007985062897,216.77836990356445,10.995391964912415,73.68281555175781,7.977214694023132,cache_w8a8_m4k2v2,large_h6_n32_s100,c660272095b2fe0e5a7edc592447567790f62b38c06598a0f083ca18aa86d958,19.753311157226562,1919.2805756032467,791.3205757141113,1059.8921500742435,36700160,1241088,1241088,5964
pubmed_node,test,175,75,pubmed_node:test:000075:b03d921fe5b9c14c,0,5298.452891,5298.4208984375,5199.966818,97.95699,719.6226874366403,42.93572437018156,17.596223391592503,4206.824884749949,324.09228897094727,3879.1396484375,146,0,1,54,0,739.8052806854248,189.45212795119733,27.476767976768315,80.62614396214485,24.228127976879478,227.53373336791992,11.351584076881409,76.76236820220947,8.444603323936462,cache_w8a8_m4k2v2,large_h6_n32_s100,b03d921fe5b9c14c9a8c490cba065585eb82fc52471162730a603397cf4fa2cd,19.692800521850586,2000.9951350986958,792.9082555770874,1104.9290582835674,38273024,1241088,1241088,6216
pubmed_node,test,176,76,pubmed_node:test:000076:1e30b8819181849e,0,4678.239441,4678.208984375,4578.520776,99.228125,659.8464455455542,42.76018217206001,14.977645128965378,3666.697446256876,259.51327896118164,3404.0596923828125,125,0,1,36,0,712.3374433517456,130.50054417550564,17.253631971776485,267.3131481669843,16.119839969091117,178.16860580444336,8.78713595867157,65.8789119720459,6.678625226020813,cache_w8a8_m4k2v2,large_h6_n32_s100,1e30b8819181849e06b9acca4663bf0924d6038e1b04e81b6c0522e8e4be39f0,19.710399627685547,1714.5837435126305,747.8201599121094,961.3661885857582,32768000,651264,651264,5334
pubmed_node,test,177,77,pubmed_node:test:000077:95f813a7bde8a87a,0,4979.183584,4979.15185546875,4879.428526,99.260122,708.1029918044806,42.77271404862404,16.37983415275812,3898.673679679632,322.75744247436523,3572.462158203125,139,0,1,42,0,579.1287059783936,149.36563225463033,21.051071984693408,63.85183995589614,19.053695989772677,229.5832633972168,11.55408000946045,73.20035171508789,8.419747352600098,cache_w8a8_m4k2v2,large_h6_n32_s100,95f813a7bde8a87a0c48f63e3d516e88b92bceb0a8aa065f68c986cf59d1477c,19.681312561035156,1905.7704941630363,620.7030429840088,1065.669933617115,36438016,847872,847872,5922
pubmed_node,test,178,78,pubmed_node:test:000078:607ae7b92dac833f,0,4701.409235,4701.37841796875,4602.671135,98.215246,613.9773754402995,42.94529464095831,16.334043815732002,3716.5016857907176,270.9925765991211,3442.1057739257812,137,0,1,36,0,494.820351600647,126.89331196248531,17.121887996792793,55.415391996502876,16.117279978469014,183.19081497192383,8.828895926475525,72.0492811203003,6.923584580421448,cache_w8a8_m4k2v2,large_h6_n32_s100,607ae7b92dac833f74b3d705d999c237e2231065da95b22db3d25932a9a86990,19.701824188232422,1875.3153304457664,530.3118715286255,1056.1803961396217,35913728,651264,651264,5838
pubmed_node,test,179,79,pubmed_node:test:000079:c728fa0c915a11a6,0,5103.153768,5103.1220703125,5002.779943,99.522144,678.6047928035259,42.69991535693407,17.648066394031048,4073.2584865763783,303.8440971374512,3765.7748413085938,148,0,1,42,0,577.2321920394897,148.04355197306722,20.655743987299502,63.78255999274552,18.872319978661835,208.37619018554688,10.328703999519348,77.43942451477051,7.699778437614441,cache_w8a8_m4k2v2,large_h6_n32_s100,c728fa0c915a11a63655d60e86f94618f0f6af4ad190c1127214744f205d9197,19.6910400390625,2028.0034232735634,618.5773448944092,1138.8851131796837,38797312,847872,847872,6300
pubmed_node,test,180,80,pubmed_node:test:000080:e489ab5aa16ad361,0,4702.236019,4702.20458984375,4603.525544,98.170446,611.5998458117247,43.053907342255116,16.378937289118767,3722.43120521307,275.7278022766113,3443.2911987304688,137,0,1,36,0,494.3775329589844,126.60096006840467,17.236000018194318,54.970528073608875,16.040415989235044,186.76009559631348,9.34550404548645,72.66265678405762,6.959545850753784,cache_w8a8_m4k2v2,large_h6_n32_s100,e489ab5aa16ad361ac82f25d9917a49549e66e4144a6359de5bdb7a8bff64e94,19.7674560546875,1880.103006541729,529.989951133728,1052.9656971096992,35913728,651264,651264,5838
pubmed_node,test,181,81,pubmed_node:test:000081:639e82c690320186,0,6419.02721,6418.99267578125,6319.031675,99.454407,701.4471748843789,42.97195468097925,18.175454810261726,5369.577836245298,468.99173736572266,4896.848449707031,152,0,1,102,0,1628.806396484375,354.7046720990911,52.1152319945395,380.09167595766485,45.07203196268529,357.8812789916992,18.619807958602905,80.19980716705322,12.29084324836731,cache_w8a8_m4k2v2,large_h6_n32_s100,639e82c6903201868fffe9ba56c18faf2953e4266ff373c63f7a3b4417c0d98a,19.705984115600586,2080.2457602620125,1729.6911735534668,1106.6175000071526,39845888,2813952,2813952,6468
pubmed_node,test,182,82,pubmed_node:test:000082:9277a69c2d4ff03f,0,4408.309373,4408.27783203125,4308.475332,99.337685,570.0711831450462,42.85923857241869,14.868587255477905,3481.291761621833,247.83020782470703,3230.273193359375,127,0,1,36,0,494.08061122894287,126.47088010236621,17.576800011098385,54.40297598019242,16.059551985003054,167.00652885437012,8.131903767585754,66.35311985015869,6.338655352592468,cache_w8a8_m4k2v2,large_h6_n32_s100,9277a69c2d4ff03f8056d1e05ddc06c45adfda05915b96d87c87ae3b3c74cca2,19.710079193115234,1741.229183346033,529.5208978652954,979.2331913411617,33292288,651264,651264,5418
pubmed_node,test,183,83,pubmed_node:test:000083:071e45b55714c11d,0,6979.730025,6979.6953125,6880.845024,98.331201,746.1800640448928,42.81690437346697,18.69713980704546,5841.22871235013,338.0661430358887,5499.254089355469,160,0,1,150,0,2059.780258178711,521.5635519931093,76.97075203526765,225.59135994501412,66.64486394729465,233.0772819519043,11.844896078109741,84.53315162658691,8.61081337928772,cache_w8a8_m4k2v2,large_h6_n32_s100,071e45b55714c11d0bcd950896db4631c3a3b31855a30badeedc11b54474f817,19.717119216918945,2189.095806658268,2207.7863330841064,1122.0890688300133,41943040,4386816,4386816,6804
pubmed_node,test,184,84,pubmed_node:test:000084:0aefa7b0f9ba4c89,0,4842.909454,4842.875,4743.092875,99.305382,693.9063211902976,42.84931533038616,15.912283211946487,3782.6226111501455,278.90060806274414,3500.35888671875,136,0,1,42,0,579.8739213943481,151.2943361606449,21.06854398176074,63.637215957045555,18.674399976618588,191.46416091918945,9.439711928367615,70.79648017883301,7.200255036354065,cache_w8a8_m4k2v2,large_h6_n32_s100,0aefa7b0f9ba4c893a74e0af95dd47238a3241485509059b50b447d877952138,19.776416778564453,1863.1200977563858,621.2433261871338,1035.7718795537949,35651584,847872,847872,5796
pubmed_node,test,185,85,pubmed_node:test:000085:44af8736f2ee842a,0,5470.268433,5470.2353515625,5371.546257,98.21063,751.580847427249,42.78377536684275,16.952678561210632,4379.395532421768,407.3906936645508,3968.4545288085938,144,0,1,48,0,869.9610872268677,167.59766398370266,23.651424009352922,284.59506910294294,21.27798397745937,305.8018913269043,16.006144046783447,75.08368015289307,10.49897813796997,cache_w8a8_m4k2v2,large_h6_n32_s100,44af8736f2ee842a9f6e8ed9db8c14cba727c01ed658a9651defd5b4f47aa5ec,19.703392028808594,1972.4175312519073,917.4248571395874,1098.3155324459076,37748736,1044480,1044480,6132
pubmed_node,test,186,86,pubmed_node:test:000086:9649de8f427ad633,0,3474.357473,3474.328369140625,3389.977824,83.971536,467.6903383806348,42.763796634972095,10.81002689898014,2726.9753329455853,185.26191902160645,2539.372802734375,91,0,1,42,0,577.9522218704224,147.36972787510604,20.54572799615562,64.6737280022353,18.721471983008087,126.41801643371582,6.119296073913574,47.91286325454712,4.811743259429932,cache_w8a8_m4k2v2,large_h6_n32_s100,9649de8f427ad6332dca216b73a896062b914fd87da811a84b39d2e948208f24,19.689695358276367,1252.5949418842793,619.2444162368774,687.2231399714947,23855104,847872,847872,3906
pubmed_node,test,187,87,pubmed_node:test:000087:5f2b558a627a92a4,0,5394.315414,5394.2822265625,5310.497128,83.28916,662.8411412239075,42.93517302721739,17.74855051189661,4377.189160324633,367.6224365234375,4005.9163208007812,148,0,1,60,0,823.5668172836304,209.63779213186353,30.49903998337686,90.93244802206755,26.541087966412306,267.01993560791016,13.616384267807007,77.44915103912354,9.536965608596802,cache_w8a8_m4k2v2,large_h6_n32_s100,5f2b558a627a92a4e289fe7898e752dfdb14fff338a7546a623f8c6c2f87f574,19.695392608642578,2027.0815978944302,882.8440990447998,1115.6860164701939,38797312,1437696,1437696,6300
pubmed_node,test,188,88,pubmed_node:test:000088:d8179ee3370e3fc4,0,4841.736192,4841.7041015625,4743.301121,97.947481,644.1483683884144,42.748224921524525,16.841341741383076,3850.5934253335,320.5029411315918,3526.5902099609375,141,0,1,36,0,492.303617477417,125.86316793691367,17.40527998097241,54.775231996551156,16.074111986905336,226.27337265014648,11.565343976020813,74.45964813232422,8.20457637310028,cache_w8a8_m4k2v2,large_h6_n32_s100,d8179ee3370e3fc4eb0560f5a30f626d7fd6cc39a2b8ae0e7ff98b7c00499e0e,19.71174430847168,1933.4846389889717,527.7044792175293,1085.1128360629082,36962304,651264,651264,6006
pubmed_node,test,189,89,pubmed_node:test:000089:dbe523de1d129d00,0,5246.476523,5246.44287109375,5146.720333,99.237633,667.5174254924059,42.81163401901722,18.17428320646286,4230.391284450889,436.8662338256836,3789.7693481445312,153,0,1,36,0,495.5450248718262,127.29628790915012,17.46211198437959,54.71094399690628,16.110879991203547,327.79241943359375,16.972256183624268,80.80899238586426,11.292565822601318,cache_w8a8_m4k2v2,large_h6_n32_s100,dbe523de1d129d00ecc0a0263440a30b5a0821c8a82ac6265bcc5f483f7bef56,19.684223175048828,2096.29798412323,531.213249206543,1181.9423379898071,40108032,651264,651264,6510
pubmed_node,test,190,90,pubmed_node:test:000090:0e1888bcce7e0a82,0,5036.500254,5036.4677734375,4936.633106,99.338754,617.5840133801103,43.79422776401043,16.10601879656315,4060.9672497957945,259.0431709289551,3798.538330078125,136,0,1,48,0,870.626711845398,169.0779839847237,23.915135973133147,73.33926394581795,21.446079982444644,173.0675506591797,8.455456018447876,70.96316909790039,6.556995153427124,cache_w8a8_m4k2v2,large_h6_n32_s100,0e1888bcce7e0a82b44d6f2511225808a9d77400d3313818c318961602b7d404,20.727455139160156,1863.916707098484,918.0837736129761,1037.265304505825,35651584,1044480,1044480,5796
pubmed_node,test,191,91,pubmed_node:test:000091:a43bc1cfe7ace57c,0,5208.282604,5208.248046875,5108.495439,99.255237,632.8787868842483,42.962185107171535,17.360801808536053,4198.722094297409,327.4809265136719,3867.635009765625,146,0,1,54,0,725.0301790237427,178.76988813187927,25.075935975648463,82.05679995380342,24.156063977628946,230.0920295715332,11.737343907356262,77.1790714263916,8.472481608390808,cache_w8a8_m4k2v2,large_h6_n32_s100,a43bc1cfe7ace57cd139bcad7a0ab6633f08f9bd44f0a0b81886662cc10a6b9d,19.69385528564453,2000.9447083175182,778.2003517150879,1108.1838050186634,38273024,1241088,1241088,6216
pubmed_node,test,192,92,pubmed_node:test:000092:b36484c475f00c92,0,5278.485084,5278.45263671875,5178.608083,99.250977,695.0789373368025,47.304666601121426,19.43231374025345,4232.362560927868,337.36937713623047,3891.2562866210938,151,0,1,48,0,635.8775691986084,154.16799992416054,21.749791980721056,72.79856004193425,21.79548799712211,236.8024673461914,12.034112215042114,79.94739151000977,8.585406064987183,cache_w8a8_m4k2v2,large_h6_n32_s100,b36484c475f00c9250a0cee15ea6c40058ece27eaea32833cfe127c27a9360c4,21.040447235107422,2070.505852639675,683.1068153381348,1158.6840658783913,39583744,1044480,1044480,6426
pubmed_node,test,193,93,pubmed_node:test:000093:c6a82e86e47bac14,0,5341.012939,5340.97998046875,5240.614689,99.642884,659.260518848896,42.50394646078348,17.76798814535141,4327.520615421236,319.66889572143555,4004.1826171875,149,0,1,60,0,798.8504314422607,195.473920003511,28.692159949801862,91.22153599746525,26.815231962129474,222.10636520385742,11.100224137306213,78.28438377380371,8.1779226064682,cache_w8a8_m4k2v2,large_h6_n32_s100,c6a82e86e47bac14f84b3d6a539532abed4ac545ffa45218d57795629d917b9c,19.40131187438965,2037.5900157690048,858.0980129241943,1127.8959003686905,39059456,1437696,1437696,6342
pubmed_node,test,194,94,pubmed_node:test:000094:27595849eae12cf5,0,6819.676166,6819.6396484375,6720.871401,98.231797,684.6269052475691,42.50694904476404,18.957821652293205,5768.217663280666,354.0398063659668,5410.2777099609375,160,0,1,132,0,1971.9715213775635,414.00540789961815,62.15270396694541,431.9091170337051,59.075039932504296,248.48812866210938,12.252448081970215,84.25398445129395,9.045245170593262,cache_w8a8_m4k2v2,large_h6_n32_s100,27595849eae12cf524861ce62cb215ae8857309cb9ffb1d2992b2472befc0dfe,19.411968231201172,2187.9088341891766,2102.112953186035,1139.667890816927,41943040,3796992,3796992,6804
pubmed_node,test,195,95,pubmed_node:test:000095:75f95245a584a86f,0,5165.335801,5165.30078125,5080.360515,84.457213,602.8884723782539,42.28220973163843,16.13449677824974,4238.975679501891,349.66197967529297,3885.9331665039062,136,0,1,72,0,961.381537437439,235.1200318010524,33.79203197360039,108.2732800617814,31.890463979914784,256.2756156921387,13.16812801361084,71.03347206115723,9.18476390838623,cache_w8a8_m4k2v2,large_h6_n32_s100,75f95245a584a86f50120a8e60408a975963499387e6aea3d34a8cb481684f98,19.392576217651367,1862.5930870771408,1032.4383039474487,1010.2943516969681,35651584,1830912,1830912,5796
pubmed_node,test,196,96,pubmed_node:test:000096:9cca7ad5bf77c4ae,0,4342.125013,4342.0927734375,4257.459997,84.17879,565.9505845978856,42.7549472078681,14.85871896147728,3479.069803841412,267.2886428833008,3208.6267700195312,126,0,1,36,0,496.3758735656738,128.1769600911066,17.22707199677825,54.505471935495734,16.163103995844722,185.02396774291992,9.223135948181152,66.17321586608887,6.86832332611084,cache_w8a8_m4k2v2,large_h6_n32_s100,9cca7ad5bf77c4aec96df7382a1a7eb9eec45b5e1faa27785028caf5a5d45f35,19.722368240356445,1728.1260782182217,531.8650245666504,968.3580354750156,33030144,651264,651264,5376
pubmed_node,test,197,97,pubmed_node:test:000097:fd300ec3bf295ee4,0,4387.30832,4387.27587890625,4287.241224,99.576227,573.308389633894,42.817301116883755,14.997829683125019,3475.37446860224,246.78226852416992,3225.4208984375,127,0,1,36,0,494.27529525756836,126.64787200186402,17.18048000242561,55.2039680108428,16.08665598463267,166.06800079345703,8.116352081298828,66.26255989074707,6.335355758666992,cache_w8a8_m4k2v2,large_h6_n32_s100,fd300ec3bf295ee4f29ff68b5748f3cbda5867a2448890adc456988ff858a286,19.786943435668945,1740.7635214924812,529.8540811538696,974.5902392268181,33292288,651264,651264,5418
pubmed_node,test,198,98,pubmed_node:test:000098:27de4e1c0f45adff,0,5340.672079,5340.63916015625,5241.848745,98.295095,639.7791523486376,42.86899324506521,18.2338934391737,4329.571133479476,411.9336624145508,3913.8914794921875,152,0,1,48,0,646.6946563720703,161.11740790028125,22.493567989207804,73.0699840374291,21.46287999022752,305.59478759765625,15.47324800491333,80.07462406158447,10.791002750396729,cache_w8a8_m4k2v2,large_h6_n32_s100,27de4e1c0f45adff8794c7ab70c9dfbf30ad39aeac66ed3a1aacb31b17f2af26,19.66476821899414,2079.3817611038685,693.9101753234863,1160.2643112838268,39845888,1044480,1044480,6468
pubmed_node,test,199,99,pubmed_node:test:000099:3a7e088e09e0daa5,0,4644.016527,4643.98388671875,4559.259785,84.262607,599.7483162209392,42.78865084052086,15.684455633163452,3732.514697127044,288.4965133666992,3440.6959838867188,133,0,1,42,0,576.3944311141968,147.53475213143975,20.35887999087572,64.12870405614376,18.835071976296604,200.63629150390625,9.980960011482239,70.4444808959961,7.434780955314636,cache_w8a8_m4k2v2,large_h6_n32_s100,3a7e088e09e0daa53991f7e02a0fb93b50badd7ad23ca27c2a68f54b9385e8c3,19.693344116210938,1824.737151414156,617.7248945236206,1017.9272820651531,34865152,847872,847872,5670
pubmed_node,val,0,0,pubmed_node:val:000000:90da514d7d497311,1,6949.445407,6949.3662109375,6821.679241,126.6788,495.85073348134756,397.25727681070566,20.068146288394928,5652.462677098811,319.8119659423828,5328.2767333984375,158,0,1,126,0,1833.059808731079,466.2239362541586,67.03068788256496,200.0075200907886,60.575424026697874,219.2784652709961,10.653119921684265,81.46671867370605,8.413662075996399,cache_w8a8_m4k2v2,large_h6_n32_s100,90da514d7d4973115751184481b31c6972a5237cdcdc5bfef95221c8dc7a4245,123.5647964477539,2177.4024973213673,1958.9360637664795,1315.5029687583447,41418752,3600384,3600384,6720
pubmed_node,val,1,1,pubmed_node:val:000001:dc999f53b8a1edeb,1,4199.522663,4199.474609375,4099.643086,99.353467,176.15583445876837,42.899404652416706,16.241184435784817,3678.3470204100013,345.0367965698242,3330.0775756835938,130,0,1,36,0,515.2313613891602,133.31590409670025,18.193343995139003,58.276223961263895,17.410016004927456,255.77257537841797,13.190079927444458,66.88300704956055,9.191134214401245,cache_w8a8_m4k2v2,large_h6_n32_s100,dc999f53b8a1edeb378b2ef52d564cef6314de793e69da17273ac1f59e57a603,19.6397762298584,1793.1127051711082,551.145504951477,1005.4591417908669,34078720,651264,651264,5544
pubmed_node,val,2,2,pubmed_node:val:000002:d5a9c855b9dd71b6,1,5481.258728,5481.20654296875,5382.040248,98.669426,178.53220272809267,43.07314194738865,19.240740686655045,4712.138203904033,425.2693405151367,4283.092224121094,154,0,1,66,0,954.9623708724976,248.89510383456945,34.95503996498883,106.46841602027416,31.95891201030463,318.18768310546875,16.15731191635132,79.72268772125244,11.201657772064209,cache_w8a8_m4k2v2,large_h6_n32_s100,d5a9c855b9dd71b6805ddf5c3bea820e20278eed6ff59ac689a55ebac84ed0a4,19.61836814880371,2118.767198294401,1020.6504602432251,1163.2929337322712,40370176,1580544,1580544,6552
pubmed_node,val,3,3,pubmed_node:val:000003:b899c56d2ed41389,1,5433.155822,5433.10302734375,5334.43285,98.188137,173.08731842786074,42.64587350189686,19.154255278408527,4893.827402964234,466.87120056152344,4423.218322753906,153,0,1,78,0,1114.6369934082031,284.25984015874565,41.96297598257661,124.24835197627544,36.75203201547265,356.3163528442383,18.32550358772278,79.80777549743652,12.421568632125854,cache_w8a8_m4k2v2,large_h6_n32_s100,b899c56d2ed4138984204273d864d4a3aa373d21826a5ceac368b796115fd9b5,19.58723258972168,2105.0853747725487,1192.2740173339844,1145.4461632370949,40108032,2027520,2027520,6510
pubmed_node,val,4,4,pubmed_node:val:000004:6cb983368e8944b3,1,3931.964878,3931.9189453125,3847.405107,84.088597,138.70200514793396,42.60776098817587,15.393892303109169,3471.530291251838,269.56374740600586,3198.8709716796875,124,0,1,36,0,514.4633274078369,133.76547211129218,18.24691196437925,58.14054396003485,17.42857598606497,188.4617919921875,9.456160068511963,64.64175987243652,7.004035472869873,cache_w8a8_m4k2v2,large_h6_n32_s100,6cb983368e8944b30bc924eb4020a30d5065fb01b2ef5c02b199be64bf33e9b1,19.534048080444336,1709.502719014883,550.2147855758667,958.6875151693821,32505856,651264,651264,5292
pubmed_node,val,5,5,pubmed_node:val:000005:bfcf4d1c730efc30,1,4189.072036,4189.0234375,4090.592438,97.878982,146.1998987942934,42.46705491095781,16.56091772019863,3680.258327163756,286.327392578125,3390.6405639648438,133,0,1,36,0,515.7253456115723,134.16707197204232,18.151999976485968,58.39292788505554,17.16275198198855,199.08342361450195,9.970303893089294,69.83932781219482,7.434337258338928,cache_w8a8_m4k2v2,large_h6_n32_s100,bfcf4d1c730efc304e239cb3af970903a2e266ed3f27e2d7282fbc532a6e8aae,19.559295654296875,1831.7814365327358,551.5334091186523,1026.8850139677525,34865152,651264,651264,5670
pubmed_node,val,6,6,pubmed_node:val:000006:9c0999ea8cda173f,1,4510.109864,4510.05908203125,4411.90279,97.702685,160.27006413787603,42.293244041502476,17.991811968386173,3963.436145335436,325.5814094543457,3634.3047485351562,145,0,1,36,0,502.3551034927368,127.22441596072167,17.36179198510945,58.28822402656078,17.321503988467157,230.18019485473633,11.424383878707886,75.4593915939331,8.517439126968384,cache_w8a8_m4k2v2,large_h6_n32_s100,9c0999ea8cda173fec529e4284200f02956108daa6e32d52ecc7a84cfc520f61,19.45961570739746,1995.6208326220512,538.0030403137207,1120.1404913067818,38010880,651264,651264,6174
pubmed_node,val,7,7,pubmed_node:val:000007:73fad7735cbb80c8,1,4358.074054,4358.0244140625,4259.632983,97.941367,346.3409226387739,42.390947230160236,15.838420018553734,3668.5072230175138,345.8809928894043,3319.3943481445312,130,0,1,36,0,508.8054733276367,130.97676801960915,17.818207991309464,58.33897602185607,16.86934400256723,256.29036712646484,13.210432052612305,67.26265621185303,9.117537498474121,cache_w8a8_m4k2v2,large_h6_n32_s100,73fad7735cbb80c8a27061dccc86e00763f7fc61a27c9a99f9f695000dca738e,19.341920852661133,1792.1175364255905,544.4180135726929,1002.200718998909,34078720,651264,651264,5544
pubmed_node,val,8,8,pubmed_node:val:000008:c8433754e7285bf8,1,4712.346243,4712.29345703125,4612.584357,99.223765,164.99941796064377,42.68431290984154,18.39491818100214,4160.900576040149,315.403133392334,3841.8032836914062,151,0,1,42,0,582.3415975570679,146.00380816310644,20.039775975979865,67.69475205987692,19.690144007094204,216.84678649902344,10.924960017204285,79.52627182006836,8.105115056037903,cache_w8a8_m4k2v2,large_h6_n32_s100,c8433754e7285bf8a4c032f59fe4a9d0c1870a00101332edbe9c95cf3b933ab8,19.607711791992188,2077.8068175911903,623.8664960861206,1159.7376818060875,39583744,847872,847872,6426
pubmed_node,val,9,9,pubmed_node:val:000009:3eb9ea5887ef7585,1,3945.173315,3945.12548828125,3847.099493,97.645942,133.4111737087369,41.92172270268202,15.212196856737137,3471.1121153086424,269.1815376281738,3198.820068359375,125,0,1,36,0,496.69865703582764,124.27305584866554,16.643775979988277,58.0732800103724,16.88076800853014,187.30822372436523,9.358272075653076,65.49465656280518,7.020385265350342,cache_w8a8_m4k2v2,large_h6_n32_s100,3eb9ea5887ef758544ad93510b261e3883f98785fa7977333e5c9b3b495a4012,19.181568145751953,1724.014626353979,532.3359975814819,961.6510125696659,32768000,651264,651264,5334
pubmed_node,val,10,10,pubmed_node:val:000010:5cb00ee23662f02d,1,5670.413766,5670.35302734375,5571.746505,98.198928,143.31293106079102,42.13543701916933,16.074844636023045,5183.142822235823,282.13209533691406,4897.72216796875,132,0,1,150,0,2043.0348453521729,489.38342421036214,72.39667199738324,242.70220800116658,71.77334403991699,195.64451217651367,9.894720077514648,69.31839942932129,7.274463653564453,cache_w8a8_m4k2v2,large_h6_n32_s100,5cb00ee23662f02d38fa2699f19d1846513df6d5ac75f0ae1676a446bb37bf47,19.305503845214844,1816.995584309101,2192.2169256210327,907.815161883831,34603008,4386816,4386816,5628
pubmed_node,val,11,11,pubmed_node:val:000011:2eadcea45e1dd3ec,1,4833.779499,4833.71923828125,4733.228881,99.92525,164.08559773117304,42.53972601145506,18.202558159828186,4289.259818382561,320.7554512023926,3964.915771484375,146,0,1,42,0,808.2859878540039,157.8088964149356,21.723327975720167,280.71647971123457,20.36934402771294,224.68041229248047,11.350080013275146,76.5165433883667,8.208415508270264,cache_w8a8_m4k2v2,large_h6_n32_s100,2eadcea45e1dd3ec849bab3eb77700f3c88b4aee3d61ffe8d61376c8aaf05e6a,19.514848709106445,2008.19932949543,850.2647314071655,1125.966559290886,38273024,847872,847872,6216
pubmed_node,val,12,12,pubmed_node:val:000012:1788defb14873a9a,1,4955.252163,4955.1923828125,4854.791613,99.839367,174.25562161952257,42.47318208217621,19.21663712710142,4420.185396447778,413.7696075439453,4002.640380859375,154,0,1,48,0,674.8408651351929,172.95884789340198,23.965856009162962,80.23465598002076,23.331712022423744,307.00114822387695,15.519455909729004,80.46352005004883,10.785483360290527,cache_w8a8_m4k2v2,large_h6_n32_s100,1788defb14873a9a1d2d053162495956e88865ab1ef5598fd3ba178d8afa1c57,19.501216888427734,2116.2542110979557,722.926495552063,1182.960891097784,40370176,1044480,1044480,6552
pubmed_node,val,13,13,pubmed_node:val:000013:3ae2f12db55cd760,1,4032.568155,4032.516845703125,3932.859933,99.222584,148.21601379662752,42.1749847009778,16.57444890588522,3548.358963802457,284.39331436157227,3260.69677734375,127,0,1,36,0,512.9784622192383,133.0386559749022,18.170047973282635,57.734879959374666,17.03369600418955,200.70873260498047,10.112191915512085,66.12825679779053,7.444133043289185,cache_w8a8_m4k2v2,large_h6_n32_s100,3ae2f12db55cd7609e76087ad22248e1c257e5f697615138fa2257142b9bd72a,19.2508487701416,1750.9985619783401,548.6554880142212,980.2935761213303,33292288,651264,651264,5418
pubmed_node,val,14,14,pubmed_node:val:000014:66da69774fbdb56c,1,3062.123336,3062.0771484375,2977.889694,83.833188,102.30152122676373,42.49539319425821,11.478272266685963,2682.982592843473,173.62774658203125,2506.9815368652344,92,0,1,36,0,513.2743988037109,133.81331210024655,18.25295998621732,57.3801600150764,16.94611199758947,116.41430282592773,5.584384024143219,47.14899206161499,4.480067670345306,cache_w8a8_m4k2v2,large_h6_n32_s100,66da69774fbdb56ce912c9525ac19ada38ef986b23d12bb1e054f9859b5704ce,19.522815704345703,1273.0905914008617,548.9506244659424,704.463136702776,24117248,651264,651264,3948
pubmed_node,val,15,15,pubmed_node:val:000015:f0751855e6e41c67,1,3414.732759,3414.68408203125,3330.397687,83.910011,119.188048876822,42.50563494861126,13.239949941635132,3018.0826149880886,204.18633651733398,2811.2106018066406,106,0,1,36,0,516.2808313369751,134.42943996470422,18.22716799378395,58.04873602837324,17.001055997796357,137.73782539367676,6.651039958000183,54.54640007019043,5.251071095466614,cache_w8a8_m4k2v2,large_h6_n32_s100,f0751855e6e41c672f5d0afc7b6d20b09a9a224215d1a785c1b8e591b081839a,19.549728393554688,1464.0345906615257,552.1189136505127,814.6068258881569,27787264,651264,651264,4536
pubmed_node,val,16,16,pubmed_node:val:000016:3ed1c74e3ebb07b0,1,4652.281633,4652.224609375,4552.684569,99.128018,163.82363624870777,42.3015346750617,18.426895141601562,4145.767323672771,429.1329574584961,3713.0089111328125,148,0,1,36,0,512.1367387771606,133.6152640869841,18.208479986526072,57.50905605778098,16.898880004882812,323.9107856750488,16.740607976913452,77.27897644042969,11.202587366104126,cache_w8a8_m4k2v2,large_h6_n32_s100,3ed1c74e3ebb07b09e43ce0aee18a6ccdd6f5a54d4971bcec6e8719e2691fa2d,19.465503692626953,2039.4929611384869,547.7805442810059,1145.2009094059467,38797312,651264,651264,6300
pubmed_node,val,17,17,pubmed_node:val:000017:bd15b31a2fd7cc0f,1,4022.004524,4021.951171875,3922.361181,99.18247,132.5366860255599,42.49471519142389,14.836606569588184,3565.207716077566,261.54898834228516,3300.6638793945312,119,0,1,36,0,516.3171510696411,133.94947207719088,18.507263984531164,57.966591976583004,17.148352010175586,182.60534286499023,9.064288020133972,63.10067176818848,6.778685688972473,cache_w8a8_m4k2v2,large_h6_n32_s100,bd15b31a2fd7cc0f0f6139fcf0c3ca72dd1fecb045bed3ad559096622394b21a,19.525056838989258,1641.3030700683594,552.1637725830078,1126.7220935821533,31195136,651264,651264,5082
pubmed_node,val,18,18,pubmed_node:val:000018:c586742935157694,1,3337.441498,3337.3935546875,3238.518748,98.434867,114.63675368577242,42.345999740064144,12.759407982230186,2916.960538364947,199.2220115661621,2715.1475524902344,102,0,1,36,0,500.27363204956055,130.64451186917722,17.70601601526141,60.46752005070448,18.223200004547834,134.79673385620117,6.5154560804367065,52.76480007171631,5.145021557807922,cache_w8a8_m4k2v2,large_h6_n32_s100,c586742935157694f32278cfbc24c426199a5ed4fd95c5b7ede3009f331b28eb,19.476287841796875,1410.0070680081844,536.4954872131348,788.121285110712,26738688,651264,651264,4368
pubmed_node,val,19,19,pubmed_node:val:000019:98e9b39b73bf0974,1,5101.152861,5101.0908203125,5001.228312,99.30765,176.0327322408557,42.51718055456877,19.05982568860054,4550.523060373962,304.23440170288086,4242.541809082031,153,0,1,66,0,935.2722911834717,238.2904961500317,34.57689600624144,106.118303950876,31.986144020222127,205.56832122802734,10.155967950820923,80.78191947937012,7.728193044662476,cache_w8a8_m4k2v2,large_h6_n32_s100,98e9b39b73bf097400a0f3c256f1cca598222ba4cd60ce52820ebc7897e4d5cb,19.529600143432617,2105.471776664257,1000.829023361206,1155.7706092000008,40108032,1634304,1634304,6510
pubmed_node,val,20,20,pubmed_node:val:000020:bf1b004b79edc11e,1,3982.662053,3982.609130859375,3884.292735,97.864641,141.0469999536872,42.43629053235054,15.65776951611042,3500.2915244549513,255.74502182006836,3241.4054565429688,126,0,1,36,0,513.6119375228882,133.71151997707784,18.135263981297612,57.65311988070607,16.90134399663657,174.4960651397705,8.616544008255005,66.06364822387695,6.5687644481658936,cache_w8a8_m4k2v2,large_h6_n32_s100,bf1b004b79edc11e332406daf821c0a784e4d9edd5a05b447ba4d9270a39f35c,19.601728439331055,1738.229821383953,549.3071699142456,973.4701936841011,33030144,651264,651264,5376
pubmed_node,val,21,21,pubmed_node:val:000021:7fa5c3c5999e3949,1,4868.116188,4868.0546875,4767.818972,99.714645,165.04158359020948,42.33150742948055,18.725749105215073,4354.730342514813,420.68731689453125,3930.339599609375,151,0,1,48,0,665.8306550979614,170.8827840713784,23.698111979290843,79.84051201120019,23.72896003164351,313.4915237426758,16.34179186820984,79.90377616882324,10.950225114822388,cache_w8a8_m4k2v2,large_h6_n32_s100,7fa5c3c5999e3949085af06980d6a4430e476a7003de0c05f1cf88596e92d0a5,19.456575393676758,2075.9174076020718,713.575553894043,1160.303213506937,39583744,1044480,1044480,6426
pubmed_node,val,22,22,pubmed_node:val:000022:a10839173b37d3e8,1,4247.307452,4247.24951171875,4163.471657,83.268195,170.5753654241562,41.967677883803844,18.912894651293755,3753.9108684286475,269.45881271362305,3481.3402099609375,124,0,1,36,0,811.1973304748535,128.5511999577284,17.24748798739165,378.5082035921514,17.911552025936544,188.11142539978027,9.425119996070862,64.90787315368652,7.014394164085388,cache_w8a8_m4k2v2,large_h6_n32_s100,a10839173b37d3e868be841b6d0f27bd2d910b6cb84bf71e1f041211680112b7,19.144287109375,1696.0127664506435,847.0558986663818,957.4158319532871,32505856,651264,651264,5292
pubmed_node,val,23,23,pubmed_node:val:000023:d3a53bb345d5ec4a,1,4435.423977,4435.3671875,4335.702797,99.204291,179.05607260763645,42.34122205525637,18.655269406735897,3925.5806831642985,358.8724136352539,3563.106201171875,142,0,1,36,0,514.7273607254028,134.0107523119077,18.03126398101449,58.97299202904105,17.0016000084579,261.70351791381836,13.347584009170532,74.51411247253418,9.307199239730835,cache_w8a8_m4k2v2,large_h6_n32_s100,d3a53bb345d5ec4a5feb3e35bbe8020e20289e986e59e7edeeca00fa332b3f6c,19.256288528442383,1940.6787499189377,550.4501762390137,1091.233563542366,37224448,651264,651264,6048
pubmed_node,val,24,24,pubmed_node:val:000024:2a55de8c0484f54f,1,4218.968196,4218.912109375,4118.69329,99.717267,146.1284589022398,42.12996643036604,16.393505968153477,3722.2918709740043,286.05657958984375,3432.956787109375,132,0,1,42,0,594.1020803451538,153.54745597206056,21.153983982279897,69.10828801989555,20.187296014279127,199.08198165893555,10.045215964317322,69.47475242614746,7.45462954044342,cache_w8a8_m4k2v2,large_h6_n32_s100,2a55de8c0484f54f333df92b9e14b2e1c89000890e23915d80955e0bd51e357c,19.42255973815918,1805.9187524914742,635.7434883117676,1010.7171060442924,34603008,847872,847872,5628
pubmed_node,val,25,25,pubmed_node:val:000025:5070ff02b2831775,1,3991.951114,3991.896240234375,3893.407308,98.052873,145.17344534397125,41.814337484538555,16.422130167484283,3520.189132541418,272.81314849853516,3244.1182861328125,127,0,1,36,0,513.9034910202026,133.85616000089794,18.15247998200357,57.626239974051714,16.902368017472327,190.0902099609375,9.509184122085571,66.12195205688477,7.091802358627319,cache_w8a8_m4k2v2,large_h6_n32_s100,5070ff02b2831775f7c4fdf4531bb7d0373ce597cf6d152a649f4f508bc5ba33,19.129472732543945,1737.9631994366646,549.396354675293,975.8882047533989,33292288,651264,651264,5418
pubmed_node,val,26,26,pubmed_node:val:000026:885c9a7d4174674c,1,4446.534268,4446.4765625,4347.064478,98.966677,157.45778288692236,42.23741590976715,17.567437142133713,3950.572734698653,403.08780670166016,3544.01220703125,141,0,1,36,0,513.1381149291992,132.81513592693955,18.083648001775146,58.34393598511815,17.295200019143522,302.7276153564453,15.490528106689453,74.438401222229,10.431262016296387,cache_w8a8_m4k2v2,large_h6_n32_s100,885c9a7d4174674cfab34ac73ccc785c6d79173447330a08c079df080ad982ca,19.440383911132812,1930.130496352911,548.635425567627,1084.6866690218449,36962304,651264,651264,6006
pubmed_node,val,27,27,pubmed_node:val:000027:ad4aba8144842828,1,3978.717945,3978.66357421875,3879.296373,98.969186,140.6694008037448,42.0248219743371,15.758580528199673,3519.1214587539434,272.8181800842285,3243.1498413085938,127,0,1,36,0,513.9667530059814,133.86608017235994,18.18332798872143,58.191680029034615,16.96963199507445,190.03171348571777,9.465183973312378,66.23167991638184,7.089602708816528,cache_w8a8_m4k2v2,large_h6_n32_s100,ad4aba81448428285942c1719a5e5cc512830c0d2585c286e62c56f32cecb67c,19.34934425354004,1737.5055027902126,549.5282230377197,975.4654597342014,33292288,651264,651264,5418
pubmed_node,val,28,28,pubmed_node:val:000028:3d91c9f8ead67db3,1,4502.290091,4502.23095703125,4402.738614,99.064678,149.92598723620176,42.154936119914055,17.06832181662321,3983.106571249664,301.391300201416,3678.329345703125,137,0,1,36,0,736.5507593154907,134.59350414015353,18.019295995123684,57.955392085015774,17.018815997987986,210.8519401550293,10.600607872009277,72.14892768859863,7.789824485778809,cache_w8a8_m4k2v2,large_h6_n32_s100,3d91c9f8ead67db341e2cce801cea8cbe1cb1d7623ea02cfc6ce93466ca4ae84,19.402240753173828,1873.1749103665352,772.1825313568115,1052.3741447329521,35913728,651264,651264,5838
pubmed_node,val,29,29,pubmed_node:val:000029:03f83dd4da512183,1,4265.904818,4265.84814453125,4167.590157,97.858822,147.0741117373109,42.22429171204567,16.529672779142857,3755.038366653025,295.1439323425293,3456.6064453125,133,0,1,42,0,599.2049608230591,154.75683206506073,21.899167984724045,67.43731194734573,19.74639999680221,206.84076690673828,10.367103815078735,70.2762565612793,7.659805059432983,cache_w8a8_m4k2v2,large_h6_n32_s100,03f83dd4da512183ae57c77bcf096e47da6d6c26178b54ec85fe60c6294d0cd3,19.51785659790039,1818.9641632437706,640.6325435638428,1016.527595102787,34865152,847872,847872,5670
pubmed_node,val,30,30,pubmed_node:val:000030:b89ec93803416530,1,5118.028115,5117.96533203125,5018.42601,99.135926,191.51180237531662,42.724971659481525,22.204269655048847,4553.6493780091405,318.7530937194824,4231.263000488281,147,0,1,78,0,1070.6166372299194,266.4842882314697,39.20889599714428,129.00383995473385,38.03868803475052,222.3276481628418,11.191295981407166,77.06643199920654,8.167717576026917,cache_w8a8_m4k2v2,large_h6_n32_s100,b89ec938034165309eebc4b81a818dcf6e1faa483c539e9eeba571f6c6cf5562,19.4006404876709,2008.4711019098759,1147.9270105361938,1094.2655285298824,38535168,2027520,2027520,6258
pubmed_node,val,31,31,pubmed_node:val:000031:0576bc857275dc49,1,5825.569408,5825.50048828125,5726.99527,98.049339,173.79358783364296,42.323244735598564,19.470292143523693,5277.315528132021,369.70396423339844,4903.777526855469,157,0,1,108,0,1534.2326707839966,389.13222402334213,57.413919978775084,174.4537600763142,51.148480030708015,265.2529945373535,13.083679676055908,81.85430431365967,9.512985706329346,cache_w8a8_m4k2v2,large_h6_n32_s100,0576bc857275dc49654757d107566a65b7a587120e66537543dfb2708d9cc3fc,19.528095245361328,2142.670109063387,1641.0808963775635,1139.5546166598797,41156608,3010560,3010560,6678
pubmed_node,val,32,32,pubmed_node:val:000032:03d0149b4d261d5d,1,3770.492387,3770.437744140625,3670.960439,99.083244,132.1524241939187,42.54778102040291,14.864080585539341,3320.152628235519,246.87734603881836,3070.2826232910156,119,0,1,36,0,512.6160306930542,132.49760009720922,18.011871995404363,58.22723200917244,16.815328006632626,169.04396629333496,8.314079999923706,63.14217567443848,6.377124071121216,cache_w8a8_m4k2v2,large_h6_n32_s100,03d0149b4d261d5d6cebbb5283b5f3318df7d1a501a4c27dd9de49159e4b32ae,19.567840576171875,1629.8103994727135,548.0401601791382,911.9999042153358,31195136,651264,651264,5082
pubmed_node,val,33,33,pubmed_node:val:000033:8fcc56881b5f3a87,1,4193.057733,4193.0009765625,4093.638319,98.960443,372.1860144287348,42.597985826432705,15.729634091258049,3479.799904860556,254.46128463745117,3222.1817016601562,126,0,1,36,0,513.0744028091431,133.30566383711994,18.21110398042947,58.11782394349575,17.24137599952519,173.54905891418457,8.434143900871277,65.88249588012695,6.595585942268372,cache_w8a8_m4k2v2,large_h6_n32_s100,8fcc56881b5f3a875f1a2d62402fe98148bf55746ef2d555f68cbe751c470b10,19.57414436340332,1724.9481562376022,548.5473613739014,968.260328412056,33030144,651264,651264,5376
pubmed_node,val,34,34,pubmed_node:val:000034:4a476e798942a5b9,1,5205.997323,5205.93408203125,5106.087327,99.333334,161.99945658445358,42.580499313771725,18.15632078796625,4670.3805876895785,332.90505599975586,4333.874572753906,146,0,1,84,0,1201.7707872390747,306.36566391400993,44.545407969504595,134.73833603039384,39.484735989011824,235.7703094482422,11.804703950881958,76.76038455963135,8.569658041000366,cache_w8a8_m4k2v2,large_h6_n32_s100,4a476e798942a5b957d569764332dea9601c53b0a697f000c9132212cade1633,19.597951889038086,1993.728159546852,1284.9725399017334,1074.7718251943588,38273024,2224128,2224128,6216
pubmed_node,val,35,35,pubmed_node:val:000035:309d3158121d10ec,1,4518.69974,4518.640625,4420.221567,97.981133,160.66510416567326,42.52737946808338,17.753765918314457,4034.365880303085,445.0498504638672,3585.7951049804688,143,0,1,36,0,514.2051210403442,133.62745592277497,18.0979519803077,58.475903905928135,17.0075199957937,341.24518966674805,17.316735982894897,74.78927898406982,11.698645830154419,cache_w8a8_m4k2v2,large_h6_n32_s100,309d3158121d10ec82107315d715c0d0f5076c9cc56ebcf982e675480fbb39df,19.56732749938965,1955.144672960043,549.6675491333008,1100.5502103865147,37486592,651264,651264,6090
pubmed_node,val,36,36,pubmed_node:val:000036:fb889eb96d5d156b,1,4012.959712,4012.904541015625,3913.4862,99.000193,141.3625255227089,42.419278994202614,15.938140451908112,3541.383338160813,274.1077766418457,3264.0916137695312,128,0,1,36,0,514.2466268539429,133.97798400651664,18.085759986191988,58.16323199123144,17.033248004503548,190.9164161682129,9.500095963478088,66.5501766204834,7.141087889671326,cache_w8a8_m4k2v2,large_h6_n32_s100,fb889eb96d5d156b1860a275b042dfdae26350bb5b48dbdee752274ea4d9a1f4,19.562496185302734,1750.8518768548965,549.8648014068604,982.9374316930771,33554432,651264,651264,5460
pubmed_node,val,37,37,pubmed_node:val:000037:981f674e904f2b02,1,6805.705548,6805.62939453125,6705.875897,99.161969,168.77953801304102,42.28966310620308,19.07715853303671,6239.742555655539,324.53125762939453,5911.460205078125,153,0,1,174,0,2618.480550765991,592.6980159319937,303.9375391509384,288.0574079193175,84.68745605833828,224.25506973266602,11.297663927078247,80.71833515167236,8.260188817977905,cache_w8a8_m4k2v2,large_h6_n32_s100,981f674e904f2b027b39ed210e8c12d69f581dc5068c2b9d13be80b75e60e359,19.526880264282227,2088.527327299118,2791.236392021179,1051.22336602211,40108032,5173248,5173248,6510
pubmed_node,val,38,38,pubmed_node:val:000038:b2e6372b71a838dc,1,4013.484162,4013.423583984375,3913.795039,99.186403,144.3207822740078,42.41269547492266,15.921107493340969,3532.413002103567,284.84281158447266,3244.4107055664062,127,0,1,36,0,514.6547832489014,133.53465603291988,18.230047995224595,58.2945600412786,16.95705601479858,200.79583740234375,10.134719967842102,66.44934463500977,7.462909579277039,cache_w8a8_m4k2v2,large_h6_n32_s100,b2e6372b71a838dcd6f02bbc8555cb73a30761a595e13162c5d8b990b13a467d,19.596128463745117,1738.5691529512405,550.360577583313,975.0771034955978,33292288,651264,651264,5418
pubmed_node,val,39,39,pubmed_node:val:000039:6d37c1f5d1d707fb,1,6503.077267,6503.00439453125,6402.88482,99.588611,168.8444735482335,42.31649171561003,19.061350263655186,5943.836055696011,324.99603271484375,5615.079895019531,153,0,1,174,0,2325.1799364089966,558.1127041867003,83.00310399848968,291.26223995164037,85.72505608573556,224.57263565063477,11.393183946609497,80.74860668182373,8.281606435775757,cache_w8a8_m4k2v2,large_h6_n32_s100,6d37c1f5d1d707fbfdca66b883f4835b31fb39560f4a0a9a611cb24c362b286a,19.503807067871094,2089.02610963583,2497.250597000122,1048.3069954514503,40108032,5173248,5173248,6510
pubmed_node,val,40,40,pubmed_node:val:000040:5a42f77dcacce4f2,1,3453.631392,3453.573974609375,3354.893601,98.260064,113.79975639283657,44.41354889422655,14.727759175002575,3028.5221384838223,186.39497566223145,2839.4906005859375,98,0,1,36,0,728.7515573501587,134.04227195400745,18.183903988450766,269.7115457318723,17.044927990064025,124.7143383026123,5.987551987171173,50.899200439453125,4.7938849329948425,cache_w8a8_m4k2v2,large_h6_n32_s100,5a42f77dcacce4f22d807854c7f86896c7be9386c4b98234c1c6f4b64c50167b,19.32044792175293,1345.0900131762028,764.2649669647217,749.456068366766,25690112,651264,651264,4200
pubmed_node,val,41,41,pubmed_node:val:000041:0493282c3c766898,1,6675.715961,6675.64208984375,6574.704797,99.966206,171.02072481065989,42.40319970995188,19.432839937508106,6096.2537145242095,352.6339797973633,5739.7889404296875,156,0,1,174,0,2380.104257583618,583.3066563168541,87.62153593823314,288.1061119735241,85.7513920655474,248.6770896911621,12.794463872909546,82.06719970703125,9.095226526260376,cache_w8a8_m4k2v2,large_h6_n32_s100,0493282c3c76689849e93b4fdd00487424b863991c764f5aff119764e10da113,19.53398323059082,2129.590626657009,2552.7680311203003,1076.964265882969,40894464,5173248,5173248,6636
pubmed_node,val,42,42,pubmed_node:val:000042:dece42b23f5ab8c1,1,4395.559579,4395.49951171875,4295.987918,99.064109,157.63979870826006,42.57476516067982,17.224946059286594,3875.2937698736787,369.0095977783203,3502.857177734375,139,0,1,36,0,513.5459852218628,134.18614409398288,18.00748796854168,57.39926395192742,16.93001600448042,271.94412994384766,13.930591821670532,73.46767997741699,9.667196035385132,cache_w8a8_m4k2v2,large_h6_n32_s100,dece42b23f5ab8c18a0b3d9f728949e8e86a5b260c4d4d30da143a076a03c908,19.58755111694336,1902.7400956749916,549.2475204467773,1070.4571127295494,36438016,651264,651264,5922
pubmed_node,val,43,43,pubmed_node:val:000043:ad2eb70e42589805,1,3251.741906,3251.693115234375,3152.969362,98.252908,134.74389538168907,42.70865861326456,12.64431606978178,2819.459840655327,186.41651153564453,2630.5393676757812,98,0,1,36,0,520.737343788147,135.80758409574628,18.330303981900215,60.96294406056404,16.966783984564245,124.70076751708984,5.992896020412445,50.93206310272217,4.7907848954200745,cache_w8a8_m4k2v2,large_h6_n32_s100,ad2eb70e425898059bafd39c555e19504a635d1fe4a1bb266151a845e0ea2528,19.530847549438477,1345.235070258379,556.3112630844116,748.5238818824291,25690112,651264,651264,4200
pubmed_node,val,44,44,pubmed_node:val:000044:54785f8faebd606c,1,6856.420185,6856.3466796875,6755.717843,100.04559,180.89330568909645,42.42462944239378,19.057071767747402,6278.590142726898,325.7454414367676,5949.069091796875,153,0,1,174,0,2652.8297052383423,598.7513602701947,333.32639786135405,285.8384000658989,84.72185599990189,225.28678131103516,11.3783358335495,80.78134346008301,8.298980832099915,cache_w8a8_m4k2v2,large_h6_n32_s100,54785f8faebd606ceb512a12455432d412fc5024da2ed15f219a830ed6869bfb,19.5032958984375,2092.199615240097,2825.4632568359375,1050.909515619278,40108032,5173248,5173248,6510
pubmed_node,val,45,45,pubmed_node:val:000045:e9055cd27b9aef3e,1,4742.095086,4742.03125,4639.818409,101.609182,164.32835161685944,42.57915075868368,21.208781749010086,4222.2724771127105,306.9561233520508,3911.8514404296875,140,0,1,66,0,895.9374399185181,222.00377565436065,31.774240013211966,112.24412804841995,35.1685760691762,214.6278419494629,10.84988796710968,73.56009578704834,7.918297648429871,cache_w8a8_m4k2v2,large_h6_n32_s100,e9055cd27b9aef3ed7e54152eff66d0bc75f4b0feecc6e2f55e01836629508f3,19.422815322875977,1913.4212834835052,961.8177938461304,1056.0351784229279,36700160,1634304,1634304,5964
pubmed_node,val,46,46,pubmed_node:val:000046:6c9377f0adca3b15,1,4297.179906,4297.12353515625,4196.622108,99.921082,158.41783583164215,42.91741922497749,21.092383190989494,3754.725990816951,302.6602592468262,3448.666259765625,137,0,1,36,0,493.313437461853,128.3058560276404,17.327199986204505,61.205440036952496,17.84192002005875,211.69903945922852,10.669055938720703,72.4994888305664,7.792675018310547,cache_w8a8_m4k2v2,large_h6_n32_s100,6c9377f0adca3b153f44525e6b787131db867b943bbe5a4dddb52b9c35c9cfcd,19.353696823120117,1874.9792642593384,529.0572500228882,1063.9834423065186,35913728,651264,651264,5838
pubmed_node,val,47,47,pubmed_node:val:000047:617c9bcb7e665f9b,1,3217.443373,3217.395263671875,3118.2348,98.65523,113.83382137864828,42.23454371094704,14.815456233918667,2801.522918045521,186.12720108032227,2612.8729858398438,98,0,1,36,0,496.9339847564697,128.95702386740595,17.90380799677223,61.0131839774549,17.929216023534536,124.47907066345215,5.982976019382477,50.8865270614624,4.778627336025238,cache_w8a8_m4k2v2,large_h6_n32_s100,617c9bcb7e665f9ba60f95c2a718d03a03553227e49324fb3765176d3f98db26,19.256704330444336,1345.5696010887623,532.6229763031006,753.9371127784252,25690112,651264,651264,4200
pubmed_node,val,48,48,pubmed_node:val:000048:e8ca59b7046f9d3f,1,7948.843706,7948.76220703125,7848.388553,99.757371,191.14849157631397,43.426914140582085,25.00725444406271,7380.060281604528,520.9229888916016,6855.0792236328125,166,0,1,216,0,3281.311547279358,693.7415042361245,424.87596522737294,362.879168022424,107.07184013631195,399.61151123046875,20.26953625679016,87.61532783508301,13.426613569259644,cache_w8a8_m4k2v2,large_h6_n32_s100,e8ca59b7046f9d3f53551654a513deb70b3893ae1770938a7e92b1b2cb3d450d,19.152320861816406,2264.383265554905,3495.799768447876,1114.048510491848,43515904,6549504,6549504,7056
pubmed_node,val,49,49,pubmed_node:val:000049:7b8fbd3ff2460d39,1,3334.140538,3334.0830078125,3233.780746,99.769796,120.50832062959671,42.50666871666908,15.209744684398174,2898.7534046173096,199.53007888793945,2696.6205139160156,102,0,1,36,0,495.66815853118896,128.05251214373857,17.652192001231015,61.577247988432646,17.920544009655714,135.03788948059082,6.516511797904968,52.83388805389404,5.141789555549622,cache_w8a8_m4k2v2,large_h6_n32_s100,7b8fbd3ff2460d39ac4161d215a855e0034a86bf6bf38be62aded1aefbc5bdb2,19.35353660583496,1399.8904005289078,531.3596134185791,784.7240365743637,26738688,651264,651264,4368
pubmed_node,val,50,50,pubmed_node:val:000050:09c212ce9ff12bc8,1,3498.978014,3498.928466796875,3398.567476,99.829233,124.12589974701405,41.82511102408171,16.29786379635334,3068.5295471921563,213.6774444580078,2852.0967407226562,109,0,1,36,0,498.6442241668701,129.70806390605867,17.385504016652703,64.27651193365455,18.063040006905794,144.09788703918457,6.925983905792236,57.17795181274414,5.475621700286865,cache_w8a8_m4k2v2,large_h6_n32_s100,09c212ce9ff12bc884bb09a4fbf8cc5bcc91524b89d899bd18862540082a0ea0,19.10758399963379,1494.7449290454388,534.329665184021,842.1297304928303,28573696,651264,651264,4662
pubmed_node,val,51,51,pubmed_node:val:000051:047b982ae0561338,1,4021.468675,4021.41650390625,3922.509289,98.358256,146.34928666055202,41.98035504668951,19.266344606876373,3535.594319924712,273.8633918762207,3258.5291748046875,128,0,1,36,0,494.2224311828613,129.0089599788189,17.206527993083,61.0617920011282,17.951232015155256,190.5904026031494,9.49948799610138,66.66143894195557,7.112062335014343,cache_w8a8_m4k2v2,large_h6_n32_s100,047b982ae0561338195fb81d2b0caa578afc79f2bd21c25efc01dd75a277f327,19.174175262451172,1752.6483525335789,530.0250225067139,995.0299750268459,33554432,651264,651264,5460
pubmed_node,val,52,52,pubmed_node:val:000052:e11f34673d087d20,1,4529.733918,4529.67724609375,4429.326724,99.770311,188.59119061380625,41.98073502629995,22.25093822926283,3968.4898806735873,304.50499725341797,3660.4498291015625,143,0,1,42,0,581.2503023147583,147.87343998998404,20.579104010015726,75.42044784873724,20.880192046053708,210.9928970336914,10.60912013053894,75.03820705413818,7.8647730350494385,cache_w8a8_m4k2v2,large_h6_n32_s100,e11f34673d087d2099e9edc51449fc2588d2558edb3f8dce0c0919f1ab3af096,19.177631378173828,1955.7694398462772,623.4783372879028,1100.3796833455563,37486592,847872,847872,6090
pubmed_node,val,53,53,pubmed_node:val:000053:ba17d5bf4441056b,1,2429.900859,2429.858642578125,2330.283532,98.93329,380.857334472239,42.54370741546154,8.303727954626083,1799.2315012961626,100.30963134765625,1697.3663330078125,55,0,1,36,0,497.3073606491089,129.94992027804255,17.473088008351624,61.07120003551245,18.22649602405727,66.2838716506958,3.1823999881744385,28.223455905914307,2.619903802871704,cache_w8a8_m4k2v2,large_h6_n32_s100,ba17d5bf4441056b743987fc7d6b3c355cfcb89e11317c3fbb003748c4d79683,19.3439998626709,763.8682901263237,533.4327697753906,419.4092729687691,14417920,651264,651264,2394
pubmed_node,val,54,54,pubmed_node:val:000054:979bf8339c9987cf,1,4960.238865,4960.1796875,4861.583831,98.095924,173.0542564764619,42.43944026529789,23.24533835053444,4434.204543940723,437.9591598510742,3992.4830932617188,154,0,1,48,0,676.111870765686,173.68828806467354,24.192256009206176,78.58483199030161,23.177375997416675,328.71920013427734,17.02880024909973,80.68505573272705,11.526103734970093,cache_w8a8_m4k2v2,large_h6_n32_s100,979bf8339c9987cf7e76093b722cb7fb5b75ab455eadbe0f8e999a336eff9341,19.253887176513672,2106.663232535124,723.6398391723633,1181.4339087307453,40370176,1044480,1044480,6552
pubmed_node,val,55,55,pubmed_node:val:000055:9010e38b1b9f45d7,1,5213.084878,5213.02392578125,5114.247074,98.209268,170.83944287151098,42.59048122912645,18.994477577507496,4697.756078094244,468.1695861816406,4225.856994628906,152,0,1,66,0,959.5152359008789,250.91068789642304,36.19123200699687,106.31571200489998,31.511808016337454,357.6863670349121,18.12384033203125,80.2333755493164,12.12600326538086,cache_w8a8_m4k2v2,large_h6_n32_s100,9010e38b1b9f45d7563a6079e929718e39b72bd85e381e68d2881c556a06e6c1,19.579551696777344,2076.516769528389,1024.9119634628296,1144.007813334465,39845888,1582080,1582080,6468
pubmed_node,val,56,56,pubmed_node:val:000056:bb54d7fee9186b6b,1,4441.309245,4441.25341796875,4341.411275,99.399851,193.9909402281046,43.77921670675278,17.84044597297907,3881.324308924377,369.9073295593262,3507.9380493164062,139,0,1,36,0,516.4490556716919,135.5365119194612,18.538655980490148,59.20294400304556,17.30153600499034,272.8294372558594,13.930079698562622,73.5100793838501,9.637733221054077,cache_w8a8_m4k2v2,large_h6_n32_s100,bb54d7fee9186b6bc892327aa4947d40c66b18854e90e8bb7ec95af7418eec9b,19.455839157104492,1904.157630264759,552.077953338623,1071.1583048701286,36438016,651264,651264,5922
pubmed_node,val,57,57,pubmed_node:val:000057:9ff0bba85a6caa80,1,4106.516435,4106.4638671875,4007.137116,98.907607,148.34772795438766,42.44395066052675,16.23756345361471,3602.126301266253,283.0425567626953,3315.8583984375,130,0,1,36,0,516.9084491729736,134.7712960448116,18.130976007319987,58.780447985976934,17.523328005336225,198.3062400817871,9.854399919509888,67.65827178955078,7.223644971847534,cache_w8a8_m4k2v2,large_h6_n32_s100,9ff0bba85a6caa80fab514253b7c2954d17517c315b3b175aefb5db4dd5102d1,19.539487838745117,1780.3804795444012,552.5722208023071,1002.4451859295368,34078720,651264,651264,5544
pubmed_node,val,58,58,pubmed_node:val:000058:7ac12a029e2ea1ad,1,4494.277565,4494.22119140625,4395.701641,98.076469,164.557377807796,42.75750648230314,16.832679510116577,3968.0749038234353,284.8173179626465,3679.9060668945312,135,0,1,36,0,771.3770332336426,135.00761606357992,18.372863987460732,57.82441597059369,272.242949266918,196.76639556884766,9.895519971847534,70.81715202331543,7.338250398635864,cache_w8a8_m4k2v2,large_h6_n32_s100,7ac12a029e2ea1adfa3f1acbdafe7247347044365e5c75292b427738630bc27f,19.621503829956055,1849.9937284588814,806.9598484039307,1042.5739938616753,35389440,651264,651264,5754
pubmed_node,val,59,59,pubmed_node:val:000059:dcc80dca8cbac494,1,4101.378606,4101.326171875,4001.773993,99.123782,149.8384764418006,42.66747739166021,15.796750783920288,3611.1768828704953,259.39676666259766,3348.6093139648438,127,0,1,42,0,613.5236473083496,163.4897599024698,22.231423986144364,67.6416639983654,20.106143987737596,177.19683265686035,8.821888089179993,66.72115230560303,6.656893610954285,cache_w8a8_m4k2v2,large_h6_n32_s100,dcc80dca8cbac49477508e74db2b4512623eafb35c1b1d281fae5296f406c00b,19.67145538330078,1740.8226556777954,655.3464651107788,972.1116485595703,33292288,821760,821760,5418
pubmed_node,val,60,60,pubmed_node:val:000060:f7aab1a5e58872f2,1,3616.271024,3616.220947265625,3517.055118,98.791323,124.16264787316322,42.225695215165615,13.75521533191204,3175.293437205255,205.56643295288086,2966.957244873047,110,0,1,42,0,599.0051517486572,154.30774421524256,21.6914239898324,68.15155195817351,19.82742401584983,136.23791885375977,6.492000102996826,57.614975929260254,5.221538066864014,cache_w8a8_m4k2v2,large_h6_n32_s100,f7aab1a5e58872f23a0d018a88ae3618a18cd2d3aba215c6168b1d78a417cbb5,19.448223114013672,1510.5136988461018,640.3260803222656,835.5656888186932,28835840,847872,847872,4704
pubmed_node,val,61,61,pubmed_node:val:000061:3fafc63cd3e3d755,1,4526.059027,4526.00439453125,4426.752622,98.798982,153.856098651886,42.09807328879833,17.361998558044434,4042.93389339,450.47122955322266,3588.9609375,143,0,1,36,0,511.2730884552002,132.11286399327219,17.979903971776366,57.711136005818844,16.999904004856944,346.3289604187012,17.496576070785522,74.96601676940918,11.679676294326782,cache_w8a8_m4k2v2,large_h6_n32_s100,3fafc63cd3e3d755ac37ba950ee2d90b2c87a30f051d13564eb02b986354f9ff,19.417375564575195,1961.7241908311844,546.7848634719849,1099.869258761406,37486592,651264,651264,6090
pubmed_node,val,62,62,pubmed_node:val:000062:333f83f2fefc467c,1,4194.41571,4194.36328125,4095.148697,98.764268,145.08709218353033,42.51972306519747,16.320835798978806,3710.791773162782,328.45728302001953,3379.0394897460938,133,0,1,36,0,512.4081611633301,132.39977592788637,18.100543978624046,57.7193599678576,16.906912022270262,236.79782485961914,12.30191969871521,70.76780796051025,8.589730501174927,cache_w8a8_m4k2v2,large_h6_n32_s100,333f83f2fefc467c8ddde326a54b73d95b1c4ca62041cff670410da951439d4c,19.599807739257812,1824.1612510085106,547.8116798400879,1026.666366636753,34865152,651264,651264,5670
pubmed_node,val,63,63,pubmed_node:val:000063:6d4432a0f007f084,1,4000.218122,4000.167236328125,3901.131455,98.621987,138.9334686100483,42.142488062381744,15.619262121617794,3532.1881361305714,286.1993598937988,3242.8285522460938,127,0,1,36,0,509.9454393386841,131.65929612424225,18.281311969272792,57.07023997232318,16.964160011149943,202.00409698486328,10.124063968658447,66.63334465026855,7.437854290008545,cache_w8a8_m4k2v2,large_h6_n32_s100,6d4432a0f007f084a11c6d976221112748fae7f57fde1d12670a3133d46f5944,19.43075180053711,1742.1166718900204,545.5216283798218,974.6210037767887,33292288,651264,651264,5418
pubmed_node,val,64,64,pubmed_node:val:000064:e3dbe99c136a4258,1,4115.473582,4115.42138671875,4015.938395,99.055031,138.58452625572681,42.361827567219734,15.175525099039078,3659.496604464948,266.50751876831055,3389.8954467773438,124,0,1,36,0,722.7165775299072,133.25203183945268,18.12979199271649,265.77993469312787,17.00326398946345,184.8120632171631,9.216736078262329,65.58793544769287,6.890784025192261,cache_w8a8_m4k2v2,large_h6_n32_s100,e3dbe99c136a4258f7ad2ea61aa5b13d5ab744640704de8553a3ad99e04e6e2f,19.527488708496094,1701.255008071661,758.3679008483887,949.8000265657902,32505856,651264,651264,5292
pubmed_node,val,65,65,pubmed_node:val:000065:cb2105207b3051f0,1,4000.443808,4000.392822265625,3902.290671,97.678391,137.35350500792265,42.425879277288914,15.585445798933506,3523.1249248608947,273.4955177307129,3246.4738159179688,127,0,1,36,0,511.73366260528564,132.5904640071094,17.91747196856886,57.56953592225909,16.89606400486082,190.35625648498535,9.480159878730774,66.57852745056152,7.080573916435242,cache_w8a8_m4k2v2,large_h6_n32_s100,cb2105207b3051f053a04c5df7e6abd109903af95851491acc0435ffd4e167cc,19.56787109375,1743.2742714583874,547.1910696029663,975.5763459503651,33292288,651264,651264,5418
pubmed_node,val,66,66,pubmed_node:val:000066:b863ad2a9baa79e0,1,6078.620102,6078.55517578125,5978.92595,99.145443,174.39060099422932,42.49855596572161,19.604704342782497,5514.751834794879,320.91139221191406,5189.97802734375,158,0,1,126,0,1800.0024976730347,455.746175929904,67.8127679079771,203.4484800361097,60.29465599823743,219.30000686645508,10.842911958694458,82.68377590179443,8.084697484970093,cache_w8a8_m4k2v2,large_h6_n32_s100,b863ad2a9baa79e0c9f3f2f8b5388dba36bc4181f8cf4079d8d758a0d18d73e4,19.58355140686035,2158.469281435013,1924.1285076141357,1126.9637897014618,41418752,3600384,3600384,6720
pubmed_node,val,67,67,pubmed_node:val:000067:fb90d33c0f3a8a6b,1,3973.430582,3973.37744140625,3874.891124,97.988547,138.9319896697998,43.92656497657299,15.64690563827753,3483.5494868457317,273.3446350097656,3207.0830688476562,125,0,1,36,0,511.05385398864746,132.52694401238114,17.864704008214176,59.56284798309207,17.544704023748636,190.67949104309082,9.563007831573486,66.08431911468506,7.01781702041626,cache_w8a8_m4k2v2,large_h6_n32_s100,fb90d33c0f3a8a6b217466e04d9c67f6b9e462f081ae18b9168c5ede39fc16ad,19.59721565246582,1713.7486076653004,548.9207029342651,964.0109739005566,32768000,651264,651264,5334
pubmed_node,val,68,68,pubmed_node:val:000068:e6e2970d414380b7,1,4074.943119,4074.89111328125,3976.511178,97.956637,140.79745672643185,42.13323816657066,16.084016300737858,3590.282757766545,293.51807403564453,3293.56884765625,129,0,1,36,0,513.4165134429932,132.89187206793576,18.18953595496714,57.965792037546635,17.003103993833065,207.82691192626953,10.499615907669067,67.56771183013916,7.6238343715667725,cache_w8a8_m4k2v2,large_h6_n32_s100,e6e2970d414380b740b417ba5caa10452bc1fc3e649ec7a566d8692fd013358b,19.440288543701172,1770.790879637003,548.881983757019,993.3362728059292,33816576,651264,651264,5502
pubmed_node,val,69,69,pubmed_node:val:000069:72f4e4feaddec62f,1,8109.54086,8109.4619140625,8010.281008,98.307185,183.0651732161641,42.52866003662348,20.691334269940853,7562.705050222576,532.8274841308594,7025.82470703125,166,0,1,216,0,3454.0039377212524,797.4262721436098,119.06271994486451,685.0671339072287,103.11433600261807,411.4442901611328,19.994943857192993,87.95763206481934,13.430618047714233,cache_w8a8_m4k2v2,large_h6_n32_s100,72f4e4feaddec62fabc94cbf9e852ed8d1d442b643165b22b4109d8f479869d8,19.542400360107422,2265.1340830922127,3667.960033416748,1112.2729908823967,43515904,6549504,6549504,7056
pubmed_node,val,70,70,pubmed_node:val:000070:5b36b85be8ad30a3,1,5742.521371,5742.45361328125,5643.231568,98.581016,174.4571952149272,42.86515340209007,20.2803248539567,5195.3600607812405,471.18514251708984,4720.170654296875,164,0,1,84,0,1193.919870376587,303.4183037960902,44.13023992627859,135.2268160842359,40.17462402861565,354.72991943359375,17.80022382736206,86.65084934234619,12.004149913787842,cache_w8a8_m4k2v2,large_h6_n32_s100,5b36b85be8ad30a3abbe80d35d7d66b8b492b6e10937eb49c5aa4c9f4bcd7134,19.676544189453125,2241.575551509857,1276.974144935608,1221.297502040863,42991616,2224128,2224128,6972
pubmed_node,val,71,71,pubmed_node:val:000071:a3dfea97aa7e87f9,1,4665.185617,4665.12939453125,4564.685474,99.862714,171.4120078831911,42.25753713399172,22.790823131799698,4127.35276017338,327.6277732849121,3796.0697021484375,149,0,1,42,0,578.3383693695068,148.08623990043998,20.28275200817734,72.03939203172922,21.181280034594238,229.01877975463867,11.4858238697052,78.72719955444336,8.395970106124878,cache_w8a8_m4k2v2,large_h6_n32_s100,a3dfea97aa7e87f9c12329bc160eba415932f1bae20785eb512614464790219a,19.246591567993164,2039.5926384031773,620.1730537414551,1155.5506015717983,39059456,847872,847872,6342
pubmed_node,val,72,72,pubmed_node:val:000072:5d3ef41c093ef392,1,5039.24012,5039.181640625,4953.708975,84.874503,541.3804613053799,42.64563787728548,22.798149846494198,4138.448539189994,328.0085754394531,3806.7208251953125,149,0,1,42,0,579.1819477081299,148.79964807070792,20.25318400748074,72.25305597111583,21.30009600892663,229.44826126098633,11.548831939697266,78.61712074279785,8.39436149597168,cache_w8a8_m4k2v2,large_h6_n32_s100,5d3ef41c093ef392b9c2c196ca0af8f22a2f684e8b9a459eb6aae22e26fb4f54,19.342912673950195,2042.19907194376,621.1280965805054,1162.7365693449974,39059456,847872,847872,6342
pubmed_node,val,73,73,pubmed_node:val:000073:26fee4e5dfcd8320,1,4006.185828,4006.134033203125,3905.773597,99.817784,161.12047620117664,42.85907559096813,19.212890416383743,3497.0244113355875,267.97568130493164,3225.9048461914062,126,0,1,36,0,503.9463691711426,131.11372796911746,17.518304011784494,65.46748789772391,18.156576014123857,185.56720161437988,9.22160005569458,66.25139141082764,6.935488224029541,cache_w8a8_m4k2v2,large_h6_n32_s100,26fee4e5dfcd8320642c77d02695740581892076688260e9819183027b763d08,19.253440856933594,1727.875490128994,540.0129251480103,977.2698717713356,33030144,651264,651264,5376
pubmed_node,val,74,74,pubmed_node:val:000074:927227b0d2cbed6d,1,5010.060216,5010.00390625,4909.777272,99.623609,194.00588795542717,42.50472318381071,23.598315194249153,4446.354711428285,454.2707290649414,3988.3167114257812,154,0,1,48,0,662.0700798034668,167.85247991606593,23.44496002048254,81.70185592398047,24.56707202270627,344.30502700805664,17.418367862701416,80.99507236480713,11.55226182937622,cache_w8a8_m4k2v2,large_h6_n32_s100,927227b0d2cbed6d067a367e78dc98164f9ecf541ef6796766ee1d7410d0d654,19.309247970581055,2108.6801615953445,709.8198089599609,1189.1259888410568,40370176,1044480,1044480,6552
pubmed_node,val,75,75,pubmed_node:val:000075:b48edaa5bbd7b728,1,5409.525888,5409.46630859375,5309.20151,99.643442,181.35210312902927,42.599158361554146,23.391859605908394,4854.60468288511,477.6698913574219,4373.177917480469,153,0,1,78,0,1065.7174406051636,264.65299241803586,37.882400014437735,133.38079994916916,39.23283209465444,365.30467224121094,18.79852819442749,81.14931297302246,12.417377948760986,cache_w8a8_m4k2v2,large_h6_n32_s100,b48edaa5bbd7b728c6b0c0bf0b233bf593a83ea215b6143a872a5b9e79f54c08,19.341344833374023,2093.22796779871,1143.300929069519,1155.9903654456139,40108032,2027520,2027520,6510
pubmed_node,val,76,76,pubmed_node:val:000076:0a900ab1029a963b,1,4317.234537,4317.181640625,4217.036016,99.553502,159.4407483935356,42.40379482507706,20.91155108064413,3776.1439122259617,301.90495681762695,3470.8416137695312,137,0,1,36,0,501.2149772644043,133.0453760260716,17.43187201116234,61.3639999628067,18.092128031887114,210.79488372802734,10.680063962936401,72.6399040222168,7.790105104446411,cache_w8a8_m4k2v2,large_h6_n32_s100,0a900ab1029a963bb6132834040abc30a53caa4ddd18d4c40ca1aa2a63da73d0,19.321247100830078,1885.5031038224697,537.1117782592773,1067.5479787886143,35913728,651264,651264,5838
pubmed_node,val,77,77,pubmed_node:val:000077:3625c095ad0da368,1,4380.790547,4380.7373046875,4281.493103,98.665959,471.72592021524906,42.50101372599602,19.83776781708002,3539.057179354131,247.53504180908203,3288.2845458984375,129,0,1,36,0,500.91974544525146,130.93331203609705,17.809088015928864,61.74076795205474,18.264096015132964,165.90694618225098,7.983839988708496,67.33027172088623,6.313983917236328,cache_w8a8_m4k2v2,large_h6_n32_s100,3625c095ad0da36862923b06067bf9d2c8552d3eeceae1d9fecb4baba9d77cac,19.33737564086914,1767.7971513867378,536.8547506332397,1002.9700195193291,33816576,651264,651264,5502
pubmed_node,val,78,78,pubmed_node:val:000078:6196be2c6ed1bbb5,1,4541.077824,4541.0234375,4440.563672,99.877545,188.42795863747597,42.13797301054001,21.365619264543056,3979.4231383129954,306.4856948852539,3669.416259765625,143,0,1,42,0,576.9415988922119,147.76748805399984,20.256416000425816,71.80457606166601,21.00012804940343,212.80064010620117,10.69270384311676,75.1421766281128,7.850174307823181,cache_w8a8_m4k2v2,large_h6_n32_s100,6196be2c6ed1bbb531bdb725451c7134849d0b380074ff7bde3cbaa6a234fca4,19.238527297973633,1958.690656810999,619.0092496871948,1110.954880565405,37486592,847872,847872,6090
pubmed_node,val,79,79,pubmed_node:val:000079:b45b3b7f8cfc3c61,1,4634.237387,4634.18310546875,4533.59333,99.976965,178.1307766214013,41.99204687029123,21.78382594138384,4059.4104463234544,323.12131118774414,3732.7059326171875,146,0,1,42,0,577.343936920166,147.7737921718508,20.948896030895412,71.47846403717995,21.122880031354725,226.26294326782227,11.449696063995361,77.17311954498291,8.235552310943604,cache_w8a8_m4k2v2,large_h6_n32_s100,b45b3b7f8cfc3c61bc0c3af1ca47d3c4a4f613ee28c7c156f89fff5216359612,19.198335647583008,2000.9492177665234,619.0949125289917,1131.8601379692554,38273024,847872,847872,6216
pubmed_node,val,80,80,pubmed_node:val:000080:36fca5e19444f772,1,3243.407036,3243.36083984375,3143.042505,99.823998,117.66848433762789,42.05661080777645,14.616524800658226,2812.57314234972,186.38230514526367,2623.681884765625,98,0,1,36,0,498.03698921203613,128.68720011785626,17.788544015027583,61.580959957093,18.130496030673385,124.68272018432617,5.975583970546722,50.94454288482666,4.779458105564117,cache_w8a8_m4k2v2,large_h6_n32_s100,36fca5e19444f772feaca11fd7afea2bee5f22ede0d5764ec098943f4516fbc2,19.196800231933594,1349.7293148040771,533.8406066894531,759.3087635040283,25690112,651264,651264,4200
pubmed_node,val,81,81,pubmed_node:val:000081:1c63bf6396d63c4a,1,4241.60036,4241.54833984375,4140.829938,100.150056,178.78139950335026,42.22357179969549,20.327790640294552,3711.745036765933,330.6785316467285,3377.75927734375,133,0,1,36,0,499.51529598236084,129.17008019331843,18.091903985477984,61.67395208775997,18.045312023721635,239.1796417236328,12.160671830177307,70.75452899932861,8.583689093589783,cache_w8a8_m4k2v2,large_h6_n32_s100,1c63bf6396d63c4a4d2682cc4bbff2f851f7607bff47af83e05dbbd1b138f402,19.271135330200195,1825.7357402443886,535.2953596115112,1035.9993128180504,34865152,651264,651264,5670
pubmed_node,val,82,82,pubmed_node:val:000082:5d1e728a0bb57dcd,1,3245.007398,3244.96142578125,3143.881067,100.296455,113.30806743353605,42.01464168727398,14.94443230330944,2818.441156297922,186.54937744140625,2629.3878173828125,98,0,1,36,0,499.10345554351807,129.35817613173276,17.65756801702082,62.124479960650206,18.155168037861586,124.76476860046387,5.973855912685394,51.035295486450195,4.775457441806793,cache_w8a8_m4k2v2,large_h6_n32_s100,5d1e728a0bb57dcdb7384205dff58d3a6814a8008ea8ae6f4a0c3594a62193eb,19.178720474243164,1350.4245731532574,534.9172792434692,763.224685460329,25690112,651264,651264,4200
pubmed_node,val,83,83,pubmed_node:val:000083:080749376c19c8ad,1,4657.071394,4657.0166015625,4557.139421,99.379254,509.69661865383387,42.66081005334854,20.474650897085667,3769.3952210247517,297.4283866882324,3468.6573486328125,133,0,1,42,0,601.6353626251221,157.23961611744016,21.37446397356689,67.69612802937627,19.970911984331906,208.41190719604492,10.431519985198975,70.93801593780518,7.64694356918335,cache_w8a8_m4k2v2,large_h6_n32_s100,080749376c19c8ad19056c665f99eab03f816aff88630479fd4926c34a02ac10,19.443008422851562,1824.1611512899399,643.1120958328247,1020.8271099328995,34865152,847872,847872,5670
pubmed_node,val,84,84,pubmed_node:val:000084:be686f184fc2e4bc,1,5237.444154,5237.38525390625,5137.355118,99.429443,165.31262826174498,42.8218012675643,19.139613956212997,4719.328302890062,427.06517791748047,4288.486999511719,154,0,1,66,0,974.744161605835,271.997599164024,35.08051194343716,105.90604796260595,31.283584030345082,318.8575019836426,16.27350401878357,80.77001571655273,11.164156198501587,cache_w8a8_m4k2v2,large_h6_n32_s100,be686f184fc2e4bcd461af13e035a777fbe7665bbfa958b0eb9f1a1419d2764f,19.645727157592773,2107.7252793312073,1039.9572143554688,1160.4502329826355,40370176,1634304,1634304,6552
pubmed_node,val,85,85,pubmed_node:val:000085:4f6dfab955d4d7b5,1,4009.093302,4009.04296875,3910.634696,97.987805,134.16467420756817,42.568967677652836,15.399578027427197,3536.7634622380137,259.84592056274414,3273.8179321289062,124,0,1,42,0,602.84543800354,156.21648006886244,22.26131201442331,67.95699194818735,19.990815998986363,178.71462440490723,8.914719939231873,65.54387092590332,6.672705292701721,cache_w8a8_m4k2v2,large_h6_n32_s100,4f6dfab955d4d7b537018896ab313c6a77d73adb7e95d3178d92ad2ac7774d8b,19.593631744384766,1701.6307527720928,644.3612146377563,947.4195964634418,32505856,847872,847872,5292
pubmed_node,val,86,86,pubmed_node:val:000086:4a064d4dd29b0985,1,7919.646521,7919.5732421875,7820.145688,98.831983,175.9959300979972,42.84514673054218,20.547513850033283,7378.386406227946,522.693733215332,6851.633056640625,166,0,1,216,0,3280.1002855300903,732.8245123671368,111.42723197583109,355.0263040699065,105.1255040736869,401.0057907104492,20.290048122406006,87.9712963104248,13.426598072052002,cache_w8a8_m4k2v2,large_h6_n32_s100,4a064d4dd29b098557091b886a7cbfb5608b19f6e4316e8700033c6256a4cd53,19.66876792907715,2265.671553403139,3493.9808025360107,1111.6494686305523,43515904,6549504,6549504,7056
pubmed_node,val,87,87,pubmed_node:val:000087:aada6044e805431c,1,5182.939905,5182.87744140625,5082.421453,99.874579,180.00344466418028,42.45035909116268,23.087574169039726,4645.266919396818,466.97103118896484,4174.58251953125,152,0,1,66,0,898.7984313964844,223.41558409295976,32.96214400045574,111.87878406047821,32.88604804687202,355.9768981933594,18.45247983932495,80.40335941314697,12.138293743133545,cache_w8a8_m4k2v2,large_h6_n32_s100,aada6044e805431c11f631b91969c43fb3d992f6f72776bf646eeb7e700292c5,19.261600494384766,2078.967453300953,964.7731494903564,1150.1035172343254,39845888,1634304,1634304,6468
pubmed_node,val,88,88,pubmed_node:val:000088:388fe6585d0aae4a,1,3515.770292,3515.723388671875,3415.787417,99.448561,132.3743024840951,42.24772285670042,16.45190641283989,3066.140167415142,214.75580978393555,2848.6348571777344,109,0,1,36,0,492.7932176589966,127.95823987945914,17.247679985128343,61.573855973780155,17.90771201439202,144.7130241394043,6.951039910316467,57.59987258911133,5.491873145103455,cache_w8a8_m4k2v2,large_h6_n32_s100,388fe6585d0aae4a2e0d06212a81bc8df99b2a798224d8f8892f778cf86c4b05,19.26361656188965,1497.7107533812523,528.5565776824951,841.6311426758766,28573696,651264,651264,4662
pubmed_node,val,89,89,pubmed_node:val:000089:140276012f84eb01,1,4692.853687,4692.80078125,4593.138863,99.039789,201.83171052485704,41.89122188836336,23.1843963265419,4089.09313660115,315.7637138366699,3769.6170043945312,151,0,1,36,0,503.54591846466064,133.82326402049512,17.485792007297277,62.14617604389787,18.297184008173645,217.10240173339844,10.635807991027832,79.94287967681885,8.082624435424805,cache_w8a8_m4k2v2,large_h6_n32_s100,140276012f84eb0196fbaa7f3978a9b4f8f96289b2aaf29e92f4a0ca84a6b717,19.160415649414062,2067.590880870819,539.6414728164673,1181.545066356659,39583744,651264,651264,6426
pubmed_node,val,90,90,pubmed_node:val:000090:f6527251b3e8b39d,1,4150.446686,4150.396484375,4049.97136,99.912674,195.5878483131528,44.53512839972973,19.067582674324512,3599.5435090735555,260.11507415771484,3336.2703857421875,127,0,1,42,0,587.2200632095337,158.6669116606936,21.105920016765594,71.0249599814415,21.065888034179807,177.78716850280762,8.87555193901062,66.79446411132812,6.6578896045684814,cache_w8a8_m4k2v2,large_h6_n32_s100,f6527251b3e8b39d0c854eddc25611c68d355ab16086c48c23297687ada1db21,19.27027130126953,1742.3703044354916,629.1157131195068,984.0546394884586,33292288,847872,847872,5418
pubmed_node,val,91,91,pubmed_node:val:000091:93625c07e0b128a2,1,4455.724066,4455.6708984375,4355.840134,99.32117,182.65221547335386,43.318320997059345,20.142044872045517,3900.296171195805,289.64771270751953,3607.3461303710938,133,0,1,36,0,732.9189186096191,364.3770604990423,17.39737602416426,62.77667194977403,18.131744011305273,201.28963470458984,10.123744010925293,70.78255939483643,7.451774597167969,cache_w8a8_m4k2v2,large_h6_n32_s100,93625c07e0b128a228823087bf82f733cf1e736f19ea8c07ee29e6359bc3758d,19.55299186706543,1824.3854400515556,768.7370500564575,1033.776632130146,34865152,651264,651264,5670
pubmed_node,val,92,92,pubmed_node:val:000092:11aa3c376a8b8756,1,4450.307262,4450.25439453125,4349.884295,99.683633,165.41506070643663,42.01484099030495,21.372564136981964,3949.3935853242874,395.30428314208984,3550.6161499023438,141,0,1,36,0,498.78867053985596,129.65376011561602,17.40127999242395,61.49100796505809,20.13628795556724,294.71843338012695,15.510527610778809,74.67855930328369,10.39676284790039,cache_w8a8_m4k2v2,large_h6_n32_s100,11aa3c376a8b875666461798bd5bdf44c3f215076a600b76ffe17c8e686bf71b,19.224319458007812,1932.0248300135136,534.5387506484985,1103.2768886983395,36962304,651264,651264,6006
pubmed_node,val,93,93,pubmed_node:val:000093:79cb920b6da709a8,1,3989.188476,3989.139404296875,3889.770322,98.755341,146.66257705539465,42.46344976127148,19.212136045098305,3520.850549452007,273.8843536376953,3243.8086547851562,127,0,1,36,0,497.0854387283325,130.40611193701625,17.43104000762105,61.802207946777344,18.104736030101776,190.66281509399414,9.484640002250671,66.67030429840088,7.066594243049622,cache_w8a8_m4k2v2,large_h6_n32_s100,79cb920b6da709a8a1d74fc681afdf377db44993f97aa0739bab3c13292d52c5,19.250207901000977,1742.260671645403,532.9543361663818,987.8438548743725,33292288,651264,651264,5418
pubmed_node,val,94,94,pubmed_node:val:000094:a6dfe4f6ba1cb227,1,4529.396193,4529.3447265625,4430.367411,98.316533,163.07883709669113,42.12091490626335,21.49711176753044,4039.6205577999353,445.75968170166016,3590.3507080078125,143,0,1,36,0,496.5886402130127,129.95286392979324,17.32172799296677,61.967039968818426,18.008096023462713,341.5239372253418,17.54147171974182,75.028639793396,11.665632963180542,cache_w8a8_m4k2v2,large_h6_n32_s100,a6dfe4f6ba1cb2278d7926201cd2749c5f6fd53fcad111d58f46c882acf7e0c2,19.24064064025879,1961.5382120609283,532.3807029724121,1115.6724336147308,37486592,651264,651264,6090
pubmed_node,val,95,95,pubmed_node:val:000095:2facf91ee7f97441,1,4378.639915,4378.58837890625,4278.38619,99.54223,157.82683435827494,41.90427251160145,21.262030117213726,3853.053241968155,309.3878746032715,3540.1835327148438,141,0,1,36,0,496.3533773422241,128.4856960363686,17.23721600137651,61.252320021390915,18.37840000912547,215.93487930297852,10.880895972251892,74.7139196395874,7.858179688453674,cache_w8a8_m4k2v2,large_h6_n32_s100,2facf91ee7f974414b17193fc1d60f574087fb3bccc62098e3e17ba63530f71d,19.168960571289062,1933.0106866955757,532.23974609375,1094.102060496807,36962304,651264,651264,6006
pubmed_node,val,96,96,pubmed_node:val:000096:af7b71f454b4dd4c,1,3412.759504,3412.714599609375,3314.047804,98.175953,117.16675758361816,41.87987558543682,15.917765907943249,3002.9083751142025,206.8445167541504,2793.3741455078125,106,0,1,36,0,497.07526206970215,129.12780802417547,17.423743990249932,62.178463980555534,18.13759999908507,139.48134422302246,6.818336009979248,55.275424003601074,5.269412517547607,cache_w8a8_m4k2v2,large_h6_n32_s100,af7b71f454b4dd4cdbaf983985b62120390d88819d7082afece48b62e4b62d88,19.170944213867188,1457.7122220695019,533.0459518432617,821.7869158089161,27787264,651264,651264,4536
pubmed_node,val,97,97,pubmed_node:val:000097:15dc86de74f9d323,1,5030.197809,5030.1435546875,4927.566785,100.708749,179.88811526447535,41.9132262468338,23.12474139034748,4454.4455939903855,379.4761276245117,4071.1956787109375,154,0,1,36,0,743.5175294876099,130.16668780893087,17.57779198884964,62.372703954577446,18.17654401343316,275.00793838500977,13.659456014633179,81.09663963317871,9.712093591690063,cache_w8a8_m4k2v2,large_h6_n32_s100,15dc86de74f9d32340b622659c1026df4a08ac79b5852cf4147230f5c91abb4a,19.151424407958984,2107.9111384749413,779.5729398727417,1202.8630247712135,40370176,651264,651264,6552
pubmed_node,val,98,98,pubmed_node:val:000098:65a3aa3f2fa39d9c,1,3977.40518,3977.356689453125,3877.483418,99.243568,147.4150838330388,42.91119705885649,15.566281974315643,3486.266454681754,273.4019470214844,3209.732666015625,125,0,1,36,0,515.6499528884888,134.31184004992247,18.228832000866532,57.94617596268654,17.156576009467244,190.34796524047852,9.618752002716064,66.41180801391602,7.023421764373779,cache_w8a8_m4k2v2,large_h6_n32_s100,65a3aa3f2fa39d9c0ffb6c80726a266557b343795dab359b7c114116e36dba9c,19.719135284423828,1714.9085805118084,551.5686092376709,962.9746115505695,32768000,651264,651264,5334
pubmed_node,val,99,99,pubmed_node:val:000099:09b311fe7b8bca01,1,4525.79775,4525.74658203125,4425.689645,99.47024,160.2328447625041,43.064394034445286,17.805146984755993,4006.7658610641956,323.06415939331055,3680.164794921875,143,0,1,42,0,596.6467847824097,160.53055946808308,20.80143999028951,69.77910402789712,20.50172805879265,228.18816375732422,11.55241596698761,75.01523113250732,8.308348536491394,cache_w8a8_m4k2v2,large_h6_n32_s100,09b311fe7b8bca01f21eb279173735a0ac78eb7786ae2a6779487e991cc0d0ca,19.7126407623291,1960.1309769451618,638.3638391494751,1101.3826195895672,37486592,847872,847872,6090
pubmed_node,test,100,0,pubmed_node:test:000000:5f32cab0cc57c69d,1,4859.887768,4859.7939453125,4759.651379,99.531691,558.6576433852315,105.08630890399218,17.34888833016157,3844.1614462062716,322.4908866882324,3517.9588012695312,135,0,1,42,0,602.6535005569458,154.63151999935508,21.66992000490427,68.14828797802329,20.458496015518904,231.3150405883789,11.766303896903992,70.57158374786377,8.837958455085754,cache_w8a8_m4k2v2,large_h6_n32_s100,5f32cab0cc57c69d95e5bc46825c81acd87a47b9eec65c4a82dd43d85c7615db,21.57161521911621,1849.862269103527,644.591646194458,1045.0765011906624,35389440,847872,847872,5754
pubmed_node,test,101,1,pubmed_node:test:000001:a8172642a48601de,1,3612.568949,3612.521728515625,3512.725231,99.372462,133.69110226631165,43.03614143282175,13.71481642127037,3159.3088125810027,205.66444778442383,2950.876922607422,109,0,1,42,0,600.1040954589844,156.14006398245692,21.39401596877724,67.66857600584626,19.96726401336491,136.70835304260254,6.500256061553955,57.21536064147949,5.240478038787842,cache_w8a8_m4k2v2,large_h6_n32_s100,a8172642a48601de6e3cbe1f0a20a6977383967792c377469f9dbfc38282572a,19.67568016052246,1496.835519015789,641.6840314865112,832.0330522656441,28573696,847872,847872,4662
pubmed_node,test,102,2,pubmed_node:test:000002:4db44e1aff13aa1d,1,4814.924507,4814.87158203125,4716.313831,98.072709,179.29049395024776,42.80815925449133,18.13854742795229,4260.610366240144,329.0153579711914,3927.9911499023438,146,0,1,54,0,782.984127998352,205.05584018863738,28.68137596733868,88.5142398700118,25.99846400041133,231.95135879516602,11.730656027793884,76.90505504608154,8.428288102149963,cache_w8a8_m4k2v2,large_h6_n32_s100,4db44e1aff13aa1d780e95cb44b1f4852e1a60925b9bc71cf462b6ba28567b25,19.677536010742188,1997.706243634224,836.8120002746582,1113.1504420042038,38273024,1241088,1241088,6216
pubmed_node,test,103,3,pubmed_node:test:000003:ff4243ffe8958137,1,2254.305413,2254.267578125,2155.385507,98.503569,92.20294654369354,42.86526795476675,9.48451180011034,1911.3494930788875,111.3897933959961,1798.20849609375,60,0,1,36,0,495.040638923645,129.87347196694463,17.37942400854081,61.42358402535319,18.013312017545104,73.94288063049316,3.516832113265991,31.048511505126953,2.8815691471099854,cache_w8a8_m4k2v2,large_h6_n32_s100,ff4243ffe8958137a22971497e18da5390b4538fddd1cf21030d346b34649493,19.42902374267578,830.4285124540329,530.7674579620361,456.44154942035675,15728640,651264,651264,2604
pubmed_node,test,104,4,pubmed_node:test:000004:40cd4e02f0cfac2f,1,4779.440439,4779.37939453125,4679.589661,99.29849,474.18791335076094,42.66815725713968,16.426469199359417,3929.375622421503,325.68592071533203,3600.2521362304688,139,0,1,42,0,603.2552328109741,156.87923223525286,21.733951967209578,67.7687680311501,21.124672012403607,231.90115356445312,11.804319739341736,73.57945537567139,8.400992035865784,cache_w8a8_m4k2v2,large_h6_n32_s100,40cd4e02f0cfac2fe5de3970990bcca5d5457887a7104d43468f70096c0c70a1,19.636287689208984,1906.4376626610756,644.9135360717773,1068.5372251868248,36438016,847872,847872,5922
pubmed_node,test,105,5,pubmed_node:test:000005:181a635aeb0b1e44,1,5068.013685,5067.95703125,4968.178858,99.291835,190.60383178293705,42.854541912674904,18.429981544613838,4515.190663747489,376.67725372314453,4134.860656738281,148,0,1,66,0,950.8107824325562,244.59584024362266,35.29404796753079,106.59993601590395,31.509344023652375,277.34809494018555,12.802335977554321,77.40617561340332,9.120647192001343,cache_w8a8_m4k2v2,large_h6_n32_s100,181a635aeb0b1e44e9c8ad72085a48672b8be3c6c2c170e43daba8e2b4cfc245,19.68627166748047,2024.8514878451824,1016.411358833313,1113.2840817272663,38797312,1634304,1634304,6300
pubmed_node,test,106,6,pubmed_node:test:000006:abcccbdd0508ae28,1,3784.21903,3784.171875,3699.453602,84.284419,122.98224307596684,42.55745280534029,14.2137436196208,3357.345275580883,250.56972885131836,3103.8482055664062,116,0,1,42,0,601.2643175125122,156.03446416556835,21.630047989077866,67.7301439717412,19.97903999965638,175.11449813842773,8.767328023910522,60.12943935394287,6.5584633350372314,cache_w8a8_m4k2v2,large_h6_n32_s100,abcccbdd0508ae28d6fc0bf63eabd6bf42f8e1a40d6ce4c893580161e0835de9,19.612255096435547,1591.8475537896156,642.8434896469116,888.7694172263145,30408704,847872,847872,4956
pubmed_node,test,107,7,pubmed_node:test:000007:f8a89e3268ef9017,1,4088.517847,4088.469482421875,3990.147042,97.838719,139.49024211615324,42.6656985655427,15.705525875091553,3610.887609422207,251.59929656982422,3356.12109375,127,0,1,42,0,611.3823003768921,159.26060786936432,21.704607982188463,69.38316798582673,21.261952003464103,170.41139030456543,8.384384036064148,66.34003257751465,6.463489651679993,cache_w8a8_m4k2v2,large_h6_n32_s100,f8a89e3268ef9017ec088f51d6dc66e2be911cdf3c9b8075b6cbf48362a2c64b,19.60652732849121,1740.0261436402798,653.2480945587158,982.4533828794956,33292288,847872,847872,5418
pubmed_node,test,108,8,pubmed_node:test:000008:77e3f9fc15f1bf03,1,4664.012626,4663.96044921875,4564.316553,99.128793,150.01315902918577,42.10307262837887,18.43637228012085,4166.885539889336,335.6426544189453,3827.5564575195312,150,0,1,42,0,596.2402267456055,152.5766079099849,21.05692797806114,67.79014400392771,20.322335983626544,236.1539192199707,11.930079936981201,78.97193622589111,8.586719036102295,cache_w8a8_m4k2v2,large_h6_n32_s100,77e3f9fc15f1bf03d88332bdd10a647e1358df47f678d5776cbb7abb20e98d00,19.280031204223633,2055.5042863488197,637.9646701812744,1153.3675321936607,39321600,847872,847872,6384
pubmed_node,test,109,9,pubmed_node:test:000009:5e99123123cdfc02,1,4839.574947,4839.52197265625,4740.079257,98.926587,380.3103528916836,42.83611848950386,18.433392979204655,4069.260341115296,320.7116813659668,3744.8516235351562,150,0,1,36,0,517.0320653915405,135.24544005002826,18.30739197693765,58.502496030181646,17.238752020522952,222.24959564208984,11.12719988822937,79.08019161224365,8.25469422340393,cache_w8a8_m4k2v2,large_h6_n32_s100,5e99123123cdfc0234a28037333005877a8588959b96d2be863d963300ccb999,19.668352127075195,2052.852765738964,552.9201250076294,1158.747084915638,39321600,651264,651264,6384
pubmed_node,test,110,10,pubmed_node:test:000010:fa2a68fc052c1ca7,1,5367.653477,5367.5966796875,5268.190924,98.780079,150.14070458710194,42.823031544685364,18.48645694553852,4847.51027263701,377.088321685791,4466.754455566406,148,0,1,90,0,1282.1468477249146,327.88524816092104,48.116703941486776,147.35615990683436,44.26736006420106,275.878116607666,13.949088096618652,77.5341444015503,9.726972579956055,cache_w8a8_m4k2v2,large_h6_n32_s100,fa2a68fc052c1ca7b2bd36efafd8ee0b7346f15bef9db9388160a4ac28cb1e07,19.64476776123047,2022.6526701152325,1371.709280014038,1092.0372731983662,38797312,2420736,2420736,6300
pubmed_node,test,111,11,pubmed_node:test:000011:4a1205c265b34c70,1,4457.433872,4457.3828125,4358.274807,98.489375,152.0014898851514,42.32083074748516,21.245033480226994,3926.204416900873,362.1618843078613,3560.5144653320312,142,0,1,36,0,494.91251373291016,129.0446721399203,18.02870398480445,61.32643201202154,17.971040007658303,264.17254638671875,13.706751823425293,74.83728122711182,9.445304870605469,cache_w8a8_m4k2v2,large_h6_n32_s100,4a1205c265b34c704c7db0d1240929b1c097e6546dd683f31f98227fadf4ae26,19.315744400024414,1944.9962243437767,530.7561597824097,1104.0778256058693,37224448,651264,651264,6048
pubmed_node,test,112,12,pubmed_node:test:000012:8eb86b065a664f01,1,4622.006826,4621.95458984375,4521.65766,99.645873,161.88758984208107,42.23527666181326,22.408214397728443,4060.829946771264,323.49900817871094,3733.6364135742188,150,0,1,36,0,496.5591344833374,129.31859198957682,17.707616022787988,61.75497605279088,17.990688032470644,224.7698860168457,11.363168120384216,79.0995512008667,8.266402840614319,cache_w8a8_m4k2v2,large_h6_n32_s100,8eb86b065a664f0101dae831852c4e8178831d161f2a6712018723f01e6f0f3f,19.310047149658203,2054.0643513202667,532.6896629333496,1166.1924464702606,39321600,651264,651264,6384
pubmed_node,test,113,13,pubmed_node:test:000013:feab12092f141e27,1,4211.217919,4211.1669921875,4111.817306,98.750593,172.0328712835908,42.34769195318222,20.359372720122337,3668.9488068223,284.2655372619629,3381.3319702148438,134,0,1,36,0,493.28415870666504,128.03593597374856,17.208319986239076,61.71878399327397,17.954496033489704,196.95098114013672,9.800832033157349,70.19011211395264,7.3236119747161865,cache_w8a8_m4k2v2,large_h6_n32_s100,feab12092f141e27ae5b741ccb49bcffde02b9f1154e8c3b62b9e899cd3375bc,19.353376388549805,1834.6845415234566,529.1442222595215,1036.8565828204155,35127296,651264,651264,5712
pubmed_node,test,114,14,pubmed_node:test:000014:ee52a3ae17d3dd49,1,4306.45614,4306.40673828125,4205.98158,99.724022,137.18285225331783,42.22422651946545,19.232734106481075,3805.6212002411485,247.23561477661133,3555.18310546875,127,0,1,36,0,809.7259273529053,130.63603209797293,328.83107521850616,62.0635840408504,18.366400006227195,166.26288032531738,8.165632128715515,66.48476600646973,6.322336316108704,cache_w8a8_m4k2v2,large_h6_n32_s100,ee52a3ae17d3dd4959a68aea956fa97150caec15c4f713d95038909de41c3765,19.260095596313477,1743.201278835535,845.9812269210815,985.2606953084469,33292288,651264,651264,5418
pubmed_node,test,115,15,pubmed_node:test:000015:f3aeb873cfb6dcce,1,4684.225837,4684.17431640625,4585.17173,98.438646,155.10839596390724,41.960908100008965,21.512972190976143,4179.353013634682,404.1805725097656,3771.62451171875,144,0,1,48,0,657.9288311004639,167.7679681694135,23.077920023351908,81.70204797759652,24.400096043013036,302.4508171081543,15.903040170669556,75.36841583251953,10.458299398422241,cache_w8a8_m4k2v2,large_h6_n32_s100,f3aeb873cfb6dcce940734dbc52b0891551830246341e7d9a740e72d9799bc3b,19.19753646850586,1974.2161922454834,705.8269462585449,1110.7789096832275,37748736,1044480,1044480,6132
pubmed_node,test,116,16,pubmed_node:test:000016:3316082954b2f710,1,2524.328404,2524.279296875,2439.991212,83.936157,69.37933247536421,42.5612460821867,8.085489273071289,2218.662834726274,123.53596687316895,2093.357391357422,65,0,1,48,0,687.0750732421875,180.2445438504219,24.768927982077003,76.96652799099684,22.711712011136115,82.71654510498047,3.962943971157074,33.659199714660645,3.197278082370758,cache_w8a8_m4k2v2,large_h6_n32_s100,3316082954b2f710f1c32e25b1671674f18767faedeb3bc626fbf0147ac50447,19.6560001373291,899.6330232322216,734.4714574813843,478.9089107811451,17039360,1044480,1044480,2814
pubmed_node,test,117,17,pubmed_node:test:000017:373cce577cac6402,1,3949.684413,3949.63671875,3851.38231,97.819817,130.1868073642254,42.72403661161661,15.168987214565277,3501.319285482168,273.0188789367676,3225.1422119140625,126,0,1,36,0,513.0610570907593,133.96240013744682,18.142175973393023,58.3736639842391,17.029248000122607,190.00243186950684,9.564544081687927,66.39135932922363,7.060543656349182,cache_w8a8_m4k2v2,large_h6_n32_s100,373cce577cac640256bfa55479070cb5ccd8c32acdbea516bf02d37444a4169e,19.692768096923828,1728.9120307564735,548.7691230773926,967.1538261771202,33030144,651264,651264,5376
pubmed_node,test,118,18,pubmed_node:test:000018:36accab38429261b,1,3953.222839,3953.176025390625,3853.344627,99.409216,130.43447770178318,42.65079740434885,15.45735727995634,3470.089975744486,260.2828140258789,3206.663330078125,125,0,1,36,0,514.2801933288574,134.48764804471284,18.223775985650718,57.93798401206732,17.171776005998254,178.6029109954834,8.878912091255188,66.14742374420166,6.65356719493866,cache_w8a8_m4k2v2,large_h6_n32_s100,36accab38429261b491e481800939c962ef76f9910de2879b9ee07a84d34fc9d,19.6396484375,1715.3720068335533,550.1670722961426,960.7638993859291,32768000,651264,651264,5334
pubmed_node,test,119,19,pubmed_node:test:000019:a7ab00b3fe8d7885,1,4076.560861,4076.51318359375,3977.24279,98.835042,135.86051855236292,42.687371373176575,15.977545641362667,3596.175671555102,264.13702392578125,3328.7681884765625,131,0,1,36,0,510.92403507232666,132.2575360070914,18.085791994817555,58.673184007406235,16.975072001107037,179.5863037109375,8.681919932365417,69.10889530181885,6.759904980659485,cache_w8a8_m4k2v2,large_h6_n32_s100,a7ab00b3fe8d78859bbe909a1fc96127e2c43c5ba83ad42b5c4aa549be7483d0,19.62758445739746,1796.1976616978645,546.4791994094849,1005.7189118266106,34340864,651264,651264,5586
pubmed_node,test,120,20,pubmed_node:test:000020:432c4bd4a2f7e08b,1,3983.761933,3983.71484375,3884.378127,98.909515,124.97955188155174,42.55840182304382,14.500836841762066,3536.049325019121,242.5771827697754,3290.4783935546875,119,0,1,36,0,730.6009302139282,133.01638416480273,237.4915146837011,57.963455997407436,16.9901120075956,164.9323215484619,8.066367864608765,63.37545680999756,6.203036546707153,cache_w8a8_m4k2v2,large_h6_n32_s100,432c4bd4a2f7e08bae5f939d07639fdc16df175d2f7c73872556b7ab07d55ec7,19.59881591796875,1632.1637156009674,766.1177911758423,911.7957026958466,31195136,651264,651264,5082
pubmed_node,test,121,21,pubmed_node:test:000021:b67735b4e48a0af1,1,4312.443347,4312.39453125,4213.789911,98.081532,140.68715274333954,42.65900328755379,16.631909646093845,3806.9052156060934,279.0405464172363,3524.4954833984375,136,0,1,42,0,599.2201910018921,155.36675198189914,21.75990400929004,68.64521599560976,19.967104002833366,191.32550048828125,9.497919917106628,71.04563045501709,7.17149555683136,cache_w8a8_m4k2v2,large_h6_n32_s100,b67735b4e48a0af1f3e15acc315656376670d57a30a75180dbaf985a4c768be9,19.65056037902832,1863.7090551257133,640.7409257888794,1039.696062862873,35651584,847872,847872,5796
pubmed_node,test,122,22,pubmed_node:test:000022:8238262d3a5e8873,1,4741.707154,4741.6552734375,4641.81726,99.353442,154.63240072131157,42.586883530020714,18.528539687395096,4240.803362801671,431.38233184814453,3805.663818359375,153,0,1,36,0,514.5135345458984,134.16355205886066,18.195167970843613,57.77040000632405,17.082272007130086,322.7793960571289,16.468799829483032,80.91328048706055,11.220855474472046,cache_w8a8_m4k2v2,large_h6_n32_s100,8238262d3a5e8873cfa404014dc8669f24ea58ca67fb0ac01aaac3b5415e4a32,19.586111068725586,2095.130498200655,550.3368644714355,1179.78256675601,40108032,651264,651264,6510
pubmed_node,test,123,23,pubmed_node:test:000023:5190dbfdd9c09135,1,3943.467113,3943.419189453125,3843.544993,99.425104,128.61372996121645,42.81197488307953,15.102268196642399,3488.019702024758,244.30492401123047,3240.6261596679688,122,0,1,42,0,613.1462411880493,164.98540787491947,22.364416000433266,68.07897600904107,20.054303996264935,166.61212730407715,8.010432004928589,63.384575843811035,6.297788858413696,cache_w8a8_m4k2v2,large_h6_n32_s100,5190dbfdd9c091353b7ef666424b8f9b549a0b73a1d39b1030ab42918bb3561e,19.688800811767578,1671.7063021957874,654.9295654296875,933.6790928542614,31981568,838656,838656,5208
pubmed_node,test,124,24,pubmed_node:test:000024:ccfef8eb68188954,1,4268.709032,4268.66015625,4170.191283,98.01565,138.27036041766405,43.04870590567589,16.641889698803425,3777.5721522048116,282.2407035827637,3491.9892578125,134,0,1,42,0,603.7308177947998,157.6389441313222,21.650303987786174,68.1594879925251,20.080896007828414,195.17378616333008,9.612768054008484,70.18806552886963,7.266083836555481,cache_w8a8_m4k2v2,large_h6_n32_s100,ccfef8eb68188954e06071feed8b42eb186394ece94de545604e78d69867975a,19.818496704101562,1837.2816033363342,645.300802230835,1029.2253489494324,35127296,847872,847872,5712
pubmed_node,test,125,25,pubmed_node:test:000025:2f9517f9cddc9ee4,1,4921.393736,4921.34130859375,4822.751702,98.111295,155.83349484950304,42.814611457288265,18.848885782063007,4380.380262620747,415.8319320678711,3960.7979736328125,152,0,1,48,0,689.0165433883667,178.15984003338963,25.127583999186754,77.3312318995595,22.8006400084123,308.67305755615234,15.82912015914917,80.5288953781128,10.800858974456787,cache_w8a8_m4k2v2,large_h6_n32_s100,2f9517f9cddc9ee49957e0815e330ee4b580d7cd28fb363dab9b4185c588bcf2,19.666112899780273,2081.451167434454,736.824670791626,1162.1882483065128,39845888,1044480,1044480,6468
pubmed_node,test,126,26,pubmed_node:test:000026:c87987cbddd36f68,1,7104.313132,7104.24951171875,7004.520298,99.189826,372.1924526616931,43.042425997555256,19.492157734930515,6363.061763346195,395.75743103027344,5963.4378662109375,157,0,1,180,0,2585.480644226074,655.8044801913202,98.66217592079192,290.39113595336676,85.81760003138334,288.9130859375,14.30623984336853,82.39315223693848,10.14495301246643,cache_w8a8_m4k2v2,large_h6_n32_s100,c87987cbddd36f6855c3d6946736801b44478892b3b3615397145caa4cda7663,19.753759384155273,2144.897374421358,2764.2038984298706,1074.090352743864,41156608,5369856,5369856,6678
pubmed_node,test,127,27,pubmed_node:test:000027:66718109a5fbcec5,1,4684.749291,4684.69677734375,4585.114653,99.09845,157.2380866855383,42.81202517449856,18.600065261125565,4139.07200936228,325.1464958190918,3810.2363891601562,149,0,1,42,0,602.1322250366211,156.6314558191225,21.48275198880583,67.5949759632349,20.142432005144656,226.6068458557129,11.465760111808777,78.77068710327148,8.303202748298645,cache_w8a8_m4k2v2,large_h6_n32_s100,66718109a5fbcec59ce25191c845483c3b99188a299950cbbfe99aefc325b198,19.66102409362793,2041.1743995547295,643.8355836868286,1144.887430012226,39059456,847872,847872,6342
pubmed_node,test,128,28,pubmed_node:test:000028:da3d647ca7d61231,1,3430.191336,3430.1484375,3330.468657,99.299956,100.2713106572628,42.616479098796844,11.807095259428024,3047.4950559437275,208.26812744140625,2836.7490234375,95,0,1,54,0,785.7166385650635,208.3695039972663,28.35407996736467,87.08083193004131,25.964096009731293,146.07043266296387,7.195167899131775,49.53536033630371,5.467166543006897,cache_w8a8_m4k2v2,large_h6_n32_s100,da3d647ca7d612315f43a02793a8c4c10e28cdea33020794930f124ce5f7b206,19.651872634887695,1305.8267181813717,839.1843919754028,711.3897859156132,24903680,1231872,1231872,4074
pubmed_node,test,129,29,pubmed_node:test:000029:c8fd032bebb7ee00,1,4019.359073,4019.312744140625,3920.869958,98.004206,132.48599041253328,42.76842903345823,16.078395769000053,3540.5701901763678,282.3519058227539,3255.0443115234375,127,0,1,36,0,515.5383062362671,134.34921585209668,18.20748798083514,58.380767948925495,17.14918400440365,198.44198608398438,10.012895941734314,66.58406448364258,7.312959313392639,cache_w8a8_m4k2v2,large_h6_n32_s100,c8fd032bebb7ee00eebd1bdf42da780aebeb3b53d6cc93ab9205804fa91805c7,19.61667251586914,1743.4350374639034,551.1307182312012,980.095228344202,33292288,651264,651264,5418
pubmed_node,test,130,30,pubmed_node:test:000030:4aa88e232f44afc9,1,4575.347711,4575.29736328125,4476.787459,98.049639,357.5388342142105,42.89359878748655,17.50683318823576,3870.0852850452065,317.6656951904297,3548.923583984375,141,0,1,36,0,515.582145690918,134.26940822601318,18.0851839678362,58.551552034914494,17.11174399405718,223.65033340454102,11.224671959877014,74.61107158660889,8.179618239402771,cache_w8a8_m4k2v2,large_h6_n32_s100,4aa88e232f44afc9900207f479ab0d91e3fd8aade6f711303edb427f65e7f5cd,19.672128677368164,1930.8268483579159,551.4697265625,1086.2991377413273,36962304,651264,651264,6006
pubmed_node,test,131,31,pubmed_node:test:000031:8edaee886ad7a6dd,1,4922.599156,4922.54736328125,4823.00486,99.061918,158.3830239251256,42.87861566990614,18.901588395237923,4378.295320086181,416.7073287963867,3957.853759765625,152,0,1,48,0,686.2687664031982,177.35500825196505,24.725503977388144,77.2588799931109,23.021152006462216,309.5417594909668,15.795456171035767,80.56544017791748,10.804672956466675,cache_w8a8_m4k2v2,large_h6_n32_s100,8edaee886ad7a6dd0145006fb00cdf0243ebc2644ea8503fcac7c5e34bd5892d,19.675968170166016,2081.0847365558147,733.9375991821289,1162.5073921978474,39845888,1044480,1044480,6468
pubmed_node,test,132,32,pubmed_node:test:000032:ca423fcad5bf26ac,1,2238.429809,2238.392822265625,2139.059617,99.025238,63.92665021121502,42.246462777256966,7.569553330540657,1928.6779072135687,111.56972694396973,1815.4638671875,60,0,1,36,0,515.3139505386353,134.4492160929367,18.2226239759475,59.24079990386963,17.205727997235954,74.08851146697998,3.519648015499115,31.078303813934326,2.883263647556305,cache_w8a8_m4k2v2,large_h6_n32_s100,ca423fcad5bf26ac21ccaa48946144dcc2ff5ad0569296bfc9cd5d4955833050,19.454559326171875,830.7727348506451,550.8944959640503,453.2511956989765,15728640,651264,651264,2604
pubmed_node,test,133,33,pubmed_node:test:000033:90ec4e4593ee23e6,1,5286.664828,5286.60888671875,5185.208608,100.637587,160.12542601674795,42.80104860663414,18.918434157967567,4773.44146091491,468.66617584228516,4301.027160644531,152,0,1,72,0,1027.0615692138672,263.7686079312116,37.776255970820785,116.92086395248771,34.37980801425874,357.938175201416,18.18719983100891,80.4485445022583,12.092256307601929,cache_w8a8_m4k2v2,large_h6_n32_s100,90ec4e4593ee23e69234a1a298a67c907e45dadde229dde0996f821a673b3ed2,19.661344528198242,2079.725054293871,1098.674337387085,1142.2891134917736,39845888,1830912,1830912,6468
pubmed_node,test,134,34,pubmed_node:test:000034:6c6eb1f3b7f852f9,1,8007.207301,8007.13623046875,7906.695792,99.843298,187.75341752916574,42.77380183339119,21.30628190934658,7433.497233316302,642.862419128418,6786.44189453125,172,0,1,204,0,3081.996961593628,672.4714881684631,422.94134280178696,343.69068794324994,101.23827211558819,511.23846435546875,25.131232261657715,89.91670513153076,16.576017379760742,cache_w8a8_m4k2v2,large_h6_n32_s100,6c6eb1f3b7f852f92c070180689039a16efa2d68e753a4fbe217dad6084252cd,19.66912078857422,2347.4171499609947,3284.647583961487,1174.0462813973427,45088768,6151680,6151680,7308
pubmed_node,test,135,35,pubmed_node:test:000035:1e69ef700dcab499,1,4388.262804,4388.20654296875,4289.211676,98.365164,173.4039830043912,42.457908391952515,20.26853710412979,3846.6493552550673,258.7956771850586,3584.4741821289062,136,0,1,48,0,653.518780708313,165.6383999781683,23.076064009219408,81.20515197515488,24.094496035948396,172.7088623046875,8.408480048179626,71.12435245513916,6.553982377052307,cache_w8a8_m4k2v2,large_h6_n32_s100,1e69ef700dcab499032eb0be5353e371346fa3b4dac40002ddd35806bccb7f9b,19.36649513244629,1861.663647800684,701.1577320098877,1041.0192974507809,35651584,1044480,1044480,5796
pubmed_node,test,136,36,pubmed_node:test:000036:97228afdbad35bc9,1,7820.647656,7820.57080078125,7719.923251,99.697333,175.30351784080267,42.67849866300821,20.836924202740192,7261.720269918442,649.6032409667969,6607.92529296875,172,0,1,204,0,2903.238299369812,732.8739521950483,109.73075201548636,331.06288001686335,97.698560022749,518.1185913085938,25.263967990875244,89.66534328460693,16.555338382720947,cache_w8a8_m4k2v2,large_h6_n32_s100,97228afdbad35bc93960740e654381233e704308fddde3c08a48e92ac57d2c1a,19.617887496948242,2347.492959290743,3105.647808074951,1174.4024131000042,45088768,6156288,6156288,7308
pubmed_node,test,137,37,pubmed_node:test:000037:0d5da1d22d355309,1,2495.540352,2495.4990234375,2395.912109,99.173518,65.83884730935097,42.69203916192055,7.599884644150734,2180.957982316613,111.58316802978516,2067.7093200683594,60,0,1,36,0,765.3452234268188,133.53926393482834,268.9007619433105,58.147391989827156,17.07340799830854,74.09087944030762,3.529311954975128,31.061984062194824,2.9009925723075867,cache_w8a8_m4k2v2,large_h6_n32_s100,0d5da1d22d3553090e15b33e29df3fefd5199a3b1f7b315257d15d7b0f5e65ad,19.683679580688477,832.2831036746502,801.0523128509521,454.0575831234455,15728640,651264,651264,2604
pubmed_node,test,138,38,pubmed_node:test:000038:b3598f86af021b1d,1,3696.011038,3695.966552734375,3597.81819,97.749024,120.59150449931622,42.33081918209791,14.22535628080368,3251.731561496854,238.9159049987793,3009.9037170410156,116,0,1,36,0,513.7200021743774,133.26908812765032,18.094527990557253,57.88163201883435,17.28627199679613,164.77587127685547,8.02124810218811,59.93804740905762,6.180738210678101,cache_w8a8_m4k2v2,large_h6_n32_s100,b3598f86af021b1d874a34cbbc3149ae43dcc9df62655804aec20347c7ed2ef0,19.505823135375977,1590.4121942520142,549.4114875793457,889.5858583450317,30408704,651264,651264,4956
pubmed_node,test,139,39,pubmed_node:test:000039:bd83e07bdd95ea2e,1,4768.675713,4768.62451171875,4684.321799,83.851016,138.41146789491177,42.7321195602417,16.74608699977398,4290.1861714199185,349.9530220031738,3936.8699340820312,136,0,1,72,0,1006.4821119308472,253.00976022332907,36.46947202645242,117.99670398980379,35.71283203084022,256.396671295166,13.344000101089478,71.05526447296143,9.15708613395691,cache_w8a8_m4k2v2,large_h6_n32_s100,bd83e07bdd95ea2eddd775c80f0db8147a80de60e6cc648a7777e83522b8e081,19.785343170166016,1861.2155190706253,1078.1446752548218,1017.2950829267502,35651584,1830912,1830912,5796
pubmed_node,test,140,40,pubmed_node:test:000040:a554100795c70d2c,1,5296.257314,5296.2041015625,5197.378567,98.330698,155.82762844860554,42.58192889392376,19.062967970967293,4791.705107316375,472.77632904052734,4315.1802978515625,152,0,1,72,0,1035.421820640564,268.3047680594027,37.89039998874068,115.42959996312857,33.918336007744074,362.2748489379883,18.23151993751526,80.19481563568115,12.075144529342651,cache_w8a8_m4k2v2,large_h6_n32_s100,a554100795c70d2c4a1a72a11d3ccf7aa3f9a60c816646c90cd465d656cce040,19.61667251586914,2082.23542496562,1106.740577697754,1145.8209677040577,39845888,1830912,1830912,6468
pubmed_node,test,141,41,pubmed_node:test:000041:817a2246475bd741,1,4448.095451,4448.04638671875,4349.380644,98.219117,162.82437555491924,42.85969398915768,16.406962648034096,3953.8989579305053,379.38227462768555,3571.1952514648438,133,0,1,48,0,702.2558097839355,188.68540838640183,25.2517119795084,79.00003189221025,22.95699200592935,284.4077796936035,14.367103815078735,70.77772808074951,9.829663038253784,cache_w8a8_m4k2v2,large_h6_n32_s100,817a2246475bd741dc735f5fcf7fdd69a38dd476c0bd10401ebb99349c2cf97c,19.65830421447754,1823.3104979097843,750.143874168396,1017.399183601141,34865152,1044480,1044480,5670
pubmed_node,test,142,42,pubmed_node:test:000042:c9169db9d6c4b439,1,7041.143732,7041.0810546875,6956.343216,83.700266,162.78241854161024,42.50951670110226,19.391443580389023,6520.229455083609,390.075740814209,6126.294982910156,157,0,1,180,0,2731.8389387130737,628.2184319086373,90.94438401609659,521.1805129796267,89.18019206542522,283.1732177734375,14.550591945648193,82.2231035232544,10.128827571868896,cache_w8a8_m4k2v2,large_h6_n32_s100,c9169db9d6c4b439fa1c583cb0cd0ee79b05f3ea3a04701c6337eba01df18bb0,19.56368064880371,2144.0277431607246,2911.28928565979,1090.5416347384453,41156608,5366784,5366784,6678
pubmed_node,test,143,43,pubmed_node:test:000043:25649f18bed4c0e3,1,4210.256981,4210.205078125,4110.586025,98.842535,167.5103409215808,42.3007532954216,19.243234768509865,3714.9262595921755,377.63318252563477,3334.1135864257812,127,0,1,42,0,587.7330570220947,151.57366398442537,22.00489598698914,69.49046402052045,20.531616025604308,286.5926704406738,14.547231912612915,66.65574359893799,9.837536573410034,cache_w8a8_m4k2v2,large_h6_n32_s100,25649f18bed4c0e3d32716dd968a48404fd2142b3f1af94aa5d2f4707c9e4d70,19.30860710144043,1742.217373996973,629.4128932952881,981.7919262349606,33292288,847872,847872,5418
pubmed_node,test,144,44,pubmed_node:test:000044:a14ab025d60f06b1,1,5247.47475,5247.4228515625,5149.101085,97.821288,161.22234985232353,42.53343213349581,17.983870580792427,4721.188001334667,288.4984664916992,4429.092590332031,146,0,1,90,0,1289.8204126358032,330.4199036527425,48.54870396759361,144.65542395412922,42.69475198537111,194.69568252563477,9.600224018096924,76.88991928100586,7.31264066696167,cache_w8a8_m4k2v2,large_h6_n32_s100,a14ab025d60f06b162637df5229c810e8215e6b071dade0d7ba3edacc256367d,19.580896377563477,1996.5475505888462,1378.884997367859,1073.2409387528896,38273024,2420736,2420736,6216
pubmed_node,test,145,45,pubmed_node:test:000045:ddc94896fb967e5a,1,4626.658908,4626.60986328125,4526.95182,99.134229,155.15367221087217,42.57400147616863,18.51927861571312,4080.045197159052,326.3314895629883,3750.02880859375,150,0,1,36,0,519.4675521850586,134.01923188846558,18.176703987643123,58.136704005301,17.09993599075824,227.60034942626953,11.527104020118713,78.95612812042236,8.247907996177673,cache_w8a8_m4k2v2,large_h6_n32_s100,ddc94896fb967e5a9cfb212fea5e381f75130b4072c14b824821a74f706b3974,19.62553596496582,2054.607361525297,555.2472658157349,1159.7997172176838,39321600,651264,651264,6384
pubmed_node,test,146,46,pubmed_node:test:000046:9bd9a7c79879c6c3,1,4013.317444,4013.270751953125,3913.60078,99.21273,394.23198252916336,43.119716458022594,14.181732200086117,3289.6579802036285,238.57484817504883,3048.1425170898438,116,0,1,36,0,541.4236154556274,152.00640053488314,18.23510400764644,64.9673280082643,19.014655955135822,164.36041450500488,7.993599891662598,60.028286933898926,6.192546844482422,cache_w8a8_m4k2v2,large_h6_n32_s100,9bd9a7c79879c6c37b58b4235528205c597a8e6d92d64e0fa954a10fd67b7910,19.741600036621094,1592.1498548388481,577.1045751571655,898.6296871304512,30408704,651264,651264,4956
pubmed_node,test,147,47,pubmed_node:test:000047:c1b0423e610e1bdf,1,3800.821849,3800.778076171875,3716.529254,83.817102,124.70944039523602,42.36034397035837,16.24642126262188,3369.382622651756,252.95007705688477,3113.5230712890625,116,0,1,42,0,604.2450590133667,154.66630422882736,21.436415987089276,67.85494400933385,20.748223938047886,177.20528030395508,8.895648121833801,60.2902717590332,6.558876872062683,cache_w8a8_m4k2v2,large_h6_n32_s100,c1b0423e610e1bdfff0851aca4c8f77260c89302b9e44ed5cca2e3ebdb5250d8,19.519744873046875,1592.8662084937096,645.8218908309937,894.3547168374062,30408704,847872,847872,4956
pubmed_node,test,148,48,pubmed_node:test:000048:cc83edcf78d223d0,1,4520.915697,4520.86669921875,4420.627422,99.363723,145.72132099419832,42.468623258173466,17.60764606297016,3988.420210778713,283.0692481994629,3701.8112182617188,143,0,1,42,0,610.1805152893066,164.08243218902498,21.705535972490907,67.9415679499507,19.985472010448575,191.61878395080566,9.449535965919495,74.87132740020752,7.129600882530212,cache_w8a8_m4k2v2,large_h6_n32_s100,cc83edcf78d223d0d392a1ee81ff3f8507247e5e4bef62929223c2184330f9a8,19.592031478881836,1960.9688023924828,651.8151035308838,1108.619343817234,37486592,847872,847872,6090
pubmed_node,test,149,49,pubmed_node:test:000049:e497dd95e34cc6bc,1,4103.419464,4103.37353515625,4003.603951,99.260178,145.11647261679173,42.57344175130129,16.14939048886299,3609.1501861810684,264.977596282959,3340.9154663085938,131,0,1,36,0,518.7989149093628,134.57071982044727,18.280415982939303,59.25846403092146,17.168256010860205,180.40092658996582,8.760991930961609,69.06307125091553,6.752606511116028,cache_w8a8_m4k2v2,large_h6_n32_s100,e497dd95e34cc6bc57fae18ce70db9439ab158603be0337098495e92beda9af8,19.546464920043945,1796.732125401497,554.5540180206299,1009.1757878065109,34340864,651264,651264,5586
pubmed_node,test,150,50,pubmed_node:test:000050:7b7965113887ca50,1,3856.208819,3856.1640625,3756.838636,98.869159,139.7134969010949,42.58224368095398,14.926549978554249,3379.587118513882,250.68246459960938,3125.8489379882812,121,0,1,36,0,515.476224899292,133.4104000767693,18.14319999422878,57.896031990647316,17.158656002022326,172.58396911621094,8.498079895973206,63.13011169433594,6.470303893089294,cache_w8a8_m4k2v2,large_h6_n32_s100,7b7965113887ca5031851a3b5cae8afdb87c82848b0832627bc30d276681a87b,19.62598419189453,1661.9394231140614,551.1611814498901,932.3743176162243,31719424,651264,651264,5166
pubmed_node,test,151,51,pubmed_node:test:000051:04965679593e9f15,1,8344.53218,8344.4638671875,8245.044243,98.289182,186.53547950088978,42.60982479900122,21.73750102519989,7762.992333620787,613.5704956054688,7145.1572265625,175,0,1,222,0,3363.7586793899536,774.8388161547482,115.28467200137675,609.8866208903491,108.56131204217672,480.99610137939453,24.302303552627563,92.49372959136963,15.778361082077026,cache_w8a8_m4k2v2,large_h6_n32_s100,04965679593e9f15aadee6ce9ec44be05118439dc794bc7395bb301492dc35a1,19.606815338134766,2386.1737601161003,3587.2430028915405,1191.347278892994,45875200,6746112,6746112,7434
pubmed_node,test,152,52,pubmed_node:test:000052:3996805805fbe56a,1,4816.19501,4816.14013671875,4731.184736,84.323212,146.74419816583395,44.44134421646595,16.727601177990437,4324.47805441916,348.5685729980469,3972.5274658203125,136,0,1,72,0,1038.6208934783936,266.2475844612345,38.13254394475371,117.02249586209655,34.12470402568579,254.91350555419922,13.441120147705078,71.06527996063232,9.148667335510254,cache_w8a8_m4k2v2,large_h6_n32_s100,3996805805fbe56a4e80c2f6a6a849c36740ea93d8ca34ca2f157b01489cce16,19.815231323242188,1861.703326612711,1110.0392026901245,1020.6001678407192,35651584,1830912,1830912,5796
pubmed_node,test,153,53,pubmed_node:test:000053:84caee7eab94e4a3,1,4847.430747,4847.38037109375,4748.246442,98.310843,177.02037002891302,42.6514009013772,17.99741666764021,4315.1439018547535,364.30860900878906,3947.2390747070312,146,0,1,54,0,779.9056949615479,199.02943987492472,28.230816001072526,88.88943984359503,25.539488021284342,264.51004791259766,13.301087856292725,77.03385639190674,9.463616847991943,cache_w8a8_m4k2v2,large_h6_n32_s100,84caee7eab94e4a3d3dca23e7db76907101cc520ae37235928f00b2513ada0d0,19.644832611083984,1996.8720643520355,833.5140190124512,1136.4978239536285,38273024,1241088,1241088,6216
pubmed_node,test,154,54,pubmed_node:test:000054:60cf5b2b1cff556b,1,5039.082982,5039.03173828125,4939.318148,99.161249,158.9241297915578,42.66156256198883,18.81258375942707,4529.056694358587,435.9417266845703,4089.353759765625,153,0,1,36,0,789.8187761306763,158.22787228412926,20.565216014161706,303.4489848949015,17.157024004496634,327.30130767822266,16.439136028289795,80.96236801147461,11.238914966583252,cache_w8a8_m4k2v2,large_h6_n32_s100,60cf5b2b1cff556b573a716663a5e12f6dabe5cf7a02040394d979ce8d820db3,19.672895431518555,2097.90220913291,825.7770471572876,1185.3473989069462,40108032,651264,651264,6510
pubmed_node,test,155,55,pubmed_node:test:000055:0cd7bd1f4d474437,1,4791.743111,4791.693359375,4691.971762,99.223371,187.89404164999723,42.739737778902054,18.649852834641933,4228.477954864502,343.28403091430664,3881.4749755859375,151,0,1,42,0,616.9458875656128,167.53936009760946,21.472287960350513,68.49504002928734,19.891552011482418,242.12175750732422,12.228416204452515,80.09161567687988,8.842241525650024,cache_w8a8_m4k2v2,large_h6_n32_s100,0cd7bd1f4d474437727e6d36d3372e09401a89c893698a2921b187409d32a845,19.59619140625,2066.418495476246,660.3998727798462,1174.2527987360954,39583744,847872,847872,6426
pubmed_node,test,156,56,pubmed_node:test:000056:50522fedf5f4b732,1,4383.624441,4383.578125,4284.012049,98.700376,139.43203911185265,42.73927863687277,16.66251663118601,3881.204447709024,258.81248474121094,3619.0186157226562,136,0,1,48,0,687.2066230773926,177.4934078939259,25.001663970761,76.98646403849125,22.796416024677455,172.88930892944336,8.365343928337097,71.02182388305664,6.53600800037384,cache_w8a8_m4k2v2,large_h6_n32_s100,50522fedf5f4b732f7ae64a688a066545291efd033492bd4c3e36e10934d3937,19.727136611938477,1863.8819487690926,734.7290563583374,1040.1347472071648,35651584,1044480,1044480,5796
pubmed_node,test,157,57,pubmed_node:test:000057:6ca8b24969226636,1,4137.27906,4137.23388671875,4037.37024,99.324129,131.55140541493893,42.65601094812155,15.68808127194643,3673.0023128911853,386.2756805419922,3283.533447265625,128,0,1,36,0,517.5977325439453,136.48588799592108,18.592384002171457,57.94118398800492,17.233984020538628,293.69078063964844,15.420543909072876,66.95670318603516,10.207652807235718,cache_w8a8_m4k2v2,large_h6_n32_s100,6ca8b24969226636d68b1aa8eb5c06203e5629fbc4607a5daa5a302ea65ee9d6,19.666048049926758,1756.708549618721,553.2841300964355,993.2068156003952,33554432,651264,651264,5460
pubmed_node,test,158,58,pubmed_node:test:000058:cff7541939361e66,1,2496.162887,2496.1259765625,2397.281827,98.425551,92.5584090873599,43.714120984077454,8.822289295494556,2151.406771503389,121.91401672363281,2027.6257629394531,69,0,1,36,0,511.0334072113037,136.23318390361965,18.00428798981011,59.57996804267168,17.92223999556154,79.27654361724854,3.7148160338401794,35.80313587188721,3.119521200656891,cache_w8a8_m4k2v2,large_h6_n32_s100,cff7541939361e6689eb7eead5b23eba1fa8ae840dc04994612240e6dc89976c,20.483200073242188,954.1070388257504,546.9078702926636,547.0940538942814,18087936,651264,651264,2982
pubmed_node,test,159,59,pubmed_node:test:000059:93be0c01a6c5f92c,1,4334.341836,4334.2939453125,4235.030107,98.422105,163.65686245262623,42.01403260231018,20.153021439909935,3814.9241097271442,373.4435577392578,3438.1318969726562,135,0,1,36,0,505.12780570983887,132.478240089491,18.265760007314384,59.648896001279354,17.575104023329914,278.33824157714844,14.395583868026733,70.92249584197998,9.787236452102661,cache_w8a8_m4k2v2,large_h6_n32_s100,93be0c01a6c5f92c81b9cef6d17f434e97d4b66d096fc194d3275878d90c61f5,19.224512100219727,1851.5710723102093,540.8876132965088,1064.897723466158,35389440,651264,651264,5754
pubmed_node,test,160,60,pubmed_node:test:000060:ac536cd4273a65d1,1,3436.244147,3436.201416015625,3336.269974,99.489596,115.57546444237232,42.41857398301363,13.010578230023384,3016.691251657903,211.92479705810547,2802.081024169922,106,0,1,36,0,513.647967338562,132.92355191055685,18.221567974425852,58.4739840105176,17.035776005126536,144.41625785827637,7.037215948104858,54.99286365509033,5.478459596633911,cache_w8a8_m4k2v2,large_h6_n32_s100,ac536cd4273a65d105fcd390471eca4ba8f8f1a227b86a24c1fc0ac62eeb1adf,19.574079513549805,1458.198049157858,549.2995834350586,814.1574710905552,27787264,651264,651264,4536
pubmed_node,test,161,61,pubmed_node:test:000061:0e5b04777b348e6b,1,4561.625207,4561.578125,4460.812744,100.126472,390.561924315989,42.87561494857073,18.288901075720787,3819.7033992037177,306.85523223876953,3509.4448852539062,137,0,1,36,0,520.7227516174316,147.40819226484746,17.823103979229927,61.19651197269559,17.858656000345945,215.28643035888672,10.931104063987732,72.69708728790283,7.9406105279922485,cache_w8a8_m4k2v2,large_h6_n32_s100,0e5b04777b348e6b65f0b87387321b834b0f252437bea5bc57a98ed27d5db5e3,19.71455955505371,1879.8726721704006,556.6236152648926,1092.6631573736668,35913728,651264,651264,5838
pubmed_node,test,162,62,pubmed_node:test:000062:f945c18bd80c433e,1,6880.836762,6880.77783203125,6794.497795,85.138732,210.6036525219679,42.196313850581646,23.483206517994404,6298.048245720565,387.31980895996094,5906.873107910156,157,0,1,180,0,2514.8324489593506,626.6347844759002,91.44854401797056,299.75260796770453,90.22211211454123,280.34236907958984,14.487935781478882,82.37033557891846,10.119168519973755,cache_w8a8_m4k2v2,large_h6_n32_s100,f945c18bd80c433e97068bc240138b2d4da577e14153fcbe204cb6d538b701d8,19.276607513427734,2144.186749190092,2694.282205581665,1087.6807606518269,41156608,5366784,5366784,6678
pubmed_node,test,163,63,pubmed_node:test:000063:fc63015e807a4ceb,1,4339.056855,4339.0009765625,4238.017079,100.232507,182.48222302645445,42.36708860844374,20.099603570997715,3796.8624299392104,286.8858222961426,3506.6554565429688,133,0,1,42,0,600.6510705947876,155.56073582358658,21.021760007366538,74.52131183817983,22.574816059321165,199.0483512878418,9.886399865150452,70.55628776550293,7.3947833776474,cache_w8a8_m4k2v2,large_h6_n32_s100,fc63015e807a4ceb5a7fbb1dc4610c60b319b8774cbad74c9faf954df975d35a,19.29136085510254,1823.4702389538288,642.8802270889282,1059.5963513553143,34865152,847872,847872,5670
pubmed_node,test,164,64,pubmed_node:test:000064:e7276ff50bf2d168,1,4096.252915,4096.2080078125,4012.050662,83.301242,201.15295331925154,42.2869510948658,19.01822816580534,3568.6495853587985,278.78351974487305,3286.6686401367188,128,0,1,36,0,510.31001377105713,134.12214416172355,17.748895986936986,60.86566401645541,17.566336009651423,194.8620491027832,9.688607931137085,66.98800086975098,7.244861841201782,cache_w8a8_m4k2v2,large_h6_n32_s100,e7276ff50bf2d1688edaab506e57b14728aabd3647c19b69b1b16e2284bbd4d7,19.373920440673828,1757.1763189435005,546.2604484558105,1002.6057931780815,33554432,651264,651264,5460
pubmed_node,test,165,65,pubmed_node:test:000065:55f60a9b1367d712,1,5378.582715,5378.5322265625,5278.53532,99.461286,394.01000551879406,43.03309880197048,16.879143193364143,4623.793546110392,322.38000106811523,4298.050537109375,135,0,1,96,0,1392.2040300369263,366.2912644157186,52.11964793782681,154.5559680275619,45.51897601690143,231.12508392333984,11.910879969596863,70.95942401885986,8.384613156318665,cache_w8a8_m4k2v2,large_h6_n32_s100,55f60a9b1367d71255a7a57023ab4661ebce125f953e8f19ae6777e8777fc1a5,19.78563117980957,1848.1456948518753,1487.4243183135986,982.2661551237106,35389440,2617344,2617344,5754
pubmed_node,test,166,66,pubmed_node:test:000066:4066d12046f9dacd,1,6291.267702,6291.21240234375,6191.338683,99.294838,158.41630473732948,42.6655737683177,20.115009509027004,5745.97158189863,356.23244857788086,5385.8236083984375,160,0,1,132,0,1936.093210220337,502.9488965831697,74.5073919808492,217.67667197808623,63.89040003158152,249.87836837768555,12.680351734161377,84.64400005340576,9.029728412628174,cache_w8a8_m4k2v2,large_h6_n32_s100,4066d12046f9dacdc07bdde07aa5ce08f796d45e75a7ce73fc14f7d40660c46e,19.6312313079834,2187.90204590559,2067.4447317123413,1150.1080620884895,41943040,3796992,3796992,6804
pubmed_node,test,167,67,pubmed_node:test:000067:cbe157102c8ae59e,1,3998.124858,3998.07861328125,3899.15781,98.333358,155.84804117679596,42.755174450576305,15.702870674431324,3521.9829427078366,272.77587127685547,3246.046875,126,0,1,36,0,518.3022375106812,136.04223999008536,18.393279978074133,57.865791976451874,17.087839990854263,189.86480140686035,9.524927854537964,66.32278442382812,7.063357591629028,cache_w8a8_m4k2v2,large_h6_n32_s100,cbe157102c8ae59ef523b800ed37835e1c8438c7a61a1a7a9a4cddc97ce91b75,19.682048797607422,1731.364767640829,553.8529920578003,980.511164098978,33030144,651264,651264,5376
pubmed_node,test,168,68,pubmed_node:test:000068:9b60ed8d2b00f5f2,1,4699.904011,4699.8564453125,4599.988542,99.309297,142.95473974198103,43.15305594354868,17.380932345986366,4174.437536858022,326.5122871398926,3843.5992431640625,139,0,1,42,0,602.3651781082153,156.51849600393325,21.48156798630953,67.8271679840982,19.930144022218883,232.54557037353516,11.85699200630188,73.69382286071777,8.415901899337769,cache_w8a8_m4k2v2,large_h6_n32_s100,9b60ed8d2b00f5f2422349318b0df00c3ce28ed976f2d9d9ffa8c4b192df89b3,19.763328552246094,1906.9080327153206,644.0552959442139,1312.3992430567741,36438016,847872,847872,5922
pubmed_node,test,169,69,pubmed_node:test:000069:1b821a2edf8cd3ae,1,4386.231692,4386.18603515625,4284.591438,100.995971,151.60054061561823,42.605300433933735,16.99989754706621,3857.573230750859,278.9813766479492,3575.2190551757812,136,0,1,42,0,622.2635831832886,164.4235840467736,22.65311997011304,71.12214398384094,20.76124801300466,191.3473606109619,9.421216011047363,71.04127979278564,7.171520233154297,cache_w8a8_m4k2v2,large_h6_n32_s100,1b821a2edf8cd3ae39bb4369cf053caa4bd7994099ab79037107cdccdb498174,19.56604766845703,1868.4604533612728,664.0976610183716,1062.226988464594,35651584,847872,847872,5796
pubmed_node,test,170,70,pubmed_node:test:000070:54e3bd3808518f0b,1,3469.970355,3469.9287109375,3370.744984,98.426943,157.5186187401414,42.69421752542257,12.775054201483727,2993.518142029643,207.73702239990234,2783.1368408203125,104,0,1,36,0,523.9118709564209,137.258495811373,21.33251203596592,58.22572795674205,17.534944004379213,140.9015998840332,6.90009605884552,54.604352951049805,5.330973505973816,cache_w8a8_m4k2v2,large_h6_n32_s100,54e3bd3808518f0b66d62de2c51b0a565078f8e6db21ff6bffcb299d6bf7b60e,19.710336685180664,1434.000894576311,559.6331510543823,809.2131318747997,27262976,651264,651264,4452
pubmed_node,test,171,71,pubmed_node:test:000071:f47000deb1356df6,1,4387.872176,4387.82666015625,4288.959115,98.294348,140.2723267674446,42.6411060616374,16.705015674233437,3886.9029423221946,257.2940483093262,3626.2412109375,136,0,1,48,0,690.4813137054443,178.38806388992816,25.17491198796779,79.94841608032584,22.726015996187925,171.68768119812012,8.226047992706299,70.85036659240723,6.529952526092529,cache_w8a8_m4k2v2,large_h6_n32_s100,f47000deb1356df68cbb91ce649afc679d94cb2c77720540c09bcd54ca965ae5,19.696128845214844,1864.1275204718113,738.0737581253052,1043.7360611855984,35651584,1044480,1044480,5796
pubmed_node,test,172,72,pubmed_node:test:000072:7fe249ff02bbba24,1,4450.109198,4450.06298828125,4350.466721,99.077683,169.44621969014406,42.84295067191124,17.265312373638153,3933.664201758802,328.92364501953125,3601.2332153320312,142,0,1,36,0,514.8744974136353,138.26883222535253,18.042207985185087,57.62515201792121,16.903455996885896,233.3567657470703,12.077087879180908,74.99145698547363,8.498334407806396,cache_w8a8_m4k2v2,large_h6_n32_s100,7fe249ff02bbba24f3869e0575ea3cbed5d084b7bcc58233a4e31875ea62b1cb,19.61555290222168,1950.128574848175,550.522045135498,1120.1981482505798,37224448,651264,651264,6048
pubmed_node,test,173,73,pubmed_node:test:000073:2795fe59edf94b3d,1,4345.165504,4345.1201171875,4244.912349,99.236887,145.85642982274294,42.42226667702198,16.67526550590992,3845.5046620219946,291.9204216003418,3550.1773071289062,137,0,1,42,0,587.0961265563965,154.4816638752818,20.765151984989643,70.76886396482587,20.634624014608562,202.09526824951172,9.939551949501038,72.40550422668457,7.48009717464447,cache_w8a8_m4k2v2,large_h6_n32_s100,2795fe59edf94b3dd37560133104646072cd2375afdbe24276ffc03dce6f52df,19.549951553344727,1878.9856615364552,628.9768314361572,1061.7647657096386,35913728,847872,847872,5838
pubmed_node,test,174,74,pubmed_node:test:000074:c660272095b2fe0e,1,4977.49092,4977.4423828125,4877.759757,98.999914,152.62119844555855,42.23879985511303,20.881367847323418,4435.417115688324,309.8652763366699,4122.068176269531,140,0,1,54,0,740.7137298583984,191.01286390703171,25.796768008731306,91.86729600280523,26.878272055648267,216.84719848632812,11.105728149414062,73.93596839904785,7.976381301879883,cache_w8a8_m4k2v2,large_h6_n32_s100,c660272095b2fe0e5a7edc592447567790f62b38c06598a0f083ca18aa86d958,19.241472244262695,1918.9401909410954,794.7177886962891,1427.6516688764095,36700160,1241088,1241088,5964
pubmed_node,test,175,75,pubmed_node:test:000075:b03d921fe5b9c14c,1,4881.725589,4881.67626953125,4782.310065,98.743233,226.98253020644188,42.59254690259695,24.072766304016113,4262.363048270345,330.0965766906738,3928.6674194335938,146,0,1,54,0,752.5256967544556,191.7651200676337,25.990304016508162,91.28905601426959,26.88934402447194,232.64213943481445,11.87987208366394,77.13539123535156,8.439173936843872,cache_w8a8_m4k2v2,large_h6_n32_s100,b03d921fe5b9c14c9a8c490cba065585eb82fc52471162730a603397cf4fa2cd,19.269023895263672,2003.7420519590378,806.2947225570679,1137.8996688127518,38273024,1241088,1241088,6216
pubmed_node,test,176,76,pubmed_node:test:000076:1e30b8819181849e,1,3982.198845,3982.145751953125,3881.598344,99.671055,138.54231499135494,43.93949918448925,15.120443888008595,3482.999430038035,257.8411521911621,3222.0302734375,125,0,1,36,0,516.9753923416138,135.34796821232885,18.449119999073446,58.743583992123604,17.021983990445733,176.5989112854004,8.684255957603455,65.90080165863037,6.657183289527893,cache_w8a8_m4k2v2,large_h6_n32_s100,1e30b8819181849e06b9acca4663bf0924d6038e1b04e81b6c0522e8e4be39f0,19.63920021057129,1716.9362572431564,552.6135377883911,972.1196786165237,32768000,651264,651264,5334
pubmed_node,test,177,77,pubmed_node:test:000077:95f813a7bde8a87a,1,4448.88924,4448.84423828125,4349.103431,99.209731,147.35153876245022,42.397367767989635,16.81672688573599,3926.4135686680675,324.8025932312012,3598.1847534179688,139,0,1,42,0,599.9402875900269,154.71120015345514,21.372447992675006,67.41417599096894,19.786528032273054,231.04314041137695,11.712607979774475,73.65286350250244,8.393981337547302,cache_w8a8_m4k2v2,large_h6_n32_s100,95f813a7bde8a87a0c48f63e3d516e88b92bceb0a8aa065f68c986cf59d1477c,19.517120361328125,1905.2140465974808,641.6853771209717,1070.8024500608444,36438016,847872,847872,5922
pubmed_node,test,178,78,pubmed_node:test:000078:607ae7b92dac833f,1,4290.238591,4290.1943359375,4191.938283,97.778056,160.3373195976019,42.87590179592371,16.83309394866228,3756.135086528957,272.0419502258301,3480.7070922851562,137,0,1,36,0,518.6278390884399,134.64156808611006,18.17273599281907,58.515007980167866,17.146560010500252,183.47321701049805,9.000639915466309,72.65116786956787,6.916925430297852,cache_w8a8_m4k2v2,large_h6_n32_s100,607ae7b92dac833f74b3d705d999c237e2231065da95b22db3d25932a9a86990,19.580127716064453,1880.6435822248459,554.4295053482056,1065.2141324281693,35913728,651264,651264,5838
pubmed_node,test,179,79,pubmed_node:test:000079:c728fa0c915a11a6,1,4624.357125,4624.310546875,4524.118152,99.336679,147.61545043438673,42.44324751198292,18.23700126260519,4121.684507466853,303.77827072143555,3814.267822265625,148,0,1,42,0,611.9089937210083,163.82396785821766,21.643967958167195,67.5303360298276,20.260672014206648,208.06169891357422,10.332287907600403,77.69939136505127,7.684892535209656,cache_w8a8_m4k2v2,large_h6_n32_s100,c728fa0c915a11a63655d60e86f94618f0f6af4ad190c1127214744f205d9197,19.554912567138672,2031.9825582504272,653.555365562439,1148.2848110198975,38797312,847872,847872,6300
pubmed_node,test,180,80,pubmed_node:test:000080:e489ab5aa16ad361,1,4515.452409,4515.40673828125,4416.787887,98.088337,390.2437575161457,42.9352717474103,16.83531329035759,3753.401478752494,272.6176300048828,3477.386962890625,137,0,1,36,0,517.1869764328003,134.20851207058877,18.304895985871553,58.25840002670884,17.129887999035418,184.00089836120605,9.04364812374115,72.65260791778564,6.920475602149963,cache_w8a8_m4k2v2,large_h6_n32_s100,e489ab5aa16ad361ac82f25d9917a49549e66e4144a6359de5bdb7a8bff64e94,19.751615524291992,1878.0992621779442,553.1022720336914,1065.9370442032814,35913728,651264,651264,5838
pubmed_node,test,181,81,pubmed_node:test:000081:639e82c690320186,1,5799.222843,5799.169921875,5698.936862,99.637839,173.91983419656754,42.76573937386274,19.448173232376575,5273.225141689181,475.6255416870117,4793.872009277344,152,0,1,102,0,1503.661213874817,409.24307289067656,55.29935997817665,165.82639991864562,48.3277120096609,364.35634994506836,18.422240018844604,80.56940841674805,12.277543306350708,cache_w8a8_m4k2v2,large_h6_n32_s100,639e82c6903201868fffe9ba56c18faf2953e4266ff373c63f7a3b4417c0d98a,19.64227294921875,2080.946174174547,1605.20179271698,1127.3663153350353,39845888,2813952,2813952,6468
pubmed_node,test,182,82,pubmed_node:test:000082:9277a69c2d4ff03f,1,3992.925292,3992.881103515625,3893.182228,99.140469,127.29896232485771,42.999325320124626,16.02619979530573,3507.0618744939566,248.33759689331055,3255.52197265625,127,0,1,36,0,514.9630718231201,134.21158406790346,18.62083203252405,57.92211191728711,17.095455998554826,167.19148635864258,8.18672001361847,66.63574504852295,6.32364547252655,cache_w8a8_m4k2v2,large_h6_n32_s100,9277a69c2d4ff03f8056d1e05ddc06c45adfda05915b96d87c87ae3b3c74cca2,19.793920516967773,1743.9146561324596,550.6231985092163,980.7780385315418,33292288,651264,651264,5418
pubmed_node,test,183,83,pubmed_node:test:000083:071e45b55714c11d,1,6838.702365,6838.64599609375,6739.161505,98.790374,170.88616359978914,42.6410511136055,19.72375623881817,6269.86822579056,338.44713973999023,5927.5115966796875,160,0,1,150,0,2463.3300561904907,523.146175977774,441.7268333816901,250.47248002886772,76.68998409807682,233.35846710205078,11.678399920463562,84.82307243347168,8.587200284004211,cache_w8a8_m4k2v2,large_h6_n32_s100,071e45b55714c11d0bcd950896db4631c3a3b31855a30badeedc11b54474f817,19.627328872680664,2185.9565135240555,2612.4634504318237,1148.718961596489,41943040,4386816,4386816,6804
pubmed_node,test,184,84,pubmed_node:test:000084:0aefa7b0f9ba4c89,1,4386.274466,4386.22607421875,4285.579816,99.723082,179.7088049352169,42.679925449192524,20.383210852742195,3828.0759947374463,279.3235855102539,3545.363037109375,136,0,1,42,0,586.5880336761475,149.01395193021744,22.74598390609026,72.04976001009345,20.963872025720775,191.54425430297852,9.533920049667358,71.07564735412598,7.169763803482056,cache_w8a8_m4k2v2,large_h6_n32_s100,0aefa7b0f9ba4c893a74e0af95dd47238a3241485509059b50b447d877952138,19.378496170043945,1862.068865776062,628.5102071762085,1074.1624603271484,35651584,847872,847872,5796
pubmed_node,test,185,85,pubmed_node:test:000085:44af8736f2ee842a,1,4704.097183,4704.0498046875,4605.478801,98.014242,148.29176850616932,42.50531271100044,17.783287912607193,4208.9942982420325,405.0212097167969,3798.9402465820312,144,0,1,48,0,695.3480319976807,184.4601278603077,24.937727990560234,78.02323195710778,22.751136007718742,303.90585708618164,15.324608087539673,75.33391952514648,10.456825017929077,cache_w8a8_m4k2v2,large_h6_n32_s100,44af8736f2ee842a9f6e8ed9db8c14cba727c01ed658a9651defd5b4f47aa5ec,19.583967208862305,1970.6432949900627,743.0673599243164,1104.8135588765144,37748736,1044480,1044480,6132
pubmed_node,test,186,86,pubmed_node:test:000086:9649de8f427ad633,1,3187.442906,3187.404052734375,3102.661187,84.341347,112.93274722993374,42.666273191571236,11.319180019199848,2787.3110100626945,185.54950523376465,2599.4214477539062,91,0,1,42,0,620.5088987350464,162.82079986296594,21.544287999160588,68.21087998896837,19.89167998265475,126.4993896484375,6.123840093612671,48.12409687042236,4.802178621292114,cache_w8a8_m4k2v2,large_h6_n32_s100,9649de8f427ad6332dca216b73a896062b914fd87da811a84b39d2e948208f24,19.599199295043945,1254.6159671545029,662.157603263855,702.2470766305923,23855104,847872,847872,3906
pubmed_node,test,187,87,pubmed_node:test:000087:5f2b558a627a92a4,1,5008.572029,5008.5244140625,4924.300548,83.361799,163.6743964627385,42.61497035622597,18.23168434202671,4482.0798533037305,370.258846282959,4108.1724853515625,148,0,1,60,0,905.1741485595703,260.6994546856731,32.488319993019104,96.62233592197299,28.469248024746776,269.2333755493164,13.735231876373291,77.77027225494385,9.51996660232544,cache_w8a8_m4k2v2,large_h6_n32_s100,5f2b558a627a92a4e289fe7898e752dfdb14fff338a7546a623f8c6c2f87f574,19.60166358947754,2027.8853734731674,964.9758148193359,1134.9129606485367,38797312,1437696,1437696,6300
pubmed_node,test,188,88,pubmed_node:test:000088:d8179ee3370e3fc4,1,4387.983122,4387.9384765625,4289.046291,98.357592,147.99686428159475,42.63729881495237,17.319081351161003,3888.1387654691935,319.525634765625,3565.1292114257812,141,0,1,36,0,517.4635515213013,137.6560958046466,18.08553600218147,58.47484800964594,17.33107197098434,225.3147850036621,11.31823980808258,74.69276809692383,8.199841856956482,cache_w8a8_m4k2v2,large_h6_n32_s100,d8179ee3370e3fc4eb0560f5a30f626d7fd6cc39a2b8ae0e7ff98b7c00499e0e,19.652511596679688,1935.7544014751911,553.1401262283325,1095.8871953189373,36962304,651264,651264,6006
pubmed_node,test,189,89,pubmed_node:test:000089:dbe523de1d129d00,1,5051.235878,5051.18798828125,4951.578073,99.005465,430.6467715650797,43.077901005744934,18.872594460844994,4270.040008239448,435.24688720703125,3831.0249633789062,153,0,1,36,0,516.3279037475586,135.23887994419783,18.329344008117914,58.016863979399204,17.184576000086963,326.66864013671875,16.425439834594727,80.91692924499512,11.235877990722656,cache_w8a8_m4k2v2,large_h6_n32_s100,dbe523de1d129d00ecc0a0263440a30b5a0821c8a82ac6265bcc5f483f7bef56,19.671648025512695,2096.4133082330227,552.2207727432251,1202.0625304281712,40108032,651264,651264,6510
pubmed_node,test,190,90,pubmed_node:test:000090:0e1888bcce7e0a82,1,4391.519555,4391.4677734375,4291.121726,99.537873,137.28943839669228,42.64923743903637,16.7365875095129,3892.498444765806,258.8338279724121,3630.271484375,136,0,1,48,0,696.0039339065552,182.87868788372725,24.801151981577277,78.68367990106344,22.827392010949552,172.7473602294922,8.418336033821106,71.12428665161133,6.543845057487488,cache_w8a8_m4k2v2,large_h6_n32_s100,0e1888bcce7e0a82b44d6f2511225808a9d77400d3313818c318961602b7d404,19.7127685546875,1863.8483536839485,743.8875503540039,1042.248348891735,35651584,1044480,1044480,5796
pubmed_node,test,191,91,pubmed_node:test:000091:a43bc1cfe7ace57c,1,4790.248705,4790.19873046875,4690.486198,99.161933,148.4061786904931,42.64248628169298,18.026326783001423,4261.592107824981,328.91580963134766,3929.0731811523438,146,0,1,54,0,773.4305639266968,200.8281598817557,27.71702396403998,87.40124802291393,25.66502403281629,231.5051155090332,11.749087810516357,77.21500778198242,8.446598529815674,cache_w8a8_m4k2v2,large_h6_n32_s100,a43bc1cfe7ace57cd139bcad7a0ab6633f08f9bd44f0a0b81886662cc10a6b9d,19.648096084594727,2002.8354243040085,827.0031366348267,1118.8827162981033,38273024,1241088,1241088,6216
pubmed_node,test,192,92,pubmed_node:test:000092:b36484c475f00c92,1,4841.366186,4841.31884765625,4740.770938,99.719258,184.92135126143694,42.864516377449036,20.168242044746876,4307.497621513903,336.64691162109375,3967.1408081054688,151,0,1,48,0,691.0099830627441,177.26796810142696,27.108415977098048,76.7173119969666,22.81734400615096,235.93427276611328,11.85811185836792,80.28988838195801,8.564638614654541,cache_w8a8_m4k2v2,large_h6_n32_s100,b36484c475f00c9250a0cee15ea6c40058ece27eaea32833cfe127c27a9360c4,19.602943420410156,2071.139103025198,738.5949468612671,1177.0097016394138,39583744,1044480,1044480,6426
pubmed_node,test,193,93,pubmed_node:test:000093:c6a82e86e47bac14,1,4929.502946,4929.4560546875,4829.387349,99.474823,152.3701697587967,42.57485922425985,18.001907505095005,4421.714007854462,322.7052803039551,4095.3584594726562,149,0,1,60,0,883.5260791778564,242.99321681912988,31.629184012301266,96.32502400130033,28.856191959232092,224.51305389404297,11.228639960289001,78.78358364105225,8.180002808570862,cache_w8a8_m4k2v2,large_h6_n32_s100,c6a82e86e47bac14f84b3d6a539532abed4ac545ffa45218d57795629d917b9c,19.550752639770508,2041.9148143231869,945.073278427124,1127.9211193621159,39059456,1437696,1437696,6342
pubmed_node,test,194,94,pubmed_node:test:000094:27595849eae12cf5,1,6536.698875,6536.64404296875,6437.551192,98.202141,432.48697742819786,43.15010458230972,24.09831527620554,5728.167211636901,356.1933174133301,5368.059143066406,160,0,1,132,0,1916.8787183761597,492.0468802154064,72.80847995821387,212.82566388696432,63.09936002921313,249.61005020141602,12.739423990249634,84.81049633026123,9.033346891403198,cache_w8a8_m4k2v2,large_h6_n32_s100,27595849eae12cf524861ce62cb215ae8857309cb9ffb1d2992b2472befc0dfe,19.687807083129883,2186.4119653999805,2048.168315887451,1153.1666688621044,41943040,3796992,3796992,6804
pubmed_node,test,195,95,pubmed_node:test:000095:75f95245a584a86f,1,4799.968474,4799.92138671875,4715.34921,84.036671,134.88422613590956,42.65371710062027,16.75427518785,4337.5692358240485,347.84582138061523,3986.3527221679688,136,0,1,72,0,1051.1144618988037,272.73993595317006,38.2690239911899,115.51609603688121,34.04652801435441,254.5621452331543,12.947328090667725,71.1954870223999,9.14086103439331,cache_w8a8_m4k2v2,large_h6_n32_s100,75f95245a584a86f50120a8e60408a975963499387e6aea3d34a8cb481684f98,19.638944625854492,1860.0554561913013,1122.604928970337,1023.331281632185,35651584,1830912,1830912,5796
pubmed_node,test,196,96,pubmed_node:test:000096:9cca7ad5bf77c4ae,1,3971.159561,3971.11669921875,3886.589207,83.961407,152.59812027215958,43.464903719723225,15.4915452003479,3523.3650086447597,266.5673942565918,3253.6399536132812,126,0,1,36,0,523.7358093261719,134.46140812058002,20.517407928593457,58.28188797831535,17.13382399082184,184.13270378112793,9.148671984672546,66.43075275421143,6.855265736579895,cache_w8a8_m4k2v2,large_h6_n32_s100,9cca7ad5bf77c4aec96df7382a1a7eb9eec45b5e1faa27785028caf5a5d45f35,20.436256408691406,1730.606433302164,559.55309009552,983.9166866242886,33030144,651264,651264,5376
pubmed_node,test,197,97,pubmed_node:test:000097:fd300ec3bf295ee4,1,3981.705781,3981.66357421875,3881.810949,99.337616,129.25499491393566,42.937569320201874,15.601561404764652,3507.376733236015,248.1473274230957,3256.0635375976562,127,0,1,36,0,516.9648303985596,134.70076792500913,18.615615990944207,58.576255932450294,17.266112020239234,167.05536079406738,8.105696082115173,66.6632308959961,6.323039650917053,cache_w8a8_m4k2v2,large_h6_n32_s100,fd300ec3bf295ee4f29ff68b5748f3cbda5867a2448890adc456988ff858a286,19.77984046936035,1743.477344930172,552.7581434249878,979.6078897118568,33292288,651264,651264,5418
pubmed_node,test,198,98,pubmed_node:test:000098:27de4e1c0f45adff,1,5187.537178,5187.4892578125,5088.606682,98.329713,412.0160071179271,42.879137210547924,18.747316673398018,4401.813006959856,416.75538635253906,3981.3169555664062,152,0,1,48,0,692.8064022064209,179.546368021518,25.205759970471263,77.33299192413688,23.497984005138278,309.5371513366699,15.773535966873169,80.63401508331299,10.810683965682983,cache_w8a8_m4k2v2,large_h6_n32_s100,27de4e1c0f45adff8794c7ab70c9dfbf30ad39aeac66ed3a1aacb31b17f2af26,19.720191955566406,2084.0160623788834,740.4356136322021,1176.5854715108871,39845888,1044480,1044480,6468
pubmed_node,test,199,99,pubmed_node:test:000099:3a7e088e09e0daa5,1,4229.677354,4229.6337890625,4144.975386,84.197193,152.67303306609392,42.57496166974306,16.34539756923914,3758.6149852722883,287.74201583862305,3467.5650634765625,133,0,1,42,0,598.4488000869751,154.78668800648302,21.358207982964814,67.15667188540101,20.34102398250252,199.5282211303711,10.042431831359863,70.76569557189941,7.405667304992676,cache_w8a8_m4k2v2,large_h6_n32_s100,3a7e088e09e0daa53991f7e02a0fb93b50badd7ad23ca27c2a68f54b9385e8c3,19.596576690673828,1825.4138876199722,640.089695930481,1021.6580566167831,34865152,847872,847872,5670
pubmed_node,val,0,0,pubmed_node:val:000000:90da514d7d497311,2,6936.713283,6936.66455078125,6814.581159,121.536345,426.2781934812665,424.7649107128382,19.352552480995655,5641.524342820048,341.226016998291,5295.967041015625,158,0,1,126,0,1798.371904373169,448.7648642063141,65.6111679142341,196.90086406841874,59.22671991214156,241.33069229125977,10.443423986434937,81.03443241119385,8.417468309402466,cache_w8a8_m4k2v2,large_h6_n32_s100,90da514d7d4973115751184481b31c6972a5237cdcdc5bfef95221c8dc7a4245,125.0568618774414,2177.9970266222954,1924.1292695999146,1318.8976066708565,41418752,3600384,3600384,6720
pubmed_node,val,1,1,pubmed_node:val:000001:dc999f53b8a1edeb,2,4176.348198,4176.3203125,4076.734245,99.164984,137.5894993543625,42.51326713711023,15.472207218408585,3686.501156538725,362.0731544494629,3321.2169799804688,130,0,1,36,0,508.782977104187,130.47411188296974,18.103551968932152,57.461472034454346,16.530271985568106,272.8339195251465,13.105664014816284,66.93142414093018,9.202146768569946,cache_w8a8_m4k2v2,large_h6_n32_s100,dc999f53b8a1edeb378b2ef52d564cef6314de793e69da17273ac1f59e57a603,19.56671905517578,1792.8346520066261,544.6331214904785,1003.3159255385399,34078720,651264,651264,5544
pubmed_node,val,2,2,pubmed_node:val:000002:d5a9c855b9dd71b6,2,5431.276406,5431.24951171875,5332.272427,98.497413,376.8089907243848,42.79322922229767,18.324135802686214,4695.34410443157,424.27628326416016,4267.3153076171875,154,0,1,66,0,941.9953603744507,243.8787519680336,34.46713594160974,104.88083201646805,30.866015979088843,317.12236404418945,16.159552097320557,79.80163288116455,11.192734241485596,cache_w8a8_m4k2v2,large_h6_n32_s100,d5a9c855b9dd71b6805ddf5c3bea820e20278eed6ff59ac689a55ebac84ed0a4,19.62076759338379,2118.8566394746304,1007.4390068054199,1160.640428930521,40370176,1580544,1580544,6552
pubmed_node,val,3,3,pubmed_node:val:000003:b899c56d2ed41389,2,5416.673874,5416.64501953125,5318.046212,98.107854,163.7921128422022,42.527289129793644,18.260805867612362,4883.956955745816,472.3992385864258,4407.8524169921875,153,0,1,78,0,1100.8286399841309,278.7143362099305,40.81539192609489,123.23488004878163,35.82793599739671,361.500675201416,18.582304000854492,79.9078722000122,12.408387184143066,cache_w8a8_m4k2v2,large_h6_n32_s100,b899c56d2ed4138984204273d864d4a3aa373d21826a5ceac368b796115fd9b5,19.58732795715332,2105.023614883423,1178.2552967071533,1144.1608333587646,40108032,2027520,2027520,6510
pubmed_node,val,4,4,pubmed_node:val:000004:6cb983368e8944b3,2,3928.931652,3928.90380859375,3844.01812,84.151068,133.65697115659714,42.469642125070095,14.760288409888744,3469.477789476514,268.9173393249512,3197.4896240234375,124,0,1,36,0,508.8882579803467,130.28627236373723,17.957023981958628,57.574463952332735,16.735231986269355,187.7663688659668,9.420447945594788,64.72390365600586,7.006618857383728,cache_w8a8_m4k2v2,large_h6_n32_s100,6cb983368e8944b30bc924eb4020a30d5065fb01b2ef5c02b199be64bf33e9b1,19.5413761138916,1711.3123840987682,544.6283531188965,961.0902629196644,32505856,651264,651264,5292
pubmed_node,val,5,5,pubmed_node:val:000005:bfcf4d1c730efc30,2,4237.549694,4237.52099609375,4137.151046,99.873582,156.80723823606968,42.80139971524477,15.868683345615864,3707.0616660639644,286.3008346557617,3417.49462890625,133,0,1,36,0,514.0133457183838,131.7039361326024,17.938591993413866,57.17561608180404,16.785791995935142,199.15353775024414,9.977408051490784,69.74015998840332,7.429728865623474,cache_w8a8_m4k2v2,large_h6_n32_s100,bfcf4d1c730efc304e239cb3af970903a2e266ed3f27e2d7282fbc532a6e8aae,19.706432342529297,1831.458211004734,550.4714879989624,1055.2713622450829,34865152,651264,651264,5670
pubmed_node,val,6,6,pubmed_node:val:000006:9c0999ea8cda173f,2,4817.961101,4817.9306640625,4718.803196,98.520714,170.3385403379798,42.569028213620186,17.300995998084545,4251.701883971691,329.17820739746094,3918.9721069335938,145,0,1,36,0,769.2291259765625,149.07145596388727,19.932383922860026,297.49958058074117,16.739871999248862,232.98802947998047,11.770336151123047,75.85919952392578,8.56064224243164,cache_w8a8_m4k2v2,large_h6_n32_s100,9c0999ea8cda173fec529e4284200f02956108daa6e32d52ecc7a84cfc520f61,19.526975631713867,1996.961023569107,804.9585208892822,1136.5795381069183,38010880,651264,651264,6174
pubmed_node,val,7,7,pubmed_node:val:000007:73fad7735cbb80c8,2,4207.774492,4207.74365234375,4108.549911,98.352455,164.43048231303692,42.59624797850847,15.499619767069817,3692.3204017803073,346.4124183654785,3342.699462890625,130,0,1,36,0,510.76508617401123,131.7077761432156,17.872640006244183,58.91823998466134,16.93894400820136,256.67244720458984,13.339167833328247,67.25337600708008,9.147427320480347,cache_w8a8_m4k2v2,large_h6_n32_s100,73fad7735cbb80c8a27061dccc86e00763f7fc61a27c9a99f9f695000dca738e,19.56425666809082,1793.0820176303387,546.6417598724365,1022.5399420559406,34078720,651264,651264,5544
pubmed_node,val,8,8,pubmed_node:val:000008:c8433754e7285bf8,2,4798.969556,4798.93701171875,4699.318951,99.098214,188.27931955456734,43.85383054614067,18.595063127577305,4213.652395643294,315.8263359069824,3894.1622314453125,151,0,1,42,0,602.1355514526367,156.29414407350123,21.293599985539913,67.47257595136762,19.548800004646182,217.27046585083008,10.8854079246521,79.59177589416504,8.078686237335205,cache_w8a8_m4k2v2,large_h6_n32_s100,c8433754e7285bf8a4c032f59fe4a9d0c1870a00101332edbe9c95cf3b933ab8,19.603872299194336,2078.262401729822,643.8433933258057,1191.660308688879,39583744,847872,847872,6426
pubmed_node,val,9,9,pubmed_node:val:000009:3eb9ea5887ef7585,2,3996.334199,3996.302978515625,3895.602373,99.90766,143.11462547630072,44.13003381341696,14.677408151328564,3496.514209546149,269.45779037475586,3223.9502563476562,125,0,1,36,0,514.9111385345459,131.8366720052436,17.94236797746271,59.21625601127744,16.743007995188236,187.4695053100586,9.360159993171692,65.60902404785156,7.019101023674011,cache_w8a8_m4k2v2,large_h6_n32_s100,3eb9ea5887ef758544ad93510b261e3883f98785fa7977333e5c9b3b495a4012,19.466047286987305,1724.1505920290947,550.6286735534668,968.6370380520821,32768000,651264,651264,5334
pubmed_node,val,10,10,pubmed_node:val:000010:5cb00ee23662f02d,2,5849.053648,5849.01806640625,5749.611386,98.587335,171.42349760979414,43.14228519797325,16.25904254615307,5316.044530831277,280.4045104980469,5032.3720703125,132,0,1,150,0,2157.091651916504,541.9621757082641,79.85983993671834,242.65936015173793,70.05475200992078,194.63350296020508,9.546335935592651,68.97507286071777,7.249598741531372,cache_w8a8_m4k2v2,large_h6_n32_s100,5cb00ee23662f02d38fa2699f19d1846513df6d5ac75f0ae1676a446bb37bf47,19.83830451965332,1820.6456980109215,2306.7957429885864,924.7689338326454,34603008,4386816,4386816,5628
pubmed_node,val,11,11,pubmed_node:val:000011:2eadcea45e1dd3ec,2,4909.16181,4909.1259765625,4809.294475,99.290998,180.02012092620134,43.15442405641079,17.966818064451218,4332.346667535603,318.853946685791,4009.9080810546875,146,0,1,42,0,842.5480585098267,158.9233917845413,21.789503996260464,306.6969210766256,19.59398400131613,222.86124420166016,11.223103880882263,76.54921627044678,8.220382332801819,cache_w8a8_m4k2v2,large_h6_n32_s100,2eadcea45e1dd3ec849bab3eb77700f3c88b4aee3d61ffe8d61376c8aaf05e6a,19.722816467285156,2008.9446405172348,884.5306978225708,1136.155559182167,38273024,847872,847872,6216
pubmed_node,val,12,12,pubmed_node:val:000012:1788defb14873a9a,2,4989.235346,4989.1982421875,4889.440454,99.2552,177.98366770148277,42.66756679862738,19.01425141841173,4446.159332059324,421.18053436279297,4021.22998046875,154,0,1,48,0,684.004451751709,173.6024322649464,24.361311983317137,77.0675200112164,22.194431986659765,314.0998725891113,15.79209589958191,80.49369525909424,10.794870615005493,cache_w8a8_m4k2v2,large_h6_n32_s100,1788defb14873a9a1d2d053162495956e88865ab1ef5598fd3ba178d8afa1c57,19.581823348999023,2118.683067917824,731.9668788909912,1190.161857008934,40370176,1044480,1044480,6552
pubmed_node,val,13,13,pubmed_node:val:000013:3ae2f12db55cd760,2,4038.095822,4038.061279296875,3938.424299,99.076995,142.30794180184603,42.616465128958225,15.709089115262032,3554.487844929099,284.7606391906738,3266.574951171875,127,0,1,36,0,510.95049571990967,131.3219520766288,17.921120004728436,57.069248013198376,16.657984006218612,201.13910293579102,10.08457612991333,66.10070419311523,7.436255931854248,cache_w8a8_m4k2v2,large_h6_n32_s100,3ae2f12db55cd7609e76087ad22248e1c257e5f697615138fa2257142b9bd72a,19.559551239013672,1752.178366214037,546.6839370727539,987.2721991240978,33292288,651264,651264,5418
pubmed_node,val,14,14,pubmed_node:val:000014:66da69774fbdb56c,2,3069.868896,3069.836181640625,2985.410336,84.011354,102.40697115659714,42.709373869001865,11.302310042083263,2686.071372590959,173.89952087402344,2509.8186645507812,92,0,1,36,0,510.032865524292,131.39289607387036,18.066975992172956,56.93264002352953,16.651616018265486,116.62214279174805,5.593791961669922,47.202208518981934,4.481377601623535,cache_w8a8_m4k2v2,large_h6_n32_s100,66da69774fbdb56ce912c9525ac19ada38ef986b23d12bb1e054f9859b5704ce,19.590303421020508,1275.0424361228943,545.7333116531372,708.6332201957703,24117248,651264,651264,3948
pubmed_node,val,15,15,pubmed_node:val:000015:f0751855e6e41c67,2,3431.74002,3431.706787109375,3347.396271,83.898207,126.94801948964596,42.567623779177666,13.283899053931236,3012.8949470818043,204.9156494140625,2805.3001098632812,106,0,1,36,0,507.6480646133423,130.15846410766244,17.656063970178366,57.30070400610566,16.688223991543055,138.1689281463623,6.71398401260376,54.773759841918945,5.25897741317749,cache_w8a8_m4k2v2,large_h6_n32_s100,f0751855e6e41c672f5d0afc7b6d20b09a9a224215d1a785c1b8e591b081839a,19.565216064453125,1465.2049917280674,543.6127700805664,816.0475641191006,27787264,651264,651264,4536
pubmed_node,val,16,16,pubmed_node:val:000016:3ed1c74e3ebb07b0,2,4680.406937,4680.36767578125,4580.78451,99.101261,178.9708137512207,42.68170055001974,18.290807493031025,4149.808547459543,426.16422271728516,3720.02978515625,148,0,1,36,0,506.1894721984863,130.77225583419204,17.823423986323178,56.64300803467631,16.499968003481627,321.09001541137695,16.555263996124268,77.30208015441895,11.21686315536499,cache_w8a8_m4k2v2,large_h6_n32_s100,3ed1c74e3ebb07b09e43ce0aee18a6ccdd6f5a54d4971bcec6e8719e2691fa2d,19.6711368560791,2040.081215530634,543.5181770324707,1156.1015294492245,38797312,651264,651264,6300
pubmed_node,val,17,17,pubmed_node:val:000017:bd15b31a2fd7cc0f,2,4069.045207,4069.00341796875,3969.423298,99.081229,131.67678005993366,42.51964949071407,14.634387567639351,3601.772714406252,260.5153579711914,3338.28466796875,119,0,1,36,0,513.9288969039917,132.28095975983888,20.860576063394547,57.75894396752119,16.889312001876533,181.32191848754883,9.133631944656372,63.28166389465332,6.778143644332886,cache_w8a8_m4k2v2,large_h6_n32_s100,bd15b31a2fd7cc0f0f6139fcf0c3ca72dd1fecb045bed3ad559096622394b21a,19.460447311401367,1642.8419225215912,550.0636796951294,1164.8395130634308,31195136,651264,651264,5082
pubmed_node,val,18,18,pubmed_node:val:000018:c586742935157694,2,3360.852484,3360.81787109375,3261.39677,98.720532,113.91809023916721,42.78392530977726,12.592002749443054,2935.3920575231314,199.23734664916992,2733.5809020996094,102,0,1,36,0,516.8016633987427,132.87040006928146,18.09455998521298,59.493824042379856,17.203295989893377,134.82796669006348,6.501664161682129,52.77295970916748,5.134756088256836,cache_w8a8_m4k2v2,large_h6_n32_s100,c586742935157694f32278cfbc24c426199a5ed4fd95c5b7ede3009f331b28eb,19.651296615600586,1409.790749847889,552.5507850646973,790.8906638026237,26738688,651264,651264,4368
pubmed_node,val,19,19,pubmed_node:val:000019:98e9b39b73bf0974,2,5120.344076,5120.30419921875,5020.452171,99.317732,169.43340469151735,42.87047125399113,18.81807390600443,4561.199030838907,303.3120651245117,4254.134826660156,153,0,1,66,0,938.5650568008423,239.923744157888,34.49443194270134,104.19795202463865,31.191584021784365,205.35187530517578,9.943360090255737,80.31913566589355,7.6976940631866455,cache_w8a8_m4k2v2,large_h6_n32_s100,98e9b39b73bf097400a0f3c256f1cca598222ba4cd60ce52820ebc7897e4d5cb,19.676000595092773,2106.6998724639416,1004.266975402832,1162.8439793884754,40108032,1634304,1634304,6510
pubmed_node,val,20,20,pubmed_node:val:000020:bf1b004b79edc11e,2,4007.855103,4007.81787109375,3909.1818,98.172437,157.87833370268345,43.03677752614021,15.558191575109959,3504.5723440125585,255.83283233642578,3245.595703125,126,0,1,36,0,511.95379161834717,133.3240959746763,17.99753600731492,57.16668799892068,16.65110400505364,174.7614402770996,8.566239953041077,65.94508838653564,6.560063719749451,cache_w8a8_m4k2v2,large_h6_n32_s100,bf1b004b79edc11e332406daf821c0a784e4d9edd5a05b447ba4d9270a39f35c,19.81100845336914,1737.9895043075085,547.689154624939,979.7280526459217,33030144,651264,651264,5376
pubmed_node,val,21,21,pubmed_node:val:000021:7fa5c3c5999e3949,2,4893.634159,4893.59375,4792.369014,100.740959,170.0515141710639,42.60424245148897,18.599526025354862,4368.565857410431,418.4351348876953,3946.4522705078125,151,0,1,48,0,679.102463722229,173.80348810274154,24.454879976809025,76.28483196720481,22.41337598953396,311.72032165527344,15.846944093704224,79.89590549468994,10.97196364402771,cache_w8a8_m4k2v2,large_h6_n32_s100,7fa5c3c5999e3949085af06980d6a4430e476a7003de0c05f1cf88596e92d0a5,19.603424072265625,2070.453602820635,729.5719661712646,1166.0301255881786,39583744,1044480,1044480,6426
pubmed_node,val,22,22,pubmed_node:val:000022:a10839173b37d3e8,2,4156.855607,4156.818359375,4073.539001,82.828312,136.76004018634558,42.39006154239178,15.268762595951557,3698.7491818144917,269.97046661376953,3425.5377807617188,124,0,1,36,0,755.0051183700562,136.0622399188578,17.929087965749204,297.72540467604995,16.748480005189776,188.71686363220215,9.39353597164154,64.83590316772461,7.024163842201233,cache_w8a8_m4k2v2,large_h6_n32_s100,a10839173b37d3e868be841b6d0f27bd2d910b6cb84bf71e1f041211680112b7,19.51206398010254,1695.921921312809,790.6812171936035,958.4467062354088,32505856,651264,651264,5292
pubmed_node,val,23,23,pubmed_node:val:000023:d3a53bb345d5ec4a,2,4428.661614,4428.6220703125,4328.656358,99.190427,155.50383739173412,42.2963397577405,17.544103786349297,3930.764961987734,356.1697883605957,3571.1180419921875,142,0,1,36,0,511.76655864715576,133.7401918815449,17.954015981405973,59.011359974741936,16.841408006846905,259.20343017578125,13.317599773406982,74.35894298553467,9.289815425872803,cache_w8a8_m4k2v2,large_h6_n32_s100,d3a53bb345d5ec4a5feb3e35bbe8020e20289e986e59e7edeeca00fa332b3f6c,19.514911651611328,1940.5046071112156,547.614013671875,1102.5143328607082,37224448,651264,651264,6048
pubmed_node,val,24,24,pubmed_node:val:000024:2a55de8c0484f54f,2,4228.034337,4227.99560546875,4128.093708,99.402541,145.5516740679741,42.838769033551216,16.25041663646698,3724.7263258323073,286.7912292480469,3434.6560668945312,132,0,1,42,0,595.7613763809204,154.1890559028834,21.179359959438443,66.79430393129587,19.38985598832369,200.50991821289062,9.918176054954529,68.9400634765625,7.423071503639221,cache_w8a8_m4k2v2,large_h6_n32_s100,2a55de8c0484f54f333df92b9e14b2e1c89000890e23915d80955e0bd51e357c,19.68377685546875,1804.821761906147,638.9089279174805,1010.6091539263725,34603008,847872,847872,5628
pubmed_node,val,25,25,pubmed_node:val:000025:5070ff02b2831775,2,4006.121449,4006.08349609375,3907.708465,97.925593,150.34864656627178,42.721716687083244,15.575719065964222,3521.8744557350874,271.6733818054199,3247.0618286132812,127,0,1,36,0,511.896577835083,132.35286409407854,17.846175955608487,56.77648002654314,16.56409598980099,189.25081634521484,9.41267204284668,65.93203258514404,7.0778608322143555,cache_w8a8_m4k2v2,large_h6_n32_s100,5070ff02b2831775f7c4fdf4531bb7d0373ce597cf6d152a649f4f508bc5ba33,19.453664779663086,1739.7840940654278,547.4519052505493,979.2794940769672,33292288,651264,651264,5418
pubmed_node,val,26,26,pubmed_node:val:000026:885c9a7d4174674c,2,4468.882687,4468.841796875,4369.332809,99.029594,164.967255666852,42.7442854270339,17.426064237952232,3959.8673982545733,403.26184844970703,3553.1481323242188,141,0,1,36,0,512.2107219696045,134.28969598468393,17.838624003343284,57.82579202577472,16.885471990332007,303.161922454834,15.325695991516113,74.33852767944336,10.435702323913574,cache_w8a8_m4k2v2,large_h6_n32_s100,885c9a7d4174674cfab34ac73ccc785c6d79173447330a08c079df080ad982ca,19.657503128051758,1930.1811517477036,547.7491836547852,1094.8753000497818,36962304,651264,651264,6006
pubmed_node,val,27,27,pubmed_node:val:000027:ad4aba8144842828,2,4000.5306,4000.491455078125,3900.970423,99.066034,142.35538616776466,42.74414572864771,15.623177401721478,3522.796142846346,272.75334548950195,3246.8955688476562,127,0,1,36,0,513.6240634918213,135.4823359195143,17.89600004069507,57.660672068595886,16.652768001891673,190.12684631347656,9.461024045944214,66.06838417053223,7.09709095954895,cache_w8a8_m4k2v2,large_h6_n32_s100,ad4aba81448428285942c1719a5e5cc512830c0d2585c286e62c56f32cecb67c,19.595232009887695,1737.9546885192394,549.2102718353271,979.3258405029774,33292288,651264,651264,5418
pubmed_node,val,28,28,pubmed_node:val:000028:3d91c9f8ead67db3,2,4529.436257,4529.3955078125,4429.841117,99.06913,149.1101309657097,42.21347626298666,16.81694481521845,4003.9125876501203,302.2584991455078,3698.2884521484375,137,0,1,36,0,747.5249223709106,131.9322561873123,17.74790399800986,57.16774408146739,16.61295998841524,211.47718811035156,10.643744111061096,72.33212852478027,7.80543839931488,cache_w8a8_m4k2v2,large_h6_n32_s100,3d91c9f8ead67db341e2cce801cea8cbe1cb1d7623ea02cfc6ce93466ca4ae84,19.471616744995117,1874.1708799898624,783.1579189300537,1060.4312699735165,35913728,651264,651264,5838
pubmed_node,val,29,29,pubmed_node:val:000029:03f83dd4da512183,2,4278.845735,4278.8056640625,4180.362161,97.932241,145.32789681106806,42.43005905300379,16.35214127600193,3758.467709645629,295.652156829834,3459.537841796875,133,0,1,42,0,593.9829120635986,152.3437761226669,21.31903998926282,66.7288320697844,19.35110399965197,207.22629928588867,10.437536120414734,70.30620861053467,7.682112812995911,cache_w8a8_m4k2v2,large_h6_n32_s100,03f83dd4da512183ae57c77bcf096e47da6d6c26178b54ec85fe60c6294d0cd3,19.578943252563477,1820.3285748660564,635.4622077941895,1023.3260023891926,34865152,847872,847872,5670
pubmed_node,val,30,30,pubmed_node:val:000030:b89ec93803416530,2,5121.099864,5121.056640625,5020.794166,99.505379,159.70906522125006,42.28923935443163,18.043207935988903,4585.270903073251,315.93990325927734,4265.739013671875,147,0,1,78,0,1104.8066263198853,280.2444803053513,41.32716794125736,123.34144007787108,36.0230080159381,219.92454147338867,11.084448099136353,76.78160095214844,8.149312734603882,cache_w8a8_m4k2v2,large_h6_n32_s100,b89ec938034165309eebc4b81a818dcf6e1faa483c539e9eeba571f6c6cf5562,19.521055221557617,2008.3491514623165,1181.9419221878052,1094.968995243311,38535168,2027520,2027520,6258
pubmed_node,val,31,31,pubmed_node:val:000031:0576bc857275dc49,2,5836.350221,5836.30322265625,5737.672475,98.096725,171.6680796816945,42.43886470794678,21.133587695658207,5276.1257365345955,367.07382583618164,4905.1820068359375,157,0,1,108,0,1529.982753753662,389.0085120582953,56.920479915104806,171.26387197896838,49.61231994815171,262.4877471923828,13.198367834091187,81.86793613433838,9.519774675369263,cache_w8a8_m4k2v2,large_h6_n32_s100,0576bc857275dc49654757d107566a65b7a587120e66537543dfb2708d9cc3fc,19.58095932006836,2143.1810851693153,1636.8842554092407,1144.6976255774498,41156608,3010560,3010560,6678
pubmed_node,val,32,32,pubmed_node:val:000032:03d0149b4d261d5d,2,3787.345847,3787.305908203125,3687.653571,99.206069,141.67820941656828,42.78862755745649,14.601479284465313,3321.220664307475,247.13577270507812,3071.109893798828,119,0,1,36,0,509.11900806427,131.1691521704197,17.797023970633745,57.55865602195263,16.482303985394537,169.0735683441162,8.371583938598633,63.31318378448486,6.377436637878418,cache_w8a8_m4k2v2,large_h6_n32_s100,03d0149b4d261d5d6cebbb5283b5f3318df7d1a501a4c27dd9de49159e4b32ae,19.549535751342773,1630.169857621193,544.5397129058838,915.9498590230942,31195136,651264,651264,5082
pubmed_node,val,33,33,pubmed_node:val:000033:8fcc56881b5f3a87,2,4230.042324,4230.001953125,4130.23467,99.300528,390.80420322716236,42.89870709180832,26.966619305312634,3479.590884409845,254.7642593383789,3221.6661376953125,126,0,1,36,0,509.77401542663574,133.4616961684078,17.785599989816546,57.37644803524017,16.8397119846195,173.5865592956543,8.566464066505432,66.01222324371338,6.599012732505798,cache_w8a8_m4k2v2,large_h6_n32_s100,8fcc56881b5f3a875f1a2d62402fe98148bf55746ef2d555f68cbe751c470b10,19.676992416381836,1725.2516154944897,545.285120010376,970.8063946068287,33030144,651264,651264,5376
pubmed_node,val,34,34,pubmed_node:val:000034:4a476e798942a5b9,2,5226.485423,5226.44091796875,5126.868596,99.087565,162.16325294226408,42.2424990683794,17.928930930793285,4682.3698449879885,335.0313606262207,4343.7716064453125,146,0,1,84,0,1198.2000637054443,303.613856180571,44.03049595095217,133.78467205539346,40.74214400909841,237.4675178527832,12.171552419662476,76.81641578674316,8.57587456703186,cache_w8a8_m4k2v2,large_h6_n32_s100,4a476e798942a5b957d569764332dea9601c53b0a697f000c9132212cade1633,19.502975463867188,1994.1560663580894,1281.6194581985474,1087.4990573525429,38273024,2224128,2224128,6216
pubmed_node,val,35,35,pubmed_node:val:000035:309d3158121d10ec,2,4542.533095,4542.49072265625,4443.405886,98.28533,155.0911432132125,42.24415775388479,17.518742941319942,4045.94692774117,446.6253433227539,3595.8118896484375,143,0,1,36,0,513.7983675003052,131.21609601099044,17.81094399280846,57.78051209077239,16.633760007098317,342.8764457702637,17.34931230545044,74.70579242706299,11.693792819976807,cache_w8a8_m4k2v2,large_h6_n32_s100,309d3158121d10ec82107315d715c0d0f5076c9cc56ebcf982e675480fbb39df,19.507648468017578,1955.740288555622,549.3692150115967,1110.2100345492363,37486592,651264,651264,6090
pubmed_node,val,36,36,pubmed_node:val:000036:fb889eb96d5d156b,2,4021.593016,4021.55322265625,3921.867931,99.207756,137.082664296031,42.27326810359955,15.713763423264027,3544.517634436488,273.58892822265625,3267.7411499023438,128,0,1,36,0,509.2692470550537,131.81449596304446,17.77039998676628,57.29436802119017,16.53280000947416,190.51702499389648,9.421312093734741,66.51100826263428,7.139582872390747,cache_w8a8_m4k2v2,large_h6_n32_s100,fb889eb96d5d156b1860a275b042dfdae26350bb5b48dbdee752274ea4d9a1f4,19.510143280029297,1750.7776935994625,546.9480657577515,989.5255338251591,33554432,651264,651264,5460
pubmed_node,val,37,37,pubmed_node:val:000037:981f674e904f2b02,2,6891.315991,6891.2646484375,6790.751384,99.875249,184.6508113667369,42.50552598387003,18.86501256376505,6301.937584765255,321.3252143859863,5976.8624267578125,153,0,1,174,0,2678.5241661071777,603.6021760124713,331.07906819786876,288.7922562137246,82.49484798777848,221.70316314697266,10.822399854660034,80.50992012023926,8.28973126411438,cache_w8a8_m4k2v2,large_h6_n32_s100,981f674e904f2b027b39ed210e8c12d69f581dc5068c2b9d13be80b75e60e359,19.51068878173828,2088.322944134474,2851.491746902466,1056.5584245026112,40108032,5173248,5173248,6510
pubmed_node,val,38,38,pubmed_node:val:000038:b2e6372b71a838dc,2,4038.859547,4038.815185546875,3938.301288,99.89501,156.19828272610903,42.77121368795633,19.113720394670963,3536.499266512692,287.27552032470703,3246.050537109375,127,0,1,36,0,494.49148654937744,127.00060798227787,17.19984000734985,63.27267210930586,17.600160006433725,203.15244674682617,10.27945613861084,66.38694381713867,7.456673622131348,cache_w8a8_m4k2v2,large_h6_n32_s100,b2e6372b71a838dcd6f02bbc8555cb73a30761a595e13162c5d8b990b13a467d,19.416000366210938,1738.2129932641983,530.4504623413086,996.803081870079,33292288,651264,651264,5418
pubmed_node,val,39,39,pubmed_node:val:000039:6d37c1f5d1d707fb,2,6687.260721,6687.2099609375,6586.305863,99.927756,181.752803735435,42.30872821062803,23.167560808360577,6089.72576353699,325.54115295410156,5760.438720703125,153,0,1,174,0,2460.2754859924316,618.4933439036831,91.78889589942992,278.42777593433857,81.55507192388177,225.35197067260742,11.338623881340027,80.56319999694824,8.287358403205872,cache_w8a8_m4k2v2,large_h6_n32_s100,6d37c1f5d1d707fbfdca66b883f4835b31fb39560f4a0a9a611cb24c362b286a,19.343040466308594,2089.259293228388,2632.995228767395,1057.5272391736507,40108032,5173248,5173248,6510
pubmed_node,val,40,40,pubmed_node:val:000040:5a42f77dcacce4f2,2,3504.818171,3504.77783203125,3406.170292,98.155928,123.13649337738752,42.82521456480026,12.083790265023708,3070.539309643209,186.21059036254883,2881.8196716308594,98,0,1,36,0,761.7999668121338,140.8323524063453,18.120255989022553,298.65970649942756,16.896448004059494,124.58796882629395,6.000671923160553,50.832831382751465,4.789118230342865,cache_w8a8_m4k2v2,large_h6_n32_s100,5a42f77dcacce4f22d807854c7f86896c7be9386c4b98234c1c6f4b64c50167b,19.64303970336914,1345.3739528656006,797.4042377471924,758.6845207214355,25690112,651264,651264,4200
pubmed_node,val,41,41,pubmed_node:val:000041:0493282c3c766898,2,6785.469644,6785.41796875,6683.877942,101.02147,178.70096024125814,42.79602784663439,19.177366979420185,6194.0266992896795,355.2514877319336,5834.9541015625,156,0,1,174,0,2469.7313594818115,619.919072301127,92.65273596160114,274.98352022096515,80.73590396530926,251.4219512939453,12.580576181411743,82.14147186279297,9.10748839378357,cache_w8a8_m4k2v2,large_h6_n32_s100,0493282c3c76689849e93b4fdd00487424b863991c764f5aff119764e10da113,19.648096084594727,2129.4144645035267,2642.171901702881,1083.0158314406872,40894464,5173248,5173248,6636
pubmed_node,val,42,42,pubmed_node:val:000042:dece42b23f5ab8c1,2,4415.029422,4414.98486328125,4314.652813,99.501954,156.8785710260272,42.51015651971102,17.071831971406937,3886.852443218231,370.9013442993164,3512.5392456054688,139,0,1,36,0,512.9090242385864,132.8810242554173,17.86892796959728,57.12006401643157,16.878367996774614,273.94812774658203,13.90563178062439,73.38560009002686,9.66198468208313,cache_w8a8_m4k2v2,large_h6_n32_s100,dece42b23f5ab8c18a0b3d9f728949e8e86a5b260c4d4d30da143a076a03c908,19.598207473754883,1902.240223288536,548.7480640411377,1081.1491657495499,36438016,651264,651264,5922
pubmed_node,val,43,43,pubmed_node:val:000043:ad2eb70e42589805,2,3221.881038,3221.844970703125,3123.356774,98.061793,103.6617998033762,42.20517538487911,11.980431154370308,2813.2855221629143,186.411039352417,2624.373779296875,98,0,1,36,0,509.40390396118164,132.08956817537546,17.920319996774197,57.458848007023335,16.528767984360456,124.74867057800293,6.006591975688934,50.85811138153076,4.7976654171943665,cache_w8a8_m4k2v2,large_h6_n32_s100,ad2eb70e425898059bafd39c555e19504a635d1fe4a1bb266151a845e0ea2528,19.510879516601562,1345.385440647602,544.9436140060425,753.555604159832,25690112,651264,651264,4200
pubmed_node,val,44,44,pubmed_node:val:000044:54785f8faebd606c,2,6931.772809,6931.720703125,6832.064021,99.160945,179.8687744885683,42.808408848941326,18.826867453753948,6358.378572389483,326.7122230529785,6027.9136962890625,153,0,1,174,0,2721.9851789474487,627.5962239578366,338.4091551247984,275.9301440529525,80.97974401433021,226.4417266845703,11.440223932266235,80.54819107055664,8.282081365585327,cache_w8a8_m4k2v2,large_h6_n32_s100,54785f8faebd606ceb512a12455432d412fc5024da2ed15f219a830ed6869bfb,19.66659164428711,2088.370659649372,2894.7035808563232,1064.5060474276543,40108032,5173248,5173248,6510
pubmed_node,val,45,45,pubmed_node:val:000045:e9055cd27b9aef3e,2,4795.28077,4795.23486328125,4693.919973,100.763233,157.8476345166564,42.565371841192245,17.160240560770035,4287.669686600566,307.31760025024414,3976.9136962890625,140,0,1,66,0,960.4890575408936,258.905664418824,34.36771197244525,105.1120640039444,30.631679999642074,214.9139518737793,10.887199997901917,73.5697603225708,7.9466880559921265,cache_w8a8_m4k2v2,large_h6_n32_s100,e9055cd27b9aef3ed7e54152eff66d0bc75f4b0feecc6e2f55e01836629508f3,19.6441593170166,1915.7761605679989,1025.9017639160156,1054.8799311220646,36700160,1634304,1634304,5964
pubmed_node,val,46,46,pubmed_node:val:000046:6c9377f0adca3b15,2,4286.292026,4286.25146484375,4186.271018,99.279138,140.0482151657343,42.735462076961994,17.05111749470234,3768.90214625746,302.5307197570801,3462.9458618164062,137,0,1,36,0,513.1382713317871,131.6323841251433,17.96639998536557,57.349759958684444,16.706975993700325,211.7269401550293,10.592544078826904,72.40259265899658,7.808642864227295,cache_w8a8_m4k2v2,large_h6_n32_s100,6c9377f0adca3b153f44525e6b787131db867b943bbe5a4dddb52b9c35c9cfcd,19.723167419433594,1873.738369345665,548.8104000091553,1060.1202598810196,35913728,651264,651264,5838
pubmed_node,val,47,47,pubmed_node:val:000047:617c9bcb7e665f9b,2,3237.361427,3237.3251953125,3139.028533,97.848575,115.86917005479336,42.65020787715912,11.98651734739542,2812.367900274694,186.38905715942383,2623.48486328125,98,0,1,36,0,509.1165132522583,132.09091195464134,18.250304008834064,56.849824007600546,16.518815995194018,124.7435531616211,5.9928640723228455,50.860127449035645,4.792512476444244,cache_w8a8_m4k2v2,large_h6_n32_s100,617c9bcb7e665f9ba60f95c2a718d03a03553227e49324fb3765176d3f98db26,19.439424514770508,1345.172031223774,544.622145652771,753.1301109194756,25690112,651264,651264,4200
pubmed_node,val,48,48,pubmed_node:val:000048:e8ca59b7046f9d3f,2,7972.65801,7972.60107421875,7871.664557,100.261579,189.0974985435605,42.80054848641157,20.360879600048065,7405.624805949628,532.0616073608398,6869.5333251953125,166,0,1,216,0,3292.698142051697,758.6765769403428,357.64662534650415,347.0546881482005,100.76575994491577,411.19718170166016,19.831680059432983,87.59235286712646,13.44039273262024,cache_w8a8_m4k2v2,large_h6_n32_s100,e8ca59b7046f9d3f53551654a513deb70b3893ae1770938a7e92b1b2cb3d450d,19.5166072845459,2265.471299737692,3507.2303438186646,1116.348288923502,43515904,6549504,6549504,7056
pubmed_node,val,49,49,pubmed_node:val:000049:7b8fbd3ff2460d39,2,3348.791222,3348.74951171875,3248.376748,99.804228,122.87799175828695,42.38467384129763,15.309024602174759,2904.0854638442397,199.71033477783203,2701.768280029297,102,0,1,36,0,493.78256034851074,129.95142408367246,17.564095987007022,61.17350407317281,17.677792022936046,135.21564865112305,6.532224059104919,52.81235218048096,5.150109887123108,cache_w8a8_m4k2v2,large_h6_n32_s100,7b8fbd3ff2460d39ac4161d215a855e0034a86bf6bf38be62aded1aefbc5bdb2,19.339807510375977,1401.476702362299,529.5145635604858,790.116821616888,26738688,651264,651264,4368
pubmed_node,val,50,50,pubmed_node:val:000050:09c212ce9ff12bc8,2,3529.625576,3529.587158203125,3428.935553,99.918073,130.55141177028418,42.2311769798398,16.4256040006876,3076.7481541261077,213.8883171081543,2860.0818481445312,109,0,1,36,0,506.3026876449585,131.33081599045545,17.849343976937234,59.498304061591625,17.177344005554914,144.2523193359375,6.945792078971863,57.1802864074707,5.509919285774231,cache_w8a8_m4k2v2,large_h6_n32_s100,09c212ce9ff12bc884bb09a4fbf8cc5bcc91524b89d899bd18862540082a0ea0,19.29987144470215,1493.8143982291222,542.199426651001,843.3678947091103,28573696,651264,651264,4662
pubmed_node,val,51,51,pubmed_node:val:000051:047b982ae0561338,2,4025.364437,4025.324951171875,3926.942449,97.907609,145.09334415197372,42.343415319919586,15.72845596820116,3543.031321838498,274.92646408081055,3264.9290161132812,128,0,1,36,0,509.9316806793213,132.23270383570343,17.807071988470852,57.27785598486662,16.67257600557059,191.66576194763184,9.52131199836731,66.5970869064331,7.142303228378296,cache_w8a8_m4k2v2,large_h6_n32_s100,047b982ae0561338195fb81d2b0caa578afc79f2bd21c25efc01dd75a277f327,19.513248443603516,1752.6758690476418,545.6550693511963,986.1113261580467,33554432,651264,651264,5460
pubmed_node,val,52,52,pubmed_node:val:000052:e11f34673d087d20,2,4531.140623,4531.09912109375,4431.451889,99.154151,175.75396690517664,42.75112971663475,17.615552060306072,3986.504940316081,303.87430572509766,3679.1223754882812,143,0,1,42,0,599.0352001190186,153.90556822903454,21.448639971204102,66.58508802577853,19.499328010715544,210.68790435791016,10.518208026885986,74.78304100036621,7.885152339935303,cache_w8a8_m4k2v2,large_h6_n32_s100,e11f34673d087d2099e9edc51449fc2588d2558edb3f8dce0c0919f1ab3af096,19.673887252807617,1955.0946539640427,640.9531517028809,1102.7484570741653,37486592,847872,847872,6090
pubmed_node,val,53,53,pubmed_node:val:000053:ba17d5bf4441056b,2,2359.424668,2359.3916015625,2261.216627,97.84342,307.8908361494541,42.5461744889617,6.782611832022667,1802.1871279925108,100.24406433105469,1700.4091186523438,55,0,1,36,0,504.3428153991699,129.60217617172748,17.228927988559008,56.857375994324684,16.602048001252115,66.2360315322876,3.181663990020752,28.222623825073242,2.6037449836730957,cache_w8a8_m4k2v2,large_h6_n32_s100,ba17d5bf4441056b743987fc7d6b3c355cfcb89e11317c3fbb003748c4d79683,19.572511672973633,763.0161927640438,539.807168006897,417.1582695543766,14417920,651264,651264,2394
pubmed_node,val,54,54,pubmed_node:val:000054:979bf8339c9987cf,2,4966.299614,4966.25537109375,4867.759904,97.896114,170.36353051662445,42.0625489205122,18.950048834085464,4433.75048879534,439.0216064453125,3990.9688110351562,154,0,1,48,0,664.0648345947266,162.50332808867097,22.673344004899263,76.53401600942016,22.262847997248173,329.601505279541,17.1877121925354,80.6681604385376,11.564228534698486,cache_w8a8_m4k2v2,large_h6_n32_s100,979bf8339c9987cf7e76093b722cb7fb5b75ab455eadbe0f8e999a336eff9341,19.266368865966797,2107.1375379264355,711.8407049179077,1191.2569370567799,40370176,1044480,1044480,6552
pubmed_node,val,55,55,pubmed_node:val:000055:9010e38b1b9f45d7,2,5205.612277,5205.56689453125,5106.190925,98.633671,167.20886528491974,42.51906927675009,18.65225564688444,4686.753370799124,462.1304931640625,4220.923400878906,152,0,1,66,0,953.296703338623,252.50265610963106,34.87363193184137,104.65254404395819,30.605823998339474,351.5602569580078,18.201632261276245,80.1901445388794,12.178459405899048,cache_w8a8_m4k2v2,large_h6_n32_s100,9010e38b1b9f45d7563a6079e929718e39b72bd85e381e68d2881c556a06e6c1,19.632736206054688,2075.470367372036,1018.7341461181641,1146.351623594761,39845888,1582080,1582080,6468
pubmed_node,val,56,56,pubmed_node:val:000056:bb54d7fee9186b6b,2,4407.703467,4407.66162109375,4308.201259,98.864802,166.24437551945448,42.88396704941988,17.048890702426434,3873.730942606926,365.2255401611328,3505.105712890625,139,0,1,36,0,509.72342586517334,131.50697583146393,18.020287982188165,57.62275195121765,16.681503986008465,268.35017013549805,13.846879959106445,73.39353656768799,9.634953498840332,cache_w8a8_m4k2v2,large_h6_n32_s100,bb54d7fee9186b6bc892327aa4947d40c66b18854e90e8bb7ec95af7418eec9b,19.523168563842773,1902.444287031889,545.2208967208862,1076.9636977016926,36438016,651264,651264,5922
pubmed_node,val,57,57,pubmed_node:val:000057:9ff0bba85a6caa80,2,4109.838046,4109.79833984375,4010.679287,98.689622,153.5586081445217,42.482093907892704,16.037417575716972,3596.7540852725506,279.8535041809082,3313.68994140625,130,0,1,36,0,510.1822385787964,131.46444803196937,17.782495955005288,57.771328028291464,17.016767978668213,195.50636672973633,9.705087900161743,67.41484832763672,7.227201223373413,cache_w8a8_m4k2v2,large_h6_n32_s100,9ff0bba85a6caa80fab514253b7c2954d17517c315b3b175aefb5db4dd5102d1,19.55459213256836,1779.9673938155174,545.7784643173218,1007.4986754059792,34078720,651264,651264,5544
pubmed_node,val,58,58,pubmed_node:val:000058:7ac12a029e2ea1ad,2,4474.329779,4474.28857421875,4375.832616,97.990259,156.21042158454657,42.7798917517066,16.594610176980495,3951.436759904027,287.42694091796875,3660.67919921875,135,0,1,36,0,751.3719434738159,132.0182082587853,18.095872004516423,57.30364801734686,257.32946949917823,199.54636764526367,9.965247988700867,70.57641506195068,7.338910222053528,cache_w8a8_m4k2v2,large_h6_n32_s100,7ac12a029e2ea1adfa3f1acbdafe7247347044365e5c75292b427738630bc27f,19.67510414123535,1847.852674394846,786.9268970489502,1045.5747319161892,35389440,651264,651264,5754
pubmed_node,val,59,59,pubmed_node:val:000059:dcc80dca8cbac494,2,4087.505703,4087.466064453125,3988.079991,98.897925,140.6214563176036,42.23953373730183,15.64682461321354,3599.730597808957,259.96242904663086,3336.6251831054688,127,0,1,42,0,603.6379861831665,159.0839041462168,21.633567999117076,66.48182399570942,19.387295989319682,177.9117431640625,8.85318398475647,66.54137706756592,6.656124830245972,cache_w8a8_m4k2v2,large_h6_n32_s100,dcc80dca8cbac49477508e74db2b4512623eafb35c1b1d281fae5296f406c00b,19.44812774658203,1738.440447151661,645.3594560623169,972.273407638073,33292288,821760,821760,5418
pubmed_node,val,60,60,pubmed_node:val:000060:f7aab1a5e58872f2,2,3621.803825,3621.764892578125,3522.584721,98.762138,120.70935592055321,42.20071155577898,13.50803766399622,3177.1650156006217,205.6170883178711,2968.7828063964844,110,0,1,42,0,595.1562547683716,153.51193591207266,21.470687980763614,67.59344003722072,19.416768005117774,136.30822563171387,6.528288125991821,57.547136306762695,5.23343825340271,cache_w8a8_m4k2v2,large_h6_n32_s100,f7aab1a5e58872f23a0d018a88ae3618a18cd2d3aba215c6168b1d78a417cbb5,19.433855056762695,1508.8063674271107,636.5760335922241,842.8342604339123,28835840,847872,847872,4704
pubmed_node,val,61,61,pubmed_node:val:000061:3fafc63cd3e3d755,2,4535.234297,4535.1923828125,4434.994091,99.446368,157.4838450178504,42.28247422724962,17.55683682858944,4044.098349288106,446.4248046875,3594.1771850585938,143,0,1,36,0,510.63183975219727,131.84255997557193,17.92499196436256,57.76121608912945,16.847968007437885,342.3752021789551,17.476128339767456,74.90720081329346,11.666273355484009,cache_w8a8_m4k2v2,large_h6_n32_s100,3fafc63cd3e3d755ac37ba950ee2d90b2c87a30f051d13564eb02b986354f9ff,19.503263473510742,1957.3832956254482,546.3443517684937,1109.9528011381626,37486592,651264,651264,6090
pubmed_node,val,62,62,pubmed_node:val:000062:333f83f2fefc467c,2,4202.793742,4202.75146484375,4102.732854,99.500674,146.2778626009822,42.2461936250329,16.334833577275276,3710.39264742285,331.337345123291,3375.782470703125,133,0,1,36,0,508.33888149261475,130.9951998749748,17.925695968791842,57.260415982455015,16.606111974455416,239.82498931884766,12.389311671257019,70.55881595611572,8.564228177070618,cache_w8a8_m4k2v2,large_h6_n32_s100,333f83f2fefc467c8ddde326a54b73d95b1c4ca62041cff670410da951439d4c,19.451871871948242,1823.4463364183903,543.8772468566895,1027.9107592999935,34865152,651264,651264,5670
pubmed_node,val,63,63,pubmed_node:val:000063:6d4432a0f007f084,2,4021.376878,4021.335693359375,3921.911386,98.998482,156.35396353900433,42.35255531966686,15.662511810660362,3533.183773048222,286.0896911621094,3243.9456176757812,127,0,1,36,0,508.4580478668213,130.9729278218001,18.109087958931923,56.92358401417732,16.575263991951942,201.99081420898438,10.234784007072449,66.42563343048096,7.438459515571594,cache_w8a8_m4k2v2,large_h6_n32_s100,6d4432a0f007f084a11c6d976221112748fae7f57fde1d12670a3133d46f5944,19.477920532226562,1739.857440829277,544.0883207321167,979.4777766466141,33292288,651264,651264,5418
pubmed_node,val,64,64,pubmed_node:val:000064:e3dbe99c136a4258,2,4154.203086,4154.16259765625,4054.914077,98.810081,136.3753117620945,42.282912880182266,15.26084914803505,3700.6502924486995,266.7518119812012,3430.8199462890625,124,0,1,36,0,751.456130027771,134.16655988339335,17.938303963281214,296.58092506602407,16.821984010748565,185.28835487365723,9.227680087089539,65.35452938079834,6.881247639656067,cache_w8a8_m4k2v2,large_h6_n32_s100,e3dbe99c136a4258f7ad2ea61aa5b13d5ab744640704de8553a3ad99e04e6e2f,19.42412757873535,1698.7486358880997,787.2911291122437,964.2043088674545,32505856,651264,651264,5292
pubmed_node,val,65,65,pubmed_node:val:000065:cb2105207b3051f0,2,4028.328513,4028.2880859375,3929.928752,97.916985,153.12698855996132,42.37412568181753,15.598601661622524,3528.7512531504035,273.61094665527344,3251.9957885742188,127,0,1,36,0,513.1341772079468,132.55100808292627,17.81174398586154,59.54780800268054,16.71334399562329,190.6637420654297,9.441632151603699,66.43430423736572,7.071268200874329,cache_w8a8_m4k2v2,large_h6_n32_s100,cb2105207b3051f053a04c5df7e6abd109903af95851491acc0435ffd4e167cc,19.59017562866211,1739.5179849863052,548.6787185668945,983.3892606496811,33292288,651264,651264,5418
pubmed_node,val,66,66,pubmed_node:val:000066:b863ad2a9baa79e0,2,6128.24251,6128.193359375,6027.856758,99.413272,177.24686674773693,42.45652165263891,19.3812670186162,5547.989834100008,318.63951873779297,5225.5093994140625,158,0,1,126,0,1818.9647054672241,476.3280326742679,67.42988787777722,202.1873920187354,59.198304013349116,217.15763092041016,10.728224158287048,82.65417671203613,8.099486947059631,cache_w8a8_m4k2v2,large_h6_n32_s100,b863ad2a9baa79e0c9f3f2f8b5388dba36bc4181f8cf4079d8d758a0d18d73e4,19.511295318603516,2160.0012153983116,1943.7399673461914,1141.279511988163,41418752,3600384,3600384,6720
pubmed_node,val,67,67,pubmed_node:val:000067:fb90d33c0f3a8a6b,2,3968.53115,3968.489990234375,3869.638522,98.335222,135.26772987097502,42.676386423408985,15.475420281291008,3479.1293665766716,271.0321617126465,3204.9761962890625,125,0,1,36,0,512.301441192627,132.57740814983845,17.918367960490286,57.465311981737614,16.745984004810452,189.06518363952637,9.331232070922852,65.64457511901855,6.991170883178711,cache_w8a8_m4k2v2,large_h6_n32_s100,fb90d33c0f3a8a6b217466e04d9c67f6b9e462f081ae18b9168c5ede39fc16ad,19.624927520751953,1712.6845733225346,547.9566698074341,963.9598806798458,32768000,651264,651264,5334
pubmed_node,val,68,68,pubmed_node:val:000068:e6e2970d414380b7,2,4106.757919,4106.7177734375,4008.118215,98.122188,158.3302691578865,42.92615130543709,15.847907401621342,3596.2867652997375,292.63977813720703,3300.4596557617188,129,0,1,36,0,512.4210920333862,131.62966406531632,19.949600071646273,57.45305600762367,16.679328000172973,206.90380859375,10.511680006980896,67.59187126159668,7.632418274879456,cache_w8a8_m4k2v2,large_h6_n32_s100,e6e2970d414380b740b417ba5caa10452bc1fc3e649ec7a566d8692fd013358b,19.671615600585938,1767.658498197794,547.8948163986206,1004.5779567658901,33816576,651264,651264,5502
pubmed_node,val,69,69,pubmed_node:val:000069:72f4e4feaddec62f,2,7848.94839,7848.89111328125,7748.517277,99.319574,183.44867415726185,42.24713426083326,19.905099645256996,7285.3875029832125,520.5334701538086,6760.8291015625,166,0,1,216,0,3165.5354318618774,703.6046717623249,105.19580797012895,596.170301258564,105.0269440729171,399.3315124511719,20.01913595199585,87.77359962463379,13.40922212600708,cache_w8a8_m4k2v2,large_h6_n32_s100,72f4e4feaddec62fabc94cbf9e852ed8d1d442b643165b22b4109d8f479869d8,19.503263473510742,2265.683421820402,3380.2389430999756,1134.410000115633,43515904,6549504,6549504,7056
pubmed_node,val,70,70,pubmed_node:val:000070:5b36b85be8ad30a3,2,5753.707239,5753.6533203125,5654.05584,98.841295,191.97243079543114,42.671396397054195,24.74725805222988,5167.74829570204,467.0595245361328,4696.675598144531,164,0,1,84,0,1148.1396827697754,281.8506563818082,41.52531200554222,140.96729597449303,41.99846401810646,350.98332595825195,17.713567972183228,86.37625503540039,11.986375570297241,cache_w8a8_m4k2v2,large_h6_n32_s100,5b36b85be8ad30a3abbe80d35d7d66b8b492b6e10937eb49c5aa4c9f4bcd7134,19.473312377929688,2239.5080960690975,1231.8584289550781,1244.7823854982853,42991616,2224128,2224128,6972
pubmed_node,val,71,71,pubmed_node:val:000071:a3dfea97aa7e87f9,2,4716.015989,4715.9716796875,4615.500651,99.844923,202.44649052619934,42.32014063745737,22.46183715760708,4137.968174181879,325.7599105834961,3808.5527954101562,149,0,1,42,0,577.4515218734741,146.39699187129736,19.93878400977701,73.26220806315541,20.68860802333802,227.34553909301758,11.450688004493713,78.5738878250122,8.389795660972595,cache_w8a8_m4k2v2,large_h6_n32_s100,a3dfea97aa7e87f9c12329bc160eba415932f1bae20785eb512614464790219a,19.312671661376953,2039.340189486742,619.2177238464355,1169.3075537383556,39059456,847872,847872,6342
pubmed_node,val,72,72,pubmed_node:val:000072:5d3ef41c093ef392,2,5013.95986,5013.91552734375,4928.607135,84.673509,518.6770157888532,42.68550220876932,22.62209728360176,4133.166229352355,328.03369522094727,3801.4861450195312,149,0,1,42,0,572.8150367736816,146.4190721102059,20.017184007912874,71.56438399106264,20.730912014842033,229.4620475769043,11.574528098106384,78.60198497772217,8.395134568214417,cache_w8a8_m4k2v2,large_h6_n32_s100,5d3ef41c093ef392b9c2c196ca0af8f22a2f684e8b9a459eb6aae22e26fb4f54,19.41663932800293,2041.083779335022,614.623646736145,1165.1953582763672,39059456,847872,847872,6342
pubmed_node,val,73,73,pubmed_node:val:000073:26fee4e5dfcd8320,2,3995.091988,3995.05126953125,3894.247524,99.992392,147.32694905251265,42.48514398932457,19.080491736531258,3492.3853231593966,267.02272033691406,3222.2175903320312,126,0,1,36,0,494.2872304916382,127.56128005404025,17.286368001252413,61.45449597388506,17.723520026542246,184.80489540100098,9.15772795677185,66.12489604949951,6.935200929641724,cache_w8a8_m4k2v2,large_h6_n32_s100,26fee4e5dfcd8320642c77d02695740581892076688260e9819183027b763d08,19.378816604614258,1727.602141559124,530.3664627075195,983.627802670002,33030144,651264,651264,5376
pubmed_node,val,74,74,pubmed_node:val:000074:927227b0d2cbed6d,2,5007.204739,5007.16015625,4906.4967,99.794759,180.87117094546556,42.49908868223429,23.467564024031162,4452.073692344129,437.64361572265625,4010.670654296875,154,0,1,48,0,680.8312330245972,175.0429759984836,24.495520030148327,77.55212800204754,23.33491199929267,328.1802520751953,17.16809582710266,80.75331211090088,11.541955709457397,cache_w8a8_m4k2v2,large_h6_n32_s100,927227b0d2cbed6d067a367e78dc98164f9ecf541ef6796766ee1d7410d0d654,19.350624084472656,2110.586434841156,728.7466259002686,1190.688217639923,40370176,1044480,1044480,6552
pubmed_node,val,75,75,pubmed_node:val:000075:b48edaa5bbd7b728,2,5431.747203,5431.69970703125,5331.812722,99.308067,174.92954898625612,42.59980097413063,18.87329760938883,4885.246865451336,480.20313262939453,4401.3033447265625,153,0,1,78,0,1104.6941413879395,280.5788161214441,40.84553594328463,123.93292808905244,36.019999952986836,368.1683235168457,18.71007990837097,80.91510391235352,12.40962529182434,cache_w8a8_m4k2v2,large_h6_n32_s100,b48edaa5bbd7b728c6b0c0bf0b233bf593a83ea215b6143a872a5b9e79f54c08,19.652576446533203,2093.3594897687435,1181.8033571243286,1145.7930742800236,40108032,2027520,2027520,6510
pubmed_node,val,76,76,pubmed_node:val:000076:0a900ab1029a963b,2,4321.756858,4321.71435546875,4222.402803,98.802821,159.35188625007868,42.724691331386566,18.839885480701923,3779.9149602651596,303.27296447753906,3473.26708984375,137,0,1,36,0,511.08179092407227,131.78659203555435,17.91260797996074,57.38572797179222,16.69641600549221,211.92771530151367,10.82147216796875,72.7194881439209,7.804288864135742,cache_w8a8_m4k2v2,large_h6_n32_s100,0a900ab1029a963bb6132834040abc30a53caa4ddd18d4c40ca1aa2a63da73d0,19.583967208862305,1880.274212628603,546.8326091766357,1065.7442352473736,35913728,651264,651264,5838
pubmed_node,val,77,77,pubmed_node:val:000077:3625c095ad0da368,2,4320.448158,4320.40625,4221.847253,98.052311,397.7297777310014,43.012432754039764,15.865088440477848,3556.175407022238,248.39900970458984,3304.5726318359375,129,0,1,36,0,511.40275287628174,132.90841595456004,18.433279966004193,57.678016033023596,17.545504035428166,166.4886417388916,8.069407939910889,67.51225566864014,6.328704357147217,cache_w8a8_m4k2v2,large_h6_n32_s100,3625c095ad0da36862923b06067bf9d2c8552d3eeceae1d9fecb4baba9d77cac,19.6997127532959,1770.6820787489414,547.2012166976929,1006.3890491425991,33816576,651264,651264,5502
pubmed_node,val,78,78,pubmed_node:val:000078:6196be2c6ed1bbb5,2,4520.638601,4520.59716796875,4420.241679,99.50783,154.21362593770027,42.373345233500004,17.509889788925648,3992.2609413042665,306.26733016967773,3682.485107421875,143,0,1,42,0,596.1341743469238,152.71347199287266,21.537376006133854,67.05587205663323,19.58636800106615,212.67510223388672,10.760479807853699,74.98310279846191,7.848645329475403,cache_w8a8_m4k2v2,large_h6_n32_s100,6196be2c6ed1bbb531bdb725451c7134849d0b380074ff7bde3cbaa6a234fca4,19.522464752197266,1959.1246747374535,637.9511060714722,1104.9317913651466,37486592,847872,847872,6090
pubmed_node,val,79,79,pubmed_node:val:000079:b45b3b7f8cfc3c61,2,4633.702747,4633.66015625,4533.851351,99.27027,173.26924204826355,42.968747206032276,17.873255535960197,4068.737708032131,319.34704208374023,3745.8135375976562,146,0,1,42,0,597.6220798492432,154.23280025459826,21.15494397189468,66.80073600634933,19.63929601199925,222.80883407592773,11.18771207332611,77.12441635131836,8.22607958316803,cache_w8a8_m4k2v2,large_h6_n32_s100,b45b3b7f8cfc3c61bc0c3af1ca47d3c4a4f613ee28c7c156f89fff5216359612,19.55251121520996,1999.887457281351,639.1445436477661,1126.334047883749,38273024,847872,847872,6216
pubmed_node,val,80,80,pubmed_node:val:000080:36fca5e19444f772,2,3245.592074,3245.5556640625,3145.794261,99.335906,116.36061314493418,42.87458676844835,12.09290511906147,2823.078505694866,186.76080131530762,2633.8139038085938,98,0,1,36,0,512.8639001846313,130.79724805336446,17.77001596149057,57.41337600722909,16.621599989011884,124.89212608337402,6.004959940910339,51.07833671569824,4.785378575325012,cache_w8a8_m4k2v2,large_h6_n32_s100,36fca5e19444f772feaca11fd7afea2bee5f22ede0d5764ec098943f4516fbc2,19.692096710205078,1349.6514567434788,548.452353477478,755.402190297842,25690112,651264,651264,4200
pubmed_node,val,81,81,pubmed_node:val:000081:1c63bf6396d63c4a,2,4198.964318,4198.92333984375,4099.532028,98.920102,139.46539256721735,42.4375394359231,16.297477297484875,3716.0630207508802,329.4966735839844,3383.2745361328125,133,0,1,36,0,509.8262710571289,131.8054399136454,17.927263987250626,57.21887995302677,16.6634559975937,237.6943359375,12.40771222114563,70.80377578735352,8.59084963798523,cache_w8a8_m4k2v2,large_h6_n32_s100,1c63bf6396d63c4a4d2682cc4bbff2f851f7607bff47af83e05dbbd1b138f402,19.579872131347656,1825.646524220705,545.369309425354,1031.8385746181011,34865152,651264,651264,5670
pubmed_node,val,82,82,pubmed_node:val:000082:5d1e728a0bb57dcd,2,3237.434503,3237.39794921875,3138.106568,98.86104,107.34431631863117,42.76633821427822,12.068853713572025,2821.463156491518,186.68172645568848,2632.2727661132812,98,0,1,36,0,512.0728960037231,131.6844479944557,18.648639988154173,57.716160006821156,16.69142398890108,124.82783889770508,5.99590402841568,51.08102321624756,4.77696031332016,cache_w8a8_m4k2v2,large_h6_n32_s100,5d1e728a0bb57dcdb7384205dff58d3a6814a8008ea8ae6f4a0c3594a62193eb,19.6461124420166,1349.8335357308388,547.741247177124,754.344095647335,25690112,651264,651264,4200
pubmed_node,val,83,83,pubmed_node:val:000083:080749376c19c8ad,2,4527.314693,4527.2734375,4427.811206,98.940607,148.1978790834546,281.09671734273434,16.880618408322334,3768.071858212352,296.7117729187012,3468.0396728515625,133,0,1,42,0,597.2141771316528,153.8584959488362,20.998016003519297,66.72169594839215,19.38854402024299,207.70863723754883,10.508671998977661,70.83827209472656,7.65619158744812,cache_w8a8_m4k2v2,large_h6_n32_s100,080749376c19c8ad19056c665f99eab03f816aff88630479fd4926c34a02ac10,258.16131591796875,1824.3901436626911,638.6507501602173,1263.1600949466228,34865152,847872,847872,5670
pubmed_node,val,84,84,pubmed_node:val:000084:be686f184fc2e4bc,2,5251.845769,5251.7998046875,5150.857627,99.944068,168.86156424880028,42.47544053941965,18.97925604134798,4721.821403130889,433.7783737182617,4284.286193847656,154,0,1,66,0,964.1234245300293,260.9863049220294,35.249727953225374,106.19734394550323,31.124639983288944,325.23548889160156,16.381696224212646,80.97587203979492,11.185316562652588,cache_w8a8_m4k2v2,large_h6_n32_s100,be686f184fc2e4bcd461af13e035a777fbe7665bbfa958b0eb9f1a1419d2764f,19.5413761138916,2108.6182107031345,1029.6784362792969,1165.5309229791164,40370176,1634304,1634304,6552
pubmed_node,val,85,85,pubmed_node:val:000085:4f6dfab955d4d7b5,2,4024.806537,4024.76611328125,3925.847838,98.41929,132.61068239808083,42.743985541164875,15.241761691868305,3547.7205272763968,257.9873275756836,3286.648193359375,124,0,1,42,0,613.6800632476807,171.60092888213694,21.154367975890636,66.60361601039767,19.453760004602373,177.3253116607666,8.736544013023376,65.25913619995117,6.666335701942444,cache_w8a8_m4k2v2,large_h6_n32_s100,4f6dfab955d4d7b537018896ab313c6a77d73adb7e95d3178d92ad2ac7774d8b,19.61747169494629,1700.3912933468819,655.3052816390991,950.5690900683403,32505856,847872,847872,5292
pubmed_node,val,86,86,pubmed_node:val:000086:4a064d4dd29b0985,2,7997.177067,7997.12158203125,7897.512816,98.939188,202.5333847850561,42.868224903941154,20.381636917591095,7418.194718658924,536.2931594848633,6877.86279296875,166,0,1,216,0,3306.7127408981323,768.7550078416243,115.05452785268426,593.1533696949482,100.98729597125202,414.6981430053711,20.275871753692627,87.89359951019287,13.42554521560669,cache_w8a8_m4k2v2,large_h6_n32_s100,4a064d4dd29b098557091b886a7cbfb5608b19f6e4316e8700033c6256a4cd53,19.508960723876953,2267.321983844042,3520.7114810943604,1109.3382887542248,43515904,6549504,6549504,7056
pubmed_node,val,87,87,pubmed_node:val:000087:aada6044e805431c,2,5207.60741,5207.55908203125,5106.033558,100.887192,189.56424482166767,42.383250780403614,22.569898515939713,4653.410946950316,470.56775665283203,4179.1378173828125,152,0,1,66,0,896.1647357940674,220.71343999542296,32.24873601086438,110.14144007861614,32.311936017125845,359.54674911499023,18.24729585647583,80.60547161102295,12.168240070343018,cache_w8a8_m4k2v2,large_h6_n32_s100,aada6044e805431c11f631b91969c43fb3d992f6f72776bf646eeb7e700292c5,19.392351150512695,2079.1016014814377,962.0571508407593,1157.3714162111282,39845888,1634304,1634304,6468
pubmed_node,val,88,88,pubmed_node:val:000088:388fe6585d0aae4a,2,3516.024295,3515.9697265625,3412.933235,102.49185,130.2034119144082,42.225402779877186,16.226576641201973,3061.833782121539,214.44047927856445,2844.640106201172,109,0,1,36,0,488.40646743774414,125.53683200664818,17.068192009814084,62.263936057686806,17.596640018746257,144.52883338928223,6.948352098464966,57.47599983215332,5.48729395866394,cache_w8a8_m4k2v2,large_h6_n32_s100,388fe6585d0aae4a2e0d06212a81bc8df99b2a798224d8f8892f778cf86c4b05,19.33843231201172,1495.4700791537762,524.0051536560059,844.5033057034016,28573696,651264,651264,4662
pubmed_node,val,89,89,pubmed_node:val:000089:140276012f84eb01,2,4691.226057,4691.18212890625,4591.836336,98.426756,205.85718005895615,42.22847428172827,22.68413919955492,4089.116273447871,320.11497497558594,3765.3043212890625,151,0,1,36,0,501.87228775024414,129.12361587025225,17.417791990563273,59.91868805885315,17.30252800695598,220.89824295043945,11.011135935783386,80.11849594116211,8.087100148200989,cache_w8a8_m4k2v2,large_h6_n32_s100,140276012f84eb0196fbaa7f3978a9b4f8f96289b2aaf29e92f4a0ca84a6b717,19.342432022094727,2067.1896313130856,537.8498229980469,1179.6072990000248,39583744,651264,651264,6426
pubmed_node,val,90,90,pubmed_node:val:000090:f6527251b3e8b39d,2,4086.837957,4086.79736328125,3987.176236,99.13737,142.3950046300888,45.38242518901825,15.743778087198734,3596.436365507543,259.30191802978516,3333.9786987304688,127,0,1,42,0,597.0475816726685,156.24025588668883,21.197951970621943,66.68294401094317,19.462111989036202,177.08009338378906,8.830496072769165,66.73225688934326,6.659071683883667,cache_w8a8_m4k2v2,large_h6_n32_s100,f6527251b3e8b39d0c854eddc25611c68d355ab16086c48c23297687ada1db21,21.997343063354492,1740.1290233135223,638.7996797561646,977.0473387241364,33292288,847872,847872,5418
pubmed_node,val,91,91,pubmed_node:val:000091:93625c07e0b128a2,2,4225.325307,4225.2841796875,4125.762301,99.050486,165.3521042317152,43.02235413342714,16.336949542164803,3688.2552169263363,289.4765739440918,3395.5032958984375,133,0,1,36,0,519.0905265808105,140.26063966192305,17.866303979419172,57.460192050784826,16.83881598804146,201.20339584350586,10.131935954093933,70.70441627502441,7.43682587146759,cache_w8a8_m4k2v2,large_h6_n32_s100,93625c07e0b128a228823087bf82f733cf1e736f19ea8c07ee29e6359bc3758d,19.65519905090332,1822.189601868391,554.6528968811035,1038.3159961998463,34865152,651264,651264,5670
pubmed_node,val,92,92,pubmed_node:val:000092:11aa3c376a8b8756,2,4708.937566,4708.89453125,4609.462304,98.948695,411.45317628979683,43.0313665419817,17.347957007586956,3966.000738553703,404.32242584228516,3558.2161254882812,141,0,1,36,0,512.2156467437744,132.64374401327223,18.00774398073554,58.183008059859276,17.177184007130563,303.7407684326172,15.444736003875732,74.7379846572876,10.398936748504639,cache_w8a8_m4k2v2,large_h6_n32_s100,11aa3c376a8b875666461798bd5bdf44c3f215076a600b76ffe17c8e686bf71b,19.633920669555664,1932.9275202453136,547.8139181137085,1097.1086077988148,36962304,651264,651264,6006
pubmed_node,val,93,93,pubmed_node:val:000093:79cb920b6da709a8,2,3995.866981,3995.826904296875,3896.607106,98.448016,143.39578989893198,42.76962298899889,15.668995678424835,3532.283025793731,274.08441162109375,3255.035888671875,127,0,1,36,0,515.3331518173218,133.6370240719989,18.467136004008353,57.74364808574319,16.86847999319434,190.8437786102295,9.567935943603516,66.59344005584717,7.079257011413574,cache_w8a8_m4k2v2,large_h6_n32_s100,79cb920b6da709a8a1d74fc681afdf377db44993f97aa0739bab3c13292d52c5,19.611520767211914,1742.4125760793686,551.1259832382202,981.1088501214981,33292288,651264,651264,5418
pubmed_node,val,94,94,pubmed_node:val:000094:a6dfe4f6ba1cb227,2,4542.901871,4542.8603515625,4443.977191,98.342298,161.9984246790409,42.90528502315283,17.596373334527016,4053.6880968138576,448.1383056640625,3602.0401000976562,143,0,1,36,0,514.1863355636597,133.80649609770626,18.24633597303182,57.403808049857616,17.04172799177468,343.772159576416,17.552640199661255,75.14416027069092,11.669345617294312,cache_w8a8_m4k2v2,large_h6_n32_s100,a6dfe4f6ba1cb2278d7926201cd2749c5f6fd53fcad111d58f46c882acf7e0c2,19.704544067382812,1962.6078769266605,549.8026885986328,1109.3340786397457,37486592,651264,651264,6090
pubmed_node,val,95,95,pubmed_node:val:000095:2facf91ee7f97441,2,4399.182468,4399.1416015625,4299.457865,99.212359,173.43622166663408,42.54064802080393,17.343157902359962,3859.2907981947064,305.438045501709,3550.3944091796875,141,0,1,36,0,509.66649436950684,131.78921583667397,17.949279978871346,57.47091208398342,16.936191994696856,212.60445022583008,10.528735995292664,74.45507335662842,7.849785923957825,cache_w8a8_m4k2v2,large_h6_n32_s100,2facf91ee7f974414b17193fc1d60f574087fb3bccc62098e3e17ba63530f71d,19.56492805480957,1933.199391335249,545.4314231872559,1091.3285227119923,36962304,651264,651264,6006
pubmed_node,val,96,96,pubmed_node:val:000096:af7b71f454b4dd4c,2,3418.430663,3418.393798828125,3320.319945,97.660508,118.72651055455208,42.30320826172829,13.037281110882759,3008.5467966273427,205.9080924987793,2799.975311279297,106,0,1,36,0,511.12169456481934,132.14454385917634,17.98217598348856,57.56185599043965,16.735360011458397,138.66844749450684,6.784896016120911,55.188127517700195,5.266621470451355,cache_w8a8_m4k2v2,large_h6_n32_s100,af7b71f454b4dd4cdbaf983985b62120390d88819d7082afece48b62e4b62d88,19.515392303466797,1458.0849597752094,546.8864002227783,814.5193435847759,27787264,651264,651264,4536
pubmed_node,val,97,97,pubmed_node:val:000097:15dc86de74f9d323,2,4767.512252,4767.4697265625,4667.934536,99.02747,174.14595652371645,42.86702070385218,18.970676697790623,4201.34851615876,372.1354560852051,3825.4635620117188,154,0,1,36,0,510.9616641998291,131.94259195309132,17.93500796612352,57.2729599699378,16.755008007399738,267.9093437194824,13.504575967788696,81.0205430984497,9.700993299484253,cache_w8a8_m4k2v2,large_h6_n32_s100,15dc86de74f9d32340b622659c1026df4a08ac79b5852cf4147230f5c91abb4a,19.681407928466797,2108.9704337716103,546.7183332443237,1189.4562029242516,40370176,651264,651264,6552
pubmed_node,val,98,98,pubmed_node:val:000098:65a3aa3f2fa39d9c,2,4236.916514,4236.8759765625,4136.669945,99.619782,142.24788639694452,42.67541132867336,15.42456354945898,3751.7380444332957,271.5720672607422,3477.0419921875,125,0,1,36,0,776.5420875549316,152.47507164254785,17.913439992815256,58.50374396517873,257.7646793378517,189.20838356018066,9.401984095573425,65.94521522521973,7.016484379768372,cache_w8a8_m4k2v2,large_h6_n32_s100,65a3aa3f2fa39d9c0ffb6c80726a266557b343795dab359b7c114116e36dba9c,19.62041664123535,1714.424543350935,812.5021820068359,969.7356834709644,32768000,651264,651264,5334
pubmed_node,val,99,99,pubmed_node:val:000099:09b311fe7b8bca01,2,4545.740225,4545.6943359375,4446.0122,99.166218,168.2331683114171,42.668482288718224,17.590795643627644,4011.808688752353,321.64879608154297,3686.6516723632812,143,0,1,42,0,599.5220174789429,153.44364805147052,22.860031943768263,67.09113596752286,21.711327909491956,226.7462158203125,11.558080077171326,75.04447937011719,8.300020813941956,cache_w8a8_m4k2v2,large_h6_n32_s100,09b311fe7b8bca01f21eb279173735a0ac78eb7786ae2a6779487e991cc0d0ca,19.636192321777344,1960.211105197668,641.1898584365845,1104.886901050806,37486592,847872,847872,6090
pubmed_node,test,100,0,pubmed_node:test:000000:5f32cab0cc57c69d,2,4782.894169,4782.75048828125,4682.539004,99.55465,495.9347900003195,46.84616532176733,16.711450181901455,3910.313470289111,318.77869033813477,3587.8652954101562,135,0,1,42,0,598.9046058654785,154.8847362352535,21.71846396289766,67.1539839990437,19.886271990835667,227.75037002563477,11.662367820739746,70.6428804397583,8.723072052001953,cache_w8a8_m4k2v2,large_h6_n32_s100,5f32cab0cc57c69d95e5bc46825c81acd87a47b9eec65c4a82dd43d85c7615db,21.115039825439453,1849.0648029446602,640.7124452590942,1119.2030870318413,35389440,847872,847872,5754
pubmed_node,test,101,1,pubmed_node:test:000001:a8172642a48601de,2,3599.39204,3599.346923828125,3500.013065,98.895836,132.79530312865973,42.79123432934284,12.980583123862743,3149.2004301398993,205.41270065307617,2941.0578002929688,109,0,1,42,0,593.1030387878418,153.60675200261176,21.018399993889034,66.90758404135704,19.40912000183016,136.62646293640137,6.496063947677612,57.06380653381348,5.226367235183716,cache_w8a8_m4k2v2,large_h6_n32_s100,a8172642a48601de6e3cbe1f0a20a6977383967792c377469f9dbfc38282572a,19.537343978881836,1495.5944942831993,634.6067523956299,830.3938975930214,28573696,847872,847872,4662
pubmed_node,test,102,2,pubmed_node:test:000002:4db44e1aff13aa1d,2,4807.01409,4806.97119140625,4708.612304,97.915335,203.5457408055663,42.566537857055664,17.520200461149216,4233.670296147466,324.9769973754883,3905.1238403320312,146,0,1,54,0,767.7665281295776,196.95481573604047,27.974591954611242,86.15804795175791,25.165535990148783,228.16764450073242,11.400383949279785,76.96240043640137,8.446568489074707,cache_w8a8_m4k2v2,large_h6_n32_s100,4db44e1aff13aa1d780e95cb44b1f4852e1a60925b9bc71cf462b6ba28567b25,19.607807159423828,1996.2482213974,821.3975324630737,1107.0858936309814,38273024,1241088,1241088,6216
pubmed_node,test,103,3,pubmed_node:test:000003:ff4243ffe8958137,2,2239.106588,2239.074462890625,2140.590264,98.132048,73.1789655983448,42.6759272813797,7.043127901852131,1920.287656597793,111.56800079345703,1807.07080078125,60,0,1,36,0,507.97545623779297,130.57075220532715,18.27411197219044,57.924192022532225,16.606719996780157,74.06492805480957,3.524511933326721,31.084863662719727,2.893697142601013,cache_w8a8_m4k2v2,large_h6_n32_s100,ff4243ffe8958137a22971497e18da5390b4538fddd1cf21030d346b34649493,19.705312728881836,831.3840008676052,543.5201578140259,451.87195482850075,15728640,651264,651264,2604
pubmed_node,test,104,4,pubmed_node:test:000004:40cd4e02f0cfac2f,2,4872.223103,4872.1796875,4773.142494,98.608603,161.42813954502344,42.87688247859478,16.5903028100729,4337.360887788236,323.9008979797363,4010.0414428710938,139,0,1,42,0,1021.8437767028809,291.35407988820225,21.149599984288216,66.74300798773766,19.461920011788607,230.43478393554688,11.66979193687439,73.4016637802124,8.394658327102661,cache_w8a8_m4k2v2,large_h6_n32_s100,40cd4e02f0cfac2fe5de3970990bcca5d5457887a7104d43468f70096c0c70a1,19.570016860961914,1903.7349144816399,1063.2793817520142,1062.5971634984016,36438016,847872,847872,5922
pubmed_node,test,105,5,pubmed_node:test:000005:181a635aeb0b1e44,2,4983.424544,4983.380859375,4883.594358,99.318266,155.23485001176596,42.576588690280914,17.419557087123394,4469.072476960719,352.6918716430664,4112.7606201171875,148,0,1,66,0,933.6170234680176,236.93497592769563,34.81926395278424,104.3662080168724,30.416128005832434,252.95587158203125,13.024928092956543,77.58486461639404,9.12620735168457,cache_w8a8_m4k2v2,large_h6_n32_s100,181a635aeb0b1e44e9c8ad72085a48672b8be3c6c2c170e43daba8e2b4cfc245,19.63817596435547,2025.7607070207596,998.9138536453247,1107.7242354154587,38797312,1634304,1634304,6300
pubmed_node,test,106,6,pubmed_node:test:000006:abcccbdd0508ae28,2,3764.054609,3764.01513671875,3677.562906,85.937673,119.85536944121122,42.601386085152626,14.15538415312767,3335.400253534317,250.21113204956055,3082.2725219726562,116,0,1,42,0,574.4010562896729,147.44022397324443,20.23923198878765,69.79833602532744,20.315808012150228,174.87811279296875,8.722080111503601,60.0544319152832,6.556507229804993,cache_w8a8_m4k2v2,large_h6_n32_s100,abcccbdd0508ae28d6fc0bf63eabd6bf42f8e1a40d6ce4c893580161e0835de9,19.617055892944336,1593.5638710260391,616.0977277755737,892.2279790639877,30408704,847872,847872,4956
pubmed_node,test,107,7,pubmed_node:test:000007:f8a89e3268ef9017,2,4062.93922,4062.897705078125,3964.506893,97.957377,134.51265636831522,42.52816550433636,15.484170988202095,3588.943289592862,252.54351806640625,3333.2280883789062,127,0,1,42,0,594.3947496414185,153.2484160317108,21.023359950631857,66.95657605305314,19.767839997075498,171.2318058013916,8.41974413394928,66.41849517822266,6.473472952842712,cache_w8a8_m4k2v2,large_h6_n32_s100,f8a89e3268ef9017ec088f51d6dc66e2be911cdf3c9b8075b6cbf48362a2c64b,19.578752517700195,1739.842143535614,635.9649276733398,976.9997696876526,33292288,847872,847872,5418
pubmed_node,test,108,8,pubmed_node:test:000008:77e3f9fc15f1bf03,2,4675.735838,4675.693359375,4575.95612,99.26843,156.66584763675928,42.74581279605627,18.506641499698162,4169.770568609238,336.23715591430664,3829.8524169921875,150,0,1,42,0,596.260160446167,153.12118398025632,21.221023961901665,67.10889600589871,19.587808006443083,236.62860870361328,12.002976059913635,79.01881504058838,8.586756110191345,cache_w8a8_m4k2v2,large_h6_n32_s100,77e3f9fc15f1bf03d88332bdd10a647e1358df47f678d5776cbb7abb20e98d00,19.61248016357422,2055.664353311062,637.9650287628174,1155.8355150818825,39321600,847872,847872,6384
pubmed_node,test,109,9,pubmed_node:test:000009:5e99123123cdfc02,2,4616.728302,4616.68603515625,4517.383836,98.830246,157.75781963020563,42.949022725224495,18.48313957452774,4068.664192222059,325.66444396972656,3739.326904296875,150,0,1,36,0,510.06524658203125,131.1763520827517,17.792575974948704,57.66406399384141,16.799456005916,226.87484741210938,11.478463888168335,79.063232421875,8.247900247573853,cache_w8a8_m4k2v2,large_h6_n32_s100,5e99123123cdfc0234a28037333005877a8588959b96d2be863d963300ccb999,19.620256423950195,2052.203969746828,545.9691162109375,1160.7740747630596,39321600,651264,651264,6384
pubmed_node,test,110,10,pubmed_node:test:000010:fa2a68fc052c1ca7,2,5541.423911,5541.37841796875,5442.868775,97.989857,358.0857589840889,42.76576451957226,18.09673383831978,4815.232675522566,375.6015968322754,4435.992248535156,148,0,1,90,0,1251.9137334823608,311.35164816025645,44.634847939014435,145.60844795778394,42.347167995758355,273.8693084716797,14.405376195907593,77.59113597869873,9.73577618598938,cache_w8a8_m4k2v2,large_h6_n32_s100,fa2a68fc052c1ca7b2bd36efafd8ee0b7346f15bef9db9388160a4ac28cb1e07,19.640064239501953,2022.5424659848213,1341.6152029037476,1091.4746438860893,38797312,2420736,2420736,6300
pubmed_node,test,111,11,pubmed_node:test:000011:4a1205c265b34c70,2,4436.63566,4436.59375,4338.117458,97.967126,138.8832563534379,42.253101244568825,17.41122640669346,3926.1666908860207,364.7357749938965,3557.9212036132812,142,0,1,36,0,497.5215673446655,123.98559991177171,17.59910397231579,57.629440031945705,16.792255989275873,266.79289627075195,13.60528016090393,74.88595199584961,9.451646566390991,cache_w8a8_m4k2v2,large_h6_n32_s100,4a1205c265b34c704c7db0d1240929b1c097e6546dd683f31f98227fadf4ae26,19.308256149291992,1944.6608029603958,533.1186256408691,1099.4500311613083,37224448,651264,651264,6048
pubmed_node,test,112,12,pubmed_node:test:000012:8eb86b065a664f01,2,4589.076416,4589.02685546875,4489.101834,99.422222,146.4666649699211,42.3865020275116,18.442919477820396,4054.1489040479064,321.4519348144531,3729.0045166015625,150,0,1,36,0,497.3868169784546,123.72752011660486,17.004415997304022,58.10240001603961,16.76239999011159,223.08918380737305,11.196704030036926,78.91814422607422,8.247902750968933,cache_w8a8_m4k2v2,large_h6_n32_s100,8eb86b065a664f0101dae831852c4e8178831d161f2a6712018723f01e6f0f3f,19.358144760131836,2053.732384443283,533.2058277130127,1161.4244492053986,39321600,651264,651264,6384
pubmed_node,test,113,13,pubmed_node:test:000013:feab12092f141e27,2,4161.891036,4161.84423828125,4062.967976,98.362667,129.30451426655054,42.26901102811098,16.365193761885166,3673.3633670955896,283.3878059387207,3386.6630859375,134,0,1,36,0,497.9015703201294,124.27795202285051,16.670047999359667,58.37596805393696,16.774976007640362,196.20819091796875,9.743039965629578,70.11104011535645,7.32553493976593,cache_w8a8_m4k2v2,large_h6_n32_s100,feab12092f141e27ae5b741ccb49bcffde02b9f1154e8c3b62b9e899cd3375bc,19.36911964416504,1837.7231065928936,533.7486753463745,1034.560423642397,35127296,651264,651264,5712
pubmed_node,test,114,14,pubmed_node:test:000014:ee52a3ae17d3dd49,2,4173.657845,4173.6171875,4074.388761,98.75798,122.67396692186594,42.204360477626324,15.516604296863079,3697.8161055594683,247.33654403686523,3447.3036499023438,127,0,1,36,0,705.715033531189,123.67177622020245,16.992128000594676,57.780639972537756,16.780896003358066,166.59148788452148,8.006208062171936,66.41724872589111,6.321599364280701,cache_w8a8_m4k2v2,large_h6_n32_s100,ee52a3ae17d3dd4959a68aea956fa97150caec15c4f713d95038909de41c3765,19.299488067626953,1742.0933116674423,741.3866510391235,983.1231752634048,33292288,651264,651264,5418
pubmed_node,test,115,15,pubmed_node:test:000015:f3aeb873cfb6dcce,2,4654.771495,4654.72900390625,4555.950684,98.280341,140.80640487372875,42.38043073564768,17.719069495797157,4173.439271748066,402.2593002319336,3767.631591796875,144,0,1,48,0,659.379391670227,161.9557440057397,22.851903962902725,76.92054408043623,22.530271979048848,301.07801818847656,15.397216081619263,75.32022380828857,10.463842153549194,cache_w8a8_m4k2v2,large_h6_n32_s100,f3aeb873cfb6dcce940734dbc52b0891551830246341e7d9a740e72d9799bc3b,19.331552505493164,1975.067996621132,707.321985244751,1104.5731624364853,37748736,1044480,1044480,6132
pubmed_node,test,116,16,pubmed_node:test:000016:3316082954b2f710,2,2512.267009,2512.23388671875,2427.822823,83.935595,63.38019669055939,42.11979079991579,7.749445736408234,2215.6190695241094,123.73833656311035,2090.1177368164062,65,0,1,48,0,678.2926082611084,171.62489596847445,24.12294400203973,76.61382399871945,22.58630400430411,82.8381757736206,3.9638400077819824,33.72972822189331,3.206592559814453,cache_w8a8_m4k2v2,large_h6_n32_s100,3316082954b2f710f1c32e25b1671674f18767faedeb3bc626fbf0147ac50447,19.34435272216797,900.0512309670448,725.8996467590332,483.5112118124962,17039360,1044480,1044480,2814
pubmed_node,test,117,17,pubmed_node:test:000017:373cce577cac6402,2,3998.186433,3998.147216796875,3898.844265,98.705787,156.5546579658985,43.12729276716709,19.203471019864082,3514.9669274687767,272.45030212402344,3239.31103515625,126,0,1,36,0,495.26233768463135,127.78844805806875,17.079999995417893,61.00896006450057,17.773728030733764,189.57305526733398,9.43558394908905,66.3764476776123,7.065215229988098,cache_w8a8_m4k2v2,large_h6_n32_s100,373cce577cac640256bfa55479070cb5ccd8c32acdbea516bf02d37444a4169e,19.626720428466797,1730.8568319380283,531.2916793823242,996.7892442643642,33030144,651264,651264,5376
pubmed_node,test,118,18,pubmed_node:test:000018:36accab38429261b,2,4014.362515,4014.322998046875,3913.954867,99.813742,172.5165667012334,42.59607847779989,18.6936492100358,3478.543364442885,261.02381134033203,3214.3816528320312,125,0,1,36,0,496.70159816741943,129.4298880631104,19.281087920069695,61.58524800464511,17.757504022680223,179.17212677001953,8.907327890396118,66.28569507598877,6.658661603927612,cache_w8a8_m4k2v2,large_h6_n32_s100,36accab38429261b491e481800939c962ef76f9910de2879b9ee07a84d34fc9d,19.359615325927734,1715.3561262488365,535.040319442749,983.3448224663734,32768000,651264,651264,5334
pubmed_node,test,119,19,pubmed_node:test:000019:a7ab00b3fe8d7885,2,4126.038632,4125.99755859375,4025.70213,99.447072,155.02540301531553,42.070687748491764,19.512616097927094,3612.757689319551,265.9226608276367,3343.5694580078125,131,0,1,36,0,498.16489601135254,128.4958399310708,17.536639998666942,60.334943916648626,17.32128000818193,180.49235343933105,8.998080015182495,69.64841556549072,6.783811807632446,cache_w8a8_m4k2v2,large_h6_n32_s100,a7ab00b3fe8d78859bbe909a1fc96127e2c43c5ba83ad42b5c4aa549be7483d0,19.22105598449707,1797.6956808567047,534.0144634246826,1031.0803697109222,34340864,651264,651264,5586
pubmed_node,test,120,20,pubmed_node:test:000020:432c4bd4a2f7e08b,2,3777.783081,3777.744384765625,3678.309747,98.945928,119.26482059061527,42.56523959338665,16.92346576601267,3332.2191536426544,242.9349708557129,3086.2590942382812,119,0,1,36,0,518.6082572937012,133.22511984501034,17.82214395608753,61.36227183789015,16.691871994175017,165.19807815551758,8.027456045150757,63.50697612762451,6.202460527420044,cache_w8a8_m4k2v2,large_h6_n32_s100,432c4bd4a2f7e08bae5f939d07639fdc16df175d2f7c73872556b7ab07d55ec7,19.56889533996582,1634.2875262498856,554.3139848709106,917.2264784574509,31195136,651264,651264,5082
pubmed_node,test,121,21,pubmed_node:test:000021:b67735b4e48a0af1,2,4582.030182,4581.98583984375,4483.505362,97.966743,394.8754742741585,42.84568224102259,16.721472144126892,3821.6777723282576,279.6885452270508,3538.6066284179688,136,0,1,42,0,594.7357110977173,152.41459191776812,21.08985596243292,66.72073606401682,19.459200005047023,191.73385620117188,9.527072072029114,71.25385570526123,7.173761248588562,cache_w8a8_m4k2v2,large_h6_n32_s100,b67735b4e48a0af1f3e15acc315656376670d57a30a75180dbaf985a4c768be9,19.68988800048828,1865.7302093207836,638.187328338623,1054.3789787590504,35651584,847872,847872,5796
pubmed_node,test,122,22,pubmed_node:test:000022:8238262d3a5e8873,2,4779.18106,4779.13916015625,4678.759152,99.852212,168.59075240790844,42.960855178534985,18.858767114579678,4253.850130364299,429.5867462158203,3820.51025390625,153,0,1,36,0,513.050464630127,134.77897632308304,18.01686397474259,60.548319827765226,16.788288006559014,320.8511390686035,16.501824140548706,81.00592041015625,11.22786259651184,cache_w8a8_m4k2v2,large_h6_n32_s100,8238262d3a5e8873cfa404014dc8669f24ea58ca67fb0ac01aaac3b5415e4a32,19.667455673217773,2098.438464194536,548.9739837646484,1192.7652616202831,40108032,651264,651264,6510
pubmed_node,test,123,23,pubmed_node:test:000023:5190dbfdd9c09135,2,3971.326142,3971.286865234375,3870.974853,99.546366,122.83845897763968,43.03469695150852,14.91884421557188,3516.4582431316376,244.77597045898438,3268.6151123046875,122,0,1,42,0,610.1009302139282,161.68131198361516,21.32675197068602,67.48438398167491,20.19651197642088,167.03414344787598,8.136768102645874,63.29836845397949,6.306690454483032,cache_w8a8_m4k2v2,large_h6_n32_s100,5190dbfdd9c091353b7ef666424b8f9b549a0b73a1d39b1030ab42918bb3561e,19.86409568786621,1684.0373752117157,652.2901773452759,952.1516554355621,31981568,838656,838656,5208
pubmed_node,test,124,24,pubmed_node:test:000024:ccfef8eb68188954,2,4314.676105,4314.6357421875,4215.339825,98.804004,149.5923474431038,42.917435988783836,16.418765299022198,3807.428433559835,282.57654190063477,3521.5193481445312,134,0,1,42,0,604.5665912628174,157.6152960974723,21.1893759816885,67.25913596153259,19.51884799078107,195.51263809204102,9.70800006389618,70.08252811431885,7.273375630378723,cache_w8a8_m4k2v2,large_h6_n32_s100,ccfef8eb68188954e06071feed8b42eb186394ece94de545604e78d69867975a,19.765087127685547,1851.2562877833843,646.3342733383179,1043.6938741505146,35127296,847872,847872,5712
pubmed_node,test,125,25,pubmed_node:test:000025:2f9517f9cddc9ee4,2,4978.697541,4978.6533203125,4879.665435,98.394906,176.31971929222345,43.22568327188492,18.76594591885805,4415.951634757221,420.39842987060547,3991.8115234375,152,0,1,48,0,689.4757766723633,175.74201608635485,24.696992022916675,77.05200004950166,22.242944008670747,313.2863655090332,15.815711975097656,80.49292850494385,10.803423881530762,cache_w8a8_m4k2v2,large_h6_n32_s100,2f9517f9cddc9ee49957e0815e330ee4b580d7cd28fb363dab9b4185c588bcf2,19.784576416015625,2096.0989409685135,737.5181427001953,1177.9790161848068,39845888,1044480,1044480,6468
pubmed_node,test,126,26,pubmed_node:test:000026:c87987cbddd36f68,2,7189.804613,7189.7529296875,7089.880382,99.334784,170.3331796452403,42.93016158044338,19.30470298975706,6649.3602944538,396.779296875,6248.715515136719,157,0,1,180,0,2848.8415021896362,648.0421122442931,336.3580547692254,289.3253439441323,83.70748796220869,289.96691513061523,14.350656032562256,82.30416011810303,10.157565593719482,cache_w8a8_m4k2v2,large_h6_n32_s100,c87987cbddd36f6855c3d6946736801b44478892b3b3615397145caa4cda7663,19.724096298217773,2160.6943061947823,3028.6943016052246,1079.0510036349297,41156608,5369856,5369856,6678
pubmed_node,test,127,27,pubmed_node:test:000027:66718109a5fbcec5,2,4719.575361,4719.52978515625,4619.827857,99.17666,166.3525104522705,43.012188747525215,18.293398432433605,4162.806564942002,324.6885108947754,3834.436767578125,149,0,1,42,0,599.1463041305542,155.4853439219296,23.233823913149536,66.7031360194087,19.4382399963215,226.08374786376953,11.453248023986816,78.82918453216553,8.322330474853516,cache_w8a8_m4k2v2,large_h6_n32_s100,66718109a5fbcec59ce25191c845483c3b99188a299950cbbfe99aefc325b198,19.760128021240234,2054.492317289114,641.1726741790771,1158.531904131174,39059456,847872,847872,6342
pubmed_node,test,128,28,pubmed_node:test:000028:da3d647ca7d61231,2,3454.895812,3454.859375,3355.074068,99.401288,109.73859764635563,42.66116488724947,11.609954759478569,3061.881070956588,208.0960922241211,2851.338348388672,95,0,1,54,0,778.3281574249268,206.0015038959682,27.896799980662763,85.78492802754045,25.040352014824748,145.87964630126953,7.193984031677246,49.55171203613281,5.470749855041504,cache_w8a8_m4k2v2,large_h6_n32_s100,da3d647ca7d612315f43a02793a8c4c10e28cdea33020794930f124ce5f7b206,19.627519607543945,1321.2211203575134,832.1258573532104,717.618890285492,24903680,1231872,1231872,4074
pubmed_node,test,129,29,pubmed_node:test:000029:c8fd032bebb7ee00,2,4028.480915,4028.44091796875,3930.040384,97.94527,132.05469585955143,43.18103287369013,15.55002760142088,3551.5246065333486,280.88454818725586,3267.4674682617188,127,0,1,36,0,509.32902336120605,131.00335992500186,17.840191991068423,57.67971196398139,16.644127992913127,197.18710708618164,9.869696021080017,66.49734497070312,7.330400109291077,cache_w8a8_m4k2v2,large_h6_n32_s100,c8fd032bebb7ee00eebd1bdf42da780aebeb3b53d6cc93ab9205804fa91805c7,19.73311996459961,1754.426176905632,545.1264333724976,987.6479779481888,33292288,651264,651264,5418
pubmed_node,test,130,30,pubmed_node:test:000030:4aa88e232f44afc9,2,4619.405644,4619.36328125,4520.624661,98.248289,144.6398999541998,43.13376359641552,17.40390807390213,4121.926806867123,318.4839324951172,3799.9495849609375,141,0,1,36,0,737.1236124038696,136.6340801892802,18.007327967323363,274.14866598695517,18.971839927136898,224.10009765625,11.512832045555115,74.66428852081299,8.206714272499084,cache_w8a8_m4k2v2,large_h6_n32_s100,4aa88e232f44afc9900207f479ab0d91e3fd8aade6f711303edb427f65e7f5cd,19.659839630126953,1945.3311686515808,773.2879362106323,1100.9903197288513,36962304,651264,651264,6006
pubmed_node,test,131,31,pubmed_node:test:000031:8edaee886ad7a6dd,2,4971.767158,4971.724609375,4871.211955,99.605827,161.97889298200607,42.795474641025066,18.662961199879646,4417.4912655726075,418.0873260498047,3995.66943359375,152,0,1,48,0,683.8293771743774,173.6963840564713,24.239967981353402,77.15030400827527,22.851967992261052,310.6922264099121,16.145440101623535,80.43776035308838,10.811899185180664,cache_w8a8_m4k2v2,large_h6_n32_s100,8edaee886ad7a6dd0145006fb00cdf0243ebc2644ea8503fcac7c5e34bd5892d,19.665056228637695,2097.565504580736,731.917121887207,1185.8518633544445,39845888,1044480,1044480,6468
pubmed_node,test,132,32,pubmed_node:test:000032:ca423fcad5bf26ac,2,2275.112693,2275.08056640625,2175.82692,98.916876,73.63010104745626,42.879216372966766,7.208184339106083,1951.623230241239,111.64995002746582,1838.3280334472656,60,0,1,36,0,519.791522026062,134.13673604559153,17.87772796768695,60.33148793503642,16.82886398397386,74.14278411865234,3.5330880284309387,31.083008289337158,2.8910695910453796,cache_w8a8_m4k2v2,large_h6_n32_s100,ca423fcad5bf26ac21ccaa48946144dcc2ff5ad0569296bfc9cd5d4955833050,19.614688873291016,837.8946568071842,557.6224613189697,462.4256041944027,15728640,651264,651264,2604
pubmed_node,test,133,33,pubmed_node:test:000033:90ec4e4593ee23e6,2,5315.627267,5315.58251953125,5214.807817,100.282195,173.10508899390697,43.05195715278387,18.61468516290188,4794.076883234084,464.5657272338867,4325.7794189453125,152,0,1,72,0,1022.9233312606812,261.8907841723412,37.26204794365913,114.26691211760044,33.21417598519474,354.2071647644043,17.99497628211975,80.26515197753906,12.098434209823608,cache_w8a8_m4k2v2,large_h6_n32_s100,90ec4e4593ee23e69234a1a298a67c907e45dadde229dde0996f821a673b3ed2,19.742080688476562,2097.8237426280975,1094.749855041504,1152.9479019641876,39845888,1830912,1830912,6468
pubmed_node,test,134,34,pubmed_node:test:000034:6c6eb1f3b7f852f9,2,8132.407831,8132.3525390625,8031.99446,99.795503,203.88423930853605,42.95928589999676,21.177870221436024,7544.660883024335,644.3711700439453,6896.10009765625,172,0,1,204,0,3167.405333518982,748.4481923794374,109.93539193179458,324.270880099386,94.26140795554966,512.5471725463867,25.270047664642334,89.95027256011963,16.60367727279663,cache_w8a8_m4k2v2,large_h6_n32_s100,6c6eb1f3b7f852f92c070180689039a16efa2d68e753a4fbe217dad6084252cd,19.698272705078125,2364.82073238492,3371.1213369369507,1179.8563010394573,45088768,6151680,6151680,7308
pubmed_node,test,135,35,pubmed_node:test:000035:1e69ef700dcab499,2,4384.148795,4384.10302734375,4284.874611,98.622818,154.3180551379919,42.734162881970406,16.684560105204582,3866.438627243042,259.2267875671387,3603.847412109375,136,0,1,48,0,667.1413412094116,171.91779200080782,24.05673599243164,78.16294400766492,22.787647983059287,173.1536979675293,8.363904118537903,71.17139148712158,6.53779399394989,cache_w8a8_m4k2v2,large_h6_n32_s100,1e69ef700dcab499032eb0be5353e371346fa3b4dac40002ddd35806bccb7f9b,19.6395206451416,1863.8676809370518,714.8119649887085,1044.8072868287563,35651584,1044480,1044480,5796
pubmed_node,test,136,36,pubmed_node:test:000036:97228afdbad35bc9,2,7777.273373,7777.21826171875,7676.229029,100.042727,223.17448165267706,42.538756504654884,25.61556827276945,7155.473431572318,641.5107803344727,6508.5556640625,172,0,1,204,0,2780.709475517273,672.6949119744822,100.1004799483344,337.6414719298482,97.52643204573542,509.6351318359375,25.419296264648438,89.90908813476562,16.547264099121094,cache_w8a8_m4k2v2,large_h6_n32_s100,97228afdbad35bc93960740e654381233e704308fddde3c08a48e92ac57d2c1a,19.295360565185547,2349.174912005663,2983.305598258972,1195.3705143630505,45088768,6156288,6156288,7308
pubmed_node,test,137,37,pubmed_node:test:000037:0d5da1d22d355309,2,2255.772492,2255.7373046875,2156.5606,98.818438,72.84236513078213,43.091717176139355,7.182378321886063,1934.1844823211432,111.62409973144531,1820.9085998535156,60,0,1,36,0,511.8664665222168,133.11788813583553,18.47228794824332,57.809824116528034,16.697600019164383,74.10451221466064,3.5237119793891907,31.107391834259033,2.888483703136444,cache_w8a8_m4k2v2,large_h6_n32_s100,0d5da1d22d3553090e15b33e29df3fefd5199a3b1f7b315257d15d7b0f5e65ad,19.798912048339844,834.9270395934582,547.4747800827026,458.30569222569466,15728640,651264,651264,2604
pubmed_node,test,138,38,pubmed_node:test:000038:b3598f86af021b1d,2,3957.341014,3957.3017578125,3859.046234,97.809424,377.37099919468164,42.82773565500975,14.165718108415604,3251.091280952096,239.52717208862305,3008.6497802734375,116,0,1,36,0,508.5034885406494,131.36313605774194,17.71555198263377,57.02684800699353,16.583424006588757,164.99324798583984,8.119711995124817,60.21484661102295,6.199365496635437,cache_w8a8_m4k2v2,large_h6_n32_s100,b3598f86af021b1d874a34cbbc3149ae43dcc9df62655804aec20347c7ed2ef0,19.64566421508789,1592.049986243248,544.2057247161865,892.0397335290909,30408704,651264,651264,4956
pubmed_node,test,139,39,pubmed_node:test:000039:bd83e07bdd95ea2e,2,4796.929449,4796.88623046875,4712.648668,83.713145,144.64197494089603,44.69186253845692,16.725451685488224,4313.543047755957,354.5734748840332,3955.5930786132812,136,0,1,72,0,1021.998049736023,258.94992003403604,37.575775967910886,113.94191999360919,35.71158389188349,260.8180809020996,13.399168252944946,71.19350337982178,9.16272234916687,cache_w8a8_m4k2v2,large_h6_n32_s100,bd83e07bdd95ea2eddd775c80f0db8147a80de60e6cc648a7777e83522b8e081,19.716960906982422,1862.6987163424492,1093.5751686096191,1019.0361545681953,35651584,1830912,1830912,5796
pubmed_node,test,140,40,pubmed_node:test:000040:a554100795c70d2c,2,5284.41428,5284.369140625,5186.063069,97.729447,158.12482126057148,44.440207071602345,18.67931243032217,4777.288376353681,468.091552734375,4305.478271484375,152,0,1,72,0,1026.9462051391602,263.41868789307773,37.20847997069359,114.15577607229352,33.14060796238482,357.04333114624023,18.32582402229309,80.63001537322998,12.092382192611694,cache_w8a8_m4k2v2,large_h6_n32_s100,a554100795c70d2c4a1a72a11d3ccf7aa3f9a60c816646c90cd465d656cce040,19.68592071533203,2083.8541411161423,1098.2687005996704,1143.0413504838943,39845888,1830912,1830912,6468
pubmed_node,test,141,41,pubmed_node:test:000041:817a2246475bd741,2,4433.158222,4433.115234375,4334.332108,98.109867,134.36565548181534,43.54471433907747,16.268204897642136,3964.643177576363,376.0707893371582,3585.2799072265625,133,0,1,48,0,693.4405145645142,180.28201631642878,25.0788159891963,78.36585597321391,24.55292805377394,281.16233825683594,14.251808166503906,70.83027172088623,9.826371192932129,cache_w8a8_m4k2v2,large_h6_n32_s100,817a2246475bd741dc735f5fcf7fdd69a38dd476c0bd10401ebb99349c2cf97c,20.459552764892578,1822.7808316648006,741.2943048477173,1041.6643234789371,34865152,1044480,1044480,5670
pubmed_node,test,142,42,pubmed_node:test:000042:c9169db9d6c4b439,2,7162.886414,7162.833984375,7079.274536,82.958668,189.05891198664904,42.8571542724967,19.327624700963497,6619.12479903549,391.0543670654297,6224.226867675781,157,0,1,180,0,2600.8746976852417,675.2527684243396,96.24559986591339,288.7424640208483,86.04806401301175,283.7073631286621,14.813791751861572,82.39081573486328,10.142396450042725,cache_w8a8_m4k2v2,large_h6_n32_s100,c9169db9d6c4b439fa1c583cb0cd0ee79b05f3ea3a04701c6337eba01df18bb0,19.693023681640625,2144.760672658682,2779.5565147399902,1319.6027039587498,41156608,5366784,5366784,6678
pubmed_node,test,143,43,pubmed_node:test:000043:25649f18bed4c0e3,2,4175.549822,4175.50634765625,4074.711361,100.103819,128.276445902884,42.559121735394,15.535718761384487,3721.7330457642674,374.48476791381836,3344.0769653320312,127,0,1,42,0,597.8537244796753,155.82857618946582,21.831359996460378,67.17011200636625,19.664319992996752,283.6933479309082,14.355424165725708,66.60649585723877,9.829499959945679,cache_w8a8_m4k2v2,large_h6_n32_s100,25649f18bed4c0e3d32716dd968a48404fd2142b3f1af94aa5d2f4707c9e4d70,19.596960067749023,1742.1948156356812,639.4370880126953,982.0420217514038,33292288,847872,847872,5418
pubmed_node,test,144,44,pubmed_node:test:000044:a14ab025d60f06b1,2,5233.453692,5233.40869140625,5134.883979,98.017419,169.34540309011936,42.54051577299833,17.57695060223341,4698.8221714273095,289.8574409484863,4405.380310058594,146,0,1,90,0,1254.6443223953247,310.6465919148177,44.98287993948907,141.55110405758023,41.29740794189274,195.6241569519043,9.688959836959839,77.21555233001709,7.3287718296051025,cache_w8a8_m4k2v2,large_h6_n32_s100,a14ab025d60f06b162637df5229c810e8215e6b071dade0d7ba3edacc256367d,19.622207641601562,2000.924869120121,1343.3317461013794,1080.745902478695,38273024,2420736,2420736,6216
pubmed_node,test,145,45,pubmed_node:test:000045:ddc94896fb967e5a,2,4608.701335,4608.65869140625,4509.025206,99.078473,160.56299302726984,42.03588794916868,17.880819737911224,4061.185522004962,322.9295654296875,3734.5821533203125,150,0,1,36,0,500.7348508834839,126.46643223334104,17.06451198272407,57.10351998731494,16.53171198628843,224.19011306762695,11.283903956413269,79.19987201690674,8.25567638874054,cache_w8a8_m4k2v2,large_h6_n32_s100,ddc94896fb967e5a9cfb212fea5e381f75130b4072c14b824821a74f706b3974,19.257951736450195,2056.4768663942814,536.3322238922119,1161.0310147702694,39321600,651264,651264,6384
pubmed_node,test,146,46,pubmed_node:test:000046:9bd9a7c79879c6c3,2,3923.032624,3922.99365234375,3822.899338,99.413572,115.08751194924116,42.404609732329845,13.682347722351551,3482.6819403097034,239.65945434570312,3240.103240966797,116,0,1,36,0,509.6398401260376,130.63532788865268,18.195711963810027,56.76716799661517,16.696479997597635,165.3362865447998,8.05788791179657,60.07788848876953,6.187391400337219,cache_w8a8_m4k2v2,large_h6_n32_s100,9bd9a7c79879c6c37b58b4235528205c597a8e6d92d64e0fa954a10fd67b7910,19.555423736572266,1592.190432548523,545.2734060287476,1122.1948261260986,30408704,651264,651264,4956
pubmed_node,test,147,47,pubmed_node:test:000047:c1b0423e610e1bdf,2,3767.495089,3767.4560546875,3682.874559,84.12194,113.01041953265667,42.315795086324215,13.654107227921486,3350.4586927592754,251.78851318359375,3095.7614135742188,116,0,1,42,0,592.7466888427734,151.7228482114151,20.918975993059576,66.9201600626111,19.401727985590696,175.97996711730957,8.861216068267822,60.39248085021973,6.554849147796631,cache_w8a8_m4k2v2,large_h6_n32_s100,c1b0423e610e1bdfff0851aca4c8f77260c89302b9e44ed5cca2e3ebdb5250d8,19.52035140991211,1594.3099513351917,634.2530565261841,886.718757122755,30408704,847872,847872,4956
pubmed_node,test,148,48,pubmed_node:test:000048:cc83edcf78d223d0,2,4488.381598,4488.3408203125,4390.021606,97.764355,155.28782457113266,42.826307006180286,17.03309826552868,3957.5309650972486,280.8596839904785,3673.143310546875,143,0,1,42,0,593.2557744979858,152.9260479165241,21.185183978639543,66.1961920261383,19.157343989238143,190.00297355651855,9.215423941612244,74.53849697113037,7.102789521217346,cache_w8a8_m4k2v2,large_h6_n32_s100,cc83edcf78d223d0d392a1ee81ff3f8507247e5e4bef62929223c2184330f9a8,19.644384384155273,1959.6064321100712,634.6549100875854,1098.5263527333736,37486592,847872,847872,6090
pubmed_node,test,149,49,pubmed_node:test:000049:e497dd95e34cc6bc,2,4097.980647,4097.94140625,3997.530579,99.829578,142.89706014096737,42.59451199322939,15.596374869346619,3605.8238558471203,263.7328338623047,3338.8264770507812,131,0,1,36,0,503.98672008514404,129.25516800396144,17.467359981499612,60.12662407010794,17.83683199994266,179.28403091430664,8.64630401134491,69.04799938201904,6.754499554634094,cache_w8a8_m4k2v2,large_h6_n32_s100,e497dd95e34cc6bc57fae18ce70db9439ab158603be0337098495e92beda9af8,19.5296630859375,1796.5261470973492,539.773663520813,1022.0563295185566,34340864,651264,651264,5586
pubmed_node,test,150,50,pubmed_node:test:000050:7b7965113887ca50,2,3837.119611,3837.080078125,3735.646948,100.582167,129.57654614001513,42.07887686789036,17.824253998696804,3353.0431175604463,250.1437110900879,3099.8345947265625,121,0,1,36,0,486.62662506103516,125.11132795922458,16.860191995278,60.0506559535861,17.952512012794614,171.98044967651367,8.478336095809937,63.20995044708252,6.474974870681763,cache_w8a8_m4k2v2,large_h6_n32_s100,7b7965113887ca5031851a3b5cae8afdb87c82848b0832627bc30d276681a87b,19.2741756439209,1662.2424620389938,522.3856649398804,934.4806433916092,31719424,651264,651264,5166
pubmed_node,test,151,51,pubmed_node:test:000051:04965679593e9f15,2,8355.639925,8355.58203125,8255.733193,99.058623,196.33233826607466,43.03817916661501,21.586960181593895,7762.939284555614,626.2811813354492,7132.3953857421875,175,0,1,222,0,3351.4874172210693,781.0736319320276,362.9263715390116,360.4634878821671,106.7607360528782,493.9388427734375,24.05139183998108,92.50912094116211,15.78182578086853,cache_w8a8_m4k2v2,large_h6_n32_s100,04965679593e9f15aadee6ce9ec44be05118439dc794bc7395bb301492dc35a1,19.794431686401367,2386.2538842260838,3575.1102781295776,1190.8256550729275,45875200,6746112,6746112,7434
pubmed_node,test,152,52,pubmed_node:test:000052:3996805805fbe56a,2,4821.860798,4821.81005859375,4735.856789,84.907765,183.2307744771242,43.55917498469353,20.564841106534004,4285.976340994239,351.63999938964844,3930.941162109375,136,0,1,72,0,973.7966432571411,242.2997120777145,34.65692799817771,121.33033596351743,35.3038400253281,258.0050239562988,13.263552188873291,71.22646427154541,9.144958972930908,cache_w8a8_m4k2v2,large_h6_n32_s100,3996805805fbe56a4e80c2f6a6a849c36740ea93d8ca34ca2f157b01489cce16,20.295616149902344,1868.0360650718212,1045.749153137207,1037.451560050249,35651584,1830912,1830912,5796
pubmed_node,test,153,53,pubmed_node:test:000053:84caee7eab94e4a3,2,4837.967985,4837.92431640625,4738.323563,98.730178,167.95848216861486,42.4159849062562,22.037082351744175,4307.292775250971,367.42962646484375,3936.2692260742188,146,0,1,54,0,771.547040939331,198.5991681655869,27.43983996193856,88.53084791451693,25.66217600554228,267.12023162841797,13.728479862213135,77.10412693023682,9.47678804397583,cache_w8a8_m4k2v2,large_h6_n32_s100,84caee7eab94e4a3d3dca23e7db76907101cc520ae37235928f00b2513ada0d0,19.317440032958984,1999.5357435941696,825.8148822784424,1130.2360402345657,38273024,1241088,1241088,6216
pubmed_node,test,154,54,pubmed_node:test:000054:60cf5b2b1cff556b,2,4812.184175,4812.140625,4712.582786,99.007037,191.69982708990574,42.68993716686964,18.753032200038433,4268.735487945378,435.2573471069336,3829.7413940429688,153,0,1,36,0,510.52287769317627,131.617215978913,17.924095954746008,57.94806391745806,16.790784012526274,326.42940521240234,16.592639923095703,81.00636768341064,11.228934288024902,cache_w8a8_m4k2v2,large_h6_n32_s100,60cf5b2b1cff556b573a716663a5e12f6dabe5cf7a02040394d979ce8d820db3,19.628768920898438,2097.421534538269,546.3065919876099,1205.6420364379883,40108032,651264,651264,6510
pubmed_node,test,155,55,pubmed_node:test:000055:0cd7bd1f4d474437,2,4996.106224,4996.06201171875,4893.545214,99.155998,402.2147925570607,42.953998781740665,18.523532897233963,4216.638840734959,348.32653045654297,3864.5977172851562,151,0,1,42,0,611.7803812026978,170.33209517225623,21.04627197701484,67.15699196606874,19.37116799503565,247.0510368347168,12.338208198547363,80.09260845184326,8.844676971435547,cache_w8a8_m4k2v2,large_h6_n32_s100,0cd7bd1f4d474437727e6d36d3372e09401a89c893698a2921b187409d32a845,19.717248916625977,2069.032032608986,653.6243848800659,1161.6585487127304,39583744,847872,847872,6426
pubmed_node,test,156,56,pubmed_node:test:000056:50522fedf5f4b732,2,4384.948449,4384.89794921875,4286.327406,98.016206,142.20317732542753,42.792513966560364,16.663740389049053,3881.7587308585644,257.7920341491699,3620.5977783203125,136,0,1,48,0,681.6592645645142,177.0931519307196,24.341695997864008,76.01491207629442,22.191008006222546,172.04262351989746,8.27891194820404,70.9326400756836,6.537858605384827,cache_w8a8_m4k2v2,large_h6_n32_s100,50522fedf5f4b732f7ae64a688a066545291efd033492bd4c3e36e10934d3937,19.68889617919922,1864.7785242199898,729.2555828094482,1046.2525674700737,35651584,1044480,1044480,5796
pubmed_node,test,157,57,pubmed_node:test:000057:6ca8b24969226636,2,4141.573189,4141.533203125,4042.198946,98.852214,143.51607114076614,42.741565965116024,15.701472759246826,3668.8039675354958,385.58237075805664,3280.036376953125,128,0,1,36,0,509.57292556762695,131.29161594994366,17.99526398535818,56.78313596919179,16.578751984983683,293.07983779907227,15.319200038909912,66.97583961486816,10.207493305206299,cache_w8a8_m4k2v2,large_h6_n32_s100,6ca8b24969226636d68b1aa8eb5c06203e5629fbc4607a5daa5a302ea65ee9d6,19.723007202148438,1758.7466881275177,545.1179523468018,995.894743680954,33554432,651264,651264,5460
pubmed_node,test,158,58,pubmed_node:test:000058:cff7541939361e66,2,2456.823722,2456.78955078125,2357.210979,99.250028,76.8307726830244,42.52940975129604,8.289013057947159,2134.2915408313274,121.92825698852539,2010.5052795410156,69,0,1,36,0,512.0208654403687,132.15225596167147,19.849759943783283,57.400607991963625,16.789471993222833,79.30044651031494,3.712191939353943,35.809983253479004,3.1056352853775024,cache_w8a8_m4k2v2,large_h6_n32_s100,cff7541939361e6689eb7eead5b23eba1fa8ae840dc04994612240e6dc89976c,19.525856018066406,952.814242631197,547.6326398849487,529.5842530429363,18087936,651264,651264,2982
pubmed_node,test,159,59,pubmed_node:test:000059:93be0c01a6c5f92c,2,4293.325728,4293.28369140625,4194.776342,97.907878,143.64107605069876,42.68521163612604,16.531018540263176,3806.5923238173127,375.530460357666,3427.7219848632812,135,0,1,36,0,511.6212167739868,132.66601603478193,17.8670399710536,59.479552023112774,16.582848000340164,280.4654426574707,14.214560270309448,71.0504322052002,9.800025224685669,cache_w8a8_m4k2v2,large_h6_n32_s100,93be0c01a6c5f92c81b9cef6d17f434e97d4b66d096fc194d3275878d90c61f5,19.65567970275879,1852.5490582585335,547.2325468063354,1047.596059501171,35389440,651264,651264,5754
pubmed_node,test,160,60,pubmed_node:test:000060:ac536cd4273a65d1,2,3436.760133,3436.7216796875,3337.14729,98.84595,110.93179136514664,42.43731498718262,12.908785603940487,3021.9968827441335,212.15027236938477,2807.1778564453125,106,0,1,36,0,511.6288957595825,132.7078079590574,18.051039981655777,57.425151973962784,16.75747201219201,144.55516815185547,7.068319916725159,55.04464149475098,5.482142806053162,cache_w8a8_m4k2v2,large_h6_n32_s100,ac536cd4273a65d105fcd390471eca4ba8f8f1a227b86a24c1fc0ac62eeb1adf,19.55129623413086,1460.06329703331,547.3176651000977,819.3481905460358,27787264,651264,651264,4536
pubmed_node,test,161,61,pubmed_node:test:000061:0e5b04777b348e6b,2,4496.471537,4496.43017578125,4396.280081,99.400423,141.95822831243277,42.78845991939306,16.608781181275845,4011.265949346125,306.3738594055176,3701.439453125,137,0,1,36,0,748.1774110794067,133.2497278926894,17.98428795207292,292.2625643052161,16.608735979534686,215.14649963378906,10.746847867965698,72.5357437133789,7.944768190383911,cache_w8a8_m4k2v2,large_h6_n32_s100,0e5b04777b348e6b65f0b87387321b834b0f252437bea5bc57a98ed27d5db5e3,19.650144577026367,1878.8887988626957,784.1508407592773,1058.0499580800533,35913728,651264,651264,5838
pubmed_node,test,162,62,pubmed_node:test:000062:f945c18bd80c433e,2,6853.888654,6853.83837890625,6769.256587,84.030268,159.80325173586607,42.480832897126675,19.081154838204384,6343.089596368372,394.20716857910156,5945.042724609375,157,0,1,180,0,2567.828956604004,662.9055043198168,95.16972790658474,283.03920005634427,85.23372801020741,287.009822845459,14.816255807876587,82.2512321472168,10.129857778549194,cache_w8a8_m4k2v2,large_h6_n32_s100,f945c18bd80c433e97068bc240138b2d4da577e14153fcbe204cb6d538b701d8,19.578208923339844,2145.2948485016823,2746.032320022583,1073.2937650084496,41156608,5366784,5366784,6678
pubmed_node,test,163,63,pubmed_node:test:000063:fc63015e807a4ceb,2,4255.027184,4254.98486328125,4155.644555,98.877383,164.61329255253077,42.94983856379986,16.175225377082825,3750.377494841814,287.45062255859375,3459.6386108398438,133,0,1,42,0,594.3109455108643,154.16323204897344,20.944319969043136,66.70457600802183,19.390751983970404,199.3921890258789,9.939135909080505,70.71247959136963,7.4068180322647095,cache_w8a8_m4k2v2,large_h6_n32_s100,fc63015e807a4ceb5a7fbb1dc4610c60b319b8774cbad74c9faf954df975d35a,19.680320739746094,1823.6759038567543,636.0384016036987,1019.6046261191368,34865152,847872,847872,5670
pubmed_node,test,164,64,pubmed_node:test:000064:e7276ff50bf2d168,2,3993.743267,3993.703125,3910.623628,82.599032,130.07628545165062,42.625187896192074,15.564334578812122,3547.807718627155,279.3457260131836,3265.275146484375,128,0,1,36,0,505.4425296783447,130.1855679275468,17.654847986996174,56.68454399332404,16.486047997139394,195.5843849182129,9.727839946746826,66.79382419586182,7.2396769523620605,cache_w8a8_m4k2v2,large_h6_n32_s100,e7276ff50bf2d1688edaab506e57b14728aabd3647c19b69b1b16e2284bbd4d7,19.581472396850586,1755.8933143615723,541.1567659378052,987.8065385818481,33554432,651264,651264,5460
pubmed_node,test,165,65,pubmed_node:test:000065:55f60a9b1367d712,2,5307.302687,5307.2578125,5207.73752,99.041709,137.35647033900023,272.1878392621875,16.783391125500202,4584.3176785856485,321.2350769042969,4259.712646484375,135,0,1,96,0,1353.8498554229736,343.0686720823869,50.491007938049734,151.4845120497048,44.01715196762234,230.23478317260742,11.731584072113037,70.89795112609863,8.370758533477783,cache_w8a8_m4k2v2,large_h6_n32_s100,55f60a9b1367d71255a7a57023ab4661ebce125f953e8f19ae6777e8777fc1a5,249.30911254882812,1847.7699188292027,1448.9295673370361,1212.3222728669643,35389440,2617344,2617344,5754
pubmed_node,test,166,66,pubmed_node:test:000066:4066d12046f9dacd,2,6164.338294,6164.28955078125,6063.944043,99.601836,168.1847246363759,42.81956050544977,19.539673812687397,5609.602451324463,358.634464263916,5247.0589599609375,160,0,1,132,0,1795.7240629196167,442.48652773723006,65.5038079507649,214.47299215570092,63.41376000922173,252.22962951660156,12.760704040527344,84.6117753982544,9.032355308532715,cache_w8a8_m4k2v2,large_h6_n32_s100,4066d12046f9dacdc07bdde07aa5ce08f796d45e75a7ce73fc14f7d40660c46e,19.745824813842773,2187.8659225702286,1926.8032369613647,1152.135625243187,41943040,3796992,3796992,6804
pubmed_node,test,167,67,pubmed_node:test:000067:cbe157102c8ae59e,2,3975.523127,3975.479736328125,3875.500251,99.181722,134.9251912906766,42.249967344105244,18.70301179587841,3510.387098416686,272.8469429016113,3234.3790283203125,126,0,1,36,0,506.50086212158203,131.73260796722025,17.725471997633576,58.205024015158415,17.17260800395161,190.3463363647461,9.39087998867035,66.0667839050293,7.042942643165588,cache_w8a8_m4k2v2,large_h6_n32_s100,cbe157102c8ae59ef523b800ed37835e1c8438c7a61a1a7a9a4cddc97ce91b75,19.34351921081543,1728.3457899987698,542.1837778091431,983.1929797232151,33030144,651264,651264,5376
pubmed_node,test,168,68,pubmed_node:test:000068:9b60ed8d2b00f5f2,2,4501.935412,4501.89404296875,4402.147968,99.227955,160.20890790969133,42.71257109940052,17.063027247786522,3963.293382897973,325.84130859375,3634.0206298828125,139,0,1,42,0,623.0836458206177,173.94127968139946,21.13430398143828,72.27487988397479,19.558591983281076,231.95561599731445,11.890751957893372,73.59567928314209,8.399261355400085,cache_w8a8_m4k2v2,large_h6_n32_s100,9b60ed8d2b00f5f2422349318b0df00c3ce28ed976f2d9d9ffa8c4b192df89b3,19.628704071044922,1904.6297934353352,666.5485734939575,1082.4709670245647,36438016,847872,847872,5922
pubmed_node,test,169,69,pubmed_node:test:000069:1b821a2edf8cd3ae,2,4585.39231,4585.3505859375,4485.090412,99.375173,391.55970606952906,42.8274255245924,16.75639022141695,3822.7708404883742,279.13423919677734,3540.2676391601562,136,0,1,42,0,595.6210565567017,153.00240016635507,21.427647947333753,67.03980802372098,19.58256000932306,191.32959938049316,9.504159927368164,71.12403297424316,7.176446914672852,cache_w8a8_m4k2v2,large_h6_n32_s100,1b821a2edf8cd3ae39bb4369cf053caa4bd7994099ab79037107cdccdb498174,19.687711715698242,1865.4537609815598,637.2448015213013,1057.2567883729935,35651584,847872,847872,5796
pubmed_node,test,170,70,pubmed_node:test:000070:54e3bd3808518f0b,2,3398.278337,3398.2412109375,3299.83173,97.950302,108.59682876616716,42.74319298565388,12.719293124973774,2974.149468354881,207.0549430847168,2764.4599609375,104,0,1,36,0,511.43152236938477,131.64803240913898,19.78556799981743,57.79152000695467,16.715103986673057,140.40134620666504,6.823615908622742,54.496639251708984,5.333341717720032,cache_w8a8_m4k2v2,large_h6_n32_s100,54e3bd3808518f0b66d62de2c51b0a565078f8e6db21ff6bffcb299d6bf7b60e,19.6015682220459,1431.3775657117367,547.061728477478,805.6222349703312,27262976,651264,651264,4452
pubmed_node,test,171,71,pubmed_node:test:000071:f47000deb1356df6,2,4380.911554,4380.8701171875,4282.419745,97.991692,142.76720583438873,44.57553289830685,23.13743345439434,3874.8821150511503,257.71629333496094,3613.8056640625,136,0,1,48,0,683.6207675933838,178.0045438716188,24.60313597880304,76.29126405343413,21.963039972819388,172.17375946044922,8.28000020980835,70.73180770874023,6.530725955963135,cache_w8a8_m4k2v2,large_h6_n32_s100,f47000deb1356df68cbb91ce649afc679d94cb2c77720540c09bcd54ca965ae5,20.597631454467773,1863.9313604533672,731.0600671768188,1039.4118678867817,35651584,1044480,1044480,5796
pubmed_node,test,172,72,pubmed_node:test:000072:7fe249ff02bbba24,2,4415.700256,4415.6591796875,4316.330687,98.855735,152.26059779524803,42.67710633575916,17.48065836727619,3916.7974293231964,330.8096351623535,3582.4986572265625,142,0,1,36,0,507.67961978912354,131.07433582562953,18.585248010233045,57.73932799324393,16.666016009636223,235.5364875793457,12.010015964508057,74.76291275024414,8.500218868255615,cache_w8a8_m4k2v2,large_h6_n32_s100,7fe249ff02bbba24f3869e0575ea3cbed5d084b7bcc58233a4e31875ea62b1cb,19.56934356689453,1948.279360383749,543.3603830337524,1110.4282573759556,37224448,651264,651264,6048
pubmed_node,test,173,73,pubmed_node:test:000073:2795fe59edf94b3d,2,4358.851484,4358.81005859375,4259.857814,98.132291,140.40642138570547,43.008122593164444,16.83283131569624,3866.7351324111223,292.7972526550293,3570.5381469726562,137,0,1,42,0,601.440224647522,157.239136188291,21.260159970261157,67.46880003809929,19.47481598891318,202.35590744018555,10.2047039270401,72.73907089233398,7.4975703954696655,cache_w8a8_m4k2v2,large_h6_n32_s100,2795fe59edf94b3dd37560133104646072cd2375afdbe24276ffc03dce6f52df,19.800416946411133,1879.0405441224575,643.1017255783081,1068.1962942183018,35913728,847872,847872,5838
pubmed_node,test,174,74,pubmed_node:test:000074:c660272095b2fe0e,2,4905.472549,4905.4287109375,4807.09534,97.812201,160.41798051446676,42.88090392947197,17.250528559088707,4367.266990244389,306.62960052490234,4057.1680297851562,140,0,1,54,0,792.0060482025146,217.21584001090378,27.469631955958903,87.79347207024693,25.021056014113128,214.3912010192871,10.678431987762451,73.61350345611572,7.9464640617370605,cache_w8a8_m4k2v2,large_h6_n32_s100,c660272095b2fe0e5a7edc592447567790f62b38c06598a0f083ca18aa86d958,19.709407806396484,1915.3060789108276,845.4032020568848,1316.1681566238403,36700160,1241088,1241088,5964
pubmed_node,test,175,75,pubmed_node:test:000075:b03d921fe5b9c14c,2,4799.792188,4799.74951171875,4701.107305,98.051963,160.82675848156214,42.83201973885298,18.003116361796856,4263.1299160420895,329.07977294921875,3930.443603515625,146,0,1,54,0,767.6325435638428,199.65657612495124,27.636608014814556,85.75027194619179,25.289247990585864,231.79647827148438,11.728224039077759,77.10655975341797,8.448510885238647,cache_w8a8_m4k2v2,large_h6_n32_s100,b03d921fe5b9c14c9a8c490cba065585eb82fc52471162730a603397cf4fa2cd,19.692768096923828,2000.765471458435,823.0189771652222,1126.3519229888916,38273024,1241088,1241088,6216
pubmed_node,test,176,76,pubmed_node:test:000076:1e30b8819181849e,2,3938.111607,3938.072021484375,3838.437935,99.175861,122.46020417660475,42.40788146853447,15.294927172362804,3464.163110591471,259.63065338134766,3201.4149780273438,125,0,1,36,0,507.49491024017334,131.11289614904672,17.75606397446245,57.415999952703714,16.59603199735284,178.25276947021484,8.793152093887329,65.92496109008789,6.659770727157593,cache_w8a8_m4k2v2,large_h6_n32_s100,1e30b8819181849e06b9acca4663bf0924d6038e1b04e81b6c0522e8e4be39f0,19.53107261657715,1715.1517471373081,543.0821132659912,962.7121902406216,32768000,651264,651264,5334
pubmed_node,test,177,77,pubmed_node:test:000077:95f813a7bde8a87a,2,4439.532068,4439.4912109375,4339.812002,99.008111,141.97598304599524,43.01983304321766,17.089425586163998,3926.784177310765,324.46822357177734,3598.8732299804688,139,0,1,42,0,597.0725431442261,152.6495360871777,21.10569593589753,68.37523207440972,19.503360003232956,230.42038345336914,11.940672039985657,73.70595169067383,8.401216387748718,cache_w8a8_m4k2v2,large_h6_n32_s100,95f813a7bde8a87a0c48f63e3d516e88b92bceb0a8aa065f68c986cf59d1477c,19.769311904907227,1906.1299841403961,638.9585285186768,1073.554029226303,36438016,847872,847872,5922
pubmed_node,test,178,78,pubmed_node:test:000078:607ae7b92dac833f,2,4272.146075,4272.10546875,4173.535993,98.08284,151.7698410898447,42.92637202888727,16.8305654078722,3744.5872016251087,271.6572494506836,3469.5306396484375,137,0,1,36,0,513.8035535812378,134.17443191539496,17.893567990511656,57.81132798269391,16.91363199148327,183.101469039917,9.004640102386475,72.6331844329834,6.9179558753967285,cache_w8a8_m4k2v2,large_h6_n32_s100,607ae7b92dac833f74b3d705d999c237e2231065da95b22db3d25932a9a86990,19.71625518798828,1876.7760654687881,549.6668167114258,1062.8040126562119,35913728,651264,651264,5838
pubmed_node,test,179,79,pubmed_node:test:000079:c728fa0c915a11a6,2,4613.355971,4613.3125,4513.916971,98.897645,164.43462297320366,42.79087018221617,18.26328504830599,4097.809894941747,302.92934799194336,3791.2359619140625,148,0,1,42,0,592.7494716644287,152.32684809621423,21.048383961431682,66.31856000423431,19.467487988062203,207.08381271362305,10.424928069114685,77.7390079498291,7.681599259376526,cache_w8a8_m4k2v2,large_h6_n32_s100,c728fa0c915a11a63655d60e86f94618f0f6af4ad190c1127214744f205d9197,19.637727737426758,2027.9763524830341,634.2217893600464,1148.6755478084087,38797312,847872,847872,6300
pubmed_node,test,180,80,pubmed_node:test:000080:e489ab5aa16ad361,2,4506.14018,4506.09716796875,4406.606231,99.005357,390.5697837471962,42.925537563860416,16.864480450749397,3742.9148284718394,272.8522262573242,3466.6681518554688,137,0,1,36,0,508.9778537750244,131.22694388777018,17.845439977012575,57.01529600471258,16.679391999728978,184.22527885437012,9.096480011940002,72.61273574829102,6.9177316427230835,cache_w8a8_m4k2v2,large_h6_n32_s100,e489ab5aa16ad361ac82f25d9917a49549e66e4144a6359de5bdb7a8bff64e94,19.66044807434082,1877.6455343663692,544.759105682373,1063.9239598810673,35913728,651264,651264,5838
pubmed_node,test,181,81,pubmed_node:test:000081:639e82c690320186,2,5706.819263,5706.771484375,5607.117627,99.096504,152.9631968587637,42.67174005508423,18.65188218653202,5203.663133084774,474.39955139160156,4725.529602050781,152,0,1,102,0,1452.6957750320435,367.76716795004904,54.17775995284319,161.49423993751407,47.06409594975412,363.38953399658203,18.291615962982178,80.452223777771,12.266177654266357,cache_w8a8_m4k2v2,large_h6_n32_s100,639e82c6903201868fffe9ba56c18faf2953e4266ff373c63f7a3b4417c0d98a,19.61577606201172,2078.6631695330143,1553.9404821395874,1112.5417264401913,39845888,2813952,2813952,6468
pubmed_node,test,182,82,pubmed_node:test:000082:9277a69c2d4ff03f,2,3978.891731,3978.849609375,3879.080026,99.059691,125.71106478571892,42.65192057937384,15.52726048976183,3499.906904064119,246.97731018066406,3249.7542114257812,127,0,1,36,0,510.65424060821533,132.9152322029695,18.00364799052477,56.71568001806736,16.70569598954171,166.2057590484619,8.065375804901123,66.3897294998169,6.316445827484131,cache_w8a8_m4k2v2,large_h6_n32_s100,9277a69c2d4ff03f8056d1e05ddc06c45adfda05915b96d87c87ae3b3c74cca2,19.64371109008789,1743.626431107521,546.2889289855957,979.4825624227524,33292288,651264,651264,5418
pubmed_node,test,183,83,pubmed_node:test:000083:071e45b55714c11d,2,6803.810027,6803.759765625,6703.465293,99.632435,160.04193387925625,42.784735560417175,19.635972566902637,6246.400968171656,338.81430435180664,5903.672302246094,160,0,1,150,0,2442.853377342224,521.684319993481,435.81220914889127,244.40192015841603,71.60908804275095,234.01385498046875,11.638015866279602,84.585280418396,8.577153086662292,cache_w8a8_m4k2v2,large_h6_n32_s100,071e45b55714c11d0bcd950896db4631c3a3b31855a30badeedc11b54474f817,19.666431427001953,2187.729314982891,2591.912281036377,1143.6971376538277,41943040,4386816,4386816,6804
pubmed_node,test,184,84,pubmed_node:test:000084:0aefa7b0f9ba4c89,2,4413.195269,4413.14990234375,4312.673401,99.836925,211.14136092364788,42.777519673109055,20.736947655677795,3815.687982365489,279.7281265258789,3532.5524291992188,136,0,1,42,0,583.6873598098755,146.1413761721924,20.813439979217947,73.81683205068111,20.69507205206901,192.30287742614746,9.446272015571594,70.81295967102051,7.166017413139343,cache_w8a8_m4k2v2,large_h6_n32_s100,0aefa7b0f9ba4c893a74e0af95dd47238a3241485509059b50b447d877952138,19.450143814086914,1863.7744599580765,625.565954208374,1062.6621588468552,35651584,847872,847872,5796
pubmed_node,test,185,85,pubmed_node:test:000085:44af8736f2ee842a,2,4709.633955,4709.58984375,4610.307863,98.596024,194.57064475864172,42.380898259580135,21.6118386015296,4159.354238770902,402.1048355102539,3753.6843872070312,144,0,1,48,0,647.3576641082764,162.74185604788363,22.614975995384157,80.80857598409057,23.56364801712334,301.11967849731445,15.248767852783203,75.26959991455078,10.466789245605469,cache_w8a8_m4k2v2,large_h6_n32_s100,44af8736f2ee842a9f6e8ed9db8c14cba727c01ed658a9651defd5b4f47aa5ec,19.29859161376953,1970.644767522812,695.2020530700684,1107.1361582279205,37748736,1044480,1044480,6132
pubmed_node,test,186,86,pubmed_node:test:000086:9649de8f427ad633,2,3152.508348,3152.47216796875,3067.513991,84.349521,101.40468832105398,41.997344233095646,13.513246551156044,2761.0184783115983,185.633056640625,2573.0418701171875,91,0,1,42,0,594.9331188201904,152.44422396924347,21.036895972676575,67.73315195739269,19.899584017693996,126.61830520629883,6.13699209690094,48.07625675201416,4.801502585411072,cache_w8a8_m4k2v2,large_h6_n32_s100,9649de8f427ad6332dca216b73a896062b914fd87da811a84b39d2e948208f24,19.209728240966797,1254.2175699174404,636.7967987060547,701.2372297346592,23855104,847872,847872,3906
pubmed_node,test,187,87,pubmed_node:test:000087:5f2b558a627a92a4,2,4956.023198,4955.978515625,4872.651938,82.80065,166.10737331211567,42.71876439452171,18.225958570837975,4431.580602191389,364.76809310913086,4063.1858520507812,148,0,1,60,0,859.1076469421387,219.7195521015674,31.446399945765734,96.1165120229125,27.998112007044256,263.9955520629883,13.664991855621338,77.5857286453247,9.521820545196533,cache_w8a8_m4k2v2,large_h6_n32_s100,5f2b558a627a92a4e289fe7898e752dfdb14fff338a7546a623f8c6c2f87f574,19.645055770874023,2028.3685441613197,918.7647352218628,1135.6976284384727,38797312,1437696,1437696,6300
pubmed_node,test,188,88,pubmed_node:test:000088:d8179ee3370e3fc4,2,4418.551237,4418.50927734375,4320.33,97.697819,158.72969664633274,42.71221440285444,17.29683019220829,3907.9702431336045,318.6624336242676,3585.8351440429688,141,0,1,36,0,532.5240325927734,156.25571192335337,17.812383943237364,57.46854401379824,16.736320009455085,224.52742385864258,11.41215991973877,74.53235149383545,8.190498352050781,cache_w8a8_m4k2v2,large_h6_n32_s100,d8179ee3370e3fc4eb0560f5a30f626d7fd6cc39a2b8ae0e7ff98b7c00499e0e,19.61097526550293,1934.2469795644283,568.2293109893799,1102.9698287546635,36962304,651264,651264,6006
pubmed_node,test,189,89,pubmed_node:test:000089:dbe523de1d129d00,2,4999.758969,4999.71435546875,4900.417133,98.723626,403.46061810851097,42.756409384310246,18.89872457832098,4244.263245724142,431.69261169433594,3808.8131103515625,153,0,1,36,0,510.0072660446167,131.66889608744532,18.009311978705227,57.5156160145998,16.647423989139497,323.0333480834961,16.485599994659424,80.9498872756958,11.22377634048462,cache_w8a8_m4k2v2,large_h6_n32_s100,dbe523de1d129d00ecc0a0263440a30b5a0821c8a82ac6265bcc5f483f7bef56,19.611583709716797,2096.2851827144623,545.888768196106,1186.250743150711,40108032,651264,651264,6510
pubmed_node,test,190,90,pubmed_node:test:000090:0e1888bcce7e0a82,2,4373.92171,4373.8798828125,4273.527309,99.624218,135.16539335250854,42.758023366332054,16.683591529726982,3877.882344648242,259.0418243408203,3615.4747314453125,136,0,1,48,0,682.6936321258545,174.89692808222026,24.389951948076487,77.03542402386665,22.200287991203368,173.01961708068848,8.419872164726257,71.0510721206665,6.551262974739075,cache_w8a8_m4k2v2,large_h6_n32_s100,0e1888bcce7e0a82b44d6f2511225808a9d77400d3313818c318961602b7d404,19.697696685791016,1863.5954279601574,730.4989738464355,1041.0780263245106,35651584,1044480,1044480,5796
pubmed_node,test,191,91,pubmed_node:test:000091:a43bc1cfe7ace57c,2,4778.509811,4778.46728515625,4678.580354,99.356819,153.6312885582447,42.80736204236746,17.988691106438637,4246.587673202157,326.2164764404297,3916.7595825195312,146,0,1,54,0,766.2766351699829,197.53500801790506,27.503199969418347,85.76812795177102,24.965503983199596,229.06668853759766,11.578176021575928,77.13856029510498,8.433051586151123,cache_w8a8_m4k2v2,large_h6_n32_s100,a43bc1cfe7ace57cd139bcad7a0ab6633f08f9bd44f0a0b81886662cc10a6b9d,19.677183151245117,2001.4830760359764,819.7899208068848,1115.1637688279152,38273024,1241088,1241088,6216
pubmed_node,test,192,92,pubmed_node:test:000092:b36484c475f00c92,2,4782.569917,4782.52734375,4682.933739,99.118417,160.32040677964687,42.57296212017536,18.46821792423725,4278.632737696171,335.4581489562988,3939.4811401367188,151,0,1,48,0,681.7140169143677,178.0661443155259,24.44435198791325,75.84262404218316,22.171551993116736,234.9183692932129,11.859231948852539,80.11897659301758,8.56157112121582,cache_w8a8_m4k2v2,large_h6_n32_s100,b36484c475f00c9250a0cee15ea6c40058ece27eaea32833cfe127c27a9360c4,19.60553550720215,2068.903455644846,729.2521295547485,1160.9310904443264,39583744,1044480,1044480,6426
pubmed_node,test,193,93,pubmed_node:test:000093:c6a82e86e47bac14,2,4908.74982,4908.7060546875,4809.210174,99.0023,163.21673430502415,42.819456197321415,18.32587830722332,4391.884295269847,320.85584259033203,4067.3670654296875,149,0,1,60,0,853.3972473144531,217.56620811112225,31.41958394739777,95.34630401059985,27.79507198743522,222.7552947998047,11.213664054870605,78.71324729919434,8.173636436462402,cache_w8a8_m4k2v2,large_h6_n32_s100,c6a82e86e47bac14f84b3d6a539532abed4ac545ffa45218d57795629d917b9c,19.61187171936035,2039.0511688888073,913.0213470458984,1134.9064212143421,39059456,1437696,1437696,6342
pubmed_node,test,194,94,pubmed_node:test:000094:27595849eae12cf5,2,6424.928234,6424.87744140625,6325.402457,98.565953,397.4114526063204,42.80672315508127,19.65190377086401,5655.076312832534,355.96534729003906,5295.213195800781,160,0,1,132,0,1837.8920307159424,458.3214721083641,66.88995196856558,218.26681591570377,65.99900810793042,250.10931015014648,12.341056108474731,84.48553466796875,9.029446363449097,cache_w8a8_m4k2v2,large_h6_n32_s100,27595849eae12cf524861ce62cb215ae8857309cb9ffb1d2992b2472befc0dfe,19.637760162353516,2186.291809886694,1969.6341438293457,1158.925002247095,41943040,3796992,3796992,6804
pubmed_node,test,195,95,pubmed_node:test:000095:75f95245a584a86f,2,4769.213092,4769.16845703125,4684.733227,83.901306,139.08772822469473,42.68962237983942,16.68526418507099,4302.225685678422,351.6965446472168,3947.1593017578125,136,0,1,72,0,1020.0256023406982,259.2388800056651,37.894047977402806,113.42563213407993,33.10223998501897,258.26805877685547,13.168607950210571,71.12192058563232,9.137957334518433,cache_w8a8_m4k2v2,large_h6_n32_s100,75f95245a584a86f50120a8e60408a975963499387e6aea3d34a8cb481684f98,19.69536018371582,1860.7594237327576,1091.5090894699097,1014.5861487388611,35651584,1830912,1830912,5796
pubmed_node,test,196,96,pubmed_node:test:000096:9cca7ad5bf77c4ae,2,3969.506585,3969.46484375,3885.31333,83.700654,142.15899165719748,42.60614886879921,22.746499627828598,3522.156450897455,264.93811416625977,3254.082275390625,126,0,1,36,0,515.0711660385132,135.28873607050627,17.945503964088857,57.89171199500561,16.75996800046414,182.79308891296387,9.101279973983765,66.19855976104736,6.8451855182647705,cache_w8a8_m4k2v2,large_h6_n32_s100,9cca7ad5bf77c4aec96df7382a1a7eb9eec45b5e1faa27785028caf5a5d45f35,19.56559944152832,1735.9897918701172,550.8518419265747,986.8062410354614,33030144,651264,651264,5376
pubmed_node,test,197,97,pubmed_node:test:000097:fd300ec3bf295ee4,2,3970.895859,3970.85595703125,3871.095751,99.188059,127.14864406734705,42.52771381288767,15.550581738352776,3499.8056618496776,247.26306915283203,3249.3870849609375,127,0,1,36,0,509.1415681838989,132.7861119005829,17.698271963745356,56.97606398537755,16.631807984784245,166.58399963378906,8.002112030982971,66.3578233718872,6.3191341161727905,cache_w8a8_m4k2v2,large_h6_n32_s100,fd300ec3bf295ee4f29ff68b5748f3cbda5867a2448890adc456988ff858a286,19.571199417114258,1743.0053112506866,544.8916473388672,981.0613257884979,33292288,651264,651264,5418
pubmed_node,test,198,98,pubmed_node:test:000098:27de4e1c0f45adff,2,5177.877647,5177.8330078125,5079.463081,97.821774,402.97824889421463,42.935336008667946,18.855443224310875,4397.65021763742,417.47920989990234,3976.43310546875,152,0,1,48,0,683.9100465774536,175.1234880592674,24.657184007577598,76.01043204590678,22.75283201225102,310.1376953125,15.991007804870605,80.55788803100586,10.792618751525879,cache_w8a8_m4k2v2,large_h6_n32_s100,27de4e1c0f45adff8794c7ab70c9dfbf30ad39aeac66ed3a1aacb31b17f2af26,19.613407135009766,2084.3924802839756,733.3800287246704,1178.2740035951138,39845888,1044480,1044480,6468
pubmed_node,test,199,99,pubmed_node:test:000099:3a7e088e09e0daa5,2,4246.350587,4246.3095703125,4162.085218,83.703802,158.75238925218582,42.54151973873377,18.04374996572733,3771.779974922538,288.1671371459961,3480.3181762695312,133,0,1,42,0,597.0943660736084,152.85065607912838,21.081759980879724,66.68899201229215,19.681535988114774,200.05014038085938,10.038015961647034,70.67324733734131,7.4057334661483765,cache_w8a8_m4k2v2,large_h6_n32_s100,3a7e088e09e0daa53991f7e02a0fb93b50badd7ad23ca27c2a68f54b9385e8c3,19.58812713623047,1825.587360560894,638.7292146682739,1035.5897281765938,34865152,847872,847872,5670
