task,profile_mode,split,query_uid,trace_order,query_index,workload_profile,graph_signature,rep_count,logical_memory_loaded_bytes,logical_key_loaded_bytes,logical_value_loaded_bytes,quant_kv_attention_calls,int_gemm_call_count,cache_hits,cache_misses,cache_skips,fallback_count,query_wall_ms,query_gpu_ms,encoder_wall_ms,decoder_wall_ms,cache_load_wall_ms,online_nog_prefix_wall_ms,cache_assembly_wall_ms,suffix_wall_ms,prefix_transformer_gpu_ms,suffix_gnn_gpu_ms,suffix_transformer_gpu_ms,dense_fc_gpu_ms,attention_gpu_ms,norm_residual_other_gpu_ms,quant_kv_attention_gpu_ms,kv_prepare_gpu_ms,int_qk_gpu_ms,softmax_prob_quant_gpu_ms,int_pv_gpu_ms,gnn_score_gpu_ms,gnn_message_gpu_ms,gnn_update_gpu_ms,gnn_other_gpu_ms
arxiv,cache_bf16,val,arxiv:val:000000:2ca62d00a890aa84,0,0,large_h6_n10_s100_wikics_arxiv,2ca62d00a890aa8464a6da3728825202198bcc513fe666faadd8aa998acdb9f2,3,0,0,0,0,0,64,0,1,0,1562.033583,1561.9708251953125,1235.551579,325.991974,188.86416219174862,295.0298525393009,8.162620477378368,614.5353149622679,147.46604919433594,163.23651313781738,437.4832000732422,115.96137586236,0.0,468.9878734052181,0.0,0.0,0.0,0.0,0.0,113.4128646850586,5.216672003269196,39.47705554962158,4.183072924613953
arxiv,cache_bf16,val,arxiv:val:000001:60580fb403549285,1,1,large_h6_n10_s100_wikics_arxiv,60580fb403549285c13a71ed0dd66a154ba7ca5299783abae7bc3d0ced297729,3,0,0,0,0,0,62,0,1,0,1184.568896,1184.5325927734375,879.741169,302.768762,139.725542627275,27.606165036559105,7.607129402458668,624.5239963755012,19.061023712158203,185.84864044189453,414.77152252197266,109.03248003125191,0.0,324.8593943119049,0.0,0.0,0.0,0.0,0.0,142.43212890625,6.689663887023926,31.7925763130188,4.853983402252197
arxiv,cache_bf16,val,arxiv:val:000002:0f56629b76181b48,2,2,large_h6_n10_s100_wikics_arxiv,0f56629b76181b48667d9cbcd2345c35f2620d7bfa2297baabc2f253e5b2d1f9,3,0,0,0,0,0,55,0,1,0,1090.962684,1090.9266357421875,700.433061,390.245092,115.28911255300045,27.522826567292213,6.828777492046356,482.32347797602415,19.101600646972656,113.50563049316406,367.60240173339844,97.62700799107552,0.0,289.0769943892956,0.0,0.0,0.0,0.0,0.0,78.62191867828369,3.873024046421051,27.962368488311768,3.0438079237937927
arxiv,cache_bf16,val,arxiv:val:000003:f8a271ff72baf265,3,3,large_h6_n10_s100_wikics_arxiv,f8a271ff72baf265126e8db430172f5bed9c9bc1236ed2c483b676d3b3da5b06,3,0,0,0,0,0,59,0,1,0,1115.123864,1115.087890625,758.479648,356.722478,123.00889194011688,27.527514845132828,7.403274066746235,528.7994537502527,19.11180877685547,133.24003219604492,394.22198486328125,104.13135954737663,0.0,309.2024340927601,0.0,0.0,0.0,0.0,0.0,94.7988805770874,4.744320034980774,30.069471836090088,3.6176947355270386
arxiv,cache_bf16,val,arxiv:val:000004:90c6fb7029699303,4,4,large_h6_n10_s100_wikics_arxiv,90c6fb7029699303f3be39cfbbdd83064a30479ef55c381b7707847af46961e2,3,0,0,0,0,0,51,0,1,0,1049.7165,1049.6812744140625,641.407779,408.691327,103.42038702219725,27.433441020548344,6.320565938949585,436.3818019628525,19.094751358032227,93.96723175048828,341.13913345336914,91.44348818063736,0.0,268.790396630764,0.0,0.0,0.0,0.0,0.0,62.631935119628906,3.0025280117988586,25.884640216827393,2.4750073850154877
arxiv,cache_bf16,val,arxiv:val:000005:b1fb0d955f08ebcc,5,5,large_h6_n10_s100_wikics_arxiv,b1fb0d955f08ebcc1854a82d690b457a8b352e7b76fe61f26baecc15aca241c2,3,0,0,0,0,0,59,0,1,0,1139.675405,1139.63916015625,743.806776,395.587318,120.66842336207628,27.731841430068016,7.435298524796963,516.2027897313237,19.08697509765625,120.47123336791992,394.3067932128906,104.06745597720146,0.0,309.31034591794014,0.0,0.0,0.0,0.0,0.0,83.11104106903076,4.085855960845947,30.05750322341919,3.2155210375785828
arxiv,cache_bf16,val,arxiv:val:000006:df18bd588fa33fe2,6,6,large_h6_n10_s100_wikics_arxiv,df18bd588fa33fe2de8fe20a19987197c455f73623e4b9fecb2e949daa89b43c,3,0,0,0,0,0,62,0,1,0,1097.069327,1097.0335693359375,787.603914,309.173105,127.70699616521597,27.67169661819935,7.574041374027729,551.0664330795407,19.089279174804688,135.77148628234863,413.92704010009766,109.05475217103958,0.0,323.972864985466,0.0,0.0,0.0,0.0,0.0,95.53977584838867,4.762751996517181,31.806399822235107,3.6683512330055237
arxiv,cache_bf16,val,arxiv:val:000007:5d8bef236ece6d70,7,7,large_h6_n10_s100_wikics_arxiv,5d8bef236ece6d70ca2faa9c61718eeb618fd2f06ab8ea1c9a211c1ffba39d87,3,0,0,0,0,0,54,0,1,0,1066.281737,1066.24609375,726.230847,339.739341,111.88310664147139,27.93770469725132,6.608752533793449,505.4714819416404,19.228927612304688,139.19149017333984,364.9723205566406,96.37916815280914,0.0,288.19980823993683,0.0,0.0,0.0,0.0,0.0,102.51906967163086,5.237920045852661,27.55843162536621,3.851616621017456
arxiv,cache_bf16,val,arxiv:val:000008:50c056e8e13586b5,8,8,large_h6_n10_s100_wikics_arxiv,50c056e8e13586b5abb1d2ff6e8a110fa32a37fc5f195ac87dde107ad2b022c3,3,0,0,0,0,0,55,0,1,0,1032.144803,1032.109130859375,724.378388,306.819,109.14203338325024,27.606611140072346,6.723534315824509,515.4460100457072,19.044416427612305,135.92617797851562,378.06336212158203,97.86358392238617,0.0,299.525282651186,0.0,0.0,0.0,0.0,0.0,99.20486450195312,5.011231958866119,27.96489667892456,3.74518483877182
arxiv,cache_bf16,val,arxiv:val:000009:18155f7c05fbf94e,9,9,large_h6_n10_s100_wikics_arxiv,18155f7c05fbf94e33b3f603b69cecfa80e7cedb50fe2baa74f0d28baa4b0f2b,3,0,0,0,0,0,64,0,1,0,1126.07066,1126.0340576171875,820.590673,305.397892,137.52860203385353,27.698124758899212,8.005679585039616,574.2868948727846,19.10256004333496,145.45097541809082,427.34041595458984,112.21308815479279,0.0,334.193568110466,0.0,0.0,0.0,0.0,0.0,103.46384048461914,5.232703924179077,32.79823923110962,3.931330919265747
arxiv,cache_bf16,val,arxiv:val:000010:734b087b8f518269,10,10,large_h6_n10_s100_wikics_arxiv,734b087b8f5182690f6917df19e1b75fcc1ab683af3f29e5ab7c61b67b706a93,3,0,0,0,0,0,51,0,1,0,1046.169234,1046.1331787109375,634.334567,413.161896,103.23222354054451,27.53389999270439,6.349959410727024,440.72749838232994,19.128799438476562,94.03891277313232,345.3231658935547,91.34006398916245,0.0,273.1119013428688,0.0,0.0,0.0,0.0,0.0,62.67568016052246,3.000384032726288,25.888192176818848,2.466912090778351
arxiv,cache_bf16,val,arxiv:val:000011:218fb05804b34902,11,11,large_h6_n10_s100_wikics_arxiv,218fb05804b34902580b9c384ae4f6815b6ac7a814598f271d8ec7c8cc9d1e97,3,0,0,0,0,0,55,0,1,0,1013.515481,1013.4746704101562,707.674361,305.558535,111.71486787497997,27.360949665308,6.857973523437977,514.0121402218938,19.11257553100586,122.15855979919434,390.11424255371094,97.70876795053482,0.0,311.3642594218254,0.0,0.0,0.0,0.0,0.0,86.57238388061523,4.319712042808533,27.965087413787842,3.309889018535614
arxiv,cache_bf16,val,arxiv:val:000012:d60fe2ae03f6eac8,12,12,large_h6_n10_s100_wikics_arxiv,d60fe2ae03f6eac84a1f19401647d5cb09163cbf2fc00ebcf0082f9223ce47bb,3,0,0,0,0,0,47,0,1,0,991.499089,991.4636840820312,600.987252,391.065971,91.44839085638523,27.506512589752674,5.743315443396568,416.4112666621804,19.095136642456055,100.12505722045898,315.1141777038574,84.77667212486267,0.0,249.4326422214508,0.0,0.0,0.0,0.0,0.0,69.77840042114258,3.4257280230522156,24.23465585708618,2.686272919178009
arxiv,cache_bf16,val,arxiv:val:000013:268cba3e8bea6bbc,13,13,large_h6_n10_s100_wikics_arxiv,268cba3e8bea6bbc958504f9100b127a0e6c38ffb04407559a4f1b8afca109db,3,0,0,0,0,0,64,0,1,0,1124.496875,1124.4595947265625,815.194232,309.21221,134.95124876499176,27.525268495082855,7.909145206212997,569.8362635448575,19.077760696411133,141.51155471801758,426.7736282348633,112.19324818253517,0.0,333.65814074873924,0.0,0.0,0.0,0.0,0.0,99.82912063598633,5.057600021362305,32.82044792175293,3.8093760013580322
arxiv,cache_bf16,val,arxiv:val:000014:27e07c074f120390,14,14,large_h6_n10_s100_wikics_arxiv,27e07c074f120390a136a24ac21a396b7ae25d63ea5fab508a8ee0aa47af7f4e,3,0,0,0,0,0,26,0,1,0,661.688457,661.6566772460938,336.221639,325.334676,48.020157031714916,27.506249956786633,3.308793529868126,222.17366006225348,19.083072662353516,45.19536018371582,176.20675086975098,51.02544015645981,0.0,144.2367668747902,0.0,0.0,0.0,0.0,0.0,29.4138240814209,1.3743999749422073,13.200223922729492,1.2069122046232224
arxiv,cache_bf16,val,arxiv:val:000015:9024ef9ec454b547,15,15,large_h6_n10_s100_wikics_arxiv,9024ef9ec454b5478893dc819578d8713e5a8398e93d9359ead4ec0b7f1c7d4e,3,0,0,0,0,0,62,0,1,0,1074.60859,1074.5732421875,766.348655,308.627511,113.69533278048038,27.38489117473364,7.646144367754459,545.7256939262152,19.0897274017334,130.16374397277832,414.3217544555664,108.95046356320381,0.0,324.4636752307415,0.0,0.0,0.0,0.0,0.0,90.34000015258789,4.45196807384491,31.844160556793213,3.4776321053504944
arxiv,cache_bf16,val,arxiv:val:000016:7e1664ccf8593701,16,16,large_h6_n10_s100_wikics_arxiv,7e1664ccf8593701c6c8c2050a1018d04804245f371bd4eff878cb6153c7af9a,3,0,0,0,0,0,36,0,1,0,811.108497,811.074951171875,455.033164,356.285203,67.29781348258257,27.48703770339489,4.5103710144758224,308.6463315412402,19.086463928222656,65.35606479644775,242.2770233154297,66.99862399697304,0.0,194.3648632466793,0.0,0.0,0.0,0.0,0.0,43.02886390686035,2.0166720151901245,18.60313582420349,1.7141445875167847
arxiv,cache_bf16,val,arxiv:val:000017:7ad1ef9d9566a25d,17,17,large_h6_n10_s100_wikics_arxiv,7ad1ef9d9566a25d388509e1100cc3c7f10c255cea9ac15eba4fcc516975eab1,3,0,0,0,0,0,64,0,1,0,1212.392925,1212.35546875,817.589984,395.130367,133.4731299430132,27.382366359233856,8.214089088141918,577.8252305462956,19.04630470275879,149.30380821228027,427.0215377807617,112.17225581407547,0.0,333.9018903374672,0.0,0.0,0.0,0.0,0.0,107.01388931274414,5.35974395275116,32.84860801696777,4.055359959602356
arxiv,cache_bf16,val,arxiv:val:000018:98b4c6d0d8b5843b,18,18,large_h6_n10_s100_wikics_arxiv,98b4c6d0d8b5843b73ad7e8e529a19b402ae2295c0781a0c0395f6b729379c34,3,0,0,0,0,0,63,0,1,0,1151.627205,1151.5899658203125,812.005708,339.349245,129.40937001258135,27.526593767106533,7.671117782592773,582.4403213337064,19.08665657043457,157.69555282592773,423.2400894165039,110.5437119603157,0.0,331.7830340266228,0.0,0.0,0.0,0.0,0.0,114.92624282836914,5.8884159326553345,32.529279708862305,4.3112985491752625
arxiv,cache_bf16,val,arxiv:val:000019:afbf83efcf3da599,19,19,large_h6_n10_s100_wikics_arxiv,afbf83efcf3da5999478e2f7e58fcecc35400cb3c4401303e814154a42eaf103,3,0,0,0,0,0,57,0,1,0,1265.19537,1265.1575927734375,955.269062,310.421801,357.419827952981,28.25156133621931,7.093450985848904,493.0032780393958,19.23833656311035,106.50540733337402,384.97065353393555,100.93747171759605,0.0,303.27151837944984,0.0,0.0,0.0,0.0,0.0,71.04547214508057,3.4261120557785034,29.225855827331543,2.785598635673523
arxiv,cache_bf16,val,arxiv:val:000020:dbd405fe94a09147,20,20,large_h6_n10_s100_wikics_arxiv,dbd405fe94a0914761f2690e252ab5f02774d2c32288555d28b65fa98b2eb936,3,0,0,0,0,0,63,0,1,0,1198.449888,1198.4124755859375,807.753128,390.660517,128.260163590312,27.604722417891026,7.8640468418598175,572.7105066180229,19.125856399536133,152.1773738861084,418.9711456298828,110.61497613787651,0.0,327.59898537397385,0.0,0.0,0.0,0.0,0.0,109.85273551940918,5.610879957675934,32.548415660858154,4.126271665096283
arxiv,cache_bf16,val,arxiv:val:000021:d051e1dec2fdf8ab,21,21,large_h6_n10_s100_wikics_arxiv,d051e1dec2fdf8ab788897adb9e17b8f3543bc60cfef74e047813b2fc343b801,3,0,0,0,0,0,62,0,1,0,1085.242107,1085.205810546875,780.048751,305.106282,125.36319717764854,27.376146987080574,7.731769233942032,550.0703193247318,19.042207717895508,135.96803092956543,412.5253143310547,108.87372797727585,0.0,322.69379407167435,0.0,0.0,0.0,0.0,0.0,95.64723110198975,4.853343963623047,31.842463970184326,3.650179862976074
arxiv,cache_bf16,val,arxiv:val:000022:8f46ddff5f16826d,22,22,large_h6_n10_s100_wikics_arxiv,8f46ddff5f16826d7791db79b925bf61248b84cafbcd6caeb7ce88994412dfad,3,0,0,0,0,0,48,0,1,0,893.17765,893.1437377929688,588.050242,304.853501,87.28855196386576,27.476823888719082,5.9960512444376945,406.62078838795424,19.11078453063965,85.98995208740234,319.3539810180664,86.26009619235992,0.0,252.1600284576416,0.0,0.0,0.0,0.0,0.0,56.50259208679199,2.679744005203247,24.54262351989746,2.2433278560638428
arxiv,cache_bf16,val,arxiv:val:000023:a33ac7ffe04c9ef6,23,23,large_h6_n10_s100_wikics_arxiv,a33ac7ffe04c9ef66300780848af6861185cc9b4b5f9a3975b2bc955cba877f7,3,0,0,0,0,0,47,0,1,0,930.344294,930.3104858398438,590.174222,339.897517,81.72813151031733,27.44886465370655,5.897311493754387,417.64621436595917,19.07587242126465,100.1607666015625,316.3205146789551,84.61491200327873,0.0,250.77216333150864,0.0,0.0,0.0,0.0,0.0,69.80035209655762,3.422432005405426,24.25327968597412,2.6847028136253357
arxiv,cache_bf16,val,arxiv:val:000024:da1c8050639cf918,24,24,large_h6_n10_s100_wikics_arxiv,da1c8050639cf9185a33e7c695e416d7f01209d4bebcd08bd37949a743344866,3,0,0,0,0,0,55,0,1,0,1077.054351,1077.0181884765625,697.97328,378.797926,99.73805118352175,27.40681078284979,7.511667907238007,514.9993896484375,19.126047134399414,122.63395118713379,390.88134002685547,97.97680020332336,0.0,312.1332767009735,0.0,0.0,0.0,0.0,0.0,86.91987133026123,4.322815895080566,28.05612802505493,3.329023838043213
arxiv,cache_bf16,val,arxiv:val:000025:37a8f21d03520a0e,25,25,large_h6_n10_s100_wikics_arxiv,37a8f21d03520a0efc07d08cfa1d101490e54a7a2645f3dfadafc92245aa296d,3,0,0,0,0,0,53,0,1,0,1058.274618,1058.2386474609375,684.088307,373.905748,115.38041476160288,27.458559721708298,6.649690680205822,472.9978796094656,19.105632781982422,114.04304122924805,357.6868476867676,94.39171195030212,0.0,282.4007685184479,0.0,0.0,0.0,0.0,0.0,79.75801658630371,3.9594560265541077,27.267231941223145,3.0608012080192566
arxiv,cache_bf16,val,arxiv:val:000026:00f02c2c514ec60b,26,26,large_h6_n10_s100_wikics_arxiv,00f02c2c514ec60b5f5723f950fa17e2a742ca96af7fd9770b341d11040c92ef,3,0,0,0,0,0,51,0,1,0,970.740176,970.7041625976562,640.550759,329.09807,106.786685064435,27.497670613229275,6.3557252287864685,439.99836407601833,19.15510368347168,94.17520046234131,344.5086097717285,91.06803184747696,0.0,272.59568160772324,0.0,0.0,0.0,0.0,0.0,62.81676769256592,3.0072960257530212,25.890463829040527,2.460672914981842
arxiv,cache_bf16,val,arxiv:val:000027:8cd62bf318a20ced,27,27,large_h6_n10_s100_wikics_arxiv,8cd62bf318a20ced512be52c3710c221ea086084ec460c0f7c22c64bd8d66dec,3,0,0,0,0,0,53,0,1,0,1061.414077,1061.3782958984375,683.837033,378.781823,111.86422128230333,27.49377302825451,6.537360139191151,477.1648561581969,19.036479949951172,114.21577453613281,361.5580825805664,94.45075219869614,0.0,286.1426582932472,0.0,0.0,0.0,0.0,0.0,79.90316772460938,3.9746879935264587,27.261664390563965,3.0757744312286377
arxiv,cache_bf16,val,arxiv:val:000028:33517413de1e4a97,28,28,large_h6_n10_s100_wikics_arxiv,33517413de1e4a9700f5457f04f622ed1542c195cb82455a0fac9ceacb1713a0,3,0,0,0,0,0,52,0,1,0,973.268875,973.2330932617188,651.597256,321.498846,109.77893602102995,27.428142726421356,6.486860103905201,445.17288357019424,19.063039779663086,96.11311912536621,347.7317085266113,92.74595201015472,0.0,274.0487962961197,0.0,0.0,0.0,0.0,0.0,63.904479026794434,3.071519911289215,26.627360820770264,2.5097593665122986
arxiv,cache_bf16,val,arxiv:val:000029:46e60dd09f5fbfe9,29,29,large_h6_n10_s100_wikics_arxiv,46e60dd09f5fbfe93e7fb91664a431efd615337292ea6cb1d8678ca53464fa5f,3,0,0,0,0,0,52,0,1,0,1016.524049,1016.4879760742188,656.138944,361.24738,107.17555694282055,27.69098337739706,6.3613103702664375,442.32929777354,19.130399703979492,93.27055931091309,347.68163299560547,92.76063978672028,0.0,274.0864328145981,0.0,0.0,0.0,0.0,0.0,61.29830551147461,2.921983987092972,26.635680198669434,2.4159656167030334
arxiv,cache_bf16,val,arxiv:val:000030:dfd3d74dd7468378,30,30,large_h6_n10_s100_wikics_arxiv,dfd3d74dd7468378b9fe089cfadfa491a6c109bec1089a56d7c8f936713d3b00,3,0,0,0,0,0,55,0,1,0,1023.788651,1023.7526245117188,718.415758,305.104678,112.17309534549713,27.492129243910313,6.824367679655552,507.1441438049078,19.088768005371094,136.13305473327637,369.56380462646484,97.59945595264435,0.0,291.082076638937,0.0,0.0,0.0,0.0,0.0,99.34246444702148,5.00627201795578,28.04678440093994,3.7415671944618225
arxiv,cache_bf16,val,arxiv:val:000031:2a6403817126e571,31,31,large_h6_n10_s100_wikics_arxiv,2a6403817126e571a35eb47f07b5f765d0f726f05ee913b223d9d38b59039542,3,0,0,0,0,0,61,0,1,0,1185.737222,1185.6993408203125,794.370011,391.087056,131.7707160487771,27.6633994653821,7.56680965423584,549.0815434604883,19.11801528930664,138.55907440185547,408.93199920654297,107.30281603336334,0.0,320.74719846248627,0.0,0.0,0.0,0.0,0.0,98.38374710083008,4.884800016880035,31.579519748687744,3.7352632880210876
arxiv,cache_bf16,val,arxiv:val:000032:2474123e47f8abf2,32,32,large_h6_n10_s100_wikics_arxiv,2474123e47f8abf2ca6215adf1cf4e43394b78b20d8e53c3d9b5d131e3a2d17b,3,0,0,0,0,0,61,0,1,0,1114.675975,1114.639404296875,792.12002,322.280745,136.4512499421835,27.46358420699835,10.33750083297491,572.58665189147,19.10063934326172,138.60028648376465,432.1231689453125,107.35088023543358,0.0,343.5112960636616,0.0,0.0,0.0,0.0,0.0,98.35699272155762,4.935200035572052,31.57916831970215,3.731007993221283
arxiv,cache_bf16,val,arxiv:val:000033:d0850dde7b86cfe1,33,33,large_h6_n10_s100_wikics_arxiv,d0850dde7b86cfe159626acbef6f22b442fc7f70a4212000a334b9de68dcb245,3,0,0,0,0,0,21,0,1,0,626.523709,626.4927978515625,283.341225,343.854762,41.97262227535248,27.465580962598324,2.715541049838066,185.91878283768892,19.081151962280273,41.28598356246948,143.98956871032715,42.83718413114548,0.0,120.27315285801888,0.0,0.0,0.0,0.0,0.0,28.17900800704956,1.337567999958992,10.631839990615845,1.1359035521745682
arxiv,cache_bf16,val,arxiv:val:000034:4eaa40c7c921d8f4,34,34,large_h6_n10_s100_wikics_arxiv,4eaa40c7c921d8f493a070722e1afd120044800ebc12cc5d04fef0e8a727b48a,3,0,0,0,0,0,52,0,1,0,963.343017,963.3087768554688,641.247031,322.388065,98.98941218852997,27.48284861445427,6.462368182837963,446.58797327429056,19.108736038208008,96.29379463195801,349.03612899780273,92.73161563277245,0.0,275.46844893693924,0.0,0.0,0.0,0.0,0.0,64.02447986602783,3.0711039900779724,26.68284797668457,2.5139861702919006
arxiv,cache_bf16,val,arxiv:val:000035:4456808cd3029e36,35,35,large_h6_n10_s100_wikics_arxiv,4456808cd3029e36c6cd674805dfba1b0df5470dc0b6229da27fb0db573093a9,3,0,0,0,0,0,62,0,1,0,1118.681324,1118.6444091796875,778.830468,341.344074,126.61838717758656,27.45787799358368,7.678561843931675,543.0066743865609,19.186208724975586,123.69897651672363,418.2073287963867,108.9510723054409,0.0,328.5543055832386,0.0,0.0,0.0,0.0,0.0,84.37350368499756,4.11382395029068,31.929823875427246,3.268352448940277
arxiv,cache_bf16,val,arxiv:val:000036:2b915ea34f5ecb41,36,36,large_h6_n10_s100_wikics_arxiv,2b915ea34f5ecb4195b7e648f39cc228565d57fb08ef7d137fd23d150f968b8c,3,0,0,0,0,0,64,0,1,0,1119.146519,1119.1090087890625,810.404723,308.416452,129.58499509841204,27.364492416381836,7.932981476187706,577.3721560835838,19.084543228149414,141.78512001037598,433.9416961669922,112.21856009960175,0.0,340.8324805498123,0.0,0.0,0.0,0.0,0.0,100.01455879211426,5.06467205286026,32.90316820144653,3.8152982592582703
arxiv,cache_bf16,val,arxiv:val:000037:614f76a891d0d5a3,37,37,large_h6_n10_s100_wikics_arxiv,614f76a891d0d5a3b29923cdfe9627edcfe1f02f6c18878cfe56320dda43f363,3,0,0,0,0,0,60,0,1,0,1067.779095,1067.7423095703125,758.156211,309.330341,119.18881628662348,27.53013465553522,9.285076521337032,533.0014554783702,19.08255958557129,131.82313537597656,399.59417724609375,105.64748772978783,0.0,313.0304973721504,0.0,0.0,0.0,0.0,0.0,92.80163192749023,4.5870720744133,30.88822317123413,3.545567214488983
arxiv,cache_bf16,val,arxiv:val:000038:1086cabadfb2c00e,38,38,large_h6_n10_s100_wikics_arxiv,1086cabadfb2c00efbeaa45c5b1b33cf288b259cb923f3c9f7d866c8204d9074,3,0,0,0,0,0,62,0,1,0,1091.093453,1091.056396484375,785.012025,305.88424,126.59065332263708,27.478961274027824,7.524628192186356,553.36360540241,19.102783203125,140.1461124420166,411.7125015258789,108.91103982925415,0.0,321.90424489974976,0.0,0.0,0.0,0.0,0.0,99.52057647705078,4.961727976799011,31.884511947631836,3.7866216897964478
arxiv,cache_bf16,val,arxiv:val:000039:863cfc33eb9bc5c9,39,39,large_h6_n10_s100_wikics_arxiv,863cfc33eb9bc5c943412c751858c2a4b19fae1e9600f8c00a7815f722d7057d,3,0,0,0,0,0,55,0,1,0,1009.080839,1009.0447998046875,703.755693,305.359287,103.53260580450296,27.522516436874866,6.8137627094984055,504.5765461400151,19.121440887451172,136.1936321258545,366.7860450744629,97.55244800448418,0.0,288.3190691769123,0.0,0.0,0.0,0.0,0.0,99.4056625366211,5.007999956607819,28.08403253555298,3.7492493987083435
arxiv,cache_bf16,val,arxiv:val:000040:138d2ea2dc1f5267,40,40,large_h6_n10_s100_wikics_arxiv,138d2ea2dc1f526777d488af538e88cb175b76d812df4fc0848d5ab0513b61f3,3,0,0,0,0,0,62,0,1,0,1178.715882,1178.6783447265625,782.836892,396.966824,121.9880348071456,27.547809295356274,7.660120725631714,559.4574548304081,19.11052894592285,142.1475830078125,415.86045837402344,109.04124808311462,0.0,325.9385379552841,0.0,0.0,0.0,0.0,0.0,101.34089660644531,5.039455950260162,31.907872200012207,3.8520957231521606
arxiv,cache_bf16,val,arxiv:val:000041:d9a4a65cfd514f1c,41,41,large_h6_n10_s100_wikics_arxiv,d9a4a65cfd514f1cd028b6059ba71acd1c529452ede8859ce3fe42269be5e68c,3,0,0,0,0,0,55,0,1,0,1017.879922,1017.8438110351562,711.452314,306.10665,106.19872249662876,31.04203660041094,10.67972369492054,525.1857759431005,19.07494354248047,136.29644775390625,387.4500045776367,97.60620766878128,0.0,313.35413283109665,0.0,0.0,0.0,0.0,0.0,99.47327995300293,5.008863985538483,28.058080196380615,3.748577058315277
arxiv,cache_bf16,val,arxiv:val:000042:ff0500b9a531de21,42,42,large_h6_n10_s100_wikics_arxiv,ff0500b9a531de21a3663ef84355fbe474988341d4bf06609c0f4f40872603e9,3,0,0,0,0,0,58,0,1,0,1070.928579,1070.8902587890625,764.90353,305.703931,117.54785757511854,27.71859150379896,7.19761848449707,540.3729844838381,19.135744094848633,144.69091033935547,394.1614074707031,102.71107199788094,0.0,310.5860795676708,0.0,0.0,0.0,0.0,0.0,105.64377784729004,5.408511996269226,29.664608001708984,3.9740124940872192
arxiv,cache_bf16,val,arxiv:val:000043:ddd3b371329106e9,43,43,large_h6_n10_s100_wikics_arxiv,ddd3b371329106e9b3c0c5dff47a69baa52805ccf0e8705a520aa1b2b57a9b05,3,0,0,0,0,0,62,0,1,0,1203.045075,1203.0052490234375,810.340251,392.333391,124.61955659091473,27.745253406465054,7.7895792201161385,569.0620839595795,19.10153579711914,142.20908546447754,425.47913360595703,109.2942718565464,0.0,335.28639754652977,0.0,0.0,0.0,0.0,0.0,101.3551025390625,5.062559962272644,31.92515230178833,3.8557106852531433
arxiv,cache_bf16,val,arxiv:val:000044:cf5d3d5d9903a199,44,44,large_h6_n10_s100_wikics_arxiv,cf5d3d5d9903a19940960e7d115d98e85bc20ff08ce0d304a458cf596df6ec1b,3,0,0,0,0,0,62,0,1,0,1092.532616,1092.494873046875,786.613386,305.570938,126.52167771011591,27.617735788226128,7.750304415822029,549.5649743825197,19.094144821166992,130.18310165405273,417.79571533203125,109.01536005735397,0.0,327.87450009584427,0.0,0.0,0.0,0.0,0.0,90.36758422851562,4.454847931861877,31.904959678649902,3.477281928062439
arxiv,cache_bf16,val,arxiv:val:000045:e1ef52cc72e53091,45,45,large_h6_n10_s100_wikics_arxiv,e1ef52cc72e53091c7800d41742de82340ef8f9ca0ca1a0e3701bf3b37d73687,3,0,0,0,0,0,53,0,1,0,984.564494,984.5279541015625,673.673825,309.877743,100.47700256109238,27.605109848082066,6.64689764380455,472.9091599583626,19.092863082885742,112.27641296386719,359.2243843078613,94.39715188741684,0.0,283.96412751078606,0.0,0.0,0.0,0.0,0.0,78.09081649780273,3.8602879643440247,27.318816661834717,3.0073294043540955
arxiv,cache_bf16,val,arxiv:val:000046:ada3ab8e88f5559f,46,46,large_h6_n10_s100_wikics_arxiv,ada3ab8e88f5559fcccdcc6f953c2dd6aa4326a121c0a4aaf08dacb1b8284a90,3,0,0,0,0,0,53,0,1,0,1002.15912,1002.1226806640625,675.427479,326.434619,101.58017836511135,27.642798610031605,6.582082249224186,473.89678470790386,19.108671188354492,114.32774543762207,358.16816329956055,94.38572788238525,0.0,282.956930577755,0.0,0.0,0.0,0.0,0.0,79.99849605560303,3.9498559832572937,27.330047130584717,3.069602310657501
arxiv,cache_bf16,val,arxiv:val:000047:d407276f731aeb82,47,47,large_h6_n10_s100_wikics_arxiv,d407276f731aeb826a2465293d82e27bd3bfeb5cc7bff84a8a4469484aab6322,3,0,0,0,0,0,59,0,1,0,1035.923708,1035.8944091796875,730.358186,305.32334,108.68968814611435,27.632570825517178,7.286376319825649,517.9816363379359,19.08019256591797,113.27584075927734,402.9954528808594,104.08102396130562,0.0,317.77522790431976,0.0,0.0,0.0,0.0,0.0,76.40675354003906,3.682752013206482,30.21939182281494,2.972640633583069
arxiv,cache_bf16,val,arxiv:val:000048:dd42eff70fde6dc5,48,48,large_h6_n10_s100_wikics_arxiv,dd42eff70fde6dc5e47ff1df4ed4ee531b28791339a8573d15beb8be20bca69a,3,0,0,0,0,0,64,0,1,0,1209.788739,1209.7498779296875,812.82896,396.478924,120.46231515705585,27.604355476796627,7.942426018416882,589.9300882592797,19.063840866088867,160.5464973449707,427.72496032714844,112.1817921102047,0.0,334.6938880085945,0.0,0.0,0.0,0.0,0.0,117.25568199157715,5.916032016277313,32.97859191894531,4.396191418170929
arxiv,cache_bf16,val,arxiv:val:000049:a2b8aa86fe2b3b80,49,49,large_h6_n10_s100_wikics_arxiv,a2b8aa86fe2b3b809d0aacfbc7c40ec2063058ada285d832b83a88d0103ba626,3,0,0,0,0,0,62,0,1,0,1092.950999,1092.913818359375,783.416065,309.232474,119.00841724127531,27.616307139396667,7.671843282878399,554.342607036233,19.041343688964844,136.234525680542,416.54588317871094,109.02201601862907,0.0,326.5652108490467,0.0,0.0,0.0,0.0,0.0,95.86441707611084,4.7656320333480835,31.936095714569092,3.6722570657730103
arxiv,cache_bf16,val,arxiv:val:000050:2a47659d2f813532,50,50,large_h6_n10_s100_wikics_arxiv,2a47659d2f813532ed4dc6a42a9d4cf68dc3143b0c35fc5da3cc25947ca3b91d,3,0,0,0,0,0,62,0,1,0,1107.489802,1107.451416015625,767.546772,339.642801,116.78660567849874,27.66854502260685,7.881813682615757,540.2969932183623,19.0830078125,123.71097564697266,415.1776580810547,108.89478421211243,0.0,325.3813060224056,0.0,0.0,0.0,0.0,0.0,84.37731170654297,4.112063944339752,31.959712028503418,3.262143909931183
arxiv,cache_bf16,val,arxiv:val:000051:25fed5df9f2e16af,51,51,large_h6_n10_s100_wikics_arxiv,25fed5df9f2e16af5276f39be3ac9b4fbbf21cb37f57fd15fbb3eb0033ad4253,3,0,0,0,0,0,64,0,1,0,1222.708593,1222.6636962890625,830.627053,392.694385,127.65367794781923,27.605985291302204,7.925054989755154,614.5283011719584,19.136127471923828,160.5081272125244,452.4419860839844,112.17587187886238,0.0,359.4186258018017,0.0,0.0,0.0,0.0,0.0,117.21772766113281,5.9126721024513245,32.976768016815186,4.396545886993408
arxiv,cache_bf16,val,arxiv:val:000052:03bd7d4b35d5ec75,52,52,large_h6_n10_s100_wikics_arxiv,03bd7d4b35d5ec754ccede1f77f03d4c83f1bce222870c0d7931411a50a1a0ae,3,0,0,0,0,0,52,0,1,0,976.743594,976.7137451171875,653.486824,322.56668,100.57078395038843,27.450828813016415,6.501561030745506,451.7648499459028,19.103456497192383,96.22963237762451,354.1652145385742,92.76537600159645,0.0,280.4150058925152,0.0,0.0,0.0,0.0,0.0,63.96483135223389,3.066335916519165,26.695327758789062,2.506562292575836
arxiv,cache_bf16,val,arxiv:val:000053:859d651c5c113b2b,53,53,large_h6_n10_s100_wikics_arxiv,859d651c5c113b2b710e3dd92e0b453173673741fd2acce2fade900d8aeca11e,3,0,0,0,0,0,61,0,1,0,1167.117664,1167.07958984375,775.712772,391.861416,118.32565627992153,27.651355601847172,7.442250847816467,549.0164775401354,19.111295700073242,138.97913551330566,408.3423080444336,107.39664000272751,0.0,320.0684841275215,0.0,0.0,0.0,0.0,0.0,98.67238426208496,4.886527955532074,31.652287483215332,3.7372791171073914
arxiv,cache_bf16,val,arxiv:val:000054:300231fc70309c0c,54,54,large_h6_n10_s100_wikics_arxiv,300231fc70309c0cfd22317394782a0a007fef674b24b0ff0106b29c1afc2b36,3,0,0,0,0,0,63,0,1,0,1201.29158,1201.2528076171875,809.499683,392.170802,121.36750854551792,27.560190297663212,7.712949998676777,581.20371773839,19.005311965942383,158.32886505126953,421.12437438964844,110.67600002884865,0.0,329.5272546708584,0.0,0.0,0.0,0.0,0.0,115.49609565734863,5.8130239844322205,32.699615478515625,4.318238317966461
arxiv,cache_bf16,val,arxiv:val:000055:a212b20457638022,55,55,large_h6_n10_s100_wikics_arxiv,a212b20457638022238ddab4fbf222c37df631dd211fdab1c40ca8cbfaae7cf5,3,0,0,0,0,0,62,0,1,0,1107.781881,1107.7381591796875,784.583172,323.191346,119.31669898331165,27.41029765456915,7.694054394960403,561.6398481652141,18.998624801635742,142.4071044921875,417.7548828125,108.96790391206741,0.0,327.8025943636894,0.0,0.0,0.0,0.0,0.0,101.55308723449707,5.043776035308838,31.962496280670166,3.8432329297065735
arxiv,cache_bf16,val,arxiv:val:000056:215743a6c95a4322,56,56,large_h6_n10_s100_wikics_arxiv,215743a6c95a4322fe408a6ba7a4a9370a75f4cc4532aaca99dde5ef8f023db6,3,0,0,0,0,0,63,0,1,0,1212.642483,1212.6043701171875,816.621416,396.091645,122.15815111994743,27.53591537475586,7.703169248998165,592.2445980831981,19.12633514404297,168.08960151672363,422.49939727783203,110.61897614598274,0.0,331.0562615096569,0.0,0.0,0.0,0.0,0.0,124.45903968811035,6.321760058403015,32.69811153411865,4.631265759468079
arxiv,cache_bf16,val,arxiv:val:000057:93b7a7f59cc74a9e,57,57,large_h6_n10_s100_wikics_arxiv,93b7a7f59cc74a9ee193ce677f5005da0c006b92d97b540966bd127e7f276715,3,0,0,0,0,0,62,0,1,0,1178.962123,1178.923583984375,786.957937,391.710858,117.86924861371517,27.53019519150257,7.7069709077477455,556.1986537650228,19.076032638549805,142.15529441833496,412.6379928588867,108.93993604183197,0.0,322.8424735367298,0.0,0.0,0.0,0.0,0.0,101.31302261352539,5.0731199979782104,31.91807985305786,3.8510719537734985
arxiv,cache_bf16,val,arxiv:val:000058:baff727dd79bfef8,58,58,large_h6_n10_s100_wikics_arxiv,baff727dd79bfef81394c2cc7d0db687035b7850b8cd72fd35533259dcbc5e44,3,0,0,0,0,0,57,0,1,0,1011.852534,1011.815673828125,701.77245,309.806459,108.060990460217,27.516620233654976,7.0929136127233505,486.57842725515366,19.122272491455078,106.93331336975098,378.14937591552734,100.74924802780151,0.0,296.5267834663391,0.0,0.0,0.0,0.0,0.0,71.30928039550781,3.4328319430351257,29.377984523773193,2.7953303456306458
arxiv,cache_bf16,val,arxiv:val:000059:283bfc5fbdab96be,59,59,large_h6_n10_s100_wikics_arxiv,283bfc5fbdab96be178e1ef02673805c313e85a7db94d22467b6608e90253fa3,3,0,0,0,0,0,62,0,1,0,1093.889211,1093.8470458984375,788.013709,305.540667,119.02086157351732,27.582617476582527,7.674588821828365,554.9656990915537,19.077024459838867,140.33862495422363,413.0137023925781,109.40992033481598,0.0,321.6371578872204,0.0,0.0,0.0,0.0,0.0,99.62044906616211,4.959551990032196,31.957311630249023,3.795584261417389
arxiv,cache_bf16,val,arxiv:val:000060:223fff55dd3aa076,60,60,large_h6_n10_s100_wikics_arxiv,223fff55dd3aa07627e13f9449707c2e850612851f89eb5f38bbde0ba338602a,3,0,0,0,0,0,52,0,1,0,952.738867,952.703369140625,646.413449,306.047657,98.0530446395278,27.900412678718567,6.397729739546776,447.193868458271,19.428863525390625,97.20988845825195,348.67923736572266,92.83942377567291,0.0,274.9214767217636,0.0,0.0,0.0,0.0,0.0,64.86297607421875,3.105087995529175,26.705920219421387,2.5412800312042236
arxiv,cache_bf16,val,arxiv:val:000061:819cfb4438026420,61,61,large_h6_n10_s100_wikics_arxiv,819cfb4438026420a44e76d1b5e4396b6c12d15e01cdfdca4eafe4356bf5fd78,3,0,0,0,0,0,59,0,1,0,1060.093879,1060.0633544921875,753.630767,306.287073,110.74247676879168,27.557221241295338,7.335472851991653,534.3438796699047,19.112960815429688,132.04291343688965,400.7915496826172,104.24857604503632,0.0,315.52400505542755,0.0,0.0,0.0,0.0,0.0,93.58025646209717,4.643296003341675,30.247999668121338,3.556223154067993
arxiv,cache_bf16,val,arxiv:val:000062:f14653257fd8d626,62,62,large_h6_n10_s100_wikics_arxiv,f14653257fd8d626a647b705baa748c4047f2bffaa9a0536a43e3e90199fe238,3,0,0,0,0,0,59,0,1,0,1043.563582,1043.5338134765625,737.446461,306.372436,113.01546823233366,27.665412984788418,7.314038462936878,518.9576037228107,19.122783660888672,117.22761726379395,400.0021743774414,104.03561627864838,0.0,314.8184304535389,0.0,0.0,0.0,0.0,0.0,79.9922227859497,3.899392008781433,30.243744373321533,3.1067826747894287
arxiv,cache_bf16,val,arxiv:val:000063:a6c9213601343c5a,63,63,large_h6_n10_s100_wikics_arxiv,a6c9213601343c5af310560e147a57675830c585f12c4b745f42161685ac0945,3,0,0,0,0,0,62,0,1,0,1084.883112,1084.8389892578125,778.810286,305.744689,115.9145375713706,27.574937790632248,7.720666937530041,551.7197763547301,19.10848045349121,136.23372650146484,413.95887756347656,108.94127985835075,0.0,324.1182370483875,0.0,0.0,0.0,0.0,0.0,95.84127998352051,4.760191917419434,31.96467161178589,3.6675829887390137
arxiv,cache_bf16,val,arxiv:val:000064:1f114887af1ecfa5,64,64,large_h6_n10_s100_wikics_arxiv,1f114887af1ecfa56bcb4f6bc29544f32172af5626be259cf411be7bd9bc4eed,3,0,0,0,0,0,58,0,1,0,1054.834107,1054.797607421875,744.304208,310.258824,111.42862308770418,27.4498388171196,7.241471670567989,534.9261863157153,19.059648513793945,144.7830047607422,388.6950378417969,102.505215883255,0.0,305.2494704723358,0.0,0.0,0.0,0.0,0.0,105.71609687805176,5.402783989906311,29.689152240753174,3.9750726222991943
arxiv,cache_bf16,val,arxiv:val:000065:a0032c4710ae3a15,65,65,large_h6_n10_s100_wikics_arxiv,a0032c4710ae3a1546d174201bd65f39f734bad0dbaa659b3bf599a5959b7ddf,3,0,0,0,0,0,63,0,1,0,1195.420605,1195.3822021484375,802.588436,392.625993,122.73682188242674,27.49861776828766,7.676155306398869,574.0347243845463,19.107967376708984,152.75167846679688,419.76810455322266,110.64003223180771,0.0,328.27373626828194,0.0,0.0,0.0,0.0,0.0,110.2797737121582,5.621663987636566,32.73801612854004,4.147040069103241
arxiv,cache_bf16,val,arxiv:val:000066:fd1e8eebbd69f945,66,66,large_h6_n10_s100_wikics_arxiv,fd1e8eebbd69f945b7937053fe1894d7aa4e3d017b7566cbc0ddbd2ec591ade0,3,0,0,0,0,0,64,0,1,0,1119.930027,1119.892578125,809.977162,309.681186,120.84263563156128,27.401250787079334,7.9400986433029175,573.2974484562874,19.063007354736328,143.96544075012207,427.6245803833008,112.25024017691612,0.0,334.39827516674995,0.0,0.0,0.0,0.0,0.0,102.0181770324707,5.072000086307526,33.01251173019409,3.87276691198349
arxiv,cache_bf16,val,arxiv:val:000067:ad1389fe50ead330,67,67,large_h6_n10_s100_wikics_arxiv,ad1389fe50ead330fcbb0d1c3b6897b19fadd83f66a990bd417484c3cd9c8118,3,0,0,0,0,0,59,0,1,0,1081.6748,1081.63134765625,775.19765,306.149941,118.31397097557783,27.493509463965893,7.337396964430809,545.595608651638,19.07753562927246,149.60166549682617,394.4520950317383,104.03235206007957,0.0,309.5015025138855,0.0,0.0,0.0,0.0,0.0,109.71116828918457,5.509024024009705,30.271968364715576,4.114334225654602
arxiv,cache_bf16,val,arxiv:val:000068:0e2309a14e4e7ad2,68,68,large_h6_n10_s100_wikics_arxiv,0e2309a14e4e7ad206ec00b0afceb8be3573064c0f92010b47f04a2ba2d1f390,3,0,0,0,0,0,21,0,1,0,625.159408,625.1276245117188,281.777266,344.089844,34.24512129276991,27.577889151871204,2.6962822303175926,186.7597009986639,19.145599365234375,41.42758369445801,144.65439987182617,42.87865588068962,0.0,120.92572832107544,0.0,0.0,0.0,0.0,0.0,28.285823822021484,1.341152012348175,10.6702721118927,1.1401918530464172
arxiv,cache_bf16,val,arxiv:val:000069:d86e811a7bc24db7,69,69,large_h6_n10_s100_wikics_arxiv,d86e811a7bc24db744e8778bf19d7b3f44eb7d7ebf8bfe7ccd74c22d935087f2,3,0,0,0,0,0,63,0,1,0,1157.20093,1157.1632080078125,815.141718,340.991484,129.4210385531187,27.768105268478394,7.825578562915325,580.7323632761836,19.156864166259766,158.3400001525879,420.7513885498047,110.71411201357841,0.0,329.2292127907276,0.0,0.0,0.0,0.0,0.0,115.35145568847656,5.899872004985809,32.745824337005615,4.320192098617554
arxiv,cache_bf16,val,arxiv:val:000070:2a3d92150c4f73db,70,70,large_h6_n10_s100_wikics_arxiv,2a3d92150c4f73db35252c8869d52c2058311805ab42839e792ab8f73946b897,3,0,0,0,0,0,56,0,1,0,1032.165653,1032.1285400390625,726.811728,305.277147,116.93992372602224,27.558411471545696,6.844501942396164,495.85798289626837,19.08028793334961,120.55613136291504,373.8359031677246,99.35273578763008,0.0,293.62111896276474,0.0,0.0,0.0,0.0,0.0,84.55407905578613,4.1622079610824585,28.5862717628479,3.244285821914673
arxiv,cache_bf16,val,arxiv:val:000071:cf9896e4eb750fe0,71,71,large_h6_n10_s100_wikics_arxiv,cf9896e4eb750fe0c9cee7c8b288a7a8e49d9cc63c2a39ef685e91beaa53ed04,3,0,0,0,0,0,60,0,1,0,1080.186935,1080.1458740234375,770.037398,309.90047,125.59349741786718,27.694792486727238,7.477365434169769,534.2505713924766,19.121824264526367,131.96355056762695,400.66957092285156,105.7766726911068,0.0,314.0774430334568,0.0,0.0,0.0,0.0,0.0,92.87433624267578,4.584511935710907,30.985119819641113,3.5393903851509094
arxiv,cache_bf16,val,arxiv:val:000072:11c31d8e3f561208,72,72,large_h6_n10_s100_wikics_arxiv,11c31d8e3f5612084a2dbd8c1a42815cb6224c2900ec1d9301030c9f7d9ebb85,3,0,0,0,0,0,64,0,1,0,1151.94493,1151.9063720703125,824.821002,327.951304,130.30096422880888,27.623784728348255,7.980468682944775,579.30719666183,19.106719970703125,149.75971031188965,427.9522933959961,112.23865601420403,0.0,334.82467767596245,0.0,0.0,0.0,0.0,0.0,107.30813026428223,5.352959990501404,33.01919984817505,4.056259274482727
arxiv,cache_bf16,val,arxiv:val:000073:1332d50ddf2eeca1,73,73,large_h6_n10_s100_wikics_arxiv,1332d50ddf2eeca169e5b81ca0b3ac3e1c51f99b4e36d2902cde6073b387a2d0,3,0,0,0,0,0,63,0,1,0,1201.866736,1201.82763671875,809.93862,392.67881,124.0385314449668,27.721481397747993,7.8231049701571465,575.2749117091298,19.121856689453125,152.8004150390625,420.9179229736328,110.58454424142838,0.0,329.4398755431175,0.0,0.0,0.0,0.0,0.0,110.28646278381348,5.6090880036354065,32.754719734191895,4.14099246263504
arxiv,cache_bf16,val,arxiv:val:000074:e0a31edde87a7444,74,74,large_h6_n10_s100_wikics_arxiv,e0a31edde87a744459029bea340649f33a84460931b483db992080e065477e9e,3,0,0,0,0,0,53,0,1,0,981.834316,981.798583984375,672.737328,309.028346,103.61752659082413,27.490698732435703,6.503287702798843,473.53790141642094,19.034175872802734,112.36694526672363,359.8409309387207,94.4873920083046,0.0,282.7213474214077,0.0,0.0,0.0,0.0,0.0,78.1058235168457,3.857375979423523,27.40022373199463,3.000641942024231
arxiv,cache_bf16,val,arxiv:val:000075:0a132a451a46a45b,75,75,large_h6_n10_s100_wikics_arxiv,0a132a451a46a45bcb97637eec4dab61c47b992cacfe8b0fdcf22dbb745a1380,3,0,0,0,0,0,55,0,1,0,1068.986423,1068.9483642578125,693.835546,374.99854,105.09198810905218,27.559990994632244,6.864647381007671,482.0380797609687,19.124544143676758,111.08982467651367,369.4374084472656,97.67472034692764,0.0,290.8550075888634,0.0,0.0,0.0,0.0,0.0,76.25974464416504,3.716223955154419,28.159903526306152,2.946943998336792
arxiv,cache_bf16,val,arxiv:val:000076:b1ad7f9bb93742d5,76,76,large_h6_n10_s100_wikics_arxiv,b1ad7f9bb93742d57d93c723bded1ff9487d253437f89c993ed39560542cccda,3,0,0,0,0,0,55,0,1,0,1079.623081,1079.58642578125,700.43783,379.872501,106.42189625650644,27.535662055015564,6.763282231986523,493.5314254835248,19.104736328125,122.79132843017578,369.2968330383301,97.78272044658661,0.0,290.61884891986847,0.0,0.0,0.0,0.0,0.0,87.00070381164551,4.314400017261505,28.14297580718994,3.316926658153534
arxiv,cache_bf16,val,arxiv:val:000077:636e20ca6e1d821d,77,77,large_h6_n10_s100_wikics_arxiv,636e20ca6e1d821d85f8b6f88702a66347f568d2975ab829f49e905d3295654b,3,0,0,0,0,0,53,0,1,0,1010.572123,1010.5360107421875,653.002966,358.756912,94.59916688501835,27.54096407443285,6.518068723380566,466.4655700325966,19.094783782958984,109.65654373168945,355.2566719055176,94.5184640288353,0.0,279.82614427804947,0.0,0.0,0.0,0.0,0.0,75.61059284210205,3.707871913909912,27.41574478149414,2.9223341941833496
arxiv,cache_bf16,val,arxiv:val:000078:23743d45533046ec,78,78,large_h6_n10_s100_wikics_arxiv,23743d45533046eceaf1c1af64d1e14aaa8f5a22c78f7016394923a043b2804a,3,0,0,0,0,0,60,0,1,0,1067.307666,1067.2705078125,760.739789,306.274699,112.97828610986471,27.412666007876396,7.463948801159859,546.7506963759661,19.089984893798828,142.83523178100586,402.3364486694336,105.83580788969994,0.0,315.5906256735325,0.0,0.0,0.0,0.0,0.0,102.83209609985352,5.152128040790558,30.987264156341553,3.863778054714203
arxiv,cache_bf16,val,arxiv:val:000079:1e65174104a1505a,79,79,large_h6_n10_s100_wikics_arxiv,1e65174104a1505a7bdd624a1acd688b3680da85996d2ef44bbbc87389e196e4,3,0,0,0,0,0,62,0,1,0,1192.868081,1192.8291015625,800.205636,393.257762,114.52518217265606,27.57808566093445,7.558978162705898,581.6976921632886,19.11017608642578,165.14873504638672,415.1671371459961,109.06595194339752,0.0,325.21136128902435,0.0,0.0,0.0,0.0,0.0,122.36003112792969,6.185312032699585,32.02883243560791,4.54595148563385
arxiv,cache_bf16,val,arxiv:val:000080:5938139cc92984b8,80,80,large_h6_n10_s100_wikics_arxiv,5938139cc92984b8a1aaeb096edff4af8ce500ccf4df6024b66b636ee66fb8ad,3,0,0,0,0,0,49,0,1,0,977.524664,977.4887084960938,615.3361,362.47858,84.64984688907862,27.527489699423313,6.123565137386322,425.61427410691977,19.06073570251465,97.26009750366211,327.02054595947266,87.93507212400436,0.0,258.1458891034126,0.0,0.0,0.0,0.0,0.0,66.09945678710938,3.1905280351638794,25.40780782699585,2.5552318692207336
arxiv,cache_bf16,val,arxiv:val:000081:103812d8128782bf,81,81,large_h6_n10_s100_wikics_arxiv,103812d8128782bf2d6b0a6e4559818f35c7ea64484cee79dbf3fd92559a9169,3,0,0,0,0,0,59,0,1,0,1050.60185,1050.5706787109375,738.989238,309.739424,101.83276701718569,27.510606683790684,7.345127873122692,530.7866092771292,19.081632614135742,134.0687370300293,395.09903717041016,104.12080001831055,0.0,310.1239643096924,0.0,0.0,0.0,0.0,0.0,95.3615665435791,4.746783912181854,30.325151920318604,3.631265938282013
arxiv,cache_bf16,val,arxiv:val:000082:ef97f140c26e76a7,82,82,large_h6_n10_s100_wikics_arxiv,ef97f140c26e76a76756767fb519c0006836b4ec6a63adff45776dc58da7edf0,3,0,0,0,0,0,61,0,1,0,1065.699107,1065.6685791015625,755.153265,309.900423,108.96254982799292,27.36508660018444,7.563934661448002,541.241436265409,19.078336715698242,130.47404861450195,408.98680877685547,107.39615988731384,0.0,320.46376845240593,0.0,0.0,0.0,0.0,0.0,90.69203186035156,4.552543938159943,31.699903964996338,3.476545035839081
arxiv,cache_bf16,val,arxiv:val:000083:a39d60ef16fc4859,83,83,large_h6_n10_s100_wikics_arxiv,a39d60ef16fc4859f0cbb1f8bd127e91871eb54fff72fe03a1c091da9dd2a231,3,0,0,0,0,0,62,0,1,0,1174.660617,1174.6214599609375,778.201007,396.803649,109.3745157122612,27.417778968811035,7.571259513497353,558.0116584897041,19.08019256591797,142.43657684326172,414.07450103759766,109.02998408675194,0.0,324.18582859635353,0.0,0.0,0.0,0.0,0.0,101.51136016845703,5.04092800617218,32.03043174743652,3.8467849493026733
arxiv,cache_bf16,val,arxiv:val:000084:5e59d4339eecb4b0,84,84,large_h6_n10_s100_wikics_arxiv,5e59d4339eecb4b0483be1a708ce6e0900ea0d36b21157a03b359dd6edca154f,3,0,0,0,0,0,54,0,1,0,997.016681,996.9866943359375,690.021395,306.419073,90.43281711637974,27.464507147669792,6.615501828491688,490.5391847714782,19.09270477294922,129.78582382202148,359.4126739501953,96.07942393422127,0.0,282.5867865681648,0.0,0.0,0.0,0.0,0.0,93.81772804260254,4.7029120326042175,27.724031448364258,3.54115229845047
arxiv,cache_bf16,val,arxiv:val:000085:d0843ce56b22dc73,85,85,large_h6_n10_s100_wikics_arxiv,d0843ce56b22dc73a3618d338723a965a999cb83eeceeaa30cb60167e3ac1382,3,0,0,0,0,0,60,0,1,0,1086.604359,1086.5743408203125,762.376765,323.137056,104.70097046345472,27.567479759454727,7.447616197168827,547.4219936877489,19.1167049407959,146.7296314239502,399.12776947021484,105.8351044356823,0.0,312.5756421983242,0.0,0.0,0.0,0.0,0.0,106.38300704956055,5.330144047737122,31.01254415512085,4.000447630882263
arxiv,cache_bf16,val,arxiv:val:000086:c931e503a421c342,86,86,large_h6_n10_s100_wikics_arxiv,c931e503a421c34267ec82b94e039d60e19b3bf05af914aae79205e0decda7d4,3,0,0,0,0,0,62,0,1,0,1075.581947,1075.550537109375,768.36424,306.809378,109.94611866772175,27.499118819832802,7.682188414037228,543.8886899501085,19.10527992248535,130.62607955932617,411.64832305908203,109.00399994850159,0.0,321.8423707485199,0.0,0.0,0.0,0.0,0.0,90.65574359893799,4.455711901187897,32.02899217605591,3.485695779323578
arxiv,cache_bf16,val,arxiv:val:000087:9f3a2d6097b0f6bd,87,87,large_h6_n10_s100_wikics_arxiv,9f3a2d6097b0f6bdc313c6295f2299bc6c3187102e3e75faf02bfa838fb30ae0,3,0,0,0,0,0,61,0,1,0,1072.590903,1072.5606689453125,761.89837,310.274137,107.4655782431364,27.434756979346275,7.463282905519009,547.9719797149301,19.07263946533203,139.26758575439453,407.3325729370117,107.44444817304611,0.0,318.98908454179764,0.0,0.0,0.0,0.0,0.0,98.83523178100586,4.936704039573669,31.743712425231934,3.743552327156067
arxiv,cache_bf16,val,arxiv:val:000088:d92d2e293d83fe2f,88,88,large_h6_n10_s100_wikics_arxiv,d92d2e293d83fe2f12b22432fd45e9e92790a6d804e43b5675e947d66dc7965e,3,0,0,0,0,0,60,0,1,0,1139.390895,1139.35302734375,746.64619,392.455807,103.38974557816982,27.441234327852726,7.341464050114155,531.1273690313101,19.09667205810547,126.33990478515625,403.215576171875,105.7413119673729,0.0,316.6232562661171,0.0,0.0,0.0,0.0,0.0,87.53295993804932,4.426496088504791,31.02662420272827,3.3685458302497864
arxiv,cache_bf16,val,arxiv:val:000089:ca95f6f1b4e66743,89,89,large_h6_n10_s100_wikics_arxiv,ca95f6f1b4e66743e24e634927bd1f85787d4b5f1d0520aed4dd463ee6107386,3,0,0,0,0,0,36,0,1,0,809.930815,809.8971557617188,452.274359,357.84271,62.577418982982635,27.4953693151474,4.532472230494022,310.51383540034294,19.095840454101562,65.6016960144043,243.85667037963867,67.05503994226456,0.0,195.88739055395126,0.0,0.0,0.0,0.0,0.0,43.177056312561035,2.0125440061092377,18.709376096725464,1.710656613111496
arxiv,cache_bf16,val,arxiv:val:000090:c11b4735265097a4,90,90,large_h6_n10_s100_wikics_arxiv,c11b4735265097a44930d96d5587558acbb6ad2ce18590c698eac674f2a4537d,3,0,0,0,0,0,40,0,1,0,871.297814,871.2628173828125,509.681179,362.578381,67.38051772117615,27.406325563788414,4.945832304656506,353.9657536894083,19.052000045776367,85.4259843826294,267.4358100891113,73.45654386281967,0.0,213.09766626358032,0.0,0.0,0.0,0.0,0.0,59.44361686706543,2.997376024723053,20.66918396949768,2.312320590019226
arxiv,cache_bf16,val,arxiv:val:000091:3080ca54e7b4810a,91,91,large_h6_n10_s100_wikics_arxiv,3080ca54e7b4810a5398d13cb2684ed159ae5e73eba029f817a64cc835d8ee00,3,0,0,0,0,0,60,0,1,0,1079.990175,1079.9532470703125,770.030038,310.052574,113.97709418088198,27.521266601979733,7.300179451704025,544.0932083874941,19.126047134399414,143.10038375854492,399.45975494384766,105.82963213324547,0.0,312.82817032933235,0.0,0.0,0.0,0.0,0.0,103.01427268981934,5.163968026638031,31.05116844177246,3.891712248325348
arxiv,cache_bf16,val,arxiv:val:000092:c554553d97e30d78,92,92,large_h6_n10_s100_wikics_arxiv,c554553d97e30d78d7909dfafe3fbb78151bd68f5f605863d751110e5db6a7f9,3,0,0,0,0,0,51,0,1,0,1035.651788,1035.6143798828125,626.648594,408.725766,100.688636302948,27.49172132462263,6.240934133529663,438.2901331409812,19.093887329101562,94.45737648010254,342.49983978271484,91.23139196634293,0.0,270.42435267567635,0.0,0.0,0.0,0.0,0.0,62.92944049835205,2.995360016822815,26.060192584991455,2.469662755727768
arxiv,cache_bf16,val,arxiv:val:000093:f7af87a891af9d09,93,93,large_h6_n10_s100_wikics_arxiv,f7af87a891af9d09f37e54b0d2c012c059c353aa05a62ef5edbdf198016c320b,3,0,0,0,0,0,62,0,1,0,1080.509754,1080.471923828125,773.483124,306.742465,127.17591039836407,27.4762324988842,7.582070305943489,554.1509473696351,19.040319442749023,136.80976104736328,415.8648147583008,109.11481600999832,0.0,325.8777421414852,0.0,0.0,0.0,0.0,0.0,96.22259330749512,4.8623679876327515,32.049856185913086,3.657532751560211
arxiv,cache_bf16,val,arxiv:val:000094:c49ce41630690eb2,94,94,large_h6_n10_s100_wikics_arxiv,c49ce41630690eb2875e5821578e9175ae7b054958b3e878556ae492365cbc54,3,0,0,0,0,0,60,0,1,0,1057.506078,1057.475341796875,749.877651,306.912746,116.39094725251198,27.501238510012627,7.321014069020748,539.2107469961047,19.094751358032227,134.9815673828125,402.8130798339844,105.74518397450447,0.0,316.19109532237053,0.0,0.0,0.0,0.0,0.0,95.60303974151611,4.751935958862305,31.00492763519287,3.621664047241211
arxiv,cache_bf16,val,arxiv:val:000095:d1b804cfe6bbd7e7,95,95,large_h6_n10_s100_wikics_arxiv,d1b804cfe6bbd7e705150c6ddc19faca93a98d8004ede770615deb67bbf7b37f,3,0,0,0,0,0,62,0,1,0,1115.18714,1115.1497802734375,770.046766,344.85411,116.50297231972218,27.468410320580006,7.569239474833012,555.0203621387482,19.046239852905273,140.25014305114746,413.16687774658203,108.99449583888054,0.0,323.21862176060677,0.0,0.0,0.0,0.0,0.0,99.52236747741699,4.956351935863495,32.00924825668335,3.789467990398407
arxiv,cache_bf16,val,arxiv:val:000096:ec672f4715dd3985,96,96,large_h6_n10_s100_wikics_arxiv,ec672f4715dd3985423b1d7da9aaae0f5347758a5d73c859780f2f3e7aa6498f,3,0,0,0,0,0,62,0,1,0,1074.066543,1074.0296630859375,767.123223,306.464382,110.11751182377338,27.485492639243603,7.566580548882484,556.2306120991707,19.072063446044922,140.71664237976074,414.33158111572266,109.03632035851479,0.0,324.32694017887115,0.0,0.0,0.0,0.0,0.0,99.92758369445801,4.946975946426392,32.057151794433594,3.785890817642212
arxiv,cache_bf16,val,arxiv:val:000097:f6245857f5f07407,97,97,large_h6_n10_s100_wikics_arxiv,f6245857f5f07407b3f88778c9316b16c98f8849b85552d58bca7df1a935723e,3,0,0,0,0,0,63,0,1,0,1175.26997,1175.232177734375,781.855923,392.426902,112.51008789986372,27.396025136113167,7.680566981434822,565.9223953261971,19.017120361328125,144.64076805114746,419.9638671875,110.63833594322205,0.0,328.41986659169197,0.0,0.0,0.0,0.0,0.0,102.83372688293457,5.1078720688819885,32.80774402618408,3.89142507314682
arxiv,cache_bf16,val,arxiv:val:000098:fc6abf08b8b0001e,98,98,large_h6_n10_s100_wikics_arxiv,fc6abf08b8b0001e9313d3417be92f18e0e0864d878974971cf6ffcc7e7350c3,3,0,0,0,0,0,48,0,1,0,888.871662,888.83740234375,583.828425,304.846185,86.6708355024457,27.587161399424076,5.8605605736374855,410.0854229182005,19.34764862060547,85.96380805969238,322.8495674133301,86.39040014147758,0.0,255.8851201236248,0.0,0.0,0.0,0.0,0.0,56.45942401885986,2.6796800196170807,24.58505630493164,2.2435845136642456
arxiv,cache_bf16,val,arxiv:val:000099:66f7ff1f3a72ebb7,99,99,large_h6_n10_s100_wikics_arxiv,66f7ff1f3a72ebb7a8bb64ef808626e952cdfdaa780c993573ad1026141d4d65,3,0,0,0,0,0,59,0,1,0,1065.34462,1065.3070068359375,757.224191,309.830081,107.22051747143269,27.44488138705492,7.213778793811798,545.0137620791793,19.03107261657715,149.059326171875,394.4286117553711,104.10256016254425,0.0,309.42989134788513,0.0,0.0,0.0,0.0,0.0,109.2916488647461,5.4949440360069275,30.187679767608643,4.099708616733551
arxiv,cache_bf16,test,arxiv:test:000000:8aeecba8862d1102,100,0,large_h6_n10_s100_wikics_arxiv,8aeecba8862d11020a114168d046089c4e2d396f1d577261816bc2a09d70c909,3,0,0,0,0,0,45,0,1,0,1089.530404,1088.3355712890625,731.715726,356.598916,147.35761377960443,32.96600840985775,5.823293700814247,403.53321097791195,20.28780746459961,92.81964778900146,309.32067108154297,81.64550390839577,0.0,248.0192305445671,0.0,0.0,0.0,0.0,0.0,63.46524906158447,3.115648090839386,23.56608009338379,2.6751983761787415
arxiv,cache_bf16,test,arxiv:test:000001:34c176a088ad1429,101,1,large_h6_n10_s100_wikics_arxiv,34c176a088ad14291b4ca520137113412e5b7c8ea153de8adcead79fdbf6e251,3,0,0,0,0,0,62,0,1,0,1183.319438,1183.2860107421875,792.284916,390.747075,105.85163906216621,28.118382208049297,7.743672467768192,570.8721475675702,19.089984893798828,148.04483032226562,421.2464599609375,108.94307163357735,0.0,331.3816919326782,0.0,0.0,0.0,0.0,0.0,106.66537475585938,5.350623905658722,32.0098557472229,4.032704532146454
arxiv,cache_bf16,test,arxiv:test:000002:d675140a548725b4,102,2,large_h6_n10_s100_wikics_arxiv,d675140a548725b4c6d4948151c0ffed99b5b331ac253fabce8422878f98cbc5,3,0,0,0,0,0,52,0,1,0,1104.123941,1104.0933837890625,644.629231,459.223659,79.76716198027134,26.424504816532135,6.549850106239319,465.2951555326581,19.127296447753906,116.02822303771973,347.8283462524414,92.90319988131523,0.0,274.0222343802452,0.0,0.0,0.0,0.0,0.0,82.07209587097168,4.067519962787628,26.75587224960327,3.1292473673820496
arxiv,cache_bf16,test,arxiv:test:000003:77e480c4e7aba13c,103,3,large_h6_n10_s100_wikics_arxiv,77e480c4e7aba13c6f51e9b3b822650b1679f5fc8a9d112ac559dac67edbaa2d,3,0,0,0,0,0,51,0,1,0,1027.03976,1027.009033203125,687.79311,338.979809,83.57002586126328,26.347655802965164,6.3061583787202835,506.44412729889154,19.031808853149414,162.54671669006348,342.60479736328125,91.22198402881622,0.0,270.5974371433258,0.0,0.0,0.0,0.0,0.0,125.4249267578125,6.458367943763733,26.100736618041992,4.571900844573975
arxiv,cache_bf16,test,arxiv:test:000004:e76d0c446fb20015,104,4,large_h6_n10_s100_wikics_arxiv,e76d0c446fb200155bab8f5b50e1bfeee149028b49c0cefdbf77cd82298987ef,3,0,0,0,0,0,57,0,1,0,1012.306948,1012.2764892578125,708.115461,304.001226,82.04209990799427,25.894710794091225,7.020917721092701,521.8012304976583,19.066911697387695,138.6106243133545,382.1771926879883,100.86755228042603,0.0,300.6293845176697,0.0,0.0,0.0,0.0,0.0,100.27920150756836,5.063551902770996,29.483712196350098,3.784158706665039
arxiv,cache_bf16,test,arxiv:test:000005:5f27d2a1b37cbc3e,105,5,large_h6_n10_s100_wikics_arxiv,5f27d2a1b37cbc3ef73ce9f6c26f05ba8e10225420a2c8bd688c25086552f86b,3,0,0,0,0,0,62,0,1,0,1055.594419,1055.5643310546875,733.503216,321.803348,86.8409238755703,26.391033083200455,7.614221423864365,538.1769239902496,19.091487884521484,122.75945472717285,413.93209075927734,108.86854407191277,0.0,324.29602628946304,0.0,0.0,0.0,0.0,0.0,83.47139167785645,4.046271979808807,32.015647888183594,3.2313950657844543
arxiv,cache_bf16,test,arxiv:test:000006:665d2ed7aedfc59e,106,6,large_h6_n10_s100_wikics_arxiv,665d2ed7aedfc59ebde23874a48b455bfdc251afad90b472d910958edcb2e5e4,3,0,0,0,0,0,55,0,1,0,939.021546,938.9928588867188,634.144304,304.611206,65.79990964382887,26.234024204313755,6.795414723455906,473.93222711980343,19.096927642822266,105.10799980163574,367.66003036499023,97.4996158182621,0.0,289.43439945578575,0.0,0.0,0.0,0.0,0.0,70.74310493469238,3.423424005508423,28.17670440673828,2.7647664546966553
arxiv,cache_bf16,test,arxiv:test:000007:3d27bf4752315273,107,7,large_h6_n10_s100_wikics_arxiv,3d27bf4752315273e1cbbe2c6a1f755d0b85001b2bdf23e7f57b8dcb680be002,3,0,0,0,0,0,62,0,1,0,1136.929785,1136.8988037109375,745.987755,390.678985,69.02351137250662,25.944780558347702,7.626885548233986,569.6166828274727,19.096223831176758,154.37360000610352,414.0527648925781,108.89331215620041,0.0,324.49740502238274,0.0,0.0,0.0,0.0,0.0,112.4345588684082,5.666527986526489,32.05833578109741,4.214177370071411
arxiv,cache_bf16,test,arxiv:test:000008:a866a0597966c6f4,108,8,large_h6_n10_s100_wikics_arxiv,a866a0597966c6f452e6217ca6a8fae250237e23f2323f08fb1b09771ca5f4f3,3,0,0,0,0,0,56,0,1,0,967.482103,967.453125,658.357129,308.848362,62.0062742382288,25.941913947463036,6.972603499889374,490.2723440900445,19.120895385742188,114.3891830444336,374.5722236633301,99.23167982697487,0.0,294.55750277638435,0.0,0.0,0.0,0.0,0.0,78.87558364868164,3.8674240112304688,28.59788751602173,3.048287868499756
arxiv,cache_bf16,test,arxiv:test:000009:2acb6a66afedb5c0,109,9,large_h6_n10_s100_wikics_arxiv,2acb6a66afedb5c05fc17390d5ae9636d3bafb1f422d5eff4ee9e53078a4ef42,3,0,0,0,0,0,55,0,1,0,1118.208745,1118.177490234375,653.491706,464.418489,65.8097192645073,25.88742133229971,6.878729909658432,492.2395655885339,19.08358383178711,122.80272102355957,368.40335845947266,97.49494391679764,0.0,290.1524788737297,0.0,0.0,0.0,0.0,0.0,86.98415946960449,4.329759955406189,28.177536487579346,3.3112651109695435
arxiv,cache_bf16,test,arxiv:test:000010:c37504f6fbb77657,110,10,large_h6_n10_s100_wikics_arxiv,c37504f6fbb77657795f6a4fab3ab20e6a4b90de3ca703855f666b761f785cdf,3,0,0,0,0,0,63,0,1,0,1173.359635,1173.321044921875,778.192113,395.2306,70.23383770138025,25.79500712454319,7.807455025613308,601.8060529604554,18.987071990966797,177.99216079711914,421.26087188720703,110.67065635323524,0.0,329.80733492970467,0.0,0.0,0.0,0.0,0.0,133.42889595031738,6.794975996017456,32.846688747406006,4.937247037887573
arxiv,cache_bf16,test,arxiv:test:000011:548262a0e76189ec,111,11,large_h6_n10_s100_wikics_arxiv,548262a0e76189ecd6e0a5d5e3260e3cd918a64948a825acac21649a7a162df4,3,0,0,0,0,0,62,0,1,0,1094.418033,1094.38720703125,737.737278,356.40321,69.2936284467578,25.89445188641548,7.761525921523571,568.0209659039974,19.06230354309082,150.38915061950684,415.9513931274414,108.95750424265862,0.0,326.0561924278736,0.0,0.0,0.0,0.0,0.0,108.75177383422852,5.518720030784607,32.03238391876221,4.086272835731506
arxiv,cache_bf16,test,arxiv:test:000012:565a3afdfe27876b,112,12,large_h6_n10_s100_wikics_arxiv,565a3afdfe27876b97787b02ef3b916f21f9717eee997e6c2649b2836506bdd3,3,0,0,0,0,0,48,0,1,0,867.781464,867.7528076171875,558.477964,308.793792,52.644562907516956,25.95942933112383,5.924610421061516,413.07866107672453,19.150815963745117,90.16742420196533,321.62217712402344,86.31065607070923,0.0,254.51750206947327,0.0,0.0,0.0,0.0,0.0,60.236223220825195,2.896703988313675,24.673856258392334,2.360640734434128
arxiv,cache_bf16,test,arxiv:test:000013:b3a8166da7f9bd5a,113,13,large_h6_n10_s100_wikics_arxiv,b3a8166da7f9bd5a7f77d68f2262cc2ce197215462aaa014b7214d76dd6ef764,3,0,0,0,0,0,54,0,1,0,977.70409,977.6740112304688,633.370909,344.052942,58.24790522456169,25.851157493889332,6.784030236303806,478.25488448143005,19.059072494506836,116.54217720031738,360.4402885437012,96.02089604735374,0.0,283.8175373673439,0.0,0.0,0.0,0.0,0.0,81.54656028747559,4.040096044540405,27.817535400390625,3.135137140750885
arxiv,cache_bf16,test,arxiv:test:000014:927439c8c556510b,114,14,large_h6_n10_s100_wikics_arxiv,927439c8c556510b53acb56af17f6dd08cc1109c2e7c48b8bdeb6ef106c4cdb4,3,0,0,0,0,0,63,0,1,0,1208.838916,1208.8057861328125,745.367257,463.430633,68.55883449316025,26.032721623778343,7.825799286365509,568.5397703200579,19.181472778320312,144.8839988708496,422.0239944458008,110.62640023231506,0.0,330.6255950331688,0.0,0.0,0.0,0.0,0.0,103.0029125213623,5.189663946628571,32.787968158721924,3.8971202969551086
arxiv,cache_bf16,test,arxiv:test:000015:94893e1aa247f99a,115,15,large_h6_n10_s100_wikics_arxiv,94893e1aa247f99ab08f875dfc42353b2a6d833d028453cd6332b1fd4a6d5ac7,3,0,0,0,0,0,62,0,1,0,1031.599783,1031.5682373046875,722.737681,308.57457,68.45952942967415,25.802752003073692,7.752153091132641,553.0543709173799,19.03094482421875,134.49363136291504,416.84764099121094,109.01459208130836,0.0,326.8282481133938,0.0,0.0,0.0,0.0,0.0,94.20918369293213,4.645247936248779,32.042176246643066,3.5970234870910645
arxiv,cache_bf16,test,arxiv:test:000016:04a1b80589800d8a,116,16,large_h6_n10_s100_wikics_arxiv,04a1b80589800d8abbd3bf2b6e48d62f12100ace0b6cc463ee8ae1a18f3d8884,3,0,0,0,0,0,61,0,1,0,1020.436891,1020.406005859375,711.238661,309.018913,66.6853217408061,25.876876898109913,7.635609246790409,541.3548750802875,19.09654426574707,130.15753555297852,409.28150939941406,107.24975994229317,0.0,321.0900532901287,0.0,0.0,0.0,0.0,0.0,90.52233791351318,4.44243198633194,31.741055965423584,3.462430417537689
arxiv,cache_bf16,test,arxiv:test:000017:6ed2fd35c7b08446,117,17,large_h6_n10_s100_wikics_arxiv,6ed2fd35c7b084466a024831071fe4da94ca4acc62f856b26d505fb9e2c0a269,3,0,0,0,0,0,49,0,1,0,964.261927,964.2261962890625,605.524081,360.608351,56.99294526129961,25.89129190891981,6.09948392957449,464.8336349055171,19.100160598754883,134.2122573852539,328.9521255493164,87.99635174870491,0.0,260.0559343993664,0.0,0.0,0.0,0.0,0.0,100.04105567932129,5.055456042289734,25.394432067871094,3.7278085947036743
arxiv,cache_bf16,test,arxiv:test:000018:9ba09b820b67f326,118,18,large_h6_n10_s100_wikics_arxiv,9ba09b820b67f3268b73b57e69c9473c6ac2e861b2e1dfa8f39e80bd970e5769,3,0,0,0,0,0,63,0,1,0,1153.368499,1153.33740234375,761.140874,391.424598,68.64574830979109,25.980008766055107,7.8852204605937,595.1018678024411,19.094432830810547,168.74748992919922,424.03814697265625,110.73235219717026,0.0,332.40022760629654,0.0,0.0,0.0,0.0,0.0,124.93983840942383,6.421696066856384,32.754623889923096,4.631331562995911
arxiv,cache_bf16,test,arxiv:test:000019:551de7f6c6009e1d,119,19,large_h6_n10_s100_wikics_arxiv,551de7f6c6009e1d0b6bb2471de8a502aa64c44b76385fa09309561554d57e04,3,0,0,0,0,0,38,0,1,0,763.849989,763.8214721679688,455.015725,308.581114,47.383252531290054,25.94002801924944,4.803018644452095,336.6558449342847,19.111135482788086,78.05987167358398,257.4031410217285,70.23033607006073,0.0,206.27472448349,0.0,0.0,0.0,0.0,0.0,53.746527671813965,2.6606079936027527,19.549984216690063,2.1026561856269836
arxiv,cache_bf16,test,arxiv:test:000020:13dc09ce4d7802a7,120,20,large_h6_n10_s100_wikics_arxiv,13dc09ce4d7802a7445a3893c978abe7a75f09a66446471b5fb18cfbf5964938,3,0,0,0,0,0,61,0,1,0,1088.414502,1088.3837890625,726.571113,361.563403,65.79047068953514,25.89909080415964,7.57393054664135,557.019267231226,19.097631454467773,144.70387077331543,410.1019821166992,107.54249578714371,0.0,321.6571177840233,0.0,0.0,0.0,0.0,0.0,103.92275047302246,5.204896032810211,31.661888122558594,3.931775987148285
arxiv,cache_bf16,test,arxiv:test:000021:6f59067bf5fa395d,121,21,large_h6_n10_s100_wikics_arxiv,6f59067bf5fa395d8c438f79f5bdba49c2480fc114342b4fd3bf6de6278eab75,3,0,0,0,0,0,63,0,1,0,1145.742236,1145.711181640625,789.046455,356.419026,68.06463655084372,25.924301706254482,7.81024806201458,579.5224756002426,19.047712326049805,155.42598152160645,422.4408950805664,110.58854413032532,0.0,331.0596789419651,0.0,0.0,0.0,0.0,0.0,112.8077449798584,5.676671981811523,32.71772861480713,4.227872371673584
arxiv,cache_bf16,test,arxiv:test:000022:7de091dda2cfc1e7,122,22,large_h6_n10_s100_wikics_arxiv,7de091dda2cfc1e735526e01718df15756c5332e2e9f43a7ca93de54fce418a9,3,0,0,0,0,0,55,0,1,0,959.329028,959.2987060546875,653.725624,305.168728,58.74406360089779,25.819777511060238,6.894262507557869,496.5120507404208,19.039039611816406,126.46025466918945,368.58777618408203,97.57347184419632,0.0,290.2734405398369,0.0,0.0,0.0,0.0,0.0,90.41625595092773,4.509216010570526,28.121439933776855,3.4377925992012024
arxiv,cache_bf16,test,arxiv:test:000023:2c3804d42bd30cbd,123,23,large_h6_n10_s100_wikics_arxiv,2c3804d42bd30cbd2c66895d9ca0e1514646371edadac6e4c4a7a10bd83a0982,3,0,0,0,0,0,60,0,1,0,1019.135856,1019.1058349609375,696.428031,322.43708,64.6218890324235,25.945778004825115,7.509813643991947,525.2102334052324,19.08697509765625,122.08207893371582,401.53641510009766,105.68329590559006,0.0,315.43699103593826,0.0,0.0,0.0,0.0,0.0,83.78473567962646,4.099615931510925,30.960000038146973,3.2377272844314575
arxiv,cache_bf16,test,arxiv:test:000024:980f6a26e605793b,124,24,large_h6_n10_s100_wikics_arxiv,980f6a26e605793b5382fa17bdf21a550efe6ad0b938a48a8210024c64c8fd03,3,0,0,0,0,0,58,0,1,0,1023.30733,1023.27783203125,717.128504,305.5581,62.24620807915926,25.856547988951206,7.274548523128033,553.6596300080419,19.045120239257812,164.23417854309082,387.8799057006836,102.44163182377815,0.0,304.71392199397087,0.0,0.0,0.0,0.0,0.0,123.6524772644043,6.308063983917236,29.701855659484863,4.582848787307739
arxiv,cache_bf16,test,arxiv:test:000025:118b258c03aa037e,125,25,large_h6_n10_s100_wikics_arxiv,118b258c03aa037eaafbf67becf82fd102999213036e8abd9f807120abdbd283,3,0,0,0,0,0,57,0,1,0,1092.847402,1092.8154296875,680.747879,411.826125,61.60087697207928,25.90321097522974,7.151513360440731,521.8726135790348,19.06934356689453,138.30518341064453,382.27827072143555,100.8899522125721,0.0,300.68963000178337,0.0,0.0,0.0,0.0,0.0,100.07561492919922,5.05379194021225,29.388480186462402,3.7872963547706604
arxiv,cache_bf16,test,arxiv:test:000026:1d8c978f1407bcc5,126,26,large_h6_n10_s100_wikics_arxiv,1d8c978f1407bcc5190dde580c972dc805f7ab4bb54fb0a1198050ea884c4d5b,3,0,0,0,0,0,63,0,1,0,1145.954844,1145.9173583984375,756.13446,389.542946,68.1495750322938,25.768178515136242,7.889230735599995,587.1858512982726,18.992223739624023,163.56364822387695,421.97471618652344,110.43302375078201,0.0,330.5812469124794,0.0,0.0,0.0,0.0,0.0,120.30230522155762,6.078431963920593,32.70518445968628,4.495549917221069
arxiv,cache_bf16,test,arxiv:test:000027:ccb4301fa0500230,127,27,large_h6_n10_s100_wikics_arxiv,ccb4301fa0500230b966c1ca8acbfb0239894da3c184bc644b2ab3f2025751db,3,0,0,0,0,0,59,0,1,0,1006.209158,1006.1781005859375,698.194071,308.048703,63.74929379671812,25.878990069031715,7.375012151896954,540.5916087329388,19.052095413208008,143.76976013183594,395.4821472167969,104.03206381201744,0.0,310.77363553643227,0.0,0.0,0.0,0.0,0.0,104.37347030639648,5.238687992095947,30.230688095092773,3.9283849000930786
arxiv,cache_bf16,test,arxiv:test:000028:6bd000b4763af040,128,28,large_h6_n10_s100_wikics_arxiv,6bd000b4763af040cd35faa94edb20b9caadb186a66e8ec435f0e42d6b15d953,3,0,0,0,0,0,49,0,1,0,960.451656,960.416748046875,601.263359,358.934588,54.03999984264374,25.869923643767834,6.032670848071575,465.2353161945939,19.033632278442383,134.10547065734863,329.8040008544922,87.89907211065292,0.0,260.96428805589676,0.0,0.0,0.0,0.0,0.0,99.94268989562988,5.050432026386261,25.37017583847046,3.723136603832245
arxiv,cache_bf16,test,arxiv:test:000029:579bf3992d19b343,129,29,large_h6_n10_s100_wikics_arxiv,579bf3992d19b3435c6501f4723460e432219c48e2d2812939680c690025d21f,3,0,0,0,0,0,61,0,1,0,1078.738413,1078.70849609375,722.151732,356.294203,65.32043591141701,25.91550722718239,7.6232366263866425,554.3520068749785,19.10438346862793,144.83030319213867,407.90454864501953,107.24329587817192,0.0,319.92432525753975,0.0,0.0,0.0,0.0,0.0,104.02220916748047,5.201184034347534,31.65401554107666,3.9203178882598877
arxiv,cache_bf16,test,arxiv:test:000030:6715d78ec20dc119,130,30,large_h6_n10_s100_wikics_arxiv,6715d78ec20dc1199983ebe2cd04cf9fe286cdb214eb70a251e74aadeac1bb95,3,0,0,0,0,0,63,0,1,0,1155.309114,1155.27783203125,760.789909,394.238044,67.98472627997398,25.894920341670513,7.7571142464876175,586.4537050947547,19.018688201904297,164.08441543579102,420.7137680053711,110.57952010631561,0.0,329.35498452186584,0.0,0.0,0.0,0.0,0.0,120.79622650146484,6.082784175872803,32.719104290008545,4.5031046867370605
arxiv,cache_bf16,test,arxiv:test:000031:01bf41e7d8c9bdc9,131,31,large_h6_n10_s100_wikics_arxiv,01bf41e7d8c9bdc9b250ba0472067bc2cf8ee4b4b180cefefdd66e36417fb6e6,3,0,0,0,0,0,62,0,1,0,1022.02887,1021.991943359375,718.389424,304.468183,67.7241813391447,25.910728611052036,7.623728364706039,550.3982910886407,19.054784774780273,134.19679832458496,414.57749938964844,108.8115199804306,0.0,324.98373860120773,0.0,0.0,0.0,0.0,0.0,94.0024642944336,4.641695976257324,31.949376106262207,3.5952646732330322
arxiv,cache_bf16,test,arxiv:test:000032:5e4106cca99d5843,132,32,large_h6_n10_s100_wikics_arxiv,5e4106cca99d584302becf755533fdf0db7a0842b71d6e7cd21c3c01375b5552,3,0,0,0,0,0,60,0,1,0,1001.124711,1001.088623046875,696.904473,303.999613,64.39047679305077,25.851870886981487,7.448187097907066,531.3270976766944,19.052576065063477,129.06896018981934,400.60496520996094,105.56368017196655,0.0,314.1498934328556,0.0,0.0,0.0,0.0,0.0,90.19884777069092,4.441919982433319,30.968224048614502,3.459968388080597
arxiv,cache_bf16,test,arxiv:test:000033:189263d64060b736,133,33,large_h6_n10_s100_wikics_arxiv,189263d64060b73695ed9360957f5265b6ac5ced36d0427da14f86279249cc50,3,0,0,0,0,0,58,0,1,0,1008.040348,1008.0098266601562,699.706822,308.048247,62.90977727621794,25.803175754845142,7.204139605164528,536.7468995973468,19.02876853942871,146.58227157592773,388.65660858154297,102.44790405035019,0.0,305.3625927269459,0.0,0.0,0.0,0.0,0.0,107.41436958312988,5.418463945388794,29.703136444091797,4.040353059768677
arxiv,cache_bf16,test,arxiv:test:000034:cc25ddf180fd3dc8,134,34,large_h6_n10_s100_wikics_arxiv,cc25ddf180fd3dc8cc578cba85779c7dc886b0009ef07033358194310cc1ee3d,3,0,0,0,0,0,63,0,1,0,1074.206414,1074.174560546875,770.689254,304.081405,67.75912828743458,25.8946530520916,7.815144956111908,593.5190599411726,19.027008056640625,169.97250938415527,421.8962631225586,110.54047977924347,0.0,330.55744659900665,0.0,0.0,0.0,0.0,0.0,126.1893424987793,6.37824010848999,32.72636842727661,4.684643268585205
arxiv,cache_bf16,test,arxiv:test:000035:ab83ea7606d02af1,135,35,large_h6_n10_s100_wikics_arxiv,ab83ea7606d02af10d9c8025cdd053087bc7a5a4db06ee849e440b2a9621db47,3,0,0,0,0,0,63,0,1,0,1175.676585,1175.6387939453125,786.010505,389.390628,66.69031921774149,25.84476489573717,7.788054645061493,615.2418032288551,19.075199127197266,191.71801376342773,421.8956832885742,110.58512020111084,0.0,330.4798111319542,0.0,0.0,0.0,0.0,0.0,146.0094394683838,7.515712141990662,32.82835149765015,5.364510655403137
arxiv,cache_bf16,test,arxiv:test:000036:d2571c03cbd5e99a,136,36,large_h6_n10_s100_wikics_arxiv,d2571c03cbd5e99a7c59bc4d317cc203f10074ac80503d14e841d90b76b2d028,3,0,0,0,0,0,58,0,1,0,1389.837234,1389.803466796875,1012.647599,376.857121,389.8077281191945,26.678369380533695,7.29803554713726,517.0175665989518,19.134559631347656,128.84982299804688,386.619140625,102.52083221077919,0.0,303.41501221060753,0.0,0.0,0.0,0.0,0.0,91.15199947357178,4.525471985340118,29.689311981201172,3.482208549976349
arxiv,cache_bf16,test,arxiv:test:000037:ff540b07468add89,137,37,large_h6_n10_s100_wikics_arxiv,ff540b07468add89ac9e11d4387e45f4f5a96fad34add510dcd2449d6271317a,3,0,0,0,0,0,62,0,1,0,1406.557311,1406.5166015625,1011.466951,394.756552,65.78198540955782,25.87893046438694,7.657050155103207,566.1190804094076,19.06540870666504,147.97494506835938,416.5121536254883,108.89996802806854,0.0,326.5339145064354,0.0,0.0,0.0,0.0,0.0,106.62009620666504,5.345855951309204,31.96239995956421,4.028190851211548
arxiv,cache_bf16,test,arxiv:test:000038:f2bc826283b28142,138,38,large_h6_n10_s100_wikics_arxiv,f2bc826283b28142062c7d0b5b7b26cde2d6be256a0081e2f95275a46b74cc24,3,0,0,0,0,0,61,0,1,0,1107.404435,1107.3663330078125,717.985173,390.089072,66.572573967278,25.87275207042694,7.667706348001957,549.9096466228366,19.027904510498047,138.94227027893066,409.41725158691406,107.31507208943367,0.0,321.2931508719921,0.0,0.0,0.0,0.0,0.0,98.69225311279297,4.8785600662231445,31.65500831604004,3.7383694648742676
arxiv,cache_bf16,test,arxiv:test:000039:e1df3943e9da4831,139,39,large_h6_n10_s100_wikics_arxiv,e1df3943e9da483163688e75fe6cb8d909c7f9c2585b8e8dd56a324540302cc2,3,0,0,0,0,0,50,0,1,0,896.043818,896.0137329101562,587.520019,308.23959,53.66068612784147,25.77022835612297,6.171666085720062,441.8512834236026,18.988384246826172,104.34585571289062,336.2875213623047,89.52579188346863,0.0,265.965473651886,0.0,0.0,0.0,0.0,0.0,72.34319877624512,3.5587520003318787,25.6529278755188,2.7816969752311707
arxiv,cache_bf16,test,arxiv:test:000040:ff71ceefa1018a18,140,40,large_h6_n10_s100_wikics_arxiv,ff71ceefa1018a1865ea23dfca204d90bd98f5e2418f71a41d93785902c5fcee,3,0,0,0,0,0,52,0,1,0,924.280031,924.2454223632812,620.010832,304.26292,60.28441525995731,25.793014094233513,6.446189247071743,470.8359045907855,19.025888442993164,119.60124969482422,349.82662200927734,92.7757119834423,0.0,276.0093107521534,0.0,0.0,0.0,0.0,0.0,85.40489482879639,4.22816002368927,26.727487564086914,3.241027295589447
arxiv,cache_bf16,test,arxiv:test:000041:3c49d5bf4dbf737e,141,41,large_h6_n10_s100_wikics_arxiv,3c49d5bf4dbf737e34e5133f2c2461cd0139704b56bbd739ff73f4d02a344ad7,3,0,0,0,0,0,62,0,1,0,1147.436072,1147.404541015625,757.409685,389.796034,79.6475950628519,25.848892517387867,7.6116034761071205,576.949835754931,18.991392135620117,159.83788871765137,415.50109100341797,108.81945630908012,0.0,325.67302682995796,0.0,0.0,0.0,0.0,0.0,117.5324478149414,5.938400030136108,31.971808433532715,4.395232439041138
arxiv,cache_bf16,test,arxiv:test:000042:dae587ce1b7ca967,142,42,large_h6_n10_s100_wikics_arxiv,dae587ce1b7ca9678e94abf2563f0d48c3d3b4a0175d6489d7fcb220ad30d4bf,3,0,0,0,0,0,62,0,1,0,1060.533725,1060.4970703125,735.986451,325.191059,80.24370297789574,25.928917340934277,7.694297470152378,554.6784028410912,19.07494354248047,138.12160110473633,414.9518051147461,108.88422393798828,0.0,325.1498846709728,0.0,0.0,0.0,0.0,0.0,97.61811256408691,4.821663916110992,31.957759857177734,3.7240647673606873
arxiv,cache_bf16,test,arxiv:test:000043:e717be6b19d36df2,143,43,large_h6_n10_s100_wikics_arxiv,e717be6b19d36df2c417dd2f340fd2ef6b2622c25926327dd92de1991210eb0c,3,0,0,0,0,0,62,0,1,0,1037.869312,1037.837890625,729.227878,308.454633,78.88282556086779,25.803747586905956,7.676905952394009,551.6641605645418,19.014240264892578,134.29030227661133,415.77059173583984,108.87929597496986,0.0,325.8866876065731,0.0,0.0,0.0,0.0,0.0,94.07315158843994,4.643519997596741,31.97366428375244,3.6013103723526
arxiv,cache_bf16,test,arxiv:test:000044:ecf1facb07fbb262,144,44,large_h6_n10_s100_wikics_arxiv,ecf1facb07fbb2625dfa89a62495a9453205b5b87c471a67ee92ab8e090dd4b6,3,0,0,0,0,0,64,0,1,0,1079.440876,1079.4107666015625,771.270877,307.875985,81.61183632910252,25.82424320280552,7.983424700796604,588.6206775903702,19.027231216430664,158.42153549194336,428.55529022216797,112.10800018906593,0.0,335.47157821059227,0.0,0.0,0.0,0.0,0.0,115.26607894897461,5.817855954170227,32.995296478271484,4.327230393886566
arxiv,cache_bf16,test,arxiv:test:000045:c97b28935cff346f,145,45,large_h6_n10_s100_wikics_arxiv,c97b28935cff346f8d96b42043d071dbc71a36119d063ae948118dd57f60ad1b,3,0,0,0,0,0,30,0,1,0,729.025187,728.9931030273438,373.351215,355.409057,45.977029018104076,25.815021246671677,3.8127023726701736,266.66615158319473,19.017120361328125,63.00735950469971,202.77907180786133,57.31667202711105,0.0,164.44783985614777,0.0,0.0,0.0,0.0,0.0,43.561984062194824,2.1261440217494965,15.600768089294434,1.7215363085269928
arxiv,cache_bf16,test,arxiv:test:000046:fbd9f3145be22507,146,46,large_h6_n10_s100_wikics_arxiv,fbd9f3145be2250742dc25e9ae46990667480b99348e959e85b2180a30c8590e,3,0,0,0,0,0,60,0,1,0,1071.184812,1071.14794921875,715.801184,355.463467,79.71377018839121,25.8484473451972,7.530140690505505,538.9740159735084,19.050655364990234,132.8301773071289,404.5905990600586,105.70473611354828,0.0,317.85370314121246,0.0,0.0,0.0,0.0,0.0,93.67267227172852,4.654143989086151,30.936511993408203,3.568734049797058
arxiv,cache_bf16,test,arxiv:test:000047:fafb4cdfc63a9718,147,47,large_h6_n10_s100_wikics_arxiv,fafb4cdfc63a9718e9161edeb32eaf6c01d3953e94090e8f1568c9e279c5ba04,3,0,0,0,0,0,62,0,1,0,1146.451355,1146.4195556640625,755.726164,390.434413,80.1202179864049,25.908919982612133,7.722197100520134,574.0756457671523,19.090591430664062,153.9810562133789,418.69752502441406,108.95654413104057,0.0,328.93192505836487,0.0,0.0,0.0,0.0,0.0,112.14771270751953,5.656096041202545,31.96617603302002,4.21107143163681
arxiv,cache_bf16,test,arxiv:test:000048:d1be3cbece176b33,148,48,large_h6_n10_s100_wikics_arxiv,d1be3cbece176b3358b650780ddf35382fa6223fd1bdb79f440831f3e6386754,3,0,0,0,0,0,60,0,1,0,1099.71432,1099.677978515625,725.925898,373.474032,77.20965426415205,25.94363782554865,7.4650440365076065,541.0468941554427,19.044063568115234,132.70956802368164,406.76720428466797,105.62998408079147,0.0,320.1713636517525,0.0,0.0,0.0,0.0,0.0,93.58569526672363,4.641856014728546,30.920511722564697,3.5615050196647644
arxiv,cache_bf16,test,arxiv:test:000049:05e52a9cf94815ea,149,49,large_h6_n10_s100_wikics_arxiv,05e52a9cf94815ea165fc47c07f510e4cb682c1ecd224bf19a51c6ff9612777e,3,0,0,0,0,0,59,0,1,0,1022.051448,1022.0213623046875,717.556554,304.489854,76.75861660391092,25.91386716812849,7.406221702694893,534.0716280043125,19.029184341430664,138.09129524230957,394.61647033691406,104.17916798591614,0.0,309.67423129081726,0.0,0.0,0.0,0.0,0.0,99.1507511138916,4.947776019573212,30.25212812423706,3.742944061756134
arxiv,cache_bf16,test,arxiv:test:000050:2ae7e9025c812bc9,150,50,large_h6_n10_s100_wikics_arxiv,2ae7e9025c812bc9b271f2094242f0d0b0d8547a202d8c2a41549e3f9b5ba068,3,0,0,0,0,0,44,0,1,0,914.71558,914.68603515625,541.045284,373.397201,55.546486750245094,25.88529046624899,5.456653423607349,389.2988618463278,19.0533447265625,93.20521640777588,295.0728302001953,79.88169586658478,0.0,234.38364684581757,0.0,0.0,0.0,0.0,0.0,65.0643835067749,3.2235840559005737,22.398815870285034,2.5184329748153687
arxiv,cache_bf16,test,arxiv:test:000051:66a62fdf4daaa7ae,151,51,large_h6_n10_s100_wikics_arxiv,66a62fdf4daaa7ae24fb1caeac844800dd701d501cc3172f7faff797a7efe852,3,0,0,0,0,0,61,0,1,0,1057.917694,1057.886962890625,749.401992,308.712662,74.61696863174438,26.03619545698166,7.567314431071281,560.7704790309072,19.077280044555664,146.84419059753418,412.30931091308594,107.47497588396072,0.0,324.0988149046898,0.0,0.0,0.0,0.0,0.0,105.91443252563477,5.282976031303406,31.664000034332275,3.976542115211487
arxiv,cache_bf16,test,arxiv:test:000052:7c51a8eb1dba87a6,152,52,large_h6_n10_s100_wikics_arxiv,7c51a8eb1dba87a6fe0e433e5eb412caf5912e485467601436acd1bf3e919747,3,0,0,0,0,0,55,0,1,0,1008.682671,1008.6474609375,652.177631,356.198009,68.5596102848649,25.887475349009037,6.774892099201679,482.86010045558214,18.998336791992188,113.72438430786133,367.97853088378906,97.57340803742409,0.0,289.6835556924343,0.0,0.0,0.0,0.0,0.0,78.69423961639404,3.8727359771728516,28.122623920440674,3.0347847938537598
arxiv,cache_bf16,test,arxiv:test:000053:a3944fd2577c232c,153,53,large_h6_n10_s100_wikics_arxiv,a3944fd2577c232ccd1772224b9637f05e2ef77e0bcd5eaf08988d3146013916,3,0,0,0,0,0,63,0,1,0,1057.6471,1057.6158447265625,752.727474,304.630816,77.8579544275999,25.947339832782745,7.838531397283077,566.4709350094199,19.01545524597168,142.68822288513184,422.30345916748047,110.54892790317535,0.0,330.9479070305824,0.0,0.0,0.0,0.0,0.0,101.04793739318848,5.082304000854492,32.72259187698364,3.8353896141052246
arxiv,cache_bf16,test,arxiv:test:000054:f51bc10bbe82c845,154,54,large_h6_n10_s100_wikics_arxiv,f51bc10bbe82c8452412f46ca8ff4664d79c65efe78e62cdd6f95a636ca4905b,3,0,0,0,0,0,58,0,1,0,1082.231588,1082.1998291015625,692.584784,389.370349,72.75734283030033,25.932463817298412,7.2207460179924965,518.5825228691101,19.04889678955078,127.09008026123047,390.30713653564453,102.50432014465332,0.0,307.0626893937588,0.0,0.0,0.0,0.0,0.0,89.55030345916748,4.417312026023865,29.704896450042725,3.417568325996399
arxiv,cache_bf16,test,arxiv:test:000055:5573ca76c9a39d22,155,55,large_h6_n10_s100_wikics_arxiv,5573ca76c9a39d2243a723a0470b9124c50151e3afdac246c8bc4118cb4c567b,3,0,0,0,0,0,59,0,1,0,1017.766835,1017.7363891601562,713.483548,304.159818,73.94651509821415,25.948913767933846,7.342154160141945,536.5735189989209,19.080448150634766,138.0518398284912,396.9790802001953,104.04643177986145,0.0,312.145704805851,0.0,0.0,0.0,0.0,0.0,99.11363220214844,4.945119917392731,30.255231857299805,3.7413434386253357
arxiv,cache_bf16,test,arxiv:test:000056:25832dcece5fda15,156,56,large_h6_n10_s100_wikics_arxiv,25832dcece5fda156833a9731130bc1378deb05b833ca4f63add4d0588527943,3,0,0,0,0,0,62,0,1,0,1154.161413,1154.124267578125,760.076709,393.781531,77.77332793921232,25.94912238419056,7.764861918985844,577.583690173924,19.035167694091797,159.83420944213867,416.22283935546875,108.90911999344826,0.0,326.5104224383831,0.0,0.0,0.0,0.0,0.0,117.52738952636719,5.931071996688843,32.0002236366272,4.384484231472015
arxiv,cache_bf16,test,arxiv:test:000057:ba9168bd9766cf18,157,57,large_h6_n10_s100_wikics_arxiv,ba9168bd9766cf185f5b7c22acafe94b3c085f92b8dbf63a30be01ff3a73eadc,3,0,0,0,0,0,59,0,1,0,1102.39839,1102.366455078125,745.599916,356.493824,73.82676098495722,25.934230536222458,7.420171983540058,566.1735367029905,19.03446388244629,168.3816318511963,396.04930877685547,104.18131217360497,0.0,311.16268387436867,0.0,0.0,0.0,0.0,0.0,126.89139175415039,6.48195207118988,30.301472187042236,4.693055272102356
arxiv,cache_bf16,test,arxiv:test:000058:1ea80af47d86c254,158,58,large_h6_n10_s100_wikics_arxiv,1ea80af47d86c254119ad3ea64cba8b50a8d9dae2ce38b3374ff55196f5c820e,3,0,0,0,0,0,62,0,1,0,1075.133717,1075.1026611328125,752.498085,322.082564,76.97784900665283,25.901208631694317,7.77763407677412,569.3252431228757,19.027263641357422,149.2457618713379,418.8923873901367,109.02752006053925,0.0,329.11341112852097,0.0,0.0,0.0,0.0,0.0,107.77862358093262,5.387615978717804,32.01033592224121,4.066402316093445
arxiv,cache_bf16,test,arxiv:test:000059:62556ac4244be586,159,59,large_h6_n10_s100_wikics_arxiv,62556ac4244be586d32963772324fc204327cb8ecfa51b1ec7f97d707f94987f,3,0,0,0,0,0,57,0,1,0,1025.323331,1025.286865234375,715.345812,308.931987,69.1399211063981,25.91718826442957,7.143007591366768,544.7606788948178,19.067359924316406,158.2002239227295,385.27584075927734,100.95689585804939,0.0,303.42211267352104,0.0,0.0,0.0,0.0,0.0,118.31971168518066,6.036224007606506,29.448543548583984,4.395744681358337
arxiv,cache_bf16,test,arxiv:test:000060:6244d60e2fe63550,160,60,large_h6_n10_s100_wikics_arxiv,6244d60e2fe635503dea4f66e19474b85730be0ae3efec13a3c94008a7a9a5f4,3,0,0,0,0,0,62,0,1,0,1061.178109,1061.139404296875,739.558626,321.69869,78.65179143846035,26.060192845761776,7.757106795907021,556.9316996261477,19.128192901611328,138.25760078430176,417.3999328613281,109.03023985028267,0.0,327.4934683442116,0.0,0.0,0.0,0.0,0.0,97.72150230407715,4.821088016033173,31.9902081489563,3.724802315235138
arxiv,cache_bf16,test,arxiv:test:000061:99666928c9355e5b,161,61,large_h6_n10_s100_wikics_arxiv,99666928c9355e5bbdc2ddc86bb4ef67daf764e66cd971c7119a909dc00caec1,3,0,0,0,0,0,59,0,1,0,1099.35193,1099.315185546875,743.326457,356.163978,72.78107199817896,26.704803109169006,7.28345662355423,564.3052589148283,19.077695846557617,168.39305686950684,394.45965576171875,104.12838384509087,0.0,309.5014478266239,0.0,0.0,0.0,0.0,0.0,126.91219139099121,6.48745596408844,30.29631996154785,4.68956983089447
arxiv,cache_bf16,test,arxiv:test:000062:bec78568e4fa8bbf,162,62,large_h6_n10_s100_wikics_arxiv,bec78568e4fa8bbf65d8ea931527267a40587408a1ef2471059bc80441a46fb4,3,0,0,0,0,0,60,0,1,0,1018.942744,1018.9124755859375,714.205667,304.445441,71.99509255588055,25.943185202777386,7.608148269355297,537.8610007464886,19.08844757080078,133.67801666259766,402.5994644165039,105.67990407347679,0.0,316.07453563809395,0.0,0.0,0.0,0.0,0.0,94.47856044769287,4.673215985298157,30.95695972442627,3.6030362844467163
arxiv,cache_bf16,test,arxiv:test:000063:91c5a58cb1375a08,163,63,large_h6_n10_s100_wikics_arxiv,91c5a58cb1375a08b22109223c737570a74eacb15fab3b374a5d4a2e94b894d5,3,0,0,0,0,0,48,0,1,0,872.023396,871.992919921875,564.246417,307.943798,57.4888801202178,25.91540478169918,5.9855179861187935,413.56901079416275,19.061952590942383,90.133376121521,322.2687644958496,86.29664000868797,0.0,255.22271633148193,0.0,0.0,0.0,0.0,0.0,60.217824935913086,2.895680010318756,24.648671627044678,2.3683830201625824
arxiv,cache_bf16,test,arxiv:test:000064:6a12ed40fb7a93c8,164,64,large_h6_n10_s100_wikics_arxiv,6a12ed40fb7a93c83d45ebc818e4bc7a59193f1756e8600f010c6fbcd9d23c04,3,0,0,0,0,0,55,0,1,0,962.212357,962.1784057617188,657.828752,304.074968,64.90733101963997,25.84738750010729,6.94375392049551,492.4456123262644,19.01273536682129,122.82281494140625,368.2674255371094,97.64624002575874,0.0,289.7674570977688,0.0,0.0,0.0,0.0,0.0,87.0407361984253,4.310624003410339,28.151615619659424,3.3192657828330994
arxiv,cache_bf16,test,arxiv:test:000065:b4196de0afae9713,165,65,large_h6_n10_s100_wikics_arxiv,b4196de0afae9713dd543bbafa99ad966258192a919b347a7175c936626ae78f,3,0,0,0,0,0,62,0,1,0,1039.707206,1039.676025390625,731.765316,307.980906,72.66611885279417,25.834440253674984,7.765988819301128,552.5611164048314,18.969472885131836,136.3717441558838,414.7959671020508,108.95574399828911,0.0,324.9912634193897,0.0,0.0,0.0,0.0,0.0,95.96390151977539,4.730688035488129,32.013343811035156,3.665089249610901
arxiv,cache_bf16,test,arxiv:test:000066:fbb5136596808044,166,66,large_h6_n10_s100_wikics_arxiv,fbb5136596808044cc3038d404bc8f6cace03dc80ad31d7bbfe14fd19b261af5,3,0,0,0,0,0,60,0,1,0,1074.736989,1074.706298828125,731.345913,343.10706,70.37028670310974,25.93676932156086,7.551747374236584,553.4840393811464,19.038463592529297,149.66921615600586,402.43599700927734,105.75289604067802,0.0,315.9433243572712,0.0,0.0,0.0,0.0,0.0,109.12140655517578,5.4853439927101135,30.969631671905518,4.0975059270858765
arxiv,cache_bf16,test,arxiv:test:000067:fa85f05d87405140,167,67,large_h6_n10_s100_wikics_arxiv,fa85f05d874051402204cced44808964ffa5e2dde8b50ab94d924b2e039db06a,3,0,0,0,0,0,57,0,1,0,1067.596775,1067.5596923828125,677.598522,390.132041,70.67923713475466,25.868377648293972,7.2074029594659805,512.1977273374796,18.997695922851562,125.64915084838867,385.143009185791,100.86505603790283,0.0,303.27564907073975,0.0,0.0,0.0,0.0,0.0,88.42127990722656,4.421503901481628,29.426559925079346,3.3751348853111267
arxiv,cache_bf16,test,arxiv:test:000068:9e5b91a78336f4db,168,68,large_h6_n10_s100_wikics_arxiv,9e5b91a78336f4dbfdab98acf0c12ea6d117a30f768e9ea9c4c5d64f8dc9a52e,3,0,0,0,0,0,59,0,1,0,1100.161036,1100.1214599609375,743.594271,356.240049,68.87140031903982,25.92020481824875,7.255091331899166,566.4431443437934,19.04969596862793,168.39584159851074,396.64906311035156,104.12342396378517,0.0,311.68941524624825,0.0,0.0,0.0,0.0,0.0,126.88700675964355,6.49017608165741,30.32489585876465,4.68966281414032
arxiv,cache_bf16,test,arxiv:test:000069:ab2956d520370850,169,69,large_h6_n10_s100_wikics_arxiv,ab2956d520370850b66eb3e2df8fc1f55cde72b28131f2e95a0cb892e4b0ce5f,3,0,0,0,0,0,58,0,1,0,1031.305863,1031.26953125,725.95921,305.076928,72.10345938801765,25.889492593705654,7.1719940751791,552.7094276621938,19.096511840820312,164.47001838684082,386.59100341796875,102.59353592991829,0.0,303.1753234565258,0.0,0.0,0.0,0.0,0.0,123.82121467590332,6.303936123847961,29.75056028366089,4.593600749969482
arxiv,cache_bf16,test,arxiv:test:000070:86376d99f593daf5,170,70,large_h6_n10_s100_wikics_arxiv,86376d99f593daf5731e4d75f2360e834000011c568f6ffcf264dc5dfa24e942,3,0,0,0,0,0,62,0,1,0,1033.621419,1033.59033203125,729.220501,304.213305,75.7253235206008,25.95451846718788,7.778441533446312,550.5375312641263,19.07267189025879,134.43094444274902,414.8647003173828,108.91401618719101,0.0,325.3021722435951,0.0,0.0,0.0,0.0,0.0,94.17158508300781,4.642271995544434,31.99616003036499,3.605311393737793
arxiv,cache_bf16,test,arxiv:test:000071:4619e988f89c1108,171,71,large_h6_n10_s100_wikics_arxiv,4619e988f89c11082a6749f1d133a9543c0fa63ffa70cd313c6d239847277f9e,3,0,0,0,0,0,60,0,1,0,1009.45735,1009.4262084960938,705.163058,304.014595,70.49321383237839,25.910209864377975,7.448623888194561,530.7473130524158,19.039072036743164,129.16716766357422,399.9896240234375,105.70387205481529,0.0,313.3525679409504,0.0,0.0,0.0,0.0,0.0,90.25497531890869,4.443871915340424,31.005216121673584,3.4595850110054016
arxiv,cache_bf16,test,arxiv:test:000072:15976e0c60667f00,172,72,large_h6_n10_s100_wikics_arxiv,15976e0c60667f00f648fc1a1b5f7bcbe7ff7e1b0297989f5c995f57c8fcd243,3,0,0,0,0,0,56,0,1,0,978.269678,978.2352905273438,652.541274,325.421529,64.32766374200583,25.940561667084694,6.9299424067139626,486.954927444458,19.05219268798828,111.71827125549316,373.73977279663086,99.12976002693176,0.0,293.74166133999825,0.0,0.0,0.0,0.0,0.0,76.42220783233643,3.739807963371277,28.592992305755615,2.963231146335602
arxiv,cache_bf16,test,arxiv:test:000073:d96c675b2f816922,173,73,large_h6_n10_s100_wikics_arxiv,d96c675b2f816922a4928577f458d48b866de6a89256a73f5aba201e1c5d5b02,3,0,0,0,0,0,63,0,1,0,1126.694872,1126.6627197265625,769.715271,356.628614,72.67432194203138,25.86716879159212,7.791883312165737,578.0642861500382,19.01968002319336,155.77177619934082,420.8260726928711,110.69651192426682,0.0,329.42620116472244,0.0,0.0,0.0,0.0,0.0,113.08326148986816,5.681407988071442,32.75136089324951,4.230913996696472
arxiv,cache_bf16,test,arxiv:test:000074:941cb92444178d37,174,74,large_h6_n10_s100_wikics_arxiv,941cb92444178d37c272bc03c32424d62f16d8449d1ad46409d75c0012f455cc,3,0,0,0,0,0,62,0,1,0,1162.961689,1162.9234619140625,772.141383,390.522631,79.29728738963604,25.969834066927433,7.763459347188473,588.4573478251696,19.07699203491211,169.66825675964355,417.4084167480469,108.93526384234428,0.0,327.7200001478195,0.0,0.0,0.0,0.0,0.0,126.50758361816406,6.431712031364441,32.026880741119385,4.7020803689956665
arxiv,cache_bf16,test,arxiv:test:000075:518e94c81e42d0b5,175,75,large_h6_n10_s100_wikics_arxiv,518e94c81e42d0b5c38489a69ab637ec3981901fe9f213656a1ca00db2bc4d7b,3,0,0,0,0,0,51,0,1,0,1009.512066,1009.4765014648438,670.237349,339.104239,68.57115775346756,26.40493493527174,6.505920551717281,509.39894560724497,19.040544509887695,162.46953773498535,345.5786247253418,91.23360022902489,0.0,273.3855690062046,0.0,0.0,0.0,0.0,0.0,125.32781028747559,6.450944185256958,26.090976238250732,4.582942962646484
arxiv,cache_bf16,test,arxiv:test:000076:ba8ee2f748d9be49,176,76,large_h6_n10_s100_wikics_arxiv,ba8ee2f748d9be49b684c34372c5d886fb7f29cc5399aec1bfab76cf2569f046,3,0,0,0,0,0,62,0,1,0,1025.922025,1025.8861083984375,721.262376,304.394093,81.55510760843754,25.975643657147884,7.704396732151508,544.4940300658345,19.050495147705078,122.8489933013916,419.9891128540039,108.95776015520096,0.0,330.05384969711304,0.0,0.0,0.0,0.0,0.0,83.52534294128418,4.046303927898407,32.02540826797485,3.2330902218818665
arxiv,cache_bf16,test,arxiv:test:000077:5888a05877d4a3f7,177,77,large_h6_n10_s100_wikics_arxiv,5888a05877d4a3f76e161f41c66e539d2be27f131d7c87050b092a962d7cb5a2,3,0,0,0,0,0,61,0,1,0,1069.195182,1069.1593017578125,764.467504,304.658107,64.16473258286715,26.056029833853245,7.614080794155598,597.2651792690158,19.07686424255371,181.60774421691895,413.6127700805664,107.54460763931274,0.0,325.0883859694004,0.0,0.0,0.0,0.0,0.0,137.62022399902344,7.12390410900116,31.799232006072998,5.065760254859924
arxiv,cache_bf16,test,arxiv:test:000078:b2b1e0e3155a95df,178,78,large_h6_n10_s100_wikics_arxiv,b2b1e0e3155a95df55c442974eb53017073aac94ed5a506c708893a966d86979,3,0,0,0,0,0,57,0,1,0,982.700792,982.6646728515625,678.292789,304.124683,69.1503332927823,25.936118327081203,7.224734872579575,513.1197599694133,19.056928634643555,126.75276756286621,384.8740425109863,100.86326402425766,0.0,303.0677071213722,0.0,0.0,0.0,0.0,0.0,89.43612766265869,4.444095969200134,29.462432384490967,3.414107918739319
arxiv,cache_bf16,test,arxiv:test:000079:f62eab72bfea6732,179,79,large_h6_n10_s100_wikics_arxiv,f62eab72bfea67329c216ab01713c94f86fd691ea9ae70a6cd4ff1cc3385cda2,3,0,0,0,0,0,60,0,1,0,1070.475668,1070.4393310546875,714.709678,356.811588,77.31816172599792,25.902309454977512,7.519502192735672,538.8847412541509,19.017343521118164,132.9800968170166,404.7381134033203,105.62313613295555,0.0,318.20713701844215,0.0,0.0,0.0,0.0,0.0,93.74963092803955,4.652288019657135,31.00208044052124,3.5707854628562927
arxiv,cache_bf16,test,arxiv:test:000080:8e38fa691cd057dc,180,80,large_h6_n10_s100_wikics_arxiv,8e38fa691cd057dc10c8b3325642224ddd2580eceb05e615ea46257be54d1775,3,0,0,0,0,0,53,0,1,0,983.541226,983.506103515625,639.678803,343.491521,68.56587156653404,26.23870689421892,6.731218658387661,476.82861890643835,19.131519317626953,117.51817512512207,358.4679412841797,94.40867206454277,0.0,283.3228533565998,0.0,0.0,0.0,0.0,0.0,82.8054084777832,4.099839985370636,27.439456462860107,3.173470199108124
arxiv,cache_bf16,test,arxiv:test:000081:31480263ed5d277b,181,81,large_h6_n10_s100_wikics_arxiv,31480263ed5d277b9c0c192a10844c610e8a6633f8b1f2e4ee208043481d08eb,3,0,0,0,0,0,30,0,1,0,733.906905,733.8742065429688,376.28913,356.787487,44.04803458601236,26.15155093371868,3.793877549469471,269.4266429170966,19.08019256591797,63.1375036239624,205.60182189941406,57.400095999240875,0.0,167.45804637670517,0.0,0.0,0.0,0.0,0.0,43.598495960235596,2.130496025085449,15.683199644088745,1.723071575164795
arxiv,cache_bf16,test,arxiv:test:000082:edacc0da0c3ea4ad,182,82,large_h6_n10_s100_wikics_arxiv,edacc0da0c3ea4ad508bb888645aaa82d23fb8717b7713cd1de39ab640f4cc81,3,0,0,0,0,0,56,0,1,0,1047.871532,1047.8359375,674.058016,373.440509,60.97437907010317,26.473036967217922,7.073964923620224,498.72413743287325,19.123104095458984,118.55017471313477,379.1653137207031,99.38492810726166,0.0,299.0876499414444,0.0,0.0,0.0,0.0,0.0,82.68899250030518,4.0641279220581055,28.612351894378662,3.1847023963928223
arxiv,cache_bf16,test,arxiv:test:000083:d50e616e9faabf8a,183,83,large_h6_n10_s100_wikics_arxiv,d50e616e9faabf8ac712e8de6c3ada7613e8a25859e391d8fcd2f964f0c59cc5,3,0,0,0,0,0,63,0,1,0,1214.841979,1214.807373046875,818.251853,396.160367,68.55538487434387,26.468216441571712,7.96616543084383,620.262648910284,19.14748764038086,192.2394561767578,426.36035919189453,110.8249919116497,0.0,334.83533599972725,0.0,0.0,0.0,0.0,0.0,146.4294719696045,7.574624061584473,32.932096004486084,5.367136240005493
arxiv,cache_bf16,test,arxiv:test:000084:8c86ab793e25743d,184,84,large_h6_n10_s100_wikics_arxiv,8c86ab793e25743d842b6bdc3392960b2af7e47e446f6409a597823c3f49e639,3,0,0,0,0,0,48,0,1,0,1040.9332,1040.90576171875,577.06206,463.200434,49.99151360243559,25.93008428812027,6.137442775070667,429.7191612422466,19.04195213317871,103.0512638092041,325.3751029968262,86.33881601691246,0.0,256.45110324025154,0.0,0.0,0.0,0.0,0.0,72.05641651153564,3.554719924926758,24.66975975036621,2.7620792388916016
arxiv,cache_bf16,test,arxiv:test:000085:c106d133f326eef3,185,85,large_h6_n10_s100_wikics_arxiv,c106d133f326eef3498f3c205375a446bc3dd642bd6626451388950ba3cd9152,3,0,0,0,0,0,63,0,1,0,1147.92841,1147.899658203125,757.237546,390.412123,63.164083287119865,25.865199975669384,7.815181277692318,589.5128287374973,18.970239639282227,163.90896034240723,423.97657775878906,110.52079975605011,0.0,332.2968651354313,0.0,0.0,0.0,0.0,0.0,120.58147239685059,6.074527978897095,32.792288303375244,4.502848505973816
arxiv,cache_bf16,test,arxiv:test:000086:612d3da97d54f8b2,186,86,large_h6_n10_s100_wikics_arxiv,612d3da97d54f8b287b23fd290dcf87f9d7be573587db540be49c82f96e4c8eb,3,0,0,0,0,0,64,0,1,0,1121.824307,1121.7921142578125,730.546129,390.986211,67.15791579335928,25.91131627559662,8.035266771912575,554.300868883729,19.02124786376953,122.5373764038086,430.3198699951172,112.19459190964699,0.0,337.3423329591751,0.0,0.0,0.0,0.0,0.0,82.30915355682373,3.9968000650405884,33.033119678497314,3.201535224914551
arxiv,cache_bf16,test,arxiv:test:000087:e06d132a946fdea4,187,87,large_h6_n10_s100_wikics_arxiv,e06d132a946fdea44858de413f6040ad2abf998cbd2186dff4f6ea1850545827,3,0,0,0,0,0,58,0,1,0,1063.111515,1063.0811767578125,702.740048,360.887697,61.200239695608616,25.968226604163647,7.217905484139919,536.6316186264157,19.042911529541016,146.48553657531738,388.69234466552734,102.52796813845634,0.0,305.50149658322334,0.0,0.0,0.0,0.0,0.0,107.31484603881836,5.413376033306122,29.74880075454712,4.018273830413818
arxiv,cache_bf16,test,arxiv:test:000088:80620978f1a2fcd3,188,88,large_h6_n10_s100_wikics_arxiv,80620978f1a2fcd377f0135cede0a4c45709a1cb2f92f3331e15fdf631e60e18,3,0,0,0,0,0,47,0,1,0,932.488928,932.4580078125,572.453604,359.768024,61.72116473317146,25.959710590541363,5.8828676119446754,425.942693836987,19.053728103637695,109.32767868041992,315.1849937438965,84.78521600365639,0.0,249.4317143857479,0.0,0.0,0.0,0.0,0.0,78.09427070617676,3.8814079761505127,24.401599884033203,2.960639715194702
arxiv,cache_bf16,test,arxiv:test:000089:620c6b9c227bbbc9,189,89,large_h6_n10_s100_wikics_arxiv,620c6b9c227bbbc93b0a63281e51f96d10b144d7b746119f22d7b07affc0f983,3,0,0,0,0,0,57,0,1,0,1104.321648,1104.2906494140625,692.85714,412.426535,69.70067601650953,25.96100326627493,7.00716394931078,522.0189765095711,19.04761505126953,138.52796745300293,382.0098571777344,100.82220807671547,0.0,300.25750410556793,0.0,0.0,0.0,0.0,0.0,100.24166297912598,5.05375999212265,29.467360019683838,3.785312831401825
arxiv,cache_bf16,test,arxiv:test:000090:301e4d139270b49f,190,90,large_h6_n10_s100_wikics_arxiv,301e4d139270b49f25e8b93f1ec539cd4c92322b95db3dbdeeaa5e66a291d63b,3,0,0,0,0,0,58,0,1,0,1084.97059,1084.9423828125,689.081821,394.600581,67.2116270288825,25.88799875229597,7.242919877171516,515.7862212508917,19.041791915893555,127.2317123413086,387.0935974121094,102.49423986673355,0.0,303.6638373732567,0.0,0.0,0.0,0.0,0.0,89.646559715271,4.426783978939056,29.74687957763672,3.419105112552643
arxiv,cache_bf16,test,arxiv:test:000091:beef13982aa0e3bd,191,91,large_h6_n10_s100_wikics_arxiv,beef13982aa0e3bdafad69c258c808979b98e556b61598a93617959e7b8cc2cb,3,0,0,0,0,0,62,0,1,0,1069.122143,1069.0909423828125,759.876933,308.969415,66.31688494235277,25.9292870759964,7.699205540120602,583.7119799107313,19.05094337463379,167.03347206115723,415.13545989990234,108.89843186736107,0.0,325.42070761322975,0.0,0.0,0.0,0.0,0.0,124.02246284484863,6.300127983093262,32.103456020355225,4.614656448364258
arxiv,cache_bf16,test,arxiv:test:000092:af69a7134cdf4f39,192,92,large_h6_n10_s100_wikics_arxiv,af69a7134cdf4f39cf2fb5797be600ba172efd4232a54e93143f35d90f17d392,3,0,0,0,0,0,62,0,1,0,1035.606749,1035.574951171875,726.657917,308.669888,79.3333500623703,25.949916802346706,7.726849056780338,552.3108337074518,19.04604721069336,136.594144821167,414.07337951660156,108.88483223319054,0.0,324.2098908126354,0.0,0.0,0.0,0.0,0.0,96.12940788269043,4.737887918949127,32.04972743988037,3.6744654774665833
arxiv,cache_bf16,test,arxiv:test:000093:e5bbef4be1378794,193,93,large_h6_n10_s100_wikics_arxiv,e5bbef4be1378794476e97eee1e990485575e915984280bbf2da6d15e681b069,3,0,0,0,0,0,60,0,1,0,1082.734712,1082.703369140625,709.470524,373.270627,76.31395291537046,25.96384286880493,7.424330338835716,535.5293890461326,19.01862335205078,132.93084907531738,401.2016296386719,105.69423976540565,0.0,314.7488611340523,0.0,0.0,0.0,0.0,0.0,93.7418565750122,4.646623969078064,30.974271774291992,3.5680967569351196
arxiv,cache_bf16,test,arxiv:test:000094:28e0fcda3c7a47f0,194,94,large_h6_n10_s100_wikics_arxiv,28e0fcda3c7a47f0f95a250eaa1ea53a64c6a24f5f03f3b3d824971559d29ff1,3,0,0,0,0,0,62,0,1,0,1065.923419,1065.8914794921875,757.255209,308.681547,79.5082114636898,25.95946379005909,7.693802006542683,583.6649127304554,19.043167114257812,166.9823055267334,415.3281936645508,109.05292809009552,0.0,325.535586386919,0.0,0.0,0.0,0.0,0.0,124.03046417236328,6.294911980628967,32.05171203613281,4.615745186805725
arxiv,cache_bf16,test,arxiv:test:000095:2e7f392bc5536560,195,95,large_h6_n10_s100_wikics_arxiv,2e7f392bc5536560646ebcd34d6778a2fb62bff21d4c7dc4d8b63c31ad6d73ed,3,0,0,0,0,0,56,0,1,0,1036.692256,1036.6602783203125,646.401665,390.616226,64.89523034542799,25.94957035034895,6.958656944334507,491.4994090795517,19.052127838134766,114.56800079345703,375.45330810546875,99.24319997429848,0.0,295.44601142406464,0.0,0.0,0.0,0.0,0.0,79.0404806137085,3.8594239950180054,28.613343715667725,3.064032256603241
arxiv,cache_bf16,test,arxiv:test:000096:da4c1b2e123e292d,196,96,large_h6_n10_s100_wikics_arxiv,da4c1b2e123e292d3b7e1f44d848e695579c3cd4edc03957cf4b295218cbd6ef,3,0,0,0,0,0,53,0,1,0,954.883776,954.8522338867188,615.855082,339.443639,54.16226573288441,25.83809196949005,6.548304110765457,478.3330876380205,19.035680770874023,117.60102462768555,359.54022216796875,94.36236774921417,0.0,284.2135351896286,0.0,0.0,0.0,0.0,0.0,82.87215900421143,4.097792029380798,27.441375732421875,3.175073742866516
arxiv,cache_bf16,test,arxiv:test:000097:6d9c34e632a3e4a9,197,97,large_h6_n10_s100_wikics_arxiv,6d9c34e632a3e4a909618086fbed82f3ed5c932eb77aaeb3cd3349db8baaf079,3,0,0,0,0,0,58,0,1,0,1065.26855,1065.2373046875,674.688445,390.656868,61.079032719135284,25.819228030741215,7.228410802781582,520.6003049388528,19.023040771484375,127.34822273254395,391.69439697265625,102.45951986312866,0.0,308.54047641158104,0.0,0.0,0.0,0.0,0.0,89.72991943359375,4.428032040596008,29.766047954559326,3.428001284599304
arxiv,cache_bf16,test,arxiv:test:000098:9903545b1d27c917,198,98,large_h6_n10_s100_wikics_arxiv,9903545b1d27c917c404d3ddf3ae459b791626f0599141d08706cf8c132f1fc1,3,0,0,0,0,0,59,0,1,0,1095.696323,1095.659912109375,738.332185,357.016354,73.72311968356371,25.88790003210306,7.333829998970032,570.6983059644699,19.039552688598633,168.50243186950684,400.65875244140625,104.192448168993,0.0,315.4897913634777,0.0,0.0,0.0,0.0,0.0,127.01165008544922,6.488415956497192,30.329023838043213,4.691165924072266
arxiv,cache_bf16,test,arxiv:test:000099:a363a036dd1c8d42,199,99,large_h6_n10_s100_wikics_arxiv,a363a036dd1c8d420403ea879b46c123da177628f40c118689808017ddce16fc,3,0,0,0,0,0,57,0,1,0,1066.361369,1066.324951171875,671.152877,394.93046,72.52219412475824,25.948652997612953,7.1137044578790665,513.8886487111449,19.038591384887695,125.71027374267578,386.7318420410156,100.87510395050049,0.0,304.89469051361084,0.0,0.0,0.0,0.0,0.0,88.48444843292236,4.420512020587921,29.46086359024048,3.3807377219200134
wikics,cache_bf16,val,wikics:val:000000:fef527b25a18161e,0,0,large_h6_n10_s100_wikics_arxiv,fef527b25a18161e02256c9a22a5fcb64ea189b88fbf1c593a16f7cef2386a5f,3,0,0,0,0,0,54,0,1,0,1290.667166,1290.6201171875,1162.170107,128.854301,166.87617730349302,231.92845191806555,7.006947882473469,546.8744058161974,122.92393493652344,160.68684768676758,374.2774353027344,99.98387184739113,0.0,397.0143649280071,0.0,0.0,0.0,0.0,0.0,117.16588973999023,5.556863963603973,33.589311599731445,4.385216057300568
wikics,cache_bf16,val,wikics:val:000001:800111c04191b913,1,1,large_h6_n10_s100_wikics_arxiv,800111c04191b91313016b0068c7e73134e69c8f1fbc1fa3f47adef8e93827f2,3,0,0,0,0,0,57,0,1,0,1064.872952,1064.847412109375,962.844924,102.27039,115.15698488801718,27.932836674153805,7.006521336734295,559.3305649235845,19.235551834106445,168.51548957824707,389.301513671875,101.38764795660973,0.0,307.3884575664997,0.0,0.0,0.0,0.0,0.0,127.87026977539062,6.580608010292053,29.141024112701416,4.699011921882629
wikics,cache_bf16,val,wikics:val:000002:55b16141b752157a,2,2,large_h6_n10_s100_wikics_arxiv,55b16141b752157aa1fbd4558cf493bf5089fa23bda74c0284125c7c88e21247,3,0,0,0,0,0,63,0,1,0,1111.350602,1111.327392578125,1009.715914,101.741072,113.73562645167112,27.839201502501965,7.765854708850384,628.3577913418412,19.26652717590332,197.2489242553711,428.5694351196289,111.25136002898216,0.0,336.71564242243767,0.0,0.0,0.0,0.0,0.0,151.3485450744629,7.865759968757629,32.50377559661865,5.535739779472351
wikics,cache_bf16,val,wikics:val:000003:eb55f467ab494142,3,3,large_h6_n10_s100_wikics_arxiv,eb55f467ab49414223cbb42727548425fb72d6d25ba1e2ef78c9b8b316f07388,3,0,0,0,0,0,53,0,1,0,933.631475,933.60791015625,811.162699,122.253346,63.08113317936659,26.311230845749378,6.523578427731991,489.169392734766,19.191648483276367,127.31049537658691,360.2705268859863,94.7683837711811,0.0,284.986207485199,0.0,0.0,0.0,0.0,0.0,92.01884746551514,4.645344018936157,27.16054391860962,3.480670213699341
wikics,cache_bf16,val,wikics:val:000004:94369875875c7eda,4,4,large_h6_n10_s100_wikics_arxiv,94369875875c7eda426ac2e378c77a4b45c69b105d096621273459492e79a002,3,0,0,0,0,0,58,0,1,0,1054.520311,1054.496826171875,952.658856,101.81636,69.4644097238779,26.35283675044775,7.119185291230679,537.5104127451777,19.39993667602539,141.54646110534668,393.8778610229492,102.94288039207458,0.0,310.5304690003395,0.0,0.0,0.0,0.0,0.0,102.97590255737305,5.226080060005188,29.44713592529297,3.8862388730049133
wikics,cache_bf16,val,wikics:val:000005:2ea19046bdd6fc0b,5,5,large_h6_n10_s100_wikics_arxiv,2ea19046bdd6fc0b113221315bcbf4019385f97ac493ef3f6da0ff2ddbc69c2a,3,0,0,0,0,0,64,0,1,0,1083.713449,1083.689453125,981.37432,102.014702,76.76833774894476,27.51204837113619,7.909135892987251,652.0835105329752,19.218944549560547,214.6773796081543,434.47205352783203,112.83171206712723,0.0,341.2182939648628,0.0,0.0,0.0,0.0,0.0,167.0212802886963,8.78220808506012,32.81270408630371,6.073827147483826
wikics,cache_bf16,val,wikics:val:000006:deb97ed4b3c8ddd7,6,6,large_h6_n10_s100_wikics_arxiv,deb97ed4b3c8ddd7bdb39f4af5fcaad656c9c608bfc05ecb40b7af499c9ba112,3,0,0,0,0,0,3,0,1,0,188.745784,188.7217559814453,82.162385,106.356246,2.8582578524947166,35.833634436130524,0.520540401339531,31.485150568187237,29.128704071044922,4.940063953399658,26.246399879455566,13.981407970190048,0.0,38.32192000746727,0.0,0.0,0.0,0.0,0.0,2.639327973127365,0.158464003354311,1.9268480241298676,0.22678382135927677
wikics,cache_bf16,val,wikics:val:000007:d7f4428cc84938c0,7,7,large_h6_n10_s100_wikics_arxiv,d7f4428cc84938c0ff422730accf1af7811fdbfe47c2a8963dc760c9d780173f,3,0,0,0,0,0,57,0,1,0,1004.930742,1004.9064331054688,897.722632,106.919413,66.68369751423597,26.360563933849335,7.0578111335635185,557.3970135301352,19.206527709960938,167.95497703552246,387.5771484375,101.42371186614037,0.0,305.8601562976837,0.0,0.0,0.0,0.0,0.0,127.49449729919434,6.580863952636719,29.166112422943115,4.713503360748291
wikics,cache_bf16,val,wikics:val:000008:a2de623bf3821acb,8,8,large_h6_n10_s100_wikics_arxiv,a2de623bf3821acb00081deda324d566d32c497bd1f73e5fe2b363af6e34451e,3,0,0,0,0,0,62,0,1,0,1113.030164,1113.0072021484375,988.531333,123.28847,72.36278895288706,26.541411876678467,7.6765865087509155,624.7625099495053,19.320863723754883,200.99625778198242,421.3397674560547,109.48051205277443,0.0,331.2815910577774,0.0,0.0,0.0,0.0,0.0,155.38950157165527,8.117696046829224,31.8221116065979,5.664193868637085
wikics,cache_bf16,val,wikics:val:000009:5ddc4ad1ca6bddb9,9,9,large_h6_n10_s100_wikics_arxiv,5ddc4ad1ca6bddb9f2fbe2619a4cc5bfc948088c83072c92fb9968043dfe40b7,3,0,0,0,0,0,59,0,1,0,1078.743868,1078.719970703125,961.113525,117.640961,75.80846454948187,26.42231062054634,7.219232618808746,558.0320814624429,19.307872772216797,155.62953758239746,400.299560546875,104.46339240670204,0.0,315.3742797970772,0.0,0.0,0.0,0.0,0.0,115.43373107910156,5.888191998004913,29.99228858947754,4.306492984294891
wikics,cache_bf16,val,wikics:val:000010:a657f4dc57cb7b3b,10,10,large_h6_n10_s100_wikics_arxiv,a657f4dc57cb7b3bcdd5ce3c72500c507c0f17ae67e675802318c7fef9afe2d3,3,0,0,0,0,0,3,0,1,0,182.451013,182.4246368408203,80.389229,101.840176,2.650093287229538,36.046745255589485,0.49643125385046005,31.1226649209857,29.340063095092773,4.618175983428955,26.204800605773926,21.23139190673828,0.0,33.49036741256714,0.0,0.0,0.0,0.0,0.0,2.3698880076408386,0.14614400081336498,1.889055997133255,0.2111679818481207
wikics,cache_bf16,val,wikics:val:000011:dfa124f13dbb8595,11,11,large_h6_n10_s100_wikics_arxiv,dfa124f13dbb859594d45abc92fc99eb41ed65a49c8cb209db0ee462a00191e7,3,0,0,0,0,0,59,0,1,0,1213.939532,1213.9296875,1095.650651,117.87135,81.0030484572053,26.748551055788994,7.240206003189087,673.8331951200962,19.159423828125,262.6297264099121,409.6480712890625,104.68684816360474,0.0,324.1194624900818,0.0,0.0,0.0,0.0,0.0,213.23881912231445,11.57203197479248,30.283967971801758,7.569563388824463
wikics,cache_bf16,val,wikics:val:000012:b25c6bff127a88c6,12,12,large_h6_n10_s100_wikics_arxiv,b25c6bff127a88c663a84dd45840dc6a75f4ae919fa79751a93982ca913e58f8,3,0,0,0,0,0,61,0,1,0,1181.530243,1181.499267578125,1074.473028,106.776253,83.48802477121353,26.698543690145016,7.53331184387207,694.5892199873924,19.08883285522461,285.99766540527344,413.0760040283203,108.03100797533989,0.0,324.27248379588127,0.0,0.0,0.0,0.0,0.0,234.0290870666504,12.205951690673828,31.771456241607666,7.982465982437134
wikics,cache_bf16,val,wikics:val:000013:f7ec35bb559bff78,13,13,large_h6_n10_s100_wikics_arxiv,f7ec35bb559bff78b63dfdea8a3808323d3557dd6b3c1c55ebd48800dabbb38e,3,0,0,0,0,0,56,0,1,0,1006.952281,1006.9281005859375,904.958162,101.710296,68.04128363728523,26.225688867270947,6.96178711950779,551.1801335960627,19.25971221923828,169.59782600402832,379.53026962280273,99.62156766653061,0.0,299.38550159335136,0.0,0.0,0.0,0.0,0.0,129.7127685546875,6.703455924987793,28.38425588607788,4.782304763793945
wikics,cache_bf16,val,wikics:val:000014:cd0465d485a7b221,14,14,large_h6_n10_s100_wikics_arxiv,cd0465d485a7b2212f8c13a4132eb2ed270289c0ec06183ceead64db97a598de,3,0,0,0,0,0,57,0,1,0,1032.174735,1032.15087890625,930.807426,102.241743,66.00039638578892,26.198243722319603,7.03556090593338,566.3815019652247,19.211008071899414,172.6526699066162,391.595458984375,101.45648008584976,0.0,309.45293125510216,0.0,0.0,0.0,0.0,0.0,131.75625610351562,6.785279989242554,29.223392009735107,4.8532774448394775
wikics,cache_bf16,val,wikics:val:000015:760ce76542a910c8,15,15,large_h6_n10_s100_wikics_arxiv,760ce76542a910c82715bdb1556e1b99c877f5e3ff11acfe5cdb9dec223f2bec,3,0,0,0,0,0,58,0,1,0,967.377682,967.3531494140625,845.193162,122.669718,66.8227206915617,26.318331249058247,7.17418547719717,557.258939370513,19.2807674407959,156.71513557434082,398.41402435302734,103.0120640695095,0.0,314.6706316769123,0.0,0.0,0.0,0.0,0.0,116.88464164733887,5.971679985523224,29.473920345306396,4.371173083782196
wikics,cache_bf16,val,wikics:val:000016:ecc418214a33ddfc,16,16,large_h6_n10_s100_wikics_arxiv,ecc418214a33ddfc30aad81571b5ed75b95998d50ad30efd13d1a0853a4c7a97,3,0,0,0,0,0,63,0,1,0,1205.817175,1205.792724609375,1082.69685,122.856255,74.53366182744503,27.92377956211567,7.789618335664272,692.3798397183418,19.242368698120117,262.8548469543457,426.7180480957031,111.15619215369225,0.0,335.01996871829033,0.0,0.0,0.0,0.0,0.0,211.17030715942383,11.392063975334167,32.78547191619873,7.507003903388977
wikics,cache_bf16,val,wikics:val:000017:30966d3fabbbe966,17,17,large_h6_n10_s100_wikics_arxiv,30966d3fabbbe96640c8cbdf2e720544bf71af0cd8c950c087a1a2db14bd743b,3,0,0,0,0,0,63,0,1,0,1171.940937,1171.916748046875,1065.327859,107.11573,74.08677972853184,26.233534328639507,7.815408520400524,643.5351576656103,19.28447914123535,214.37788772583008,426.4022750854492,111.26803201436996,0.0,334.364610016346,0.0,0.0,0.0,0.0,0.0,166.93407821655273,8.781504034996033,32.59094429016113,6.065476298332214
wikics,cache_bf16,val,wikics:val:000018:40b87fe5b3865c25,18,18,large_h6_n10_s100_wikics_arxiv,40b87fe5b3865c25b0fea0abae1f6a31a4b30ceff215077141910a5c4cdb9017,3,0,0,0,0,0,60,0,1,0,1090.783469,1090.758056640625,967.656216,122.801018,68.58112383633852,26.267767883837223,7.408842444419861,607.729590497911,19.265119552612305,191.0409278869629,415.12207794189453,106.0674240887165,0.0,328.1448619067669,0.0,0.0,0.0,0.0,0.0,147.23219108581543,7.654304027557373,30.765439987182617,5.398337006568909
wikics,cache_bf16,val,wikics:val:000019:c948629294047854,19,19,large_h6_n10_s100_wikics_arxiv,c9486292940478548025bcd39f69bde038c73dc44280ada5e32b7ae0cd0c59c4,3,0,0,0,0,0,57,0,1,0,1035.361804,1035.3370361328125,928.811087,106.734413,65.68010523915291,26.298120617866516,7.121131755411625,550.5414707586169,19.276992797851562,162.78313446044922,386.0510711669922,101.26620814204216,0.0,304.4078400731087,0.0,0.0,0.0,0.0,0.0,122.73190498352051,6.289152026176453,29.211968421936035,4.541760206222534
wikics,cache_bf16,val,wikics:val:000020:e9a52cacfc1321d3,20,20,large_h6_n10_s100_wikics_arxiv,e9a52cacfc1321d3be6f10a0439a054242d79fd11875bc865a4ea4dadbd64e1e,3,0,0,0,0,0,51,0,1,0,896.400703,896.3765869140625,758.145818,138.467191,57.80461151152849,26.23677533119917,6.3445912674069405,475.4486931487918,19.181215286254883,126.2955551147461,347.39788818359375,91.52486404776573,0.0,275.24025535583496,0.0,0.0,0.0,0.0,0.0,92.2957763671875,4.67385596036911,25.85520029067993,3.466241180896759
wikics,cache_bf16,val,wikics:val:000021:f6fad06d0182fdac,21,21,large_h6_n10_s100_wikics_arxiv,f6fad06d0182fdac16ade7c80ae6ba48ecadf3df08778ef7a76990d17d09763f,3,0,0,0,0,0,56,0,1,0,1015.200829,1015.1759643554688,913.38315,101.521751,65.09481184184551,26.26452036201954,6.907776929438114,524.7011836618185,19.280288696289062,141.55427360534668,381.3682861328125,99.64799997210503,0.0,301.25302290916443,0.0,0.0,0.0,0.0,0.0,103.97792053222656,5.242528021335602,28.385440349578857,3.904478132724762
wikics,cache_bf16,val,wikics:val:000022:d785569b8bb4a8d7,22,22,large_h6_n10_s100_wikics_arxiv,d785569b8bb4a8d717e83bb8c9fff3658fc9cccc846cdee9551cd8d56685150b,3,0,0,0,0,0,63,0,1,0,1157.92709,1157.9019775390625,1049.807907,107.413525,72.95498810708523,26.154261082410812,7.8527238219976425,645.8213794976473,19.212575912475586,214.70800399780273,429.00498962402344,111.15305605530739,0.0,337.4225900173187,0.0,0.0,0.0,0.0,0.0,167.11756896972656,8.832511901855469,32.664992332458496,6.063226580619812
wikics,cache_bf16,val,wikics:val:000023:30e8db22a669492e,23,23,large_h6_n10_s100_wikics_arxiv,30e8db22a669492e9181fdd4dfa056fe4fed95a4be6d84373feae62fc8032f91,3,0,0,0,0,0,62,0,1,0,1095.45116,1095.426513671875,972.960343,122.625133,71.938113309443,26.28665417432785,7.689879275858402,628.4822393208742,19.36422348022461,201.73814392089844,425.0214385986328,109.38134399056435,0.0,337.2311028242111,0.0,0.0,0.0,0.0,0.0,155.8922233581543,8.171231985092163,31.9301118850708,5.680959701538086
wikics,cache_bf16,val,wikics:val:000024:9c2eb6f46cefd34c,24,24,large_h6_n10_s100_wikics_arxiv,9c2eb6f46cefd34c6f201303a1ad616670a71668823f3b38a391df90dfd6daff,3,0,0,0,0,0,63,0,1,0,1253.473299,1253.447509765625,1151.244194,102.154595,73.6135458573699,26.178701780736446,7.932037115097046,795.7355380058289,19.3308162689209,357.8185272216797,436.2814254760742,111.35011211037636,0.0,343.99396976828575,0.0,0.0,0.0,0.0,0.0,298.4463996887207,16.289664030075073,32.85798406600952,10.25331163406372
wikics,cache_bf16,val,wikics:val:000025:c748180b049621a4,25,25,large_h6_n10_s100_wikics_arxiv,c748180b049621a4c7d3ed44f5609aeec104f7702d160cca2428f5a72b9841e5,3,0,0,0,0,0,62,0,1,0,1155.12148,1155.096923828125,1031.54284,123.227405,72.85415288060904,26.235918514430523,7.687811739742756,686.400568112731,19.27414321899414,259.6136932373047,423.99717712402344,109.54960012435913,0.0,333.9458805322647,0.0,0.0,0.0,0.0,0.0,208.8764762878418,11.265535950660706,32.07379150390625,7.4360655546188354
wikics,cache_bf16,val,wikics:val:000026:f66b2c37f14c407f,26,26,large_h6_n10_s100_wikics_arxiv,f66b2c37f14c407f4410ff66afbbac91c836532c19438c2e5923e57377491908,3,0,0,0,0,0,63,0,1,0,1077.120516,1077.09521484375,975.604077,102.631971,73.50763864815235,26.55772026628256,7.753441110253334,637.3563529923558,19.28044891357422,204.49478149414062,430.5526428222656,111.9188800752163,0.0,337.91421166062355,0.0,0.0,0.0,0.0,0.0,157.93571090698242,8.22432005405426,32.5830397605896,5.751710772514343
wikics,cache_bf16,val,wikics:val:000027:19b7a4b1069f0703,27,27,large_h6_n10_s100_wikics_arxiv,19b7a4b1069f0703e42e1662d1626fa830f58a56b61b61ac44a24e6ebe2d28c4,3,0,0,0,0,0,62,0,1,0,1172.242053,1172.2294921875,1064.523661,107.42609,111.591262742877,26.836082339286804,7.651295512914658,636.7311272770166,19.33203125,207.68086624145508,426.6360321044922,109.50723189115524,0.0,336.6630072891712,0.0,0.0,0.0,0.0,0.0,161.46547317504883,8.486111998558044,31.907167434692383,5.873217344284058
wikics,cache_bf16,val,wikics:val:000028:6dcccc0dadc0f236,28,28,large_h6_n10_s100_wikics_arxiv,6dcccc0dadc0f2368546ab77570060956e54caca780c3fae3797dd17561f56c2,3,0,0,0,0,0,64,0,1,0,1099.773087,1099.747802734375,992.36423,107.23606,75.44080447405577,27.05263439565897,7.976338267326355,626.9558127969503,19.329952239990234,179.04079818725586,445.89955139160156,112.5992001593113,0.0,352.9732787311077,0.0,0.0,0.0,0.0,0.0,134.28534317016602,6.8876800537109375,32.87004804611206,4.969855427742004
wikics,cache_bf16,val,wikics:val:000029:b57c0c6c616584fa,29,29,large_h6_n10_s100_wikics_arxiv,b57c0c6c616584fa3175a1053d4a5943c17cc66406ff67582d00320f05ece863,3,0,0,0,0,0,56,0,1,0,974.806868,974.782470703125,872.709446,101.979244,65.17040729522705,26.284776628017426,6.94204680621624,516.7259126901627,19.259456634521484,132.21692657470703,382.5094451904297,99.47804766893387,0.0,302.2908541560173,0.0,0.0,0.0,0.0,0.0,95.39612674713135,4.7937920689582825,28.401663780212402,3.6136638522148132
wikics,cache_bf16,val,wikics:val:000030:46cf5a7590979b07,30,30,large_h6_n10_s100_wikics_arxiv,46cf5a7590979b072621f92b0e45b838461f0910879853929265a05ebd40704a,3,0,0,0,0,0,61,0,1,0,1080.706252,1080.6810302734375,973.28072,107.467138,76.17748808115721,27.459961362183094,7.730437442660332,639.8133374750614,19.305408477783203,219.54595184326172,418.39830780029297,108.03347218036652,0.0,330.0367078781128,0.0,0.0,0.0,0.0,0.0,172.38329696655273,9.163456082344055,31.723519802093506,6.216990947723389
wikics,cache_bf16,val,wikics:val:000031:2addc42d7b620b3e,31,31,large_h6_n10_s100_wikics_arxiv,2addc42d7b620b3eafd7d208a11026fbe79e6857e28c706cb3b0e8c837b03eca,3,0,0,0,0,0,63,0,1,0,1121.400519,1121.374755859375,1020.065034,101.809579,111.02711874991655,26.95319801568985,7.866581901907921,609.6203504130244,19.293664932250977,169.41328048706055,438.6025924682617,110.90624010562897,0.0,346.78879964351654,0.0,0.0,0.0,0.0,0.0,125.78867149353027,6.4052159786224365,32.5479040145874,4.682084798812866
wikics,cache_bf16,val,wikics:val:000032:57bb329b74f81197,32,32,large_h6_n10_s100_wikics_arxiv,57bb329b74f81197f5f742a2fa3620e0c9193252afe609c679c1e02045e2ac49,3,0,0,0,0,0,61,0,1,0,1073.956037,1073.9306640625,967.076658,107.005588,84.03768297284842,26.762730441987514,7.620960474014282,610.290938988328,19.26803207397461,190.49810981750488,416.93762969970703,107.65315198898315,0.0,328.5525097846985,0.0,0.0,0.0,0.0,0.0,146.07478523254395,7.528800129890442,31.54739236831665,5.347132086753845
wikics,cache_bf16,val,wikics:val:000033:894e26b9ae45c623,33,33,large_h6_n10_s100_wikics_arxiv,894e26b9ae45c623e068a70ab0e34df3ae778a61aa50d8aa35d698f67ec35e98,3,0,0,0,0,0,61,0,1,0,1074.362055,1074.3370361328125,967.648585,107.146232,69.0118633210659,26.240747421979904,7.526696659624577,627.5068046525121,19.252351760864258,209.57942962646484,416.06714630126953,108.00694426894188,0.0,326.4423460960388,0.0,0.0,0.0,0.0,0.0,163.43731117248535,8.61625611782074,31.64406394958496,5.929958462715149
wikics,cache_bf16,val,wikics:val:000034:65ae31af463d1b89,34,34,large_h6_n10_s100_wikics_arxiv,65ae31af463d1b892011e51a76568ca922eeec0df8a5154042715bf1a7c494d9,3,0,0,0,0,0,61,0,1,0,1065.671391,1065.6455078125,963.021076,102.145025,70.75642794370651,26.820851489901543,7.641274482011795,642.6540976390243,19.284832000732422,219.8212776184082,422.04095458984375,108.04905617237091,0.0,332.06172293424606,0.0,0.0,0.0,0.0,0.0,172.6393928527832,9.159136056900024,31.70377540588379,6.237504243850708
wikics,cache_bf16,val,wikics:val:000035:4693474df4e8fbf5,35,35,large_h6_n10_s100_wikics_arxiv,4693474df4e8fbf5fdfd2d96bf57a7b6aabfe78ad448c8e80d959c4101a1f662,3,0,0,0,0,0,62,0,1,0,1258.569449,1258.5433349609375,1135.295908,123.111979,73.62580858170986,26.610243134200573,7.674158550798893,692.8017325699329,19.23529624938965,265.39308166503906,424.490234375,109.4492162168026,0.0,334.3829067349434,0.0,0.0,0.0,0.0,0.0,214.14509201049805,11.540192127227783,32.088704109191895,7.619093418121338
wikics,cache_bf16,val,wikics:val:000036:0759714d0e26521e,36,36,large_h6_n10_s100_wikics_arxiv,0759714d0e26521e91834222ac4f5b5afd29c0eff6aa294be5e1a3766dc065c1,3,0,0,0,0,0,60,0,1,0,1093.429572,1093.4161376953125,975.217733,117.614968,77.24899053573608,26.13967377692461,7.40854162722826,599.7759466990829,19.244352340698242,182.58172607421875,415.6360626220703,106.09248000383377,0.0,328.58540692925453,0.0,0.0,0.0,0.0,0.0,139.44259452819824,7.173951864242554,30.843200206756592,5.109437704086304
wikics,cache_bf16,val,wikics:val:000037:a7f56af4cb70732b,37,37,large_h6_n10_s100_wikics_arxiv,a7f56af4cb70732bb9074d50d48be472e73eaf5ac49d42d90c7fb997a871ce21,3,0,0,0,0,0,62,0,1,0,1156.669194,1156.643798828125,1049.666176,107.036343,93.7031777575612,26.77725348621607,7.691449485719204,629.8498101532459,19.228927612304688,208.12842178344727,419.76060485839844,109.40611204504967,0.0,329.8355487883091,0.0,0.0,0.0,0.0,0.0,161.77804946899414,8.489408135414124,31.96131181716919,5.8757442235946655
wikics,cache_bf16,val,wikics:val:000038:dad46ac500c3e985,38,38,large_h6_n10_s100_wikics_arxiv,dad46ac500c3e9857482209283c5f91bd4729e6956984bc291919024cf405ee8,3,0,0,0,0,0,63,0,1,0,1136.638555,1136.6114501953125,1035.032996,101.975581,72.15288560837507,26.662884280085564,7.758648134768009,611.3321594893932,19.20604705810547,182.225248336792,426.9268493652344,111.04307201504707,0.0,335.80636885762215,0.0,0.0,0.0,0.0,0.0,137.58048248291016,7.0278719663619995,32.560287952423096,5.056605935096741
wikics,cache_bf16,val,wikics:val:000039:53e5be2b68e5930e,39,39,large_h6_n10_s100_wikics_arxiv,53e5be2b68e5930eb72e6abd780a479e5ec14029f6796037de28e272d8d08878,3,0,0,0,0,0,59,0,1,0,1190.807949,1190.781494140625,1068.588758,122.719103,67.46118608862162,26.29200369119644,7.373202592134476,668.7189089134336,19.197599411010742,263.39119720458984,403.76717376708984,104.84444791078568,0.0,318.5263410806656,0.0,0.0,0.0,0.0,0.0,213.7358741760254,11.597504019737244,30.424799919128418,7.565089702606201
wikics,cache_bf16,val,wikics:val:000040:f5c8ec8453d3a18e,40,40,large_h6_n10_s100_wikics_arxiv,f5c8ec8453d3a18e3d258c2f5898202e9d148044b51ad92e9766efccc4a3c27c,3,0,0,0,0,0,54,0,1,0,955.626654,955.6007080078125,838.463736,117.958296,61.66015472263098,26.208018884062767,6.756179966032505,531.7556438967586,19.297151565551758,160.80454635620117,369.39498138427734,96.44063991308212,0.0,292.49645268917084,0.0,0.0,0.0,0.0,0.0,122.31430244445801,6.3320640325546265,27.62707233428955,4.530147552490234
wikics,cache_bf16,val,wikics:val:000041:0a1aea6f2ab10ebb,41,41,large_h6_n10_s100_wikics_arxiv,0a1aea6f2ab10ebbb8741837ad5f8891fe42bfc4bfa6ca2c2c4141a32360b0e7,3,0,0,0,0,0,63,0,1,0,1231.611413,1231.585693359375,1130.007247,101.743573,71.69245835393667,26.697850786149502,7.852417416870594,716.1237234249711,19.311071395874023,276.8375663757324,441.55277252197266,111.1143679022789,0.0,349.4109483361244,0.0,0.0,0.0,0.0,0.0,223.88713455200195,12.158527970314026,32.892767906188965,7.899135947227478
wikics,cache_bf16,val,wikics:val:000042:6b1dd5c3859cc886,42,42,large_h6_n10_s100_wikics_arxiv,6b1dd5c3859cc886d64cde0c7ecb8890de634840ab945555bc2408dbb9643e78,3,0,0,0,0,0,63,0,1,0,1076.119388,1076.093505859375,969.047685,107.175223,77.87791825830936,27.01247576624155,7.901887409389019,598.9883691072464,19.29964828491211,169.53039932250977,427.4374084472656,111.04137578606606,0.0,336.0117447078228,0.0,0.0,0.0,0.0,0.0,125.88614273071289,6.409439921379089,32.57478380203247,4.678207993507385
wikics,cache_bf16,val,wikics:val:000043:5164e28991dfba94,43,43,large_h6_n10_s100_wikics_arxiv,5164e28991dfba940695c47609da38adb72fec7b962b72c3fc11f98b771028d1,3,0,0,0,0,0,58,0,1,0,1082.477844,1082.463623046875,959.25165,122.943072,95.94713803380728,26.62805560976267,7.19834491610527,566.6212579235435,19.274879455566406,172.48720359802246,392.4524154663086,102.78665578365326,0.0,309.2448319494724,0.0,0.0,0.0,0.0,0.0,131.31750297546387,6.7320640087127686,29.581632137298584,4.8170554637908936
wikics,cache_bf16,val,wikics:val:000044:a1e23c83773db96a,44,44,large_h6_n10_s100_wikics_arxiv,a1e23c83773db96a01bf838bf188e3dfb7ca66f39a28efe567f992bf99606076,3,0,0,0,0,0,62,0,1,0,1097.821236,1097.7945556640625,975.29363,122.851625,74.76718537509441,26.63693018257618,7.805339060723782,626.5927013009787,19.278560638427734,201.5525779724121,423.15269470214844,109.35977578163147,0.0,333.21167171001434,0.0,0.0,0.0,0.0,0.0,155.80838584899902,8.118752002716064,31.940127849578857,5.665151596069336
wikics,cache_bf16,val,wikics:val:000045:468961e707127957,45,45,large_h6_n10_s100_wikics_arxiv,468961e707127957b260758066a254430361fc6520124ac947aa20ec9ea66115,3,0,0,0,0,0,64,0,1,0,1157.781318,1157.755615234375,1051.018432,106.821589,72.8743989020586,26.604285463690758,7.880079559981823,683.3876622840762,19.189056396484375,249.05926895141602,432.41519927978516,112.82758393883705,0.0,339.1140156984329,0.0,0.0,0.0,0.0,0.0,198.27126693725586,10.548447847366333,33.17072010040283,7.041787147521973
wikics,cache_bf16,val,wikics:val:000046:f3cf1d41caa4c2d9,46,46,large_h6_n10_s100_wikics_arxiv,f3cf1d41caa4c2d9aee35e66e1b95d288a274a344aed7288a15b83678d0c9b0f,3,0,0,0,0,0,59,0,1,0,1044.925247,1044.899658203125,923.080813,123.071932,67.91549641638994,26.490150950849056,7.356390357017517,557.1633512154222,19.183551788330078,156.14614295959473,399.4399108886719,104.36902421712875,0.0,314.431302934885,0.0,0.0,0.0,0.0,0.0,115.7649917602539,5.887456059455872,30.137824535369873,4.30422580242157
wikics,cache_bf16,val,wikics:val:000047:bd32e929138a4b77,47,47,large_h6_n10_s100_wikics_arxiv,bd32e929138a4b77bc048f77bd95b0ae2df40ec2142b7d96ce1fdf8f013783d6,3,0,0,0,0,0,63,0,1,0,1076.13858,1076.113037109375,974.146491,101.723217,74.82352666556835,26.442724280059338,7.940931245684624,637.1706826612353,19.196672439575195,204.76652908325195,430.75453186035156,111.03007999062538,0.0,339.05610007047653,0.0,0.0,0.0,0.0,0.0,158.00406455993652,8.221472024917603,32.72639989852905,5.749126195907593
wikics,cache_bf16,val,wikics:val:000048:6eff2b19b7a04da7,48,48,large_h6_n10_s100_wikics_arxiv,6eff2b19b7a04da79c3852b11623e45f5e95243bd84be5804a42f68214bedb34,3,0,0,0,0,0,57,0,1,0,1150.081415,1150.0550537109375,1043.456013,107.191454,68.4847142547369,26.630927808582783,7.113422267138958,541.979469358921,19.372831344604492,149.4819507598877,390.77244567871094,101.20649600028992,0.0,309.04806062579155,0.0,0.0,0.0,0.0,0.0,110.43337631225586,5.61679995059967,29.280704021453857,4.137760579586029
wikics,cache_bf16,val,wikics:val:000049:a710ed9d3274bc0d,49,49,large_h6_n10_s100_wikics_arxiv,a710ed9d3274bc0d9f0fb0ea4c32ba851c8bbe00839b9daed62e9d43b3352bf2,3,0,0,0,0,0,63,0,1,0,1144.515059,1144.489013671875,1037.812103,106.977648,99.08327087759972,26.870680041611195,7.812834344804287,609.702025540173,19.310176849365234,169.82255935668945,438.10643005371094,112.87974411249161,0.0,343.50505489110947,0.0,0.0,0.0,0.0,0.0,126.1104965209961,6.411711931228638,32.6145281791687,4.673598766326904
wikics,cache_bf16,val,wikics:val:000050:1c058b8728feaf12,50,50,large_h6_n10_s100_wikics_arxiv,1c058b8728feaf12cbe4ab8e03522106fc37295ec871564e5fc151a2fbb470d5,3,0,0,0,0,0,61,0,1,0,1070.195571,1070.1802978515625,967.786904,102.366356,75.87826997041702,26.247844099998474,7.594788447022438,614.550169557333,19.375295639038086,190.6728000640869,422.8603820800781,107.7063998579979,0.0,334.23244673013687,0.0,0.0,0.0,0.0,0.0,146.14425659179688,7.5004799365997314,31.633567810058594,5.3362877368927
wikics,cache_bf16,val,wikics:val:000051:d60eeaca25598834,51,51,large_h6_n10_s100_wikics_arxiv,d60eeaca25598834706edcb52ebc7531cf2e17cfda9b41db2d8027815a0c0c09,3,0,0,0,0,0,61,0,1,0,1072.059248,1072.033203125,969.68073,102.038263,86.32905129343271,26.861613616347313,7.661187089979649,611.6242557764053,19.246623992919922,191.18086433410645,418.46419525146484,107.87209624052048,0.0,330.0750430226326,0.0,0.0,0.0,0.0,0.0,146.57200050354004,7.571776032447815,31.670015811920166,5.366719365119934
wikics,cache_bf16,val,wikics:val:000052:9d402c29e66ea4c0,52,52,large_h6_n10_s100_wikics_arxiv,9d402c29e66ea4c0512dc9a25029ae2df086560fbc652776c688794053e56213,3,0,0,0,0,0,57,0,1,0,1046.155822,1046.129150390625,912.502738,133.925417,68.64536367356777,26.321970857679844,7.306642830371857,548.151683062315,19.183712005615234,156.66444778442383,389.8383331298828,101.32073599100113,0.0,307.9765414595604,0.0,0.0,0.0,0.0,0.0,117.01590728759766,5.998367965221405,29.29046392440796,4.339805901050568
wikics,cache_bf16,val,wikics:val:000053:ed2693d240246643,53,53,large_h6_n10_s100_wikics_arxiv,ed2693d240246643addf6808c0115c2eed9d294dd989ee0fdb3375681b9cf25d,3,0,0,0,0,0,61,0,1,0,1145.834603,1145.8072509765625,1044.171291,101.801445,71.23712543398142,26.717434637248516,7.619300857186317,667.516733519733,19.222848892211914,251.66601181030273,414.84764862060547,107.90636798739433,0.0,326.5320643186569,0.0,0.0,0.0,0.0,0.0,201.88246154785156,10.77836787700653,31.888415813446045,7.190337538719177
wikics,cache_bf16,val,wikics:val:000054:a8e2f7ed77837d4b,54,54,large_h6_n10_s100_wikics_arxiv,a8e2f7ed77837d4b652e18f0316c93d7e0ed16853eb7f80344c9fee1ffa7073d,3,0,0,0,0,0,62,0,1,0,1146.096784,1146.070556640625,1028.736514,117.641447,71.56447973102331,26.270012371242046,7.669001817703247,685.348104685545,19.188640594482422,260.0874900817871,422.80908966064453,109.59728014469147,0.0,332.6386265158653,0.0,0.0,0.0,0.0,0.0,209.1437110900879,11.264415979385376,32.2192006111145,7.435203552246094
wikics,cache_bf16,val,wikics:val:000055:3c1e3f2074abd3c8,55,55,large_h6_n10_s100_wikics_arxiv,3c1e3f2074abd3c877291529fd1f3d17d7985de2b8671dbb87cc71e5b84081c3,3,0,0,0,0,0,63,0,1,0,1120.274957,1120.2489013671875,1013.149977,106.791723,76.50766801089048,26.342498138546944,7.945847697556019,604.3737027794123,19.270784378051758,169.86051177978516,432.7099838256836,110.97212791442871,0.0,341.1828163564205,0.0,0.0,0.0,0.0,0.0,126.13206481933594,6.404288053512573,32.644991874694824,4.676416635513306
wikics,cache_bf16,val,wikics:val:000056:efcb08cf59d1e854,56,56,large_h6_n10_s100_wikics_arxiv,efcb08cf59d1e85484c1341b5bc27bdb0c54c55af7ed792f8233e590836e90af,3,0,0,0,0,0,52,0,1,0,957.039666,957.0135498046875,850.288553,107.076835,59.9192725494504,26.272217743098736,6.528699770569801,524.2806756868958,19.285280227661133,171.7457275390625,351.208927154541,93.1968323290348,0.0,277.6320315003395,0.0,0.0,0.0,0.0,0.0,133.32307052612305,6.909536004066467,26.695424556732178,4.846753001213074
wikics,cache_bf16,val,wikics:val:000057:a3c7f395d320220a,57,57,large_h6_n10_s100_wikics_arxiv,a3c7f395d320220a49b18c10c43aaaf35b12e9f9b3cb44a936cd1bb76ea87e41,3,0,0,0,0,0,63,0,1,0,1116.649808,1116.6234130859375,1009.987488,107.683868,73.2842106372118,26.269848458468914,7.935975678265095,600.4831325262785,19.261760711669922,169.93139266967773,428.9568634033203,110.96623998880386,0.0,337.5974719822407,0.0,0.0,0.0,0.0,0.0,126.18774604797363,6.422176003456116,32.63663959503174,4.684831023216248
wikics,cache_bf16,val,wikics:val:000058:8074f83a06f99a82,58,58,large_h6_n10_s100_wikics_arxiv,8074f83a06f99a823ad68d64ea27ab58e9d24ea96ba8e9704f5e2377f3caced5,3,0,0,0,0,0,60,0,1,0,1085.141393,1085.1141357421875,967.867944,117.746071,69.52704396098852,26.099523529410362,7.556450553238392,598.3643243089318,19.234912872314453,182.48524856567383,414.0708770751953,106.02108833193779,0.0,327.43890887498856,0.0,0.0,0.0,0.0,0.0,139.3198413848877,7.146783947944641,30.906399726867676,5.110717415809631
wikics,cache_bf16,val,wikics:val:000059:21f4f0d64380bdda,59,59,large_h6_n10_s100_wikics_arxiv,21f4f0d64380bdda046d4cc1db9002aca0956e7f0f93cad73d32b7c41fab9a1f,3,0,0,0,0,0,63,0,1,0,1224.723405,1224.697021484375,1102.154388,122.688059,78.89007311314344,26.33375395089388,7.942305877804756,644.6740888059139,19.296768188476562,205.3804817199707,437.64220428466797,111.04223999381065,0.0,345.9137651026249,0.0,0.0,0.0,0.0,0.0,158.65420722961426,8.243615984916687,32.73097610473633,5.762012362480164
wikics,cache_bf16,val,wikics:val:000060:9dd18ea1fcd0219b,60,60,large_h6_n10_s100_wikics_arxiv,9dd18ea1fcd0219b60d99cd4a59d6991950025d43145db4f4bb3fd8b8b79fa86,3,0,0,0,0,0,64,0,1,0,1103.755146,1103.7396240234375,996.120519,106.989821,110.75586173683405,26.744631119072437,8.088338188827038,618.7067702412605,19.241376876831055,179.37641716003418,437.6607666015625,112.69299203157425,0.0,344.4793916940689,0.0,0.0,0.0,0.0,0.0,134.52374458312988,6.902207970619202,32.99404764175415,4.974912881851196
wikics,cache_bf16,val,wikics:val:000061:59ffc0873b2736bd,61,61,large_h6_n10_s100_wikics_arxiv,59ffc0873b2736bd1131d5f3759451a37bcf18ecedae90549af313f517e26f4f,3,0,0,0,0,0,62,0,1,0,1168.589242,1168.5621337890625,1049.634739,118.343561,72.87062332034111,26.749564334750175,7.840365171432495,612.2634131461382,19.27961540222168,188.21654510498047,422.3439025878906,109.39024004340172,0.0,332.5017276108265,0.0,0.0,0.0,0.0,0.0,143.6496639251709,7.392831921577454,31.93308734893799,5.255996108055115
wikics,cache_bf16,val,wikics:val:000062:cd046bf69ef46f20,62,62,large_h6_n10_s100_wikics_arxiv,cd046bf69ef46f204090fdd4878f751b1f18829050a54ec040957e600ad3cc68,3,0,0,0,0,0,62,0,1,0,1088.332282,1088.3060302734375,986.224763,102.171627,69.66189574450254,26.208252646028996,7.7338190749287605,634.690385311842,19.186464309692383,208.98441696166992,424.0745620727539,109.51654416322708,0.0,334.00320157408714,0.0,0.0,0.0,0.0,0.0,162.49539184570312,8.532127976417542,32.041728019714355,5.884096622467041
wikics,cache_bf16,val,wikics:val:000063:fdccf80ac6d5ed10,63,63,large_h6_n10_s100_wikics_arxiv,fdccf80ac6d5ed1031f1caf4ad0b8707e4063633f670534cc7316f4a63d581b6,3,0,0,0,0,0,63,0,1,0,1137.461096,1137.4339599609375,1035.328207,101.913746,72.94342014938593,26.601524092257023,8.015688508749008,666.3148477673531,19.15670394897461,232.64154052734375,432.0215606689453,111.28364825248718,0.0,340.2983931899071,0.0,0.0,0.0,0.0,0.0,183.58527946472168,9.718783974647522,32.809120178222656,6.597277998924255
wikics,cache_bf16,val,wikics:val:000064:c21d83b7a925b1f1,64,64,large_h6_n10_s100_wikics_arxiv,c21d83b7a925b1f1e3bf58aa888458f37c3c7959cc0860b33d5364e471f3be69,3,0,0,0,0,0,57,0,1,0,1092.864178,1092.8377685546875,991.723307,102.103301,64.56186529248953,26.522301137447357,7.055285386741161,575.1404613256454,19.199487686157227,187.29372596740723,386.33044052124023,101.23657578229904,0.0,304.52762401103973,0.0,0.0,0.0,0.0,0.0,145.04272079467773,7.548800110816956,29.411968231201172,5.281026482582092
wikics,cache_bf16,val,wikics:val:000065:8018dabccc7a098b,65,65,large_h6_n10_s100_wikics_arxiv,8018dabccc7a098b9082792cb6fdae67c3e451b13db77164ff6d6cbbfdbd5771,3,0,0,0,0,0,63,0,1,0,1108.832126,1108.8046875,1001.923333,107.001006,71.35402131825686,26.191416196525097,7.865588180720806,628.820676356554,19.258207321166992,200.9494743347168,426.1185989379883,111.0799041390419,0.0,334.555238366127,0.0,0.0,0.0,0.0,0.0,154.53356552124023,8.032447934150696,32.70934438705444,5.6287407875061035
wikics,cache_bf16,val,wikics:val:000066:70258368f4491f0c,66,66,large_h6_n10_s100_wikics_arxiv,70258368f4491f0c1f933e937a47280efcd886e3740f7d5b30af914ae2f65ae3,3,0,0,0,0,0,51,0,1,0,886.126678,886.1011962890625,763.560709,122.629506,58.82801581174135,26.176072657108307,6.530572660267353,481.1897249892354,19.19366455078125,126.63583946228027,353.3956489562988,91.49907186627388,0.0,281.23660945892334,0.0,0.0,0.0,0.0,0.0,92.55103969573975,4.66947203874588,25.94985580444336,3.4638392329216003
wikics,cache_bf16,val,wikics:val:000067:7139754de7086e77,67,67,large_h6_n10_s100_wikics_arxiv,7139754de7086e7765da5a2bc4d08a7109fb268c05df038a524b37555f626219,3,0,0,0,0,0,58,0,1,0,958.636228,958.6097412109375,841.815327,117.414711,66.2780785933137,26.45403239876032,7.269800640642643,558.7707459926605,19.31180763244629,157.18016052246094,399.98380279541016,102.84716802835464,0.0,316.5731465816498,0.0,0.0,0.0,0.0,0.0,117.19862365722656,5.970687985420227,29.627583980560303,4.375485301017761
wikics,cache_bf16,val,wikics:val:000068:d09d5c84fefc31fa,68,68,large_h6_n10_s100_wikics_arxiv,d09d5c84fefc31faa39227124c4a8196cf807ad304e4c22c39827c1e72c189a7,3,0,0,0,0,0,62,0,1,0,1094.481696,1094.455322265625,972.842808,122.641514,70.77402900904417,26.196674443781376,7.779726758599281,628.5328632220626,19.291839599609375,201.44256591796875,425.55382537841797,109.47110399603844,0.0,335.63292893767357,0.0,0.0,0.0,0.0,0.0,155.6717758178711,8.100191950798035,32.06873559951782,5.67770254611969
wikics,cache_bf16,val,wikics:val:000069:da8713a1886318f3,69,69,large_h6_n10_s100_wikics_arxiv,da8713a1886318f35bebbc1f6a260d9043f0f17461ca5357ede1eebbf97c39b9,3,0,0,0,0,0,63,0,1,0,1219.401087,1219.373291015625,1112.472034,107.334455,73.14563728868961,26.16828680038452,7.866032421588898,761.860491707921,19.289888381958008,326.03641510009766,433.6032028198242,111.28937613964081,0.0,341.76541116833687,0.0,0.0,0.0,0.0,0.0,269.1058540344238,14.709759950637817,33.07964849472046,9.312445878982544
wikics,cache_bf16,val,wikics:val:000070:c07c01ab1d837bee,70,70,large_h6_n10_s100_wikics_arxiv,c07c01ab1d837bee495fe549fb059614c21012d28950d436a260cad0b20e355e,3,0,0,0,0,0,62,0,1,0,1090.998613,1090.9705810546875,983.409744,107.201992,73.65687843412161,26.39907132834196,7.7733732759952545,609.8073851317167,19.289920806884766,183.3932819366455,424.8152313232422,109.37011235952377,0.0,335.09903904795647,0.0,0.0,0.0,0.0,0.0,139.17929458618164,7.18448007106781,31.957248210906982,5.12466824054718
wikics,cache_bf16,val,wikics:val:000071:a33e3d4cce48fcc3,71,71,large_h6_n10_s100_wikics_arxiv,a33e3d4cce48fcc3980549bc7f9e0f293f769fa36ec601986da634453cff0f01,3,0,0,0,0,0,61,0,1,0,1081.108032,1081.0919189453125,978.208891,101.949495,89.8864520713687,26.808541268110275,7.707186974585056,613.0719808861613,19.301536560058594,190.7210865020752,420.7157211303711,107.89747208356857,0.0,332.5323283970356,0.0,0.0,0.0,0.0,0.0,146.1997127532959,7.5002559423446655,31.64351987838745,5.34544050693512
wikics,cache_bf16,val,wikics:val:000072:f1151d716149ae48,72,72,large_h6_n10_s100_wikics_arxiv,f1151d716149ae48dbc85a7874ec59788c1e359220abb0af2364121fabe8da24,3,0,0,0,0,0,63,0,1,0,1226.340364,1226.3125,1124.062177,101.975896,74.33668710291386,26.285339146852493,7.783014327287674,704.8398107290268,19.270816802978516,276.74063873291016,426.44532012939453,111.13155180215836,0.0,334.7781530022621,0.0,0.0,0.0,0.0,0.0,223.72860717773438,12.106848001480103,33.001312255859375,7.903871297836304
wikics,cache_bf16,val,wikics:val:000073:4b3154d00ed508a1,73,73,large_h6_n10_s100_wikics_arxiv,4b3154d00ed508a163face2906b779bc860da600f6b41d6bca03a69eddd4dac0,3,0,0,0,0,0,63,0,1,0,1155.665106,1155.6385498046875,1048.357944,106.898933,71.05393428355455,27.061745524406433,7.833888754248619,645.4402599483728,19.209087371826172,215.15216445922852,428.0653381347656,111.02003175020218,0.0,336.5386501252651,0.0,0.0,0.0,0.0,0.0,167.5325756072998,8.815711855888367,32.80953645706177,6.047039866447449
wikics,cache_bf16,val,wikics:val:000074:63d8027fe96dbd40,74,74,large_h6_n10_s100_wikics_arxiv,63d8027fe96dbd400c3253b6fea3dff229a9d059b23d14f1f2fd66ad5dc976a6,3,0,0,0,0,0,62,0,1,0,1091.806318,1091.7789306640625,989.985983,101.789952,69.60777100175619,26.19772031903267,7.642418146133423,612.4525982886553,19.23356819152832,184.5246410369873,425.625,109.30479970574379,0.0,335.5562001168728,0.0,0.0,0.0,0.0,0.0,140.14348793029785,7.249503970146179,31.96604871749878,5.159747242927551
wikics,cache_bf16,val,wikics:val:000075:205fb8181f3470fd,75,75,large_h6_n10_s100_wikics_arxiv,205fb8181f3470fdbd1270150f71b5fca1cc9f81c402b312d394c3d904a0d37f,3,0,0,0,0,0,57,0,1,0,1011.565001,1011.5379028320312,903.485057,107.585018,65.24370051920414,26.794616132974625,7.145649753510952,555.4186012595892,19.27257537841797,168.68505668640137,385.2163848876953,101.29004815220833,0.0,303.485504090786,0.0,0.0,0.0,0.0,0.0,128.0182399749756,6.593663930892944,29.37833595275879,4.7069432735443115
wikics,cache_bf16,val,wikics:val:000076:ddb2213b21b70ae0,76,76,large_h6_n10_s100_wikics_arxiv,ddb2213b21b70ae0608c1c092117830fd7e17b1a716dacdda024759397179a65,3,0,0,0,0,0,64,0,1,0,1074.843026,1074.8143310546875,971.842434,102.623883,78.20542063564062,26.694150641560555,7.978329434990883,650.0677643343806,19.32307243347168,216.27852630615234,431.7259521484375,112.82227197289467,0.0,338.5749112069607,0.0,0.0,0.0,0.0,0.0,168.218656539917,8.842623949050903,33.13491153717041,6.110077619552612
wikics,cache_bf16,val,wikics:val:000077:f1913089890132b9,77,77,large_h6_n10_s100_wikics_arxiv,f1913089890132b93fdaffc173538a9f3a7d21ccce41a3e9e4c9795128d4bd45,3,0,0,0,0,0,59,0,1,0,1066.188209,1066.156494140625,943.481901,122.502287,76.70971751213074,26.76320355385542,7.431714795529842,557.8360874205828,19.31292724609375,155.03670501708984,401.37923431396484,104.67955186963081,0.0,316.37174674868584,0.0,0.0,0.0,0.0,0.0,114.76115226745605,5.812543988227844,30.20195198059082,4.261058986186981
wikics,cache_bf16,val,wikics:val:000078:0761a00cafcc55ff,78,78,large_h6_n10_s100_wikics_arxiv,0761a00cafcc55ff9fe63e26139f58aec60e88d6395fc46a23de2ad601161439,3,0,0,0,0,0,59,0,1,0,1138.788188,1138.76171875,1031.035287,107.434451,102.99087595194578,26.732775382697582,7.387131452560425,616.7714046314359,19.20863914489746,215.9877471923828,398.21400451660156,104.71180799603462,0.0,313.0421325266361,0.0,0.0,0.0,0.0,0.0,170.6140480041504,8.933152079582214,30.295968532562256,6.144578576087952
wikics,cache_bf16,val,wikics:val:000079:2fe77eb4bcc2fb53,79,79,large_h6_n10_s100_wikics_arxiv,2fe77eb4bcc2fb53c2211e341bc094a3a30350f3b9232464ae3b32fe2ec8eddd,3,0,0,0,0,0,61,0,1,0,1072.763379,1072.736328125,967.478244,102.40525,71.51954714208841,26.74917969852686,7.613468915224075,625.9330520406365,19.334880828857422,210.3194580078125,414.00486755371094,107.74975973367691,0.0,325.74467623233795,0.0,0.0,0.0,0.0,0.0,163.9481601715088,8.655744075775146,31.77724838256836,5.9278764724731445
wikics,cache_bf16,val,wikics:val:000080:78e4b73fcf74884b,80,80,large_h6_n10_s100_wikics_arxiv,78e4b73fcf74884bd0f9d8224587705bf2a860666e91c84c032b4c3d0586467b,3,0,0,0,0,0,61,0,1,0,1080.127485,1080.099609375,978.197674,102.057308,73.7197445705533,26.749503798782825,7.5661055743694305,607.4494142085314,19.299232482910156,191.52988815307617,413.6282272338867,107.841952085495,0.0,325.37549036741257,0.0,0.0,0.0,0.0,0.0,146.86019134521484,7.57913613319397,31.73248052597046,5.358080148696899
wikics,cache_bf16,val,wikics:val:000081:20ce9780b00f15b5,81,81,large_h6_n10_s100_wikics_arxiv,20ce9780b00f15b52811a677413a49886c9d562891b0f085e645f3da627331e0,3,0,0,0,0,0,62,0,1,0,1081.975049,1081.948974609375,979.78336,102.308869,70.72672620415688,26.790129952132702,7.629083469510078,632.9490141943097,19.2139835357666,209.30653381347656,422.00860595703125,109.37632021307945,0.0,331.98626974225044,0.0,0.0,0.0,0.0,0.0,162.73369598388672,8.586496114730835,32.107295989990234,5.889954328536987
wikics,cache_bf16,val,wikics:val:000082:15505e4df399c749,82,82,large_h6_n10_s100_wikics_arxiv,15505e4df399c7492f629e9c7965cca92311ad45c4e2d4f2a65ee42f5ca8ba25,3,0,0,0,0,0,59,0,1,0,1077.319809,1077.2921142578125,974.90874,102.095825,68.26011184602976,26.12965926527977,7.301750592887402,619.6316564455628,19.191648483276367,216.5662078857422,401.51427459716797,104.47843191027641,0.0,316.17539474368095,0.0,0.0,0.0,0.0,0.0,171.02886199951172,9.001984000205994,30.371967792510986,6.163394093513489
wikics,cache_bf16,val,wikics:val:000083:a7ba3d44aa7499fe,83,83,large_h6_n10_s100_wikics_arxiv,a7ba3d44aa7499fee1445d9215d7a72b29cbdb6a49ba0da38d84ee982ee40490,3,0,0,0,0,0,56,0,1,0,960.547144,960.5216674804688,857.801089,102.436616,67.34895054250956,26.170882396399975,6.812826730310917,513.6458622291684,19.222496032714844,132.52483367919922,379.63161849975586,99.56300806999207,0.0,299.508674710989,0.0,0.0,0.0,0.0,0.0,95.6109447479248,4.794143974781036,28.501215934753418,3.6097270846366882
wikics,cache_bf16,val,wikics:val:000084:35732c8658931b86,84,84,large_h6_n10_s100_wikics_arxiv,35732c8658931b8612504cc455b6580ea44423ed7f94899d50f3c900f855d03c,3,0,0,0,0,0,59,0,1,0,1079.193361,1079.159912109375,977.151236,102.14081,68.1130001321435,26.16582065820694,7.309787906706333,620.8443213254213,19.260543823242188,216.342041015625,403.0020065307617,104.55539226531982,0.0,317.71973356604576,0.0,0.0,0.0,0.0,0.0,170.82614517211914,9.001216173171997,30.367583751678467,6.144444704055786
wikics,cache_bf16,val,wikics:val:000085:39693add84393c3e,85,85,large_h6_n10_s100_wikics_arxiv,39693add84393c3e86597303a982f69e8c2c131c841d86b3540fc8836693ee22,3,0,0,0,0,0,57,0,1,0,1007.126975,1007.0999145507812,904.210535,102.160821,84.80136562138796,26.411596685647964,7.029579021036625,560.1723399013281,19.281824111938477,168.73104095458984,389.9633331298828,101.15311986207962,0.0,308.1433014571667,0.0,0.0,0.0,0.0,0.0,128.04873657226562,6.590144038200378,29.387360095977783,4.710142970085144
wikics,cache_bf16,val,wikics:val:000086:6154d20de82ca154,86,86,large_h6_n10_s100_wikics_arxiv,6154d20de82ca154d31dc1757ffb5df0b6b9fab72293c3c0850611659ced11c3,3,0,0,0,0,0,59,0,1,0,1069.893374,1069.8636474609375,952.664206,118.348441,104.62805442512035,26.98537241667509,7.288315333425999,563.7842612341046,19.219648361206055,154.93811416625977,407.1224594116211,104.41190457344055,0.0,321.8083465099335,0.0,0.0,0.0,0.0,0.0,114.68665504455566,5.812575995922089,30.18604803085327,4.260131657123566
wikics,cache_bf16,val,wikics:val:000087:2d8e1c91732f7fc9,87,87,large_h6_n10_s100_wikics_arxiv,2d8e1c91732f7fc9dc9d186a2ca2f383b734021eb501adc5b8e0ed0ef87a507d,3,0,0,0,0,0,61,0,1,0,1089.631575,1089.6051025390625,971.341599,117.936915,75.61695296317339,26.7128674313426,7.537601515650749,596.2873380631208,19.24835205078125,178.91884803771973,415.7514343261719,107.76540771126747,0.0,327.4182813167572,0.0,0.0,0.0,0.0,0.0,135.29916763305664,6.939488053321838,31.647072315216064,4.987486720085144
wikics,cache_bf16,val,wikics:val:000088:edf1f65b0215397f,88,88,large_h6_n10_s100_wikics_arxiv,edf1f65b0215397f7db64f2b0af499b296dd7db24bda5492ace4393562a0e0a3,3,0,0,0,0,0,63,0,1,0,1158.804511,1158.7711181640625,1051.536101,106.924252,74.62496683001518,26.787245646119118,7.656366564333439,647.0647258684039,19.25619125366211,215.5057258605957,430.0236129760742,110.9197119474411,0.0,338.1841241121292,0.0,0.0,0.0,0.0,0.0,167.74963188171387,8.85804808139801,32.82569599151611,6.066371917724609
wikics,cache_bf16,val,wikics:val:000089:cc473da6146fe84a,89,89,large_h6_n10_s100_wikics_arxiv,cc473da6146fe84a261cfc81f796542bafb0eacffffc7c8a2c614f0834c25fc7,3,0,0,0,0,0,60,0,1,0,1103.990862,1103.964111328125,1000.564206,102.210349,70.00189740210772,26.241174899041653,7.220284081995487,626.6715554520488,19.283584594726562,213.11017990112305,411.9747543334961,106.17100819945335,0.0,325.0873307287693,0.0,0.0,0.0,0.0,0.0,167.12269020080566,8.87171196937561,31.08239984512329,6.045276641845703
wikics,cache_bf16,val,wikics:val:000090:04f10178109bc189,90,90,large_h6_n10_s100_wikics_arxiv,04f10178109bc18987c0d161e505acc91bd5670d8f9419c8668ecccb3d4a4fea,3,0,0,0,0,0,63,0,1,0,1182.579215,1182.5509033203125,1061.962692,118.32163,72.97311723232269,26.777888648211956,7.786727510392666,644.7580698877573,19.259775161743164,214.29014587402344,428.7454071044922,111.28460830450058,0.0,337.1329593062401,0.0,0.0,0.0,0.0,0.0,166.65081596374512,8.752096056938171,32.862112045288086,6.01603376865387
wikics,cache_bf16,val,wikics:val:000091:6005ecd7d5ac622d,91,91,large_h6_n10_s100_wikics_arxiv,6005ecd7d5ac622de1a177d20f147dd9d8a3627c61c0d028b05dbd49891ee46f,3,0,0,0,0,0,55,0,1,0,980.342718,980.315185546875,872.871376,107.459083,63.759468495845795,26.80137474089861,6.822536699473858,535.4770421981812,19.287328720092773,157.8408966064453,376.1716499328613,97.94265586137772,0.0,297.5163227915764,0.0,0.0,0.0,0.0,0.0,119.2340145111084,6.104000091552734,28.10048007965088,4.402401924133301
wikics,cache_bf16,val,wikics:val:000092:73a973d4261a61c9,92,92,large_h6_n10_s100_wikics_arxiv,73a973d4261a61c9ab186d29b44931ed7c5bff0e00c5110bc7a221fbb62df03c,3,0,0,0,0,0,62,0,1,0,1120.110733,1120.0828857421875,1002.300385,117.834973,73.71304742991924,26.225012727081776,7.488654926419258,683.0198876559734,19.280895233154297,260.21116638183594,422.1644821166992,109.40444806218147,0.0,332.22857731580734,0.0,0.0,0.0,0.0,0.0,209.3883171081543,11.220160007476807,32.1878719329834,7.434464931488037
wikics,cache_bf16,val,wikics:val:000093:d724956d62b3a7fc,93,93,large_h6_n10_s100_wikics_arxiv,d724956d62b3a7fcacd941394e399a7d05dc8293c6783e71baa7f6861404e482,3,0,0,0,0,0,62,0,1,0,1359.869947,1359.840576171875,1241.527967,117.986671,305.93749321997166,26.63253340870142,7.695641368627548,683.4635557606816,19.195968627929688,259.8706245422363,421.8342742919922,109.4206083714962,0.0,331.6096345484257,0.0,0.0,0.0,0.0,0.0,208.951171875,11.246943831443787,32.22812843322754,7.421724915504456
wikics,cache_bf16,val,wikics:val:000094:3184012ce3fd116b,94,94,large_h6_n10_s100_wikics_arxiv,3184012ce3fd116b5a1c75421824747786bb2b0fd93fb15f6e13f67525491820,3,0,0,0,0,0,62,0,1,0,1126.952391,1126.926025390625,1004.40189,122.710662,70.95741480588913,26.086858473718166,7.523128762841225,682.751608081162,19.223712921142578,260.79315185546875,420.1457061767578,109.74022394418716,0.0,328.673514932394,0.0,0.0,0.0,0.0,0.0,209.7938232421875,11.291872024536133,32.26822376251221,7.4355528354644775
wikics,cache_bf16,val,wikics:val:000095:5896bd7e52cfe097,95,95,large_h6_n10_s100_wikics_arxiv,5896bd7e52cfe097327cd8ed639653674c955ddf369bc55d1960b629703e361e,3,0,0,0,0,0,63,0,1,0,1168.592474,1168.5654296875,1050.561817,117.697605,72.01151922345161,26.62699017673731,7.612039335072041,695.8884140476584,19.19811248779297,264.42723083496094,430.2493438720703,111.31369596719742,0.0,338.2782711982727,0.0,0.0,0.0,0.0,0.0,212.45123291015625,11.437152028083801,33.03718376159668,7.5239726305007935
wikics,cache_bf16,val,wikics:val:000096:e0d75fdd10f22e74,96,96,large_h6_n10_s100_wikics_arxiv,e0d75fdd10f22e74abcf3b05065d2374d4d1eeea4d96c2ce62fec18e8e1931fd,3,0,0,0,0,0,55,0,1,0,948.397406,948.3709106445312,841.759299,107.335401,66.9690864160657,26.342312805354595,6.7038629204034805,550.3626335412264,19.292640686035156,174.0689296722412,375.0956115722656,97.91670414805412,0.0,296.4807003438473,0.0,0.0,0.0,0.0,0.0,134.06092643737793,6.9499839544296265,28.142048358917236,4.9159709215164185
wikics,cache_bf16,val,wikics:val:000097:4ecd8b7732146f0e,97,97,large_h6_n10_s100_wikics_arxiv,4ecd8b7732146f0ead756c272e471e92c7481de63dcac7feb1ad635935de08c1,3,0,0,0,0,0,60,0,1,0,1201.80481,1201.7763671875,1099.328833,102.147896,101.06554999947548,26.772625744342804,7.224409841001034,586.8251621723175,19.24652862548828,176.17987060546875,409.55525970458984,106.09449595212936,0.0,322.8677721917629,0.0,0.0,0.0,0.0,0.0,133.45046424865723,6.852960109710693,30.95996856689453,4.9163818359375
wikics,cache_bf16,val,wikics:val:000098:255280efcfde1df9,98,98,large_h6_n10_s100_wikics_arxiv,255280efcfde1df920001e1b4a297d5150dfa6e921b32d68249ba5b73836e939,3,0,0,0,0,0,60,0,1,0,1093.431624,1093.404052734375,986.10185,106.90071,72.51028250902891,26.336741633713245,7.235492579638958,625.7552141323686,19.297887802124023,213.25571060180664,410.5398254394531,106.25196799635887,0.0,323.4222892820835,0.0,0.0,0.0,0.0,0.0,167.34556579589844,8.836095929145813,31.060096263885498,6.037949919700623
wikics,cache_bf16,val,wikics:val:000099:d4fd256fb5152e8f,99,99,large_h6_n10_s100_wikics_arxiv,d4fd256fb5152e8f5140b8ef9594c080c5b38ea41b17aceb83bda8b99e776f76,3,0,0,0,0,0,63,0,1,0,1116.65977,1116.6326904296875,1008.233402,107.426046,77.12238188832998,26.282157748937607,7.561847567558289,612.8214625641704,19.24847984313965,183.13859367370605,427.79209899902344,110.88863971829414,0.0,336.3949461877346,0.0,0.0,0.0,0.0,0.0,138.2319049835205,7.076287865638733,32.793216705322266,5.069888949394226
wikics,cache_bf16,test,wikics:test:000000:b39e9f309eb7b7ab,100,0,large_h6_n10_s100_wikics_arxiv,b39e9f309eb7b7abbfb6ef032cc0f27946bd2af7f6ca83076ea40eb13bf61862,3,0,0,0,0,0,59,0,1,0,1179.913534,1179.86328125,1071.33981,107.135751,183.14669746905565,31.43681399524212,7.519028149545193,612.4190529808402,20.355680465698242,203.86275100708008,406.82374572753906,104.87545591592789,0.0,322.6092178225517,0.0,0.0,0.0,0.0,0.0,159.10262298583984,8.28054392337799,30.250527381896973,6.22034764289856
wikics,cache_bf16,test,wikics:test:000001:114baa3a3e60d438,101,1,large_h6_n10_s100_wikics_arxiv,114baa3a3e60d43877ff9471825f00544b60fc4b458c41f176d3a2b17a3e68ec,3,0,0,0,0,0,62,0,1,0,1148.689279,1148.661865234375,1046.317252,102.225662,85.4759281501174,27.851509861648083,7.493666373193264,654.7025004401803,19.1560001373291,229.78159713745117,422.9555206298828,109.4322239458561,0.0,332.7421449124813,0.0,0.0,0.0,0.0,0.0,181.48752212524414,9.629055976867676,32.12889623641968,6.543295383453369
wikics,cache_bf16,test,wikics:test:000002:5b151751c4684bba,102,2,large_h6_n10_s100_wikics_arxiv,5b151751c4684bba603799d005ae26aae4aacdec132f6ce0e7224bc86c03f917,3,0,0,0,0,0,61,0,1,0,1017.5423,1017.5162353515625,915.097788,102.101003,72.06548936665058,26.848116889595985,7.431073114275932,586.54326479882,19.20364761352539,174.02208137512207,411.3638458251953,107.6581118106842,0.0,323.0993653535843,0.0,0.0,0.0,0.0,0.0,130.81411170959473,6.6994558572769165,31.671424388885498,4.8355854749679565
wikics,cache_bf16,test,wikics:test:000003:122e1f58b400bded,103,3,large_h6_n10_s100_wikics_arxiv,122e1f58b400bdeddb1f6c0405804f1582b84056ad4f8eec0c0c0b813cd6b9d1,3,0,0,0,0,0,57,0,1,0,1027.361964,1027.3353271484375,920.64805,107.093987,67.91524309664965,26.03311650454998,6.939733400940895,569.4409143179655,19.261823654174805,184.31644821166992,383.6227836608887,101.10547217726707,0.0,301.97110399603844,0.0,0.0,0.0,0.0,0.0,142.3057918548584,7.424543857574463,29.410079956054688,5.207775831222534
wikics,cache_bf16,test,wikics:test:000004:c438a01544bd1b9c,104,4,large_h6_n10_s100_wikics_arxiv,c438a01544bd1b9cc5f15f45a32edd97056d0be72872e2ce33fee2f6660df03c,3,0,0,0,0,0,62,0,1,0,1392.077185,1392.0614013671875,1288.685385,102.141617,341.70274157077074,27.405599132180214,7.628795690834522,650.7299123331904,19.175743103027344,230.5506248474121,418.6966094970703,109.43404790759087,0.0,328.60048085451126,0.0,0.0,0.0,0.0,0.0,182.20892906188965,9.679359912872314,32.16940784454346,6.538845539093018
wikics,cache_bf16,test,wikics:test:000005:b256e9b37f8f8b31,105,5,large_h6_n10_s100_wikics_arxiv,b256e9b37f8f8b317821e74669f3f8f611b5cf3505734f75329e0e0252627528,3,0,0,0,0,0,56,0,1,0,1050.570521,1050.543212890625,911.761726,138.490494,66.06565229594707,26.390070095658302,6.921260617673397,551.8225589767098,19.19753646850586,172.53766250610352,377.79843521118164,99.45926383137703,0.0,297.74173179268837,0.0,0.0,0.0,0.0,0.0,132.22636604309082,6.87827205657959,28.558751583099365,4.858242511749268
wikics,cache_bf16,test,wikics:test:000006:19b231ef2406ed8c,106,6,large_h6_n10_s100_wikics_arxiv,19b231ef2406ed8c583458561709494bbc1d7dae0c38f2245ae028dc2ffe7fa7,3,0,0,0,0,0,57,0,1,0,1048.225684,1048.1978759765625,925.200664,123.032537,65.94047043472528,26.370428502559662,6.942682899534702,573.9854006096721,19.171648025512695,186.4253444671631,386.47985076904297,101.30278372764587,0.0,304.5891945064068,0.0,0.0,0.0,0.0,0.0,144.2279052734375,7.466528058052063,29.460928440093994,5.269982695579529
wikics,cache_bf16,test,wikics:test:000007:c8e944e20f3aef4c,107,7,large_h6_n10_s100_wikics_arxiv,c8e944e20f3aef4cfb52bf00e40496a22f24a1730839bd0d16e6d5fc47d43319,3,0,0,0,0,0,59,0,1,0,1075.693314,1075.6661376953125,957.816675,117.560105,69.23714373260736,26.157118380069733,7.185160182416439,593.4184389188886,19.192224502563477,189.80928230285645,402.2804183959961,104.23056012392044,0.0,317.24208277463913,0.0,0.0,0.0,0.0,0.0,146.58223915100098,7.614431977272034,30.27903985977173,5.344579339027405
wikics,cache_bf16,test,wikics:test:000008:80f4d51321480518,108,8,large_h6_n10_s100_wikics_arxiv,80f4d513214805184fc45f848c55366ad73f2d780b9e9fa1d3760718f24fe44f,3,0,0,0,0,0,62,0,1,0,1198.825357,1198.80859375,1090.378157,107.141163,72.78367504477501,26.949419640004635,7.658670656383038,700.3021193668246,19.257919311523438,276.55807876586914,421.72093200683594,109.43414390087128,0.0,331.3422451019287,0.0,0.0,0.0,0.0,0.0,224.2366714477539,12.157600045204163,32.30300807952881,7.917022705078125
wikics,cache_bf16,test,wikics:test:000009:7fd456811cef22b6,109,9,large_h6_n10_s100_wikics_arxiv,7fd456811cef22b63a623796ffc6b064d8dc50e1731aaf1160cff91619785d8c,3,0,0,0,0,0,62,0,1,0,1156.824782,1156.7978515625,1054.708236,101.999664,73.33533186465502,28.536717407405376,7.783976383507252,638.4913809597492,19.186111450195312,215.0738525390625,422.1196746826172,109.27510398626328,0.0,331.92716857790947,0.0,0.0,0.0,0.0,0.0,168.04009819030762,8.83676815032959,32.10531234741211,6.078074097633362
wikics,cache_bf16,test,wikics:test:000010:3bcd951b5cb81ae3,110,10,large_h6_n10_s100_wikics_arxiv,3bcd951b5cb81ae38ac9208e0fdf47eb902372cd8bdef981aa9f248046da9215,3,0,0,0,0,0,64,0,1,0,1101.048039,1101.0203857421875,993.869534,106.868233,76.52873452752829,27.362932451069355,7.887211628258228,630.2607823163271,19.2674560546875,191.08348846435547,437.1344223022461,112.45548817515373,0.0,343.5579109489918,0.0,0.0,0.0,0.0,0.0,145.23276710510254,7.470911979675293,33.05843162536621,5.321377754211426
wikics,cache_bf16,test,wikics:test:000011:926e4c10c89dc024,111,11,large_h6_n10_s100_wikics_arxiv,926e4c10c89dc02467e14a1cc74f902f663f97c9be62c39a2c5a637785f62540,3,0,0,0,0,0,58,0,1,0,1070.446558,1070.4205322265625,947.299478,122.804931,66.45332742482424,26.33771114051342,7.181921042501926,590.6711742281914,19.20969581604004,194.87833404541016,393.49805450439453,102.77251216769218,0.0,309.96301451325417,0.0,0.0,0.0,0.0,0.0,151.78057479858398,7.8484801054000854,29.72563123703003,5.521473288536072
wikics,cache_bf16,test,wikics:test:000012:948f281fa8e149ed,112,12,large_h6_n10_s100_wikics_arxiv,948f281fa8e149ed9febadd04e2e85b6e036139c74d1b69c8fe17fa0526eea7b,3,0,0,0,0,0,53,0,1,0,922.43105,922.4053344726562,799.690611,122.410944,62.53734789788723,26.71479620039463,6.571777164936066,504.1131842881441,19.247711181640625,142.3244457244873,360.6536979675293,94.73775979876518,0.0,285.41235303878784,0.0,0.0,0.0,0.0,0.0,105.6606388092041,5.366912007331848,27.36070442199707,3.9361904859542847
wikics,cache_bf16,test,wikics:test:000013:872bb9df273ad109,113,13,large_h6_n10_s100_wikics_arxiv,872bb9df273ad1091abe85ef20ec42adedd38c5e9536cb98d6587aade4d6f979,3,0,0,0,0,0,62,0,1,0,1079.974218,1079.9461669921875,976.70222,101.69509,74.19291231781244,26.732021011412144,7.646697573363781,669.2370651289821,19.276992797851562,246.22227096557617,421.3806381225586,109.49945613741875,0.0,331.2302710711956,0.0,0.0,0.0,0.0,0.0,196.5230369567871,10.51961600780487,32.18614435195923,7.008542776107788
wikics,cache_bf16,test,wikics:test:000014:557ddebe91684e6e,114,14,large_h6_n10_s100_wikics_arxiv,557ddebe91684e6e1d7adc8d5728380c715b186f05cc9e5b854bd8f140a2f512,3,0,0,0,0,0,54,0,1,0,986.517909,986.490478515625,863.493914,122.770065,63.061987049877644,26.094828732311726,6.668480113148689,565.7522371038795,19.260032653808594,198.44678497314453,366.4723243713379,96.45065596699715,0.0,289.3566447496414,0.0,0.0,0.0,0.0,0.0,156.68175888061523,8.256287932395935,27.82319974899292,5.685538411140442
wikics,cache_bf16,test,wikics:test:000015:32677b4eee65e40a,115,15,large_h6_n10_s100_wikics_arxiv,32677b4eee65e40ae6a165981814df6d211d2bbf09bed9be523649a4f29c7126,3,0,0,0,0,0,46,0,1,0,823.293057,823.2666015625,715.470886,107.324163,52.97854635864496,26.38168726116419,5.701499059796333,423.7931640818715,19.376415252685547,108.82483291625977,313.91647720336914,83.29679989814758,0.0,250.4105888903141,0.0,0.0,0.0,0.0,0.0,78.0671033859253,3.953663945198059,23.838624000549316,2.965441584587097
wikics,cache_bf16,test,wikics:test:000016:c0475eb283dbd143,116,16,large_h6_n10_s100_wikics_arxiv,c0475eb283dbd1439a7826b0099b1b55085b16bdbb6d9c323473b401ba40a131,3,0,0,0,0,0,56,0,1,0,982.277808,982.2506713867188,874.218429,107.033804,70.98344806581736,26.74435544759035,6.903915666043758,533.6043406277895,19.213279724121094,152.62867164611816,379.76505279541016,99.40268790721893,0.0,299.6611804962158,0.0,0.0,0.0,0.0,0.0,114.05123329162598,5.798207938671112,28.53763198852539,4.241598427295685
wikics,cache_bf16,test,wikics:test:000017:4a1cc5182ee6a7b2,117,17,large_h6_n10_s100_wikics_arxiv,4a1cc5182ee6a7b21bcc02e720e79abc58a3736448065e57d132aabb574e1ce0,3,0,0,0,0,0,56,0,1,0,972.726609,972.6964721679688,865.127637,107.267719,76.33448392152786,26.792999356985092,6.866096518933773,534.4678238034248,19.334272384643555,152.63321495056152,380.5320930480957,99.41087993979454,0.0,300.46553257107735,0.0,0.0,0.0,0.0,0.0,114.06351852416992,5.8022080063819885,28.52995204925537,4.237536370754242
wikics,cache_bf16,test,wikics:test:000018:52ed896d72d1921f,118,18,large_h6_n10_s100_wikics_arxiv,52ed896d72d1921f5bfad1ba37c773faef5be83e39838a0b7c5f273e111c94c2,3,0,0,0,0,0,61,0,1,0,1075.077011,1075.0489501953125,967.889994,106.852692,71.50219567120075,27.138336561620235,7.497983053326607,640.9746911376715,19.19148826599121,225.06099319458008,414.94095611572266,107.73622408509254,0.0,326.49113243818283,0.0,0.0,0.0,0.0,0.0,177.35446166992188,9.423648118972778,31.870720863342285,6.374403238296509
wikics,cache_bf16,test,wikics:test:000019:d818f5b8cb6d7e5d,119,19,large_h6_n10_s100_wikics_arxiv,d818f5b8cb6d7e5debed18cf27d69c8839f643f32da6837d6996ba8668450d55,3,0,0,0,0,0,61,0,1,0,1022.573245,1022.5462036132812,915.068001,107.170498,72.21070397645235,26.162460446357727,7.486059330403805,639.9497808888555,19.209856033325195,224.2647361755371,414.2040328979492,107.80691188573837,0.0,325.62732887268066,0.0,0.0,0.0,0.0,0.0,176.59900665283203,9.430335998535156,31.857279300689697,6.372129917144775
wikics,cache_bf16,test,wikics:test:000020:ab0922f67c5fbbe5,120,20,large_h6_n10_s100_wikics_arxiv,ab0922f67c5fbbe5719b9057d130d798ebe62c82eda3b9e6779d10b62a0ab03e,3,0,0,0,0,0,63,0,1,0,1196.681247,1196.6527099609375,1094.181026,102.173077,75.2159720286727,26.128184981644154,7.629444822669029,733.853199519217,19.27129554748535,307.7284469604492,428.06671142578125,111.08335986733437,0.0,336.4057827889919,0.0,0.0,0.0,0.0,0.0,252.16339111328125,13.51801609992981,33.003615856170654,8.759591341018677
wikics,cache_bf16,test,wikics:test:000021:5d453ee1cd5d59f9,121,21,large_h6_n10_s100_wikics_arxiv,5d453ee1cd5d59f93beec8e6bbfa80c2f22adbd82be2f4d0eac68cd4736cd8ab,3,0,0,0,0,0,56,0,1,0,1072.335639,1072.3079833984375,964.842693,107.134755,66.77758693695068,26.216469705104828,6.955457851290703,564.3907282501459,19.210975646972656,180.8566074371338,382.4103355407715,99.47868779301643,0.0,302.21420735120773,0.0,0.0,0.0,0.0,0.0,139.87615966796875,7.293216109275818,28.582047939300537,5.101250767707825
wikics,cache_bf16,test,wikics:test:000022:066e9ba55552f1f8,122,22,large_h6_n10_s100_wikics_arxiv,066e9ba55552f1f8a73072514a22f5d6757c92f4c0398e291fc015deb88b7b88,3,0,0,0,0,0,64,0,1,0,1279.392092,1279.372802734375,1170.882136,107.820016,83.70777685195208,26.681017130613327,7.98752810806036,799.4978604838252,19.283935546875,364.4030418395996,435.1928939819336,112.8808316886425,0.0,341.7630054652691,0.0,0.0,0.0,0.0,0.0,304.3175048828125,16.394367933273315,33.34723138809204,10.339555025100708
wikics,cache_bf16,test,wikics:test:000023:f77a6bf6e6e7e71b,123,23,large_h6_n10_s100_wikics_arxiv,f77a6bf6e6e7e71b5e5ecd0307e4293065f4fee80788b61911368457a6d1a604,3,0,0,0,0,0,59,0,1,0,1000.348544,1000.3212280273438,897.552448,102.454092,71.47591840475798,26.781510561704636,7.308628410100937,563.0565769970417,19.347455978393555,160.58748817443848,401.33679962158203,104.41315227746964,0.0,316.35785511136055,0.0,0.0,0.0,0.0,0.0,119.8243522644043,6.086912035942078,30.235264778137207,4.440959095954895
wikics,cache_bf16,test,wikics:test:000024:000a2a73e51d5345,124,24,large_h6_n10_s100_wikics_arxiv,000a2a73e51d53459dc7e58576aaddb15d29ac4a73b00401f136569f75d2f6b8,3,0,0,0,0,0,56,0,1,0,1064.252179,1064.2244873046875,925.272548,138.644605,67.06602405756712,26.606974191963673,7.024681195616722,555.157863534987,19.23356819152832,172.48144149780273,381.5304641723633,99.50579196214676,0.0,301.3364162147045,0.0,0.0,0.0,0.0,0.0,132.16291046142578,6.863327980041504,28.586527824401855,4.866846203804016
wikics,cache_bf16,test,wikics:test:000025:1424ce3b3bad84d4,125,25,large_h6_n10_s100_wikics_arxiv,1424ce3b3bad84d47085b76cd2ca72fa2d01ab4c8eb0cee9f0854c07ffcbbf64,3,0,0,0,0,0,63,0,1,0,1100.671828,1100.6434326171875,992.820391,107.513485,77.25854869931936,26.522074826061726,7.845651358366013,628.0086152255535,19.206880569458008,199.14611434936523,428.0968933105469,110.90681582689285,0.0,336.52159798145294,0.0,0.0,0.0,0.0,0.0,152.7991065979004,7.912224173545837,32.84220790863037,5.549505829811096
wikics,cache_bf16,test,wikics:test:000026:6fabdd7e6fa1c9b0,126,26,large_h6_n10_s100_wikics_arxiv,6fabdd7e6fa1c9b0791ff71909878258781591a7720f48a6507ad37df16a4ca1,3,0,0,0,0,0,61,0,1,0,1127.219058,1127.191650390625,1019.698989,107.171291,74.91668127477169,26.707405224442482,7.501216605305672,653.4804841503501,19.243328094482422,236.8807029724121,415.0967025756836,107.91942378878593,0.0,326.66156658530235,0.0,0.0,0.0,0.0,0.0,188.2566089630127,10.003935933113098,31.936160564422607,6.724032640457153
wikics,cache_bf16,test,wikics:test:000027:df55b940083f1bf1,127,27,large_h6_n10_s100_wikics_arxiv,df55b940083f1bf1f1f72918358a0a21b17b5b59208e8033f0571bcddd8aab82,3,0,0,0,0,0,62,0,1,0,1331.405233,1331.376953125,1223.182796,107.87059,76.92366186529398,26.759342290461063,7.642550393939018,778.2414518296719,19.304351806640625,353.11859130859375,423.4924545288086,109.6843518614769,0.0,333.24279031157494,0.0,0.0,0.0,0.0,0.0,294.75747299194336,16.01420783996582,32.43215990066528,10.028282165527344
wikics,cache_bf16,test,wikics:test:000028:bb2e0546b88fa929,128,28,large_h6_n10_s100_wikics_arxiv,bb2e0546b88fa929e4ad473dbd223f632fce04a3717e5e2390426e3af27fddfb,3,0,0,0,0,0,57,0,1,0,1055.342954,1055.3154296875,931.891403,123.106374,68.72365437448025,26.562267914414406,6.971451453864574,572.3082954064012,19.265247344970703,186.62502479553223,384.56249618530273,101.14614388346672,0.0,302.84633523225784,0.0,0.0,0.0,0.0,0.0,144.38848114013672,7.474720120429993,29.489503383636475,5.27420699596405
wikics,cache_bf16,test,wikics:test:000029:354b8d27549aa637,129,29,large_h6_n10_s100_wikics_arxiv,354b8d27549aa637c29bd706bc1b1d4c8e164bb524dbb43ff574695c37d49b21,3,0,0,0,0,0,63,0,1,0,1115.539497,1115.5123291015625,1012.918402,102.266652,76.93166844546795,26.53538156300783,7.719565182924271,642.3665871843696,19.232479095458984,215.36281204223633,425.8267822265625,111.00499227643013,0.0,334.22428530454636,0.0,0.0,0.0,0.0,0.0,167.60614204406738,8.817248106002808,32.898752212524414,6.044957756996155
wikics,cache_bf16,test,wikics:test:000030:4a41086e390dbe51,130,30,large_h6_n10_s100_wikics_arxiv,4a41086e390dbe51ecd9f27bdf84a1f2aed65d44410ce97f0e5f6a2d66d349b1,3,0,0,0,0,0,59,0,1,0,1023.834438,1023.80810546875,920.898369,102.501266,73.52298591285944,26.4182947576046,7.328726351261139,603.3235490322113,19.28633689880371,202.91733932495117,399.5759048461914,104.55388814210892,0.0,314.52067345380783,0.0,0.0,0.0,0.0,0.0,158.51708793640137,8.237088084220886,30.332767963409424,5.765121340751648
wikics,cache_bf16,test,wikics:test:000031:cafc1e78b99470a1,131,31,large_h6_n10_s100_wikics_arxiv,cafc1e78b99470a1de15d16216655833dd9034daaf7ae6b5386e2d52952fddae,3,0,0,0,0,0,64,0,1,0,1084.926262,1084.8994140625,981.932689,102.262116,82.49893598258495,26.51169430464506,7.8691355884075165,673.068598844111,19.306432723999023,234.71171188354492,437.17871856689453,112.7316797375679,0.0,343.8051514029503,0.0,0.0,0.0,0.0,0.0,185.08207893371582,9.78057587146759,33.22639989852905,6.644251823425293
wikics,cache_bf16,test,wikics:test:000032:1f48965693a47551,132,32,large_h6_n10_s100_wikics_arxiv,1f48965693a47551fb266cee941d275d7733d5e14d8bc4f0a241156e1e7f8f85,3,0,0,0,0,0,63,0,1,0,1194.607441,1194.5794677734375,1091.397503,102.866504,77.37199496477842,26.57109498977661,7.743416354060173,683.297828771174,19.298688888549805,253.50444793701172,428.0771484375,111.09046423435211,0.0,336.40089309215546,0.0,0.0,0.0,0.0,0.0,202.4746551513672,10.824128031730652,32.989792823791504,7.1832355260849
wikics,cache_bf16,test,wikics:test:000033:97a6a0498a0658ed,133,33,large_h6_n10_s100_wikics_arxiv,97a6a0498a0658edcac653eb0bb3210363bd9b07ca8d619186dbcfcbc0a2e8f5,3,0,0,0,0,0,63,0,1,0,1240.347593,1240.3177490234375,1132.294376,107.634523,78.10893934220076,26.501711457967758,7.719682529568672,675.1217832788825,19.190975189208984,243.86224365234375,430.3707809448242,111.12547212839127,0.0,338.6205722093582,0.0,0.0,0.0,0.0,0.0,193.61830520629883,10.323552012443542,32.99388837814331,6.926498055458069
wikics,cache_bf16,test,wikics:test:000034:93dab44c974f61f3,134,34,large_h6_n10_s100_wikics_arxiv,93dab44c974f61f37b82c3a55ac543c3cafa371b99f438f53d8df60d8b08da15,3,0,0,0,0,0,61,0,1,0,1073.007066,1072.9871826171875,964.938167,107.141712,75.41861571371555,26.22227370738983,7.541807368397713,641.4472479373217,19.268320083618164,224.82144165039062,415.0367889404297,107.70188823342323,0.0,326.4783881008625,0.0,0.0,0.0,0.0,0.0,177.17183876037598,9.407104015350342,31.86307191848755,6.3789461851119995
wikics,cache_bf16,test,wikics:test:000035:e96a44872b159e58,135,35,large_h6_n10_s100_wikics_arxiv,e96a44872b159e585dfc70f49945bedec7a8f682f7c98f1e2e240ff3a9cfb9a6,3,0,0,0,0,0,58,0,1,0,1061.380422,1061.35302734375,954.17577,107.284113,72.19470199197531,26.77337359637022,7.17525277286768,570.3905904665589,19.25961685180664,174.47235107421875,394.83533477783203,102.8144959807396,0.0,311.410183429718,0.0,0.0,0.0,0.0,0.0,132.9784984588623,6.87443208694458,29.73465585708618,4.883872389793396
wikics,cache_bf16,test,wikics:test:000036:afbff186281a0e4e,136,36,large_h6_n10_s100_wikics_arxiv,afbff186281a0e4ef263695c2eae0d5605ba4b8d807b1a398463e79793b58c9e,3,0,0,0,0,0,63,0,1,0,1143.799999,1143.7724609375,1036.462457,107.041717,79.40568216145039,26.728233322501183,7.77177419513464,618.2838557288051,19.262239456176758,187.90281677246094,429.00355529785156,110.83199962973595,0.0,337.29173415899277,0.0,0.0,0.0,0.0,0.0,142.52383995056152,7.358464002609253,32.78803205490112,5.231648683547974
wikics,cache_bf16,test,wikics:test:000037:b3012d4981d56ea8,137,37,large_h6_n10_s100_wikics_arxiv,b3012d4981d56ea820287d335a753a79cc4b4f1ef77ed486500ba06ecd246d4b,3,0,0,0,0,0,55,0,1,0,957.072526,957.0535888671875,848.297802,106.879632,69.67309303581715,26.74756944179535,6.839921697974205,504.2494609951973,19.30454444885254,128.35564994812012,374.4453125,97.83171191811562,0.0,295.7517122030258,0.0,0.0,0.0,0.0,0.0,92.16956806182861,4.600543916225433,28.101888179779053,3.489822268486023
wikics,cache_bf16,test,wikics:test:000038:d8d309dacda8c856,138,38,large_h6_n10_s100_wikics_arxiv,d8d309dacda8c8565011a8a5c4bd50703da0a89f4da3c8de139014c0f400b5e1,3,0,0,0,0,0,63,0,1,0,1028.160213,1028.1400146484375,924.370703,102.179575,79.73552122712135,26.740552857518196,7.825097069144249,610.9578544273973,19.28374481201172,181.2471046447754,428.50342559814453,110.97007980942726,0.0,337.0873627960682,0.0,0.0,0.0,0.0,0.0,136.46796798706055,6.952927947044373,32.79468774795532,5.027905106544495
wikics,cache_bf16,test,wikics:test:000039:3ef432bb200e1c4d,139,39,large_h6_n10_s100_wikics_arxiv,3ef432bb200e1c4d10899e6d592c8c2970df591ebd929560ec4d6b50c138ea97,3,0,0,0,0,0,56,0,1,0,1097.603138,1097.582275390625,986.732916,107.128066,70.4926997423172,26.691296137869358,6.923370994627476,565.972582437098,19.21072006225586,180.85404777526855,383.64546966552734,99.52137598395348,0.0,303.2388779222965,0.0,0.0,0.0,0.0,0.0,139.86931228637695,7.281792044639587,28.60051202774048,5.102431416511536
wikics,cache_bf16,test,wikics:test:000040:9c16d6144ad4a191,140,40,large_h6_n10_s100_wikics_arxiv,9c16d6144ad4a1917bc11fa59558e81b6ffc26842b37c5b649636e1bd6996d1c,3,0,0,0,0,0,63,0,1,0,1256.714042,1256.6947021484375,1152.380002,102.142867,106.286296620965,26.71163622289896,7.781188935041428,619.8200611397624,19.271392822265625,187.85980987548828,429.9717712402344,110.92960008978844,0.0,338.2003475725651,0.0,0.0,0.0,0.0,0.0,142.55084800720215,7.330496072769165,32.75487995147705,5.2246410846710205
wikics,cache_bf16,test,wikics:test:000041:7fea338f8fa28367,141,41,large_h6_n10_s100_wikics_arxiv,7fea338f8fa28367962db97fb384e2e94a82f63cc2c2a58460bd13fa9d7532c6,3,0,0,0,0,0,63,0,1,0,1099.853904,1099.83447265625,990.980124,106.855588,113.07938117533922,26.80009976029396,7.938318885862827,613.7732807546854,19.250431060791016,181.24057388305664,430.7685089111328,110.98195201158524,0.0,339.0369879603386,0.0,0.0,0.0,0.0,0.0,136.49852752685547,6.957279920578003,32.754560470581055,5.016094326972961
wikics,cache_bf16,test,wikics:test:000042:7e04af92ff942365,142,42,large_h6_n10_s100_wikics_arxiv,7e04af92ff94236596a24d9e983dcc77cce54b5d00fe25a7752dadbdf0253c86,3,0,0,0,0,0,62,0,1,0,1177.415321,1177.39501953125,1073.555275,102.484217,91.63441229611635,26.68749913573265,7.675169967114925,642.1117102727294,19.22003173828125,215.93903732299805,424.5549087524414,109.43193596601486,0.0,334.17791587114334,0.0,0.0,0.0,0.0,0.0,168.8281593322754,8.904608011245728,32.11824035644531,6.088029623031616
wikics,cache_bf16,test,wikics:test:000043:7338a3bd818fbc61,143,43,large_h6_n10_s100_wikics_arxiv,7338a3bd818fbc612b572517865a443cded9cc98f098cd47444fc0c70f038fa1,3,0,0,0,0,0,64,0,1,0,1329.183531,1329.1639404296875,1205.319545,122.483842,93.10554061084986,27.659508399665356,7.893017493188381,772.3034033551812,19.32828712463379,330.7510108947754,437.72249603271484,112.73468780517578,0.0,344.16003227233887,0.0,0.0,0.0,0.0,0.0,273.1345329284668,14.807456016540527,33.37763214111328,9.431389808654785
wikics,cache_bf16,test,wikics:test:000044:e7e458e07c01abc7,144,44,large_h6_n10_s100_wikics_arxiv,e7e458e07c01abc73eac5d1f5b73ee274f45fe663453876d0498e3b21270f1db,3,0,0,0,0,0,60,0,1,0,1100.470268,1100.450439453125,975.903356,122.947245,87.4900333583355,26.652988977730274,7.4300626292824745,584.6687238663435,19.200000762939453,172.01936149597168,410.7597122192383,106.05436769127846,0.0,323.7895997464657,0.0,0.0,0.0,0.0,0.0,129.62422370910645,6.637151837348938,30.9736967086792,4.784289240837097
wikics,cache_bf16,test,wikics:test:000045:664f4ac17fac6612,145,45,large_h6_n10_s100_wikics_arxiv,664f4ac17fac66126dbf78db22d95ea89d4ccfe89013f9873465f1677a51a75f,3,0,0,0,0,0,62,0,1,0,1368.553761,1368.5340576171875,1264.590694,102.126893,91.83341264724731,26.778804138302803,7.695751264691353,776.9666537642479,19.269344329833984,350.0241279602051,425.1250762939453,109.54665619134903,0.0,334.7054969370365,0.0,0.0,0.0,0.0,0.0,291.85827255249023,15.781856298446655,32.34931182861328,10.023519277572632
wikics,cache_bf16,test,wikics:test:000046:8880ab728d4d5032,146,46,large_h6_n10_s100_wikics_arxiv,8880ab728d4d503279b823be1914ee9902a040262614bf49e1872574b155fe91,3,0,0,0,0,0,62,0,1,0,1136.429249,1136.4088134765625,1027.467416,106.862993,90.14930203557014,26.69682726264,7.702870294451714,641.9048495590687,19.277631759643555,216.46256256103516,423.81024169921875,109.40470418334007,0.0,333.43142595887184,0.0,0.0,0.0,0.0,0.0,169.33263778686523,8.889119982719421,32.14070415496826,6.1478129625320435
wikics,cache_bf16,test,wikics:test:000047:2642137ffa998c84,147,47,large_h6_n10_s100_wikics_arxiv,2642137ffa998c84dd63777375d8e0ade25fbd787901bdf3058101753a069020,3,0,0,0,0,0,63,0,1,0,1141.115092,1141.0948486328125,1032.390118,107.253474,92.53575652837753,26.61209926009178,7.916131056845188,632.9153086990118,19.286144256591797,199.60262298583984,431.6680908203125,111.01379203796387,0.0,339.9585876464844,0.0,0.0,0.0,0.0,0.0,153.19740676879883,8.004735946655273,32.851839542388916,5.570526838302612
wikics,cache_bf16,test,wikics:test:000048:51b9971d8910d5e2,148,48,large_h6_n10_s100_wikics_arxiv,51b9971d8910d5e2e50bb2ce18041a1def0f52cc064e9c53428b6208b2325cec,3,0,0,0,0,0,63,0,1,0,1074.230002,1074.209228515625,955.157624,117.621807,91.49448294192553,26.688696816563606,8.029107935726643,587.3455349355936,19.27952003479004,154.3052806854248,431.67071533203125,110.94550412893295,0.0,340.00473123788834,0.0,0.0,0.0,0.0,0.0,111.79318237304688,5.604863941669464,32.72335958480835,4.183874785900116
wikics,cache_bf16,test,wikics:test:000049:728df285513a7803,149,49,large_h6_n10_s100_wikics_arxiv,728df285513a7803b751f28b0959d82e759e2f545428d48a38d0f006a55bcc9a,3,0,0,0,0,0,62,0,1,0,1180.284065,1180.262451171875,1076.973961,102.248793,87.73717936128378,26.689007878303528,7.813521660864353,667.4095103517175,19.16975975036621,241.00393295288086,424.4975280761719,109.61331224441528,0.0,334.0539755821228,0.0,0.0,0.0,0.0,0.0,191.6188449859619,10.233695983886719,32.22479963302612,6.851167798042297
wikics,cache_bf16,test,wikics:test:000050:fe96b5b2a7c4af01,150,50,large_h6_n10_s100_wikics_arxiv,fe96b5b2a7c4af01943f25f9415335607ba1b330ad640aa2818bffc6db32e498,3,0,0,0,0,0,62,0,1,0,1217.574246,1217.5537109375,1091.907465,122.935791,90.89820552617311,26.741930283606052,7.6342979446053505,664.6394748240709,19.249696731567383,241.42588806152344,421.60640716552734,109.47619193792343,0.0,331.21319061517715,0.0,0.0,0.0,0.0,0.0,192.0965461730957,10.214336037635803,32.25171184539795,6.843067049980164
wikics,cache_bf16,test,wikics:test:000051:6246382ad476e3b5,151,51,large_h6_n10_s100_wikics_arxiv,6246382ad476e3b5f68b37aba9aa3566c47b169674446b7a4c924b1c74988d7f,3,0,0,0,0,0,63,0,1,0,1168.73695,1168.7177734375,1044.333682,122.708917,88.09382934123278,26.835071854293346,7.810627110302448,649.7642360627651,19.300256729125977,218.40655899047852,429.7221221923828,111.01052814722061,0.0,337.6119140982628,0.0,0.0,0.0,0.0,0.0,170.36457633972168,8.929759979248047,32.92934465408325,6.143941879272461
wikics,cache_bf16,test,wikics:test:000052:421b142bb389d9d1,152,52,large_h6_n10_s100_wikics_arxiv,421b142bb389d9d16aececb4211419686451d1184d50d2e5f8ea97ee81a79730,3,0,0,0,0,0,54,0,1,0,1112.282386,1112.262939453125,1004.18887,106.909961,107.67578892409801,26.785673573613167,6.657741963863373,567.2920076176524,19.256927490234375,195.50748825073242,369.60887145996094,96.39350402355194,0.0,292.27655136585236,0.0,0.0,0.0,0.0,0.0,154.0357437133789,8.087712168693542,27.841536045074463,5.5942405462265015
wikics,cache_bf16,test,wikics:test:000053:31b24b95a70aea62,153,53,large_h6_n10_s100_wikics_arxiv,31b24b95a70aea62d73f3c5f5b796febb8ca98cc307497a826603ccfab0b45bb,3,0,0,0,0,0,62,0,1,0,1046.096739,1046.075927734375,942.888649,102.016153,83.7094271555543,26.642060838639736,7.708145305514336,617.559670470655,19.18400001525879,193.77711868286133,422.15824127197266,109.2344961464405,0.0,332.0457296073437,0.0,0.0,0.0,0.0,0.0,148.47254371643066,7.716320037841797,32.12028789520264,5.423972129821777
wikics,cache_bf16,test,wikics:test:000054:1492c0fd54704e8b,154,54,large_h6_n10_s100_wikics_arxiv,1492c0fd54704e8b3a028427a3f0afafbed89dfcff3af66979a2a0d84cdb94e6,3,0,0,0,0,0,60,0,1,0,1225.876764,1225.8560791015625,1117.381883,107.495729,79.14720941334963,26.6709728166461,7.421854883432388,631.9803511723876,19.19638442993164,219.00745391845703,410.8144989013672,106.13110387325287,0.0,323.75705873966217,0.0,0.0,0.0,0.0,0.0,172.5161590576172,9.131199955940247,31.15702486038208,6.203070044517517
wikics,cache_bf16,test,wikics:test:000055:4c3a9cced3fdbabd,155,55,large_h6_n10_s100_wikics_arxiv,4c3a9cced3fdbabd0d34163f06734c93b30f546193a2e36fcf5442c43864448d,3,0,0,0,0,0,63,0,1,0,1045.972139,1045.951171875,942.599213,101.632129,76.77837461233139,26.736962608993053,7.770753465592861,616.752308793366,19.261568069458008,183.53529739379883,430.8504638671875,111.06998389959335,0.0,338.8481927514076,0.0,0.0,0.0,0.0,0.0,138.5561580657959,7.097056150436401,32.7705602645874,5.111522912979126
wikics,cache_bf16,test,wikics:test:000056:a5bcd1251e1f47d6,156,56,large_h6_n10_s100_wikics_arxiv,a5bcd1251e1f47d65b8e0c3b3de076d9f301f0643172bda73691e60b9cdddd5c,3,0,0,0,0,0,63,0,1,0,1176.360374,1176.340087890625,1068.253797,107.310041,121.46823760122061,26.966294273734093,7.8648170456290245,655.3095616400242,19.266399383544922,222.93161392211914,430.742431640625,111.07977616786957,0.0,338.6532789468765,0.0,0.0,0.0,0.0,0.0,174.4609603881836,9.217664122581482,32.975647926330566,6.28431761264801
wikics,cache_bf16,test,wikics:test:000057:c76d1190b26d012d,157,57,large_h6_n10_s100_wikics_arxiv,c76d1190b26d012d091c00559c3a0425c20ebef1e538e567c96c216e9d813ae8,3,0,0,0,0,0,64,0,1,0,1170.804511,1170.7841796875,1062.194377,107.655917,80.25733102113008,26.688107289373875,7.880045101046562,707.8749546781182,19.233760833740234,266.7668113708496,439.4268798828125,112.78816011548042,0.0,345.8724806010723,0.0,0.0,0.0,0.0,0.0,214.22748565673828,11.592383980751038,33.35827159881592,7.588670134544373
wikics,cache_bf16,test,wikics:test:000058:a45285bcd1949205,158,58,large_h6_n10_s100_wikics_arxiv,a45285bcd19492055ac80246f60bb0fb2ed4e504e079a5cd3200cdbdb7b891b5,3,0,0,0,0,0,58,0,1,0,1051.249381,1051.229248046875,947.93284,101.720366,71.95146847516298,26.682451367378235,7.124768570065498,574.1016175597906,19.270015716552734,176.38332748413086,396.1965103149414,102.8096961081028,0.0,312.44652566313744,0.0,0.0,0.0,0.0,0.0,134.64038467407227,6.9254080057144165,29.75766372680664,4.955777645111084
wikics,cache_bf16,test,wikics:test:000059:1b94d315dc4e5555,159,59,large_h6_n10_s100_wikics_arxiv,1b94d315dc4e55559bb69eeacb678f2d308eb5396713d6fa6fa7259031e7a970,3,0,0,0,0,0,61,0,1,0,1045.839204,1045.8182373046875,937.053879,107.280187,75.20526181906462,26.400907896459103,7.494747638702393,583.1784205511212,19.296831130981445,164.95100784301758,416.32322692871094,107.58604788780212,0.0,327.92780327796936,0.0,0.0,0.0,0.0,0.0,122.51539039611816,6.203903913497925,31.711008071899414,4.536957621574402
wikics,cache_bf16,test,wikics:test:000060:38930b7d326ce516,160,60,large_h6_n10_s100_wikics_arxiv,38930b7d326ce5164a9e65e9f30bcdbf435b09460c7f0beaf0babbcac90226b4,3,0,0,0,0,0,62,0,1,0,1215.673212,1215.6529541015625,1107.231216,106.899046,86.40405256301165,26.45870763808489,7.6126474887132645,629.0242858231068,19.28009605407715,203.63146209716797,423.47274017333984,109.30249574780464,0.0,333.13091680407524,0.0,0.0,0.0,0.0,0.0,157.4943675994873,8.369087934494019,32.14508771896362,5.709247827529907
wikics,cache_bf16,test,wikics:test:000061:92c5bd90d0baeb93,161,61,large_h6_n10_s100_wikics_arxiv,92c5bd90d0baeb9304f2a19cafff8d354c181be05d34b15cf570e210c30adb5c,3,0,0,0,0,0,58,0,1,0,1084.703687,1084.682861328125,964.012812,117.517677,103.58529537916183,26.680810377001762,7.175722159445286,556.9660849869251,19.255136489868164,158.45693016052246,396.9892120361328,102.77238410711288,0.0,313.2991643548012,0.0,0.0,0.0,0.0,0.0,118.2969913482666,6.045695960521698,29.724960327148438,4.393986463546753
wikics,cache_bf16,test,wikics:test:000062:863d427861ff80dc,162,62,large_h6_n10_s100_wikics_arxiv,863d427861ff80dc849d2dfdc72906f1f2449ab7e6ed0e64e58e7235c0805796,3,0,0,0,0,0,64,0,1,0,1127.187365,1127.1658935546875,1007.741951,118.194954,82.99342263489962,26.689316146075726,7.858097553253174,631.8635242059827,19.226879119873047,194.13344192504883,436.0679473876953,112.43683204054832,0.0,342.061377376318,0.0,0.0,0.0,0.0,0.0,147.9837131500244,7.642143964767456,33.09651231765747,5.417664051055908
wikics,cache_bf16,test,wikics:test:000063:0a5a1c3308a40395,163,63,large_h6_n10_s100_wikics_arxiv,0a5a1c3308a40395b8520808200d136321b9db8233aa40c04be89539c97844d5,3,0,0,0,0,0,62,0,1,0,1385.009337,1384.989990234375,1276.463351,107.62226,78.20512540638447,26.255342178046703,7.649991661310196,890.4779208824039,19.199039459228516,468.4403533935547,423.9115219116211,109.65542429685593,0.0,333.27331334352493,0.0,0.0,0.0,0.0,0.0,401.3440246582031,21.392704010009766,32.32976055145264,13.182793378829956
wikics,cache_bf16,test,wikics:test:000064:84d2bb6fbbf2efc7,164,64,large_h6_n10_s100_wikics_arxiv,84d2bb6fbbf2efc74543bfef829a471311b878c855f94ba54357da859b1dead5,3,0,0,0,0,0,64,0,1,0,1293.628988,1293.60888671875,1174.069864,117.978418,78.22888623923063,26.689808815717697,7.91005976498127,774.4740666821599,19.27168083190918,331.7772789001465,439.6487121582031,112.7967358827591,0.0,345.9498327970505,0.0,0.0,0.0,0.0,0.0,274.09423446655273,14.863199949264526,33.39852809906006,9.454270601272583
wikics,cache_bf16,test,wikics:test:000065:14afb2e221d1c808,165,65,large_h6_n10_s100_wikics_arxiv,14afb2e221d1c808d81f675640e726fc6c53da6b5558b9ab547f3f4e99214fb4,3,0,0,0,0,0,56,0,1,0,1096.520892,1096.5008544921875,993.413117,102.258847,77.37386506050825,26.58265084028244,6.871500983834267,567.5367210060358,19.263263702392578,181.06060791015625,384.7189064025879,99.5971522629261,0.0,304.23864981532097,0.0,0.0,0.0,0.0,0.0,139.97772789001465,7.307040095329285,28.674943923950195,5.100896000862122
wikics,cache_bf16,test,wikics:test:000066:cbfb38b24c9cd09f,166,66,large_h6_n10_s100_wikics_arxiv,cbfb38b24c9cd09feb274e275c5fa9b2ac59e47d5e2b01a2e0142792e6f92a00,3,0,0,0,0,0,60,0,1,0,1040.4299,1040.3997802734375,934.377821,107.229206,104.66588381677866,26.287847198545933,7.388174533843994,619.2942513152957,19.10223960876465,205.91129302978516,411.5907287597656,106.20355215668678,0.0,324.4884568154812,0.0,0.0,0.0,0.0,0.0,160.5655059814453,8.40281593799591,31.167776107788086,5.8029714822769165
wikics,cache_bf16,test,wikics:test:000067:3368959dda51b804,167,67,large_h6_n10_s100_wikics_arxiv,3368959dda51b804b9feaf3927fc8b63a4fe3efbd71e66e91bdae5790a4896e9,3,0,0,0,0,0,62,0,1,0,1042.422148,1042.4012451171875,934.351653,106.895485,79.94189858436584,26.746251620352268,7.653642445802689,619.5204425603151,19.30544090270996,193.37382125854492,424.5194854736328,109.34691172838211,0.0,333.99570935964584,0.0,0.0,0.0,0.0,0.0,148.1828498840332,7.7096638679504395,32.100768089294434,5.429627299308777
wikics,cache_bf16,test,wikics:test:000068:c1f159a73fe7d15a,168,68,large_h6_n10_s100_wikics_arxiv,c1f159a73fe7d15a2942f5fa44ebf6d2f9aa043b0006bc1c657334d82d242907,3,0,0,0,0,0,63,0,1,0,1036.122499,1036.1024169921875,915.76222,117.645106,75.7935019209981,26.692312210798264,7.881517522037029,586.9917469099164,19.292959213256836,154.3693447113037,430.8733673095703,110.97235223650932,0.0,338.74655044078827,0.0,0.0,0.0,0.0,0.0,111.83897590637207,5.601311981678009,32.7454719543457,4.182402729988098
wikics,cache_bf16,test,wikics:test:000069:c5c6eb8bc69150d0,169,69,large_h6_n10_s100_wikics_arxiv,c5c6eb8bc69150d0f6f058cf2a8f0b19714a3b9e64ec85c634f36a2f6d435940,3,0,0,0,0,0,61,0,1,0,1004.050976,1004.0303344726562,901.169034,102.499952,74.47195053100586,26.225837878882885,7.464253343641758,595.8715444430709,19.247392654418945,176.97446250915527,417.2899169921875,107.76108804345131,0.0,328.3881245851517,0.0,0.0,0.0,0.0,0.0,133.44774436950684,6.851808071136475,31.75273561477661,4.922174453735352
wikics,cache_bf16,test,wikics:test:000070:15a487f6022e80ae,170,70,large_h6_n10_s100_wikics_arxiv,15a487f6022e80aeea9398891795f58d139b42b0803269478d8b34dea8a73425,3,0,0,0,0,0,60,0,1,0,1055.158694,1055.13720703125,946.700921,107.319921,76.35632157325745,26.211054995656013,7.377495989203453,585.1559331640601,19.273151397705078,172.3417263031006,410.79817962646484,105.96550393104553,0.0,323.89283537864685,0.0,0.0,0.0,0.0,0.0,129.86803436279297,6.652575969696045,31.02940797805786,4.791707992553711
wikics,cache_bf16,test,wikics:test:000071:80de2ffba43febdb,171,71,large_h6_n10_s100_wikics_arxiv,80de2ffba43febdbe62c72ec696d6b17833aa5deda2322b1e87c46fc212d2618,3,0,0,0,0,0,62,0,1,0,1376.946182,1376.9259033203125,1272.916568,102.325576,76.84481516480446,26.490554213523865,7.533198222517967,892.0582616701722,19.27462387084961,464.9180450439453,426.07176971435547,109.4455361366272,0.0,335.45833230018616,0.0,0.0,0.0,0.0,0.0,398.2668151855469,21.266112327575684,32.281375885009766,13.16757583618164
wikics,cache_bf16,test,wikics:test:000072:0a2ccdf11d68011b,172,72,large_h6_n10_s100_wikics_arxiv,0a2ccdf11d68011bbe9b80610fa460e6d9cd02f79ccb2fe70c6d7122404939fe,3,0,0,0,0,0,63,0,1,0,1111.381246,1111.361083984375,1007.907716,101.047361,83.9463509619236,26.52503363788128,7.911300286650658,631.1688022688031,19.15318489074707,199.67235565185547,429.86297607421875,110.9133121073246,0.0,337.92873653769493,0.0,0.0,0.0,0.0,0.0,153.19981002807617,7.970111966133118,32.92543935775757,5.567743539810181
wikics,cache_bf16,test,wikics:test:000073:af4e3768afe7929b,173,73,large_h6_n10_s100_wikics_arxiv,af4e3768afe7929b1e8e837cec1be78bf565feb6d8bdc034a26e3ac263f1fcb5,3,0,0,0,0,0,64,0,1,0,1153.569957,1153.5389404296875,1046.66265,106.873194,79.79035377502441,26.08305960893631,7.995583117008209,704.5006211847067,19.08518409729004,265.72575759887695,435.9051208496094,112.5283200442791,0.0,342.3873598873615,0.0,0.0,0.0,0.0,0.0,213.38662338256836,11.529888033866882,33.35472011566162,7.57679808139801
wikics,cache_bf16,test,wikics:test:000074:26717eeb6c2c73ce,174,74,large_h6_n10_s100_wikics_arxiv,26717eeb6c2c73ce0d419b3d77803154393a8d6999b43700154e75f75b854f0c,3,0,0,0,0,0,64,0,1,0,1293.704404,1293.684326171875,1169.25323,122.880447,80.57726919651031,26.70466434210539,7.9951211810112,768.8262751325965,19.213855743408203,331.0679359436035,436.0845184326172,112.67500776052475,0.0,342.2764776647091,0.0,0.0,0.0,0.0,0.0,273.3669776916504,14.91916799545288,33.40508794784546,9.427077770233154
wikics,cache_bf16,test,wikics:test:000075:c9441b3207b4d7bb,175,75,large_h6_n10_s100_wikics_arxiv,c9441b3207b4d7bb23a3a8eb71a0e5d4956ccf9de45afef45b0119f4aa0c5ec8,3,0,0,0,0,0,60,0,1,0,1076.524778,1076.504150390625,972.91912,101.974322,73.82764015346766,26.233560405671597,7.395012304186821,623.3253907412291,19.209184646606445,211.27565002441406,410.6010208129883,106.1263681948185,0.0,323.24985325336456,0.0,0.0,0.0,0.0,0.0,165.61945724487305,8.679711937904358,31.122015953063965,5.977154970169067
wikics,cache_bf16,test,wikics:test:000076:823cb40fd26b0064,176,76,large_h6_n10_s100_wikics_arxiv,823cb40fd26b0064a8aea01490743a82038eff8ef6b79e7478a5c1a8ab7509a2,3,0,0,0,0,0,62,0,1,0,1146.907909,1146.8878173828125,1043.72168,102.198166,75.4266632720828,26.221780106425285,7.6564522460103035,654.2446855455637,19.209503173828125,230.42831802368164,421.5823059082031,109.28864014148712,0.0,331.27136170864105,0.0,0.0,0.0,0.0,0.0,181.97791862487793,9.667807936668396,32.232351779937744,6.550239682197571
wikics,cache_bf16,test,wikics:test:000077:a6e66f96093de6ce,177,77,large_h6_n10_s100_wikics_arxiv,a6e66f96093de6ce1bd052d598cfac37c91f2fadb62e6500edf9e062a1601f5a,3,0,0,0,0,0,59,0,1,0,1029.246128,1029.2249755859375,926.237369,101.546506,71.42231147736311,26.215890422463417,7.231933064758778,567.3244222998619,19.18070411682129,165.0535373687744,400.68054962158203,104.22924795746803,0.0,315.4296379983425,0.0,0.0,0.0,0.0,0.0,123.8191032409668,6.31388795375824,30.303871631622314,4.582914471626282
wikics,cache_bf16,test,wikics:test:000078:906d5a2fc7b88169,178,78,large_h6_n10_s100_wikics_arxiv,906d5a2fc7b881693e5654ad9a5ce6752da4ff09d9249413c6dfc7bd03c376dd,3,0,0,0,0,0,63,0,1,0,1145.723282,1145.70263671875,1040.340329,101.953968,75.15010889619589,26.275676675140858,7.729465141892433,617.6574174314737,19.176576614379883,187.90652656555176,428.1148681640625,110.91980814933777,0.0,334.6072843968868,0.0,0.0,0.0,0.0,0.0,142.54290962219238,7.355231881141663,32.81302452087402,5.2432039976119995
wikics,cache_bf16,test,wikics:test:000079:73f671ca14fb033a,179,79,large_h6_n10_s100_wikics_arxiv,73f671ca14fb033a30965114cc70e57d3d1dfb1a6b55042e803792c154bd1fb9,3,0,0,0,0,0,62,0,1,0,1087.204055,1087.176025390625,980.414235,106.677289,69.37295105308294,25.979035533964634,7.572552189230919,719.4682583212852,19.071680068969727,292.915584564209,422.8800964355469,109.42793610692024,0.0,332.42201659083366,0.0,0.0,0.0,0.0,0.0,239.61603546142578,12.739840030670166,32.231135845184326,8.389597177505493
wikics,cache_bf16,test,wikics:test:000080:0f184f1db0a996b5,180,80,large_h6_n10_s100_wikics_arxiv,0f184f1db0a996b5c155f228291f962fece60e25c894ab8ac113bb00d919bc8f,3,0,0,0,0,0,55,0,1,0,961.897754,961.876708984375,859.648647,101.957643,71.59865647554398,26.448706164956093,6.776474416255951,505.6225834414363,19.23516845703125,128.70934295654297,375.42371368408203,97.84118404984474,0.0,296.70227298140526,0.0,0.0,0.0,0.0,0.0,92.40553569793701,4.606144070625305,28.176031589508057,3.5088931918144226
wikics,cache_bf16,test,wikics:test:000081:3ad691f9135ebeda,181,81,large_h6_n10_s100_wikics_arxiv,3ad691f9135ebeda351c27e4a5ed088b476ae0fa8fb08a1342134b594d9a827a,3,0,0,0,0,0,63,0,1,0,1155.787908,1155.7667236328125,1052.456316,102.076419,79.30768188089132,26.768398471176624,7.812212221324444,646.7179181054235,19.24355125427246,214.19910430908203,430.8818893432617,110.96323183178902,0.0,338.91344091296196,0.0,0.0,0.0,0.0,0.0,166.46492767333984,8.745376110076904,32.956767559051514,6.0264294147491455
wikics,cache_bf16,test,wikics:test:000082:35f6d185e3b60583,182,82,large_h6_n10_s100_wikics_arxiv,35f6d185e3b605830d55bd84ce5ae6b1b83d3a2650aed066131a57f509390d3d,3,0,0,0,0,0,58,0,1,0,1053.661159,1053.6392822265625,929.436127,122.92897,75.62598772346973,26.524637825787067,7.1181682869791985,593.6946952715516,19.222431182861328,197.63648223876953,394.5174026489258,102.98883193731308,0.0,310.4511950016022,0.0,0.0,0.0,0.0,0.0,154.14905548095703,8.006495952606201,29.888224124908447,5.592706680297852
wikics,cache_bf16,test,wikics:test:000083:77934391d49ed365,183,83,large_h6_n10_s100_wikics_arxiv,77934391d49ed3653879241637d8d8b001cacd53af052f115b2bb037763f5039,3,0,0,0,0,0,64,0,1,0,1104.064599,1104.043212890625,995.742171,106.835574,79.3927488848567,26.750151999294758,7.97465443611145,647.619353607297,19.26803207397461,208.82044982910156,437.13783264160156,112.53571200370789,0.0,343.31463208794594,0.0,0.0,0.0,0.0,0.0,161.32096099853516,8.455552101135254,33.21001577377319,5.858529090881348
wikics,cache_bf16,test,wikics:test:000084:c558903a01f41d75,184,84,large_h6_n10_s100_wikics_arxiv,c558903a01f41d753914e796ba14e2931a6d80a582dc0814370dd761c259f2a7,3,0,0,0,0,0,61,0,1,0,1110.158984,1110.1376953125,1001.732082,106.922267,72.86310661584139,26.374079287052155,7.483696565032005,631.7769261077046,19.369792938232422,214.4068145751953,415.2292175292969,107.76671966910362,0.0,327.01939475536346,0.0,0.0,0.0,0.0,0.0,167.6343994140625,8.78924810886383,31.937312126159668,6.048767328262329
wikics,cache_bf16,test,wikics:test:000085:3ef7c5747bd481fb,185,85,large_h6_n10_s100_wikics_arxiv,3ef7c5747bd481fb781ef0c2cb0f24c3f560198245c327c89d36040b4c1ee9cc,3,0,0,0,0,0,62,0,1,0,1164.02722,1164.004150390625,1060.720188,101.787798,74.56204481422901,26.21608506888151,7.608912885189056,678.3171370625496,19.197311401367188,252.78678131103516,423.83756256103516,109.58326423168182,0.0,333.213658452034,0.0,0.0,0.0,0.0,0.0,202.38022232055664,10.886560082435608,32.346335887908936,7.210497617721558
wikics,cache_bf16,test,wikics:test:000086:02f33170fe9a1014,186,86,large_h6_n10_s100_wikics_arxiv,02f33170fe9a1014eaa7ab4fd2e7737c2cdef43b62f534ca66d6f930bea0f3d5,3,0,0,0,0,0,63,0,1,0,1096.707032,1096.68603515625,994.1383,101.950436,74.81196150183678,26.20929479598999,7.91905727237463,631.1734663322568,19.24985694885254,198.95004272460938,430.7837219238281,110.807776004076,0.0,338.7202585339546,0.0,0.0,0.0,0.0,0.0,152.63520050048828,7.903135895729065,32.87452745437622,5.551962733268738
wikics,cache_bf16,test,wikics:test:000087:5e99a11f6629116f,187,87,large_h6_n10_s100_wikics_arxiv,5e99a11f6629116fd08a82ba8d35c24398048b98ac3869fdfbaaaced09dd547e,3,0,0,0,0,0,56,0,1,0,1047.972735,1047.9520263671875,940.902743,106.784315,66.81179162114859,26.368306018412113,7.068096660077572,608.0957818776369,19.266592025756836,223.42303848266602,383.19945907592773,99.5487357378006,0.0,302.70230758190155,0.0,0.0,0.0,0.0,0.0,178.83315086364746,9.464831948280334,28.63593578338623,6.388893723487854
wikics,cache_bf16,test,wikics:test:000088:661719a5706d2798,188,88,large_h6_n10_s100_wikics_arxiv,661719a5706d2798e1832429597e7d4d8bc6495443836e96584a4620e3966597,3,0,0,0,0,0,61,0,1,0,1005.938786,1005.9165649414062,901.879593,102.479102,72.00225722044706,26.318508200347424,7.701697759330273,595.2841360121965,19.241119384765625,177.216064453125,416.47740173339844,107.62246370315552,0.0,327.9519305229187,0.0,0.0,0.0,0.0,0.0,133.6565761566162,6.890911936759949,31.774816513061523,4.930335760116577
wikics,cache_bf16,test,wikics:test:000089:0811b581634c9202,189,89,large_h6_n10_s100_wikics_arxiv,0811b581634c9202754ef09bc06883c1deaacc1ec2345102e3cee23457a2eb14,3,0,0,0,0,0,64,0,1,0,1167.721812,1167.699951171875,1058.551044,107.061482,78.09695787727833,26.69337671250105,7.994135841727257,707.9312661662698,19.226591110229492,267.26518630981445,438.21644592285156,112.67331191897392,0.0,344.41919815540314,0.0,0.0,0.0,0.0,0.0,214.64003372192383,11.674720048904419,33.41481685638428,7.58115291595459
wikics,cache_bf16,test,wikics:test:000090:7a6f588c7960f99a,190,90,large_h6_n10_s100_wikics_arxiv,7a6f588c7960f99a36a1c6325dd09381821ed32292ec8ef9de564ccdc789c916,3,0,0,0,0,0,62,0,1,0,1107.071477,1107.0509033203125,982.39085,122.580319,81.24356530606747,26.73983946442604,7.713278755545616,636.2459035590291,19.307775497436523,210.59164810180664,423.4314956665039,109.30995190143585,0.0,332.9929676055908,0.0,0.0,0.0,0.0,0.0,163.84627151489258,8.594496011734009,32.206016063690186,5.943365812301636
wikics,cache_bf16,test,wikics:test:000091:048f77cea8bd8173,191,91,large_h6_n10_s100_wikics_arxiv,048f77cea8bd8173479140b32200897a6931e78a836def05ad85382e9253fcce,3,0,0,0,0,0,60,0,1,0,1043.870695,1043.8497314453125,935.247702,106.911924,76.97836682200432,26.59832499921322,7.491681724786758,616.9589962810278,19.295040130615234,205.38377380371094,409.9948501586914,106.01862406730652,0.0,323.2712662220001,0.0,0.0,0.0,0.0,0.0,160.18470573425293,8.350688099861145,31.122015953063965,5.799299120903015
wikics,cache_bf16,test,wikics:test:000092:7d809617c6bd3e1e,192,92,large_h6_n10_s100_wikics_arxiv,7d809617c6bd3e1e57cc92bf7f69f76cb3ba72c0919f19f3316d1484b3e9841e,3,0,0,0,0,0,63,0,1,0,1043.496182,1043.4759521484375,939.658664,101.826969,96.34621348232031,27.030110359191895,7.93106947094202,612.2334497049451,19.253631591796875,181.56246185302734,429.30909729003906,110.82358402013779,0.0,337.73914486169815,0.0,0.0,0.0,0.0,0.0,136.69644927978516,6.9762879610061646,32.82915163040161,5.034814238548279
wikics,cache_bf16,test,wikics:test:000093:322b3afcaa35f3c7,193,93,large_h6_n10_s100_wikics_arxiv,322b3afcaa35f3c71d509b1eaa067b1c9deb2f1fd9e38948dae3d548b5de4f83,3,0,0,0,0,0,62,0,1,0,1082.049682,1082.0291748046875,973.60422,107.570844,76.92060247063637,26.432396844029427,7.7564651146531105,641.7196979746222,19.180320739746094,216.85475158691406,422.5018539428711,109.34620767831802,0.0,332.1908463835716,0.0,0.0,0.0,0.0,0.0,169.55609703063965,8.947136044502258,32.21743965148926,6.134078860282898
wikics,cache_bf16,test,wikics:test:000094:a005efdcd7c8715a,194,94,large_h6_n10_s100_wikics_arxiv,a005efdcd7c8715aa8fad232b75159e3190c49386d6e22f9d83ff1ba334960c2,3,0,0,0,0,0,59,0,1,0,1025.637875,1025.615966796875,917.202867,107.248358,72.31969945132732,26.34224947541952,7.389525882899761,568.0457167327404,19.27168083190918,165.19145584106445,401.2238464355469,104.34463998675346,0.0,315.9557502567768,0.0,0.0,0.0,0.0,0.0,123.93465614318848,6.322751998901367,30.331200122833252,4.587487697601318
wikics,cache_bf16,test,wikics:test:000095:d668389de14e05fb,195,95,large_h6_n10_s100_wikics_arxiv,d668389de14e05fb64f040eb1d30df390da23556d25ad8a665fb85d39595048c,3,0,0,0,0,0,57,0,1,0,996.363456,996.3421020507812,876.628661,117.459431,68.87137051671743,26.48076694458723,7.1470970287919044,571.2503157556057,19.168127059936523,179.73164749145508,389.9936294555664,101.23977607488632,0.0,307.6540447473526,0.0,0.0,0.0,0.0,0.0,138.0719051361084,7.105311870574951,29.50710391998291,5.047326564788818
wikics,cache_bf16,test,wikics:test:000096:da21905a8cb96e44,196,96,large_h6_n10_s100_wikics_arxiv,da21905a8cb96e44856130f52c5c36dc7e212f58af78856eb7e3901a67b9533e,3,0,0,0,0,0,58,0,1,0,1069.73117,1069.7100830078125,944.889829,122.510293,71.96255307644606,26.55069064348936,7.3015522211790085,593.6295995488763,19.28166389465332,195.81933212280273,396.2544631958008,102.82313585281372,0.0,312.2655420899391,0.0,0.0,0.0,0.0,0.0,152.36377334594727,7.962112069129944,29.84329605102539,5.543014883995056
wikics,cache_bf16,test,wikics:test:000097:322b174a79431b1f,197,97,large_h6_n10_s100_wikics_arxiv,322b174a79431b1fa466fe9d6c4146656cfc4021c19412a8ee526263102c0b0d,3,0,0,0,0,0,64,0,1,0,1241.338009,1241.316650390625,1121.996395,117.984044,77.52006407827139,27.415615506470203,8.03051795810461,675.1082194969058,19.29408073425293,236.82400131225586,436.6741485595703,112.73343995213509,0.0,342.89213225245476,0.0,0.0,0.0,0.0,0.0,186.9250888824463,9.967167973518372,33.34188795089722,6.706688284873962
wikics,cache_bf16,test,wikics:test:000098:23be48b489bd9fb1,198,98,large_h6_n10_s100_wikics_arxiv,23be48b489bd9fb14fe360697fdf38ded476b0d934c1ba487c6b7cd9272b87df,3,0,0,0,0,0,62,0,1,0,1173.484239,1173.46240234375,1068.697525,102.048898,76.32979191839695,26.481440290808678,7.683353498578072,627.5357399135828,19.198848724365234,203.8881607055664,422.431640625,109.35852810740471,0.0,332.3381462395191,0.0,0.0,0.0,0.0,0.0,157.59679985046387,8.365600109100342,32.20313596725464,5.711869716644287
wikics,cache_bf16,test,wikics:test:000099:25d922430a6078eb,199,99,large_h6_n10_s100_wikics_arxiv,25d922430a6078eb827beb56e89fee9ffb162a0dff995eeecaf2bfa300f2b08d,3,0,0,0,0,0,58,0,1,0,1040.491283,1040.4688720703125,915.734867,122.793661,71.4288242161274,26.85661893337965,7.245732471346855,555.2139859646559,19.257728576660156,158.51935958862305,395.0711975097656,102.59900805354118,0.0,311.77247816324234,0.0,0.0,0.0,0.0,0.0,118.29647827148438,6.049791932106018,29.75971221923828,4.385404944419861
arxiv,cache_w8a8_m4k2v2,val,arxiv:val:000000:2ca62d00a890aa84,0,0,large_h6_n10_s100_wikics_arxiv,2ca62d00a890aa8464a6da3728825202198bcc513fe666faadd8aa998acdb9f2,3,16777216,2224128,2224128,84,2772,64,0,1,0,3953.646994,3953.1435546875,3624.144177,328.662502,292.2197422012687,415.571385063231,8.21712240576744,2770.856778137386,150.14309692382812,148.7138900756836,2620.019561767578,897.9175372421741,1291.71715259552,577.420423001051,1205.9271030426025,300.4354881364852,43.565759936347604,134.76892803050578,40.01843197643757,106.39209365844727,5.232767999172211,32.90796756744385,4.180900812149048
arxiv,cache_w8a8_m4k2v2,val,arxiv:val:000001:60580fb403549285,1,1,large_h6_n10_s100_wikics_arxiv,60580fb403549285c13a71ed0dd66a154ba7ca5299783abae7bc3d0ced297729,3,16252928,2224128,2224128,84,2688,62,0,1,0,3470.424811,3470.372802734375,3166.127839,305.379878,308.9579725638032,43.16634312272072,7.7047767117619514,2725.5930062383413,19.700096130371094,174.07686614990234,2550.148223876953,865.902559876442,1274.3266849517822,428.69164302945137,1190.735806465149,303.361119909212,43.67091196589172,134.19859195314348,39.283903980627656,130.6575984954834,6.686399936676025,31.894720554351807,4.838147163391113
arxiv,cache_w8a8_m4k2v2,val,arxiv:val:000002:0f56629b76181b48,2,2,large_h6_n10_s100_wikics_arxiv,0f56629b76181b48667d9cbcd2345c35f2620d7bfa2297baabc2f253e5b2d1f9,3,14417920,1044480,1044480,48,2394,55,0,1,0,2620.795684,2620.737548828125,2224.477266,391.970046,59.28582884371281,42.91981551796198,6.814374588429928,1989.7752050310373,19.691232681274414,113.4642562866211,1874.8073120117188,769.8731837272644,722.6125774383545,403.194531917572,675.1041288375854,171.49548825249076,24.610751947388053,75.59670409560204,22.09993600845337,78.5579195022583,3.8649280667304993,28.00559949874878,3.0334413647651672
arxiv,cache_w8a8_m4k2v2,val,arxiv:val:000003:f8a271ff72baf265,3,3,large_h6_n10_s100_wikics_arxiv,f8a271ff72baf265126e8db430172f5bed9c9bc1236ed2c483b676d3b3da5b06,3,15466496,1437696,1437696,60,2562,59,0,1,0,2862.093373,2862.033203125,2501.051436,357.909645,78.27326096594334,42.74631664156914,7.488802075386047,2271.0110871121287,19.60825538635254,133.08259201049805,2136.2820739746094,824.4006731808186,908.7194862365723,426.6461178958416,849.2647686004639,218.5699202325195,31.400223962962627,95.50611200556159,28.060991992242634,94.67600059509277,4.72652792930603,30.083360195159912,3.5991035103797913
arxiv,cache_w8a8_m4k2v2,val,arxiv:val:000004:90c6fb7029699303,4,4,large_h6_n10_s100_wikics_arxiv,90c6fb7029699303f3be39cfbbdd83064a30479ef55c381b7707847af46961e2,3,13369344,1044480,1044480,48,2226,51,0,1,0,2497.541276,2497.4853515625,2084.286507,409.963763,52.10269521921873,42.69841406494379,6.345182657241821,1899.7420212253928,19.5546875,93.93987274169922,1804.3541564941406,715.0379208028316,736.290397644043,376.73313441872597,688.5408973693848,177.4082561917603,24.52089600544423,76.96915198117495,23.16566400695592,62.59059238433838,2.9892799854278564,25.899136066436768,2.463264286518097
arxiv,cache_w8a8_m4k2v2,val,arxiv:val:000005:b1fb0d955f08ebcc,5,5,large_h6_n10_s100_wikics_arxiv,b1fb0d955f08ebcc1854a82d690b457a8b352e7b76fe61f26baecc15aca241c2,3,15466496,1634304,1634304,66,2562,59,0,1,0,2858.15214,2858.092041015625,2546.295377,310.430083,59.78768225759268,42.716117575764656,7.277524098753929,2349.340538494289,19.619583129882812,120.51334381103516,2227.1905212402344,823.863583624363,1001.9904947280884,420.8044108748436,936.124285697937,238.96252830233425,34.7888319818303,104.09788792952895,30.781695991754532,83.1329927444458,4.078271925449371,30.09939193725586,3.2026872038841248
arxiv,cache_w8a8_m4k2v2,val,arxiv:val:000006:df18bd588fa33fe2,6,6,large_h6_n10_s100_wikics_arxiv,df18bd588fa33fe2de8fe20a19987197c455f73623e4b9fecb2e949daa89b43c,3,16252928,2001408,2001408,78,2688,62,0,1,0,3486.148431,3486.079345703125,3174.026292,311.694889,62.30116914957762,42.79456194490194,7.651807740330696,2854.8784563317895,19.581632614135742,135.6649284362793,2717.4916076660156,865.0051886439323,1437.370837211609,434.6013415455818,1359.2051362991333,281.87942410167307,40.19974395260215,125.83091196790338,37.0077440161258,95.4197769165039,4.748351991176605,31.8505916595459,3.6454396843910217
arxiv,cache_w8a8_m4k2v2,val,arxiv:val:000007:5d8bef236ece6d70,7,7,large_h6_n10_s100_wikics_arxiv,5d8bef236ece6d70ca2faa9c61718eeb618fd2f06ab8ea1c9a211c1ffba39d87,3,14155776,1437696,1437696,60,2352,54,0,1,0,2703.226954,2703.17724609375,2361.196261,341.670011,56.79408274590969,42.82394144684076,6.704089231789112,2168.2590702548623,19.6297607421875,139.16079902648926,2027.6237182617188,756.2347535789013,905.7485456466675,389.2131853401661,846.2989435195923,215.1843839501962,30.857631945982575,94.69993602856994,28.179040008224547,102.44476699829102,5.2264320850372314,27.64201593399048,3.833152115345001
arxiv,cache_w8a8_m4k2v2,val,arxiv:val:000008:50c056e8e13586b5,8,8,large_h6_n10_s100_wikics_arxiv,50c056e8e13586b5abb1d2ff6e8a110fa32a37fc5f195ac87dde107ad2b022c3,3,14417920,2027520,2027520,78,2394,55,0,1,0,2961.938106,2961.873779296875,2653.727576,306.813486,55.97137752920389,42.58932080119848,6.719053722918034,2472.7449296042323,19.606752395629883,135.89769554138184,2335.2748107910156,769.6412822306156,1190.3621454238892,390.3824833333492,1111.9791049957275,278.6514560477808,40.796863958239555,124.17145608365536,36.452479996718466,99.12067222595215,4.995232045650482,28.04585552215576,3.727873384952545
arxiv,cache_w8a8_m4k2v2,val,arxiv:val:000009:18155f7c05fbf94e,9,9,large_h6_n10_s100_wikics_arxiv,18155f7c05fbf94e33b3f603b69cecfa80e7cedb50fe2baa74f0d28baa4b0f2b,3,16777216,2224128,2224128,84,2772,64,0,1,0,3313.336773,3313.269775390625,2968.397806,341.391804,72.70669471472502,43.16555429250002,7.7905794605612755,2754.9722511321306,19.601375579833984,145.52777671813965,2607.695343017578,892.0123514533043,1284.9629096984863,449.18749326467514,1199.3882579803467,306.22726416774094,44.947871973738074,132.93791988119483,39.04588798061013,103.46889686584473,5.218111991882324,32.91872024536133,3.9192320108413696
arxiv,cache_w8a8_m4k2v2,val,arxiv:val:000010:734b087b8f518269,10,10,large_h6_n10_s100_wikics_arxiv,734b087b8f5182690f6917df19e1b75fcc1ab683af3f29e5ab7c61b67b706a93,3,13369344,1044480,1044480,48,2226,51,0,1,0,2517.760118,2517.702392578125,2097.946225,414.189383,55.382248014211655,42.63896122574806,6.2665781006217,1890.017682686448,19.5666561126709,94.19472026824951,1794.3786315917969,715.1312309205532,724.5587539672852,375.2438501417637,676.8309087753296,172.9500480806455,24.299807963892817,75.8602560274303,22.239904012531042,62.76009559631348,2.992000013589859,25.973983764648438,2.46364888548851
arxiv,cache_w8a8_m4k2v2,val,arxiv:val:000011:218fb05804b34902,11,11,large_h6_n10_s100_wikics_arxiv,218fb05804b34902580b9c384ae4f6815b6ac7a814598f271d8ec7c8cc9d1e97,3,14417920,1241088,1241088,54,2394,55,0,1,0,2599.301754,2599.2431640625,2291.012003,306.933168,55.94336614012718,42.58723556995392,6.863533519208431,2090.901605784893,19.58016014099121,122.37984085083008,1966.9782104492188,769.3665283620358,815.2790088653564,401.7412177622318,761.4600954055786,194.2209279416129,27.800543934106827,85.40297609567642,24.968447973020375,86.68601608276367,4.306400001049042,28.0764799118042,3.3055049777030945
arxiv,cache_w8a8_m4k2v2,val,arxiv:val:000012:d60fe2ae03f6eac8,12,12,large_h6_n10_s100_wikics_arxiv,d60fe2ae03f6eac84a1f19401647d5cb09163cbf2fc00ebcf0082f9223ce47bb,3,12320768,651264,651264,36,2058,47,0,1,0,2220.90076,2220.8466796875,1825.238802,393.865428,49.475982785224915,42.57907625287771,5.799354054033756,1642.4513077363372,19.56972885131836,100.2597770690918,1540.8392028808594,660.4011183381081,543.3799695968628,356.60153955221176,507.5895013809204,130.87203208357096,18.557247980497777,57.01078399643302,16.783776025287807,69.83235168457031,3.4199360013008118,24.32636833190918,2.681025207042694
arxiv,cache_w8a8_m4k2v2,val,arxiv:val:000013:268cba3e8bea6bbc,13,13,large_h6_n10_s100_wikics_arxiv,268cba3e8bea6bbc958504f9100b127a0e6c38ffb04407559a4f1b8afca109db,3,16777216,2420736,2420736,90,2772,64,0,1,0,3694.524795,3694.451904296875,3382.279754,310.55817,76.06557663530111,42.49624628573656,7.930227555334568,3063.6541368439794,19.55721664428711,141.58787155151367,2920.2970581054688,892.6613472700119,1609.08944606781,438.1034814119339,1519.0702228546143,322.9750720662996,47.68233597278595,142.8561919927597,41.772671988233924,99.78902435302734,5.051968038082123,32.95088005065918,3.786239206790924
arxiv,cache_w8a8_m4k2v2,val,arxiv:val:000014:27e07c074f120390,14,14,large_h6_n10_s100_wikics_arxiv,27e07c074f120390a136a24ac21a396b7ae25d63ea5fab508a8ee0aa47af7f4e,3,6815744,651264,651264,36,1176,26,0,1,0,1584.899519,1584.8531494140625,1255.246908,327.834606,36.93050146102905,42.653923854231834,3.204931505024433,1136.898678727448,19.492671966552734,45.249216079711914,1090.697998046875,375.00924786925316,541.4449605941772,189.6042803823948,505.1485767364502,130.08697627484798,17.69331198744476,58.20191993191838,16.816447991877794,29.422752380371094,1.3697599917650223,13.24944019317627,1.2058553099632263
arxiv,cache_w8a8_m4k2v2,val,arxiv:val:000015:9024ef9ec454b547,15,15,large_h6_n10_s100_wikics_arxiv,9024ef9ec454b5478893dc819578d8713e5a8398e93d9359ead4ec0b7f1c7d4e,3,16252928,2224128,2224128,84,2688,62,0,1,0,3187.687861,3187.634765625,2876.468861,310.873322,69.02236677706242,42.651478201150894,7.696213200688362,2672.7625457569957,19.57539176940918,130.13311958312988,2540.8228149414062,864.7673597335815,1252.1773128509521,427.320613861084,1167.5368957519531,291.3765122294426,42.08505600690842,132.27865600585938,39.21152000874281,90.30028820037842,4.442527949810028,31.9236159324646,3.466687500476837
arxiv,cache_w8a8_m4k2v2,val,arxiv:val:000016:7e1664ccf8593701,16,16,large_h6_n10_s100_wikics_arxiv,7e1664ccf8593701c6c8c2050a1018d04804245f371bd4eff878cb6153c7af9a,3,9437184,651264,651264,36,1596,36,0,1,0,1886.557156,1886.5068359375,1525.692209,357.790674,47.49755095690489,42.366744950413704,4.4647762551903725,1368.020286783576,19.510496139526367,65.44319915771484,1301.467529296875,512.527297437191,536.8917446136475,268.36193042993546,500.6872978210449,127.66982405073941,18.162879954092205,56.50019207037985,16.67270401213318,43.06006336212158,2.012448012828827,18.660223960876465,1.7123197615146637
arxiv,cache_w8a8_m4k2v2,val,arxiv:val:000017:7ad1ef9d9566a25d,17,17,large_h6_n10_s100_wikics_arxiv,7ad1ef9d9566a25d388509e1100cc3c7f10c255cea9ac15eba4fcc516975eab1,3,16777216,2420736,2420736,90,2772,64,0,1,0,3434.203407,3434.1328125,3033.710095,399.287804,64.07107505947351,42.59076714515686,7.908875122666359,2815.083776600659,19.565088272094727,149.32086563110352,2663.9764099121094,892.0461786985397,1355.5536003112793,435.94171917438507,1265.942494392395,321.12860821094364,47.721151933074,141.61920003592968,42.14643200393766,106.95212745666504,5.34140807390213,32.979552268981934,4.025505721569061
arxiv,cache_w8a8_m4k2v2,val,arxiv:val:000018:98b4c6d0d8b5843b,18,18,large_h6_n10_s100_wikics_arxiv,98b4c6d0d8b5843b73ad7e8e529a19b402ae2295c0781a0c0395f6b729379c34,3,16515072,2027520,2027520,78,2730,63,0,1,0,3582.880331,3582.807373046875,3239.489179,342.952301,73.38270545005798,42.78258513659239,7.836608216166496,2897.6430455222726,19.727519989013672,157.79436683654785,2738.2489624023438,878.8960631489754,1172.708161354065,762.5959395170212,1095.0773487091064,276.5489280456677,40.147903938777745,127.77785602211952,36.778335995040834,114.94403266906738,5.8679039478302,32.69055986404419,4.28691029548645
arxiv,cache_w8a8_m4k2v2,val,arxiv:val:000019:afbf83efcf3da599,19,19,large_h6_n10_s100_wikics_arxiv,afbf83efcf3da5999478e2f7e58fcecc35400cb3c4401303e814154a42eaf103,3,14942208,1437696,1437696,60,2478,57,0,1,0,2730.176738,2730.11669921875,2417.448492,310.684352,59.6222635358572,42.53406263887882,7.093016989529133,2198.4156211838126,19.568479537963867,106.82467460632324,2090.1598205566406,796.8559977412224,904.8882246017456,411.7511628270149,845.8833618164062,213.5692160325125,30.781791975721717,96.00390404835343,28.389248004183173,71.20838356018066,3.422335982322693,29.410399436950684,2.781699299812317
arxiv,cache_w8a8_m4k2v2,val,arxiv:val:000020:dbd405fe94a09147,20,20,large_h6_n10_s100_wikics_arxiv,dbd405fe94a0914761f2690e252ab5f02774d2c32288555d28b65fa98b2eb936,3,16515072,2405376,2405376,90,2730,63,0,1,0,3425.070591,3424.9990234375,3028.850912,393.412298,63.07774595916271,42.739951983094215,7.764724083244801,2813.4497115388513,19.67068862915039,152.33068656921387,2659.3863220214844,878.2617266774178,1375.4640035629272,428.92214745283127,1286.355134010315,331.0092480974272,47.28716798592359,142.05168000608683,41.696031955070794,109.91730880737305,5.595296025276184,32.69923210144043,4.114561676979065
arxiv,cache_w8a8_m4k2v2,val,arxiv:val:000021:d051e1dec2fdf8ab,21,21,large_h6_n10_s100_wikics_arxiv,d051e1dec2fdf8ab788897adb9e17b8f3543bc60cfef74e047813b2fc343b801,3,16252928,2420736,2420736,90,2688,62,0,1,0,3282.256894,3282.188720703125,2974.178877,307.708233,68.30910872668028,42.638723738491535,7.64436274766922,2755.059929564595,19.578079223632812,136.11401557922363,2617.2713012695312,865.2036803662777,1356.2953596115112,422.67677941918373,1267.2894716262817,322.25916787423193,47.775583929382265,141.58675206825137,41.5949759921059,95.70249462127686,4.843168020248413,31.93401575088501,3.6356146335601807
arxiv,cache_w8a8_m4k2v2,val,arxiv:val:000022:8f46ddff5f16826d,22,22,large_h6_n10_s100_wikics_arxiv,8f46ddff5f16826d7791db79b925bf61248b84cafbcd6caeb7ce88994412dfad,3,12582912,651264,651264,36,2100,48,0,1,0,2129.442291,2129.389404296875,1819.113874,306.23727,48.14174026250839,42.79039613902569,5.8166999369859695,1646.7366004362702,19.683679580688477,86.0282564163208,1559.3271789550781,674.0932466089725,539.6786231994629,362.4645889699459,504.1818895339966,129.74262409005314,17.66598397307098,58.976032081991434,16.721279996447265,56.496031761169434,2.676352024078369,24.61574363708496,2.2376956045627594
arxiv,cache_w8a8_m4k2v2,val,arxiv:val:000023:a33ac7ffe04c9ef6,23,23,large_h6_n10_s100_wikics_arxiv,a33ac7ffe04c9ef66300780848af6861185cc9b4b5f9a3975b2bc955cba877f7,3,12320768,651264,651264,36,2058,47,0,1,0,2227.75659,2227.699951171875,1831.189735,392.716525,53.30886598676443,42.55657363682985,5.776538513600826,1640.871025621891,19.586048126220703,100.33843231201172,1539.1775512695312,660.7695042490959,541.5245780944824,356.68123999238014,505.7828483581543,130.17727993335575,18.056287991814315,56.634176060557365,16.657023985870183,69.86729621887207,3.41839998960495,24.358783721923828,2.679421126842499
arxiv,cache_w8a8_m4k2v2,val,arxiv:val:000024:da1c8050639cf918,24,24,large_h6_n10_s100_wikics_arxiv,da1c8050639cf9185a33e7c695e416d7f01209d4bebcd08bd37949a743344866,3,14417920,1241088,1241088,54,2394,55,0,1,0,2685.546592,2685.4853515625,2302.17466,380.891929,56.291346438229084,42.559134773910046,6.798800081014633,2083.000569604337,19.569984436035156,122.44534683227539,1959.0248413085938,770.1893447935581,810.5613746643066,407.9148870408535,757.2269420623779,193.07564793527126,27.635679963976145,85.5658239684999,25.325503989122808,86.74079990386963,4.304127931594849,28.1048002243042,3.301826536655426
arxiv,cache_w8a8_m4k2v2,val,arxiv:val:000025:37a8f21d03520a0e,25,25,large_h6_n10_s100_wikics_arxiv,37a8f21d03520a0efc07d08cfa1d101490e54a7a2645f3dfadafc92245aa296d,3,13893632,651264,651264,36,2310,53,0,1,0,2618.335676,2618.286865234375,2292.414379,325.498434,62.42241803556681,42.670986615121365,6.491243839263916,2051.353881135583,19.570016860961914,114.38214302062988,1935.4436645507812,742.8786542117596,541.942271232605,655.9702241718769,506.4382390975952,130.7427518805489,17.723455973900855,57.81040007993579,17.321951996535063,79.95487976074219,3.9613120555877686,27.3852481842041,3.06982159614563
arxiv,cache_w8a8_m4k2v2,val,arxiv:val:000026:00f02c2c514ec60b,26,26,large_h6_n10_s100_wikics_arxiv,00f02c2c514ec60b5f5723f950fa17e2a742ca96af7fd9770b341d11040c92ef,3,13369344,1399296,1399296,60,2226,51,0,1,0,2588.553443,2588.493408203125,2257.960474,328.203261,65.07224030792713,42.542473413050175,6.294922903180122,2057.9647487029433,19.534048080444336,94.33836841583252,1962.1216125488281,714.9835194945335,908.5854406356812,364.575868666172,849.4458246231079,216.65644790884107,29.99926396086812,95.95686404034495,27.97500800807029,62.885024070739746,3.001216024160385,26.01263952255249,2.4567679464817047
arxiv,cache_w8a8_m4k2v2,val,arxiv:val:000027:8cd62bf318a20ced,27,27,large_h6_n10_s100_wikics_arxiv,8cd62bf318a20ced512be52c3710c221ea086084ec460c0f7c22c64bd8d66dec,3,13893632,651264,651264,36,2310,53,0,1,0,2346.128122,2346.072021484375,1962.815463,380.114461,54.130502976477146,42.60436072945595,6.518196314573288,1780.4969670251012,19.593568801879883,114.30253028869629,1664.7018127441406,742.4937287569046,538.7145929336548,401.6710909605026,503.22627544403076,129.38111997395754,18.050079966895282,56.34892800450325,16.579008002765477,79.89414405822754,3.9566720128059387,27.382848262786865,3.068865954875946
arxiv,cache_w8a8_m4k2v2,val,arxiv:val:000028:33517413de1e4a97,28,28,large_h6_n10_s100_wikics_arxiv,33517413de1e4a9700f5457f04f622ed1542c195cb82455a0fac9ceacb1713a0,3,13631488,651264,651264,36,2268,52,0,1,0,2260.43028,2260.374267578125,1931.778186,323.666713,52.488092333078384,42.52800531685352,6.435650400817394,1742.9564697667956,19.54252815246582,96.2497615814209,1645.3350524902344,728.7966392040253,543.0232000350952,392.7366659641266,507.3330554962158,130.6444799285382,18.148543984629214,56.49232004210353,16.97190399095416,63.92815971374512,3.0630719661712646,26.757088661193848,2.5022732615470886
arxiv,cache_w8a8_m4k2v2,val,arxiv:val:000029:46e60dd09f5fbfe9,29,29,large_h6_n10_s100_wikics_arxiv,46e60dd09f5fbfe93e7fb91664a431efd615337292ea6cb1d8678ca53464fa5f,3,13631488,1437696,1437696,60,2268,52,0,1,0,2633.577097,2633.51708984375,2267.608676,363.064854,61.68351508677006,42.32664033770561,6.3247475773096085,2075.570924207568,19.500320434570312,93.59366416931152,1980.5093994140625,728.8128305375576,901.4550714492798,369.7418178617954,841.7210216522217,214.125216037035,30.730111975222826,95.04956813156605,27.71955197583884,61.47136116027832,2.922591984272003,26.782719612121582,2.4168960452079773
arxiv,cache_w8a8_m4k2v2,val,arxiv:val:000030:dfd3d74dd7468378,30,30,large_h6_n10_s100_wikics_arxiv,dfd3d74dd7468378b9fe089cfadfa491a6c109bec1089a56d7c8f936713d3b00,3,14417920,2027520,2027520,78,2394,55,0,1,0,2951.549157,2951.484619140625,2642.041305,307.173117,54.67419698834419,42.51605551689863,6.831427104771137,2445.46611700207,19.571744918823242,136.2770881652832,2307.6441040039062,769.6958422064781,1177.4624938964844,380.057512819767,1099.706244468689,275.7025921540335,40.07583996746689,123.7407039552927,36.20553598925471,99.3758716583252,4.993311941623688,28.17420768737793,3.725120484828949
arxiv,cache_w8a8_m4k2v2,val,arxiv:val:000031:2a6403817126e571,31,31,large_h6_n10_s100_wikics_arxiv,2a6403817126e571a35eb47f07b5f765d0f726f05ee913b223d9d38b59039542,3,15990784,2224128,2224128,84,2646,61,0,1,0,3421.252782,3421.1953125,3112.600952,307.904156,64.28992468863726,42.62011405080557,7.491861470043659,2919.0480215474963,19.56425666809082,138.72454261779785,2778.4384765625,851.5355846881866,1519.405252456665,419.6334979534149,1434.9111957550049,301.4066877486184,43.74246396590024,133.2857920229435,38.93644794728607,98.43564987182617,4.873535990715027,31.700863361358643,3.7144933938980103
arxiv,cache_w8a8_m4k2v2,val,arxiv:val:000032:2474123e47f8abf2,32,32,large_h6_n10_s100_wikics_arxiv,2474123e47f8abf2ca6215adf1cf4e43394b78b20d8e53c3d9b5d131e3a2d17b,3,15990784,2027520,2027520,78,2646,61,0,1,0,3113.995254,3113.927978515625,2787.071023,323.584527,65.67301787436008,42.569054290652275,7.531690411269665,2568.2316618040204,19.612640380859375,138.87859344482422,2427.6588745117188,852.0124822556973,1170.7535648345947,424.3762201368809,1093.25519657135,277.6095037776977,40.24463997222483,122.5089600160718,35.87391996476799,98.53078269958496,4.922879993915558,31.70630407333374,3.7186266779899597
arxiv,cache_w8a8_m4k2v2,val,arxiv:val:000033:d0850dde7b86cfe1,33,33,large_h6_n10_s100_wikics_arxiv,d0850dde7b86cfe159626acbef6f22b442fc7f70a4212000a334b9de68dcb245,3,5505024,847872,847872,42,966,21,0,1,0,1570.329285,1570.283203125,1223.12934,345.017648,34.18359067291021,42.295302264392376,2.5664987042546272,1105.1438124850392,19.444543838500977,41.34105587005615,1063.0390014648438,306.88191947340965,631.5347499847412,144.06687584519386,589.8338260650635,150.45523197576404,20.85779196768999,65.8353920020163,19.332223982550204,28.197984218597412,1.3355199992656708,10.671552062034607,1.136959508061409
arxiv,cache_w8a8_m4k2v2,val,arxiv:val:000034:4eaa40c7c921d8f4,34,34,large_h6_n10_s100_wikics_arxiv,4eaa40c7c921d8f493a070722e1afd120044800ebc12cc5d04fef0e8a727b48a,3,13631488,651264,651264,36,2268,52,0,1,0,2253.922893,2253.8671875,1924.23865,326.201082,56.145692244172096,42.56442282348871,6.415504030883312,1747.2223918884993,19.61359977722168,96.38358306884766,1649.3562927246094,728.667776376009,542.7880945205688,395.71805450320244,507.2983989715576,131.31603202968836,18.299744009040296,57.392768040299416,16.824191991239786,64.03558444976807,3.0685759782791138,26.7739839553833,2.5054386854171753
arxiv,cache_w8a8_m4k2v2,val,arxiv:val:000035:4456808cd3029e36,35,35,large_h6_n10_s100_wikics_arxiv,4456808cd3029e36c6cd674805dfba1b0df5470dc0b6229da27fb0db573093a9,3,16252928,2617344,2617344,96,2688,62,0,1,0,3363.389617,3363.3310546875,3021.005618,343.58345,66.52671750634909,42.542642913758755,7.840446196496487,2801.9489785656333,19.579456329345703,123.720703125,2676.408660888672,864.9449910521507,1409.3927354812622,414.975454390049,1314.1290531158447,325.8202240103856,47.8993599684909,154.5358719676733,44.72527999803424,84.33436679840088,4.106784105300903,32.031936168670654,3.250976324081421
arxiv,cache_w8a8_m4k2v2,val,arxiv:val:000036:2b915ea34f5ecb41,36,36,large_h6_n10_s100_wikics_arxiv,2b915ea34f5ecb4195b7e648f39cc228565d57fb08ef7d137fd23d150f968b8c,3,16777216,2420736,2420736,90,2772,64,0,1,0,3280.002596,3279.946044921875,2967.278743,312.292832,68.93666554242373,42.7769310772419,7.977627217769623,2762.5542851164937,19.554880142211914,141.9481601715088,2618.790771484375,892.8471048772335,1301.2769899368286,437.2796355485916,1211.2184047698975,291.74112012796104,43.8088000016287,144.93574399501085,42.56908801570535,100.04988861083984,5.048415899276733,33.053664207458496,3.7890584468841553
arxiv,cache_w8a8_m4k2v2,val,arxiv:val:000037:614f76a891d0d5a3,37,37,large_h6_n10_s100_wikics_arxiv,614f76a891d0d5a3b29923cdfe9627edcfe1f02f6c18878cfe56320dda43f363,3,15728640,2420736,2420736,90,2604,60,0,1,0,3456.021178,3455.947509765625,3143.635879,312.028607,63.2012439891696,42.46592056006193,7.406385615468025,2952.8772309422493,19.494047164916992,131.92035293579102,2819.1782836914062,838.0865271687508,1352.2560949325562,639.5959139168262,1262.7971210479736,318.8090558629483,46.59958394989371,141.67782410606742,41.48233599215746,92.81276798248291,4.579071998596191,31.003008365631104,3.5253446102142334
arxiv,cache_w8a8_m4k2v2,val,arxiv:val:000038:1086cabadfb2c00e,38,38,large_h6_n10_s100_wikics_arxiv,1086cabadfb2c00efbeaa45c5b1b33cf288b259cb923f3c9f7d866c8204d9074,3,16252928,2224128,2224128,84,2688,62,0,1,0,3194.120146,3194.05078125,2885.859282,307.893308,67.8155142813921,42.65592712908983,7.618491537868977,2672.258384525776,19.552480697631836,140.2241268157959,2530.3213806152344,865.332766443491,1260.2311401367188,427.2307233810425,1176.8707189559937,297.38448023982346,43.92348796222359,132.71353600732982,38.984415986575186,99.48953819274902,4.9459840059280396,32.016480445861816,3.7694681882858276
arxiv,cache_w8a8_m4k2v2,val,arxiv:val:000039:863cfc33eb9bc5c9,39,39,large_h6_n10_s100_wikics_arxiv,863cfc33eb9bc5c943412c751858c2a4b19fae1e9600f8c00a7815f722d7057d,3,14417920,2027520,2027520,78,2394,55,0,1,0,2946.784315,2946.719482421875,2637.928556,308.53228,61.93763297051191,42.4363799393177,6.823567673563957,2449.6943335980177,19.5501766204834,136.3640651702881,2311.781707763672,772.0167680084705,1181.4434261322021,377.8716902434826,1103.7660112380981,280.2193278828636,40.58652795199305,124.0405120588839,36.306016000919044,99.46195030212402,4.995519995689392,28.18227243423462,3.7243224382400513
arxiv,cache_w8a8_m4k2v2,val,arxiv:val:000040:138d2ea2dc1f5267,40,40,large_h6_n10_s100_wikics_arxiv,138d2ea2dc1f526777d488af538e88cb175b76d812df4fc0848d5ab0513b61f3,3,16252928,2813952,2813952,102,2688,62,0,1,0,3554.679437,3554.606689453125,3153.649455,397.957486,65.92418998479843,42.91651304811239,7.697594352066517,2937.7311961725354,19.680992126464844,142.19487953186035,2793.8154296875,865.4680649638176,1541.625051498413,408.3481038212776,1440.6879053115845,363.2685118401423,53.7942719142884,159.86940801516175,47.35059197898954,101.28694343566895,5.026880085468292,32.054304122924805,3.8267518877983093
arxiv,cache_w8a8_m4k2v2,val,arxiv:val:000041:d9a4a65cfd514f1c,41,41,large_h6_n10_s100_wikics_arxiv,d9a4a65cfd514f1cd028b6059ba71acd1c529452ede8859ce3fe42269be5e68c,3,14417920,2027520,2027520,78,2394,55,0,1,0,3130.334558,3130.21630859375,2823.281794,309.017133,53.783661685884,42.70684905350208,6.752963177859783,2447.300933301449,19.612768173217773,136.25651168823242,2309.4743041992188,769.548383384943,1185.965124130249,377.7300933301449,1108.7924156188965,279.2594237877056,40.29452797025442,127.00905588641763,36.66639999952167,99.37900733947754,4.994848072528839,28.167583465576172,3.7222720980644226
arxiv,cache_w8a8_m4k2v2,val,arxiv:val:000042:ff0500b9a531de21,42,42,large_h6_n10_s100_wikics_arxiv,ff0500b9a531de21a3663ef84355fbe474988341d4bf06609c0f4f40872603e9,3,15204352,1044480,1044480,48,2520,58,0,1,0,2831.973337,2831.919921875,2523.891954,307.738025,304.7253414988518,42.88725461810827,7.300720550119877,2097.339356318116,19.70969581604004,144.6233901977539,1951.0841979980469,810.2966717481613,728.5897598266602,431.90746223926544,680.8666257858276,174.2258881572634,24.452767978422344,76.29151998087764,22.43683199957013,105.53010940551758,5.383071959018707,29.765151977539062,3.9450568556785583
arxiv,cache_w8a8_m4k2v2,val,arxiv:val:000043:ddd3b371329106e9,43,43,large_h6_n10_s100_wikics_arxiv,ddd3b371329106e9b3c0c5dff47a69baa52805ccf0e8705a520aa1b2b57a9b05,3,16252928,2027520,2027520,78,2688,62,0,1,0,3115.427516,3115.360595703125,2806.293102,307.701076,65.92031475156546,42.748309671878815,7.6829129830002785,2605.5934634059668,19.620351791381836,142.17062377929688,2461.7030334472656,866.9910421669483,1182.0319051742554,432.649846047163,1104.7790069580078,279.2279359586537,40.86179195251316,123.10380794480443,36.4154240116477,101.25222206115723,5.053760051727295,32.04137563705444,3.82326602935791
arxiv,cache_w8a8_m4k2v2,val,arxiv:val:000044:cf5d3d5d9903a199,44,44,large_h6_n10_s100_wikics_arxiv,cf5d3d5d9903a19940960e7d115d98e85bc20ff08ce0d304a458cf596df6ec1b,3,16252928,2224128,2224128,84,2688,62,0,1,0,3173.858514,3173.790771484375,2865.830935,307.669397,68.83600074797869,42.73771774023771,7.697488181293011,2674.8624304309487,19.64899253845215,130.23625946044922,2542.9017028808594,866.3789109289646,1267.6725444793701,428.29607659578323,1180.7173500061035,298.0320320185274,43.62121597211808,133.66595202684402,39.01014401577413,90.3670711517334,4.435328006744385,31.99123191833496,3.463970184326172
arxiv,cache_w8a8_m4k2v2,val,arxiv:val:000045:e1ef52cc72e53091,45,45,large_h6_n10_s100_wikics_arxiv,e1ef52cc72e53091c7800d41742de82340ef8f9ca0ca1a0e3701bf3b37d73687,3,13893632,651264,651264,36,2310,53,0,1,0,2283.289829,2283.233154296875,1970.170414,311.827593,58.973866514861584,42.40844212472439,6.533597595989704,1785.390678793192,19.54070472717285,112.42742347717285,1671.5160827636719,741.6115543842316,551.148416519165,403.6593089699745,515.5949745178223,131.849503967911,17.828511984087527,59.84288000687957,16.940320027060807,78.16137504577637,3.8559359908103943,27.419808387756348,3.0054717659950256
arxiv,cache_w8a8_m4k2v2,val,arxiv:val:000046:ada3ab8e88f5559f,46,46,large_h6_n10_s100_wikics_arxiv,ada3ab8e88f5559fcccdcc6f953c2dd6aa4326a121c0a4aaf08dacb1b8284a90,3,13893632,651264,651264,36,2310,53,0,1,0,2281.047442,2280.991455078125,1969.240752,311.475524,68.44077724963427,42.41694416850805,6.545248441398144,1774.2769178003073,19.503040313720703,114.27062606811523,1658.5939331054688,736.6961915194988,534.0827836990356,405.7105067074299,498.04150581359863,125.75955197680742,17.049631980247796,57.92703998461366,16.835839992389083,79.90057563781738,3.938528001308441,27.367104530334473,3.0667514204978943
arxiv,cache_w8a8_m4k2v2,val,arxiv:val:000047:d407276f731aeb82,47,47,large_h6_n10_s100_wikics_arxiv,d407276f731aeb826a2465293d82e27bd3bfeb5cc7bff84a8a4469484aab6322,3,15466496,1634304,1634304,66,2562,59,0,1,0,2838.796335,2838.732177734375,2530.172127,307.892526,65.31018856912851,42.33216308057308,7.290370762348175,2317.56757106632,19.51945686340332,113.19766426086426,2202.894256591797,818.282432436943,992.436637878418,424.13164246082306,927.7629156112671,231.05856034904718,32.353823964484036,105.58707202970982,31.35513597726822,76.30355262756348,3.676960051059723,30.23695993423462,2.972031354904175
arxiv,cache_w8a8_m4k2v2,val,arxiv:val:000048:dd42eff70fde6dc5,48,48,large_h6_n10_s100_wikics_arxiv,dd42eff70fde6dc5e47ff1df4ed4ee531b28791339a8573d15beb8be20bca69a,3,16777216,2617344,2617344,96,2772,64,0,1,0,3780.958266,3780.88134765625,3379.629703,398.114671,69.51306946575642,42.50179976224899,7.8831687569618225,3166.3721930235624,19.580480575561523,160.1280002593994,3004.4818725585938,885.6989112496376,1700.8842916488647,434.80304861068726,1605.4116039276123,339.95215997472405,50.188287913799286,361.9056922495365,45.14371200837195,116.87817764282227,5.8936960101127625,32.97811222076416,4.377598404884338
arxiv,cache_w8a8_m4k2v2,val,arxiv:val:000049:a2b8aa86fe2b3b80,49,49,large_h6_n10_s100_wikics_arxiv,a2b8aa86fe2b3b809d0aacfbc7c40ec2063058ada285d832b83a88d0103ba626,3,16252928,2027520,2027520,78,2688,62,0,1,0,3100.161484,3100.0927734375,2788.620772,310.66364,67.10596941411495,42.5945445895195,7.6674530282616615,2581.168483942747,19.52684783935547,135.89075088500977,2443.5877990722656,858.3303682506084,1178.0625972747803,431.99291652441025,1100.5862379074097,277.098240182735,41.14860798511654,122.667295999825,36.18160000629723,95.57625579833984,4.747904002666473,31.923839569091797,3.644285500049591
arxiv,cache_w8a8_m4k2v2,val,arxiv:val:000050:2a47659d2f813532,50,50,large_h6_n10_s100_wikics_arxiv,2a47659d2f813532ed4dc6a42a9d4cf68dc3143b0c35fc5da3cc25947ca3b91d,3,16252928,2617344,2617344,96,2688,62,0,1,0,3381.006833,3380.93701171875,3037.339036,343.01172,61.065894551575184,42.49397199600935,7.594101130962372,2819.595167413354,19.567808151245117,123.50530815124512,2694.3599853515625,858.6444175243378,1444.9964780807495,411.38545632362366,1350.70121383667,343.3255045665428,50.25132795330137,151.30067202448845,44.62480003479868,84.19174289703369,4.099712014198303,31.955199718475342,3.2580780386924744
arxiv,cache_w8a8_m4k2v2,val,arxiv:val:000051:25fed5df9f2e16af,51,51,large_h6_n10_s100_wikics_arxiv,25fed5df9f2e16af5276f39be3ac9b4fbbf21cb37f57fd15fbb3eb0033ad4253,3,16777216,2617344,2617344,96,2772,64,0,1,0,3538.553034,3538.48046875,3143.207282,393.740071,82.57907349616289,42.47579071670771,7.90121965110302,2832.79141318053,19.549663543701172,160.0281581878662,2671.0956420898438,885.3259179890156,1378.47878074646,429.9910967051983,1283.6969900131226,313.14828805439174,45.87993596307933,157.67843194305897,45.87440000381321,116.78950309753418,5.887232005596161,32.977248191833496,4.369630515575409
arxiv,cache_w8a8_m4k2v2,val,arxiv:val:000052:03bd7d4b35d5ec75,52,52,large_h6_n10_s100_wikics_arxiv,03bd7d4b35d5ec754ccede1f77f03d4c83f1bce222870c0d7931411a50a1a0ae,3,13631488,651264,651264,36,2268,52,0,1,0,2579.83583,2579.78564453125,2255.38297,325.593363,67.24780891090631,42.22478810697794,7.724246941506863,2068.4754997491837,19.269792556762695,96.1976957321167,1970.7957763671875,723.4942718744278,872.5053844451904,395.7039536833763,836.7289762496948,126.5133121162653,17.987264004535973,409.30830781534314,17.544160024262965,63.90393543243408,3.0648319125175476,26.72102403640747,2.507679283618927
arxiv,cache_w8a8_m4k2v2,val,arxiv:val:000053:859d651c5c113b2b,53,53,large_h6_n10_s100_wikics_arxiv,859d651c5c113b2b710e3dd92e0b453173673741fd2acce2fade900d8aeca11e,3,15990784,2224128,2224128,84,2646,61,0,1,0,3385.336269,3385.214599609375,2991.706842,393.263741,78.40995118021965,42.43427701294422,9.268760681152344,2586.648002266884,19.293888092041016,138.76329612731934,2446.3973388671875,845.3820474743843,1200.5627479553223,420.87935853004456,1117.6006746292114,274.92294410057366,39.49059199448675,139.49107194319367,40.86624001618475,98.49033546447754,4.871551990509033,31.67232084274292,3.7290878295898438
arxiv,cache_w8a8_m4k2v2,val,arxiv:val:000054:300231fc70309c0c,54,54,large_h6_n10_s100_wikics_arxiv,300231fc70309c0cfd22317394782a0a007fef674b24b0ff0106b29c1afc2b36,3,16515072,2224128,2224128,84,2730,63,0,1,0,3336.741349,3336.6708984375,2940.333697,394.566068,80.91774303466082,43.45097951591015,9.240877814590931,2668.647044338286,20.16886329650879,157.91961669921875,2508.9777221679688,873.2975682914257,1219.1788511276245,436.6701660454273,1135.5479679107666,279.8957122573629,40.39849597681314,138.80713592469692,41.23136001639068,115.12160301208496,5.78739207983017,32.710976123809814,4.299583077430725
arxiv,cache_w8a8_m4k2v2,val,arxiv:val:000055:a212b20457638022,55,55,large_h6_n10_s100_wikics_arxiv,a212b20457638022238ddab4fbf222c37df631dd211fdab1c40ca8cbfaae7cf5,3,16252928,2224128,2224128,84,2688,62,0,1,0,3209.564268,3209.49609375,2884.040009,325.146609,89.46642186492682,42.535021901130676,9.272126480937004,2622.8760378435254,19.405792236328125,142.1578254699707,2479.000274658203,858.5497903823853,1209.038878440857,430.7160530090332,1125.554178237915,280.5434241257608,40.386976026929915,139.24979208782315,41.01523202843964,101.32444763183594,5.0311999917030334,31.973663806915283,3.828514039516449
arxiv,cache_w8a8_m4k2v2,val,arxiv:val:000056:215743a6c95a4322,56,56,large_h6_n10_s100_wikics_arxiv,215743a6c95a4322fe408a6ba7a4a9370a75f4cc4532aaca99dde5ef8f023db6,3,16515072,2617344,2617344,96,2730,63,0,1,0,3514.631062,3514.558349609375,3114.949343,398.608019,88.00448756664991,42.52668842673302,9.397407062351704,2829.3941784650087,19.402080535888672,167.6807689666748,2659.9617919921875,872.2678405046463,1380.8095970153809,426.21664321422577,1283.7579221725464,311.72195215243846,45.347616015933454,157.63430404290557,46.23168005049229,124.0850887298584,6.292831897735596,32.69859218597412,4.6042561531066895
arxiv,cache_w8a8_m4k2v2,val,arxiv:val:000057:93b7a7f59cc74a9e,57,57,large_h6_n10_s100_wikics_arxiv,93b7a7f59cc74a9ee193ce677f5005da0c006b92d97b540966bd127e7f276715,3,16252928,2027520,2027520,78,2688,62,0,1,0,3475.242397,3475.171630859375,3078.336354,394.06796,76.15555729717016,42.41498000919819,9.240471757948399,2861.944164149463,19.372127532958984,141.8940143585205,2718.3172302246094,858.5620157122612,1121.924545288086,744.3552722036839,1044.3615369796753,256.36419210676104,37.738495958969,129.5175360366702,37.9492800347507,101.05936241149902,5.048768043518066,31.95459222793579,3.830238401889801
arxiv,cache_w8a8_m4k2v2,val,arxiv:val:000058:baff727dd79bfef8,58,58,large_h6_n10_s100_wikics_arxiv,baff727dd79bfef81394c2cc7d0db687035b7850b8cd72fd35533259dcbc5e44,3,14942208,1437696,1437696,60,2478,57,0,1,0,2692.389929,2692.328369140625,2378.341596,311.810274,63.49652539938688,42.46456827968359,8.495179004967213,2172.5239418447018,19.39651107788086,106.80534362792969,2064.1063537597656,793.8988805711269,869.5683469772339,415.13477566838264,809.9293794631958,201.12742411904037,28.631007997319102,100.68022393062711,29.363040022552013,71.17942428588867,3.4262399673461914,29.40105628967285,2.7889572381973267
arxiv,cache_w8a8_m4k2v2,val,arxiv:val:000059:283bfc5fbdab96be,59,59,large_h6_n10_s100_wikics_arxiv,283bfc5fbdab96be178e1ef02673805c313e85a7db94d22467b6608e90253fa3,3,16252928,2224128,2224128,84,2688,62,0,1,0,3168.473593,3168.4052734375,2859.938958,307.556954,69.84905898571014,42.49691870063543,9.287679567933083,2658.20802655071,19.371904373168945,140.0399990081787,2516.3384399414062,859.3722570240498,1242.5418910980225,430.799517840147,1158.0127382278442,288.0261117424816,41.94015999138355,139.6312639117241,40.777247990481555,99.36700820922852,4.9419519901275635,31.96355152130127,3.770653545856476
arxiv,cache_w8a8_m4k2v2,val,arxiv:val:000060:223fff55dd3aa076,60,60,large_h6_n10_s100_wikics_arxiv,223fff55dd3aa07627e13f9449707c2e850612851f89eb5f38bbde0ba338602a,3,13631488,1241088,1241088,54,2268,52,0,1,0,2471.207504,2471.157958984375,2163.848132,307.810847,56.340424343943596,42.44048614054918,7.662955671548843,1971.9044072553515,19.517183303833008,97.15436744689941,1873.238525390625,723.3588812351227,784.388165473938,375.2160985469818,730.0759372711182,183.34860806167126,25.85107201617211,89.89180804789066,26.647711999714375,64.77897644042969,3.0989760756492615,26.735455989837646,2.5357466340065002
arxiv,cache_w8a8_m4k2v2,val,arxiv:val:000061:819cfb4438026420,61,61,large_h6_n10_s100_wikics_arxiv,819cfb4438026420a44e76d1b5e4396b6c12d15e01cdfdca4eafe4356bf5fd78,3,15466496,2224128,2224128,84,2562,59,0,1,0,3070.48508,3070.419677734375,2761.064943,307.857598,74.07687045633793,42.531490325927734,8.803785778582096,2555.43471314013,19.493791580200195,131.80732917785645,2421.9756469726562,817.9902072548866,1209.8351421356201,401.8076815009117,1125.463168144226,277.8336640223861,40.209568006917834,138.74425596185029,40.58214399777353,93.39756870269775,4.630559980869293,30.235424518585205,3.54723197221756
arxiv,cache_w8a8_m4k2v2,val,arxiv:val:000062:f14653257fd8d626,62,62,large_h6_n10_s100_wikics_arxiv,f14653257fd8d626a647b705baa748c4047f2bffaa9a0536a43e3e90199fe238,3,15466496,1437696,1437696,60,2562,59,0,1,0,2987.608456,2987.553466796875,2678.460289,308.275538,85.50238609313965,43.36794372648001,8.907914161682129,2488.579594530165,20.595680236816406,117.07891082763672,2369.8351440429688,817.5523526668549,1148.1149826049805,424.76348900794983,1088.747073173523,201.38188802357763,28.500063993036747,99.19932809099555,29.02710402663797,79.82249641418457,3.8848960399627686,30.253472328186035,3.0903979539871216
arxiv,cache_w8a8_m4k2v2,val,arxiv:val:000063:a6c9213601343c5a,63,63,large_h6_n10_s100_wikics_arxiv,a6c9213601343c5af310560e147a57675830c585f12c4b745f42161685ac0945,3,16252928,2002944,2002944,78,2688,62,0,1,0,3256.094225,3255.978759765625,2948.056288,308.024738,68.78265459090471,42.451635003089905,9.207095019519329,2548.772182315588,19.499967575073242,136.00096130371094,2410.9917602539062,858.567104279995,1138.7126111984253,433.23322969675064,1061.3199043273926,263.7660800172016,37.18672002479434,130.02214396372437,38.527104024775326,95.62281608581543,4.743520021438599,31.978880405426025,3.6478399634361267
arxiv,cache_w8a8_m4k2v2,val,arxiv:val:000064:1f114887af1ecfa5,64,64,large_h6_n10_s100_wikics_arxiv,1f114887af1ecfa56bcb4f6bc29544f32172af5626be259cf411be7bd9bc4eed,3,15204352,1044480,1044480,48,2520,58,0,1,0,2598.885173,2598.816162109375,2284.152958,313.001325,74.89183079451323,42.476072907447815,8.693269453942776,2057.753637433052,19.406047821044922,144.53407859802246,1911.5255432128906,804.531966984272,697.0774049758911,429.8341872394085,649.3761901855469,165.3289282079786,23.315167985856533,80.29519999399781,23.571104017086327,105.50460815429688,5.3857280015945435,29.6977596282959,3.9638065099716187
arxiv,cache_w8a8_m4k2v2,val,arxiv:val:000065:a0032c4710ae3a15,65,65,large_h6_n10_s100_wikics_arxiv,a0032c4710ae3a1546d174201bd65f39f734bad0dbaa659b3bf599a5959b7ddf,3,16515072,2420736,2420736,90,2730,63,0,1,0,3410.015362,3409.942138671875,3014.157327,394.817467,84.36435740441084,43.442471884191036,9.415616281330585,2748.1480222195387,19.57855987548828,152.28326416015625,2594.2259521484375,871.9237784147263,1314.6264333724976,428.51071751117706,1225.0255670547485,302.16863981913775,45.19084800127894,149.9676160030067,43.57788805104792,109.86034965515137,5.592256009578705,32.7191367149353,4.111521780490875
arxiv,cache_w8a8_m4k2v2,val,arxiv:val:000066:fd1e8eebbd69f945,66,66,large_h6_n10_s100_wikics_arxiv,fd1e8eebbd69f945b7937053fe1894d7aa4e3d017b7566cbc0ddbd2ec591ade0,3,16777216,2420736,2420736,90,2772,64,0,1,0,3321.658635,3321.5859375,3027.22067,294.694736,106.89437203109264,43.103426694869995,9.641481563448906,2771.122428588569,19.89904022216797,143.48982429504395,2625.8223876953125,885.513665407896,1317.4977598190308,442.17168349027634,1227.9118738174438,307.2818561634049,44.36198401171714,148.67619207501411,43.54406400863081,101.61011123657227,5.053984045982361,32.979008197784424,3.848509430885315
arxiv,cache_w8a8_m4k2v2,val,arxiv:val:000067:ad1389fe50ead330,67,67,large_h6_n10_s100_wikics_arxiv,ad1389fe50ead330fcbb0d1c3b6897b19fadd83f66a990bd417484c3cd9c8118,3,15466496,2420736,2420736,90,2562,59,0,1,0,3508.21844,3508.156494140625,3199.956421,307.840678,84.75653734058142,42.37796738743782,9.019114077091217,2886.1501226201653,19.374496459960938,149.22114944458008,2735.4839782714844,818.1707219183445,1545.7825536727905,397.4346600472927,1456.9089527130127,295.3437123661861,298.37616135179996,149.49033600464463,43.70592004805803,109.36963272094727,5.495840013027191,30.246975898742676,4.098588526248932
arxiv,cache_w8a8_m4k2v2,val,arxiv:val:000068:0e2309a14e4e7ad2,68,68,large_h6_n10_s100_wikics_arxiv,0e2309a14e4e7ad206ec00b0afceb8be3573064c0f92010b47f04a2ba2d1f390,3,5505024,847872,847872,42,966,21,0,1,0,1575.445507,1575.399658203125,1229.058072,345.60046,28.672114945948124,42.014642618596554,3.0632810667157173,1080.9403955936432,19.308095932006836,41.320703983306885,1038.8537902832031,304.5826902091503,606.169023513794,145.96448490023613,564.5486717224121,142.94883204065263,20.296448001638055,69.38448000326753,20.486752025783062,28.189152240753174,1.3347200006246567,10.656160116195679,1.142368733882904
arxiv,cache_w8a8_m4k2v2,val,arxiv:val:000069:d86e811a7bc24db7,69,69,large_h6_n10_s100_wikics_arxiv,d86e811a7bc24db744e8778bf19d7b3f44eb7d7ebf8bfe7ccd74c22d935087f2,3,16515072,2027520,2027520,78,2730,63,0,1,0,3352.077503,3351.9599609375,3009.437796,343.357765,79.49953619390726,43.2492196559906,9.547312743961811,2582.9903073608875,19.973344802856445,157.86444854736328,2423.3243713378906,871.8995496332645,1122.457215309143,447.3811355829239,1045.453890800476,261.00969617441297,37.49916796851903,130.9863040484488,37.84262402821332,114.97648048400879,5.874176025390625,32.710848331451416,4.299391746520996
arxiv,cache_w8a8_m4k2v2,val,arxiv:val:000070:2a3d92150c4f73db,70,70,large_h6_n10_s100_wikics_arxiv,2a3d92150c4f73db35252c8869d52c2058311805ab42839e792ab8f73946b897,3,14680064,1437696,1437696,60,2436,56,0,1,0,2689.623697,2689.563720703125,2381.718371,307.532333,69.39407158643007,42.534549720585346,8.505323901772499,2163.9039386063814,19.36185646057129,120.20112037658691,2042.0447998046875,777.467264175415,877.1636199951172,406.7114200592041,817.485408782959,205.02633584104478,29.088575980626047,99.66272005438805,29.17120005004108,84.2437744140625,4.150720000267029,28.573343753814697,3.231298089027405
arxiv,cache_w8a8_m4k2v2,val,arxiv:val:000071:cf9896e4eb750fe0,71,71,large_h6_n10_s100_wikics_arxiv,cf9896e4eb750fe0c9cee7c8b288a7a8e49d9cc63c2a39ef685e91beaa53ed04,3,15728640,2420736,2420736,90,2604,60,0,1,0,3217.276121,3217.208984375,2905.368148,311.530367,63.87041695415974,42.65692923218012,7.622166536748409,2704.876657575369,19.621728897094727,131.79964637756348,2571.3988342285156,832.0576344430447,1357.3061428070068,401.65678587555885,1268.1675863265991,321.0789124555886,46.56393596716225,142.36390402913094,42.077375991269946,92.71577548980713,4.574975967407227,30.974432468414307,3.5344624519348145
arxiv,cache_w8a8_m4k2v2,val,arxiv:val:000072:11c31d8e3f561208,72,72,large_h6_n10_s100_wikics_arxiv,11c31d8e3f5612084a2dbd8c1a42815cb6224c2900ec1d9301030c9f7d9ebb85,3,16777216,2617344,2617344,96,2772,64,0,1,0,3673.743131,3673.6806640625,3345.187049,328.69141,66.05226919054985,42.40909218788147,7.900596596300602,3049.4654159992933,19.56153678894043,149.38483047485352,2898.35498046875,885.9203510582447,1608.0562200546265,427.42541882395744,1513.5602931976318,328.29337616544217,284.3647404881194,156.85932802781463,46.94771202001721,107.01699256896973,5.337503969669342,32.998239517211914,4.038273096084595
arxiv,cache_w8a8_m4k2v2,val,arxiv:val:000073:1332d50ddf2eeca1,73,73,large_h6_n10_s100_wikics_arxiv,1332d50ddf2eeca169e5b81ca0b3ac3e1c51f99b4e36d2902cde6073b387a2d0,3,16515072,2405376,2405376,90,2730,63,0,1,0,3542.017114,3541.898193359375,3147.514396,394.092915,77.26040203124285,42.665270157158375,9.313576854765415,2791.5680408477783,19.62067222595215,152.34041786193848,2637.462677001953,872.2149434089661,1358.5920915603638,426.27631425857544,1269.452444076538,303.4767362559214,43.06748802494258,147.87859190255404,43.403680018149316,109.91404724121094,5.596447944641113,32.71600008010864,4.113922595977783
arxiv,cache_w8a8_m4k2v2,val,arxiv:val:000074:e0a31edde87a7444,74,74,large_h6_n10_s100_wikics_arxiv,e0a31edde87a744459029bea340649f33a84460931b483db992080e065477e9e,3,13893632,651264,651264,36,2310,53,0,1,0,2277.640878,2277.590576171875,1966.076278,311.261258,65.99564850330353,42.354511097073555,7.778417319059372,1770.3445740044117,19.46723175048828,112.3028793334961,1656.4312133789062,737.0212455689907,524.1202545166016,400.39534416794777,487.78614616394043,126.35817617643625,17.326911999844015,60.162208031862974,17.44630400557071,78.06803035736084,3.8542080521583557,27.381727695465088,3.004513680934906
arxiv,cache_w8a8_m4k2v2,val,arxiv:val:000075:0a132a451a46a45b,75,75,large_h6_n10_s100_wikics_arxiv,0a132a451a46a45bcb97637eec4dab61c47b992cacfe8b0fdcf22dbb745a1380,3,14417920,1044480,1044480,48,2394,55,0,1,0,2572.439779,2572.38818359375,2195.132187,376.862511,69.77375596761703,42.34715923666954,8.223133161664009,1972.2654148936272,19.476768493652344,110.92563056945801,1859.7650756835938,764.0481622517109,696.3111047744751,408.9804899394512,647.8068161010742,163.60416003875434,22.844576001167297,80.0504640340805,23.392000018619,76.09587287902832,3.7093759179115295,28.14889621734619,2.9470375180244446
arxiv,cache_w8a8_m4k2v2,val,arxiv:val:000076:b1ad7f9bb93742d5,76,76,large_h6_n10_s100_wikics_arxiv,b1ad7f9bb93742d57d93c723bded1ff9487d253437f89c993ed39560542cccda,3,14417920,1241088,1241088,54,2394,55,0,1,0,2664.299772,2664.239013671875,2279.203591,381.022513,62.40098178386688,42.62369591742754,6.83355238288641,2087.6141618937254,19.602144241333008,122.59167861938477,1963.4530334472656,763.9318740367889,811.1739177703857,401.03618836402893,756.9209899902344,194.2777282036841,27.059616016224027,89.19958401471376,25.86608000844717,86.81155109405518,4.3092480301856995,28.15839958190918,3.3124799132347107
arxiv,cache_w8a8_m4k2v2,val,arxiv:val:000077:636e20ca6e1d821d,77,77,large_h6_n10_s100_wikics_arxiv,636e20ca6e1d821d85f8b6f88702a66347f568d2975ab829f49e905d3295654b,3,13893632,1363968,1363968,60,2310,53,0,1,0,2665.889232,2665.837158203125,2306.770881,358.76165,67.10905581712723,42.32827667146921,7.859282195568085,2083.186508156359,19.529024124145508,109.47417449951172,1972.1927490234375,737.4103032648563,872.9961261749268,377.7992663383484,813.8700494766235,206.6321280496195,28.962560032494366,100.42275208234787,29.27987202629447,75.44422435760498,3.70115202665329,27.405248165130615,2.918686091899872
arxiv,cache_w8a8_m4k2v2,val,arxiv:val:000078:23743d45533046ec,78,78,large_h6_n10_s100_wikics_arxiv,23743d45533046eceaf1c1af64d1e14aaa8f5a22c78f7016394923a043b2804a,3,15728640,2027520,2027520,78,2604,60,0,1,0,3074.337109,3074.2802734375,2760.580129,311.775928,75.01451764255762,42.44132246822119,9.006630629301071,2546.8425573781133,19.52627182006836,142.57814407348633,2402.506622314453,832.1192322671413,1155.6359376907349,416.55394545197487,1071.823875427246,273.7695043720305,38.17359999753535,127.63510406017303,38.28780801501125,102.60358428955078,5.149951934814453,30.959328174591064,3.8700472712516785
arxiv,cache_w8a8_m4k2v2,val,arxiv:val:000079:1e65174104a1505a,79,79,large_h6_n10_s100_wikics_arxiv,1e65174104a1505a7bdd624a1acd688b3680da85996d2ef44bbbc87389e196e4,3,16252928,2224128,2224128,84,2688,62,0,1,0,3542.952775,3542.890625,3149.127056,393.425286,98.96966069936752,42.75120422244072,7.741190493106842,2946.925318799913,19.729951858520508,164.6029109954834,2780.5831604003906,859.1966104209423,1269.7202215194702,668.5278005897999,1187.0407333374023,301.21932826098055,44.789215886965394,132.34707195311785,39.16566400509328,121.88179397583008,6.163071990013123,31.988606929779053,4.5314213037490845
arxiv,cache_w8a8_m4k2v2,val,arxiv:val:000080:5938139cc92984b8,80,80,large_h6_n10_s100_wikics_arxiv,5938139cc92984b8a1aaeb096edff4af8ce500ccf4df6024b66b636ee66fb8ad,3,12845056,847872,847872,42,2142,49,0,1,0,2464.297623,2464.20947265625,2101.338815,362.606023,235.2234274148941,42.66804736107588,6.016396917402744,1756.3008526340127,19.587615966796875,97.11709022521973,1657.7775268554688,682.9339525401592,622.8301105499268,362.1560857594013,581.4196166992188,148.9489920400083,20.933503973297775,68.63724800571799,19.966176027432084,65.96406364440918,3.185408055782318,25.40831995010376,2.5568349957466125
arxiv,cache_w8a8_m4k2v2,val,arxiv:val:000081:103812d8128782bf,81,81,large_h6_n10_s100_wikics_arxiv,103812d8128782bf2d6b0a6e4559818f35c7ea64484cee79dbf3fd92559a9169,3,15466496,1437696,1437696,60,2562,59,0,1,0,2808.739364,2808.68701171875,2494.219708,312.08084,63.237947411835194,42.729467153549194,7.3261624202132225,2274.9951099976897,19.63910484313965,133.65382385253906,2139.6406860351562,818.3024010062218,909.7774696350098,428.5877279341221,849.8727359771729,216.60262410808355,31.364927927963436,95.09667194262147,28.02403198555112,95.04563331604004,4.728224039077759,30.2739839553833,3.6060465574264526
arxiv,cache_w8a8_m4k2v2,val,arxiv:val:000082:ef97f140c26e76a7,82,82,large_h6_n10_s100_wikics_arxiv,ef97f140c26e76a76756767fb519c0006836b4ec6a63adff45776dc58da7edf0,3,15990784,1830912,1830912,72,2646,61,0,1,0,2987.327098,2987.27197265625,2675.392964,311.532972,90.22944048047066,42.97355841845274,7.546939887106419,2472.719586454332,19.748767852783203,130.05542373657227,2340.789581298828,845.3209920525551,1078.5541458129883,433.49661687016487,1006.1209001541138,254.85311992187053,37.08499197009951,117.29366395622492,34.29734400939196,90.39292907714844,4.534239947795868,31.679104328155518,3.4491503834724426
arxiv,cache_w8a8_m4k2v2,val,arxiv:val:000083:a39d60ef16fc4859,83,83,large_h6_n10_s100_wikics_arxiv,a39d60ef16fc4859f0cbb1f8bd127e91871eb54fff72fe03a1c091da9dd2a231,3,16252928,2813952,2813952,102,2688,62,0,1,0,3497.479548,3497.407958984375,3095.604646,401.419733,85.87217517197132,42.41751600056887,9.144173935055733,2887.564272619784,19.495487213134766,142.09039878845215,2743.5946655273438,858.4314889609814,1479.23410987854,407.7926254570484,1376.266240119934,337.7321278825402,48.85068796668202,168.3678720407188,50.01737604662776,101.22550392150879,5.024992048740387,32.01148796081543,3.8284148573875427
arxiv,cache_w8a8_m4k2v2,val,arxiv:val:000084:5e59d4339eecb4b0,84,84,large_h6_n10_s100_wikics_arxiv,5e59d4339eecb4b0483be1a708ce6e0900ea0d36b21157a03b359dd6edca154f,3,14155776,1241088,1241088,54,2352,54,0,1,0,2873.310925,2873.255859375,2564.69772,308.20174,78.95603589713573,42.70035866647959,8.102239109575748,2359.3685291707516,19.508031845092773,129.6318073272705,2228.381134033203,750.9231350123882,1106.1783208847046,396.8109700977802,1052.4676504135132,184.21545574907213,26.07750401366502,89.89667196571827,26.402368046343327,93.64367961883545,4.693888068199158,27.729759693145752,3.5373119115829468
arxiv,cache_w8a8_m4k2v2,val,arxiv:val:000085:d0843ce56b22dc73,85,85,large_h6_n10_s100_wikics_arxiv,d0843ce56b22dc73a3618d338723a965a999cb83eeceeaa30cb60167e3ac1382,3,15728640,1829376,1829376,72,2604,60,0,1,0,3209.530819,3209.42578125,2885.394336,324.538551,81.29485417157412,42.38690249621868,9.02906060218811,2470.683339983225,19.50707244873047,146.27807807922363,2322.8282165527344,831.6541759669781,1094.8595161437988,426.28136613965034,1024.097412109375,259.1619839379564,37.10047996789217,116.2996800467372,34.54716801829636,106.01529693603516,5.313120067119598,30.958207607269287,3.991453468799591
arxiv,cache_w8a8_m4k2v2,val,arxiv:val:000086:c931e503a421c342,86,86,large_h6_n10_s100_wikics_arxiv,c931e503a421c34267ec82b94e039d60e19b3bf05af914aae79205e0decda7d4,3,16252928,2224128,2224128,84,2688,62,0,1,0,3162.366853,3162.310302734375,2856.043648,306.605419,68.04605014622211,42.64367837458849,7.600582204759121,2663.1597373634577,19.614816665649414,130.25782585144043,2531.1597595214844,858.8804806172848,1268.1286420822144,423.80638137459755,1185.026816368103,301.3181757880375,44.474815961904824,132.30841590836644,38.8323840200901,90.34294414520264,4.434176027774811,31.979551792144775,3.465664327144623
arxiv,cache_w8a8_m4k2v2,val,arxiv:val:000087:9f3a2d6097b0f6bd,87,87,large_h6_n10_s100_wikics_arxiv,9f3a2d6097b0f6bdc313c6295f2299bc6c3187102e3e75faf02bfa838fb30ae0,3,15990784,2027520,2027520,78,2646,61,0,1,0,3054.178324,3054.122802734375,2743.132983,310.775186,80.32871969044209,42.706213891506195,7.480500265955925,2554.961947724223,19.626144409179688,138.81996536254883,2414.6356811523438,845.1691519618034,1170.340796470642,421.84174567461014,1093.3392353057861,276.252511927858,40.051263944245875,122.00380799174309,36.245951971039176,98.46940803527832,4.921376049518585,31.69881534576416,3.7303659319877625
arxiv,cache_w8a8_m4k2v2,val,arxiv:val:000088:d92d2e293d83fe2f,88,88,large_h6_n10_s100_wikics_arxiv,d92d2e293d83fe2f12b22432fd45e9e92790a6d804e43b5675e947d66dc7965e,3,15728640,2027520,2027520,78,2604,60,0,1,0,3119.60799,3119.552734375,2726.596433,392.65544,70.20687311887741,42.52192471176386,7.361232303082943,2518.993671052158,19.635040283203125,126.07603073120117,2391.4047241210938,831.6998388767242,1172.4133749008179,415.46956038475037,1095.8740119934082,275.9633601978421,40.14163194783032,123.00742400065064,36.53068800456822,87.3198070526123,4.411456048488617,30.98707151412964,3.356961727142334
arxiv,cache_w8a8_m4k2v2,val,arxiv:val:000089:ca95f6f1b4e66743,89,89,large_h6_n10_s100_wikics_arxiv,ca95f6f1b4e66743e24e634927bd1f85787d4b5f1d0520aed4dd463ee6107386,3,9437184,651264,651264,36,1596,36,0,1,0,2113.544246,2113.497314453125,1753.780605,359.464063,51.77116580307484,42.63731837272644,4.323496483266354,1614.1989221796393,19.527328491210938,65.5024003982544,1547.578872680664,507.52748769521713,790.3247089385986,269.16587549448013,754.8630180358887,129.80991985835135,17.743424013257027,58.54966411739588,267.48525286931545,43.09942436218262,2.006944000720978,18.687967777252197,1.7106565833091736
arxiv,cache_w8a8_m4k2v2,val,arxiv:val:000090:c11b4735265097a4,90,90,large_h6_n10_s100_wikics_arxiv,c11b4735265097a44930d96d5587558acbb6ad2ce18590c698eac674f2a4537d,3,10485760,651264,651264,36,1764,40,0,1,0,1976.224768,1976.179931640625,1614.175972,363.716357,44.214134104549885,42.3909081146121,4.788832738995552,1468.5250939801335,19.481151580810547,85.33215999603271,1381.9961395263672,563.0076799690723,540.1772785186768,299.63578832149506,504.60374546051025,129.83859204500914,17.682432010769844,58.613343961536884,16.780800012871623,59.35196876525879,2.9927039742469788,20.655359983444214,2.3133752644062042
arxiv,cache_w8a8_m4k2v2,val,arxiv:val:000091:3080ca54e7b4810a,91,91,large_h6_n10_s100_wikics_arxiv,3080ca54e7b4810a5398d13cb2684ed159ae5e73eba029f817a64cc835d8ee00,3,15728640,2027520,2027520,78,2604,60,0,1,0,3280.957282,3280.88916015625,2967.381955,310.600222,70.74040547013283,42.64699947088957,7.546158507466316,2614.9601535871625,19.468095779418945,142.6443214416504,2470.8164978027344,831.6608961820602,1250.229760169983,413.9651423692703,1173.6841583251953,281.4044798556715,40.81334398314357,123.21648002415895,36.297408000566065,102.6191349029541,5.153504014015198,31.002944469451904,3.868738055229187
arxiv,cache_w8a8_m4k2v2,val,arxiv:val:000092:c554553d97e30d78,92,92,large_h6_n10_s100_wikics_arxiv,c554553d97e30d78d7909dfafe3fbb78151bd68f5f605863d751110e5db6a7f9,3,13369344,1044480,1044480,48,2226,51,0,1,0,2441.753887,2441.6962890625,2031.743506,411.401766,54.011364467442036,42.43543278425932,6.157604046165943,1871.7232579365373,19.502880096435547,94.33260726928711,1776.050048828125,709.935520529747,717.5776958465576,372.4040285348892,670.3696641921997,170.90633618086576,24.895296031609178,75.32972801104188,22.309824007563293,62.80963134765625,2.990687996149063,26.064640522003174,2.4639037549495697
arxiv,cache_w8a8_m4k2v2,val,arxiv:val:000093:f7af87a891af9d09,93,93,large_h6_n10_s100_wikics_arxiv,f7af87a891af9d09f37e54b0d2c012c059c353aa05a62ef5edbdf198016c320b,3,16252928,2420736,2420736,90,2688,62,0,1,0,3246.091803,3246.03466796875,2938.881247,307.605084,66.5455125272274,42.31049492955208,7.695366628468037,2717.2871632501483,19.494367599487305,136.39984130859375,2579.3143310546875,858.6966725289822,1324.888385772705,418.8372143805027,1236.1888341903687,306.97798394877464,44.936415957286954,145.89651205390692,43.32441598922014,95.90969562530518,4.8429760336875916,31.997600078582764,3.649569571018219
arxiv,cache_w8a8_m4k2v2,val,arxiv:val:000094:c49ce41630690eb2,94,94,large_h6_n10_s100_wikics_arxiv,c49ce41630690eb2875e5821578e9175ae7b054958b3e878556ae492365cbc54,3,15728640,2617344,2617344,96,2604,60,0,1,0,3275.078382,3275.02099609375,2967.749825,307.455644,63.98077681660652,42.258188128471375,8.800542913377285,2734.550313092768,19.466976165771484,134.5957088470459,2598.1228637695312,831.8990085721016,1377.3752012252808,395.547016620636,1280.8707189559937,310.7321280380711,46.30006397329271,158.5341119877994,46.71398404613137,95.2892484664917,4.740832030773163,30.944128036499023,3.621500313282013
arxiv,cache_w8a8_m4k2v2,val,arxiv:val:000095:d1b804cfe6bbd7e7,95,95,large_h6_n10_s100_wikics_arxiv,d1b804cfe6bbd7e705150c6ddc19faca93a98d8004ede770615deb67bbf7b37f,3,16252928,2224128,2224128,84,2688,62,0,1,0,3431.763016,3431.704345703125,3086.050348,346.0902,66.447539255023,42.30064805597067,9.176059626042843,2889.2042385414243,19.47545623779297,140.06227111816406,2747.5435485839844,858.8372801840305,1480.8024339675903,428.1124407351017,1395.5993213653564,276.150943945162,276.9756871415302,139.95359990745783,40.82777606137097,99.36675071716309,4.942528009414673,31.98470401763916,3.7682883739471436
arxiv,cache_w8a8_m4k2v2,val,arxiv:val:000096:ec672f4715dd3985,96,96,large_h6_n10_s100_wikics_arxiv,ec672f4715dd3985423b1d7da9aaae0f5347758a5d73c859780f2f3e7aa6498f,3,16252928,2420736,2420736,90,2688,62,0,1,0,3439.352489,3439.243408203125,3131.231493,308.796274,66.50248356163502,42.440690100193024,9.093167260289192,2727.046748623252,19.461631774902344,140.27049446105957,2585.056182861328,858.8577579855919,1328.1599674224854,417.50008922815323,1239.0081644058228,298.2443197770044,42.67139199562371,149.35865598544478,43.62486403621733,99.57779121398926,4.9333760142326355,31.992095947265625,3.767231285572052
arxiv,cache_w8a8_m4k2v2,val,arxiv:val:000097:f6245857f5f07407,97,97,large_h6_n10_s100_wikics_arxiv,f6245857f5f07407b3f88778c9316b16c98f8849b85552d58bca7df1a935723e,3,16515072,2420736,2420736,90,2730,63,0,1,0,3361.520552,3361.457275390625,2967.615778,393.517802,74.86413884907961,42.35988203436136,9.250829927623272,2738.2571371272206,19.516319274902344,144.12780952453613,2592.023956298828,874.0069742500782,1301.167326927185,431.2727136313915,1210.5670413970947,296.675776027143,43.31401596684009,148.92627195641398,43.67206401005387,102.44035148620605,5.084735989570618,32.727327823638916,3.8753942251205444
arxiv,cache_w8a8_m4k2v2,val,arxiv:val:000098:fc6abf08b8b0001e,98,98,large_h6_n10_s100_wikics_arxiv,fc6abf08b8b0001e9313d3417be92f18e0e0864d878974971cf6ffcc7e7350c3,3,12582912,651264,651264,36,2100,48,0,1,0,2102.644461,2102.597900390625,1796.849803,306.061701,54.66209538280964,42.293304577469826,7.181012071669102,1632.8319292515516,19.292991638183594,86.08233642578125,1545.28564453125,669.4162884950638,525.7025279998779,367.2957352399826,489.6390371322632,124.66159997414798,16.997472003102303,59.74403201788664,17.465568006038666,56.50252914428711,2.675711989402771,24.66380786895752,2.2415674328804016
arxiv,cache_w8a8_m4k2v2,val,arxiv:val:000099:66f7ff1f3a72ebb7,99,99,large_h6_n10_s100_wikics_arxiv,66f7ff1f3a72ebb7a8bb64ef808626e952cdfdaa780c993573ad1026141d4d65,3,15466496,2420736,2420736,90,2562,59,0,1,0,3210.947258,3210.89013671875,2898.913577,311.538668,66.95149652659893,42.34530683606863,8.527135476469994,2660.8252935111523,19.279808044433594,149.35907363891602,2509.6664123535156,819.7955208420753,1302.8126440048218,403.5123681426048,1212.0510082244873,293.8717758739367,43.14832000527531,148.93552000820637,43.61740804370493,109.47804641723633,5.497344017028809,30.280479907989502,4.103101015090942
arxiv,cache_w8a8_m4k2v2,test,arxiv:test:000000:8aeecba8862d1102,100,0,large_h6_n10_s100_wikics_arxiv,8aeecba8862d11020a114168d046089c4e2d396f1d577261816bc2a09d70c909,3,11796480,847872,847872,42,1974,45,0,1,0,2776.202742,2776.1142578125,2417.084993,358.568063,347.61346969753504,51.54559202492237,5.783522501587868,1973.1785347685218,22.02239990234375,92.91423988342285,1878.8445129394531,634.0919997096062,934.3847675323486,340.5614541172981,892.7535514831543,156.47820813208818,21.871520000509918,358.6645266674459,20.243200032040477,63.54627227783203,3.1184000372886658,23.605599880218506,2.638144552707672
arxiv,cache_w8a8_m4k2v2,test,arxiv:test:000001:34c176a088ad1429,101,1,large_h6_n10_s100_wikics_arxiv,34c176a088ad14291b4ca520137113412e5b7c8ea153de8adcead79fdbf6e251,3,16252928,2224128,2224128,84,2688,62,0,1,0,3588.936205,3588.828125,3197.394697,391.443669,215.3692003339529,43.46207436174154,7.791274227201939,2696.173678152263,19.64348793029785,147.78253173828125,2546.6639099121094,865.633119314909,1278.1746578216553,427.24438884854317,1195.1183032989502,304.77865618653595,43.73465593159199,132.26787200570107,38.73257598280907,106.44272041320801,5.325984001159668,32.02345609664917,3.9979538321495056
arxiv,cache_w8a8_m4k2v2,test,arxiv:test:000002:d675140a548725b4,102,2,large_h6_n10_s100_wikics_arxiv,d675140a548725b4c6d4948151c0ffed99b5b331ac253fabce8422878f98cbc5,3,13631488,1241088,1241088,54,2268,52,0,1,0,2648.007982,2647.95654296875,2186.868499,460.801295,54.361299611628056,42.54928696900606,6.547281518578529,2006.317114457488,19.563743591308594,115.84534454345703,1889.1036376953125,729.2682557404041,809.0067224502563,378.15274092555046,755.7878074645996,191.6558402767405,27.79011193662882,85.0924800299108,24.97177598439157,81.90230464935303,4.0486080050468445,26.769855976104736,3.108319580554962
arxiv,cache_w8a8_m4k2v2,test,arxiv:test:000003:77e480c4e7aba13c,103,3,large_h6_n10_s100_wikics_arxiv,77e480c4e7aba13c6f51e9b3b822650b1679f5fc8a9d112ac559dac67edbaa2d,3,13369344,1241088,1241088,54,2226,51,0,1,0,2567.404043,2567.34716796875,2223.372027,339.591996,74.60240460932255,42.40457620471716,6.430765613913536,2029.6201119199395,19.441984176635742,162.05065536499023,1866.0860595703125,715.6011539101601,807.5086708068848,370.60914558172226,754.2365083694458,191.2532799039036,27.35948797315359,87.6438080444932,24.87443199660629,124.98345756530762,6.426432013511658,26.097439765930176,4.543326020240784
arxiv,cache_w8a8_m4k2v2,test,arxiv:test:000004:e76d0c446fb20015,104,4,large_h6_n10_s100_wikics_arxiv,e76d0c446fb200155bab8f5b50e1bfeee149028b49c0cefdbf77cd82298987ef,3,14942208,1966080,1966080,78,2478,57,0,1,0,3110.640887,3110.5849609375,2700.283044,409.914813,67.79295206069946,42.4897288903594,7.125403732061386,2500.818927772343,19.545503616333008,138.29692840576172,2361.034454345703,796.9981764554977,1196.8917722702026,396.28904259204865,1119.9661769866943,298.7904639421031,40.99446390289813,122.70809601992369,36.022847982123494,100.00499153137207,5.045088112354279,29.48809576034546,3.753501534461975
arxiv,cache_w8a8_m4k2v2,test,arxiv:test:000005:5f27d2a1b37cbc3e,105,5,large_h6_n10_s100_wikics_arxiv,5f27d2a1b37cbc3ef73ce9f6c26f05ba8e10225420a2c8bd688c25086552f86b,3,16252928,2420736,2420736,90,2688,62,0,1,0,3500.487805,3500.427490234375,3175.627382,323.902103,78.32431141287088,42.513555847108364,7.7819498255848885,2944.0662479028106,19.551712036132812,122.46742248535156,2819.8432006835938,863.8488332927227,1562.2589139938354,423.4950985312462,1473.3895082473755,533.4274630360305,43.3958079777658,143.0738239735365,43.30499196331948,83.21193599700928,4.03219199180603,32.018879890441895,3.212287664413452
arxiv,cache_w8a8_m4k2v2,test,arxiv:test:000006:665d2ed7aedfc59e,106,6,large_h6_n10_s100_wikics_arxiv,665d2ed7aedfc59ebde23874a48b455bfdc251afad90b472d910958edcb2e5e4,3,14417920,1044480,1044480,48,2394,55,0,1,0,2459.577355,2459.521728515625,2153.263184,305.992602,68.16371437162161,42.46146697551012,6.940593011677265,1963.9683878049254,19.534048080444336,104.98534393310547,1857.2298583984375,768.5214408636093,698.5965442657471,409.7023629248142,650.7983989715576,161.6314879367128,23.16441597789526,78.29798397049308,22.801056012511253,70.64815998077393,3.4244160652160645,28.15791940689087,2.7573126554489136
arxiv,cache_w8a8_m4k2v2,test,arxiv:test:000007:3d27bf4752315273,107,7,large_h6_n10_s100_wikics_arxiv,3d27bf4752315273e1cbbe2c6a1f755d0b85001b2bdf23e7f57b8dcb680be002,3,16252928,2027520,2027520,78,2688,62,0,1,0,3206.34466,3206.281982421875,2810.994902,394.200924,74.92104917764664,42.40091983228922,7.78959970921278,2595.077885314822,19.506303787231445,153.7082862854004,2439.9550170898438,861.5575052201748,1167.2109117507935,434.94026985764503,1089.2036180496216,275.00220788270235,39.17977600824088,124.9487039707601,37.13737600296736,111.91411399841309,5.6407999992370605,31.951008319854736,4.18422794342041
arxiv,cache_w8a8_m4k2v2,test,arxiv:test:000008:a866a0597966c6f4,108,8,large_h6_n10_s100_wikics_arxiv,a866a0597966c6f452e6217ca6a8fae250237e23f2323f08fb1b09771ca5f4f3,3,14680064,1241088,1241088,54,2436,56,0,1,0,2795.431578,2795.34228515625,2486.904637,310.297927,267.3031184822321,42.5430741161108,7.120943628251553,2067.8333370015025,19.56368064880371,114.14521598815918,1951.8104553222656,780.2565123140812,777.2066564559937,410.92370292544365,722.8958730697632,180.80105609633029,26.391456013545394,89.73660800233483,26.53174405824393,78.68550395965576,3.861504018306732,28.55247926712036,3.0396174788475037
arxiv,cache_w8a8_m4k2v2,test,arxiv:test:000009:2acb6a66afedb5c0,109,9,large_h6_n10_s100_wikics_arxiv,2acb6a66afedb5c05fc17390d5ae9636d3bafb1f422d5eff4ee9e53078a4ef42,3,14417920,1963008,1963008,78,2394,55,0,1,0,3068.667584,3068.612548828125,2600.256001,468.005879,70.89901342988014,42.36512817442417,6.9466279819607735,2406.327221542597,19.523263931274414,122.59142303466797,2281.9172973632812,767.5222719311714,1148.7455978393555,380.11042231321335,1070.563808441162,280.35398428235203,37.381887967698276,129.00870407745242,38.04230405855924,86.78051090240479,4.325600028038025,28.15772819519043,3.305601716041565
arxiv,cache_w8a8_m4k2v2,test,arxiv:test:000010:c37504f6fbb77657,110,10,large_h6_n10_s100_wikics_arxiv,c37504f6fbb77657795f6a4fab3ab20e6a4b90de3ca703855f666b761f785cdf,3,16515072,2420736,2420736,90,2730,63,0,1,0,3399.444066,3399.385009765625,3000.364998,398.6542,94.61790416389704,42.385912500321865,8.001216687262058,2756.33451808244,19.475872039794922,177.2680320739746,2577.3016052246094,875.9446077346802,1292.2087984085083,431.81459522247314,1202.9428234100342,294.679775970988,43.006015985272825,150.2002561017871,43.79539203085005,132.86131286621094,6.767295837402344,32.72524833679199,4.894817352294922
arxiv,cache_w8a8_m4k2v2,test,arxiv:test:000011:548262a0e76189ec,111,11,large_h6_n10_s100_wikics_arxiv,548262a0e76189ecd6e0a5d5e3260e3cd918a64948a825acac21649a7a162df4,3,16252928,2027520,2027520,78,2688,62,0,1,0,3450.007032,3449.94580078125,3089.63323,359.51985,67.98377353698015,42.435478419065475,7.691698148846626,2872.007057070732,19.557600021362305,149.85299110412598,2720.705322265625,861.8387532532215,1452.9092798233032,435.18886134028435,1374.3953609466553,262.6443839771673,37.63967995997518,129.38332805782557,38.03228801488876,108.31465530395508,5.500447988510132,31.962400436401367,4.068000853061676
arxiv,cache_w8a8_m4k2v2,test,arxiv:test:000012:565a3afdfe27876b,112,12,large_h6_n10_s100_wikics_arxiv,565a3afdfe27876b97787b02ef3b916f21f9717eee997e6c2649b2836506bdd3,3,12582912,1044480,1044480,48,2100,48,0,1,0,2296.452029,2296.40283203125,1983.703554,309.675542,56.945561431348324,42.245468124747276,7.331152446568012,1791.4250576868653,19.28704071044922,90.06825637817383,1699.9542541503906,671.7942081689835,694.2876453399658,353.4640163183212,645.7056636810303,162.9272959176451,22.792991993948817,79.83107205107808,23.700832000933588,60.153663635253906,2.8939200341701508,24.653247833251953,2.3636797964572906
arxiv,cache_w8a8_m4k2v2,test,arxiv:test:000013:b3a8166da7f9bd5a,113,13,large_h6_n10_s100_wikics_arxiv,b3a8166da7f9bd5a7f77d68f2262cc2ce197215462aaa014b7214d76dd6ef764,3,14155776,1634304,1634304,66,2352,54,0,1,0,2891.033998,2890.9443359375,2546.066297,345.961141,63.31196241080761,42.37459972500801,6.8597570061683655,2244.5747014135122,19.489728927612305,115.94684791564941,2126.736297607422,752.9134084284306,947.080283164978,387.36435759067535,880.9237098693848,217.951200122945,31.36048000957817,109.1431999951601,32.040128017775714,81.09254455566406,4.0239681005477905,27.71872043609619,3.1085113286972046
arxiv,cache_w8a8_m4k2v2,test,arxiv:test:000014:927439c8c556510b,114,14,large_h6_n10_s100_wikics_arxiv,927439c8c556510b53acb56af17f6dd08cc1109c2e7c48b8bdeb6ef106c4cdb4,3,16515072,2224128,2224128,84,2730,63,0,1,0,3417.727893,3417.668212890625,2951.864354,465.492321,85.94097848981619,42.53994394093752,7.897567003965378,2648.7754564732313,19.526432037353516,144.25084686279297,2502.6424560546875,874.4695036709309,1208.5790748596191,437.602775990963,1124.1707248687744,278.6297280015424,40.361248013563454,139.28969592228532,40.73446406517178,102.50399971008301,5.174432039260864,32.699488162994385,3.872926950454712
arxiv,cache_w8a8_m4k2v2,test,arxiv:test:000015:94893e1aa247f99a,115,15,large_h6_n10_s100_wikics_arxiv,94893e1aa247f99ab08f875dfc42353b2a6d833d028453cd6332b1fd4a6d5ac7,3,16252928,2394624,2394624,90,2688,62,0,1,0,3250.058716,3249.995849609375,2939.524506,310.836147,73.84013198316097,43.051136657595634,9.33085661381483,2698.830575682223,19.61359977722168,134.06089782714844,2562.9405822753906,859.7679046094418,1297.5161962509155,424.3857363164425,1208.4998359680176,300.1808643070981,43.52953601628542,148.52265597507358,43.94652801193297,93.87923049926758,4.631775975227356,31.965120315551758,3.5847710371017456
arxiv,cache_w8a8_m4k2v2,test,arxiv:test:000016:04a1b80589800d8a,116,16,large_h6_n10_s100_wikics_arxiv,04a1b80589800d8abbd3bf2b6e48d62f12100ace0b6cc463ee8ae1a18f3d8884,3,15990784,2027520,2027520,78,2646,61,0,1,0,3387.176136,3387.11767578125,3075.976602,310.661907,87.96611055731773,42.890338227152824,9.144885465502739,2845.2852312475443,19.418560028076172,129.9438076019287,2713.851593017578,845.277857363224,1463.6177377700806,427.3500799238682,1385.9922533035278,254.2791039198637,378.46892489120364,128.4143360592425,37.783584017306566,90.38108825683594,4.432959973812103,31.66329574584961,3.4533126950263977
arxiv,cache_w8a8_m4k2v2,test,arxiv:test:000017:6ed2fd35c7b08446,117,17,large_h6_n10_s100_wikics_arxiv,6ed2fd35c7b084466a024831071fe4da94ca4acc62f856b26d505fb9e2c0a269,3,12845056,1583616,1583616,66,2142,49,0,1,0,2705.438448,2705.38671875,2343.227064,361.787587,63.89113701879978,42.53804590553045,7.590843364596367,2099.514522589743,19.32271957397461,134.05011177062988,1963.9827575683594,683.0983042418957,953.9512977600098,343.7054770886898,887.7486057281494,224.44982416834682,31.4746880158782,108.73280009254813,32.34364803042263,99.89718246459961,5.042944014072418,25.389983654022217,3.714144706726074
arxiv,cache_w8a8_m4k2v2,test,arxiv:test:000018:9ba09b820b67f326,118,18,large_h6_n10_s100_wikics_arxiv,9ba09b820b67f3268b73b57e69c9473c6ac2e861b2e1dfa8f39e80bd970e5769,3,16515072,2420736,2420736,90,2730,63,0,1,0,3477.419031,3477.316650390625,3170.164239,306.818474,79.82716336846352,42.73939598351717,7.958446629345417,2822.1083134412766,19.572256088256836,167.88713836669922,2652.4874877929688,872.3159685730934,1371.7026891708374,428.9304609000683,1282.4225301742554,293.898816277273,46.919135994277894,148.49779196456075,43.63289600703865,124.2320327758789,6.369471907615662,32.69721603393555,4.590175032615662
arxiv,cache_w8a8_m4k2v2,test,arxiv:test:000019:551de7f6c6009e1d,119,19,large_h6_n10_s100_wikics_arxiv,551de7f6c6009e1d0b6bb2471de8a502aa64c44b76385fa09309561554d57e04,3,9961472,454656,454656,30,1680,38,0,1,0,1895.00738,1894.9639892578125,1482.193035,412.90503,45.04337999969721,42.73379314690828,4.868470132350922,1325.1552488654852,19.586240768432617,78.03241539001465,1245.8565521240234,535.4442567527294,436.3584966659546,291.02187541127205,406.3117790222168,106.63635209109634,14.525343984365463,49.767743933945894,14.666400028392673,53.70902347564697,2.6585600078105927,19.562559843063354,2.1022720634937286
arxiv,cache_w8a8_m4k2v2,test,arxiv:test:000020:13dc09ce4d7802a7,120,20,large_h6_n10_s100_wikics_arxiv,13dc09ce4d7802a7445a3893c978abe7a75f09a66446471b5fb18cfbf5964938,3,15990784,2027520,2027520,78,2646,61,0,1,0,3148.899862,3148.84423828125,2785.938077,362.472144,76.4826200902462,42.51878056675196,9.218437597155571,2517.8344510495663,19.435903549194336,144.47789001464844,2371.6317138671875,845.3103356361389,1113.5275526046753,427.6836838722229,1035.1720609664917,252.10172796156257,37.164992021396756,128.73465599119663,37.84947205800563,103.69762992858887,5.189152002334595,31.662752151489258,3.9093164801597595
arxiv,cache_w8a8_m4k2v2,test,arxiv:test:000021:6f59067bf5fa395d,121,21,large_h6_n10_s100_wikics_arxiv,6f59067bf5fa395d8c438f79f5bdba49c2480fc114342b4fd3bf6de6278eab75,3,16515072,2224128,2224128,84,2730,63,0,1,0,3287.396501,3287.33984375,2928.77824,358.206758,72.1534714102745,42.68144629895687,7.916079834103584,2652.333190664649,19.62175941467285,155.33619117736816,2495.181854248047,873.3961298167706,1202.4150400161743,437.6945241987705,1118.1771812438965,276.3517439449206,39.92063998244703,138.5290559232235,41.04905604664236,112.72195243835449,5.663392007350922,32.72291278839111,4.219357907772064
arxiv,cache_w8a8_m4k2v2,test,arxiv:test:000022:7de091dda2cfc1e7,122,22,large_h6_n10_s100_wikics_arxiv,7de091dda2cfc1e735526e01718df15756c5332e2e9f43a7ca93de54fce418a9,3,14417920,1044480,1044480,48,2394,55,0,1,0,2789.066925,2789.013916015625,2483.657804,306.572318,328.35571467876434,42.78704058378935,6.983187049627304,1975.821666419506,19.527360916137695,126.32588577270508,1847.8434143066406,764.5487986207008,691.3458251953125,409.07739835977554,643.149824142456,161.3449599854648,22.87104000058025,80.54543997719884,23.451040004380047,90.27596759796143,4.498143970966339,28.115968227386475,3.429344117641449
arxiv,cache_w8a8_m4k2v2,test,arxiv:test:000023:2c3804d42bd30cbd,123,23,large_h6_n10_s100_wikics_arxiv,2c3804d42bd30cbd2c66895d9ca0e1514646371edadac6e4c4a7a10bd83a0982,3,15728640,2224128,2224128,84,2604,60,0,1,0,3156.489581,3156.43408203125,2833.744185,323.924835,68.93434002995491,42.52105765044689,7.5865136459469795,2555.8867333456874,19.506399154663086,121.92908668518066,2432.1686401367188,831.6560975015163,1203.1572170257568,413.6675503253937,1118.6029720306396,273.44483173731714,40.747136034071445,138.34502397105098,40.60697601176798,83.64697551727295,4.092767953872681,30.961952209472656,3.227391004562378
arxiv,cache_w8a8_m4k2v2,test,arxiv:test:000024:980f6a26e605793b,124,24,large_h6_n10_s100_wikics_arxiv,980f6a26e605793b5382fa17bdf21a550efe6ad0b938a48a8210024c64c8fd03,3,15204352,1609728,1609728,66,2520,58,0,1,0,3015.814909,3015.724853515625,2709.431816,305.97387,76.49116404354572,42.85070393234491,7.378899492323399,2383.0812564119697,19.592575073242188,163.9162540435791,2217.475067138672,807.0965426564217,1003.950400352478,415.07958030700684,938.4387855529785,224.82640004903078,31.791424020193517,109.67836801335216,32.301152042113245,123.35401725769043,6.284991979598999,29.680543899536133,4.567551255226135
arxiv,cache_w8a8_m4k2v2,test,arxiv:test:000025:118b258c03aa037e,125,25,large_h6_n10_s100_wikics_arxiv,118b258c03aa037eaafbf67becf82fd102999213036e8abd9f807120abdbd283,3,14942208,1967616,1967616,78,2478,57,0,1,0,3001.591701,3001.537353515625,2691.701435,309.760032,65.10983034968376,42.64724627137184,7.249928079545498,2445.3514385968447,19.489023208618164,138.09910583496094,2305.4900512695312,791.0859841704369,1136.001187324524,395.10566169023514,1057.5551376342773,269.26550388522446,37.55708801280707,128.27135995402932,37.88121603894979,99.88009643554688,5.043808043003082,29.410016536712646,3.7651848196983337
arxiv,cache_w8a8_m4k2v2,test,arxiv:test:000026:1d8c978f1407bcc5,126,26,large_h6_n10_s100_wikics_arxiv,1d8c978f1407bcc5190dde580c972dc805f7ab4bb54fb0a1198050ea884c4d5b,3,16515072,2224128,2224128,84,2730,63,0,1,0,3330.001202,3329.943359375,2938.088191,392.986778,70.68272866308689,42.788499034941196,8.099936880171299,2663.9632852748036,19.61884880065918,163.29779243469238,2498.7372436523438,872.8024938702583,1205.033441543579,437.70597887039185,1120.593825340271,273.6434561247006,40.68153600022197,138.9619839154184,40.89129600580782,120.06083106994629,6.061983942985535,32.69171190261841,4.483265519142151
arxiv,cache_w8a8_m4k2v2,test,arxiv:test:000027:ccb4301fa0500230,127,27,large_h6_n10_s100_wikics_arxiv,ccb4301fa0500230b966c1ca8acbfb0239894da3c184bc644b2ab3f2025751db,3,15466496,2027520,2027520,78,2562,59,0,1,0,3276.642711,3276.58447265625,2965.362539,310.813093,77.03554723411798,42.8719213232398,7.463295012712479,2768.0285712704062,19.506975173950195,143.43356704711914,2622.9325256347656,818.5477437078953,1411.4394283294678,411.22154942154884,1333.738790512085,253.7457281742245,37.54921596404165,128.52931202203035,37.78905605804175,104.05478286743164,5.225087940692902,30.24560022354126,3.9080960154533386
arxiv,cache_w8a8_m4k2v2,test,arxiv:test:000028:6bd000b4763af040,128,28,large_h6_n10_s100_wikics_arxiv,6bd000b4763af040cd35faa94edb20b9caadb186a66e8ec435f0e42d6b15d953,3,12845056,1612800,1612800,66,2142,49,0,1,0,2690.596728,2690.54443359375,2328.636456,361.75662,69.12278663367033,42.545147240161896,7.598092779517174,2098.302193917334,19.299104690551758,133.98729705810547,1962.86474609375,683.0682857036591,953.9335985183716,343.343852609396,887.6611518859863,223.3003838164732,31.734656017273664,109.1737921051681,31.979872048832476,99.829345703125,5.044960021972656,25.395935535430908,3.7113300561904907
arxiv,cache_w8a8_m4k2v2,test,arxiv:test:000029:579bf3992d19b343,129,29,large_h6_n10_s100_wikics_arxiv,579bf3992d19b3435c6501f4723460e432219c48e2d2812939680c690025d21f,3,15990784,2027520,2027520,78,2646,61,0,1,0,3297.261529,3297.16650390625,2938.759194,358.035405,71.38950191438198,42.70192049443722,7.705492898821831,2590.2429139241576,19.578815460205078,144.55481719970703,2443.9822387695312,845.4793607592583,1189.090045928955,427.42490378022194,1111.6919317245483,255.52150413487107,37.45603202935308,128.4867840409279,37.85238403920084,103.77251052856445,5.190367937088013,31.684288024902344,3.9076507091522217
arxiv,cache_w8a8_m4k2v2,test,arxiv:test:000030:6715d78ec20dc119,130,30,large_h6_n10_s100_wikics_arxiv,6715d78ec20dc1199983ebe2cd04cf9fe286cdb214eb70a251e74aadeac1bb95,3,16515072,2420736,2420736,90,2730,63,0,1,0,3431.554294,3431.495849609375,3032.508812,398.688082,80.25117963552475,42.61464811861515,7.944732904434204,2739.6426126360893,19.52035140991211,163.88812828063965,2573.955596923828,872.287167519331,1286.5271348953247,427.75177577137947,1196.1648921966553,291.66089614201337,43.20287999231368,148.32204796746373,43.62707202229649,120.58281517028809,6.068896055221558,32.73958396911621,4.486016035079956
arxiv,cache_w8a8_m4k2v2,test,arxiv:test:000031:01bf41e7d8c9bdc9,131,31,large_h6_n10_s100_wikics_arxiv,01bf41e7d8c9bdc9b250ba0472067bc2cf8ee4b4b180cefefdd66e36417fb6e6,3,16252928,2366976,2366976,90,2688,62,0,1,0,3523.040474,3522.981201171875,3217.960632,306.091175,72.54818454384804,42.65535995364189,7.768475450575352,2998.708751052618,19.497568130493164,133.97058868408203,2863.0060424804688,858.8378925025463,1606.8452129364014,422.2463468015194,1517.7575569152832,296.94915211200714,42.76896001584828,147.8607680425048,43.51712002791464,93.79894351959229,4.634623944759369,31.952799797058105,3.5856024622917175
arxiv,cache_w8a8_m4k2v2,test,arxiv:test:000032:5e4106cca99d5843,132,32,large_h6_n10_s100_wikics_arxiv,5e4106cca99d584302becf755533fdf0db7a0842b71d6e7cd21c3c01375b5552,3,15728640,2420736,2420736,90,2604,60,0,1,0,3173.289551,3173.23388671875,2866.332,306.528699,67.08187144249678,42.62299928814173,7.562555372714996,2638.9506068080664,19.547679901123047,128.73299026489258,2508.359375,832.1223683059216,1286.256160736084,407.2532932162285,1195.906976699829,291.3931838525459,43.507839982397854,147.74831998348236,43.99990403931588,89.91420841217041,4.430239975452423,30.95046377182007,3.4380781054496765
arxiv,cache_w8a8_m4k2v2,test,arxiv:test:000033:189263d64060b736,133,33,large_h6_n10_s100_wikics_arxiv,189263d64060b73695ed9360957f5265b6ac5ced36d0427da14f86279249cc50,3,15204352,2027520,2027520,78,2520,58,0,1,0,2986.707047,2986.65185546875,2676.150395,310.12694,81.73219487071037,42.66403801739216,8.849491365253925,2449.549059383571,19.37593650817871,146.2907199859619,2301.3645629882812,804.6231355965137,1110.9529304504395,402.44273814558983,1032.6709756851196,251.87481622491032,36.98540799599141,128.57753604650497,37.81782401818782,107.15328025817871,5.404607951641083,29.70905590057373,4.02377587556839
arxiv,cache_w8a8_m4k2v2,test,arxiv:test:000034:cc25ddf180fd3dc8,134,34,large_h6_n10_s100_wikics_arxiv,cc25ddf180fd3dc8cc578cba85779c7dc886b0009ef07033358194310cc1ee3d,3,16515072,2224128,2224128,84,2730,63,0,1,0,3398.593761,3398.497314453125,3091.925925,306.228607,71.09004631638527,42.634788900613785,9.596007876098156,2681.7019572481513,19.452255249023438,169.5577278137207,2510.4014282226562,872.5300480723381,1217.6415719985962,437.5257532298565,1133.835228919983,274.9848324917257,39.72595196776092,140.453216008842,40.91708802618086,125.82918548583984,6.358399987220764,32.712064266204834,4.658078074455261
arxiv,cache_w8a8_m4k2v2,test,arxiv:test:000035:ab83ea7606d02af1,135,35,large_h6_n10_s100_wikics_arxiv,ab83ea7606d02af10d9c8025cdd053087bc7a5a4db06ee849e440b2a9621db47,3,16515072,2617344,2617344,96,2730,63,0,1,0,3498.072206,3498.011474609375,3105.45511,392.097869,70.62960974872112,42.62000788003206,9.55893937498331,2849.6123421937227,19.34886360168457,191.19231796264648,2656.6421508789062,872.9750713407993,1374.6249628067017,425.4938606917858,1278.0882892608643,308.8696000650525,46.31523202266544,159.0309758745134,46.777536038309336,145.57462310791016,7.480127930641174,32.77168035507202,5.3379517793655396
arxiv,cache_w8a8_m4k2v2,test,arxiv:test:000036:d2571c03cbd5e99a,136,36,large_h6_n10_s100_wikics_arxiv,d2571c03cbd5e99a7c59bc4d317cc203f10074ac80503d14e841d90b76b2d028,3,15204352,1241088,1241088,54,2520,58,0,1,0,3224.214229,3224.14892578125,2585.635764,638.183206,67.57748126983643,42.87083353847265,7.375780493021011,2392.9131207987666,19.651264190673828,128.5366725921631,2262.7445678710938,804.3623679876328,1056.7513904571533,421.7713511586189,1003.2123355865479,179.14812796749175,270.09263406693935,88.76534401997924,26.306624030694366,90.8731517791748,4.517056047916412,29.684608459472656,3.47270530462265
arxiv,cache_w8a8_m4k2v2,test,arxiv:test:000037:ff540b07468add89,137,37,large_h6_n10_s100_wikics_arxiv,ff540b07468add89ac9e11d4387e45f4f5a96fad34add510dcd2449d6271317a,3,16252928,2224128,2224128,84,2688,62,0,1,0,3314.837617,3314.77880859375,2919.229623,396.551629,83.63636955618858,42.65774320811033,7.820514030754566,2617.313706316054,19.48966407775879,147.65276908874512,2467.5530395507812,860.6300157010555,1201.374017715454,428.7750498056412,1118.1215381622314,270.730976193212,39.832352007739246,138.22534393146634,40.82956804614514,106.37644577026367,5.327744007110596,31.96447992324829,4.009474992752075
arxiv,cache_w8a8_m4k2v2,test,arxiv:test:000038:f2bc826283b28142,138,38,large_h6_n10_s100_wikics_arxiv,f2bc826283b28142062c7d0b5b7b26cde2d6be256a0081e2f95275a46b74cc24,3,15990784,2420736,2420736,90,2646,61,0,1,0,3341.826618,3341.76904296875,2949.160704,392.205954,68.6813909560442,42.868332006037235,7.7065518125891685,2667.4273535609245,19.525184631347656,138.7018871307373,2526.9075317382812,846.7402558624744,1283.8021430969238,414.5346080958843,1193.4585981369019,288.8190080495551,42.68403198197484,148.60352004691958,43.961088029667735,98.45251274108887,4.863712012767792,31.654688358306885,3.72578889131546
arxiv,cache_w8a8_m4k2v2,test,arxiv:test:000039:e1df3943e9da4831,139,39,large_h6_n10_s100_wikics_arxiv,e1df3943e9da483163688e75fe6cb8d909c7f9c2585b8e8dd56a324540302cc2,3,13107200,1437696,1437696,60,2184,50,0,1,0,2636.225051,2636.145751953125,2325.7048,310.151992,64.52556885778904,42.620547115802765,6.411543115973473,2042.2613872215152,19.517568588256836,104.38598251342773,1936.4575805664062,696.4792015552521,905.4976663589478,354.01514410972595,846.2879076004028,216.4516800129786,28.50361597817391,99.19603195786476,29.187008015811443,72.35971164703369,3.559968054294586,25.681951999664307,2.78435081243515
arxiv,cache_w8a8_m4k2v2,test,arxiv:test:000040:ff71ceefa1018a18,140,40,large_h6_n10_s100_wikics_arxiv,ff71ceefa1018a1865ea23dfca204d90bd98f5e2418f71a41d93785902c5fcee,3,13631488,847872,847872,42,2268,52,0,1,0,2312.64398,2312.59716796875,2007.546112,306.167186,59.80246514081955,42.58713964372873,6.65173027664423,1822.8868767619133,19.439359664916992,119.55158615112305,1701.80224609375,723.65321585536,604.3573780059814,385.96822091937065,562.8097620010376,142.5400960482657,20.19955199677497,69.24335999786854,20.482656015083194,85.35049438476562,4.224511981010437,26.73363208770752,3.2383071184158325
arxiv,cache_w8a8_m4k2v2,test,arxiv:test:000041:3c49d5bf4dbf737e,141,41,large_h6_n10_s100_wikics_arxiv,3c49d5bf4dbf737e34e5133f2c2461cd0139704b56bbd739ff73f4d02a344ad7,3,16252928,2420736,2420736,90,2688,62,0,1,0,3362.522381,3362.46533203125,2970.563761,392.383858,64.34219237416983,42.645055800676346,7.650131359696388,2713.4685246273875,19.438432693481445,159.5843849182129,2551.9724731445312,860.4645785391331,1286.2434911727905,423.3009198009968,1195.8888301849365,289.684671850875,44.289759969338775,148.1456639841199,44.21232005394995,117.28604888916016,5.921408116817474,31.99244737625122,4.384480535984039
arxiv,cache_w8a8_m4k2v2,test,arxiv:test:000042:dae587ce1b7ca967,142,42,large_h6_n10_s100_wikics_arxiv,dae587ce1b7ca9678e94abf2563f0d48c3d3b4a0175d6489d7fcb220ad30d4bf,3,16252928,2027520,2027520,78,2688,62,0,1,0,3389.895602,3389.83740234375,3061.870953,327.621314,69.90167871117592,42.62453503906727,7.839882746338844,2830.746334977448,19.51535987854004,137.8880958557129,2691.2684326171875,859.0864984095097,1422.669843673706,435.5565852224827,1345.5618505477905,253.54928012378514,37.253376009874046,128.77619195729494,37.88470394164324,97.39084815979004,4.8165119886398315,31.97334384918213,3.707391858100891
arxiv,cache_w8a8_m4k2v2,test,arxiv:test:000043:e717be6b19d36df2,143,43,large_h6_n10_s100_wikics_arxiv,e717be6b19d36df2c417dd2f340fd2ef6b2622c25926327dd92de1991210eb0c,3,16252928,2420736,2420736,90,2688,62,0,1,0,3273.336405,3273.2802734375,2963.612219,310.245545,82.79713243246078,43.446569703519344,7.825479842722416,2684.2018608003855,19.515520095825195,134.00527954101562,2548.261444091797,861.8178881704807,1283.5068817138672,422.5380173623562,1193.2088956832886,289.8979198830202,42.86214398406446,148.76751994341612,43.843392041511834,93.85238456726074,4.635839939117432,31.933536052703857,3.586945056915283
arxiv,cache_w8a8_m4k2v2,test,arxiv:test:000044:ecf1facb07fbb262,144,44,large_h6_n10_s100_wikics_arxiv,ecf1facb07fbb2625dfa89a62495a9453205b5b87c471a67ee92ab8e090dd4b6,3,16777216,2420736,2420736,90,2772,64,0,1,0,3479.554976,3479.460205078125,3152.05469,327.571871,74.54301882535219,42.72107593715191,8.044580928981304,2844.6405213326216,19.562015533447266,158.28915214538574,2684.5899047851562,886.225761115551,1369.0637111663818,438.9871072471142,1279.5603494644165,289.50422385614365,43.31126402877271,149.21004800498486,43.56304004788399,115.14041519165039,5.8135679960250854,33.01660776138306,4.3185611963272095
arxiv,cache_w8a8_m4k2v2,test,arxiv:test:000045:c97b28935cff346f,145,45,large_h6_n10_s100_wikics_arxiv,c97b28935cff346f8d96b42043d071dbc71a36119d063ae948118dd57f60ad1b,3,7864320,454656,454656,30,1344,30,0,1,0,1658.447986,1658.406982421875,1298.91466,359.225389,39.05148897320032,42.64356754720211,3.8146618753671646,1137.9788592457771,19.519136428833008,63.267455101013184,1073.6036376953125,426.51145458221436,435.69331455230713,229.53240355849266,405.5351371765137,106.24719994328916,14.80992000643164,49.963776007294655,14.652160027995706,43.528095722198486,2.125663995742798,15.893056154251099,1.7206392288208008
arxiv,cache_w8a8_m4k2v2,test,arxiv:test:000046:fbd9f3145be22507,146,46,large_h6_n10_s100_wikics_arxiv,fbd9f3145be2250742dc25e9ae46990667480b99348e959e85b2180a30c8590e,3,15728640,1634304,1634304,66,2604,60,0,1,0,2938.531576,2938.477783203125,2581.280713,357.55349,70.59060968458652,42.87063516676426,7.49518908560276,2327.576563693583,19.527328491210938,132.61872100830078,2193.073486328125,832.1511372327805,952.2419509887695,431.2224135696888,887.1232662200928,220.729376248084,32.25747197680175,108.84601601585746,31.919456021860242,93.47375965118408,4.649887979030609,30.936287879943848,3.5643211007118225
arxiv,cache_w8a8_m4k2v2,test,arxiv:test:000047:fafb4cdfc63a9718,147,47,large_h6_n10_s100_wikics_arxiv,fafb4cdfc63a9718e9161edeb32eaf6c01d3953e94090e8f1568c9e279c5ba04,3,16252928,2027520,2027520,78,2688,62,0,1,0,3450.037637,3449.978759765625,3057.492479,392.268787,82.25078601390123,42.518447153270245,7.807688787579536,2845.1787615194917,19.503999710083008,153.68848037719727,2689.7704162597656,858.8225290179253,1116.5062417984009,674.8894603848457,1037.8612804412842,253.58166437409818,37.185023996979,128.86300798878074,39.263360096141696,111.88000106811523,5.642624080181122,31.97939157485962,4.186910450458527
arxiv,cache_w8a8_m4k2v2,test,arxiv:test:000048:d1be3cbece176b33,148,48,large_h6_n10_s100_wikics_arxiv,d1be3cbece176b3358b650780ddf35382fa6223fd1bdb79f440831f3e6386754,3,15728640,2420736,2420736,90,2604,60,0,1,0,3286.433761,3286.376953125,2913.15757,375.176867,67.22809467464685,42.521252296864986,7.5834887102246284,2646.4195838198066,19.493440628051758,132.78940773010254,2511.917266845703,832.120894163847,1289.4627838134766,403.43553161621094,1199.063585281372,290.9479037169367,43.043263994157314,148.84668789058924,43.52729601226747,93.6051197052002,4.645792067050934,30.968607902526855,3.5630730986595154
arxiv,cache_w8a8_m4k2v2,test,arxiv:test:000049:05e52a9cf94815ea,149,49,large_h6_n10_s100_wikics_arxiv,05e52a9cf94815ea165fc47c07f510e4cb682c1ecd224bf19a51c6ff9612777e,3,15466496,2420736,2420736,90,2562,59,0,1,0,3181.612015,3181.555419921875,2873.372629,307.076944,65.38174767047167,42.627482675015926,7.409356534481049,2622.01976031065,19.515039443969727,137.8907527923584,2482.4356384277344,818.5182073116302,1281.6313924789429,395.76950097084045,1192.340196609497,288.5397443929687,43.21216002199799,148.82732789963484,43.78694408107549,98.97110557556152,4.938656032085419,30.240992069244385,3.7285121083259583
arxiv,cache_w8a8_m4k2v2,test,arxiv:test:000050:2ae7e9025c812bc9,150,50,large_h6_n10_s100_wikics_arxiv,2ae7e9025c812bc9b271f2094242f0d0b0d8547a202d8c2a41549e3f9b5ba068,3,11534336,847872,847872,42,1932,44,0,1,0,2339.662747,2339.583984375,1963.274491,375.960354,58.377659879624844,42.589359916746616,6.664911285042763,1660.0620578974485,19.545696258544922,93.12883186340332,1565.629638671875,615.612285643816,634.6163206100464,328.9060429632664,592.793215751648,143.89766414649785,20.070847986266017,70.44284792244434,20.876192020252347,64.98310470581055,3.222368001937866,22.40220808982849,2.521151065826416
arxiv,cache_w8a8_m4k2v2,test,arxiv:test:000051:66a62fdf4daaa7ae,151,51,large_h6_n10_s100_wikics_arxiv,66a62fdf4daaa7ae24fb1caeac844800dd701d501cc3172f7faff797a7efe852,3,15990784,2420736,2420736,90,2646,61,0,1,0,3293.529966,3293.473388671875,2981.322615,310.014556,68.61783098429441,42.45087597519159,7.680204696953297,2671.9659939408302,19.505823135375977,146.7291202545166,2523.5180053710938,846.6509438753128,1279.840446472168,414.75509265065193,1189.386365890503,288.14815997797996,42.51136000175029,147.4228480681777,43.87059201300144,105.76512145996094,5.279391944408417,31.693471431732178,3.9692790508270264
arxiv,cache_w8a8_m4k2v2,test,arxiv:test:000052:7c51a8eb1dba87a6,152,52,large_h6_n10_s100_wikics_arxiv,7c51a8eb1dba87a6fe0e433e5eb412caf5912e485467601436acd1bf3e919747,3,14417920,1241088,1241088,54,2394,55,0,1,0,2650.336678,2650.285400390625,2292.040725,357.858348,72.17234559357166,42.68928151577711,7.040180265903473,2038.4964030236006,19.563264846801758,113.58867263793945,1923.1484985351562,764.3503344357014,775.1958065032959,403.02702844142914,721.7726383209229,179.62396810110658,25.690944008529186,89.7023360170424,26.186176056973636,78.56307220458984,3.8719679713249207,28.12556791305542,3.0307515263557434
arxiv,cache_w8a8_m4k2v2,test,arxiv:test:000053:a3944fd2577c232c,153,53,large_h6_n10_s100_wikics_arxiv,a3944fd2577c232ccd1772224b9637f05e2ef77e0bcd5eaf08988d3146013916,3,16515072,2413056,2413056,90,2730,63,0,1,0,3551.745979,3551.6865234375,3244.506016,306.760074,69.60368435829878,42.46700834482908,7.9036252573132515,3044.2961594089866,19.500959396362305,142.33465766906738,2900.2044372558594,872.7955851554871,1608.3781967163086,432.3050043284893,1517.6019535064697,301.5385278472677,43.549568011425436,148.49129588156939,43.81580801773816,100.72524833679199,5.069567978382111,32.72047996520996,3.8175348043441772
arxiv,cache_w8a8_m4k2v2,test,arxiv:test:000054:f51bc10bbe82c845,154,54,large_h6_n10_s100_wikics_arxiv,f51bc10bbe82c8452412f46ca8ff4664d79c65efe78e62cdd6f95a636ca4905b,3,15204352,1241088,1241088,54,2520,58,0,1,0,2789.86312,2789.809326171875,2396.081428,393.257732,93.28664932399988,42.61969495564699,8.84485524147749,2121.771856211126,19.40287971496582,126.97926330566406,1993.0470275878906,804.8000966906548,776.4508762359619,428.2943281531334,722.1806402206421,180.09324784949422,25.918848018161952,89.8710080459714,26.393312012776732,89.43718338012695,4.419423997402191,29.70448064804077,3.4175713062286377
arxiv,cache_w8a8_m4k2v2,test,arxiv:test:000055:5573ca76c9a39d22,155,55,large_h6_n10_s100_wikics_arxiv,5573ca76c9a39d2243a723a0470b9124c50151e3afdac246c8bc4118cb4c567b,3,15466496,2420736,2420736,90,2562,59,0,1,0,3319.358008,3319.268310546875,3012.358999,306.445442,65.88426232337952,42.250785045325756,7.455425336956978,2710.7655815780163,19.49785614013672,137.94393348693848,2571.1775512695312,818.3010547459126,1375.278021812439,397.09633085131645,1280.4279680252075,292.9514879845083,42.75030398648232,147.94649598002434,43.81964804138988,99.01849365234375,4.942463934421539,30.255520343780518,3.7274555563926697
arxiv,cache_w8a8_m4k2v2,test,arxiv:test:000056:25832dcece5fda15,156,56,large_h6_n10_s100_wikics_arxiv,25832dcece5fda156833a9731130bc1378deb05b833ca4f63add4d0588527943,3,16252928,2420736,2420736,90,2688,62,0,1,0,3411.978602,3411.92041015625,3014.541608,396.944728,80.17585054039955,42.64006484299898,7.810348644852638,2716.51850361377,19.54934310913086,159.5788173675537,2555.0377502441406,859.323835760355,1290.7549142837524,424.0634106397629,1201.595558166504,298.3556799273938,43.5738560128957,148.3900800049305,43.68185605574399,117.29724502563477,5.921887993812561,31.98095989227295,4.378724455833435
arxiv,cache_w8a8_m4k2v2,test,arxiv:test:000057:ba9168bd9766cf18,157,57,large_h6_n10_s100_wikics_arxiv,ba9168bd9766cf185f5b7c22acafe94b3c085f92b8dbf63a30be01ff3a73eadc,3,15466496,2420736,2420736,90,2562,59,0,1,0,3576.781941,3576.721923828125,3218.405823,357.938958,74.5113929733634,42.25002881139517,8.858325891196728,2874.412494711578,19.263519287109375,167.90675163269043,2705.020782470703,818.7770867049694,1514.0354223251343,397.94921734929085,1424.9362573623657,290.63679984770715,272.5826179133728,149.65135991945863,43.38528003543615,126.53772735595703,6.461824059486389,30.24137592315674,4.665824294090271
arxiv,cache_w8a8_m4k2v2,test,arxiv:test:000058:1ea80af47d86c254,158,58,large_h6_n10_s100_wikics_arxiv,1ea80af47d86c254119ad3ea64cba8b50a8d9dae2ce38b3374ff55196f5c820e,3,16252928,2420736,2420736,90,2688,62,0,1,0,3310.691806,3310.632080078125,2986.770061,323.460542,78.03847268223763,42.19867195934057,9.435395710170269,2702.8733203187585,19.259679794311523,148.68000030517578,2552.3382873535156,859.7046068012714,1287.0472946166992,422.2756826579571,1196.590558052063,290.5449920166284,42.997344019822776,148.29590397700667,43.372192062437534,107.29475021362305,5.372032046318054,31.97763204574585,4.0378581285476685
arxiv,cache_w8a8_m4k2v2,test,arxiv:test:000059:62556ac4244be586,159,59,large_h6_n10_s100_wikics_arxiv,62556ac4244be586d32963772324fc204327cb8ecfa51b1ec7f97d707f94987f,3,14942208,1437696,1437696,60,2478,57,0,1,0,2736.188583,2736.137939453125,2424.24443,311.380486,62.9674531519413,42.46610403060913,7.2396984323859215,2211.34024951607,19.584287643432617,157.6516456604004,2051.7611083984375,791.2562875449657,863.5650577545166,413.6170743703842,803.1869440078735,198.6295681046322,28.92057599220425,99.7974400036037,29.04272003751248,117.85139274597168,6.016127943992615,29.422143936157227,4.36583024263382
arxiv,cache_w8a8_m4k2v2,test,arxiv:test:000060:6244d60e2fe63550,160,60,large_h6_n10_s100_wikics_arxiv,6244d60e2fe635503dea4f66e19474b85730be0ae3efec13a3c94008a7a9a5f4,3,16252928,2027520,2027520,78,2688,62,0,1,0,3240.454383,3240.36669921875,2917.710817,324.199907,100.28807818889618,42.56381280720234,9.45886317640543,2576.5394968912005,19.507488250732422,137.88470458984375,2436.9197387695312,859.3496624827385,1146.7317113876343,435.57605543732643,1069.072033882141,253.84761602431536,37.49654399137944,129.59164798632264,38.05206402949989,97.4155216217041,4.809759974479675,31.95094347000122,3.7084795236587524
arxiv,cache_w8a8_m4k2v2,test,arxiv:test:000061:99666928c9355e5b,161,61,large_h6_n10_s100_wikics_arxiv,99666928c9355e5bbdc2ddc86bb4ef67daf764e66cd971c7119a909dc00caec1,3,15466496,2348544,2348544,90,2562,59,0,1,0,3395.024051,3394.96435546875,2931.561733,462.958073,74.73023794591427,42.408728040754795,8.794195018708706,2666.8975902721286,19.468799591064453,167.83593559265137,2497.2660522460938,818.248416185379,1296.51513671875,399.06620955467224,1206.0496635437012,297.7385918106884,42.92275197431445,151.1743679791689,45.05881608091295,126.46422576904297,6.456096053123474,30.241440296173096,4.668193697929382
arxiv,cache_w8a8_m4k2v2,test,arxiv:test:000062:bec78568e4fa8bbf,162,62,large_h6_n10_s100_wikics_arxiv,bec78568e4fa8bbf65d8ea931527267a40587408a1ef2471059bc80441a46fb4,3,15728640,2224128,2224128,84,2604,60,0,1,0,3498.168833,3498.078369140625,3192.168065,307.305423,136.21645793318748,42.62314550578594,9.086626581847668,2771.2047696113586,19.28335952758789,133.5565128326416,2636.0768432617188,832.0998067557812,1199.1464948654175,635.5053865909576,1114.4037742614746,271.5315519021824,39.53289598505944,138.5807039923966,40.59552001487464,94.37260723114014,4.66569596529007,30.934592247009277,3.5864973664283752
arxiv,cache_w8a8_m4k2v2,test,arxiv:test:000063:91c5a58cb1375a08,163,63,large_h6_n10_s100_wikics_arxiv,91c5a58cb1375a08b22109223c737570a74eacb15fab3b374a5d4a2e94b894d5,3,12582912,1044480,1044480,48,2100,48,0,1,0,2322.508359,2322.45849609375,2008.243062,311.698239,54.636573418974876,42.667726054787636,6.153224967420101,1787.5840617343783,19.649311065673828,90.03836917877197,1696.0247497558594,669.5615684986115,690.3285493850708,353.5270484685898,642.1309747695923,162.12687990721315,22.76998400967568,79.13561598584056,23.15555200818926,60.138943672180176,2.893119990825653,24.648223876953125,2.358081638813019
arxiv,cache_w8a8_m4k2v2,test,arxiv:test:000064:6a12ed40fb7a93c8,164,64,large_h6_n10_s100_wikics_arxiv,6a12ed40fb7a93c83d45ebc818e4bc7a59193f1756e8600f010c6fbcd9d23c04,3,14417920,847872,847872,42,2394,55,0,1,0,2440.611276,2440.560302734375,2134.45834,305.74712,98.3186075463891,42.65296179801226,8.160470984876156,1891.7194083333015,19.421600341796875,122.57673645019531,1767.4171142578125,766.0224635601044,604.9986543655396,414.92956364154816,562.8822727203369,143.1011521788314,19.87558400630951,69.94080001488328,20.702560011297464,86.83395195007324,4.302847981452942,28.131103992462158,3.312096953392029
arxiv,cache_w8a8_m4k2v2,test,arxiv:test:000065:b4196de0afae9713,165,65,large_h6_n10_s100_wikics_arxiv,b4196de0afae9713dd543bbafa99ad966258192a919b347a7175c936626ae78f,3,16252928,2224128,2224128,84,2688,62,0,1,0,3209.701366,3209.64501953125,2898.552125,310.589857,81.54389727860689,42.09584929049015,9.245417080819607,2609.742443077266,19.232927322387695,135.95296096801758,2471.7891540527344,859.2537958920002,1199.2878093719482,429.8574388027191,1114.9084482192993,272.46460819337517,40.744832027703524,138.01206399686635,40.86774390935898,95.60985660552979,4.725600004196167,31.979583740234375,3.641375780105591
arxiv,cache_w8a8_m4k2v2,test,arxiv:test:000066:fbb5136596808044,166,66,large_h6_n10_s100_wikics_arxiv,fbb5136596808044cc3038d404bc8f6cace03dc80ad31d7bbfe14fd19b261af5,3,15728640,1995264,1995264,78,2604,60,0,1,0,3296.630244,3296.566162109375,2931.839893,362.501378,73.11923895031214,42.96302329748869,7.702695205807686,2585.936985909939,19.62131118774414,149.40566444396973,2434.853973388672,832.6851510107517,1204.7683820724487,417.02175149321556,1127.2761268615723,270.65276814997196,40.58777596242726,126.28959992714226,36.87033600360155,108.88224220275879,5.474847972393036,30.97113609313965,4.077438175678253
arxiv,cache_w8a8_m4k2v2,test,arxiv:test:000067:fa85f05d87405140,167,67,large_h6_n10_s100_wikics_arxiv,fa85f05d874051402204cced44808964ffa5e2dde8b50ab94d924b2e039db06a,3,14942208,1241088,1241088,54,2478,57,0,1,0,2698.45798,2698.40673828125,2305.38061,392.693229,65.24701043963432,42.58422181010246,7.259029895067215,2115.4762050136924,19.549663543701172,125.49407958984375,1988.3844299316406,791.3267509937286,802.6251888275146,413.9821536540985,749.0307521820068,190.52639997843653,26.77030397579074,86.24966405518353,25.193344002589583,88.28195381164551,4.412768006324768,29.426015853881836,3.373341917991638
arxiv,cache_w8a8_m4k2v2,test,arxiv:test:000068:9e5b91a78336f4db,168,68,large_h6_n10_s100_wikics_arxiv,9e5b91a78336f4dbfdab98acf0c12ea6d117a30f768e9ea9c4c5d64f8dc9a52e,3,15466496,2348544,2348544,90,2562,59,0,1,0,3695.892504,3695.830322265625,3332.202216,360.328154,68.72912123799324,42.83334128558636,7.502952590584755,3061.8680668994784,19.538143157958984,167.8740177154541,2892.6732788085938,818.8356150090694,1702.195834159851,399.645458817482,1613.4321546554565,327.02412816137075,47.301727935671806,144.9573119841516,43.3431680155918,126.49859237670898,6.455199956893921,30.24979257583618,4.670432806015015
arxiv,cache_w8a8_m4k2v2,test,arxiv:test:000069:ab2956d520370850,169,69,large_h6_n10_s100_wikics_arxiv,ab2956d520370850b66eb3e2df8fc1f55cde72b28131f2e95a0cb892e4b0ce5f,3,15204352,1634304,1634304,66,2520,58,0,1,0,2932.505452,2932.4521484375,2625.822215,306.304369,114.37571607530117,42.866854928433895,7.3486194014549255,2351.267099380493,19.628032684326172,163.7884464263916,2185.817169189453,805.3496300876141,993.9096355438232,415.4886541068554,928.8756456375122,235.30521599948406,34.4067519698292,103.66892795264721,30.505023981444538,123.25788879394531,6.281343936920166,29.713663578033447,4.557470321655273
arxiv,cache_w8a8_m4k2v2,test,arxiv:test:000070:86376d99f593daf5,170,70,large_h6_n10_s100_wikics_arxiv,86376d99f593daf5731e4d75f2360e834000011c568f6ffcf264dc5dfa24e942,3,16252928,2342400,2342400,90,2688,62,0,1,0,3322.115773,3322.058349609375,3015.3529,306.211365,72.01522868126631,42.56044328212738,7.835798896849155,2767.4439484253526,19.55580711364746,134.1406707763672,2631.724853515625,859.0101431310177,1377.644702911377,426.2286756634712,1288.9246759414673,335.87232012860477,47.63097595144063,142.5381440743804,41.89456001389772,93.93193531036377,4.634368062019348,31.983935832977295,3.590431571006775
arxiv,cache_w8a8_m4k2v2,test,arxiv:test:000071:4619e988f89c1108,171,71,large_h6_n10_s100_wikics_arxiv,4619e988f89c11082a6749f1d133a9543c0fa63ffa70cd313c6d239847277f9e,3,15728640,2420736,2420736,90,2604,60,0,1,0,3371.152008,3371.06396484375,3064.764349,306.54112,87.36927062273026,42.66761988401413,7.6307496055960655,2643.621765077114,19.582975387573242,129.00207901000977,2512.9070739746094,834.1168942451477,1297.72642993927,406.468195438385,1208.7400598526,292.935040012002,43.95612800307572,154.79427207633853,43.40409604180604,90.11747360229492,4.440128028392792,30.998496055603027,3.4447333216667175
arxiv,cache_w8a8_m4k2v2,test,arxiv:test:000072:15976e0c60667f00,172,72,large_h6_n10_s100_wikics_arxiv,15976e0c60667f00f648fc1a1b5f7bcbe7ff7e1b0297989f5c995f57c8fcd243,3,14680064,1044480,1044480,48,2436,56,0,1,0,2512.179942,2512.129638671875,2182.816327,328.965124,78.36744468659163,42.23214089870453,8.397523313760757,1978.9411947131157,19.25974464416504,111.5904312133789,1865.7832336425781,777.6230402290821,687.7778577804565,415.0981101691723,639.6805429458618,160.8489282540977,23.106560001149774,79.15324804186821,23.302655993960798,76.2971830368042,3.7372798919677734,28.595807552337646,2.960160732269287
arxiv,cache_w8a8_m4k2v2,test,arxiv:test:000073:d96c675b2f816922,173,73,large_h6_n10_s100_wikics_arxiv,d96c675b2f816922a4928577f458d48b866de6a89256a73f5aba201e1c5d5b02,3,16515072,2224128,2224128,84,2730,63,0,1,0,3498.265249,3498.197998046875,3139.088243,358.737998,70.91456092894077,42.59083420038223,9.481282904744148,2891.2518387660384,19.227296829223633,155.2351360321045,2734.4097290039062,872.4219226539135,1204.053858757019,678.6142719388008,1120.9425926208496,273.84991993848234,39.93503997195512,139.04652790352702,40.799424030818045,112.64144134521484,5.6605759263038635,32.730079650878906,4.20652836561203
arxiv,cache_w8a8_m4k2v2,test,arxiv:test:000074:941cb92444178d37,174,74,large_h6_n10_s100_wikics_arxiv,941cb92444178d37c272bc03c32424d62f16d8449d1ad46409d75c0012f455cc,3,16252928,2224128,2224128,84,2688,62,0,1,0,3295.12252,3295.0654296875,2902.223188,392.357987,77.11176667362452,42.33185853809118,9.361072443425655,2648.8612508401275,19.26406478881836,169.2400951385498,2478.1766967773438,859.0762239098549,1211.1284141540527,429.6526121199131,1128.0958127975464,273.9540477246046,40.35999999940395,137.9904320500791,40.86470402777195,126.1028823852539,6.412224054336548,32.02112007141113,4.680028676986694
arxiv,cache_w8a8_m4k2v2,test,arxiv:test:000075:518e94c81e42d0b5,175,75,large_h6_n10_s100_wikics_arxiv,518e94c81e42d0b5c38489a69ab637ec3981901fe9f213656a1ca00db2bc4d7b,3,13369344,1241088,1241088,54,2226,51,0,1,0,2540.693513,2540.64404296875,2215.311637,324.94649,57.97488987445831,42.43749659508467,6.549687124788761,1999.5493246242404,19.55913543701172,162.0665283203125,1835.8260498046875,710.4739854931831,771.7530183792114,371.20272716879845,717.5703639984131,179.1836479511112,25.823488000780344,89.52764804661274,26.116768043488264,125.00131034851074,6.432032108306885,26.075167655944824,4.5595862865448
arxiv,cache_w8a8_m4k2v2,test,arxiv:test:000076:ba8ee2f748d9be49,176,76,large_h6_n10_s100_wikics_arxiv,ba8ee2f748d9be49b684c34372c5d886fb7f29cc5399aec1bfab76cf2569f046,3,16252928,2420736,2420736,90,2688,62,0,1,0,3419.059182,3418.97265625,3094.890237,325.281541,118.2693000882864,42.57146269083023,9.209619835019112,2733.3670277148485,19.530080795288086,122.5418586730957,2609.1099548339844,860.1680654287338,1330.3927965164185,422.97176375985146,1240.532452583313,308.95574378967285,42.91196797322482,148.87606396526098,43.549152022227645,83.29833602905273,4.0338239669799805,31.987903118133545,3.2217955589294434
arxiv,cache_w8a8_m4k2v2,test,arxiv:test:000077:5888a05877d4a3f7,177,77,large_h6_n10_s100_wikics_arxiv,5888a05877d4a3f76e161f41c66e539d2be27f131d7c87050b092a962d7cb5a2,3,15990784,2224128,2224128,84,2646,61,0,1,0,3210.033784,3209.976806640625,2903.747332,307.536102,71.69790379703045,42.742944322526455,7.815314456820488,2636.0258916392922,19.595008850097656,181.0182399749756,2453.095184326172,847.1125127673149,1201.4710388183594,422.37558060884476,1118.3443250656128,273.7447359235957,40.36502399016172,137.95004808530211,41.227168049663305,137.14543914794922,7.11679995059967,31.720864295959473,5.032191276550293
arxiv,cache_w8a8_m4k2v2,test,arxiv:test:000078:b2b1e0e3155a95df,178,78,large_h6_n10_s100_wikics_arxiv,b2b1e0e3155a95df55c442974eb53017073aac94ed5a506c708893a966d86979,3,14942208,2027520,2027520,78,2478,57,0,1,0,2994.617865,2994.558837890625,2687.393214,306.770633,146.32634539157152,42.8046490997076,7.333703339099884,2413.8954924419522,19.541248321533203,126.4911060333252,2285.6775512695312,791.2772154510021,1115.789116859436,392.9685082733631,1037.4459810256958,254.648191800341,37.427840020507574,129.00438398495317,38.14364801906049,89.23215961456299,4.435007989406586,29.422080039978027,3.4006709456443787
arxiv,cache_w8a8_m4k2v2,test,arxiv:test:000079:f62eab72bfea6732,179,79,large_h6_n10_s100_wikics_arxiv,f62eab72bfea67329c216ab01713c94f86fd691ea9ae70a6cd4ff1cc3385cda2,3,15728640,1634304,1634304,66,2604,60,0,1,0,3207.479718,3207.493408203125,2848.602249,358.430548,369.3017400801182,42.501299642026424,8.986239321529865,2326.358956284821,19.341760635375977,132.80448150634766,2191.7400512695312,832.7131198644638,945.4417915344238,431.4811733663082,880.0973796844482,215.62355201411992,31.593727996572852,109.84361603483558,32.183616019785404,93.61142444610596,4.653439939022064,30.97388792037964,3.5635859966278076
arxiv,cache_w8a8_m4k2v2,test,arxiv:test:000080:8e38fa691cd057dc,180,80,large_h6_n10_s100_wikics_arxiv,8e38fa691cd057dc10c8b3325642224ddd2580eceb05e615ea46257be54d1775,3,13893632,1241088,1241088,54,2310,53,0,1,0,2550.030514,2550.03662109375,2204.183503,345.313519,66.35997723788023,42.34175477176905,7.859090343117714,2001.4836192131042,19.283424377441406,117.31894493103027,1882.5704650878906,737.6642567515373,775.2802543640137,386.99501115083694,721.0829133987427,179.87120008654892,25.80345598887652,89.01984004676342,26.198976024985313,82.6612491607666,4.090495944023132,27.40451192855835,3.1636496782302856
arxiv,cache_w8a8_m4k2v2,test,arxiv:test:000081:31480263ed5d277b,181,81,large_h6_n10_s100_wikics_arxiv,31480263ed5d277b9c0c192a10844c610e8a6633f8b1f2e4ee208043481d08eb,3,7864320,454656,454656,30,1344,30,0,1,0,1715.445012,1715.388916015625,1358.281681,356.845416,34.16131157428026,42.37634688615799,3.855583257973194,1155.454684048891,19.49295997619629,63.263681411743164,1091.2369232177734,426.49366346001625,436.3287057876587,229.63231882452965,406.7702102661133,108.11887990310788,14.404416003264487,49.71865602955222,14.65606401488185,43.517216205596924,2.1264000236988068,15.90499210357666,1.7183690965175629
arxiv,cache_w8a8_m4k2v2,test,arxiv:test:000082:edacc0da0c3ea4ad,182,82,large_h6_n10_s100_wikics_arxiv,edacc0da0c3ea4ad508bb888645aaa82d23fb8717b7713cd1de39ab640f4cc81,3,14680064,1830912,1830912,72,2436,56,0,1,0,2946.81867,2946.828857421875,2571.725655,374.737683,66.97916518896818,42.42690093815327,7.041494362056255,2299.5128398761153,19.48240089416504,118.21977615356445,2179.445068359375,777.871295273304,1023.786304473877,390.7939822077751,951.6009922027588,232.03456028737128,34.28105598594993,118.8328319825232,34.81728000380099,82.41849708557129,4.062687993049622,28.578495979309082,3.1718071699142456
arxiv,cache_w8a8_m4k2v2,test,arxiv:test:000083:d50e616e9faabf8a,183,83,large_h6_n10_s100_wikics_arxiv,d50e616e9faabf8ac712e8de6c3ada7613e8a25859e391d8fcd2f964f0c59cc5,3,16515072,2617344,2617344,96,2730,63,0,1,0,3571.142019,3571.16015625,3175.155065,395.77309,93.18506717681885,42.574101127684116,7.9056136310100555,2874.8579239472747,19.501792907714844,191.25836944580078,2682.1862182617188,873.7292455732822,1407.139199256897,425.7981891334057,1309.5056324005127,329.23017588816583,46.646079984493554,158.8807040899992,46.87116802763194,145.63705825805664,7.476671814918518,32.80076837539673,5.334212899208069
arxiv,cache_w8a8_m4k2v2,test,arxiv:test:000084:8c86ab793e25743d,184,84,large_h6_n10_s100_wikics_arxiv,8c86ab793e25743d842b6bdc3392960b2af7e47e446f6409a597823c3f49e639,3,12582912,847872,847872,42,2100,48,0,1,0,2389.177188,2389.181396484375,1923.733207,465.102564,47.737859189510345,42.480253614485264,6.042349152266979,1719.6502182632685,19.57232093811035,102.91411209106445,1615.2158508300781,670.1762247383595,607.5447015762329,359.01038151979446,566.0008010864258,145.79135994520038,20.285056012682617,69.3861120454967,20.389376021921635,71.93529605865479,3.5484480261802673,24.669344425201416,2.7593284845352173
arxiv,cache_w8a8_m4k2v2,test,arxiv:test:000085:c106d133f326eef3,185,85,large_h6_n10_s100_wikics_arxiv,c106d133f326eef3498f3c205375a446bc3dd642bd6626451388950ba3cd9152,3,16515072,2202624,2202624,84,2730,63,0,1,0,3634.112474,3634.130615234375,3240.305974,393.375981,426.2371761724353,42.91188437491655,7.883256301283836,2668.9606197178364,19.491680145263672,163.48793411254883,2503.497344970703,872.5123176574707,1220.4519691467285,436.49657186865807,1137.3043251037598,287.29692797735333,40.82620793581009,138.2986880466342,40.508224008604884,120.19590377807617,6.0581440925598145,32.75491237640381,4.482751727104187
arxiv,cache_w8a8_m4k2v2,test,arxiv:test:000086:612d3da97d54f8b2,186,86,large_h6_n10_s100_wikics_arxiv,612d3da97d54f8b287b23fd290dcf87f9d7be573587db540be49c82f96e4c8eb,3,16777216,2420736,2420736,90,2772,64,0,1,0,3512.687989,3512.6005859375,3120.662682,392.484802,82.68231432884932,42.47295018285513,9.565857239067554,2735.19516736269,19.326656341552734,122.31392097473145,2611.1775817871094,885.8316479623318,1301.161150932312,438.810549557209,1211.4686765670776,300.20572777930647,42.85705595742911,148.673376057297,43.53779203351587,82.11478519439697,3.9934399724006653,33.013023853302,3.1875521540641785
arxiv,cache_w8a8_m4k2v2,test,arxiv:test:000087:e06d132a946fdea4,187,87,large_h6_n10_s100_wikics_arxiv,e06d132a946fdea44858de413f6040ad2abf998cbd2186dff4f6ea1850545827,3,15204352,2027520,2027520,78,2520,58,0,1,0,3016.905168,3016.9111328125,2652.016969,363.855662,72.80201371759176,42.54597518593073,8.633589372038841,2446.9979275017977,19.39731216430664,146.4752960205078,2298.9366455078125,805.1746552884579,1115.8572416305542,400.62262788414955,1037.646047592163,255.57711983844638,37.47756800055504,128.38697603717446,37.61980802938342,107.31171226501465,5.403519988059998,29.736639976501465,4.020417749881744
arxiv,cache_w8a8_m4k2v2,test,arxiv:test:000088:80620978f1a2fcd3,188,88,large_h6_n10_s100_wikics_arxiv,80620978f1a2fcd377f0135cede0a4c45709a1cb2f92f3331e15fdf631e60e18,3,12320768,1704960,1704960,72,2058,47,0,1,0,2715.969149,2715.97216796875,2353.071382,362.505283,53.446476347744465,42.550571262836456,5.907226353883743,2134.3479407951236,19.559232711791992,109.31548690795898,2023.9226379394531,656.08668795228,1067.2762870788574,321.59047493338585,996.0371561050415,264.39955229870975,35.66182398144156,118.70579198002815,35.14006401132792,78.07980823516846,3.881120026111603,24.390592098236084,2.9639665484428406
arxiv,cache_w8a8_m4k2v2,test,arxiv:test:000089:620c6b9c227bbbc9,189,89,large_h6_n10_s100_wikics_arxiv,620c6b9c227bbbc93b0a63281e51f96d10b144d7b746119f22d7b07affc0f983,3,14942208,1966080,1966080,78,2478,57,0,1,0,3298.372359,3298.384033203125,2985.35997,310.789228,73.29519465565681,42.64093190431595,6.853403523564339,2673.9873299375176,19.534175872802734,138.14748764038086,2534.514892578125,793.6657285392284,1372.9106559753418,395.0917453467846,1295.7685060501099,504.9579496923834,38.13520001526922,128.97807996720076,37.87990400381386,99.91801643371582,5.038464069366455,29.429792404174805,3.7612147331237793
arxiv,cache_w8a8_m4k2v2,test,arxiv:test:000090:301e4d139270b49f,190,90,large_h6_n10_s100_wikics_arxiv,301e4d139270b49f25e8b93f1ec539cd4c92322b95db3dbdeeaa5e66a291d63b,3,15204352,1241088,1241088,54,2520,58,0,1,0,2786.751406,2786.756591796875,2389.255472,399.486568,66.01275503635406,42.600516229867935,7.004487328231335,2117.9691115394235,19.585472106933594,127.09321403503418,1989.07373046875,804.7366707623005,781.5477743148804,426.65196591615677,728.1078720092773,184.08771235961467,26.700255997478962,89.04976001754403,26.12614401616156,89.51599884033203,4.421407997608185,29.73977565765381,3.416031539440155
arxiv,cache_w8a8_m4k2v2,test,arxiv:test:000091:beef13982aa0e3bd,191,91,large_h6_n10_s100_wikics_arxiv,beef13982aa0e3bdafad69c258c808979b98e556b61598a93617959e7b8cc2cb,3,16252928,2224128,2224128,84,2688,62,0,1,0,3251.984442,3251.996337890625,2942.209115,309.911243,82.17085152864456,42.573435232043266,7.484358735382557,2639.1413742676377,19.5927677154541,166.39231872558594,2470.7733459472656,860.4502057135105,1211.1133089065552,428.65468895435333,1128.212324142456,281.51907213404775,41.26902404241264,137.43142398819327,41.100704048760235,123.5250244140625,6.264224052429199,32.01359939575195,4.589470863342285
arxiv,cache_w8a8_m4k2v2,test,arxiv:test:000092:af69a7134cdf4f39,192,92,large_h6_n10_s100_wikics_arxiv,af69a7134cdf4f39cf2fb5797be600ba172efd4232a54e93143f35d90f17d392,3,16252928,2224128,2224128,84,2688,62,0,1,0,3320.194226,3320.112060546875,3010.805498,309.401187,63.231595791876316,42.39307530224323,7.4563538655638695,2691.160033456981,19.47724723815918,136.1981143951416,2553.301483154297,858.9275521636009,1281.9388809204102,429.7963235974312,1198.4684495925903,281.64284789934754,40.769760007970035,137.11084800586104,40.7466880409047,95.81494331359863,4.724992036819458,32.003647804260254,3.650979220867157
arxiv,cache_w8a8_m4k2v2,test,arxiv:test:000093:e5bbef4be1378794,193,93,large_h6_n10_s100_wikics_arxiv,e5bbef4be1378794476e97eee1e990485575e915984280bbf2da6d15e681b069,3,15728640,2420736,2420736,90,2604,60,0,1,0,3296.297568,3296.308349609375,2919.291258,376.586868,76.69117860496044,42.48453211039305,7.228264585137367,2646.8926956877112,19.54630470275879,132.9061450958252,2512.1553649902344,832.1262414455414,1298.6984024047852,407.37452948093414,1209.359359741211,299.1654080050066,43.9942400502041,147.66409594006836,43.43993604835123,93.69974422454834,4.642400026321411,30.994880199432373,3.5691206455230713
arxiv,cache_w8a8_m4k2v2,test,arxiv:test:000094:28e0fcda3c7a47f0,194,94,large_h6_n10_s100_wikics_arxiv,28e0fcda3c7a47f0f95a250eaa1ea53a64c6a24f5f03f3b3d824971559d29ff1,3,16252928,2181120,2181120,84,2688,62,0,1,0,3581.615697,3581.528564453125,3271.925461,309.325439,66.86252821236849,42.36148111522198,7.397596724331379,2875.8179023861885,19.497119903564453,166.52268600463867,2707.7526245117188,859.5660169422626,1448.034556388855,429.8492668271065,1364.9267444610596,288.6123198540881,40.79507200606167,138.10604793950915,40.5339200142771,123.60262298583984,6.2639360427856445,32.03964805603027,4.591904401779175
arxiv,cache_w8a8_m4k2v2,test,arxiv:test:000095:2e7f392bc5536560,195,95,large_h6_n10_s100_wikics_arxiv,2e7f392bc5536560646ebcd34d6778a2fb62bff21d4c7dc4d8b63c31ad6d73ed,3,14680064,847872,847872,42,2436,56,0,1,0,2494.920944,2494.923095703125,2099.154009,395.293732,55.552962236106396,42.3781992867589,6.698799319565296,1901.8208710476756,19.49238395690918,114.39193725585938,1785.6258544921875,777.6428143382072,608.0711975097656,422.61058953404427,566.3400983810425,146.017375882715,20.27065598126501,69.15721605718136,20.3212800193578,78.89625644683838,3.853503942489624,28.59715223312378,3.0450246334075928
arxiv,cache_w8a8_m4k2v2,test,arxiv:test:000096:da4c1b2e123e292d,196,96,large_h6_n10_s100_wikics_arxiv,da4c1b2e123e292d3b7e1f44d848e695579c3cd4edc03957cf4b295218cbd6ef,3,13893632,1241088,1241088,54,2310,53,0,1,0,2548.320862,2548.32177734375,2206.798888,341.122702,77.20613293349743,42.43556223809719,6.363344378769398,1999.5156778022647,19.41097640991211,117.23936080932617,1880.5834350585938,737.6159039139748,779.9621772766113,388.19642546772957,726.2745246887207,182.74419214390218,26.290592005476356,89.65196798741817,26.191648019477725,82.59484767913818,4.087487995624542,27.402432441711426,3.156448245048523
arxiv,cache_w8a8_m4k2v2,test,arxiv:test:000097:6d9c34e632a3e4a9,197,97,large_h6_n10_s100_wikics_arxiv,6d9c34e632a3e4a909618086fbed82f3ed5c932eb77aaeb3cd3349db8baaf079,3,15204352,1241088,1241088,54,2520,58,0,1,0,2869.651886,2869.578369140625,2477.350012,393.28052,67.91851110756397,42.30497311800718,6.979271769523621,2113.3749466389418,19.29631996154785,127.2409610748291,1984.52734375,804.9327676594257,779.82652759552,426.2039520442486,726.4787502288818,179.12953633721918,26.400159992277622,89.46659205108881,26.082463992759585,89.59318447113037,4.425376057624817,29.760064125061035,3.4149453043937683
arxiv,cache_w8a8_m4k2v2,test,arxiv:test:000098:9903545b1d27c917,198,98,large_h6_n10_s100_wikics_arxiv,9903545b1d27c917c404d3ddf3ae459b791626f0599141d08706cf8c132f1fc1,3,15466496,2420736,2420736,90,2562,59,0,1,0,3197.186526,3197.19384765625,2837.918893,358.845428,63.13736271113157,42.32249595224857,7.040160708129406,2653.6710197106004,19.377376556396484,168.01910400390625,2483.9002075195312,818.7973140478134,1285.1071319580078,398.67453157901764,1195.486494064331,292.3327680407092,42.57433595880866,148.12387188896537,43.482432045042515,126.60060691833496,6.461919903755188,30.28265619277954,4.666689991950989
arxiv,cache_w8a8_m4k2v2,test,arxiv:test:000099:a363a036dd1c8d42,199,99,large_h6_n10_s100_wikics_arxiv,a363a036dd1c8d420403ea879b46c123da177628f40c118689808017ddce16fc,3,14942208,1241088,1241088,54,2478,57,0,1,0,2678.472398,2678.4736328125,2279.24288,398.711324,60.941691510379314,42.51555819064379,6.907758302986622,2090.6812231987715,19.396448135375977,125.52831840515137,1963.2887268066406,791.3221748769283,780.4595174789429,418.1078626513481,727.1448678970337,180.74864002224058,26.143488011322916,89.70121602341533,26.19516801275313,88.30105686187744,4.411935985088348,29.44652795791626,3.3687976002693176
wikics,cache_w8a8_m4k2v2,val,wikics:val:000000:fef527b25a18161e,0,0,large_h6_n10_s100_wikics_arxiv,fef527b25a18161e02256c9a22a5fcb64ea189b88fbf1c593a16f7cef2386a5f,3,14155776,646656,646656,36,2352,54,0,1,0,3094.04416,3094.024169921875,2965.9912,132.22525,314.00500796735287,501.04805175215006,6.7284731194376945,1897.9822006076574,139.86192321777344,149.95698928833008,1702.9354248046875,760.7018547654152,556.3943071365356,526.1262147426605,520.6731853485107,130.779775836505,17.595807990059257,55.391295947134495,16.252063989639282,112.40438270568848,5.562655985355377,27.516000270843506,4.382431447505951
wikics,cache_w8a8_m4k2v2,val,wikics:val:000001:800111c04191b913,1,1,large_h6_n10_s100_wikics_arxiv,800111c04191b91313016b0068c7e73134e69c8f1fbc1fa3f47adef8e93827f2,3,14942208,1039872,1039872,48,2478,57,0,1,0,2538.286213,2538.28759765625,2436.75554,101.567194,67.0691104605794,42.84552205353975,6.826798431575298,2074.636120349169,19.642656326293945,167.868989944458,1905.2134094238281,797.8360632956028,709.7403831481934,417.09462746977806,662.2233610153198,168.68601599615067,24.2149119945243,73.05350391194224,21.754560001194477,127.37996673583984,6.5797119140625,29.167808055877686,4.704895853996277
wikics,cache_w8a8_m4k2v2,val,wikics:val:000002:55b16141b752157a,2,2,large_h6_n10_s100_wikics_arxiv,55b16141b752157aa1fbd4558cf493bf5089fa23bda74c0284125c7c88e21247,3,16515072,2416128,2416128,90,2730,63,0,1,0,3256.638484,3256.64013671875,3154.679124,101.745429,64.96589351445436,42.42380894720554,7.577851414680481,2812.9362082108855,19.534879684448242,196.53180694580078,2614.8518981933594,879.2496323883533,1331.872257232666,423.08348032832146,1242.7070083618164,314.68960034195334,45.93843199964613,136.1866239234805,40.60847997199744,150.76496124267578,7.819360017776489,32.450560092926025,5.501760005950928
wikics,cache_w8a8_m4k2v2,val,wikics:val:000003:eb55f467ab494142,3,3,large_h6_n10_s100_wikics_arxiv,eb55f467ab49414223cbb42727548425fb72d6d25ba1e2ef78c9b8b316f07388,3,13893632,646656,646656,36,2310,53,0,1,0,2228.038491,2228.031494140625,2106.073872,121.688029,52.59237065911293,42.64932405203581,6.3439225777983665,1780.771130695939,19.81488037109375,127.17503929138184,1652.3436889648438,742.8802567124367,530.991774559021,398.3607777953148,495.45737648010254,126.88527994509786,17.407647990621626,54.898911990225315,16.137183980084956,91.87763118743896,4.6447999477386475,27.169343948364258,3.4717119932174683
wikics,cache_w8a8_m4k2v2,val,wikics:val:000004:94369875875c7eda,4,4,large_h6_n10_s100_wikics_arxiv,94369875875c7eda426ac2e378c77a4b45c69b105d096621273459492e79a002,3,15204352,1629696,1629696,66,2520,58,0,1,0,2839.998317,2839.996337890625,2738.199563,101.474211,58.129752054810524,42.533683590590954,6.935166195034981,2320.2044311910868,19.61894416809082,141.3401927947998,2177.389862060547,811.5867202579975,976.6768941879272,408.66739866137505,911.2327680587769,231.01935999747366,33.22281600162387,100.80236795917153,30.1784959519282,102.80038452148438,5.2178239822387695,29.44489574432373,3.8770885467529297
wikics,cache_w8a8_m4k2v2,val,wikics:val:000005:2ea19046bdd6fc0b,5,5,large_h6_n10_s100_wikics_arxiv,2ea19046bdd6fc0b113221315bcbf4019385f97ac493ef3f6da0ff2ddbc69c2a,3,16777216,2964480,2964480,108,2772,64,0,1,0,3757.581383,3757.595947265625,3655.737176,101.497996,63.353574834764004,42.69071947783232,7.657517679035664,3331.3785223290324,19.609088897705078,214.81334686279297,3115.3485107421875,893.5194554626942,1830.4821033477783,413.7430929839611,1724.2195854187012,395.04550382029265,55.81455995608121,163.4568319991231,49.24092793930322,167.12992095947266,8.742688059806824,32.843679904937744,6.031906008720398
wikics,cache_w8a8_m4k2v2,val,wikics:val:000006:deb97ed4b3c8ddd7,6,6,large_h6_n10_s100_wikics_arxiv,deb97ed4b3c8ddd7bdb39f4af5fcaad656c9c608bfc05ecb40b7af499c9ba112,3,786432,241152,241152,18,210,3,0,1,0,504.45114,504.4285583496094,398.04604,106.163601,3.4316275268793106,44.12619583308697,0.45441556721925735,338.44192512333393,19.47875213623047,5.0178879499435425,333.05398178100586,62.07097661495209,264.58950328826904,25.878556817770004,246.76115036010742,63.258559855632484,8.328160005621612,27.407488021999598,8.089311998337507,2.690176010131836,0.1670719999819994,1.9248319864273071,0.229503957554698
wikics,cache_w8a8_m4k2v2,val,wikics:val:000007:d7f4428cc84938c0,7,7,large_h6_n10_s100_wikics_arxiv,d7f4428cc84938c0ff422730accf1af7811fdbfe47c2a8963dc760c9d780173f,3,14942208,1039872,1039872,48,2478,57,0,1,0,2525.931255,2525.92578125,2419.541713,106.054817,57.06853047013283,42.15365927666426,6.72562513500452,2076.4096062630415,19.411296844482422,167.73555374145508,1907.1839294433594,797.4379836916924,712.477952003479,416.5967290997505,665.0351676940918,171.4567678179592,24.294015989638865,72.49843199364841,21.760031978599727,127.26201438903809,6.569759964942932,29.19158411026001,4.7049607038497925
wikics,cache_w8a8_m4k2v2,val,wikics:val:000008:a2de623bf3821acb,8,8,large_h6_n10_s100_wikics_arxiv,a2de623bf3821acb00081deda324d566d32c497bd1f73e5fe2b363af6e34451e,3,16252928,2032128,2032128,84,2688,62,0,1,0,3221.802665,3221.801513671875,3098.910792,122.278556,60.913133434951305,42.206017300486565,7.343614473938942,2738.490984775126,19.414016723632812,200.27008056640625,2536.8336181640625,867.1452167630196,1265.480257987976,423.5604631304741,1180.9456577301025,309.94566406402737,43.22060792800039,127.18550398387015,38.15257596410811,154.70550346374512,8.052128076553345,31.792736053466797,5.6385287046432495
wikics,cache_w8a8_m4k2v2,val,wikics:val:000009:5ddc4ad1ca6bddb9,9,9,large_h6_n10_s100_wikics_arxiv,5ddc4ad1ca6bddb9f2fbe2619a4cc5bfc948088c83072c92fb9968043dfe40b7,3,15466496,2299392,2299392,90,2562,59,0,1,0,3200.870426,3200.8759765625,3082.751863,117.714937,62.27828748524189,42.826502583920956,6.982810795307159,2691.03800971061,19.5850887298584,155.46428871154785,2533.957763671875,824.7808641791344,1328.4776334762573,397.788172185421,1238.0058240890503,310.88195186760277,43.92595201637596,142.5478399321437,42.049695981666446,115.24838447570801,5.887103974819183,30.03225612640381,4.299838602542877
wikics,cache_w8a8_m4k2v2,val,wikics:val:000010:a657f4dc57cb7b3b,10,10,large_h6_n10_s100_wikics_arxiv,a657f4dc57cb7b3bcdd5ce3c72500c507c0f17ae67e675802318c7fef9afe2d3,3,786432,241152,241152,18,210,3,0,1,0,508.611162,508.586669921875,405.454844,101.362891,7.1638841181993484,42.073486372828484,0.4493463784456253,343.27703434973955,19.37353515625,4.688543975353241,338.2045783996582,62.01647984981537,269.0527677536011,26.369030117988586,250.94665622711182,64.79990390408784,8.78528000973165,29.212416004389524,8.40256000123918,2.402111977338791,0.16473599895834923,1.8965120017528534,0.22937598079442978
wikics,cache_w8a8_m4k2v2,val,wikics:val:000011:dfa124f13dbb8595,11,11,large_h6_n10_s100_wikics_arxiv,dfa124f13dbb859594d45abc92fc99eb41ed65a49c8cb209db0ee462a00191e7,3,15466496,2809344,2809344,102,2562,59,0,1,0,3800.203851,3800.178955078125,3680.195945,119.515266,61.83298118412495,42.78896749019623,6.996674463152885,3258.6199706420302,19.387264251708984,262.2911376953125,2993.23876953125,825.1742087006569,1793.9608011245728,390.65444880723953,1689.345220565796,356.6315837800503,52.591711985878646,161.19660797342658,50.89695991482586,212.8705940246582,11.57100796699524,30.34982395172119,7.509146809577942
wikics,cache_w8a8_m4k2v2,val,wikics:val:000012:b25c6bff127a88c6,12,12,large_h6_n10_s100_wikics_arxiv,b25c6bff127a88c663a84dd45840dc6a75f4ae919fa79751a93982ca913e58f8,3,15990784,2248704,2248704,90,2646,61,0,1,0,3379.777781,3379.78173828125,3271.035792,107.74273,66.77788402885199,42.77707729488611,7.26237241178751,2868.052045814693,19.7379207611084,277.64067459106445,2588.7598266601562,852.5579836964607,1349.1481294631958,416.77515482902527,1260.0966711044312,327.1066240640357,45.60435202438384,142.3095679692924,42.364319992251694,225.80550003051758,12.164767861366272,31.838080406188965,7.935110330581665
wikics,cache_w8a8_m4k2v2,val,wikics:val:000013:f7ec35bb559bff78,13,13,large_h6_n10_s100_wikics_arxiv,f7ec35bb559bff78b63dfdea8a3808323d3557dd6b3c1c55ebd48800dabbb38e,3,14680064,1039872,1039872,48,2436,56,0,1,0,2567.164753,2567.142578125,2463.261828,102.591023,65.025694668293,42.522987350821495,6.863699294626713,2079.3621307238936,19.434303283691406,169.50921821594238,1908.314697265625,782.8978860676289,722.0195178985596,422.60142156481743,674.3930234909058,176.02275196183473,24.0289919776842,75.37987197563052,22.646240000613034,129.61075401306152,6.677120089530945,28.428736209869385,4.753024220466614
wikics,cache_w8a8_m4k2v2,val,wikics:val:000014:cd0465d485a7b221,14,14,large_h6_n10_s100_wikics_arxiv,cd0465d485a7b2212f8c13a4132eb2ed270289c0ec06183ceead64db97a598de,3,14942208,1236480,1236480,54,2478,57,0,1,0,2688.536874,2688.53173828125,2586.380318,102.254296,58.480908162891865,43.04826259613037,6.9491323083639145,2182.674671523273,19.734752655029297,172.14006233215332,2008.9618835449219,797.4167997837067,809.4779844284058,421.80185198783875,756.1331243515015,194.90249606315047,26.91110396385193,82.07251198403537,25.298367985524237,131.28943824768066,6.742975950241089,29.260799884796143,4.822174310684204
wikics,cache_w8a8_m4k2v2,val,wikics:val:000015:760ce76542a910c8,15,15,large_h6_n10_s100_wikics_arxiv,760ce76542a910c82715bdb1556e1b99c877f5e3ff11acfe5cdb9dec223f2bec,3,15204352,1433088,1433088,60,2520,58,0,1,0,2686.410394,2686.40869140625,2579.401422,106.635871,67.12993420660496,42.62564051896334,7.077249698340893,2269.1211104393005,19.642431259155273,156.5755500793457,2110.9609985351562,812.2469725608826,899.0621118545532,421.47328463196754,838.1449937820435,214.25843161717057,30.422784010879695,94.84879998117685,27.13327997736633,116.71094512939453,5.953407943248749,29.546975135803223,4.338304817676544
wikics,cache_w8a8_m4k2v2,val,wikics:val:000016:ecc418214a33ddfc,16,16,large_h6_n10_s100_wikics_arxiv,ecc418214a33ddfc30aad81571b5ed75b95998d50ad30efd13d1a0853a4c7a97,3,16515072,2219520,2219520,84,2730,63,0,1,0,3361.611446,3361.614990234375,3238.053016,122.932268,62.95886170119047,44.42283883690834,7.784707471728325,2832.1047788485885,21.014976501464844,263.5636863708496,2567.7801818847656,879.0562559664249,1267.6212148666382,438.571410626173,1181.8633260726929,298.58243223279715,43.34089599084109,129.61974396184087,38.48527997266501,211.79718399047852,11.370239973068237,32.79660749435425,7.442531108856201
wikics,cache_w8a8_m4k2v2,val,wikics:val:000017:30966d3fabbbe966,17,17,large_h6_n10_s100_wikics_arxiv,30966d3fabbbe96640c8cbdf2e720544bf71af0cd8c950c087a1a2db14bd743b,3,16515072,1910784,1910784,78,2730,63,0,1,0,3489.663915,3489.668701171875,3382.633796,106.865661,73.0365477502346,42.97269321978092,7.699888199567795,2937.1097683906555,19.677888870239258,214.18301010131836,2721.486572265625,882.2543989121914,1419.719976425171,438.6288047134876,1342.7203512191772,280.4130557477474,39.364799950271845,118.4346559420228,35.27494397573173,166.76332664489746,8.768352031707764,32.647199630737305,6.015037536621094
wikics,cache_w8a8_m4k2v2,val,wikics:val:000018:40b87fe5b3865c25,18,18,large_h6_n10_s100_wikics_arxiv,40b87fe5b3865c25b0fea0abae1f6a31a4b30ceff215077141910a5c4cdb9017,3,15728640,1807872,1807872,72,2604,60,0,1,0,3024.167586,3024.14599609375,2899.478586,123.390592,65.93811977654696,42.975565418601036,7.330008782446384,2500.282557681203,19.66307258605957,190.83101081848145,2307.0062255859375,838.6707510352135,1069.321855545044,422.57812935113907,998.3503646850586,255.44828811939806,37.0437439205125,110.6131839863956,33.75119997840375,147.0025291442871,7.635455965995789,30.82982349395752,5.363937735557556
wikics,cache_w8a8_m4k2v2,val,wikics:val:000019:c948629294047854,19,19,large_h6_n10_s100_wikics_arxiv,c9486292940478548025bcd39f69bde038c73dc44280ada5e32b7ae0cd0c59c4,3,14942208,1236480,1236480,54,2478,57,0,1,0,2687.624178,2687.621337890625,2565.224833,122.015994,57.63579346239567,42.75715909898281,6.9901831448078156,2160.404611378908,19.60495948791504,162.61558723449707,1996.283447265625,796.613087952137,804.7307863235474,414.5445324778557,751.2904005050659,195.1607363158837,28.00079998653382,81.70534390583634,24.68655995838344,122.58105659484863,6.272863864898682,29.253119945526123,4.524288654327393
wikics,cache_w8a8_m4k2v2,val,wikics:val:000020:e9a52cacfc1321d3,20,20,large_h6_n10_s100_wikics_arxiv,e9a52cacfc1321d3be6f10a0439a054242d79fd11875bc865a4ea4dadbd64e1e,3,13369344,843264,843264,42,2226,51,0,1,0,2253.999477,2253.991943359375,2115.809528,137.832763,52.423177286982536,42.31244698166847,6.228046491742134,1822.5980754941702,19.467775344848633,126.48015975952148,1694.6991271972656,714.3596820533276,621.9618558883667,378.3680217266083,580.4960975646973,148.01385615672916,21.312128036282957,64.1906881146133,18.890719979070127,92.44105529785156,4.662240028381348,25.912575721740723,3.4600963592529297
wikics,cache_w8a8_m4k2v2,val,wikics:val:000021:f6fad06d0182fdac,21,21,large_h6_n10_s100_wikics_arxiv,f6fad06d0182fdac16ade7c80ae6ba48ecadf3df08778ef7a76990d17d09763f,3,14680064,1024512,1024512,48,2436,56,0,1,0,2535.925416,2535.92041015625,2433.882953,101.677246,56.298200972378254,42.37400367856026,6.848121993243694,2033.2990158349276,19.525951385498047,141.40739059448242,1890.3728332519531,782.6381446123123,716.6732807159424,411.33284613490105,669.4310703277588,175.84156795963645,23.63529598340392,73.01756799966097,21.549087989144027,103.8427848815918,5.232607960700989,28.44256067276001,3.8837095499038696
wikics,cache_w8a8_m4k2v2,val,wikics:val:000022:d785569b8bb4a8d7,22,22,large_h6_n10_s100_wikics_arxiv,d785569b8bb4a8d717e83bb8c9fff3658fc9cccc846cdee9551cd8d56685150b,3,16515072,2022912,2022912,78,2730,63,0,1,0,3251.512304,3251.489013671875,3142.579765,108.023573,63.58382664620876,42.70127508789301,7.774253375828266,2719.2650260403752,19.600479125976562,214.44354629516602,2503.0831298828125,879.547104537487,1190.650526046753,448.17259818315506,1112.0769290924072,286.763520129025,40.10950397606939,120.34204787015915,35.074559981003404,166.83795166015625,8.782528042793274,32.756896018981934,6.01369035243988
wikics,cache_w8a8_m4k2v2,val,wikics:val:000023:30e8db22a669492e,23,23,large_h6_n10_s100_wikics_arxiv,30e8db22a669492e9181fdd4dfa056fe4fed95a4be6d84373feae62fc8032f91,3,16252928,2219520,2219520,84,2688,62,0,1,0,3458.693711,3458.693603515625,3336.028255,122.532168,72.93747924268246,42.76661667972803,7.724558934569359,2761.4539358764887,19.557024002075195,200.30931091308594,2558.9901123046875,864.7497270405293,1276.4507188796997,429.5714485347271,1191.8500509262085,301.724384280853,43.552799980156124,128.46985595300794,39.3438080009073,154.71116828918457,8.05619192123413,31.90768003463745,5.631390452384949
wikics,cache_w8a8_m4k2v2,val,wikics:val:000024:9c2eb6f46cefd34c,24,24,large_h6_n10_s100_wikics_arxiv,9c2eb6f46cefd34c6f201303a1ad616670a71668823f3b38a391df90dfd6daff,3,16515072,3741696,3741696,132,2730,63,0,1,0,4073.231298,4073.226318359375,3971.077328,101.746227,68.34714487195015,42.98926331102848,7.784024812281132,3579.91679944098,19.563552856445312,358.0367622375488,3220.1920166015625,879.2671683430672,1974.7681522369385,385.72024887800217,1842.7888326644897,467.5675841476768,68.72713600471616,199.80751997604966,59.98777595628053,298.77728271484375,16.16707181930542,32.962207317352295,10.116966485977173
wikics,cache_w8a8_m4k2v2,val,wikics:val:000025:c748180b049621a4,25,25,large_h6_n10_s100_wikics_arxiv,c748180b049621a4c7d3ed44f5609aeec104f7702d160cca2428f5a72b9841e5,3,16252928,3167232,3167232,114,2688,62,0,1,0,3677.001769,3676.9931640625,3569.790225,106.813358,66.36918522417545,42.71728731691837,7.693261839449406,3208.110196515918,19.643552780151367,258.61648178100586,2948.8209228515625,864.6846405565739,1710.7127351760864,394.8756673634052,1597.9065532684326,412.02409598696977,59.477503946051,172.76681600511074,51.319903950206935,207.9097557067871,11.18617594242096,32.17411184310913,7.355390787124634
wikics,cache_w8a8_m4k2v2,val,wikics:val:000026:f66b2c37f14c407f,26,26,large_h6_n10_s100_wikics_arxiv,f66b2c37f14c407f4410ff66afbbac91c836532c19438c2e5923e57377491908,3,16515072,2219520,2219520,84,2730,63,0,1,0,3425.026969,3425.016357421875,3322.477236,102.082229,63.28396499156952,42.5096470862627,7.725831121206284,2969.0488539636135,19.530847549438477,204.00559997558594,2763.536346435547,878.042752623558,1465.8033981323242,439.0842898488045,1382.4649600982666,302.24227189831436,44.42070390097797,132.41795196011662,39.01823999546468,157.4627857208252,8.170143961906433,32.66988754272461,5.7027827501297
wikics,cache_w8a8_m4k2v2,val,wikics:val:000027:19b7a4b1069f0703,27,27,large_h6_n10_s100_wikics_arxiv,19b7a4b1069f0703e42e1662d1626fa830f58a56b61b61ac44a24e6ebe2d28c4,3,16252928,3005952,3005952,108,2688,62,0,1,0,3642.217634,3642.19287109375,3533.881521,107.487961,63.3464939892292,42.61824209243059,7.660062983632088,3106.0804408043623,19.5882568359375,208.01330947875977,2896.1957397460938,864.4968981742859,1639.0721588134766,407.1827493906021,1530.3146896362305,387.1444483064115,55.790079896338284,170.65398406609893,51.35091200657189,161.6592311859131,8.488800168037415,32.026495933532715,5.837186098098755
wikics,cache_w8a8_m4k2v2,val,wikics:val:000028:6dcccc0dadc0f236,28,28,large_h6_n10_s100_wikics_arxiv,6dcccc0dadc0f2368546ab77570060956e54caca780c3fae3797dd17561f56c2,3,16777216,2323968,2323968,90,2772,64,0,1,0,3352.885265,3352.86083984375,3244.062738,107.443852,66.55696127563715,42.595770210027695,7.8550344333052635,2869.0292946994305,19.575008392333984,178.66131019592285,2688.470916748047,891.6884827017784,1364.833631515503,440.64138370752335,1274.401123046875,326.9663684712723,46.1827520057559,138.57023999653757,40.99894397519529,133.9587516784668,6.851935982704163,32.91401672363281,4.930946230888367
wikics,cache_w8a8_m4k2v2,val,wikics:val:000029:b57c0c6c616584fa,29,29,large_h6_n10_s100_wikics_arxiv,b57c0c6c616584fa3175a1053d4a5943c17cc66406ff67582d00320f05ece863,3,14680064,1433088,1433088,60,2436,56,0,1,0,2664.358401,2664.3515625,2561.922575,102.030484,58.178748935461044,42.920924723148346,6.851807236671448,2196.3038481771946,19.577983856201172,132.29526138305664,2062.5327758789062,782.3685777187347,897.9902725219727,402.4370548725128,838.4287967681885,219.46902406495064,30.028543984517455,91.66371191293001,27.111647971905768,95.45292854309082,4.7860159277915955,28.46675205230713,3.589564859867096
wikics,cache_w8a8_m4k2v2,val,wikics:val:000030:46cf5a7590979b07,30,30,large_h6_n10_s100_wikics_arxiv,46cf5a7590979b072621f92b0e45b838461f0910879853929265a05ebd40704a,3,15990784,2809344,2809344,102,2646,61,0,1,0,3455.269357,3455.2451171875,3346.116466,106.748448,60.50446070730686,42.42919385433197,7.428568787872791,3013.4395277127624,19.51862335205078,219.07690048217773,2792.2749938964844,852.0856004357338,1550.0354595184326,400.3173479437828,1447.1923532485962,361.16230419371277,52.827711975201964,159.16841605305672,46.05875194910914,172.0738868713379,9.109471917152405,31.74844789505005,6.172261834144592
wikics,cache_w8a8_m4k2v2,val,wikics:val:000031:2addc42d7b620b3e,31,31,large_h6_n10_s100_wikics_arxiv,2addc42d7b620b3eafd7d208a11026fbe79e6857e28c706cb3b0e8c837b03eca,3,16515072,2219520,2219520,84,2730,63,0,1,0,3448.507366,3448.50244140625,3346.327239,101.775305,68.36612336337566,42.71943029016256,7.734451442956924,2742.4825048074126,19.65657615661621,169.31641578674316,2571.2128295898438,877.4107200801373,1254.0452184677124,438.263800740242,1171.0444793701172,303.08912039455026,43.24771199095994,128.2686719223857,37.567871978506446,125.65439987182617,6.37609589099884,32.63862419128418,4.644991636276245
wikics,cache_w8a8_m4k2v2,val,wikics:val:000032:57bb329b74f81197,32,32,large_h6_n10_s100_wikics_arxiv,57bb329b74f81197f5f742a2fa3620e0c9193252afe609c679c1e02045e2ac49,3,15990784,1818624,1818624,72,2646,61,0,1,0,3012.621767,3012.608642578125,2905.852018,107.13634,66.41493458300829,42.58095286786556,7.469389587640762,2527.7423495426774,19.556447982788086,190.6773452758789,2335.7473754882812,851.2982703149319,1074.4268741607666,429.5107754766941,1003.2010231018066,257.22528019733727,36.58339197002351,110.02694386988878,32.41542395949364,146.08377647399902,7.524864196777344,31.70236825942993,5.313664436340332
wikics,cache_w8a8_m4k2v2,val,wikics:val:000033:894e26b9ae45c623,33,33,large_h6_n10_s100_wikics_arxiv,894e26b9ae45c623e068a70ab0e34df3ae778a61aa50d8aa35d698f67ec35e98,3,15990784,2219520,2219520,84,2646,61,0,1,0,3163.457806,3163.445068359375,3053.466685,108.336427,61.84577848762274,42.35117882490158,7.393202744424343,2701.074286364019,19.44278335571289,209.05727767944336,2490.3565673828125,851.2396478652954,1241.2631978988647,417.2734661102295,1156.213150024414,292.64147207234055,42.21376005001366,129.3091838620603,37.85753599181771,162.90355110168457,8.562623977661133,31.735647678375244,5.87033486366272
wikics,cache_w8a8_m4k2v2,val,wikics:val:000034:65ae31af463d1b89,34,34,large_h6_n10_s100_wikics_arxiv,65ae31af463d1b892011e51a76568ca922eeec0df8a5154042715bf1a7c494d9,3,15990784,2734080,2734080,102,2646,61,0,1,0,3438.537775,3438.533203125,3336.685692,102.03736,65.44436886906624,42.83989779651165,7.637493312358856,3002.432968467474,19.58527946472168,219.0930290222168,2781.679229736328,850.7937260568142,1551.6309089660645,403.28572645783424,1450.823800086975,378.93395196367055,53.41471994202584,160.57763201743364,47.77155199367553,171.96175956726074,9.090272068977356,31.752960205078125,6.1762858629226685
wikics,cache_w8a8_m4k2v2,val,wikics:val:000035:4693474df4e8fbf5,35,35,large_h6_n10_s100_wikics_arxiv,4693474df4e8fbf5fdfd2d96bf57a7b6aabfe78ad448c8e80d959c4101a1f662,3,16252928,2416128,2416128,90,2688,62,0,1,0,3690.947694,3690.9208984375,3581.894217,107.258843,65.91178942471743,42.44333319365978,7.659238763153553,3120.0425485149026,19.507904052734375,265.0287666320801,2853.2970275878906,864.9450245499611,1325.6454095840454,427.64707562327385,1236.7523832321167,311.3686080649495,46.456031979992986,142.15795209258795,41.70198399014771,213.6656608581543,11.513631939888,32.242655754089355,7.519174098968506
wikics,cache_w8a8_m4k2v2,val,wikics:val:000036:0759714d0e26521e,36,36,large_h6_n10_s100_wikics_arxiv,0759714d0e26521e91834222ac4f5b5afd29c0eff6aa294be5e1a3766dc065c1,3,15728640,2204160,2204160,84,2604,60,0,1,0,3208.611153,3208.581787109375,3104.540016,102.337645,66.19512010365725,42.71196946501732,7.692783139646053,2722.9565996676683,19.592927932739258,182.36854553222656,2538.698760986328,839.7185284793377,1294.3724145889282,423.13956236839294,1209.7477378845215,311.2208640584722,43.80480001401156,141.94550398550928,42.52774404827505,139.19318389892578,7.1484479904174805,30.963103771209717,5.075329661369324
wikics,cache_w8a8_m4k2v2,val,wikics:val:000037:a7f56af4cb70732b,37,37,large_h6_n10_s100_wikics_arxiv,a7f56af4cb70732bb9074d50d48be472e73eaf5ac49d42d90c7fb997a871ce21,3,16252928,2970624,2970624,108,2688,62,0,1,0,3614.049742,3614.037841796875,3506.913233,107.082951,64.67651296406984,42.46688075363636,7.5719645246863365,3081.4745370298624,19.500768661499023,208.06143951416016,2872.0828247070312,865.8277749717236,1625.050950050354,405.569898635149,1516.1131563186646,400.08972801920027,57.164192063733935,164.26140791922808,48.810847990214825,161.63308715820312,8.465120077133179,32.09231996536255,5.821921944618225
wikics,cache_w8a8_m4k2v2,val,wikics:val:000038:dad46ac500c3e985,38,38,large_h6_n10_s100_wikics_arxiv,dad46ac500c3e9857482209283c5f91bd4729e6956984bc291919024cf405ee8,3,16515072,2353152,2353152,90,2730,63,0,1,0,3371.553384,3371.5400390625,3268.556149,102.190841,71.03862799704075,42.72454138845205,7.714265957474709,2822.8371562436223,19.64566421508789,182.29161643981934,2638.821044921875,878.3268788158894,1351.7666578292847,428.28610011935234,1262.6871366500854,323.3234239127487,47.505824027583,139.88790408149362,41.3002879684791,137.57465362548828,6.997119903564453,32.694560527801514,5.027104139328003
wikics,cache_w8a8_m4k2v2,val,wikics:val:000039:53e5be2b68e5930e,39,39,large_h6_n10_s100_wikics_arxiv,53e5be2b68e5930eb72e6abd780a479e5ec14029f6796037de28e272d8d08878,3,15466496,2798592,2798592,102,2562,59,0,1,0,3818.493305,3818.466796875,3693.304372,122.921551,63.28265555202961,42.59348940104246,7.17601366341114,3276.8398532643914,19.512128829956055,263.34815979003906,3011.3418884277344,824.200833439827,1803.5778465270996,388.1548603773117,1700.5388402938843,372.8284477284178,52.66095995809883,403.84127401560545,45.84982395824045,213.68201446533203,11.611168026924133,30.597887992858887,7.491907596588135
wikics,cache_w8a8_m4k2v2,val,wikics:val:000040:f5c8ec8453d3a18e,40,40,large_h6_n10_s100_wikics_arxiv,f5c8ec8453d3a18e3d258c2f5898202e9d148044b51ad92e9766efccc4a3c27c,3,14155776,646656,646656,36,2352,54,0,1,0,2291.335091,2291.322265625,2189.526799,101.777036,58.28940309584141,43.18215511739254,6.5733883529901505,1864.9682989344,19.50009536743164,160.8290557861328,1702.4480895996094,755.3122227489948,544.5876808166504,407.88993003964424,508.4332151412964,130.75500790961087,17.526079983450472,55.522463988512754,16.39699200540781,122.33363151550293,6.301984071731567,27.68985605239868,4.503584146499634
wikics,cache_w8a8_m4k2v2,val,wikics:val:000041:0a1aea6f2ab10ebb,41,41,large_h6_n10_s100_wikics_arxiv,0a1aea6f2ab10ebbb8741837ad5f8891fe42bfc4bfa6ca2c2c4141a32360b0e7,3,16515072,3792384,3792384,132,2730,63,0,1,0,4031.041801,4031.031005859375,3928.1382,102.211174,64.470493234694,42.29892324656248,7.6760295778512955,3490.1175312697887,19.42291259765625,275.909725189209,3210.008544921875,878.9707531929016,1963.789665222168,386.67103910446167,1832.958752632141,469.3936316575855,68.29795194603503,201.30355201289058,59.6171839479357,222.97744369506836,12.088863968849182,33.05407953262329,7.800058126449585
wikics,cache_w8a8_m4k2v2,val,wikics:val:000042:6b1dd5c3859cc886,42,42,large_h6_n10_s100_wikics_arxiv,6b1dd5c3859cc886d64cde0c7ecb8890de634840ab945555bc2408dbb9643e78,3,16515072,2219520,2219520,84,2730,63,0,1,0,3237.577161,3237.550537109375,3128.883783,107.120747,74.84700717031956,42.882587760686874,7.851358503103256,2730.818871408701,19.77654457092285,169.5511703491211,2559.5587158203125,877.5722543597221,1270.6181421279907,431.37337377667427,1186.2147789001465,299.24707193952054,42.94111995398998,130.39814388751984,37.791807973757386,125.84809684753418,6.378016233444214,32.70319986343384,4.643362998962402
wikics,cache_w8a8_m4k2v2,val,wikics:val:000043:5164e28991dfba94,43,43,large_h6_n10_s100_wikics_arxiv,5164e28991dfba940695c47609da38adb72fec7b962b72c3fc11f98b771028d1,3,15204352,1629696,1629696,66,2520,58,0,1,0,2899.281641,2899.255859375,2774.523235,123.029267,61.286321841180325,42.97295771539211,7.093172520399094,2384.6869682893157,19.864543914794922,172.2708797454834,2210.499755859375,810.2422060966492,999.6344938278198,411.5712170600891,933.2644491195679,236.96812800690532,33.25536000356078,104.85523195564747,30.831072001717985,131.07491302490234,6.707935929298401,29.69395160675049,4.807101130485535
wikics,cache_w8a8_m4k2v2,val,wikics:val:000044:a1e23c83773db96a,44,44,large_h6_n10_s100_wikics_arxiv,a1e23c83773db96a01bf838bf188e3dfb7ca66f39a28efe567f992bf99606076,3,16252928,2030592,2030592,84,2688,62,0,1,0,3461.248816,3461.221923828125,3336.41692,123.166326,79.64581064879894,42.39536914974451,7.653797045350075,2975.3196155652404,19.518783569335938,200.921630859375,2772.878662109375,864.7218580543995,1508.1119632720947,429.87606331706047,1425.5098209381104,312.58083219546825,42.49043199326843,132.4390719756484,39.41913601011038,155.17084884643555,8.06553602218628,32.041215896606445,5.628798127174377
wikics,cache_w8a8_m4k2v2,val,wikics:val:000045:468961e707127957,45,45,large_h6_n10_s100_wikics_arxiv,468961e707127957b260758066a254430361fc6520124ac947aa20ec9ea66115,3,16777216,3683328,3683328,132,2772,64,0,1,0,3990.230405,3990.21826171875,3882.377523,107.435534,66.44228100776672,42.5442224368453,7.882104255259037,3493.939818814397,19.524320602416992,248.4938850402832,3245.9718627929688,891.9476161599159,1986.8597784042358,397.72946509718895,1857.0968341827393,481.9180164700374,68.63023994117975,207.8016640469432,62.047455970197916,197.59149169921875,10.547936081886292,33.36355209350586,6.986691832542419
wikics,cache_w8a8_m4k2v2,val,wikics:val:000046:f3cf1d41caa4c2d9,46,46,large_h6_n10_s100_wikics_arxiv,f3cf1d41caa4c2d9aee35e66e1b95d288a274a344aed7288a15b83678d0c9b0f,3,15466496,2265600,2265600,90,2562,59,0,1,0,3257.967206,3257.939208984375,3133.062588,124.459049,77.88892649114132,42.521885596215725,7.169537246227264,2726.7832020297647,19.55516815185547,156.10931205749512,2568.9930419921875,824.3994242250919,1357.4060792922974,401.19262593984604,1267.8270425796509,326.45539191551507,45.61247999873012,144.78681611642241,43.62819202244282,115.65743827819824,5.8714240193367,30.2523512840271,4.2867847084999084
wikics,cache_w8a8_m4k2v2,val,wikics:val:000047:bd32e929138a4b77,47,47,large_h6_n10_s100_wikics_arxiv,bd32e929138a4b77bc048f77bd95b0ae2df40ec2142b7d96ce1fdf8f013783d6,3,16515072,2219520,2219520,84,2730,63,0,1,0,3238.268194,3238.2412109375,3134.47961,101.564009,70.40845975279808,42.619344778358936,7.664979435503483,2757.853885181248,19.612703323364258,204.46934127807617,2551.682373046875,878.6626899838448,1254.7664985656738,437.8658878207207,1171.5819826126099,296.2391043668613,44.02025598939508,128.43939190357924,37.99417597055435,157.74531364440918,8.196959972381592,32.83897590637207,5.705857634544373
wikics,cache_w8a8_m4k2v2,val,wikics:val:000048:6eff2b19b7a04da7,48,48,large_h6_n10_s100_wikics_arxiv,6eff2b19b7a04da79c3852b11623e45f5e95243bd84be5804a42f68214bedb34,3,14942208,843264,843264,42,2478,57,0,1,0,2866.500616,2866.474609375,2757.933964,107.191015,295.62327917665243,42.61132515966892,6.971739232540131,2010.8186202123761,19.56003189086914,149.76531219482422,1859.4782104492188,797.9425581097603,658.5837459564209,426.5729522705078,617.2200021743774,152.04297625925392,20.6415359582752,64.94384006038308,19.248991960659623,110.61263847351074,5.614176034927368,29.414463996887207,4.124033689498901
wikics,cache_w8a8_m4k2v2,val,wikics:val:000049:a710ed9d3274bc0d,49,49,large_h6_n10_s100_wikics_arxiv,a710ed9d3274bc0d9f0fb0ea4c32ba851c8bbe00839b9daed62e9d43b3352bf2,3,16515072,2416128,2416128,90,2730,63,0,1,0,3367.017587,3366.99072265625,3257.90143,106.9931,65.09598717093468,42.81907249242067,7.6841432601213455,2833.7575551122427,19.570207595825195,169.52400016784668,2662.1834716796875,877.8090255558491,1364.6943702697754,427.1694114804268,1274.1226930618286,320.37276799511164,47.702527900226414,139.86345587484539,40.913663951680064,125.78531265258789,6.379840016365051,32.71388816833496,4.644959330558777
wikics,cache_w8a8_m4k2v2,val,wikics:val:000050:1c058b8728feaf12,50,50,large_h6_n10_s100_wikics_arxiv,1c058b8728feaf12cbe4ab8e03522106fc37295ec871564e5fc151a2fbb470d5,3,15990784,1826304,1826304,72,2646,61,0,1,0,3038.096295,3038.069580078125,2935.623887,101.590597,67.57652293890715,43.00754703581333,7.431132718920708,2519.793678075075,19.610271453857422,190.4479694366455,2327.7210693359375,850.9005751311779,1070.1930227279663,428.62160459160805,999.0356464385986,250.80326395481825,36.294592020101845,111.46678402088583,33.62195198517293,145.97849655151367,7.471904039382935,31.704544067382812,5.314752817153931
wikics,cache_w8a8_m4k2v2,val,wikics:val:000051:d60eeaca25598834,51,51,large_h6_n10_s100_wikics_arxiv,d60eeaca25598834706edcb52ebc7531cf2e17cfda9b41db2d8027815a0c0c09,3,15990784,1826304,1826304,72,2646,61,0,1,0,3028.234548,3028.208251953125,2924.72436,101.843683,67.65240151435137,42.554156854748726,7.435135543346405,2551.9914207980037,19.50009536743164,190.53600120544434,2359.4913024902344,850.6744019687176,1088.3919715881348,428.39350059628487,1015.8473243713379,256.62611210905015,37.197535920888186,110.15843203291297,32.50038396939635,146.00643348693848,7.491872072219849,31.725120067596436,5.307234048843384
wikics,cache_w8a8_m4k2v2,val,wikics:val:000052:9d402c29e66ea4c0,52,52,large_h6_n10_s100_wikics_arxiv,9d402c29e66ea4c0512dc9a25029ae2df086560fbc652776c688794053e56213,3,14942208,1173504,1173504,54,2478,57,0,1,0,2702.360493,2702.333251953125,2566.901751,133.846741,57.49459471553564,42.89827588945627,6.9019990041852,2169.1967165097594,19.775808334350586,156.63177871704102,2010.9944458007812,796.2614705264568,822.5654067993164,411.6810994744301,769.1390686035156,205.0928319701925,27.29017597809434,84.79663997143507,24.764128000475466,116.92092514038086,5.981823980808258,29.41094446182251,4.3184051513671875
wikics,cache_w8a8_m4k2v2,val,wikics:val:000053:ed2693d240246643,53,53,large_h6_n10_s100_wikics_arxiv,ed2693d240246643addf6808c0115c2eed9d294dd989ee0fdb3375681b9cf25d,3,15990784,2612736,2612736,96,2646,61,0,1,0,3651.701678,3651.673828125,3548.035409,102.106276,60.45671831816435,42.76721179485321,7.412862032651901,3152.0609371364117,19.67407989501953,251.40796661376953,2900.3934936523438,851.613151460886,1663.3531227111816,404.8570748269558,1568.0017557144165,341.8384639164433,49.342047988437116,357.9085156619549,43.17459195200354,201.54159927368164,10.78764796257019,31.951744079589844,7.122495174407959
wikics,cache_w8a8_m4k2v2,val,wikics:val:000054:a8e2f7ed77837d4b,54,54,large_h6_n10_s100_wikics_arxiv,a8e2f7ed77837d4b652e18f0316c93d7e0ed16853eb7f80344c9fee1ffa7073d,3,16252928,3168768,3168768,114,2688,62,0,1,0,3720.564979,3720.537109375,3617.614864,102.009579,62.72951513528824,42.8223330527544,7.637993432581425,3259.6268616616726,19.65532875061035,258.82032012939453,2998.068115234375,864.6135034561157,1748.912633895874,393.9408302307129,1633.9461126327515,421.97065545991063,58.619391994550824,181.0318400375545,51.71225596126169,208.12406158447266,11.174496054649353,32.28579139709473,7.3622719049453735
wikics,cache_w8a8_m4k2v2,val,wikics:val:000055:3c1e3f2074abd3c8,55,55,large_h6_n10_s100_wikics_arxiv,3c1e3f2074abd3c877291529fd1f3d17d7985de2b8671dbb87cc71e5b84081c3,3,16515072,2394624,2394624,90,2730,63,0,1,0,3376.03122,3376.00244140625,3267.582125,107.281231,63.67509625852108,42.73697454482317,7.733878679573536,2804.0001951158047,19.61417579650879,169.71657752990723,2632.8744506835938,878.1435504853725,1349.071997642517,426.0833152830601,1260.2065601348877,329.9361604973674,47.087744023650885,137.0291201248765,40.88588799070567,125.93942642211914,6.377087950706482,32.743199825286865,4.645893216133118
wikics,cache_w8a8_m4k2v2,val,wikics:val:000056:efcb08cf59d1e854,56,56,large_h6_n10_s100_wikics_arxiv,efcb08cf59d1e85484c1341b5bc27bdb0c54c55af7ed792f8233e590836e90af,3,13631488,1039872,1039872,48,2268,52,0,1,0,2447.512858,2447.486083984375,2338.926926,107.178713,52.370588295161724,42.61671379208565,6.355918012559414,1979.0888456627727,19.543392181396484,171.5068817138672,1806.1277770996094,728.4790393710136,717.9153900146484,379.7406365275383,670.4399967193604,172.94012806657702,23.87215997185558,73.57929595001042,21.756031981669366,133.04534721374512,6.880831837654114,26.764063835144043,4.815934062004089
wikics,cache_w8a8_m4k2v2,val,wikics:val:000057:a3c7f395d320220a,57,57,large_h6_n10_s100_wikics_arxiv,a3c7f395d320220a49b18c10c43aaaf35b12e9f9b3cb44a936cd1bb76ea87e41,3,16515072,2394624,2394624,90,2730,63,0,1,0,3590.360514,3590.333251953125,3481.301859,108.469943,63.45537304878235,42.56170615553856,7.722319103777409,2853.84123865515,19.526592254638672,169.65855979919434,2682.614776611328,878.0823676288128,1399.110746383667,425.5219159126282,1310.2919654846191,327.82710391655564,46.202271928079426,139.83369605615735,41.21286397892982,125.87900733947754,6.37664008140564,32.759520053863525,4.643424391746521
wikics,cache_w8a8_m4k2v2,val,wikics:val:000058:8074f83a06f99a82,58,58,large_h6_n10_s100_wikics_arxiv,8074f83a06f99a823ad68d64ea27ab58e9d24ea96ba8e9704f5e2377f3caced5,3,15728640,2205696,2205696,84,2604,60,0,1,0,3377.730203,3377.718505859375,3275.301319,102.474264,62.268064357340336,42.93884336948395,7.269637659192085,2702.317673712969,19.522016525268555,182.61859321594238,2517.890899658203,837.2647049129009,1282.0988187789917,408.6339729130268,1197.6528062820435,301.2757116770372,45.01081599108875,128.99225599877536,38.74316796287894,139.344575881958,7.1392000913619995,31.059776306152344,5.073409080505371
wikics,cache_w8a8_m4k2v2,val,wikics:val:000059:21f4f0d64380bdda,59,59,large_h6_n10_s100_wikics_arxiv,21f4f0d64380bdda046d4cc1db9002aca0956e7f0f93cad73d32b7c41fab9a1f,3,16515072,2296320,2296320,90,2730,63,0,1,0,3490.721351,3490.69384765625,3366.540495,122.56591,66.06332678347826,43.14957372844219,7.653377950191498,2885.740746743977,19.918079376220703,204.59244918823242,2678.042205810547,878.4245426356792,1380.5413722991943,427.7097251713276,1290.004189491272,329.3401599805802,46.64758393075317,142.02611208334565,41.32137596141547,157.8182373046875,8.2046400308609,32.86956787109375,5.700003981590271
wikics,cache_w8a8_m4k2v2,val,wikics:val:000060:9dd18ea1fcd0219b,60,60,large_h6_n10_s100_wikics_arxiv,9dd18ea1fcd0219b60d99cd4a59d6991950025d43145db4f4bb3fd8b8b79fa86,3,16777216,2264064,2264064,90,2772,64,0,1,0,3365.307703,3365.27978515625,3256.719725,107.293089,65.84136094897985,42.86496341228485,7.893936708569527,2835.275865159929,19.7607364654541,178.93494606018066,2654.6177978515625,891.3177587091923,1348.8925437927246,433.93357452750206,1260.0362911224365,328.42675210908055,46.882751998491585,136.76934396848083,40.6250559752807,134.10073280334473,6.839583992958069,33.065439224243164,4.9188220500946045
wikics,cache_w8a8_m4k2v2,val,wikics:val:000061:59ffc0873b2736bd,61,61,large_h6_n10_s100_wikics_arxiv,59ffc0873b2736bd1131d5f3759451a37bcf18ecedae90549af313f517e26f4f,3,16252928,2798592,2798592,102,2688,62,0,1,0,3566.993602,3566.965087890625,3447.336958,117.87089,63.53609170764685,42.656831443309784,7.552949711680412,2955.347578972578,19.577024459838867,187.9656639099121,2765.751983642578,864.6216330230236,1516.7159986495972,404.67220261693,1415.594178199768,360.5792324533686,52.52182401251048,156.60921579226851,45.94467194471508,143.39753532409668,7.3533759117126465,32.008416175842285,5.225917339324951
wikics,cache_w8a8_m4k2v2,val,wikics:val:000062:cd046bf69ef46f20,62,62,large_h6_n10_s100_wikics_arxiv,cd046bf69ef46f204090fdd4878f751b1f18829050a54ec040957e600ad3cc68,3,16252928,2304000,2304000,90,2688,62,0,1,0,3559.903583,3559.89013671875,3457.80192,103.187817,68.13599355518818,43.02470851689577,7.585172541439533,3031.747868284583,19.651103973388672,208.8257942199707,2821.2240295410156,864.9043527245522,1556.5304336547852,419.57358795404434,1467.2876138687134,329.28198432177305,46.62607997842133,139.22934405878186,40.83299197163433,162.3156795501709,8.512767910957336,32.17363262176514,5.844096899032593
wikics,cache_w8a8_m4k2v2,val,wikics:val:000063:fdccf80ac6d5ed10,63,63,large_h6_n10_s100_wikics_arxiv,fdccf80ac6d5ed1031f1caf4ad0b8707e4063633f670534cc7316f4a63d581b6,3,16515072,3399168,3399168,120,2730,63,0,1,0,3796.398034,3796.368408203125,3692.442991,103.609318,63.194967806339264,42.78072062879801,7.725821807980537,3308.978844434023,19.835968017578125,232.93251037597656,3074.3113403320312,881.1410885751247,1810.227520942688,403.7196559011936,1689.4695043563843,425.866976108402,62.717663927935064,189.4998400323093,55.60691198986024,183.65267181396484,9.721312165260315,32.976351737976074,6.537025809288025
wikics,cache_w8a8_m4k2v2,val,wikics:val:000064:c21d83b7a925b1f1,64,64,large_h6_n10_s100_wikics_arxiv,c21d83b7a925b1f1e3bf58aa888458f37c3c7959cc0860b33d5364e471f3be69,3,14942208,1568256,1568256,66,2478,57,0,1,0,2931.989423,2931.961181640625,2828.48653,102.876704,66.68129004538059,42.949581518769264,6.952567957341671,2376.966898329556,19.61039924621582,186.9164810180664,2188.2628479003906,796.3551988601685,1004.5103693008423,407.410685300827,937.340892791748,244.96028795279562,33.45110398624092,104.9737279638648,33.542175884358585,144.70774459838867,7.486080050468445,29.47107172012329,5.240096211433411
wikics,cache_w8a8_m4k2v2,val,wikics:val:000065:8018dabccc7a098b,65,65,large_h6_n10_s100_wikics_arxiv,8018dabccc7a098b9082792cb6fdae67c3e451b13db77164ff6d6cbbfdbd5771,3,16515072,3296256,3296256,120,2730,63,0,1,0,3781.679188,3781.651123046875,3672.836032,108.350434,64.00450319051743,42.671225033700466,7.763511501252651,3254.569761455059,19.38559913635254,200.55737686157227,3052.3070068359375,878.0886744856834,1795.7601613998413,399.0545476973057,1677.1049299240112,425.91871999483556,62.81615992542356,188.92956808581948,56.173247994855046,154.1252784729004,7.972192168235779,32.86172866821289,5.57878565788269
wikics,cache_w8a8_m4k2v2,val,wikics:val:000066:70258368f4491f0c,66,66,large_h6_n10_s100_wikics_arxiv,70258368f4491f0c1f933e937a47280efcd886e3740f7d5b30af914ae2f65ae3,3,13369344,843264,843264,42,2226,51,0,1,0,2460.438913,2460.421875,2336.419917,123.899566,53.14001441001892,42.99317393451929,6.26026839017868,1825.693198479712,19.577951431274414,126.96275329589844,1697.30126953125,714.6541128456593,623.3209629058838,380.27177903056145,581.8929595947266,148.4244479201734,20.490816014818847,67.67264000698924,19.805856010876596,92.75679969787598,4.666303932666779,26.079456329345703,3.4601933360099792
wikics,cache_w8a8_m4k2v2,val,wikics:val:000067:7139754de7086e77,67,67,large_h6_n10_s100_wikics_arxiv,7139754de7086e7765da5a2bc4d08a7109fb268c05df038a524b37555f626219,3,15204352,1433088,1433088,60,2520,58,0,1,0,2877.534158,2877.516845703125,2760.653936,119.331857,63.259136863052845,42.75391064584255,7.107295095920563,2461.193955503404,19.41187286376953,157.12195014953613,2302.487335205078,809.6190714538097,1094.1909523010254,420.74262967705727,1035.008539199829,214.7823361735791,29.532255991362035,95.50070398673415,28.070175983943045,117.07132911682129,5.944959998130798,29.77072048187256,4.334940552711487
wikics,cache_w8a8_m4k2v2,val,wikics:val:000068:d09d5c84fefc31fa,68,68,large_h6_n10_s100_wikics_arxiv,d09d5c84fefc31faa39227124c4a8196cf807ad304e4c22c39827c1e72c189a7,3,16252928,2219520,2219520,84,2688,62,0,1,0,3238.904292,3238.876220703125,3114.277464,123.0967,67.79659725725651,43.0630799382925,7.622281089425087,2712.3146587982774,19.449312210083008,201.24115371704102,2509.3988647460938,864.7163528800011,1244.012900352478,430.79429882764816,1161.3574695587158,293.79388791136444,43.90150404628366,133.24908797442913,39.07135997340083,155.3999366760254,8.078367829322815,32.132832527160645,5.6300166845321655
wikics,cache_w8a8_m4k2v2,val,wikics:val:000069:da8713a1886318f3,69,69,large_h6_n10_s100_wikics_arxiv,da8713a1886318f35bebbc1f6a260d9043f0f17461ca5357ede1eebbf97c39b9,3,16515072,3792384,3792384,132,2730,63,0,1,0,3994.602405,3994.58642578125,3887.693721,107.954221,63.88643942773342,42.95353963971138,7.7588241547346115,3503.1908927485347,19.4849910736084,322.9542465209961,3179.6134643554688,878.8747522234917,1927.7568054199219,387.69703045487404,1795.7154579162598,437.08915191702545,65.29689598362893,217.23008013516665,65.72003204189241,266.08928298950195,14.594879865646362,33.104000091552734,9.193507671356201
wikics,cache_w8a8_m4k2v2,val,wikics:val:000070:c07c01ab1d837bee,70,70,large_h6_n10_s100_wikics_arxiv,c07c01ab1d837bee495fe549fb059614c21012d28950d436a260cad0b20e355e,3,16252928,2397696,2397696,90,2688,62,0,1,0,3573.090077,3573.075927734375,3464.67895,107.972486,69.33964416384697,43.042498640716076,9.200829081237316,2789.261434227228,19.474687576293945,183.36332893371582,2604.3536987304688,864.9322564005852,1336.186369895935,423.21868777275085,1247.5170526504517,311.45081581454724,43.27132800128311,150.11875195801258,45.152992081828415,139.03680038452148,7.165024042129517,32.075520515441895,5.0885409116744995
wikics,cache_w8a8_m4k2v2,val,wikics:val:000071:a33e3d4cce48fcc3,71,71,large_h6_n10_s100_wikics_arxiv,a33e3d4cce48fcc3980549bc7f9e0f293f769fa36ec601986da634453cff0f01,3,15990784,1826304,1826304,72,2646,61,0,1,0,3203.685189,3203.66845703125,3102.658849,102.780367,70.27433160692453,42.841836810112,9.160433895885944,2517.545484006405,19.448320388793945,191.01501083374023,2324.838134765625,851.1366727054119,1061.4475183486938,431.7022641003132,989.3864936828613,248.69676819071174,34.62576004024595,120.45196797698736,36.32912006787956,146.31072235107422,7.527168035507202,31.831552028656006,5.317726373672485
wikics,cache_w8a8_m4k2v2,val,wikics:val:000072:f1151d716149ae48,72,72,large_h6_n10_s100_wikics_arxiv,f1151d716149ae48dbc85a7874ec59788c1e359220abb0af2364121fabe8da24,3,16515072,3686400,3686400,132,2730,63,0,1,0,4010.045826,4010.016357421875,3905.159076,102.562845,82.65822287648916,42.893363162875175,9.531185030937195,3463.0308896303177,19.555103302001953,276.3327980041504,3185.0946044921875,878.6704019010067,1952.507170677185,390.62463441491127,1822.965085029602,460.48537582624704,67.54777602665126,206.11923193000257,61.18252795096487,223.25360107421875,12.151487946510315,33.11088037490845,7.80982518196106
wikics,cache_w8a8_m4k2v2,val,wikics:val:000073:4b3154d00ed508a1,73,73,large_h6_n10_s100_wikics_arxiv,4b3154d00ed508a163face2906b779bc860da600f6b41d6bca03a69eddd4dac0,3,16515072,1910784,1910784,78,2730,63,0,1,0,3253.082521,3253.050537109375,3143.28571,108.480523,87.95163407921791,43.197098188102245,7.651548832654953,2667.844214476645,19.933408737182617,214.37635040283203,2451.754180908203,878.4862723946571,1155.3387842178345,437.21485275030136,1077.9953861236572,273.87699202168733,39.69727998971939,118.11871992051601,35.411391974426806,166.89014625549316,8.779807806015015,32.77945613861084,6.008444309234619
wikics,cache_w8a8_m4k2v2,val,wikics:val:000074:63d8027fe96dbd40,74,74,large_h6_n10_s100_wikics_arxiv,63d8027fe96dbd400c3253b6fea3dff229a9d059b23d14f1f2fd66ad5dc976a6,3,16252928,2569728,2569728,96,2688,62,0,1,0,3391.769681,3391.73828125,3286.906172,102.258888,76.16732083261013,43.11513248831034,7.562417536973953,2879.8629585653543,19.585407257080078,183.81737518310547,2694.5326232910156,863.9980457723141,1443.4518356323242,412.6551231145859,1349.042685508728,343.25705624744296,48.57977603189647,148.9521279670298,43.451423975639045,139.53814506530762,7.178880095481873,32.01580810546875,5.114589333534241
wikics,cache_w8a8_m4k2v2,val,wikics:val:000075:205fb8181f3470fd,75,75,large_h6_n10_s100_wikics_arxiv,205fb8181f3470fdbd1270150f71b5fca1cc9f81c402b312d394c3d904a0d37f,3,14942208,1039872,1039872,48,2478,57,0,1,0,2768.749379,2768.7333984375,2661.714005,106.678714,298.04111924022436,42.7772868424654,6.925459019839764,2070.6380773335695,19.577056884765625,168.5585594177246,1900.5136413574219,796.3846062719822,711.0345592498779,416.93125599622726,662.3941125869751,169.887071903795,23.893375993706286,73.63951996713877,21.92025598883629,127.84841537475586,6.566944003105164,29.456640243530273,4.689377546310425
wikics,cache_w8a8_m4k2v2,val,wikics:val:000076:ddb2213b21b70ae0,76,76,large_h6_n10_s100_wikics_arxiv,ddb2213b21b70ae0608c1c092117830fd7e17b1a716dacdda024759397179a65,3,16777216,2964480,2964480,108,2772,64,0,1,0,3719.732287,3719.7158203125,3617.450721,101.892048,269.8189914226532,42.68791060894728,7.8263478353619576,3169.460910372436,19.53660774230957,215.8050537109375,2951.8961486816406,892.0169279873371,1650.2415647506714,417.6686074435711,1541.4043531417847,380.3636160036549,55.20630393270403,165.43660786002874,49.970207925885916,167.68329620361328,8.777600169181824,33.214784145355225,6.038300633430481
wikics,cache_w8a8_m4k2v2,val,wikics:val:000077:f1913089890132b9,77,77,large_h6_n10_s100_wikics_arxiv,f1913089890132b93fdaffc173538a9f3a7d21ccce41a3e9e4c9795128d4bd45,3,15466496,1629696,1629696,66,2562,59,0,1,0,2894.88933,2894.859375,2770.062594,123.244617,71.56240660697222,42.943309992551804,7.193274796009064,2348.213874734938,19.570560455322266,154.92799758911133,2191.6685485839844,823.5917107462883,970.9183349609375,424.2314567863941,905.9189147949219,228.5279038194567,33.0736639900133,103.00489598885179,30.16739198565483,114.58163261413574,5.801663935184479,30.30662441253662,4.2497259974479675
wikics,cache_w8a8_m4k2v2,val,wikics:val:000078:0761a00cafcc55ff,78,78,large_h6_n10_s100_wikics_arxiv,0761a00cafcc55ff9fe63e26139f58aec60e88d6395fc46a23de2ad601161439,3,15466496,3595776,3595776,126,2562,59,0,1,0,3824.221898,3824.1923828125,3712.178988,107.166718,62.98489309847355,42.70308278501034,7.23707489669323,3274.2187967523932,19.629695892333984,215.5271339416504,3057.5785522460938,823.9074850976467,1897.6146841049194,360.99744033813477,1773.5011796951294,457.578176417388,65.28630397003144,191.434784039855,56.711807931773365,170.1360034942627,8.953344106674194,30.342527866363525,6.097281336784363
wikics,cache_w8a8_m4k2v2,val,wikics:val:000079:2fe77eb4bcc2fb53,79,79,large_h6_n10_s100_wikics_arxiv,2fe77eb4bcc2fb53c2211e341bc094a3a30350f3b9232464ae3b32fe2ec8eddd,3,15990784,2219520,2219520,84,2646,61,0,1,0,3412.06076,3412.043701171875,3309.001444,102.629436,68.61473992466927,43.54832321405411,7.484272122383118,2710.0701928138733,19.929311752319336,209.7053451538086,2498.6602172851562,851.337406784296,1243.326747894287,423.78812965750694,1160.7873916625977,296.3535044128075,42.129152020439506,143.15977600961924,39.281087992712855,163.39865493774414,8.600896000862122,31.844607830047607,5.873693466186523
wikics,cache_w8a8_m4k2v2,val,wikics:val:000080:78e4b73fcf74884b,80,80,large_h6_n10_s100_wikics_arxiv,78e4b73fcf74884bd0f9d8224587705bf2a860666e91c84c032b4c3d0586467b,3,15990784,1826304,1826304,72,2646,61,0,1,0,3215.034084,3215.015869140625,3112.751175,102.6796,63.34465928375721,42.90989600121975,7.561345584690571,2747.3922232165933,19.496768951416016,190.71772956848145,2555.4034118652344,850.8364473879337,1305.081220626831,433.2243236005306,1234.2705554962158,253.81392030790448,38.825855924747884,115.43814401701093,35.30463995505124,146.14073753356934,7.498591899871826,31.767648220062256,5.318047285079956
wikics,cache_w8a8_m4k2v2,val,wikics:val:000081:20ce9780b00f15b5,81,81,large_h6_n10_s100_wikics_arxiv,20ce9780b00f15b52811a677413a49886c9d562891b0f085e645f3da627331e0,3,16252928,2416128,2416128,90,2688,62,0,1,0,3336.348685,3336.31884765625,3232.703135,103.296657,72.03328981995583,42.8162207826972,7.636760361492634,2812.9404187202454,19.536672592163086,208.7583351135254,2602.498748779297,864.8307837545872,1340.7583980560303,427.1187364459038,1252.149314880371,317.02240003366023,47.21359999105334,142.00185607001185,43.13833595998585,162.24108695983887,8.54207992553711,32.18031978607178,5.851996421813965
wikics,cache_w8a8_m4k2v2,val,wikics:val:000082:15505e4df399c749,82,82,large_h6_n10_s100_wikics_arxiv,15505e4df399c7492f629e9c7965cca92311ad45c4e2d4f2a65ee42f5ca8ba25,3,15466496,3486720,3486720,126,2562,59,0,1,0,3789.422498,3789.392578125,3685.901405,102.052314,58.82662907242775,42.88534726947546,7.2351861745119095,3301.4379106462,19.49395179748535,216.31184005737305,3083.500213623047,823.6401283740997,1908.50159740448,366.13074350357056,1782.1353244781494,452.6783037846908,64.72521599754691,199.83523206412792,58.319071990437806,170.7504653930664,8.99340808391571,30.475712299346924,6.103617191314697
wikics,cache_w8a8_m4k2v2,val,wikics:val:000083:a7ba3d44aa7499fe,83,83,large_h6_n10_s100_wikics_arxiv,a7ba3d44aa7499fee1445d9215d7a72b29cbdb6a49ba0da38d84ee982ee40490,3,14680064,1433088,1433088,60,2436,56,0,1,0,2732.747967,2732.72998046875,2630.427598,102.562959,62.55283020436764,43.087477795779705,6.836004555225372,2181.927477940917,19.644319534301758,132.59673500061035,2047.7839050292969,782.1088634729385,887.6911392211914,399.2188969552517,828.5347833633423,210.37696015276015,30.43475199583918,95.07891204580665,27.95369600970298,95.66787147521973,4.7810240387916565,28.562816619873047,3.5976322889328003
wikics,cache_w8a8_m4k2v2,val,wikics:val:000084:35732c8658931b86,84,84,large_h6_n10_s100_wikics_arxiv,35732c8658931b8612504cc455b6580ea44423ed7f94899d50f3c900f855d03c,3,15466496,3488256,3488256,126,2562,59,0,1,0,4090.298109,4090.280517578125,3986.790877,103.07669,66.09443482011557,42.66063589602709,7.345583289861679,3587.7737272530794,19.604320526123047,215.9933738708496,3370.4804077148438,823.7212164402008,2198.2373447418213,370.5410855412483,1812.022494316101,467.8093759762123,64.0946240099147,201.2373119778931,59.353695971891284,170.51747131347656,8.938592076301575,30.429983615875244,6.107326865196228
wikics,cache_w8a8_m4k2v2,val,wikics:val:000085:39693add84393c3e,85,85,large_h6_n10_s100_wikics_arxiv,39693add84393c3e86597303a982f69e8c2c131c841d86b3540fc8836693ee22,3,14942208,1039872,1039872,48,2478,57,0,1,0,2578.453878,2578.4326171875,2475.447412,102.859535,67.94323679059744,42.637988924980164,7.171979174017906,2092.610484920442,19.513792037963867,168.635648727417,1922.1760559082031,796.5608662366867,722.1687641143799,428.4647960960865,674.3796806335449,173.4010880868882,24.14656002353877,76.256224013865,22.450432006269693,127.90144157409668,6.568351864814758,29.476832389831543,4.689022898674011
wikics,cache_w8a8_m4k2v2,val,wikics:val:000086:6154d20de82ca154,86,86,large_h6_n10_s100_wikics_arxiv,6154d20de82ca154d31dc1757ffb5df0b6b9fab72293c3c0850611659ced11c3,3,15466496,1545216,1545216,66,2562,59,0,1,0,2857.417421,2857.396484375,2754.693328,102.941764,66.49027578532696,42.76568163186312,7.420167326927185,2370.943456888199,19.765823364257812,155.06147003173828,2214.5103149414062,823.371040314436,987.5120964050293,427.2538208067417,922.2918071746826,240.89401596505195,33.23900799732655,105.72415992617607,30.92118393443525,114.71177673339844,5.799583971500397,30.30956792831421,4.244093418121338
wikics,cache_w8a8_m4k2v2,val,wikics:val:000087:2d8e1c91732f7fc9,87,87,large_h6_n10_s100_wikics_arxiv,2d8e1c91732f7fc9dc9d186a2ca2f383b734021eb501adc5b8e0ed0ef87a507d,3,15990784,2219520,2219520,84,2646,61,0,1,0,3203.598759,3203.578857421875,3085.397829,117.763251,66.37201085686684,42.970639653503895,7.640926167368889,2672.8793485090137,19.696895599365234,178.71286392211914,2492.914093017578,851.047680169344,1243.618782043457,423.40133967995644,1160.0806398391724,294.4295360231772,41.81126397382468,133.75648000091314,39.72236800566316,135.08969497680664,6.905248045921326,31.764544010162354,4.955360054969788
wikics,cache_w8a8_m4k2v2,val,wikics:val:000088:edf1f65b0215397f,88,88,large_h6_n10_s100_wikics_arxiv,edf1f65b0215397f7db64f2b0af499b296dd7db24bda5492ace4393562a0e0a3,3,16515072,1910784,1910784,78,2730,63,0,1,0,3255.457394,3255.4365234375,3147.848249,107.410969,72.54127971827984,43.69212035089731,7.868061773478985,2712.3436918482184,20.625215530395508,215.1682891845703,2495.2701110839844,878.4973121583462,1198.741093635559,439.0729506611824,1121.115969657898,286.7195521732792,39.78742398414761,118.88060795515776,36.256704011932015,167.34380531311035,8.797312021255493,32.98137617111206,6.0072996616363525
wikics,cache_w8a8_m4k2v2,val,wikics:val:000089:cc473da6146fe84a,89,89,large_h6_n10_s100_wikics_arxiv,cc473da6146fe84a261cfc81f796542bafb0eacffffc7c8a2c614f0834c25fc7,3,15728640,2148864,2148864,84,2604,60,0,1,0,3443.938741,3443.919677734375,3341.858152,101.827541,61.872671358287334,42.83561185002327,7.480163127183914,2941.659306176007,19.63043212890625,212.9000015258789,2727.0985717773438,838.8523525595665,1510.7836542129517,407.6727405190468,1428.230281829834,320.0721917171031,43.93536000791937,128.1447679810226,38.01465594954789,166.9742088317871,8.82803213596344,31.177088260650635,5.99782657623291
wikics,cache_w8a8_m4k2v2,val,wikics:val:000090:04f10178109bc189,90,90,large_h6_n10_s100_wikics_arxiv,04f10178109bc18987c0d161e505acc91bd5670d8f9419c8668ecccb3d4a4fea,3,16515072,2790912,2790912,102,2730,63,0,1,0,3569.272569,3569.255126953125,3450.186916,118.70247,65.56797493249178,42.90076903998852,7.712972350418568,3015.72806853801,19.75974464416504,213.08771514892578,2800.932342529297,878.433726400137,1528.2560005187988,419.3301354944706,1426.5421104431152,366.68873578775674,52.73017597477883,155.25334399938583,46.215263987891376,165.63808059692383,8.666911959648132,32.93446397781372,5.954205513000488
wikics,cache_w8a8_m4k2v2,val,wikics:val:000091:6005ecd7d5ac622d,91,91,large_h6_n10_s100_wikics_arxiv,6005ecd7d5ac622de1a177d20f147dd9d8a3627c61c0d028b05dbd49891ee46f,3,14417920,1039872,1039872,48,2394,55,0,1,0,2492.593088,2492.5712890625,2384.849999,107.184951,57.50034190714359,42.42710676044226,6.685564294457436,2025.6852880120277,19.523103713989258,157.84144020080566,1866.4939880371094,768.8151983618736,712.2471036911011,408.97619926929474,665.0128307342529,170.06464021652937,23.77926396857947,73.95475201681256,21.882271990180016,119.20031929016113,6.090816140174866,28.163616180419922,4.391488790512085
wikics,cache_w8a8_m4k2v2,val,wikics:val:000092:73a973d4261a61c9,92,92,large_h6_n10_s100_wikics_arxiv,73a973d4261a61c9ab186d29b44931ed7c5bff0e00c5110bc7a221fbb62df03c,3,16252928,3176448,3176448,114,2688,62,0,1,0,3673.393581,3673.3759765625,3570.128347,102.840376,63.66018671542406,42.798674665391445,7.5506968423724174,3215.891414321959,19.463199615478516,260.3720016479492,2953.2984008789062,864.7408955693245,1712.8607940673828,398.43203338980675,1599.7104063034058,405.6917438097298,59.99964789208025,179.7900800872594,52.463167988695204,209.49129486083984,11.233343958854675,32.254624366760254,7.360195636749268
wikics,cache_w8a8_m4k2v2,val,wikics:val:000093:d724956d62b3a7fc,93,93,large_h6_n10_s100_wikics_arxiv,d724956d62b3a7fcacd941394e399a7d05dc8293c6783e71baa7f6861404e482,3,16252928,3176448,3176448,114,2688,62,0,1,0,3889.385919,3889.354736328125,3768.421447,118.578358,62.692868523299694,42.83429030328989,7.43591133505106,3427.048864774406,19.488191604614258,260.27606201171875,3163.9879760742188,864.9408940374851,1914.518816947937,399.6051282286644,1799.8083810806274,399.9338564686477,58.90316793881357,186.87753604725003,53.24307198636234,209.2166748046875,11.285120010375977,32.41340780258179,7.360859394073486
wikics,cache_w8a8_m4k2v2,val,wikics:val:000094:3184012ce3fd116b,94,94,large_h6_n10_s100_wikics_arxiv,3184012ce3fd116b5a1c75421824747786bb2b0fd93fb15f6e13f67525491820,3,16252928,3174912,3174912,114,2688,62,0,1,0,3652.41436,3652.3955078125,3545.407827,109.326952,68.9535578712821,42.85342060029507,9.706225246191025,3186.1693132668734,19.559648513793945,258.28470611572266,2926.2068786621094,864.5956162810326,1694.9024639129639,404.553410589695,1582.5393257141113,398.5216002939269,55.83814399223775,190.01811201870441,56.330112054012716,207.50243377685547,11.183039903640747,32.2413444519043,7.3592623472213745
wikics,cache_w8a8_m4k2v2,val,wikics:val:000095:5896bd7e52cfe097,95,95,large_h6_n10_s100_wikics_arxiv,5896bd7e52cfe097327cd8ed639653674c955ddf369bc55d1960b629703e361e,3,16515072,2219520,2219520,84,2730,63,0,1,0,3316.048998,3316.029541015625,3197.482044,118.430337,73.45180585980415,42.57096815854311,9.45927482098341,2804.584569297731,19.48307228088379,263.95942306518555,2539.889862060547,879.2393279671669,1227.2516822814941,439.99916690588,1140.4195528030396,280.19248002022505,40.67635199520737,144.5352321639657,41.96838404703885,212.1862678527832,11.328799962997437,33.03999996185303,7.454818964004517
wikics,cache_w8a8_m4k2v2,val,wikics:val:000096:e0d75fdd10f22e74,96,96,large_h6_n10_s100_wikics_arxiv,e0d75fdd10f22e74abcf3b05065d2374d4d1eeea4d96c2ce62fec18e8e1931fd,3,14417920,637440,637440,36,2394,55,0,1,0,2306.281081,2306.261962890625,2198.204906,107.679913,59.15595218539238,42.544069699943066,8.352555334568024,1888.395994901657,19.3286075592041,173.8510398864746,1713.0028076171875,769.553824365139,542.0829429626465,420.6946478486061,506.0262403488159,136.48345622885972,17.403328027576208,59.08294402062893,17.51078402251005,133.83760261535645,6.914432168006897,28.21340799331665,4.886337399482727
wikics,cache_w8a8_m4k2v2,val,wikics:val:000097:4ecd8b7732146f0e,97,97,large_h6_n10_s100_wikics_arxiv,4ecd8b7732146f0ead756c272e471e92c7481de63dcac7feb1ad635935de08c1,3,15728640,1944576,1944576,78,2604,60,0,1,0,3193.193475,3193.17529296875,3089.325327,102.898613,66.33433513343334,43.40028017759323,7.36222043633461,2569.05844155699,19.38153648376465,175.67830276489258,2391.7197265625,837.6204162538052,1154.284381866455,419.1964649260044,1076.3240308761597,272.0455682501197,39.135072058066726,123.53401598706841,36.62329598329961,132.97538948059082,6.791839957237244,31.04092836380005,4.880097985267639
wikics,cache_w8a8_m4k2v2,val,wikics:val:000098:255280efcfde1df9,98,98,large_h6_n10_s100_wikics_arxiv,255280efcfde1df920001e1b4a297d5150dfa6e921b32d68249ba5b73836e939,3,15728640,2217984,2217984,84,2604,60,0,1,0,3318.753411,3318.7353515625,3211.66252,106.728341,61.662294901907444,42.58318152278662,7.246909663081169,2839.3930830061436,19.570560455322266,213.38998413085938,2625.0125427246094,838.0366721451283,1407.7170295715332,406.69631716609,1325.357409477234,311.35532802529633,42.49766396265477,128.19513597339392,38.219871977344155,167.32854461669922,8.836064100265503,31.233920097351074,6.001663446426392
wikics,cache_w8a8_m4k2v2,val,wikics:val:000099:d4fd256fb5152e8f,99,99,large_h6_n10_s100_wikics_arxiv,d4fd256fb5152e8f5140b8ef9594c080c5b38ea41b17aceb83bda8b99e776f76,3,16515072,2353152,2353152,90,2730,63,0,1,0,3400.897834,3400.867919921875,3292.386031,107.097493,64.18490968644619,42.49429050832987,7.6773762702941895,2871.938086114824,19.57004737854004,182.41580772399902,2687.525115966797,878.5502399504185,1394.0985612869263,425.1898208260536,1303.4944276809692,345.7304325494915,46.464319951832294,140.601279810071,40.49548796284944,137.57007789611816,6.988608002662659,32.81823968887329,5.025887727737427
wikics,cache_w8a8_m4k2v2,test,wikics:test:000000:b39e9f309eb7b7ab,100,0,large_h6_n10_s100_wikics_arxiv,b39e9f309eb7b7abbfb6ef032cc0f27946bd2af7f6ca83076ea40eb13bf61862,3,15466496,1433088,1433088,60,2562,59,0,1,0,3083.751737,3083.68798828125,2974.302893,107.310631,340.4069570824504,47.8617949411273,7.451758719980717,2328.1788108870387,21.03059196472168,203.5634880065918,2122.7685546875,823.8819842040539,896.0661449432373,427.9771671295166,836.5921258926392,220.04111992474645,30.358208001591265,92.72300797700882,27.399519961327314,158.75638389587402,8.268383979797363,30.372384548187256,6.175775647163391
wikics,cache_w8a8_m4k2v2,test,wikics:test:000001:114baa3a3e60d438,101,1,large_h6_n10_s100_wikics_arxiv,114baa3a3e60d43877ff9471825f00544b60fc4b458c41f176d3a2b17a3e68ec,3,16252928,2689536,2689536,102,2688,62,0,1,0,3597.007191,3596.977294921875,3493.165938,101.872597,76.09423995018005,42.70982462912798,7.653474807739258,3049.1007240489125,19.60201644897461,230.14559936523438,2817.688751220703,865.3800649642944,1565.392478942871,406.5755032300949,1463.816608428955,403.7321281814948,52.553215973079205,155.4160640127957,46.66873596049845,181.68380737304688,9.694175958633423,32.2837119102478,6.484129309654236
wikics,cache_w8a8_m4k2v2,test,wikics:test:000002:5b151751c4684bba,102,2,large_h6_n10_s100_wikics_arxiv,5b151751c4684bba603799d005ae26aae4aacdec132f6ce0e7224bc86c03f917,3,15990784,2112000,2112000,84,2646,61,0,1,0,3314.352785,3314.335205078125,3211.946342,102.057886,62.57086992263794,42.67921578139067,7.545909844338894,2670.0824880972505,19.586687088012695,173.61907386779785,2494.7974243164062,851.0626878738403,1249.0046710968018,414.33880084753036,1165.8532791137695,298.1376959225163,43.238655966706574,127.48918388038874,37.61023998260498,130.48857498168945,6.6596479415893555,31.68659210205078,4.797794342041016
wikics,cache_w8a8_m4k2v2,test,wikics:test:000003:122e1f58b400bded,103,3,large_h6_n10_s100_wikics_arxiv,122e1f58b400bdeddb1f6c0405804f1582b84056ad4f8eec0c0c0b813cd6b9d1,3,14942208,1039872,1039872,48,2478,57,0,1,0,2860.931279,2860.9111328125,2738.439351,122.266006,59.32160187512636,42.78368502855301,7.085816003382206,2350.682212971151,19.551584243774414,184.1359348297119,2164.9794311523438,796.9421781301498,725.9376964569092,427.92348739504814,677.3656349182129,167.52809593826532,23.648767998442054,73.21040000021458,21.37094399984926,142.10553550720215,7.387776136398315,29.481088161468506,5.162046432495117
wikics,cache_w8a8_m4k2v2,test,wikics:test:000004:c438a01544bd1b9c,104,4,large_h6_n10_s100_wikics_arxiv,c438a01544bd1b9cc5f15f45a32edd97056d0be72872e2ce33fee2f6660df03c,3,16252928,2754048,2754048,102,2688,62,0,1,0,3590.126735,3590.09423828125,3486.401518,102.033063,67.016726359725,42.86790546029806,7.597524672746658,2994.754921644926,19.669151306152344,229.07980728149414,2764.156280517578,865.3183680772781,1514.282530784607,404.27787643671036,1413.3051166534424,365.11052794381976,52.0747199729085,154.2801599651575,45.49603196140379,180.78173065185547,9.579168200492859,32.23622417449951,6.474623680114746
wikics,cache_w8a8_m4k2v2,test,wikics:test:000005:b256e9b37f8f8b31,105,5,large_h6_n10_s100_wikics_arxiv,b256e9b37f8f8b317821e74669f3f8f611b5cf3505734f75329e0e0252627528,3,14680064,1433088,1433088,60,2436,56,0,1,0,2753.870737,2753.838134765625,2629.430565,122.044394,58.9507557451725,42.6827073097229,6.900817155838013,2217.932472936809,19.588703155517578,172.10463905334473,2044.3727722167969,783.2733762562275,882.9772148132324,398.1377669274807,823.645788192749,208.6691837022081,29.910559991374612,90.35590397194028,27.48998398706317,131.83129692077637,6.831104040145874,28.617279529571533,4.822110414505005
wikics,cache_w8a8_m4k2v2,test,wikics:test:000006:19b231ef2406ed8c,106,6,large_h6_n10_s100_wikics_arxiv,19b231ef2406ed8c583458561709494bbc1d7dae0c38f2245ae028dc2ffe7fa7,3,14942208,878592,878592,60,2478,57,0,1,0,2807.17923,2807.15087890625,2698.96779,106.489998,58.09495598077774,42.6110802218318,6.955682300031185,2304.8238595947623,19.583263397216797,185.86240005493164,2117.562957763672,797.4967015981674,934.768482208252,405.2395966053009,875.4088296890259,249.15046400297433,29.900799989700317,91.50649590417743,27.325439971871674,143.72793579101562,7.42963182926178,29.48687982559204,5.229856371879578
wikics,cache_w8a8_m4k2v2,test,wikics:test:000007:c8e944e20f3aef4c,107,7,large_h6_n10_s100_wikics_arxiv,c8e944e20f3aef4cfb52bf00e40496a22f24a1730839bd0d16e6d5fc47d43319,3,15466496,1629696,1629696,66,2562,59,0,1,0,2913.973811,2913.945068359375,2794.814437,117.545884,59.81829762458801,42.621263302862644,7.192110642790794,2379.671602509916,19.575551986694336,189.7296657562256,2188.3160095214844,824.3684470355511,968.3985280990601,415.1245863735676,903.2954559326172,227.95791981741786,33.89155202358961,100.43756802380085,29.387007949873805,146.44438362121582,7.590047836303711,30.36636781692505,5.316801905632019
wikics,cache_w8a8_m4k2v2,test,wikics:test:000008:80f4d51321480518,108,8,large_h6_n10_s100_wikics_arxiv,80f4d513214805184fc45f848c55366ad73f2d780b9e9fa1d3760718f24fe44f,3,16252928,4124160,4124160,144,2688,62,0,1,0,4425.956678,4425.9404296875,4317.964759,107.59639,62.51424830406904,42.63461846858263,7.562256418168545,3887.0156798511744,19.598495483398438,275.7435188293457,3609.5548095703125,864.8725115954876,2390.9261407852173,368.8360928595066,2245.542465209961,530.1985600031912,77.1926079466939,245.53500793874264,67.22361596114933,223.42659759521484,12.111008048057556,32.369791984558105,7.818296909332275
wikics,cache_w8a8_m4k2v2,test,wikics:test:000009:7fd456811cef22b6,109,9,large_h6_n10_s100_wikics_arxiv,7fd456811cef22b63a623796ffc6b064d8dc50e1731aaf1160cff91619785d8c,3,16252928,1993728,1993728,78,2688,62,0,1,0,3208.339082,3208.31787109375,3105.62862,102.709833,68.45543533563614,42.70016308873892,9.169531054794788,2650.454519316554,19.63465690612793,214.28505325317383,2434.5982666015625,865.7772486805916,1156.181308746338,435.72002667188644,1077.9823007583618,271.2611837889999,38.53200001642108,131.98633591085672,38.99302402790636,167.4283847808838,8.778047919273376,32.14569568634033,6.0268179178237915
wikics,cache_w8a8_m4k2v2,test,wikics:test:000010:3bcd951b5cb81ae3,110,10,large_h6_n10_s100_wikics_arxiv,3bcd951b5cb81ae38ac9208e0fdf47eb902372cd8bdef981aa9f248046da9215,3,16777216,2416128,2416128,90,2772,64,0,1,0,3348.590403,3348.570556640625,3240.745284,107.469233,83.78801308572292,42.6293034106493,9.680774062871933,2829.582798294723,19.6013126373291,190.81686401367188,2637.0302124023438,892.406431555748,1324.4094438552856,440.22134283185005,1234.2702074050903,304.22918393835425,44.30102400574833,150.83756793662906,45.300384066067636,144.99420738220215,7.437824130058289,33.10262393951416,5.291456818580627
wikics,cache_w8a8_m4k2v2,test,wikics:test:000011:926e4c10c89dc024,111,11,large_h6_n10_s100_wikics_arxiv,926e4c10c89dc02467e14a1cc74f902f663f97c9be62c39a2c5a637785f62540,3,15204352,1214976,1214976,54,2520,58,0,1,0,2738.250428,2738.228271484375,2615.410926,123.153742,74.72517993301153,42.63702407479286,7.064977660775185,2224.158300086856,19.63260841369629,194.78412628173828,2028.0020446777344,810.4326388537884,809.2993907928467,427.7396150827408,755.1220788955688,196.1013439912349,26.515135996043682,87.94716797582805,25.661632020026445,151.6532154083252,7.851392030715942,29.79263973236084,5.479295372962952
wikics,cache_w8a8_m4k2v2,test,wikics:test:000012:948f281fa8e149ed,112,12,large_h6_n10_s100_wikics_arxiv,948f281fa8e149ed9febadd04e2e85b6e036139c74d1b69c8fe17fa0526eea7b,3,13893632,646656,646656,36,2310,53,0,1,0,2418.322044,2418.294189453125,2295.532337,122.406123,67.92449112981558,42.681919410824776,6.6511426120996475,1806.1020756140351,19.566879272460938,142.2975025177002,1662.3293762207031,741.5851832032204,534.9269762039185,405.20934224128723,498.62604808807373,129.8554560346529,17.742143981158733,62.4102080501616,16.735328008420765,105.58563232421875,5.360159993171692,27.436768054962158,3.91766220331192
wikics,cache_w8a8_m4k2v2,test,wikics:test:000013:872bb9df273ad109,113,13,large_h6_n10_s100_wikics_arxiv,872bb9df273ad1091abe85ef20ec42adedd38c5e9536cb98d6587aade4d6f979,3,16252928,2712576,2712576,102,2688,62,0,1,0,3733.417605,3733.397216796875,3629.848071,103.168826,67.79329665005207,42.7670031785965,7.6563917100429535,3240.9267025068402,19.649375915527344,244.650146484375,2994.581268310547,865.330337703228,1741.0182065963745,411.49906519055367,1639.3903713226318,361.86995191220194,52.35510397516191,160.461600035429,48.334911978803575,195.06621170043945,10.448896050453186,32.23417615890503,6.944483637809753
wikics,cache_w8a8_m4k2v2,test,wikics:test:000014:557ddebe91684e6e,114,14,large_h6_n10_s100_wikics_arxiv,557ddebe91684e6e1d7adc8d5728380c715b186f05cc9e5b854bd8f140a2f512,3,14155776,981504,981504,48,2352,54,0,1,0,2511.987673,2511.965576171875,2388.736344,122.852248,69.1536059603095,42.772646993398666,6.755572743713856,2058.8764529675245,19.625951766967773,198.1459846496582,1859.28515625,756.7003846764565,720.4018840789795,402.0482006072998,672.377534866333,176.7609598301351,23.95388799905777,75.88566394895315,22.31855999212712,156.50617790222168,8.19382393360138,27.848256587982178,5.637854814529419
wikics,cache_w8a8_m4k2v2,test,wikics:test:000015:32677b4eee65e40a,115,15,large_h6_n10_s100_wikics_arxiv,32677b4eee65e40ae6a165981814df6d211d2bbf09bed9be523649a4f29c7126,3,12058624,542208,542208,36,2016,46,0,1,0,2045.724556,2045.6981201171875,1938.059734,106.924273,49.55941066145897,42.86348167806864,5.608133040368557,1629.768032580614,19.66352081298828,108.96697425842285,1519.4872436523438,646.6454408168793,543.4907178878784,348.2792248725891,507.491681098938,135.42054398730397,17.479168018326163,56.579071996733546,16.670911996625364,78.14367961883545,3.9466559886932373,23.928064107894897,2.9627524614334106
wikics,cache_w8a8_m4k2v2,test,wikics:test:000016:c0475eb283dbd143,116,16,large_h6_n10_s100_wikics_arxiv,c0475eb283dbd1439a7826b0099b1b55085b16bdbb6d9c323473b401ba40a131,3,14680064,646656,646656,36,2436,56,0,1,0,2325.721055,2325.699462890625,2218.764255,106.869328,60.67705899477005,42.57226921617985,6.788749247789383,1880.1507912576199,19.65033531188965,152.6240005493164,1725.9933166503906,782.9737934172153,534.9038095474243,427.71911999583244,498.96543884277344,129.42297591641545,17.35756799671799,56.46303989738226,16.707423989661038,113.98688125610352,5.784159958362579,28.63647985458374,4.219455420970917
wikics,cache_w8a8_m4k2v2,test,wikics:test:000017:4a1cc5182ee6a7b2,117,17,large_h6_n10_s100_wikics_arxiv,4a1cc5182ee6a7b21bcc02e720e79abc58a3736448065e57d132aabb574e1ce0,3,14680064,646656,646656,36,2436,56,0,1,0,2341.598992,2341.5771484375,2234.30741,106.934416,72.05741014331579,42.57396049797535,6.778608076274395,1882.4264872819185,19.554399490356445,152.70473670959473,1728.1703796386719,783.5172147452831,536.2398061752319,428.17562851309776,500.28818702697754,129.50742402207106,17.428608004003763,56.62096009030938,16.772928001359105,114.06707382202148,5.784319996833801,28.629504203796387,4.223838686943054
wikics,cache_w8a8_m4k2v2,test,wikics:test:000018:52ed896d72d1921f,118,18,large_h6_n10_s100_wikics_arxiv,52ed896d72d1921f5bfad1ba37c773faef5be83e39838a0b7c5f273e111c94c2,3,15990784,2219520,2219520,84,2646,61,0,1,0,3210.618801,3210.58935546875,3098.544218,107.397527,77.70538330078125,42.68150217831135,7.3363203555345535,2722.717486321926,19.551231384277344,224.62169647216797,2496.0228271484375,852.6710381805897,1246.875804901123,420.3575439155102,1163.4781770706177,295.4533439837396,43.681600000709295,132.1526078786701,39.53846398368478,176.9827175140381,9.36847996711731,31.991615772247314,6.308258771896362
wikics,cache_w8a8_m4k2v2,test,wikics:test:000019:d818f5b8cb6d7e5d,119,19,large_h6_n10_s100_wikics_arxiv,d818f5b8cb6d7e5debed18cf27d69c8839f643f32da6837d6996ba8668450d55,3,15990784,4019712,4019712,144,2646,61,0,1,0,4379.04502,4379.02734375,4271.738827,107.181741,236.83848232030869,42.52240993082523,9.169873781502247,3844.9942329898477,19.541664123535156,223.82658767700195,3620.414794921875,851.2060154378414,2431.4203634262085,363.8240010738373,2287.8072872161865,519.0343675995246,71.95731198880821,250.07091193273664,70.12473606038839,176.3483829498291,9.320799946784973,31.86911916732788,6.292611122131348
wikics,cache_w8a8_m4k2v2,test,wikics:test:000020:ab0922f67c5fbbe5,120,20,large_h6_n10_s100_wikics_arxiv,ab0922f67c5fbbe5719b9057d130d798ebe62c82eda3b9e6779d10b62a0ab03e,3,16515072,3399168,3399168,120,2730,63,0,1,0,3931.457867,3931.42578125,3828.096739,102.348421,70.35844773054123,42.69291926175356,7.80491903424263,3337.1335063129663,19.565824508666992,306.2801322937012,3027.8438110351562,880.6192950904369,1768.0153980255127,402.36499613523483,1649.1725463867188,414.46976029966027,62.04111997503787,186.51462399587035,55.04934396315366,250.95830154418945,13.534080266952515,33.13987159729004,8.675015211105347
wikics,cache_w8a8_m4k2v2,test,wikics:test:000021:5d453ee1cd5d59f9,121,21,large_h6_n10_s100_wikics_arxiv,5d453ee1cd5d59f93beec8e6bbfa80c2f22adbd82be2f4d0eac68cd4736cd8ab,3,14680064,1039872,1039872,48,2436,56,0,1,0,2753.084736,2753.063232421875,2646.213967,107.22277,69.89440508186817,42.71421767771244,6.86230044811964,2071.7645715922117,19.624736785888672,180.53743934631348,1890.1189270019531,783.4232952296734,715.0675201416016,417.6278876364231,667.3382711410522,168.33769613783807,24.282687980681658,75.2416320424527,22.22380798216909,139.5149440765381,7.25542414188385,28.648544311523438,5.069410800933838
wikics,cache_w8a8_m4k2v2,test,wikics:test:000022:066e9ba55552f1f8,122,22,large_h6_n10_s100_wikics_arxiv,066e9ba55552f1f8a73072514a22f5d6757c92f4c0398e291fc015deb88b7b88,3,16777216,4578816,4578816,156,2772,64,0,1,0,4578.342792,4578.32470703125,4470.511392,107.453604,75.21926425397396,42.640349827706814,7.8952731564641,3925.3769339993596,19.563552856445312,360.7986602783203,3563.4705810546875,893.2224963605404,2326.6325731277466,370.2589973807335,2172.5442838668823,558.0995519487187,80.82620798051357,236.96515212208033,69.84012797102332,300.7297592163086,16.35260844230652,33.436767578125,10.261786699295044
wikics,cache_w8a8_m4k2v2,test,wikics:test:000023:f77a6bf6e6e7e71b,123,23,large_h6_n10_s100_wikics_arxiv,f77a6bf6e6e7e71b5e5ecd0307e4293065f4fee80788b61911368457a6d1a604,3,15466496,1629696,1629696,66,2562,59,0,1,0,2993.119836,2993.09619140625,2891.14108,101.600363,116.45944509655237,42.95982047915459,7.364135235548019,2403.61559484154,19.639360427856445,160.35372734069824,2241.4984130859375,823.8467509448528,1006.1824331283569,415.4406559765339,938.4752969741821,232.81017607729882,33.49257600400597,100.79238392785192,29.773023976013064,119.59219169616699,6.055424094200134,30.3056001663208,4.407200217247009
wikics,cache_w8a8_m4k2v2,test,wikics:test:000024:000a2a73e51d5345,124,24,large_h6_n10_s100_wikics_arxiv,000a2a73e51d53459dc7e58576aaddb15d29ac4a73b00401f136569f75d2f6b8,3,14680064,1433088,1433088,60,2436,56,0,1,0,2842.513498,2842.48486328125,2734.003557,106.602561,59.308177791535854,42.588009499013424,6.959502585232258,2349.21860601753,19.580320358276367,172.17926597595215,2175.3385009765625,783.6313264369965,994.9811153411865,398.04748463630676,934.607928276062,296.6999342488125,30.21545598562807,91.55286394804716,26.99321596045047,131.89036560058594,6.826240062713623,28.63820791244507,4.827615737915039
wikics,cache_w8a8_m4k2v2,test,wikics:test:000025:1424ce3b3bad84d4,125,25,large_h6_n10_s100_wikics_arxiv,1424ce3b3bad84d47085b76cd2ca72fa2d01ab4c8eb0cee9f0854c07ffcbbf64,3,16515072,2612736,2612736,96,2730,63,0,1,0,3423.902899,3423.873046875,3315.465549,106.534637,68.94055008888245,42.74972528219223,7.647410966455936,2931.434833444655,19.62063980102539,198.24208068847656,2730.6217041015625,878.617600351572,1443.4374046325684,417.9947151839733,1347.0960035324097,341.0095359599218,50.03907201439142,147.14611206948757,43.044607943855226,151.98940658569336,7.87772798538208,32.87456035614014,5.517126798629761
wikics,cache_w8a8_m4k2v2,test,wikics:test:000026:6fabdd7e6fa1c9b0,126,26,large_h6_n10_s100_wikics_arxiv,6fabdd7e6fa1c9b0791ff71909878258781591a7720f48a6507ad37df16a4ca1,3,15990784,1826304,1826304,72,2646,61,0,1,0,3090.257323,3090.22900390625,2980.141118,107.024335,61.80324126034975,42.554644867777824,7.431775331497192,2561.7901338264346,19.57529640197754,235.97843170166016,2323.6063842773438,852.1552663445473,1063.9505939483643,427.07582038640976,992.9329614639282,247.3635517610237,36.18451197259128,109.51580801233649,32.69977597426623,187.34873390197754,9.97436797618866,32.01350402832031,6.664607524871826
wikics,cache_w8a8_m4k2v2,test,wikics:test:000027:df55b940083f1bf1,127,27,large_h6_n10_s100_wikics_arxiv,df55b940083f1bf1f1f72918358a0a21b17b5b59208e8033f0571bcddd8aab82,3,16252928,4274688,4274688,150,2688,62,0,1,0,4545.058117,4545.0400390625,4436.057494,108.264283,280.367074534297,42.752932757139206,7.683759555220604,3896.64912968874,19.651103973388672,348.66141510009766,3546.828125,865.3082872927189,2330.317852973938,361.88714441657066,2179.685212135315,519.8003839943558,79.98796784132719,235.7774720415473,69.49612796399742,290.8336982727051,15.714911937713623,32.40646409988403,9.899714946746826
wikics,cache_w8a8_m4k2v2,test,wikics:test:000028:bb2e0546b88fa929,128,28,large_h6_n10_s100_wikics_arxiv,bb2e0546b88fa929e4ad473dbd223f632fce04a3717e5e2390426e3af27fddfb,3,14942208,953856,953856,60,2478,57,0,1,0,2816.224697,2816.193359375,2707.774183,107.791069,62.858511693775654,42.98666398972273,7.1096885949373245,2336.833412759006,19.748287200927734,185.54937744140625,2148.5225219726562,796.9188161790371,952.3443555831909,410.3635429441929,875.5343656539917,246.49280011374503,31.27142398711294,95.57315194793046,28.248512008227408,143.50041580200195,7.415743947029114,29.476864337921143,5.2380149364471436
wikics,cache_w8a8_m4k2v2,test,wikics:test:000029:354b8d27549aa637,129,29,large_h6_n10_s100_wikics_arxiv,354b8d27549aa637c29bd706bc1b1d4c8e164bb524dbb43ff574695c37d49b21,3,16515072,2219520,2219520,84,2730,63,0,1,0,3275.080423,3275.05126953125,3171.248318,103.483031,73.5062351450324,42.78085380792618,7.800363935530186,2766.9292548671365,19.488351821899414,214.7267837524414,2549.9794921875,879.4333764016628,1241.4223051071167,437.94953948259354,1158.676836013794,292.94022378418595,44.28825594019145,132.1607359368354,39.37017600052059,167.00460815429688,8.764895915985107,32.937535762786865,5.996927738189697
wikics,cache_w8a8_m4k2v2,test,wikics:test:000030:4a41086e390dbe51,130,30,large_h6_n10_s100_wikics_arxiv,4a41086e390dbe51ecd9f27bdf84a1f2aed65d44410ce97f0e5f6a2d66d349b1,3,15466496,1433088,1433088,60,2562,59,0,1,0,2802.076931,2802.0478515625,2698.808755,102.928105,70.9557356312871,42.79839526861906,7.422692142426968,2324.224448762834,19.4368953704834,202.61663818359375,2119.8956909179688,824.5209614634514,894.9965763092041,431.2075293660164,835.7689599990845,213.91891182865947,29.96067198459059,95.03459202125669,27.929951994679868,158.23903846740723,8.258400082588196,30.411999702453613,5.712509989738464
wikics,cache_w8a8_m4k2v2,test,wikics:test:000031:cafc1e78b99470a1,131,31,large_h6_n10_s100_wikics_arxiv,cafc1e78b99470a1de15d16216655833dd9034daaf7ae6b5386e2d52952fddae,3,16777216,2288640,2288640,90,2772,64,0,1,0,3568.731923,3568.711181640625,3465.597674,102.476993,65.79226814210415,42.817091569304466,8.037098683416843,2899.319415912032,19.469375610351562,233.1294059753418,2664.4351196289062,894.6518089473248,1363.1895427703857,441.4858997166157,1274.1923837661743,330.2267839340493,46.20879993960261,143.21564813703299,43.469376034103334,183.58710289001465,9.690560102462769,33.261696338653564,6.574046730995178
wikics,cache_w8a8_m4k2v2,test,wikics:test:000032:1f48965693a47551,132,32,large_h6_n10_s100_wikics_arxiv,1f48965693a47551fb266cee941d275d7733d5e14d8bc4f0a241156e1e7f8f85,3,16515072,2391552,2391552,90,2730,63,0,1,0,3618.300516,3618.280029296875,3514.264389,103.01537,70.26439160108566,42.94711910188198,7.816104218363762,2941.4046751335263,19.77168083190918,252.28678512573242,2686.2356872558594,878.9559024870396,1382.04723072052,426.12790006399155,1289.862431526184,323.3232318153605,47.66860792320222,137.15935991331935,40.530975960195065,201.3023681640625,10.816352009773254,33.01318407058716,7.114747166633606
wikics,cache_w8a8_m4k2v2,test,wikics:test:000033:97a6a0498a0658ed,133,33,large_h6_n10_s100_wikics_arxiv,97a6a0498a0658edcac653eb0bb3210363bd9b07ca8d619186dbcfcbc0a2e8f5,3,16515072,3005952,3005952,108,2730,63,0,1,0,3779.06521,3779.034423828125,3670.736043,106.518084,83.31231400370598,42.72190947085619,7.971165701746941,3174.3545550853014,19.548959732055664,243.58489608764648,2929.03173828125,879.950684607029,1647.179843902588,417.83989042043686,1538.0322847366333,381.84249625261873,56.9082879666239,167.0507198907435,49.17183995526284,193.38752365112305,10.288064002990723,33.0577278137207,6.851580619812012
wikics,cache_w8a8_m4k2v2,test,wikics:test:000034:93dab44c974f61f3,134,34,large_h6_n10_s100_wikics_arxiv,93dab44c974f61f37b82c3a55ac543c3cafa371b99f438f53d8df60d8b08da15,3,15990784,2219520,2219520,84,2646,61,0,1,0,3220.228962,3220.198486328125,3110.931934,107.481718,71.41718361526728,42.70979668945074,7.629914209246635,2722.72914275527,19.600831985473633,223.97679901123047,2497.034912109375,851.5840307176113,1246.7527046203613,421.2645448744297,1161.2279386520386,293.9826238276437,43.18995198700577,127.70204801112413,38.691199991852045,176.46633529663086,9.309183955192566,31.855648040771484,6.3142735958099365
wikics,cache_w8a8_m4k2v2,test,wikics:test:000035:e96a44872b159e58,135,35,large_h6_n10_s100_wikics_arxiv,e96a44872b159e585dfc70f49945bedec7a8f682f7c98f1e2e240ff3a9cfb9a6,3,15204352,953856,953856,48,2520,58,0,1,0,2658.568619,2658.539306640625,2548.640594,107.686737,63.03370837122202,42.787267826497555,7.204290479421616,2116.2991104647517,19.620864868164062,174.15110397338867,1940.540771484375,810.6154244542122,720.3820819854736,429.9411227107048,673.1237468719482,176.10879995767027,23.9204479502514,73.78579205088317,21.953663986176252,132.6554889678955,6.846240043640137,29.775455474853516,4.845152974128723
wikics,cache_w8a8_m4k2v2,test,wikics:test:000036:afbff186281a0e4e,136,36,large_h6_n10_s100_wikics_arxiv,afbff186281a0e4ef263695c2eae0d5605ba4b8d807b1a398463e79793b58c9e,3,16515072,2116608,2116608,84,2730,63,0,1,0,3514.109128,3514.087158203125,3407.073886,106.665676,81.0129214078188,43.182468973100185,7.8220060095191,2731.6404348239303,19.78268814086914,187.63119888305664,2542.084503173828,878.8479038178921,1254.9138536453247,431.3684686720371,1172.0619869232178,301.55091208498925,44.91910400148481,128.2462080307305,37.867679972201586,142.22201538085938,7.338559985160828,32.864959716796875,5.198144435882568
wikics,cache_w8a8_m4k2v2,test,wikics:test:000037:b3012d4981d56ea8,137,37,large_h6_n10_s100_wikics_arxiv,b3012d4981d56ea820287d335a753a79cc4b4f1ef77ed486500ba06ecd246d4b,3,14417920,729600,729600,42,2394,55,0,1,0,2586.265805,2586.243896484375,2479.027175,106.792912,246.48582562804222,42.82878153026104,7.08438828587532,1929.417130537331,19.562976837158203,128.4246063232422,1799.3907470703125,769.046913266182,634.4718713760376,417.9952572584152,593.0050859451294,158.41564813628793,21.06156798824668,65.1165120638907,19.099903983063996,92.18537616729736,4.587167978286743,28.181312084197998,3.48579078912735
wikics,cache_w8a8_m4k2v2,test,wikics:test:000038:d8d309dacda8c856,138,38,large_h6_n10_s100_wikics_arxiv,d8d309dacda8c8565011a8a5c4bd50703da0a89f4da3c8de139014c0f400b5e1,3,16515072,2695680,2695680,102,2730,63,0,1,0,3399.859065,3399.828369140625,3294.838985,101.848323,71.14159502089024,42.82198194414377,7.811632938683033,2964.641036465764,19.667583465576172,180.77609825134277,2782.5654296875,878.4185264706612,1518.206428527832,423.8503639101982,1417.5832662582397,360.1524159135297,52.29321599472314,156.14854395389557,49.66921605076641,136.07011222839355,6.929631948471069,32.79139232635498,4.985148668289185
wikics,cache_w8a8_m4k2v2,test,wikics:test:000039:3ef432bb200e1c4d,139,39,large_h6_n10_s100_wikics_arxiv,3ef432bb200e1c4d10899e6d592c8c2970df591ebd929560ec4d6b50c138ea97,3,14680064,1039872,1039872,48,2436,56,0,1,0,2655.610406,2655.5810546875,2546.876416,106.591877,65.92348217964172,42.863319627940655,6.984718143939972,2075.1158418133855,19.740768432617188,180.54195022583008,1893.625,783.4773460626602,716.7998390197754,419.65552932024,669.4190368652344,170.1483199270442,23.78096001036465,72.89919999241829,22.888383929617703,139.56870460510254,7.258016109466553,28.648704051971436,5.0672630071640015
wikics,cache_w8a8_m4k2v2,test,wikics:test:000040:9c16d6144ad4a191,140,40,large_h6_n10_s100_wikics_arxiv,9c16d6144ad4a1917bc11fa59558e81b6ffc26842b37c5b649636e1bd6996d1c,3,16515072,2115072,2115072,84,2730,63,0,1,0,3347.793163,3347.7626953125,3244.226794,102.322392,80.78927919268608,42.61707328259945,7.827631197869778,2731.141018681228,19.581024169921875,187.56921577453613,2542.4894409179688,879.0138539373875,1258.9453792572021,431.4686053097248,1174.7812509536743,301.0499838767573,42.75551996380091,128.6622080951929,38.26147198583931,142.20051193237305,7.313024044036865,32.85545587539673,5.200129747390747
wikics,cache_w8a8_m4k2v2,test,wikics:test:000041:7fea338f8fa28367,141,41,large_h6_n10_s100_wikics_arxiv,7fea338f8fa28367962db97fb384e2e94a82f63cc2c2a58460bd13fa9d7532c6,3,16515072,2809344,2809344,102,2730,63,0,1,0,3596.775125,3596.753173828125,3489.189324,107.018072,66.74228981137276,42.686909437179565,7.83503707498312,2973.6719988286495,19.635007858276367,180.75651359558105,2791.0764770507812,878.8114244937897,1516.4675846099854,415.4324758052826,1415.0373430252075,356.7951679388061,54.25311996601522,156.31580796465278,46.10524795297533,136.0419216156006,6.923775911331177,32.8185920715332,4.978047966957092
wikics,cache_w8a8_m4k2v2,test,wikics:test:000042:7e04af92ff942365,142,42,large_h6_n10_s100_wikics_arxiv,7e04af92ff94236596a24d9e983dcc77cce54b5d00fe25a7752dadbdf0253c86,3,16252928,2962944,2962944,108,2688,62,0,1,0,3774.661497,3774.640625,3672.949236,102.006472,65.37168100476265,42.638727463781834,7.7194757759571075,3124.2436822503805,19.602367401123047,215.69664001464844,2905.4173889160156,865.2611846923828,1647.354271888733,399.7150622308254,1538.419937133789,397.574816390872,55.731103957630694,165.36588801443577,50.1555519355461,168.50320053100586,8.896191954612732,32.2578239440918,6.050107359886169
wikics,cache_w8a8_m4k2v2,test,wikics:test:000043:7338a3bd818fbc61,143,43,large_h6_n10_s100_wikics_arxiv,7338a3bd818fbc612b572517865a443cded9cc98f098cd47444fc0c70f038fa1,3,16777216,3202560,3202560,114,2772,64,0,1,0,3905.392524,3905.360595703125,3780.654992,122.881415,69.65564470738173,42.92915761470795,7.944006472826004,3365.045230835676,19.623008728027344,328.2725715637207,3032.389434814453,892.4935049116611,1689.3924188613892,418.114333987236,1576.4361248016357,398.8192639714107,59.224927954375744,174.09843201562762,51.498943923041224,270.7669792175293,14.756959915161133,33.38752031326294,9.342840194702148
wikics,cache_w8a8_m4k2v2,test,wikics:test:000044:e7e458e07c01abc7,144,44,large_h6_n10_s100_wikics_arxiv,e7e458e07c01abc73eac5d1f5b73ee274f45fe663453876d0498e3b21270f1db,3,15728640,1629696,1629696,66,2604,60,0,1,0,2943.159068,2943.12890625,2819.027178,122.687147,78.78545112907887,42.62648709118366,7.569471374154091,2395.888186059892,19.499231338500977,171.6691188812256,2222.8389282226562,837.8318066000938,974.8683567047119,438.2486397922039,909.5772161483765,228.8374399235472,33.13491202890873,104.72016006335616,30.547360006719828,129.2810878753662,6.613056063652039,31.024160385131836,4.758753299713135
wikics,cache_w8a8_m4k2v2,test,wikics:test:000045:664f4ac17fac6612,145,45,large_h6_n10_s100_wikics_arxiv,664f4ac17fac66126dbf78db22d95ea89d4ccfe89013f9873465f1677a51a75f,3,16252928,4202496,4202496,150,2688,62,0,1,0,4654.411042,4654.125,4551.597414,102.424965,281.7271277308464,42.62589104473591,7.843652740120888,3929.018521681428,19.5598087310791,346.9224319458008,3580.4008178710938,865.195903480053,2373.66531085968,363.50703275203705,2223.6815071105957,520.2524801930413,75.25619196239859,245.4070400558412,72.41862404346466,289.243839263916,15.62720012664795,32.31174421310425,9.91248345375061
wikics,cache_w8a8_m4k2v2,test,wikics:test:000046:8880ab728d4d5032,146,46,large_h6_n10_s100_wikics_arxiv,8880ab728d4d503279b823be1914ee9902a040262614bf49e1872574b155fe91,3,16252928,2098176,2098176,84,2688,62,0,1,0,3214.46797,3214.432861328125,3106.022651,107.523362,70.11392433196306,42.668307200074196,9.344583377242088,2734.060254879296,19.626911163330078,216.30956649780273,2515.9871215820312,865.2212804853916,1248.0458307266235,432.7997325360775,1164.8396816253662,291.124255631119,42.93308801110834,139.9323199018836,41.45715203229338,169.17676544189453,8.876864075660706,32.166560649871826,6.097504258155823
wikics,cache_w8a8_m4k2v2,test,wikics:test:000047:2642137ffa998c84,147,47,large_h6_n10_s100_wikics_arxiv,2642137ffa998c84dd63777375d8e0ade25fbd787901bdf3058101753a069020,3,16515072,2182656,2182656,84,2730,63,0,1,0,3257.894996,3257.863525390625,3148.537305,108.646551,82.27804768830538,42.894396930933,9.598847478628159,2762.887731194496,19.655712127685547,198.7638397216797,2561.8433227539062,878.7078088819981,1247.14573097229,435.27740013599396,1162.0280323028564,293.3545920792967,42.29132799152285,142.32931209355593,41.08073603268713,152.49948692321777,7.910207986831665,32.83055925369263,5.529055833816528
wikics,cache_w8a8_m4k2v2,test,wikics:test:000048:51b9971d8910d5e2,148,48,large_h6_n10_s100_wikics_arxiv,51b9971d8910d5e2e50bb2ce18041a1def0f52cc064e9c53428b6208b2325cec,3,16515072,2380800,2380800,90,2730,63,0,1,0,3461.390192,3461.367919921875,3343.448569,117.701102,84.86378192901611,43.53364836424589,7.9520586878061295,2782.1035124361515,19.850271224975586,153.9000644683838,2626.393798828125,877.4860486984253,1347.4055700302124,427.34717401862144,1258.4096632003784,322.41599959507585,46.37923199683428,138.98406388610601,41.99247998930514,111.4399356842041,5.587232053279877,32.73795223236084,4.160383224487305
wikics,cache_w8a8_m4k2v2,test,wikics:test:000049:728df285513a7803,149,49,large_h6_n10_s100_wikics_arxiv,728df285513a7803b751f28b0959d82e759e2f545428d48a38d0f006a55bcc9a,3,16252928,1930752,1930752,78,2688,62,0,1,0,3225.887254,3225.856689453125,3122.773334,101.692204,78.70582956820726,42.83022414892912,7.738377898931503,2692.8851706907153,19.63372802734375,240.37382888793945,2450.81494140625,867.9349445700645,1169.5890922546387,432.92463260889053,1092.2186222076416,281.0836799815297,41.271807981655,119.10265605710447,35.25583998858929,191.01580619812012,10.163967847824097,32.35779285430908,6.792064905166626
wikics,cache_w8a8_m4k2v2,test,wikics:test:000050:fe96b5b2a7c4af01,150,50,large_h6_n10_s100_wikics_arxiv,fe96b5b2a7c4af01943f25f9415335607ba1b330ad640aa2818bffc6db32e498,3,16252928,1892352,1892352,78,2688,62,0,1,0,3382.212321,3382.1904296875,3275.335785,107.626486,68.64715460687876,42.55881253629923,7.8082624822855,2720.679317601025,19.526655197143555,240.14009475708008,2478.309844970703,865.6546539068222,1185.7405462265015,435.3845535814762,1106.9999046325684,282.2484481642023,39.648735981434584,123.73244815692306,36.50137600116432,190.94611358642578,10.129280090332031,32.28604793548584,6.778653144836426
wikics,cache_w8a8_m4k2v2,test,wikics:test:000051:6246382ad476e3b5,151,51,large_h6_n10_s100_wikics_arxiv,6246382ad476e3b5f68b37aba9aa3566c47b169674446b7a4c924b1c74988d7f,3,16515072,2554368,2554368,96,2730,63,0,1,0,3470.569207,3470.537841796875,3345.976895,123.155223,69.28920559585094,42.5992114469409,7.929112762212753,2977.62168943882,19.536928176879883,217.36953353881836,2758.175262451172,878.6154237985611,1464.9678144454956,423.8814172446728,1367.8978538513184,337.7905275160447,49.05263994727284,152.24515198916197,44.904511970467865,169.41683197021484,8.87606406211853,32.951904296875,6.086974859237671
wikics,cache_w8a8_m4k2v2,test,wikics:test:000052:421b142bb389d9d1,152,52,large_h6_n10_s100_wikics_arxiv,421b142bb389d9d16aececb4211419686451d1184d50d2e5f8ea97ee81a79730,3,14155776,625152,625152,36,2352,54,0,1,0,2430.990525,2430.9609375,2307.054913,122.547398,70.09776774793863,42.723873630166054,6.817967630922794,1889.7810271009803,19.59401512145996,195.34108352661133,1693.55029296875,756.2782070338726,549.9566078186035,412.7830600142479,514.056736946106,138.56998396944255,17.763615971431136,58.83494396880269,16.825407983735204,153.87996673583984,8.063071966171265,27.84883165359497,5.554203152656555
wikics,cache_w8a8_m4k2v2,test,wikics:test:000053:31b24b95a70aea62,153,53,large_h6_n10_s100_wikics_arxiv,31b24b95a70aea62d73f3c5f5b796febb8ca98cc307497a826603ccfab0b45bb,3,16252928,3148800,3148800,114,2688,62,0,1,0,3770.362745,3770.34033203125,3667.446716,102.478111,78.88712827116251,42.53839701414108,7.789921946823597,3135.3733986616135,19.500896453857422,192.90863800048828,2941.2200927734375,865.0663056969643,1698.6329860687256,401.29239931702614,1584.9017944335938,406.4093119716272,58.25555194262415,180.02652817592025,52.97417600918561,147.77775764465332,7.629760026931763,32.11567974090576,5.383488297462463
wikics,cache_w8a8_m4k2v2,test,wikics:test:000054:1492c0fd54704e8b,154,54,large_h6_n10_s100_wikics_arxiv,1492c0fd54704e8b3a028427a3f0afafbed89dfcff3af66979a2a0d84cdb94e6,3,15728640,2313216,2313216,90,2604,60,0,1,0,3428.776215,3428.745361328125,3320.215528,106.781616,67.00875423848629,42.87238884717226,7.517017424106598,2790.060986764729,19.633344650268555,218.04256439208984,2570.9168701171875,838.6784338653088,1351.770079612732,407.6787282526493,1262.999807357788,320.8765120077878,48.60252803936601,136.6970239803195,40.61644796002656,171.80694198608398,9.022976040840149,31.082783699035645,6.15948748588562
wikics,cache_w8a8_m4k2v2,test,wikics:test:000055:4c3a9cced3fdbabd,155,55,large_h6_n10_s100_wikics_arxiv,4c3a9cced3fdbabd0d34163f06734c93b30f546193a2e36fcf5442c43864448d,3,16515072,2162688,2162688,84,2730,63,0,1,0,3366.062746,3366.039306640625,3263.864607,101.83825,285.6392962858081,42.89327096194029,7.8705670312047005,2724.0889286622405,19.74412727355957,183.1907844543457,2539.4606018066406,878.6077146828175,1252.2090892791748,435.2173067331314,1169.3862705230713,297.99084810353816,43.85929594747722,129.600415982306,38.06351995281875,138.2564468383789,7.070111989974976,32.79785633087158,5.071105241775513
wikics,cache_w8a8_m4k2v2,test,wikics:test:000056:a5bcd1251e1f47d6,156,56,large_h6_n10_s100_wikics_arxiv,a5bcd1251e1f47d65b8e0c3b3de076d9f301f0643172bda73691e60b9cdddd5c,3,16515072,2250240,2250240,90,2730,63,0,1,0,3407.9753,3407.945068359375,3278.879648,122.292722,65.87638147175312,42.80599392950535,7.809195667505264,2903.892952017486,19.727712631225586,222.54361724853516,2679.606689453125,879.6201606690884,1378.368064880371,424.9124664366245,1285.8220500946045,325.769408098422,47.212063977494836,138.4945279546082,40.56115198042244,174.10483169555664,9.169376134872437,32.99961566925049,6.226208925247192
wikics,cache_w8a8_m4k2v2,test,wikics:test:000057:c76d1190b26d012d,157,57,large_h6_n10_s100_wikics_arxiv,c76d1190b26d012d091c00559c3a0425c20ebef1e538e567c96c216e9d813ae8,3,16777216,2612736,2612736,96,2772,64,0,1,0,3676.905108,3676.882080078125,3570.126637,106.871212,97.94521983712912,42.97649674117565,9.686251170933247,2992.0986676588655,19.634559631347656,264.4113235473633,2725.7220764160156,892.9463379383087,1428.3505296707153,431.2949395477772,1333.482180595398,331.6416642535478,49.62684791442007,147.2612480595708,43.393791968002915,212.12531661987305,11.482943892478943,33.370975494384766,7.5178505182266235
wikics,cache_w8a8_m4k2v2,test,wikics:test:000058:a45285bcd1949205,158,58,large_h6_n10_s100_wikics_arxiv,a45285bcd19492055ac80246f60bb0fb2ed4e504e079a5cd3200cdbdb7b891b5,3,15204352,1514496,1514496,66,2520,58,0,1,0,2899.16541,2899.135009765625,2795.059645,101.488079,67.77822226285934,42.96368919312954,7.211956195533276,2359.2546256259084,19.825088500976562,175.7061424255371,2182.0857543945312,810.619616985321,989.5160331726074,408.4406361579895,924.581374168396,239.37423969898373,33.128991979174316,100.21916792914271,29.6859199590981,134.14924812316895,6.888032078742981,29.76211166381836,4.906750559806824
wikics,cache_w8a8_m4k2v2,test,wikics:test:000059:1b94d315dc4e5555,159,59,large_h6_n10_s100_wikics_arxiv,1b94d315dc4e55559bb69eeacb678f2d308eb5396713d6fa6fa7259031e7a970,3,15990784,2219520,2219520,84,2646,61,0,1,0,3318.062589,3318.0400390625,3211.399384,106.391016,78.10470461845398,42.64698922634125,7.645866833627224,2695.4971831291914,19.548799514770508,164.8156795501709,2528.9813232421875,850.7450248301029,1271.509789466858,412.82751658558846,1186.9567022323608,289.50806420948356,42.52486402448267,134.3598720319569,37.783423939719796,122.41567993164062,6.181695938110352,31.6976957321167,4.514496803283691
wikics,cache_w8a8_m4k2v2,test,wikics:test:000060:38930b7d326ce516,160,60,large_h6_n10_s100_wikics_arxiv,38930b7d326ce5164a9e65e9f30bcdbf435b09460c7f0beaf0babbcac90226b4,3,16252928,2416128,2416128,90,2688,62,0,1,0,3430.019249,3429.98779296875,3321.438935,106.698582,64.43462707102299,42.6115533336997,7.689483463764191,2853.427028283477,19.567840576171875,202.6209945678711,2648.746612548828,865.2831370830536,1366.7811851501465,415.089688539505,1276.051999092102,322.7002241490409,46.219711957499385,137.2262719012797,40.677567940205336,156.61078453063965,8.268608093261719,32.09017610549927,5.653889894485474
wikics,cache_w8a8_m4k2v2,test,wikics:test:000061:92c5bd90d0baeb93,161,61,large_h6_n10_s100_wikics_arxiv,92c5bd90d0baeb9304f2a19cafff8d354c181be05d34b15cf570e210c30adb5c,3,15204352,1826304,1826304,72,2520,58,0,1,0,2952.851835,2952.821044921875,2847.411562,101.7423,60.08977349847555,43.007674627006054,7.216255180537701,2412.1206859126687,19.603071212768555,158.19087982177734,2252.327392578125,809.6146885156631,1065.4941120147705,401.982966452837,994.4937229156494,251.93747184425592,37.270623905584216,109.94307191669941,32.453152005560696,118.0398063659668,6.024767994880676,29.759071350097656,4.367234110832214
wikics,cache_w8a8_m4k2v2,test,wikics:test:000062:863d427861ff80dc,162,62,large_h6_n10_s100_wikics_arxiv,863d427861ff80dc849d2dfdc72906f1f2449ab7e6ed0e64e58e7235c0805796,3,16777216,2457600,2457600,96,2772,64,0,1,0,3631.130946,3631.10791015625,3528.704615,102.07483,70.17568126320839,42.74793341755867,7.955377921462059,2924.0561835467815,19.61574363708496,193.41171264648438,2729.0431518554688,892.2014408111572,1438.0490274429321,424.3797888159752,1343.5817317962646,347.0348479114473,51.061983929015696,145.5550079792738,42.97705597244203,147.3024673461914,7.6121920347213745,33.13696002960205,5.38051438331604
wikics,cache_w8a8_m4k2v2,test,wikics:test:000063:0a5a1c3308a40395,163,63,large_h6_n10_s100_wikics_arxiv,0a5a1c3308a40395b8520808200d136321b9db8233aa40c04be89539c97844d5,3,16252928,4182528,4182528,144,2688,62,0,1,0,4525.420238,4525.1640625,4418.103675,107.156849,79.50242422521114,42.890602722764015,7.738192565739155,3907.1837374940515,19.533824920654297,467.1238327026367,3419.2652587890625,865.4209277629852,2198.0461435317993,364.7861397266388,2052.625533103943,512.4630079958588,77.04070391692221,218.6882238946855,64.83881594054401,400.4566345214844,21.25494408607483,32.421152114868164,12.997026443481445
wikics,cache_w8a8_m4k2v2,test,wikics:test:000064:84d2bb6fbbf2efc7,164,64,large_h6_n10_s100_wikics_arxiv,84d2bb6fbbf2efc74543bfef829a471311b878c855f94ba54357da859b1dead5,3,16777216,3202560,3202560,114,2772,64,0,1,0,3910.973491,3910.9404296875,3790.808542,117.681241,67.0175114646554,42.687030509114265,7.9704150557518005,3376.781441271305,19.57663917541504,330.0228805541992,3045.0028686523438,893.1116139292717,1744.129144668579,408.88696789741516,1628.761697769165,410.47439988702536,63.74121596850455,174.40384002402425,51.327551955357194,272.41635513305664,14.744959831237793,33.442463874816895,9.34111738204956
wikics,cache_w8a8_m4k2v2,test,wikics:test:000065:14afb2e221d1c808,165,65,large_h6_n10_s100_wikics_arxiv,14afb2e221d1c808d81f675640e726fc6c53da6b5558b9ab547f3f4e99214fb4,3,14680064,1039872,1039872,48,2436,56,0,1,0,2642.902842,2642.872802734375,2539.667122,102.147171,63.73832933604717,42.64634754508734,6.969201378524303,2064.197773113847,19.638368606567383,180.6692180633545,1881.9804382324219,783.5965759456158,710.1899814605713,410.07227781414986,662.8709135055542,168.88166413176805,23.643167946487665,73.5173120200634,21.881919966079295,139.6402244567871,7.26800000667572,28.67180824279785,5.066050171852112
wikics,cache_w8a8_m4k2v2,test,wikics:test:000066:cbfb38b24c9cd09f,166,66,large_h6_n10_s100_wikics_arxiv,cbfb38b24c9cd09feb274e275c5fa9b2ac59e47d5e2b01a2e0142792e6f92a00,3,15728640,2588160,2588160,96,2604,60,0,1,0,3451.832945,3451.8095703125,3344.657491,107.140533,74.78433102369308,42.610352858901024,7.440824992954731,2852.6668390259147,19.573535919189453,204.58021545410156,2646.300323486328,837.7332148551941,1436.9877700805664,397.2015734612942,1341.9605131149292,347.2549757082015,49.23561592400074,147.2535679899156,43.175487962551415,159.45977401733398,8.29420793056488,31.112000465393066,5.746781945228577
wikics,cache_w8a8_m4k2v2,test,wikics:test:000067:3368959dda51b804,167,67,large_h6_n10_s100_wikics_arxiv,3368959dda51b804b9feaf3927fc8b63a4fe3efbd71e66e91bdae5790a4896e9,3,16252928,3148800,3148800,114,2688,62,0,1,0,3739.616193,3739.593017578125,3632.449923,106.83195,66.17589015513659,42.911374010145664,7.819723337888718,3178.996656090021,19.552160263061523,192.97299194335938,2984.305389404297,865.1431400775909,1710.255226135254,410.9754022061825,1597.8415412902832,406.42044805083424,58.44739201106131,174.13071999326348,51.0791999604553,147.83187294006348,7.633216023445129,32.13238334655762,5.377343654632568
wikics,cache_w8a8_m4k2v2,test,wikics:test:000068:c1f159a73fe7d15a,168,68,large_h6_n10_s100_wikics_arxiv,c1f159a73fe7d15a2942f5fa44ebf6d2f9aa043b0006bc1c657334d82d242907,3,16515072,2391552,2391552,90,2730,63,0,1,0,3277.152985,3277.121337890625,3171.705072,101.664611,69.77503467351198,42.75068920105696,7.840135134756565,2764.263450168073,19.621631622314453,154.11343955993652,2608.429168701172,877.5989750921726,1328.6298570632935,422.96718594431877,1239.8762893676758,316.0842881705612,44.722559983842075,138.52079997956753,40.64502396248281,111.6117115020752,5.5862720012664795,32.75267171859741,4.168702721595764
wikics,cache_w8a8_m4k2v2,test,wikics:test:000069:c5c6eb8bc69150d0,169,69,large_h6_n10_s100_wikics_arxiv,c5c6eb8bc69150d0f6f058cf2a8f0b19714a3b9e64ec85c634f36a2f6d435940,3,15990784,2786304,2786304,108,2646,61,0,1,0,3509.659755,3509.62646484375,3405.222186,102.014375,66.3053160533309,42.61805210262537,7.606136612594128,3077.875698916614,19.54640007019043,176.42108917236328,2899.7568359375,851.2651514112949,1606.0816650390625,403.3821441233158,1499.4326753616333,385.1141759287566,52.221696024760604,165.51612792536616,48.39977593906224,132.93222618103027,6.822464227676392,31.78985595703125,4.866750597953796
wikics,cache_w8a8_m4k2v2,test,wikics:test:000070:15a487f6022e80ae,170,70,large_h6_n10_s100_wikics_arxiv,15a487f6022e80aeea9398891795f58d139b42b0803269478d8b34dea8a73425,3,15728640,1629696,1629696,66,2604,60,0,1,0,3069.654321,3069.62548828125,2962.049852,107.232872,67.82351341098547,42.59783122688532,7.5076874345541,2388.0460411310196,19.564096450805664,171.68230056762695,2214.6882934570312,837.2924158275127,975.7779483795166,421.43029141426086,910.7882881164551,229.88835225161165,33.79734399635345,100.99398399889469,29.716287951916456,129.3183650970459,6.6123199462890625,30.998080253601074,4.765869379043579
wikics,cache_w8a8_m4k2v2,test,wikics:test:000071:80de2ffba43febdb,171,71,large_h6_n10_s100_wikics_arxiv,80de2ffba43febdbe62c72ec696d6b17833aa5deda2322b1e87c46fc212d2618,3,16252928,4116480,4116480,144,2688,62,0,1,0,4464.086116,4463.8447265625,4362.050708,101.667036,87.80610095709562,42.609608732163906,7.708139717578888,3807.6905719935894,19.613344192504883,461.1926498413086,3346.8372192382812,866.0082577764988,2117.281855583191,364.0030044913292,1975.2477083206177,477.07078415248543,76.86863992922008,218.19043194502592,63.99209597706795,394.5719680786133,21.27292823791504,32.310911655426025,13.002781391143799
wikics,cache_w8a8_m4k2v2,test,wikics:test:000072:0a2ccdf11d68011b,172,72,large_h6_n10_s100_wikics_arxiv,0a2ccdf11d68011bbe9b80610fa460e6d9cd02f79ccb2fe70c6d7122404939fe,3,16515072,2219520,2219520,84,2730,63,0,1,0,3279.910204,3279.875,3174.684516,102.078371,122.5719302892685,42.472437024116516,7.812315598130226,2718.7607437372208,19.527904510498047,198.60809707641602,2518.4368896484375,878.3469082713127,1231.8737926483154,429.0773430466652,1149.0316190719604,287.3101761145517,41.74112000875175,128.45587204769254,37.589983981102705,152.34124755859375,7.918752074241638,32.84876775741577,5.514847040176392
wikics,cache_w8a8_m4k2v2,test,wikics:test:000073:af4e3768afe7929b,173,73,large_h6_n10_s100_wikics_arxiv,af4e3768afe7929b1e8e837cec1be78bf565feb6d8bdc034a26e3ac263f1fcb5,3,16777216,2474496,2474496,96,2772,64,0,1,0,3487.920569,3487.884765625,3378.82302,106.873273,70.85106894373894,42.58816596120596,7.905855774879456,3005.7874489575624,19.562175750732422,266.2476119995117,2737.7738037109375,892.7990726530552,1442.448377609253,424.94719752669334,1347.820351600647,344.31590408831835,49.269919955171645,146.50051190331578,43.63804795779288,213.6270751953125,11.57526409626007,33.385695934295654,7.505443453788757
wikics,cache_w8a8_m4k2v2,test,wikics:test:000074:26717eeb6c2c73ce,174,74,large_h6_n10_s100_wikics_arxiv,26717eeb6c2c73ce0d419b3d77803154393a8d6999b43700154e75f75b854f0c,3,16777216,3202560,3202560,114,2772,64,0,1,0,4050.785392,4050.76171875,3926.380272,124.014684,69.27919387817383,42.811205610632896,7.934565655887127,3288.8524681329727,19.685888290405273,328.9197120666504,2954.941192626953,892.638497710228,1674.7286100387573,409.1468905210495,1561.72265625,390.28432010672987,59.021311996504664,180.98521595448256,53.17763198912144,271.4326705932617,14.724031925201416,33.40959978103638,9.337634563446045
wikics,cache_w8a8_m4k2v2,test,wikics:test:000075:c9441b3207b4d7bb,175,75,large_h6_n10_s100_wikics_arxiv,c9441b3207b4d7bb23a3a8eb71a0e5d4956ccf9de45afef45b0119f4aa0c5ec8,3,15728640,1629696,1629696,66,2604,60,0,1,0,2977.945801,2977.915771484375,2858.587845,117.543046,78.01313605159521,43.16416289657354,7.6451171189546585,2432.0147801190615,19.65705680847168,210.96960067749023,2219.6979064941406,837.9553587138653,976.1247701644897,431.63333532214165,910.5069761276245,229.69827204942703,33.125151983462274,103.95798402279615,30.70048000011593,165.26262283325195,8.681311964988708,31.08681631088257,5.946787595748901
wikics,cache_w8a8_m4k2v2,test,wikics:test:000076:823cb40fd26b0064,176,76,large_h6_n10_s100_wikics_arxiv,823cb40fd26b0064a8aea01490743a82038eff8ef6b79e7478a5c1a8ab7509a2,3,16252928,2686464,2686464,102,2688,62,0,1,0,3775.483634,3775.458251953125,3673.078447,102.702137,79.49899788945913,42.82299801707268,7.896218448877335,3074.5004219934344,19.641536712646484,229.36463928222656,2842.8460388183594,866.5737918615341,1577.2782754898071,416.1063550412655,1470.1695051193237,386.6350399926305,53.53567996341735,163.10694410279393,48.26768002938479,181.10620880126953,9.60972797870636,32.18704032897949,6.481731057167053
wikics,cache_w8a8_m4k2v2,test,wikics:test:000077:a6e66f96093de6ce,177,77,large_h6_n10_s100_wikics_arxiv,a6e66f96093de6ce1bd052d598cfac37c91f2fadb62e6500edf9e062a1601f5a,3,15466496,2245632,2245632,90,2562,59,0,1,0,3234.595729,3234.564697265625,3130.796954,102.197607,64.10864274948835,42.79033653438091,7.378553040325642,2753.8022212684155,19.67171287536621,164.33872032165527,2587.7149658203125,823.7270081043243,1379.196286201477,397.7943706214428,1288.3916835784912,336.09273616038263,47.483807939104736,138.8535039499402,41.85897597577423,123.2633285522461,6.281183958053589,30.252543926239014,4.5406718254089355
wikics,cache_w8a8_m4k2v2,test,wikics:test:000078:906d5a2fc7b88169,178,78,large_h6_n10_s100_wikics_arxiv,906d5a2fc7b881693e5654ad9a5ce6752da4ff09d9249413c6dfc7bd03c376dd,3,16515072,2116608,2116608,84,2730,63,0,1,0,3362.780871,3362.750244140625,3258.826383,101.872951,77.29208003729582,42.556680738925934,7.84066878259182,2739.453501999378,19.604127883911133,187.28214645385742,2550.8661193847656,878.835169672966,1266.8165798187256,432.2584003806114,1183.651520729065,301.683520110324,43.12249595485628,130.39702404290438,38.45689600892365,141.94166564941406,7.310976147651672,32.83043146133423,5.1963852643966675
wikics,cache_w8a8_m4k2v2,test,wikics:test:000079:73f671ca14fb033a,179,79,large_h6_n10_s100_wikics_arxiv,73f671ca14fb033a30965114cc70e57d3d1dfb1a6b55042e803792c154bd1fb9,3,16252928,3982848,3982848,138,2688,62,0,1,0,4206.336043,4206.310546875,4099.096843,106.903378,108.13047550618649,43.712541460990906,7.798545993864536,3592.9208686575294,19.642751693725586,293.1145896911621,3298.1080932617188,865.4508489072323,2071.487424850464,385.4836737215519,1933.6010599136353,494.68745592981577,71.71379190403968,213.87347192689776,62.70473591983318,239.29578018188477,12.983808040618896,32.398783683776855,8.302489280700684
wikics,cache_w8a8_m4k2v2,test,wikics:test:000080:0f184f1db0a996b5,180,80,large_h6_n10_s100_wikics_arxiv,0f184f1db0a996b5c155f228291f962fece60e25c894ab8ac113bb00d919bc8f,3,14417920,843264,843264,42,2394,55,0,1,0,2603.102927,2603.077392578125,2484.565328,118.130727,77.56470609456301,43.21503173559904,6.849886849522591,1962.4631721526384,19.89356803894043,128.40092849731445,1832.3360290527344,769.4411185383797,650.8396759033203,412.2008292078972,606.8931503295898,149.67990403529257,21.31884798593819,65.27868799865246,19.41529599390924,92.19228839874268,4.587999999523163,28.139840126037598,3.481664001941681
wikics,cache_w8a8_m4k2v2,test,wikics:test:000081:3ad691f9135ebeda,181,81,large_h6_n10_s100_wikics_arxiv,3ad691f9135ebeda351c27e4a5ed088b476ae0fa8fb08a1342134b594d9a827a,3,16515072,2809344,2809344,102,2730,63,0,1,0,3555.972131,3555.9404296875,3451.617754,101.675288,68.94975434988737,42.82757360488176,7.827308028936386,2988.786553964019,19.572864532470703,212.9539566040039,2774.104034423828,879.0288630127907,1506.1931533813477,411.8344973921776,1405.6676483154297,353.43747195228934,52.278943974524736,156.12508795037866,45.69612796790898,165.38032150268555,8.700959920883179,32.90355157852173,5.970780730247498
wikics,cache_w8a8_m4k2v2,test,wikics:test:000082:35f6d185e3b60583,182,82,large_h6_n10_s100_wikics_arxiv,35f6d185e3b605830d55bd84ce5ae6b1b83d3a2650aed066131a57f509390d3d,3,15204352,3363840,3363840,126,2520,58,0,1,0,3763.621137,3763.58984375,3639.025042,122.236567,77.60969828814268,43.93516480922699,7.229126989841461,3274.5369859039783,19.90185546875,196.76604843139648,3075.456512451172,810.3415692150593,1922.9262657165527,353.07641863822937,1795.8901748657227,455.8965438567102,65.30540799256414,191.95417603850365,56.784863957203925,153.48617553710938,7.968928098678589,29.79257583618164,5.547999858856201
wikics,cache_w8a8_m4k2v2,test,wikics:test:000083:77934391d49ed365,183,83,large_h6_n10_s100_wikics_arxiv,77934391d49ed3653879241637d8d8b001cacd53af052f115b2bb037763f5039,3,16777216,2416128,2416128,90,2772,64,0,1,0,3495.946292,3495.920654296875,3384.77787,108.963456,77.88668014109135,42.64478478580713,7.900512777268887,2850.5593920126557,19.59267234802246,208.6103057861328,2640.3603515625,892.7443175315857,1330.7824659347534,436.42624044418335,1241.5695419311523,313.3354879776016,46.71043194364756,135.56041598320007,40.50873595289886,161.13680267333984,8.432639837265015,33.216416358947754,5.817376255989075
wikics,cache_w8a8_m4k2v2,test,wikics:test:000084:c558903a01f41d75,184,84,large_h6_n10_s100_wikics_arxiv,c558903a01f41d753914e796ba14e2931a6d80a582dc0814370dd761c259f2a7,3,15990784,2022912,2022912,78,2646,61,0,1,0,3305.908866,3305.8798828125,3197.64448,107.616229,65.05042221397161,42.61736664921045,7.7095963060855865,2670.121663250029,19.552799224853516,213.52009201049805,2454.5702514648438,853.7553572058678,1186.2478675842285,421.6377311348915,1107.500961303711,284.57881598267704,40.232127954252064,118.61187197268009,34.736063959077,166.8905906677246,8.776032090187073,31.857600212097168,6.003836274147034
wikics,cache_w8a8_m4k2v2,test,wikics:test:000085:3ef7c5747bd481fb,185,85,large_h6_n10_s100_wikics_arxiv,3ef7c5747bd481fb781ef0c2cb0f24c3f560198245c327c89d36040b4c1ee9cc,3,16252928,2337792,2337792,90,2688,62,0,1,0,3491.751606,3491.720947265625,3387.944198,102.296218,81.90813101828098,42.741039767861366,7.480737753212452,2876.737190410495,19.647071838378906,251.2967643737793,2623.496612548828,865.3897291123867,1361.4742059707642,416.27974930405617,1272.591199874878,348.169854875654,46.06662398669869,136.30729611963034,40.63692792877555,201.1506233215332,10.724256038665771,32.29683208465576,7.127007603645325
wikics,cache_w8a8_m4k2v2,test,wikics:test:000086:02f33170fe9a1014,186,86,large_h6_n10_s100_wikics_arxiv,02f33170fe9a1014eaa7ab4fd2e7737c2cdef43b62f534ca66d6f930bea0f3d5,3,16515072,2580480,2580480,96,2730,63,0,1,0,3450.939433,3450.908203125,3346.748949,101.578075,64.84139524400234,42.32980404049158,7.619230076670647,2966.651384718716,19.531583786010742,198.35049438476562,2765.8545837402344,878.715681552887,1471.5393619537354,416.4485993385315,1374.64847946167,342.10575955640525,49.24844801239669,152.64755199477077,42.780127953737974,152.1361598968506,7.857663989067078,32.851680278778076,5.506177663803101
wikics,cache_w8a8_m4k2v2,test,wikics:test:000087:5e99a11f6629116f,187,87,large_h6_n10_s100_wikics_arxiv,5e99a11f6629116fd08a82ba8d35c24398048b98ac3869fdfbaaaced09dd547e,3,14680064,1236480,1236480,54,2436,56,0,1,0,2832.013338,2831.986328125,2725.002886,106.67544,74.68797918409109,42.62864962220192,6.772050634026527,2186.6679675877094,19.66739273071289,223.92646408081055,1960.4017333984375,783.9908788502216,798.4230680465698,403.97262674570084,745.2968969345093,190.95932803303003,27.415807966142893,82.3939200155437,24.72396795731038,179.2459487915039,9.484031915664673,28.813120365142822,6.402201771736145
wikics,cache_w8a8_m4k2v2,test,wikics:test:000088:661719a5706d2798,188,88,large_h6_n10_s100_wikics_arxiv,661719a5706d2798e1832429597e7d4d8bc6495443836e96584a4620e3966597,3,15990784,2836992,2836992,108,2646,61,0,1,0,3611.402721,3611.378173828125,3509.199105,101.867629,65.90293627232313,42.5782622769475,7.382151670753956,3066.7307786643505,19.560415267944336,176.49737548828125,2888.5363159179688,851.1900460422039,1610.0494375228882,399.77966952323914,1504.0228176116943,388.806975947693,55.73222396429628,163.133759919554,47.989727961830795,133.00243186950684,6.832192063331604,31.742623805999756,4.87727963924408
wikics,cache_w8a8_m4k2v2,test,wikics:test:000089:0811b581634c9202,189,89,large_h6_n10_s100_wikics_arxiv,0811b581634c9202754ef09bc06883c1deaacc1ec2345102e3cee23457a2eb14,3,16777216,2474496,2474496,96,2772,64,0,1,0,3547.810631,3547.77734375,3438.552252,106.607259,67.6994165405631,42.68218204379082,7.65006709843874,2997.4787533283234,19.61008071899414,265.57862091064453,2730.399871826172,892.6514238417149,1440.9418907165527,424.00911197066307,1346.367296218872,351.5383040616289,51.06044792570174,145.1354878693819,43.681695913895965,213.25951766967773,11.527936100959778,33.316319942474365,7.496350407600403
wikics,cache_w8a8_m4k2v2,test,wikics:test:000090:7a6f588c7960f99a,190,90,large_h6_n10_s100_wikics_arxiv,7a6f588c7960f99a36a1c6325dd09381821ed32292ec8ef9de564ccdc789c916,3,16252928,2219520,2219520,84,2688,62,0,1,0,3268.690826,3268.66015625,3143.964506,124.328855,72.98417761921883,42.61567164212465,7.467465475201607,2779.5054614543915,19.622751235961914,209.6597442626953,2568.1339721679688,865.4223668277264,1254.9332208633423,438.8580366075039,1167.066912651062,299.51158420555294,42.67276799865067,127.95433605834842,37.8662079628557,163.0837116241455,8.491680026054382,32.193440437316895,5.896127104759216
wikics,cache_w8a8_m4k2v2,test,wikics:test:000091:048f77cea8bd8173,191,91,large_h6_n10_s100_wikics_arxiv,048f77cea8bd8173479140b32200897a6931e78a836def05ad85382e9253fcce,3,15728640,2609664,2609664,96,2604,60,0,1,0,3328.957439,3328.92578125,3220.943642,107.260163,76.31385512650013,42.585539631545544,7.495325990021229,2862.7793258056045,19.52876853942871,204.44643020629883,2656.6783142089844,838.3477780520916,1437.1400022506714,400.7193024456501,1341.8353309631348,347.2842876575887,48.98009600210935,150.29225595667958,44.574144002981484,159.29356575012207,8.311808109283447,31.10710382461548,5.7484811544418335
wikics,cache_w8a8_m4k2v2,test,wikics:test:000092:7d809617c6bd3e1e,192,92,large_h6_n10_s100_wikics_arxiv,7d809617c6bd3e1e57cc92bf7f69f76cb3ba72c0919f19f3316d1484b3e9841e,3,16515072,2809344,2809344,102,2730,63,0,1,0,3558.521258,3558.49560546875,3456.479722,101.75471,253.47490701824427,42.52429399639368,7.812585681676865,2962.8470204770565,19.514272689819336,180.75209617614746,2780.678253173828,878.4656328558922,1515.269762992859,412.1599151492119,1414.7450227737427,357.79811178240925,53.04630395676941,156.575072016567,46.37967996392399,136.04304122924805,6.925984144210815,32.797120094299316,4.977118253707886
wikics,cache_w8a8_m4k2v2,test,wikics:test:000093:322b3afcaa35f3c7,193,93,large_h6_n10_s100_wikics_arxiv,322b3afcaa35f3c71d509b1eaa067b1c9deb2f1fd9e38948dae3d548b5de4f83,3,16252928,2219520,2219520,84,2688,62,0,1,0,3374.328839,3374.3037109375,3266.257991,107.473104,105.04601243883371,42.540363036096096,7.716493681073189,2734.3639386817813,19.551488876342773,215.99565505981445,2516.6143798828125,865.3755843043327,1241.6187534332275,426.7966530919075,1158.018720626831,292.9424640443176,43.29583998024464,128.86918400973082,38.57647997606546,168.8053092956543,8.855455994606018,32.24796724319458,6.086922526359558
wikics,cache_w8a8_m4k2v2,test,wikics:test:000094:a005efdcd7c8715a,194,94,large_h6_n10_s100_wikics_arxiv,a005efdcd7c8715aa8fad232b75159e3190c49386d6e22f9d83ff1ba334960c2,3,15466496,2224128,2224128,90,2562,59,0,1,0,3204.931918,3204.900634765625,3096.470906,106.971532,82.31920842081308,42.744942009449005,7.352281361818314,2701.682879589498,19.683488845825195,164.3948459625244,2535.65185546875,824.1288630664349,1340.8992338180542,396.8856118321419,1252.1226558685303,323.2053760252893,45.908031965605915,138.8296319246292,40.5545279821381,123.29321479797363,6.2899839878082275,30.276607990264893,4.54988694190979
wikics,cache_w8a8_m4k2v2,test,wikics:test:000095:d668389de14e05fb,195,95,large_h6_n10_s100_wikics_arxiv,d668389de14e05fb64f040eb1d30df390da23556d25ad8a665fb85d39595048c,3,14942208,1039872,1039872,48,2478,57,0,1,0,2563.082939,2563.047607421875,2442.001041,117.101483,64.50075376778841,42.96942241489887,7.104027085006237,2107.674221508205,19.5849609375,178.8161277770996,1926.6112365722656,799.1234220564365,712.9109773635864,419.99281463027,665.6082582473755,170.01011223066598,23.8867199793458,83.3401598483324,22.020063989795744,137.28767776489258,7.0868799686431885,29.480095863342285,5.010271430015564
wikics,cache_w8a8_m4k2v2,test,wikics:test:000096:da21905a8cb96e44,196,96,large_h6_n10_s100_wikics_arxiv,da21905a8cb96e44856130f52c5c36dc7e212f58af78856eb7e3901a67b9533e,3,15204352,1236480,1236480,54,2520,58,0,1,0,2789.180681,2789.150634765625,2663.154739,122.430774,129.6708220615983,44.112726114690304,7.280492223799229,2207.6666904613376,19.790943145751953,194.50284957885742,2011.4776916503906,810.241151869297,796.790753364563,424.4300135076046,743.4894409179688,186.5787200462073,27.14377597440034,82.87126389890909,24.446335998363793,151.40387344360352,7.833600044250488,29.783711910247803,5.481947898864746
wikics,cache_w8a8_m4k2v2,test,wikics:test:000097:322b174a79431b1f,197,97,large_h6_n10_s100_wikics_arxiv,322b174a79431b1fa466fe9d6c4146656cfc4021c19412a8ee526263102c0b0d,3,16777216,2523648,2523648,96,2772,64,0,1,0,3745.615273,3745.589599609375,3627.858152,118.101583,73.1457769870758,43.15938428044319,7.906278595328331,2973.5479736700654,19.757503509521484,235.35132217407227,2737.0294799804688,894.0372477769852,1440.4622087478638,430.36487060785294,1345.6978540420532,341.5703360000625,49.439103942364454,148.76713592931628,43.525567976757884,185.6294403076172,9.809120059013367,33.30124759674072,6.627489924430847
wikics,cache_w8a8_m4k2v2,test,wikics:test:000098:23be48b489bd9fb1,198,98,large_h6_n10_s100_wikics_arxiv,23be48b489bd9fb14fe360697fdf38ded476b0d934c1ba487c6b7cd9272b87df,3,16252928,2374656,2374656,90,2688,62,0,1,0,3558.303609,3558.279052734375,3456.405603,101.537535,76.3047356158495,43.113868683576584,7.690236903727055,2855.7147923856974,19.564064025878906,202.99356842041016,2650.663116455078,865.4129604399204,1367.7255945205688,418.5781417787075,1276.2666273117065,329.2530242232606,46.60943995695561,139.58262395113707,40.97292799130082,156.93599891662598,8.283167958259583,32.127392292022705,5.666234970092773
wikics,cache_w8a8_m4k2v2,test,wikics:test:000099:25d922430a6078eb,199,99,large_h6_n10_s100_wikics_arxiv,25d922430a6078eb827beb56e89fee9ffb162a0dff995eeecaf2bfa300f2b08d,3,15204352,1743360,1743360,72,2520,58,0,1,0,2956.498073,2956.46337890625,2846.732472,107.507225,96.52491100132465,42.66028106212616,7.222792133688927,2428.465884178877,19.593151092529297,158.06166648864746,2268.7915649414062,810.5855041444302,1079.1448020935059,405.35143661499023,1008.0974082946777,259.66636820323765,36.732255949638784,111.05308805033565,32.62886396236718,117.94371223449707,6.0251840353012085,29.74294424057007,4.361534237861633
arxiv,nocache_bf16,val,arxiv:val:000000:2ca62d00a890aa84,0,0,large_h6_n10_s100_wikics_arxiv,2ca62d00a890aa8464a6da3728825202198bcc513fe666faadd8aa998acdb9f2,3,0,0,0,0,0,0,0,0,0,1764.578652,1764.5313720703125,1425.939355,340.271506,0.0,0.0,0.0,0.0,839.919921875,195.59177589416504,169.6426544189453,462.68182373046875,0.0,569.0641498565674,0.0,0.0,0.0,0.0,0.0,131.05078125,6.248319983482361,42.86172819137573,15.164703965187073
arxiv,nocache_bf16,val,arxiv:val:000001:60580fb403549285,1,1,large_h6_n10_s100_wikics_arxiv,60580fb403549285c13a71ed0dd66a154ba7ca5299783abae7bc3d0ced297729,3,0,0,0,0,0,0,0,0,0,1493.346896,1493.310302734375,1185.744736,307.212009,0.0,0.0,0.0,0.0,708.8712158203125,208.75526428222656,161.76422500610352,418.1064929962158,0.0,452.4349002838135,0.0,0.0,0.0,0.0,0.0,149.7712631225586,8.099487900733948,34.838783740997314,16.045729517936707
arxiv,nocache_bf16,val,arxiv:val:000002:0f56629b76181b48,2,2,large_h6_n10_s100_wikics_arxiv,0f56629b76181b48667d9cbcd2345c35f2620d7bfa2297baabc2f253e5b2d1f9,3,0,0,0,0,0,0,0,0,0,1403.27977,1403.247314453125,1006.034409,394.37877,0.0,0.0,0.0,0.0,630.4065551757812,137.09299278259277,145.7228183746338,373.1388168334961,0.0,402.5973701477051,0.0,0.0,0.0,0.0,0.0,89.20112037658691,4.609727919101715,30.368736743927002,12.692063808441162
arxiv,nocache_bf16,val,arxiv:val:000003:f8a271ff72baf265,3,3,large_h6_n10_s100_wikics_arxiv,f8a271ff72baf265126e8db430172f5bed9c9bc1236ed2c483b676d3b3da5b06,3,0,0,0,0,0,0,0,0,0,1450.901522,1450.8685302734375,1091.511863,359.091343,0.0,0.0,0.0,0.0,673.4186401367188,161.83011054992676,156.1016960144043,397.5354232788086,0.0,431.4478225708008,0.0,0.0,0.0,0.0,0.0,109.42150688171387,5.63401597738266,32.481855392456055,14.105856776237488
arxiv,nocache_bf16,val,arxiv:val:000004:90c6fb7029699303,4,4,large_h6_n10_s100_wikics_arxiv,90c6fb7029699303f3be39cfbbdd83064a30479ef55c381b7707847af46961e2,3,0,0,0,0,0,0,0,0,0,1331.549813,1331.5155029296875,916.445923,412.592723,0.0,0.0,0.0,0.0,585.4634399414062,112.99743843078613,134.36854553222656,344.8057909011841,0.0,374.6405973434448,0.0,0.0,0.0,0.0,0.0,70.4612169265747,3.5173120498657227,27.713343620300293,11.30556583404541
arxiv,nocache_bf16,val,arxiv:val:000005:b1fb0d955f08ebcc,5,5,large_h6_n10_s100_wikics_arxiv,b1fb0d955f08ebcc1854a82d690b457a8b352e7b76fe61f26baecc15aca241c2,3,0,0,0,0,0,0,0,0,0,1470.889328,1470.8602294921875,1071.648671,398.747608,0.0,0.0,0.0,0.0,674.1427001953125,147.55875396728516,156.20205116271973,398.0410861968994,0.0,432.3036651611328,0.0,0.0,0.0,0.0,0.0,96.35494422912598,4.902272045612335,32.56441593170166,13.711006999015808
arxiv,nocache_bf16,val,arxiv:val:000006:df18bd588fa33fe2,6,6,large_h6_n10_s100_wikics_arxiv,df18bd588fa33fe2de8fe20a19987197c455f73623e4b9fecb2e949daa89b43c,3,0,0,0,0,0,0,0,0,0,1458.96711,1458.9334716796875,1146.979789,311.356736,0.0,0.0,0.0,0.0,711.0332641601562,167.9365119934082,164.30377769470215,419.7100467681885,0.0,456.9405288696289,0.0,0.0,0.0,0.0,0.0,112.20086479187012,5.842271983623505,34.96844720840454,14.92492800951004
arxiv,nocache_bf16,val,arxiv:val:000007:5d8bef236ece6d70,7,7,large_h6_n10_s100_wikics_arxiv,5d8bef236ece6d70ca2faa9c61718eeb618fd2f06ab8ea1c9a211c1ffba39d87,3,0,0,0,0,0,0,0,0,0,1376.132707,1376.1033935546875,1032.637278,343.104284,0.0,0.0,0.0,0.0,627.8392944335938,164.9901123046875,142.69360160827637,367.2143678665161,0.0,402.67577266693115,0.0,0.0,0.0,0.0,0.0,115.84473419189453,6.092639982700348,29.693535327911377,13.359202802181244
arxiv,nocache_bf16,val,arxiv:val:000008:50c056e8e13586b5,8,8,large_h6_n10_s100_wikics_arxiv,50c056e8e13586b5abb1d2ff6e8a110fa32a37fc5f195ac87dde107ad2b022c3,3,0,0,0,0,0,0,0,0,0,1333.001382,1332.9722900390625,1023.574469,309.109535,0.0,0.0,0.0,0.0,627.8878784179688,162.58284759521484,145.2713279724121,372.42960262298584,0.0,400.9352321624756,0.0,0.0,0.0,0.0,0.0,112.67024230957031,5.89468789100647,30.38108730316162,13.486941695213318
arxiv,nocache_bf16,val,arxiv:val:000009:18155f7c05fbf94e,9,9,large_h6_n10_s100_wikics_arxiv,18155f7c05fbf94e33b3f603b69cecfa80e7cedb50fe2baa74f0d28baa4b0f2b,3,0,0,0,0,0,0,0,0,0,1540.336918,1540.3077392578125,1198.290893,340.847143,0.0,0.0,0.0,0.0,739.44775390625,183.67721557617188,171.55853080749512,436.00143909454346,0.0,475.00484561920166,0.0,0.0,0.0,0.0,0.0,124.35897827148438,6.47654402256012,36.67865610122681,16.163037180900574
arxiv,nocache_bf16,val,arxiv:val:000010:734b087b8f518269,10,10,large_h6_n10_s100_wikics_arxiv,734b087b8f5182690f6917df19e1b75fcc1ab683af3f29e5ab7c61b67b706a93,3,0,0,0,0,0,0,0,0,0,1338.041608,1338.00927734375,918.752494,419.018518,0.0,0.0,0.0,0.0,588.3924560546875,111.15382385253906,135.417631149292,346.44451236724854,0.0,377.29002475738525,0.0,0.0,0.0,0.0,0.0,69.13417434692383,3.44159996509552,27.536800384521484,11.150559425354004
arxiv,nocache_bf16,val,arxiv:val:000011:218fb05804b34902,11,11,large_h6_n10_s100_wikics_arxiv,218fb05804b34902580b9c384ae4f6815b6ac7a814598f271d8ec7c8cc9d1e97,3,0,0,0,0,0,0,0,0,0,1338.21037,1338.181884765625,1028.172523,308.374149,0.0,0.0,0.0,0.0,632.9574584960938,148.5294075012207,146.65939331054688,372.56783962249756,0.0,407.04901218414307,0.0,0.0,0.0,0.0,0.0,99.64368057250977,5.189759969711304,30.758368015289307,13.04604983329773
arxiv,nocache_bf16,val,arxiv:val:000012:d60fe2ae03f6eac8,12,12,large_h6_n10_s100_wikics_arxiv,d60fe2ae03f6eac84a1f19401647d5cb09163cbf2fc00ebcf0082f9223ce47bb,3,0,0,0,0,0,0,0,0,0,1259.658089,1259.6251220703125,862.326613,396.822826,0.0,0.0,0.0,0.0,541.7719116210938,116.48982238769531,123.8286075592041,319.7223358154297,0.0,345.3253221511841,0.0,0.0,0.0,0.0,0.0,76.7118730545044,3.864351987838745,25.363712310791016,10.554270684719086
arxiv,nocache_bf16,val,arxiv:val:000013:268cba3e8bea6bbc,13,13,large_h6_n10_s100_wikics_arxiv,268cba3e8bea6bbc958504f9100b127a0e6c38ffb04407559a4f1b8afca109db,3,0,0,0,0,0,0,0,0,0,1506.382686,1506.3480224609375,1193.210227,311.49375,0.0,0.0,0.0,0.0,740.9658813476562,177.46409606933594,170.68668746948242,438.3329610824585,0.0,473.23637866973877,0.0,0.0,0.0,0.0,0.0,119.22588920593262,6.263712048530579,36.42102384567261,15.648350179195404
arxiv,nocache_bf16,val,arxiv:val:000014:27e07c074f120390,14,14,large_h6_n10_s100_wikics_arxiv,27e07c074f120390a136a24ac21a396b7ae25d63ea5fab508a8ee0aa47af7f4e,3,0,0,0,0,0,0,0,0,0,814.281478,814.2511596679688,484.708705,329.112133,0.0,0.0,0.0,0.0,308.06439208984375,54.636192321777344,70.86009502410889,182.21116828918457,0.0,196.48525619506836,0.0,0.0,0.0,0.0,0.0,32.71110391616821,1.593280017375946,14.320415735244751,6.011392652988434
arxiv,nocache_bf16,val,arxiv:val:000015:9024ef9ec454b547,15,15,large_h6_n10_s100_wikics_arxiv,9024ef9ec454b5478893dc819578d8713e5a8398e93d9359ead4ec0b7f1c7d4e,3,0,0,0,0,0,0,0,0,0,1459.612791,1459.5784912109375,1146.774315,312.541742,0.0,0.0,0.0,0.0,714.8727416992188,163.12550354003906,165.9316806793213,421.91766357421875,0.0,459.24746227264404,0.0,0.0,0.0,0.0,0.0,107.07654571533203,5.586176097393036,35.63580799102783,14.816381871700287
arxiv,nocache_bf16,val,arxiv:val:000016:7e1664ccf8593701,16,16,large_h6_n10_s100_wikics_arxiv,7e1664ccf8593701c6c8c2050a1018d04804245f371bd4eff878cb6153c7af9a,3,0,0,0,0,0,0,0,0,0,1020.455614,1020.4283447265625,659.540628,360.674967,0.0,0.0,0.0,0.0,421.6875915527344,78.26076793670654,96.62137603759766,247.07856035232544,0.0,271.36269521713257,0.0,0.0,0.0,0.0,0.0,47.76614427566528,2.3231359720230103,20.08457612991333,8.040928721427917
arxiv,nocache_bf16,val,arxiv:val:000017:7ad1ef9d9566a25d,17,17,large_h6_n10_s100_wikics_arxiv,7ad1ef9d9566a25d388509e1100cc3c7f10c255cea9ac15eba4fcc516975eab1,3,0,0,0,0,0,0,0,0,0,1596.507999,1596.4747314453125,1199.916706,398.072764,0.0,0.0,0.0,0.0,741.8194580078125,188.59513473510742,170.70659255981445,438.30787467956543,0.0,472.72118377685547,0.0,0.0,0.0,0.0,0.0,130.0620460510254,6.606207966804504,36.19542360305786,15.731457114219666
arxiv,nocache_bf16,val,arxiv:val:000018:98b4c6d0d8b5843b,18,18,large_h6_n10_s100_wikics_arxiv,98b4c6d0d8b5843b73ad7e8e529a19b402ae2295c0781a0c0395f6b729379c34,3,0,0,0,0,0,0,0,0,0,1524.153334,1524.1177978515625,1181.128653,342.801028,0.0,0.0,0.0,0.0,726.4950561523438,193.2866611480713,166.41654205322266,428.05603313446045,0.0,464.75195026397705,0.0,0.0,0.0,0.0,0.0,133.85577583312988,7.2325119972229,36.344223976135254,15.83677327632904
arxiv,nocache_bf16,val,arxiv:val:000019:afbf83efcf3da599,19,19,large_h6_n10_s100_wikics_arxiv,afbf83efcf3da5999478e2f7e58fcecc35400cb3c4401303e814154a42eaf103,3,0,0,0,0,0,0,0,0,0,1351.948477,1351.9195556640625,1039.40939,312.275753,0.0,0.0,0.0,0.0,661.6239624023438,129.64799880981445,153.13465690612793,389.3281898498535,0.0,425.43042945861816,0.0,0.0,0.0,0.0,0.0,80.92022323608398,4.095488011837006,31.862560272216797,12.769727289676666
arxiv,nocache_bf16,val,arxiv:val:000020:dbd405fe94a09147,20,20,large_h6_n10_s100_wikics_arxiv,dbd405fe94a0914761f2690e252ab5f02774d2c32288555d28b65fa98b2eb936,3,0,0,0,0,0,0,0,0,0,1571.256635,1571.2255859375,1178.872938,392.651277,0.0,0.0,0.0,0.0,723.2503662109375,188.6478729248047,168.5052490234375,426.75817489624023,0.0,464.99744033813477,0.0,0.0,0.0,0.0,0.0,128.63891220092773,6.947263956069946,36.6244478225708,16.129600763320923
arxiv,nocache_bf16,val,arxiv:val:000021:d051e1dec2fdf8ab,21,21,large_h6_n10_s100_wikics_arxiv,d051e1dec2fdf8ab788897adb9e17b8f3543bc60cfef74e047813b2fc343b801,3,0,0,0,0,0,0,0,0,0,1451.199249,1451.1689453125,1143.382436,307.440378,0.0,0.0,0.0,0.0,712.1572875976562,167.55020904541016,165.64934158325195,419.96511936187744,0.0,456.9246473312378,0.0,0.0,0.0,0.0,0.0,111.51984024047852,5.959039866924286,35.44063949584961,14.834080278873444
arxiv,nocache_bf16,val,arxiv:val:000022:8f46ddff5f16826d,22,22,large_h6_n10_s100_wikics_arxiv,8f46ddff5f16826d7791db79b925bf61248b84cafbcd6caeb7ce88994412dfad,3,0,0,0,0,0,0,0,0,0,1166.997482,1166.965087890625,854.343223,312.599999,0.0,0.0,0.0,0.0,546.9688720703125,101.32710456848145,125.77123260498047,323.25715255737305,0.0,350.0249996185303,0.0,0.0,0.0,0.0,0.0,62.155073165893555,3.0611200034618378,25.883584022521973,10.250404924154282
arxiv,nocache_bf16,val,arxiv:val:000023:a33ac7ffe04c9ef6,23,23,large_h6_n10_s100_wikics_arxiv,a33ac7ffe04c9ef66300780848af6861185cc9b4b5f9a3975b2bc955cba877f7,3,0,0,0,0,0,0,0,0,0,1212.439643,1212.4105224609375,866.022478,346.14,0.0,0.0,0.0,0.0,540.6393432617188,118.59737586975098,124.70076751708984,318.1449251174927,0.0,347.60469150543213,0.0,0.0,0.0,0.0,0.0,77.95788764953613,3.9549440145492554,25.808255672454834,10.876288533210754
arxiv,nocache_bf16,val,arxiv:val:000024:da1c8050639cf918,24,24,large_h6_n10_s100_wikics_arxiv,da1c8050639cf9185a33e7c695e416d7f01209d4bebcd08bd37949a743344866,3,0,0,0,0,0,0,0,0,0,1402.038434,1402.003662109375,1020.41813,381.320795,0.0,0.0,0.0,0.0,629.5140380859375,148.0148162841797,146.69987297058105,372.78713512420654,0.0,403.5371513366699,0.0,0.0,0.0,0.0,0.0,99.26371097564697,5.1405439376831055,30.529279708862305,13.081281661987305
arxiv,nocache_bf16,val,arxiv:val:000025:37a8f21d03520a0e,25,25,large_h6_n10_s100_wikics_arxiv,37a8f21d03520a0efc07d08cfa1d101490e54a7a2645f3dfadafc92245aa296d,3,0,0,0,0,0,0,0,0,0,1356.166081,1356.1356201171875,977.953486,377.882671,0.0,0.0,0.0,0.0,611.9772338867188,135.28944206237793,140.3929271697998,362.0268449783325,0.0,390.2910223007202,0.0,0.0,0.0,0.0,0.0,88.78243255615234,4.677248001098633,29.60380744934082,12.28864049911499
arxiv,nocache_bf16,val,arxiv:val:000026:00f02c2c514ec60b,26,26,large_h6_n10_s100_wikics_arxiv,00f02c2c514ec60b5f5723f950fa17e2a742ca96af7fd9770b341d11040c92ef,3,0,0,0,0,0,0,0,0,0,1255.338638,1255.309326171875,922.180661,332.892087,0.0,0.0,0.0,0.0,589.2490844726562,111.71196937561035,134.2619228363037,346.70019245147705,0.0,377.4014263153076,0.0,0.0,0.0,0.0,0.0,69.8312635421753,3.4597439765930176,27.31123161315918,11.109730243682861
arxiv,nocache_bf16,val,arxiv:val:000027:8cd62bf318a20ced,27,27,large_h6_n10_s100_wikics_arxiv,8cd62bf318a20ced512be52c3710c221ea086084ec460c0f7c22c64bd8d66dec,3,0,0,0,0,0,0,0,0,0,1363.664243,1363.6295166015625,980.63359,382.75492,0.0,0.0,0.0,0.0,613.38232421875,136.28828811645508,140.84272003173828,363.3206043243408,0.0,390.90443992614746,0.0,0.0,0.0,0.0,0.0,89.68700790405273,4.6749759912490845,29.613728046417236,12.39868712425232
arxiv,nocache_bf16,val,arxiv:val:000028:33517413de1e4a97,28,28,large_h6_n10_s100_wikics_arxiv,33517413de1e4a9700f5457f04f622ed1542c195cb82455a0fac9ceacb1713a0,3,0,0,0,0,0,0,0,0,0,1262.839187,1262.8060302734375,932.44023,327.856668,0.0,0.0,0.0,0.0,595.3441772460938,115.09676551818848,136.0156478881836,351.41628646850586,0.0,379.8694591522217,0.0,0.0,0.0,0.0,0.0,71.43782424926758,3.587008059024811,28.613759517669678,11.380509316921234
arxiv,nocache_bf16,val,arxiv:val:000029:46e60dd09f5fbfe9,29,29,large_h6_n10_s100_wikics_arxiv,46e60dd09f5fbfe93e7fb91664a431efd615337292ea6cb1d8678ca53464fa5f,3,0,0,0,0,0,0,0,0,0,1301.036561,1301.0029296875,932.138845,367.703483,0.0,0.0,0.0,0.0,595.2293090820312,110.95599937438965,135.70515251159668,351.9315538406372,0.0,379.1847400665283,0.0,0.0,0.0,0.0,0.0,68.03564739227295,3.357760012149811,28.374080181121826,11.188511788845062
arxiv,nocache_bf16,val,arxiv:val:000030:dfd3d74dd7468378,30,30,large_h6_n10_s100_wikics_arxiv,dfd3d74dd7468378b9fe089cfadfa491a6c109bec1089a56d7c8f936713d3b00,3,0,0,0,0,0,0,0,0,0,1336.594843,1336.560791015625,1027.967645,308.951942,0.0,0.0,0.0,0.0,630.4329223632812,162.78121757507324,145.66761589050293,373.4382076263428,0.0,402.6623306274414,0.0,0.0,0.0,0.0,0.0,113.1644172668457,5.914976060390472,30.266144275665283,13.435679972171783
arxiv,nocache_bf16,val,arxiv:val:000031:2a6403817126e571,31,31,large_h6_n10_s100_wikics_arxiv,2a6403817126e571a35eb47f07b5f765d0f726f05ee913b223d9d38b59039542,3,0,0,0,0,0,0,0,0,0,1534.690798,1534.659912109375,1139.716063,393.875312,0.0,0.0,0.0,0.0,706.9741821289062,173.64127922058105,162.74739265441895,416.0316152572632,0.0,453.689959526062,0.0,0.0,0.0,0.0,0.0,117.274658203125,6.078464031219482,35.11296081542969,14.857664585113525
arxiv,nocache_bf16,val,arxiv:val:000032:2474123e47f8abf2,32,32,large_h6_n10_s100_wikics_arxiv,2474123e47f8abf2ca6215adf1cf4e43394b78b20d8e53c3d9b5d131e3a2d17b,3,0,0,0,0,0,0,0,0,0,1464.1633,1464.1290283203125,1138.153396,325.696418,0.0,0.0,0.0,0.0,707.0990600585938,171.27872276306152,163.66867065429688,416.99414348602295,0.0,454.0144500732422,0.0,0.0,0.0,0.0,0.0,115.35907173156738,6.035679996013641,34.99414396286011,15.095267176628113
arxiv,nocache_bf16,val,arxiv:val:000033:d0850dde7b86cfe1,33,33,large_h6_n10_s100_wikics_arxiv,d0850dde7b86cfe159626acbef6f22b442fc7f70a4212000a334b9de68dcb245,3,0,0,0,0,0,0,0,0,0,753.336079,753.3056030273438,407.769699,345.331141,0.0,0.0,0.0,0.0,265.61004638671875,49.11190462112427,59.16556739807129,152.61964893341064,0.0,172.31112957000732,0.0,0.0,0.0,0.0,0.0,31.08511972427368,1.522943988442421,11.42144000530243,5.082400903105736
arxiv,nocache_bf16,val,arxiv:val:000034:4eaa40c7c921d8f4,34,34,large_h6_n10_s100_wikics_arxiv,4eaa40c7c921d8f493a070722e1afd120044800ebc12cc5d04fef0e8a727b48a,3,0,0,0,0,0,0,0,0,0,1263.754777,1263.7205810546875,933.913037,329.200406,0.0,0.0,0.0,0.0,596.0328369140625,115.66441535949707,136.51321601867676,351.15196800231934,0.0,380.86809825897217,0.0,0.0,0.0,0.0,0.0,71.7103681564331,3.5968639850616455,28.84553623199463,11.51164698600769
arxiv,nocache_bf16,val,arxiv:val:000035:4456808cd3029e36,35,35,large_h6_n10_s100_wikics_arxiv,4456808cd3029e36c6cd674805dfba1b0df5470dc0b6229da27fb0db573093a9,3,0,0,0,0,0,0,0,0,0,1478.2363,1478.199462890625,1135.366956,343.311381,0.0,0.0,0.0,0.0,715.5381469726562,154.631010055542,166.90268898010254,422.61567974090576,0.0,459.5664300918579,0.0,0.0,0.0,0.0,0.0,99.4422082901001,5.087039947509766,35.48809623718262,14.578240394592285
arxiv,nocache_bf16,val,arxiv:val:000036:2b915ea34f5ecb41,36,36,large_h6_n10_s100_wikics_arxiv,2b915ea34f5ecb4195b7e648f39cc228565d57fb08ef7d137fd23d150f968b8c,3,0,0,0,0,0,0,0,0,0,1507.930611,1507.89501953125,1194.741402,312.716691,0.0,0.0,0.0,0.0,742.5919799804688,177.89801788330078,171.78387260437012,438.4781160354614,0.0,476.292893409729,0.0,0.0,0.0,0.0,0.0,117.7560977935791,6.334111869335175,36.93932819366455,15.56813257932663
arxiv,nocache_bf16,val,arxiv:val:000037:614f76a891d0d5a3,37,37,large_h6_n10_s100_wikics_arxiv,614f76a891d0d5a3b29923cdfe9627edcfe1f02f6c18878cfe56320dda43f363,3,0,0,0,0,0,0,0,0,0,1429.16263,1429.12744140625,1116.105204,312.25025,0.0,0.0,0.0,0.0,695.8339233398438,161.5807991027832,160.8779525756836,410.5437116622925,0.0,445.9091558456421,0.0,0.0,0.0,0.0,0.0,107.1358699798584,5.582848012447357,34.690239906311035,14.43574720621109
arxiv,nocache_bf16,val,arxiv:val:000038:1086cabadfb2c00e,38,38,large_h6_n10_s100_wikics_arxiv,1086cabadfb2c00efbeaa45c5b1b33cf288b259cb923f3c9f7d866c8204d9074,3,0,0,0,0,0,0,0,0,0,1460.089579,1460.0546875,1150.757406,309.03041,0.0,0.0,0.0,0.0,716.929931640625,173.006591796875,165.59369659423828,422.3846740722656,0.0,459.2384777069092,0.0,0.0,0.0,0.0,0.0,116.65251350402832,6.142111957073212,35.38006401062012,15.045052349567413
arxiv,nocache_bf16,val,arxiv:val:000039:863cfc33eb9bc5c9,39,39,large_h6_n10_s100_wikics_arxiv,863cfc33eb9bc5c943412c751858c2a4b19fae1e9600f8c00a7815f722d7057d,3,0,0,0,0,0,0,0,0,0,1346.308122,1346.277587890625,1036.715091,309.301197,0.0,0.0,0.0,0.0,634.8892211914062,165.3590087890625,146.04774475097656,374.1079969406128,0.0,407.23336696624756,0.0,0.0,0.0,0.0,0.0,115.02169418334961,6.0498878955841064,30.69004774093628,13.72918438911438
arxiv,nocache_bf16,val,arxiv:val:000040:138d2ea2dc1f5267,40,40,large_h6_n10_s100_wikics_arxiv,138d2ea2dc1f526777d488af538e88cb175b76d812df4fc0848d5ab0513b61f3,3,0,0,0,0,0,0,0,0,0,1562.544615,1562.5069580078125,1162.477643,399.751466,0.0,0.0,0.0,0.0,716.8150024414062,178.39878463745117,166.2046413421631,422.5422086715698,0.0,460.4774351119995,0.0,0.0,0.0,0.0,0.0,121.30387306213379,6.304224073886871,35.572959423065186,15.358111798763275
arxiv,nocache_bf16,val,arxiv:val:000041:d9a4a65cfd514f1c,41,41,large_h6_n10_s100_wikics_arxiv,d9a4a65cfd514f1cd028b6059ba71acd1c529452ede8859ce3fe42269be5e68c,3,0,0,0,0,0,0,0,0,0,1344.964012,1344.92919921875,1033.908129,310.529296,0.0,0.0,0.0,0.0,636.5978393554688,163.82937622070312,144.88761520385742,374.92796993255615,0.0,407.13658809661865,0.0,0.0,0.0,0.0,0.0,113.69052696228027,5.931455969810486,30.42633581161499,13.541761577129364
arxiv,nocache_bf16,val,arxiv:val:000042:ff0500b9a531de21,42,42,large_h6_n10_s100_wikics_arxiv,ff0500b9a531de21a3663ef84355fbe474988341d4bf06609c0f4f40872603e9,3,0,0,0,0,0,0,0,0,0,1406.547937,1406.5179443359375,1097.182096,309.349174,0.0,0.0,0.0,0.0,674.5774536132812,178.7698574066162,154.59357070922852,396.8278408050537,0.0,432.1803951263428,0.0,0.0,0.0,0.0,0.0,125.20633506774902,6.589151978492737,32.52736043930054,14.6276775598526
arxiv,nocache_bf16,val,arxiv:val:000043:ddd3b371329106e9,43,43,large_h6_n10_s100_wikics_arxiv,ddd3b371329106e9b3c0c5dff47a69baa52805ccf0e8705a520aa1b2b57a9b05,3,0,0,0,0,0,0,0,0,0,1556.324645,1556.287353515625,1160.558853,394.882696,0.0,0.0,0.0,0.0,715.7235107421875,176.5231647491455,166.2447681427002,422.68460845947266,0.0,459.3904142379761,0.0,0.0,0.0,0.0,0.0,119.91417503356934,6.244415879249573,35.17129611968994,15.206814050674438
arxiv,nocache_bf16,val,arxiv:val:000044:cf5d3d5d9903a199,44,44,large_h6_n10_s100_wikics_arxiv,cf5d3d5d9903a19940960e7d115d98e85bc20ff08ce0d304a458cf596df6ec1b,3,0,0,0,0,0,0,0,0,0,1456.968656,1456.936279296875,1148.068807,308.6286,0.0,0.0,0.0,0.0,717.2556762695312,161.98287773132324,166.4517116546631,423.4563865661621,0.0,460.2510013580322,0.0,0.0,0.0,0.0,0.0,105.63721466064453,5.5103679895401,35.665663719177246,14.89890992641449
arxiv,nocache_bf16,val,arxiv:val:000045:e1ef52cc72e53091,45,45,large_h6_n10_s100_wikics_arxiv,e1ef52cc72e53091c7800d41742de82340ef8f9ca0ca1a0e3701bf3b37d73687,3,0,0,0,0,0,0,0,0,0,1300.539137,1300.5093994140625,986.282043,313.740079,0.0,0.0,0.0,0.0,617.2304077148438,136.31660842895508,142.47974395751953,365.34796714782715,0.0,394.11633491516113,0.0,0.0,0.0,0.0,0.0,89.13923263549805,4.636128008365631,30.133024215698242,12.517247676849365
arxiv,nocache_bf16,val,arxiv:val:000046:ada3ab8e88f5559f,46,46,large_h6_n10_s100_wikics_arxiv,ada3ab8e88f5559fcccdcc6f953c2dd6aa4326a121c0a4aaf08dacb1b8284a90,3,0,0,0,0,0,0,0,0,0,1319.336321,1319.2989501953125,985.721573,332.489159,0.0,0.0,0.0,0.0,615.5405883789062,137.45638465881348,140.81990432739258,364.1000003814697,0.0,392.2604923248291,0.0,0.0,0.0,0.0,0.0,90.90294361114502,4.679775953292847,29.480064392089844,12.393600702285767
arxiv,nocache_bf16,val,arxiv:val:000047:d407276f731aeb82,47,47,large_h6_n10_s100_wikics_arxiv,d407276f731aeb826a2465293d82e27bd3bfeb5cc7bff84a8a4469484aab6322,3,0,0,0,0,0,0,0,0,0,1388.468197,1388.43701171875,1079.495997,308.702669,0.0,0.0,0.0,0.0,681.5221557617188,139.90240097045898,158.6526393890381,402.78371238708496,0.0,438.25831604003906,0.0,0.0,0.0,0.0,0.0,88.75942420959473,4.52262407541275,33.10598421096802,13.56396859884262
arxiv,nocache_bf16,val,arxiv:val:000048:dd42eff70fde6dc5,48,48,large_h6_n10_s100_wikics_arxiv,dd42eff70fde6dc5e47ff1df4ed4ee531b28791339a8573d15beb8be20bca69a,3,0,0,0,0,0,0,0,0,0,1613.0812,1613.04248046875,1213.492209,399.494272,0.0,0.0,0.0,0.0,745.94970703125,199.28572463989258,170.43020820617676,439.7410249710083,0.0,475.07748317718506,0.0,0.0,0.0,0.0,0.0,138.72147369384766,7.3242878913879395,36.80614423751831,16.41727566719055
arxiv,nocache_bf16,val,arxiv:val:000049:a2b8aa86fe2b3b80,49,49,large_h6_n10_s100_wikics_arxiv,a2b8aa86fe2b3b809d0aacfbc7c40ec2063058ada285d832b83a88d0103ba626,3,0,0,0,0,0,0,0,0,0,1466.698935,1466.661376953125,1152.172922,313.314644,0.0,0.0,0.0,0.0,715.8707885742188,169.01408004760742,166.28675270080566,422.57430267333984,0.0,459.58323860168457,0.0,0.0,0.0,0.0,0.0,112.45555114746094,5.913919985294342,35.547295570373535,14.90396922826767
arxiv,nocache_bf16,val,arxiv:val:000050:2a47659d2f813532,50,50,large_h6_n10_s100_wikics_arxiv,2a47659d2f813532ed4dc6a42a9d4cf68dc3143b0c35fc5da3cc25947ca3b91d,3,0,0,0,0,0,0,0,0,0,1486.534631,1486.503662109375,1142.565172,343.929835,0.0,0.0,0.0,0.0,717.4996337890625,157.0523853302002,167.76492500305176,423.4086084365845,0.0,461.6919288635254,0.0,0.0,0.0,0.0,0.0,100.8955192565918,5.1823999881744385,35.840479373931885,14.739967346191406
arxiv,nocache_bf16,val,arxiv:val:000051:25fed5df9f2e16af,51,51,large_h6_n10_s100_wikics_arxiv,25fed5df9f2e16af5276f39be3ac9b4fbbf21cb37f57fd15fbb3eb0033ad4253,3,0,0,0,0,0,0,0,0,0,1608.75943,1608.7213134765625,1214.227846,395.374742,0.0,0.0,0.0,0.0,745.6831665039062,199.44121551513672,170.41200065612793,439.9760322570801,0.0,475.3362970352173,0.0,0.0,0.0,0.0,0.0,138.73648071289062,7.33676815032959,36.36777591705322,16.3675537109375
arxiv,nocache_bf16,val,arxiv:val:000052:03bd7d4b35d5ec75,52,52,large_h6_n10_s100_wikics_arxiv,03bd7d4b35d5ec754ccede1f77f03d4c83f1bce222870c0d7931411a50a1a0ae,3,0,0,0,0,0,0,0,0,0,1268.181395,1268.1456298828125,936.209683,330.323856,0.0,0.0,0.0,0.0,598.6414794921875,114.9486083984375,137.02428817749023,353.4281940460205,0.0,382.2375736236572,0.0,0.0,0.0,0.0,0.0,70.84192085266113,3.5927039980888367,28.773792266845703,11.461373686790466
arxiv,nocache_bf16,val,arxiv:val:000053:859d651c5c113b2b,53,53,large_h6_n10_s100_wikics_arxiv,859d651c5c113b2b710e3dd92e0b453173673741fd2acce2fade900d8aeca11e,3,0,0,0,0,0,0,0,0,0,1546.267455,1546.230224609375,1148.710892,395.40845,0.0,0.0,0.0,0.0,710.5842895507812,173.93641662597656,163.9785270690918,418.09417629241943,0.0,456.4686403274536,0.0,0.0,0.0,0.0,0.0,117.54649543762207,6.093791961669922,35.068095684051514,14.958590030670166
arxiv,nocache_bf16,val,arxiv:val:000054:300231fc70309c0c,54,54,large_h6_n10_s100_wikics_arxiv,300231fc70309c0cfd22317394782a0a007fef674b24b0ff0106b29c1afc2b36,3,0,0,0,0,0,0,0,0,0,1590.096592,1590.064208984375,1193.15807,395.492621,0.0,0.0,0.0,0.0,729.1747436523438,198.29443168640137,168.14409637451172,429.79222202301025,0.0,467.5347509384155,0.0,0.0,0.0,0.0,0.0,137.1861114501953,7.143231987953186,36.70179224014282,16.49664068222046
arxiv,nocache_bf16,val,arxiv:val:000055:a212b20457638022,55,55,large_h6_n10_s100_wikics_arxiv,a212b20457638022238ddab4fbf222c37df631dd211fdab1c40ca8cbfaae7cf5,3,0,0,0,0,0,0,0,0,0,1485.832363,1485.7960205078125,1158.563354,326.295226,0.0,0.0,0.0,0.0,716.9931030273438,176.98163414001465,165.4727020263672,422.7730894088745,0.0,459.6927156448364,0.0,0.0,0.0,0.0,0.0,120.31622314453125,6.290495991706848,35.48627185821533,15.135169863700867
arxiv,nocache_bf16,val,arxiv:val:000056:215743a6c95a4322,56,56,large_h6_n10_s100_wikics_arxiv,215743a6c95a4322fe408a6ba7a4a9370a75f4cc4532aaca99dde5ef8f023db6,3,0,0,0,0,0,0,0,0,0,1600.425681,1600.3878173828125,1199.931966,400.14346,0.0,0.0,0.0,0.0,729.745361328125,205.18992233276367,165.5266227722168,429.79606437683105,0.0,465.6111717224121,0.0,0.0,0.0,0.0,0.0,145.36284828186035,7.720479965209961,35.61868762969971,15.87465763092041
arxiv,nocache_bf16,val,arxiv:val:000057:93b7a7f59cc74a9e,57,57,large_h6_n10_s100_wikics_arxiv,93b7a7f59cc74a9ee193ce677f5005da0c006b92d97b540966bd127e7f276715,3,0,0,0,0,0,0,0,0,0,1560.818074,1560.785888671875,1163.282434,395.658326,0.0,0.0,0.0,0.0,718.3499145507812,177.37171173095703,166.32729530334473,423.89516735076904,0.0,461.7517728805542,0.0,0.0,0.0,0.0,0.0,119.7333755493164,6.319712042808533,35.797728538513184,15.414719223976135
arxiv,nocache_bf16,val,arxiv:val:000058:baff727dd79bfef8,58,58,large_h6_n10_s100_wikics_arxiv,baff727dd79bfef81394c2cc7d0db687035b7850b8cd72fd35533259dcbc5e44,3,0,0,0,0,0,0,0,0,0,1361.613398,1361.57861328125,1045.501413,314.030185,0.0,0.0,0.0,0.0,663.40234375,132.96185684204102,155.42902183532715,391.765341758728,0.0,425.80605697631836,0.0,0.0,0.0,0.0,0.0,83.12351894378662,4.254112064838409,32.87875175476074,13.132000148296356
arxiv,nocache_bf16,val,arxiv:val:000059:283bfc5fbdab96be,59,59,large_h6_n10_s100_wikics_arxiv,283bfc5fbdab96be178e1ef02673805c313e85a7db94d22467b6608e90253fa3,3,0,0,0,0,0,0,0,0,0,1472.417,1472.3853759765625,1162.389764,308.929768,0.0,0.0,0.0,0.0,720.6361083984375,177.3089942932129,167.47494506835938,424.6864318847656,0.0,463.78100395202637,0.0,0.0,0.0,0.0,0.0,120.42425918579102,6.217280030250549,35.638911724090576,15.367328464984894
arxiv,nocache_bf16,val,arxiv:val:000060:223fff55dd3aa076,60,60,large_h6_n10_s100_wikics_arxiv,223fff55dd3aa07627e13f9449707c2e850612851f89eb5f38bbde0ba338602a,3,0,0,0,0,0,0,0,0,0,1259.078846,1259.048828125,944.656359,312.056234,0.0,0.0,0.0,0.0,600.7880859375,115.82284736633301,137.23724937438965,354.8557119369507,0.0,383.90863704681396,0.0,0.0,0.0,0.0,0.0,72.0005750656128,3.6281599402427673,28.80665636062622,11.554751455783844
arxiv,nocache_bf16,val,arxiv:val:000061:819cfb4438026420,61,61,large_h6_n10_s100_wikics_arxiv,819cfb4438026420a44e76d1b5e4396b6c12d15e01cdfdca4eafe4356bf5fd78,3,0,0,0,0,0,0,0,0,0,1413.575969,1413.5390625,1102.273116,309.699999,0.0,0.0,0.0,0.0,683.4699096679688,163.9687042236328,158.7328643798828,403.3256950378418,0.0,438.87707901000977,0.0,0.0,0.0,0.0,0.0,110.38335990905762,5.71206396818161,33.3755521774292,14.429215967655182
arxiv,nocache_bf16,val,arxiv:val:000062:f14653257fd8d626,62,62,large_h6_n10_s100_wikics_arxiv,f14653257fd8d626a647b705baa748c4047f2bffaa9a0536a43e3e90199fe238,3,0,0,0,0,0,0,0,0,0,1400.355542,1400.3203125,1089.320864,310.239564,0.0,0.0,0.0,0.0,685.5459594726562,145.3501434326172,158.91468811035156,403.8359041213989,0.0,440.6247434616089,0.0,0.0,0.0,0.0,0.0,93.35571193695068,4.775456011295319,33.19807958602905,13.905374228954315
arxiv,nocache_bf16,val,arxiv:val:000063:a6c9213601343c5a,63,63,large_h6_n10_s100_wikics_arxiv,a6c9213601343c5af310560e147a57675830c585f12c4b745f42161685ac0945,3,0,0,0,0,0,0,0,0,0,1469.352987,1469.3211669921875,1158.19512,310.889743,0.0,0.0,0.0,0.0,719.8317260742188,171.00300788879395,166.21635246276855,424.788480758667,0.0,462.07042026519775,0.0,0.0,0.0,0.0,0.0,114.19849586486816,5.903039932250977,35.48902368545532,15.097250998020172
arxiv,nocache_bf16,val,arxiv:val:000064:1f114887af1ecfa5,64,64,large_h6_n10_s100_wikics_arxiv,1f114887af1ecfa56bcb4f6bc29544f32172af5626be259cf411be7bd9bc4eed,3,0,0,0,0,0,0,0,0,0,1415.796439,1415.759521484375,1099.951798,314.126992,0.0,0.0,0.0,0.0,675.2803955078125,176.2796459197998,155.191650390625,398.20934200286865,0.0,432.26270389556885,0.0,0.0,0.0,0.0,0.0,122.38659286499023,6.594176113605499,32.76076793670654,14.637885212898254
arxiv,nocache_bf16,val,arxiv:val:000065:a0032c4710ae3a15,65,65,large_h6_n10_s100_wikics_arxiv,a0032c4710ae3a1546d174201bd65f39f734bad0dbaa659b3bf599a5959b7ddf,3,0,0,0,0,0,0,0,0,0,1580.956668,1580.91748046875,1186.432586,396.440839,0.0,0.0,0.0,0.0,729.96142578125,191.59593391418457,168.21132850646973,429.43401527404785,0.0,467.43614768981934,0.0,0.0,0.0,0.0,0.0,130.6583366394043,6.936160087585449,36.37673616409302,15.850368738174438
arxiv,nocache_bf16,val,arxiv:val:000066:fd1e8eebbd69f945,66,66,large_h6_n10_s100_wikics_arxiv,fd1e8eebbd69f945b7937053fe1894d7aa4e3d017b7566cbc0ddbd2ec591ade0,3,0,0,0,0,0,0,0,0,0,1516.466361,1516.4342041015625,1202.076862,313.646563,0.0,0.0,0.0,0.0,747.2647094726562,183.29753303527832,173.3895034790039,441.25433921813965,0.0,479.9476509094238,0.0,0.0,0.0,0.0,0.0,124.74995231628418,6.385472059249878,36.89328050613403,15.816796660423279
arxiv,nocache_bf16,val,arxiv:val:000067:ad1389fe50ead330,67,67,large_h6_n10_s100_wikics_arxiv,ad1389fe50ead330fcbb0d1c3b6897b19fadd83f66a990bd417484c3cd9c8118,3,0,0,0,0,0,0,0,0,0,1443.329929,1443.2979736328125,1132.355186,310.704522,0.0,0.0,0.0,0.0,684.0393676757812,187.55145645141602,157.97468757629395,403.4760637283325,0.0,438.5379915237427,0.0,0.0,0.0,0.0,0.0,132.12841796875,6.794464111328125,33.36723232269287,15.26134204864502
arxiv,nocache_bf16,val,arxiv:val:000068:0e2309a14e4e7ad2,68,68,large_h6_n10_s100_wikics_arxiv,0e2309a14e4e7ad206ec00b0afceb8be3573064c0f92010b47f04a2ba2d1f390,3,0,0,0,0,0,0,0,0,0,758.070167,758.0427856445312,409.679254,348.168453,0.0,0.0,0.0,0.0,265.0914611816406,49.195168018341064,59.28361511230469,152.89619159698486,0.0,171.813636302948,0.0,0.0,0.0,0.0,0.0,31.125727653503418,1.5301759988069534,11.444064021110535,5.095200344920158
arxiv,nocache_bf16,val,arxiv:val:000069:d86e811a7bc24db7,69,69,large_h6_n10_s100_wikics_arxiv,d86e811a7bc24db744e8778bf19d7b3f44eb7d7ebf8bfe7ccd74c22d935087f2,3,0,0,0,0,0,0,0,0,0,1533.561253,1533.5223388671875,1187.944891,345.30737,0.0,0.0,0.0,0.0,728.4851684570312,193.50559997558594,166.27251434326172,429.9114246368408,0.0,465.6824312210083,0.0,0.0,0.0,0.0,0.0,134.46300888061523,7.208191871643066,36.13161611557007,15.702783107757568
arxiv,nocache_bf16,val,arxiv:val:000070:2a3d92150c4f73db,70,70,large_h6_n10_s100_wikics_arxiv,2a3d92150c4f73db35252c8869d52c2058311805ab42839e792ab8f73946b897,3,0,0,0,0,0,0,0,0,0,1358.516659,1358.48583984375,1046.590517,311.590057,0.0,0.0,0.0,0.0,648.7393798828125,148.75337600708008,150.5044460296631,382.73126316070557,0.0,416.069974899292,0.0,0.0,0.0,0.0,0.0,98.50323104858398,5.08543998003006,31.642848014831543,13.369121253490448
arxiv,nocache_bf16,val,arxiv:val:000071:cf9896e4eb750fe0,71,71,large_h6_n10_s100_wikics_arxiv,cf9896e4eb750fe0c9cee7c8b288a7a8e49d9cc63c2a39ef685e91beaa53ed04,3,0,0,0,0,0,0,0,0,0,1443.391871,1443.360107421875,1128.353955,314.779153,0.0,0.0,0.0,0.0,702.0743408203125,166.39510345458984,162.56585693359375,413.9497261047363,0.0,450.6904716491699,0.0,0.0,0.0,0.0,0.0,110.57638549804688,5.749343931674957,35.292128562927246,14.73600047826767
arxiv,nocache_bf16,val,arxiv:val:000072:11c31d8e3f561208,72,72,large_h6_n10_s100_wikics_arxiv,11c31d8e3f5612084a2dbd8c1a42815cb6224c2900ec1d9301030c9f7d9ebb85,3,0,0,0,0,0,0,0,0,0,1539.209217,1539.177001953125,1206.696775,332.250902,0.0,0.0,0.0,0.0,748.8265991210938,185.61673545837402,172.62256050109863,442.5407648086548,0.0,478.9083948135376,0.0,0.0,0.0,0.0,0.0,125.89148712158203,6.686975836753845,37.16764783859253,16.079487085342407
arxiv,nocache_bf16,val,arxiv:val:000073:1332d50ddf2eeca1,73,73,large_h6_n10_s100_wikics_arxiv,1332d50ddf2eeca169e5b81ca0b3ac3e1c51f99b4e36d2902cde6073b387a2d0,3,0,0,0,0,0,0,0,0,0,1582.484785,1582.447021484375,1185.614353,396.448049,0.0,0.0,0.0,0.0,730.2172241210938,188.4974708557129,168.18121528625488,430.36959743499756,0.0,468.4956932067871,0.0,0.0,0.0,0.0,0.0,128.812255859375,6.909503936767578,36.82028818130493,15.95542287826538
arxiv,nocache_bf16,val,arxiv:val:000074:e0a31edde87a7444,74,74,large_h6_n10_s100_wikics_arxiv,e0a31edde87a744459029bea340649f33a84460931b483db992080e065477e9e,3,0,0,0,0,0,0,0,0,0,1299.491467,1299.455322265625,979.586258,317.937429,0.0,0.0,0.0,0.0,615.5413208007812,135.13507270812988,140.96479988098145,364.39622497558594,0.0,392.1978406906128,0.0,0.0,0.0,0.0,0.0,88.53564834594727,4.574720025062561,29.76367998123169,12.515616297721863
arxiv,nocache_bf16,val,arxiv:val:000075:0a132a451a46a45b,75,75,large_h6_n10_s100_wikics_arxiv,0a132a451a46a45bcb97637eec4dab61c47b992cacfe8b0fdcf22dbb745a1380,3,0,0,0,0,0,0,0,0,0,1403.828384,1403.791259765625,1020.362168,381.899237,0.0,0.0,0.0,0.0,640.3414306640625,135.6734390258789,147.46643257141113,376.2517738342285,0.0,410.0249071121216,0.0,0.0,0.0,0.0,0.0,87.2916488647461,4.476063966751099,30.97391986846924,12.909374296665192
arxiv,nocache_bf16,val,arxiv:val:000076:b1ad7f9bb93742d5,76,76,large_h6_n10_s100_wikics_arxiv,b1ad7f9bb93742d57d93c723bded1ff9487d253437f89c993ed39560542cccda,3,0,0,0,0,0,0,0,0,0,1417.657575,1417.6207275390625,1030.456979,385.082211,0.0,0.0,0.0,0.0,638.627685546875,149.2697582244873,147.63625526428223,377.38748931884766,0.0,408.87645149230957,0.0,0.0,0.0,0.0,0.0,100.19343852996826,5.255584001541138,30.959263801574707,13.221023797988892
arxiv,nocache_bf16,val,arxiv:val:000077:636e20ca6e1d821d,77,77,large_h6_n10_s100_wikics_arxiv,636e20ca6e1d821d85f8b6f88702a66347f568d2975ab829f49e905d3295654b,3,0,0,0,0,0,0,0,0,0,1345.386937,1345.3565673828125,979.128714,363.730233,0.0,0.0,0.0,0.0,619.5725708007812,132.94038581848145,142.13043212890625,366.809534072876,0.0,394.9961214065552,0.0,0.0,0.0,0.0,0.0,86.23600101470947,4.425248026847839,29.94960069656372,12.365281701087952
arxiv,nocache_bf16,val,arxiv:val:000078:23743d45533046ec,78,78,large_h6_n10_s100_wikics_arxiv,23743d45533046eceaf1c1af64d1e14aaa8f5a22c78f7016394923a043b2804a,3,0,0,0,0,0,0,0,0,0,1457.444669,1457.4132080078125,1146.12409,311.010752,0.0,0.0,0.0,0.0,703.4190063476562,179.97686195373535,162.28342247009277,415.34502506256104,0.0,451.24650287628174,0.0,0.0,0.0,0.0,0.0,122.57753562927246,6.3840320110321045,35.024288177490234,15.290144085884094
arxiv,nocache_bf16,val,arxiv:val:000079:1e65174104a1505a,79,79,large_h6_n10_s100_wikics_arxiv,1e65174104a1505a7bdd624a1acd688b3680da85996d2ef44bbbc87389e196e4,3,0,0,0,0,0,0,0,0,0,1589.590673,1589.558349609375,1191.975763,397.507503,0.0,0.0,0.0,0.0,720.620849609375,206.25011444091797,166.45500564575195,424.5378532409668,0.0,461.6451644897461,0.0,0.0,0.0,0.0,0.0,146.52284622192383,7.686336040496826,35.756192207336426,16.500449657440186
arxiv,nocache_bf16,val,arxiv:val:000080:5938139cc92984b8,80,80,large_h6_n10_s100_wikics_arxiv,5938139cc92984b8a1aaeb096edff4af8ce500ccf4df6024b66b636ee66fb8ad,3,0,0,0,0,0,0,0,0,0,1280.121836,1280.0865478515625,908.205601,372.07392,0.0,0.0,0.0,0.0,573.8914184570312,117.24867248535156,130.92236709594727,338.4891872406006,0.0,365.85819816589355,0.0,0.0,0.0,0.0,0.0,74.9847993850708,3.777951955795288,27.314624309539795,11.248449444770813
arxiv,nocache_bf16,val,arxiv:val:000081:103812d8128782bf,81,81,large_h6_n10_s100_wikics_arxiv,103812d8128782bf2d6b0a6e4559818f35c7ea64484cee79dbf3fd92559a9169,3,0,0,0,0,0,0,0,0,0,1425.581721,1425.5450439453125,1109.598004,315.437502,0.0,0.0,0.0,0.0,685.654296875,166.50841522216797,158.64083290100098,403.9736614227295,0.0,440.2827453613281,0.0,0.0,0.0,0.0,0.0,112.7814712524414,5.862591922283173,33.465919971466064,14.655997574329376
arxiv,nocache_bf16,val,arxiv:val:000082:ef97f140c26e76a7,82,82,large_h6_n10_s100_wikics_arxiv,ef97f140c26e76a76756767fb519c0006836b4ec6a63adff45776dc58da7edf0,3,0,0,0,0,0,0,0,0,0,1459.316648,1459.2794189453125,1143.659847,315.815167,0.0,0.0,0.0,0.0,713.9307250976562,165.273344039917,166.0919361114502,420.88444900512695,0.0,459.3115568161011,0.0,0.0,0.0,0.0,0.0,108.38793563842773,5.776319980621338,36.16492795944214,14.944160461425781
arxiv,nocache_bf16,val,arxiv:val:000083:a39d60ef16fc4859,83,83,large_h6_n10_s100_wikics_arxiv,a39d60ef16fc4859f0cbb1f8bd127e91871eb54fff72fe03a1c091da9dd2a231,3,0,0,0,0,0,0,0,0,0,1489.898789,1489.8670654296875,1174.496776,315.13548,0.0,0.0,0.0,0.0,722.6709594726562,180.9775676727295,167.41817665100098,426.12416076660156,0.0,463.96497535705566,0.0,0.0,0.0,0.0,0.0,123.29830551147461,6.296256005764008,35.85913610458374,15.696927845478058
arxiv,nocache_bf16,val,arxiv:val:000084:5e59d4339eecb4b0,84,84,large_h6_n10_s100_wikics_arxiv,5e59d4339eecb4b0483be1a708ce6e0900ea0d36b21157a03b359dd6edca154f,3,0,0,0,0,0,0,0,0,0,1346.208392,1346.177734375,1030.16481,315.330448,0.0,0.0,0.0,0.0,628.4688720703125,157.61619186401367,146.41680145263672,371.2225914001465,0.0,403.66308212280273,0.0,0.0,0.0,0.0,0.0,108.3996810913086,5.646239995956421,30.26214361190796,13.37075161933899
arxiv,nocache_bf16,val,arxiv:val:000085:d0843ce56b22dc73,85,85,large_h6_n10_s100_wikics_arxiv,d0843ce56b22dc73a3618d338723a965a999cb83eeceeaa30cb60167e3ac1382,3,0,0,0,0,0,0,0,0,0,1481.438562,1481.4066162109375,1152.591363,327.974326,0.0,0.0,0.0,0.0,703.751708984375,184.6280002593994,163.45695877075195,414.8832941055298,0.0,452.32537364959717,0.0,0.0,0.0,0.0,0.0,127.80412864685059,6.592352032661438,34.99452781677246,15.643554091453552
arxiv,nocache_bf16,val,arxiv:val:000086:c931e503a421c342,86,86,large_h6_n10_s100_wikics_arxiv,c931e503a421c34267ec82b94e039d60e19b3bf05af914aae79205e0decda7d4,3,0,0,0,0,0,0,0,0,0,1467.027132,1466.9906005859375,1154.713814,312.016568,0.0,0.0,0.0,0.0,720.6162719726562,164.33321571350098,168.07123374938965,425.6622066497803,0.0,462.9582214355469,0.0,0.0,0.0,0.0,0.0,107.45261001586914,5.642239987850189,36.21731233596802,15.030878841876984
arxiv,nocache_bf16,val,arxiv:val:000087:9f3a2d6097b0f6bd,87,87,large_h6_n10_s100_wikics_arxiv,9f3a2d6097b0f6bdc313c6295f2299bc6c3187102e3e75faf02bfa838fb30ae0,3,0,0,0,0,0,0,0,0,0,1471.466132,1471.4345703125,1155.921956,315.2874,0.0,0.0,0.0,0.0,715.0203247070312,175.49414443969727,165.34953689575195,422.133825302124,0.0,458.2360363006592,0.0,0.0,0.0,0.0,0.0,117.7236499786377,6.164960026741028,35.22038412094116,15.306046307086945
arxiv,nocache_bf16,val,arxiv:val:000088:d92d2e293d83fe2f,88,88,large_h6_n10_s100_wikics_arxiv,d92d2e293d83fe2f12b22432fd45e9e92790a6d804e43b5675e947d66dc7965e,3,0,0,0,0,0,0,0,0,0,1525.287779,1525.2496337890625,1127.310114,397.734184,0.0,0.0,0.0,0.0,703.3203735351562,159.42281341552734,162.7793312072754,414.6324825286865,0.0,451.4672222137451,0.0,0.0,0.0,0.0,0.0,104.57014274597168,5.497600018978119,35.115551471710205,14.481084823608398
arxiv,nocache_bf16,val,arxiv:val:000089:ca95f6f1b4e66743,89,89,large_h6_n10_s100_wikics_arxiv,ca95f6f1b4e66743e24e634927bd1f85787d4b5f1d0520aed4dd463ee6107386,3,0,0,0,0,0,0,0,0,0,1030.766119,1030.7362060546875,666.051748,363.531914,0.0,0.0,0.0,0.0,427.0265197753906,78.99433612823486,97.58755111694336,250.4546251296997,0.0,274.1594457626343,0.0,0.0,0.0,0.0,0.0,48.36812782287598,2.355232000350952,20.182015895843506,8.220576286315918
arxiv,nocache_bf16,val,arxiv:val:000090:c11b4735265097a4,90,90,large_h6_n10_s100_wikics_arxiv,c11b4735265097a44930d96d5587558acbb6ad2ce18590c698eac674f2a4537d,3,0,0,0,0,0,0,0,0,0,1127.387495,1127.3536376953125,755.40371,371.377499,0.0,0.0,0.0,0.0,472.7806396484375,101.37065505981445,108.27135848999023,276.41590309143066,0.0,304.63609504699707,0.0,0.0,0.0,0.0,0.0,66.51504039764404,3.462271988391876,21.945824146270752,9.499678671360016
arxiv,nocache_bf16,val,arxiv:val:000091:3080ca54e7b4810a,91,91,large_h6_n10_s100_wikics_arxiv,3080ca54e7b4810a5398d13cb2684ed159ae5e73eba029f817a64cc835d8ee00,3,0,0,0,0,0,0,0,0,0,1464.821497,1464.7890625,1148.847272,315.837049,0.0,0.0,0.0,0.0,706.1333618164062,180.33196830749512,163.40620613098145,415.56656074523926,0.0,453.97300720214844,0.0,0.0,0.0,0.0,0.0,123.33481407165527,6.453567981719971,35.13203191757202,15.256735563278198
arxiv,nocache_bf16,val,arxiv:val:000092:c554553d97e30d78,92,92,large_h6_n10_s100_wikics_arxiv,c554553d97e30d78d7909dfafe3fbb78151bd68f5f605863d751110e5db6a7f9,3,0,0,0,0,0,0,0,0,0,1338.819158,1338.78857421875,919.450224,417.88771,0.0,0.0,0.0,0.0,595.0345458984375,115.48137474060059,136.1919345855713,350.2717123031616,0.0,381.2722339630127,0.0,0.0,0.0,0.0,0.0,72.1300802230835,3.5971840023994446,28.138047695159912,11.616062819957733
arxiv,nocache_bf16,val,arxiv:val:000093:f7af87a891af9d09,93,93,large_h6_n10_s100_wikics_arxiv,f7af87a891af9d09f37e54b0d2c012c059c353aa05a62ef5edbdf198016c320b,3,0,0,0,0,0,0,0,0,0,1460.694418,1460.6571044921875,1148.409461,312.296871,0.0,0.0,0.0,0.0,722.0545654296875,173.62345695495605,167.76476860046387,425.25043201446533,0.0,464.3202295303345,0.0,0.0,0.0,0.0,0.0,116.31180763244629,6.090720057487488,35.92847967147827,15.359297931194305
arxiv,nocache_bf16,val,arxiv:val:000094:c49ce41630690eb2,94,94,large_h6_n10_s100_wikics_arxiv,c49ce41630690eb2875e5821578e9175ae7b054958b3e878556ae492365cbc54,3,0,0,0,0,0,0,0,0,0,1434.474746,1434.436279296875,1124.317906,311.445182,0.0,0.0,0.0,0.0,703.9982299804688,171.6431369781494,163.3239688873291,415.67603492736816,0.0,451.8502445220947,0.0,0.0,0.0,0.0,0.0,115.49507331848145,5.96969598531723,35.13219213485718,15.025023460388184
arxiv,nocache_bf16,val,arxiv:val:000095:d1b804cfe6bbd7e7,95,95,large_h6_n10_s100_wikics_arxiv,d1b804cfe6bbd7e705150c6ddc19faca93a98d8004ede770615deb67bbf7b37f,3,0,0,0,0,0,0,0,0,0,1510.241615,1510.2100830078125,1160.004321,349.982925,0.0,0.0,0.0,0.0,725.56787109375,179.7922248840332,168.1728000640869,427.8236131668091,0.0,466.0034227371216,0.0,0.0,0.0,0.0,0.0,122.0079345703125,6.183616101741791,35.815871715545654,15.70893144607544
arxiv,nocache_bf16,val,arxiv:val:000096:ec672f4715dd3985,96,96,large_h6_n10_s100_wikics_arxiv,ec672f4715dd3985423b1d7da9aaae0f5347758a5d73c859780f2f3e7aa6498f,3,0,0,0,0,0,0,0,0,0,1468.604645,1468.5672607421875,1157.370504,311.14946,0.0,0.0,0.0,0.0,724.0972290039062,177.19052696228027,167.2723503112793,426.99801540374756,0.0,464.371563911438,0.0,0.0,0.0,0.0,0.0,119.33772659301758,6.26006406545639,36.09721612930298,15.495520174503326
arxiv,nocache_bf16,val,arxiv:val:000097:f6245857f5f07407,97,97,large_h6_n10_s100_wikics_arxiv,f6245857f5f07407b3f88778c9316b16c98f8849b85552d58bca7df1a935723e,3,0,0,0,0,0,0,0,0,0,1575.331661,1575.3001708984375,1176.813082,397.935429,0.0,0.0,0.0,0.0,733.3405151367188,185.76636505126953,170.59782218933105,433.3815050125122,0.0,471.7521448135376,0.0,0.0,0.0,0.0,0.0,126.91292762756348,6.400864005088806,36.51408004760742,16.023709774017334
arxiv,nocache_bf16,val,arxiv:val:000098:fc6abf08b8b0001e,98,98,large_h6_n10_s100_wikics_arxiv,fc6abf08b8b0001e9313d3417be92f18e0e0864d878974971cf6ffcc7e7350c3,3,0,0,0,0,0,0,0,0,0,1176.112641,1176.0784912109375,859.654204,316.187674,0.0,0.0,0.0,0.0,556.8533325195312,103.84675216674805,127.9010238647461,328.0651206970215,0.0,357.7939701080322,0.0,0.0,0.0,0.0,0.0,63.295647621154785,3.1629120111465454,26.478879928588867,10.606847167015076
arxiv,nocache_bf16,val,arxiv:val:000099:66f7ff1f3a72ebb7,99,99,large_h6_n10_s100_wikics_arxiv,66f7ff1f3a72ebb7a8bb64ef808626e952cdfdaa780c993573ad1026141d4d65,3,0,0,0,0,0,0,0,0,0,1443.798685,1443.766845703125,1125.370184,315.580935,0.0,0.0,0.0,0.0,687.39599609375,187.71891403198242,158.78937530517578,405.0766763687134,0.0,440.75477504730225,0.0,0.0,0.0,0.0,0.0,131.45372581481934,6.82262396812439,33.72694396972656,15.44022798538208
arxiv,nocache_bf16,test,arxiv:test:000000:8aeecba8862d1102,100,0,large_h6_n10_s100_wikics_arxiv,8aeecba8862d11020a114168d046089c4e2d396f1d577261816bc2a09d70c909,3,0,0,0,0,0,0,0,0,0,1267.36336,1267.280517578125,892.613568,368.253688,0.0,0.0,0.0,0.0,519.0599365234375,111.09267234802246,119.03913307189941,304.33635234832764,0.0,334.10422229766846,0.0,0.0,0.0,0.0,0.0,71.6744966506958,3.6642879843711853,25.25551986694336,10.498367846012115
arxiv,nocache_bf16,test,arxiv:test:000001:34c176a088ad1429,101,1,large_h6_n10_s100_wikics_arxiv,34c176a088ad14291b4ca520137113412e5b7c8ea153de8adcead79fdbf6e251,3,0,0,0,0,0,0,0,0,0,1566.670743,1566.637939453125,1170.084126,396.197374,0.0,0.0,0.0,0.0,719.7626342773438,183.12057495117188,165.92713737487793,424.48451137542725,0.0,460.6461420059204,0.0,0.0,0.0,0.0,0.0,125.63913917541504,6.504543960094452,35.493248462677,15.362656891345978
arxiv,nocache_bf16,test,arxiv:test:000002:d675140a548725b4,102,2,large_h6_n10_s100_wikics_arxiv,d675140a548725b4c6d4948151c0ffed99b5b331ac253fabce8422878f98cbc5,3,0,0,0,0,0,0,0,0,0,1434.950071,1434.9141845703125,965.941317,467.913811,0.0,0.0,0.0,0.0,602.6533813476562,138.33808135986328,137.5813446044922,355.36793327331543,0.0,384.866792678833,0.0,0.0,0.0,0.0,0.0,92.58867168426514,4.7847999930381775,28.890496253967285,12.307839930057526
arxiv,nocache_bf16,test,arxiv:test:000003:77e480c4e7aba13c,103,3,large_h6_n10_s100_wikics_arxiv,77e480c4e7aba13c6f51e9b3b822650b1679f5fc8a9d112ac559dac67edbaa2d,3,0,0,0,0,0,0,0,0,0,1355.649859,1355.6181640625,1009.407947,344.591259,0.0,0.0,0.0,0.0,593.3043823242188,193.59747123718262,135.50390434265137,350.0103349685669,0.0,378.7979516983032,0.0,0.0,0.0,0.0,0.0,144.44870376586914,7.627807855606079,27.821056365966797,13.916223287582397
arxiv,nocache_bf16,test,arxiv:test:000004:e76d0c446fb20015,104,4,large_h6_n10_s100_wikics_arxiv,e76d0c446fb200155bab8f5b50e1bfeee149028b49c0cefdbf77cd82298987ef,3,0,0,0,0,0,0,0,0,0,1394.116521,1394.0782470703125,1084.271448,310.747951,0.0,0.0,0.0,0.0,666.7982177734375,170.70153617858887,153.79011154174805,392.6641597747803,0.0,427.91530418395996,0.0,0.0,0.0,0.0,0.0,117.97405052185059,6.170688152313232,32.257344245910645,14.347517371177673
arxiv,nocache_bf16,test,arxiv:test:000005:5f27d2a1b37cbc3e,105,5,large_h6_n10_s100_wikics_arxiv,5f27d2a1b37cbc3ef73ce9f6c26f05ba8e10225420a2c8bd688c25086552f86b,3,0,0,0,0,0,0,0,0,0,1469.494501,1469.4564208984375,1141.008619,328.176712,0.0,0.0,0.0,0.0,718.7515258789062,155.18153762817383,168.607328414917,424.3097896575928,0.0,463.04906463623047,0.0,0.0,0.0,0.0,0.0,99.21407890319824,5.085567951202393,36.00176000595093,14.83350658416748
arxiv,nocache_bf16,test,arxiv:test:000006:665d2ed7aedfc59e,106,6,large_h6_n10_s100_wikics_arxiv,665d2ed7aedfc59ebde23874a48b455bfdc251afad90b472d910958edcb2e5e4,3,0,0,0,0,0,0,0,0,0,1320.29288,1320.256591796875,1008.644349,311.37753,0.0,0.0,0.0,0.0,636.8295288085938,128.63183975219727,148.9290256500244,377.21846294403076,0.0,408.66206550598145,0.0,0.0,0.0,0.0,0.0,80.9737901687622,4.119583964347839,30.96028757095337,12.604002058506012
arxiv,nocache_bf16,test,arxiv:test:000007:3d27bf4752315273,107,7,large_h6_n10_s100_wikics_arxiv,3d27bf4752315273e1cbbe2c6a1f755d0b85001b2bdf23e7f57b8dcb680be002,3,0,0,0,0,0,0,0,0,0,1577.250835,1577.2119140625,1182.4214,395.187246,0.0,0.0,0.0,0.0,719.8312377929688,195.3624973297119,166.50422477722168,424.84335803985596,0.0,461.4921045303345,0.0,0.0,0.0,0.0,0.0,134.3559684753418,7.038015961647034,35.7576322555542,15.808477520942688
arxiv,nocache_bf16,test,arxiv:test:000008:a866a0597966c6f4,108,8,large_h6_n10_s100_wikics_arxiv,a866a0597966c6f452e6217ca6a8fae250237e23f2323f08fb1b09771ca5f4f3,3,0,0,0,0,0,0,0,0,0,1353.240317,1353.204345703125,1036.465535,315.775822,0.0,0.0,0.0,0.0,644.3314819335938,140.06918334960938,150.9310073852539,380.87395191192627,0.0,415.2150650024414,0.0,0.0,0.0,0.0,0.0,90.79200077056885,4.691807985305786,31.617728233337402,13.13225769996643
arxiv,nocache_bf16,test,arxiv:test:000009:2acb6a66afedb5c0,109,9,large_h6_n10_s100_wikics_arxiv,2acb6a66afedb5c05fc17390d5ae9636d3bafb1f422d5eff4ee9e53078a4ef42,3,0,0,0,0,0,0,0,0,0,1506.952698,1506.9141845703125,1036.457083,470.464787,0.0,0.0,0.0,0.0,642.3416137695312,151.5049591064453,149.20982551574707,377.1241579055786,0.0,413.5397024154663,0.0,0.0,0.0,0.0,0.0,101.11132621765137,5.357631981372833,31.670559883117676,13.452164053916931
arxiv,nocache_bf16,test,arxiv:test:000010:c37504f6fbb77657,110,10,large_h6_n10_s100_wikics_arxiv,c37504f6fbb77657795f6a4fab3ab20e6a4b90de3ca703855f666b761f785cdf,3,0,0,0,0,0,0,0,0,0,1621.094963,1621.055908203125,1220.061227,401.242291,0.0,0.0,0.0,0.0,730.8660278320312,221.31839752197266,166.4363193511963,430.7075490951538,0.0,466.9395065307617,0.0,0.0,0.0,0.0,0.0,157.78012657165527,8.341824054718018,35.97331190109253,16.968520998954773
arxiv,nocache_bf16,test,arxiv:test:000011:548262a0e76189ec,111,11,large_h6_n10_s100_wikics_arxiv,548262a0e76189ecd6e0a5d5e3260e3cd918a64948a825acac21649a7a162df4,3,0,0,0,0,0,0,0,0,0,1537.974501,1537.9371337890625,1176.839597,361.54343,0.0,0.0,0.0,0.0,722.4924926757812,189.9240951538086,167.0215358734131,426.1881275177002,0.0,462.8804597854614,0.0,0.0,0.0,0.0,0.0,131.4528636932373,6.861503958702087,35.546144008636475,15.819743871688843
arxiv,nocache_bf16,test,arxiv:test:000012:565a3afdfe27876b,112,12,large_h6_n10_s100_wikics_arxiv,565a3afdfe27876b97787b02ef3b916f21f9717eee997e6c2649b2836506bdd3,3,0,0,0,0,0,0,0,0,0,1189.191923,1189.158447265625,869.149256,319.944601,0.0,0.0,0.0,0.0,555.4843139648438,106.6763858795166,127.20659446716309,327.1888952255249,0.0,355.35083198547363,0.0,0.0,0.0,0.0,0.0,66.82223892211914,3.3342400193214417,26.0928955078125,10.536515653133392
arxiv,nocache_bf16,test,arxiv:test:000013:b3a8166da7f9bd5a,113,13,large_h6_n10_s100_wikics_arxiv,b3a8166da7f9bd5a7f77d68f2262cc2ce197215462aaa014b7214d76dd6ef764,3,0,0,0,0,0,0,0,0,0,1368.810955,1368.7752685546875,1016.86493,350.320278,0.0,0.0,0.0,0.0,635.7018432617188,142.36499214172363,145.28016090393066,371.39747047424316,0.0,410.2263584136963,0.0,0.0,0.0,0.0,0.0,93.98236846923828,4.887264013290405,30.574463844299316,12.912705659866333
arxiv,nocache_bf16,test,arxiv:test:000014:927439c8c556510b,114,14,large_h6_n10_s100_wikics_arxiv,927439c8c556510b53acb56af17f6dd08cc1109c2e7c48b8bdeb6ef106c4cdb4,3,0,0,0,0,0,0,0,0,0,1656.88504,1656.8455810546875,1186.20554,470.340534,0.0,0.0,0.0,0.0,732.594482421875,181.1865940093994,170.46851348876953,431.97119903564453,0.0,470.12403678894043,0.0,0.0,0.0,0.0,0.0,121.93369674682617,6.52291202545166,36.84976005554199,15.8920316696167
arxiv,nocache_bf16,test,arxiv:test:000015:94893e1aa247f99a,115,15,large_h6_n10_s100_wikics_arxiv,94893e1aa247f99ab08f875dfc42353b2a6d833d028453cd6332b1fd4a6d5ac7,3,0,0,0,0,0,0,0,0,0,1474.885845,1474.8533935546875,1160.129041,314.493862,0.0,0.0,0.0,0.0,722.5424194335938,170.9424648284912,168.0459213256836,426.2817611694336,0.0,464.4535217285156,0.0,0.0,0.0,0.0,0.0,113.83459281921387,5.858272016048431,36.0415358543396,15.162752151489258
arxiv,nocache_bf16,test,arxiv:test:000016:04a1b80589800d8a,116,16,large_h6_n10_s100_wikics_arxiv,04a1b80589800d8abbd3bf2b6e48d62f12100ace0b6cc463ee8ae1a18f3d8884,3,0,0,0,0,0,0,0,0,0,1462.992974,1462.9610595703125,1147.984336,315.238171,0.0,0.0,0.0,0.0,715.6778564453125,164.55411338806152,165.72838592529297,421.2428798675537,0.0,460.0213813781738,0.0,0.0,0.0,0.0,0.0,108.23638343811035,5.637791991233826,35.9552321434021,14.849604070186615
arxiv,nocache_bf16,test,arxiv:test:000017:6ed2fd35c7b08446,117,17,large_h6_n10_s100_wikics_arxiv,6ed2fd35c7b084466a024831071fe4da94ca4acc62f856b26d505fb9e2c0a269,3,0,0,0,0,0,0,0,0,0,1313.828416,1313.793701171875,942.737202,370.818619,0.0,0.0,0.0,0.0,575.5516967773438,160.33900451660156,130.74710273742676,339.8515224456787,0.0,366.88513374328613,0.0,0.0,0.0,0.0,0.0,114.12790489196777,6.04774397611618,27.314144134521484,12.624799728393555
arxiv,nocache_bf16,test,arxiv:test:000018:9ba09b820b67f326,118,18,large_h6_n10_s100_wikics_arxiv,9ba09b820b67f3268b73b57e69c9473c6ac2e861b2e1dfa8f39e80bd970e5769,3,0,0,0,0,0,0,0,0,0,1598.187031,1598.1484375,1201.95266,395.872719,0.0,0.0,0.0,0.0,732.2557373046875,209.21622848510742,167.2899513244629,430.9035530090332,0.0,467.8534326553345,0.0,0.0,0.0,0.0,0.0,148.9207363128662,7.855711936950684,35.98633575439453,16.258179187774658
arxiv,nocache_bf16,test,arxiv:test:000019:551de7f6c6009e1d,119,19,large_h6_n10_s100_wikics_arxiv,551de7f6c6009e1d0b6bb2471de8a502aa64c44b76385fa09309561554d57e04,3,0,0,0,0,0,0,0,0,0,1020.399893,1020.3668212890625,702.240974,317.691982,0.0,0.0,0.0,0.0,445.53741455078125,92.87155246734619,101.65216064453125,261.17469024658203,0.0,286.01488494873047,0.0,0.0,0.0,0.0,0.0,59.99177646636963,3.066336065530777,21.025311946868896,8.932318568229675
arxiv,nocache_bf16,test,arxiv:test:000020:13dc09ce4d7802a7,120,20,large_h6_n10_s100_wikics_arxiv,13dc09ce4d7802a7445a3893c978abe7a75f09a66446471b5fb18cfbf5964938,3,0,0,0,0,0,0,0,0,0,1536.351097,1536.3126220703125,1168.118412,367.804929,0.0,0.0,0.0,0.0,716.325927734375,185.08659172058105,164.95276832580566,421.14137744903564,0.0,459.4930200576782,0.0,0.0,0.0,0.0,0.0,127.45756721496582,6.605056047439575,35.53001689910889,15.493951559066772
arxiv,nocache_bf16,test,arxiv:test:000021:6f59067bf5fa395d,121,21,large_h6_n10_s100_wikics_arxiv,6f59067bf5fa395d8c438f79f5bdba49c2480fc114342b4fd3bf6de6278eab75,3,0,0,0,0,0,0,0,0,0,1560.401808,1560.368408203125,1197.262673,362.878274,0.0,0.0,0.0,0.0,730.8388671875,199.0738868713379,170.7083511352539,430.6487674713135,0.0,470.6367883682251,0.0,0.0,0.0,0.0,0.0,139.0576000213623,7.199679970741272,37.34876871109009,16.488157153129578
arxiv,nocache_bf16,test,arxiv:test:000022:7de091dda2cfc1e7,122,22,large_h6_n10_s100_wikics_arxiv,7de091dda2cfc1e735526e01718df15756c5332e2e9f43a7ca93de54fce418a9,3,0,0,0,0,0,0,0,0,0,1351.018869,1350.987060546875,1036.633801,312.80769,0.0,0.0,0.0,0.0,640.82373046875,154.65958404541016,148.11190605163574,378.51286220550537,0.0,410.3730525970459,0.0,0.0,0.0,0.0,0.0,104.78092956542969,5.453216016292572,30.93887948989868,13.474178612232208
arxiv,nocache_bf16,test,arxiv:test:000023:2c3804d42bd30cbd,123,23,large_h6_n10_s100_wikics_arxiv,2c3804d42bd30cbd2c66895d9ca0e1514646371edadac6e4c4a7a10bd83a0982,3,0,0,0,0,0,0,0,0,0,1455.102878,1455.072021484375,1125.814477,328.549833,0.0,0.0,0.0,0.0,704.8936767578125,155.99055862426758,164.47763061523438,415.5562229156494,0.0,453.9979000091553,0.0,0.0,0.0,0.0,0.0,100.91721630096436,5.16076797246933,35.411776542663574,14.42239910364151
arxiv,nocache_bf16,test,arxiv:test:000024:980f6a26e605793b,124,24,large_h6_n10_s100_wikics_arxiv,980f6a26e605793b5382fa17bdf21a550efe6ad0b938a48a8210024c64c8fd03,3,0,0,0,0,0,0,0,0,0,1448.013624,1447.98193359375,1136.582727,311.175827,0.0,0.0,0.0,0.0,680.05615234375,207.22179412841797,155.93922996520996,399.8935031890869,0.0,435.878005027771,0.0,0.0,0.0,0.0,0.0,150.82825660705566,7.741760015487671,32.67744016647339,15.568833112716675
arxiv,nocache_bf16,test,arxiv:test:000025:118b258c03aa037e,125,25,large_h6_n10_s100_wikics_arxiv,118b258c03aa037eaafbf67becf82fd102999213036e8abd9f807120abdbd283,3,0,0,0,0,0,0,0,0,0,1505.916188,1505.877197265625,1086.335837,419.400314,0.0,0.0,0.0,0.0,668.330810546875,171.11139297485352,154.70137786865234,392.9809904098511,0.0,430.05119800567627,0.0,0.0,0.0,0.0,0.0,117.76684761047363,6.192032098770142,32.560800075531006,14.495680332183838
arxiv,nocache_bf16,test,arxiv:test:000026:1d8c978f1407bcc5,126,26,large_h6_n10_s100_wikics_arxiv,1d8c978f1407bcc5190dde580c972dc805f7ab4bb54fb0a1198050ea884c4d5b,3,0,0,0,0,0,0,0,0,0,1602.239049,1602.2012939453125,1204.763776,397.192234,0.0,0.0,0.0,0.0,734.1805419921875,205.08566284179688,168.2288646697998,432.38134384155273,0.0,467.9892473220825,0.0,0.0,0.0,0.0,0.0,145.19728088378906,7.528671979904175,36.17257642745972,16.18713355064392
arxiv,nocache_bf16,test,arxiv:test:000027:ccb4301fa0500230,127,27,large_h6_n10_s100_wikics_arxiv,ccb4301fa0500230b966c1ca8acbfb0239894da3c184bc644b2ab3f2025751db,3,0,0,0,0,0,0,0,0,0,1431.914093,1431.8814697265625,1115.911904,315.945703,0.0,0.0,0.0,0.0,686.3429565429688,179.55587005615234,159.15385627746582,404.7945613861084,0.0,441.00414276123047,0.0,0.0,0.0,0.0,0.0,124.10832023620605,6.566848039627075,33.83535957336426,15.151936054229736
arxiv,nocache_bf16,test,arxiv:test:000028:6bd000b4763af040,128,28,large_h6_n10_s100_wikics_arxiv,6bd000b4763af040cd35faa94edb20b9caadb186a66e8ec435f0e42d6b15d953,3,0,0,0,0,0,0,0,0,0,1315.152568,1315.1209716796875,944.507644,370.368487,0.0,0.0,0.0,0.0,574.19970703125,160.66070365905762,131.52604866027832,339.7764501571655,0.0,366.29189109802246,0.0,0.0,0.0,0.0,0.0,114.68438339233398,6.055455982685089,27.354048252105713,12.710079908370972
arxiv,nocache_bf16,test,arxiv:test:000029:579bf3992d19b343,129,29,large_h6_n10_s100_wikics_arxiv,579bf3992d19b3435c6501f4723460e432219c48e2d2812939680c690025d21f,3,0,0,0,0,0,0,0,0,0,1530.590908,1530.5592041015625,1166.01967,362.664584,0.0,0.0,0.0,0.0,716.2555541992188,182.23023986816406,167.060640335083,422.4534721374512,0.0,461.0309143066406,0.0,0.0,0.0,0.0,0.0,124.57075500488281,6.4959681034088135,35.96060848236084,15.698240637779236
arxiv,nocache_bf16,test,arxiv:test:000030:6715d78ec20dc119,130,30,large_h6_n10_s100_wikics_arxiv,6715d78ec20dc1199983ebe2cd04cf9fe286cdb214eb70a251e74aadeac1bb95,3,0,0,0,0,0,0,0,0,0,1607.288012,1607.2542724609375,1204.773791,402.23701,0.0,0.0,0.0,0.0,732.5537109375,201.8031997680664,166.8632640838623,431.62291431427,0.0,468.0874376296997,0.0,0.0,0.0,0.0,0.0,142.43014335632324,7.586143970489502,35.86947250366211,16.074753284454346
arxiv,nocache_bf16,test,arxiv:test:000031:01bf41e7d8c9bdc9,131,31,large_h6_n10_s100_wikics_arxiv,01bf41e7d8c9bdc9b250ba0472067bc2cf8ee4b4b180cefefdd66e36417fb6e6,3,0,0,0,0,0,0,0,0,0,1473.941627,1473.9097900390625,1162.126346,311.545506,0.0,0.0,0.0,0.0,724.898193359375,170.05615997314453,168.93206596374512,427.3991994857788,0.0,466.3987522125244,0.0,0.0,0.0,0.0,0.0,112.42572784423828,5.846368074417114,36.08511972427368,15.404128968715668
arxiv,nocache_bf16,test,arxiv:test:000032:5e4106cca99d5843,132,32,large_h6_n10_s100_wikics_arxiv,5e4106cca99d584302becf755533fdf0db7a0842b71d6e7cd21c3c01375b5552,3,0,0,0,0,0,0,0,0,0,1446.577554,1446.54541015625,1133.240592,313.017973,0.0,0.0,0.0,0.0,705.7933349609375,163.5551986694336,164.20735931396484,415.632417678833,0.0,453.8531255722046,0.0,0.0,0.0,0.0,0.0,108.29100799560547,5.573472082614899,35.34287977218628,14.768382370471954
arxiv,nocache_bf16,test,arxiv:test:000033:189263d64060b736,133,33,large_h6_n10_s100_wikics_arxiv,189263d64060b73695ed9360957f5265b6ac5ced36d0427da14f86279249cc50,3,0,0,0,0,0,0,0,0,0,1439.941967,1439.9046630859375,1123.557153,316.089193,0.0,0.0,0.0,0.0,680.6809692382812,182.73481559753418,157.1351661682129,400.50793838500977,0.0,437.3081970214844,0.0,0.0,0.0,0.0,0.0,128.08185577392578,6.709407925605774,33.10745573043823,14.95356833934784
arxiv,nocache_bf16,test,arxiv:test:000034:cc25ddf180fd3dc8,134,34,large_h6_n10_s100_wikics_arxiv,cc25ddf180fd3dc8cc578cba85779c7dc886b0009ef07033358194310cc1ee3d,3,0,0,0,0,0,0,0,0,0,1532.680473,1532.641357421875,1220.500274,311.216108,0.0,0.0,0.0,0.0,734.939453125,212.69334411621094,167.86694526672363,432.77756786346436,0.0,469.6597738265991,0.0,0.0,0.0,0.0,0.0,151.5875186920166,7.964159846305847,36.39728021621704,16.744385361671448
arxiv,nocache_bf16,test,arxiv:test:000035:ab83ea7606d02af1,135,35,large_h6_n10_s100_wikics_arxiv,ab83ea7606d02af10d9c8025cdd053087bc7a5a4db06ee849e440b2a9621db47,3,0,0,0,0,0,0,0,0,0,1637.121625,1637.0831298828125,1239.562087,397.265309,0.0,0.0,0.0,0.0,734.3690185546875,237.96614456176758,167.0878391265869,433.00604915618896,0.0,469.0637369155884,0.0,0.0,0.0,0.0,0.0,175.39292907714844,9.288896083831787,36.1430721282959,17.251746654510498
arxiv,nocache_bf16,test,arxiv:test:000036:d2571c03cbd5e99a,136,36,large_h6_n10_s100_wikics_arxiv,d2571c03cbd5e99a7c59bc4d317cc203f10074ac80503d14e841d90b76b2d028,3,0,0,0,0,0,0,0,0,0,1738.495898,1738.462158203125,1092.262934,644.336636,0.0,0.0,0.0,0.0,680.6867065429688,161.72499465942383,157.45741081237793,400.23321628570557,0.0,437.8594961166382,0.0,0.0,0.0,0.0,0.0,108.45926284790039,5.6724159717559814,33.2424635887146,14.320736467838287
arxiv,nocache_bf16,test,arxiv:test:000037:ff540b07468add89,137,37,large_h6_n10_s100_wikics_arxiv,ff540b07468add89ac9e11d4387e45f4f5a96fad34add510dcd2449d6271317a,3,0,0,0,0,0,0,0,0,0,1587.686928,1587.64892578125,1186.205229,401.847139,0.0,0.0,0.0,0.0,725.9140014648438,189.57997131347656,168.50963401794434,427.8390712738037,0.0,465.97764015197754,0.0,0.0,0.0,0.0,0.0,130.995267868042,6.6603840589523315,35.93881559371948,15.985503792762756
arxiv,nocache_bf16,test,arxiv:test:000038:f2bc826283b28142,138,38,large_h6_n10_s100_wikics_arxiv,f2bc826283b28142062c7d0b5b7b26cde2d6be256a0081e2f95275a46b74cc24,3,0,0,0,0,0,0,0,0,0,1557.836628,1557.79931640625,1160.010826,397.894121,0.0,0.0,0.0,0.0,719.5330810546875,178.48486518859863,165.30879974365234,423.1232967376709,0.0,461.7995796203613,0.0,0.0,0.0,0.0,0.0,121.24771499633789,6.202015995979309,35.72521638870239,15.288094341754913
arxiv,nocache_bf16,test,arxiv:test:000039:e1df3943e9da4831,139,39,large_h6_n10_s100_wikics_arxiv,e1df3943e9da483163688e75fe6cb8d909c7f9c2585b8e8dd56a324540302cc2,3,0,0,0,0,0,0,0,0,0,1254.476138,1254.44580078125,933.135219,321.075969,0.0,0.0,0.0,0.0,588.4065551757812,125.8554573059082,134.51977729797363,346.19638538360596,0.0,376.9554443359375,0.0,0.0,0.0,0.0,0.0,82.04547309875488,4.204895973205566,27.843263626098633,11.80300885438919
arxiv,nocache_bf16,test,arxiv:test:000040:ff71ceefa1018a18,140,40,large_h6_n10_s100_wikics_arxiv,ff71ceefa1018a1865ea23dfca204d90bd98f5e2418f71a41d93785902c5fcee,3,0,0,0,0,0,0,0,0,0,1289.394784,1289.363525390625,975.596346,313.882882,0.0,0.0,0.0,0.0,604.6669311523438,144.3832950592041,138.7719669342041,356.6697607040405,0.0,387.27285385131836,0.0,0.0,0.0,0.0,0.0,97.3410873413086,5.064224064350128,29.33827257156372,12.695904433727264
arxiv,nocache_bf16,test,arxiv:test:000041:3c49d5bf4dbf737e,141,41,large_h6_n10_s100_wikics_arxiv,3c49d5bf4dbf737e34e5133f2c2461cd0139704b56bbd739ff73f4d02a344ad7,3,0,0,0,0,0,0,0,0,0,1592.13262,1592.0948486328125,1192.824639,399.016453,0.0,0.0,0.0,0.0,725.5601806640625,202.3812484741211,167.41286277770996,427.90889739990234,0.0,464.72140979766846,0.0,0.0,0.0,0.0,0.0,141.97075271606445,7.430720090866089,36.193856716156006,16.657949328422546
arxiv,nocache_bf16,test,arxiv:test:000042:dae587ce1b7ca967,142,42,large_h6_n10_s100_wikics_arxiv,dae587ce1b7ca9678e94abf2563f0d48c3d3b4a0175d6489d7fcb220ad30d4bf,3,0,0,0,0,0,0,0,0,0,1503.031287,1502.999267578125,1166.698664,334.617234,0.0,0.0,0.0,0.0,722.2553100585938,176.43129348754883,168.2307186126709,426.0504026412964,0.0,464.5816411972046,0.0,0.0,0.0,0.0,0.0,118.7521915435791,6.147488057613373,36.002527713775635,15.600445747375488
arxiv,nocache_bf16,test,arxiv:test:000043:e717be6b19d36df2,143,43,large_h6_n10_s100_wikics_arxiv,e717be6b19d36df2c417dd2f340fd2ef6b2622c25926327dd92de1991210eb0c,3,0,0,0,0,0,0,0,0,0,1480.483018,1480.4459228515625,1164.357525,315.85058,0.0,0.0,0.0,0.0,726.9267578125,171.76022338867188,168.76121711730957,428.40928077697754,0.0,466.5528373718262,0.0,0.0,0.0,0.0,0.0,113.98031806945801,5.894240081310272,36.28735971450806,15.467712461948395
arxiv,nocache_bf16,test,arxiv:test:000044:ecf1facb07fbb262,144,44,large_h6_n10_s100_wikics_arxiv,ecf1facb07fbb2625dfa89a62495a9453205b5b87c471a67ee92ab8e090dd4b6,3,0,0,0,0,0,0,0,0,0,1542.70412,1542.6700439453125,1225.530597,316.461052,0.0,0.0,0.0,0.0,752.3564453125,200.83526420593262,173.15087890625,443.879168510437,0.0,481.48685932159424,0.0,0.0,0.0,0.0,0.0,139.77548789978027,7.324671983718872,37.20796823501587,16.47382426261902
arxiv,nocache_bf16,test,arxiv:test:000045:c97b28935cff346f,145,45,large_h6_n10_s100_wikics_arxiv,c97b28935cff346f8d96b42043d071dbc71a36119d063ae948118dd57f60ad1b,3,0,0,0,0,0,0,0,0,0,934.381412,934.3511962890625,571.012542,363.071886,0.0,0.0,0.0,0.0,361.60699462890625,75.07459163665771,82.09103965759277,210.93488025665283,0.0,232.59185886383057,0.0,0.0,0.0,0.0,0.0,48.631104946136475,2.4723199903964996,16.681535959243774,7.289630740880966
arxiv,nocache_bf16,test,arxiv:test:000046:fbd9f3145be22507,146,46,large_h6_n10_s100_wikics_arxiv,fbd9f3145be2250742dc25e9ae46990667480b99348e959e85b2180a30c8590e,3,0,0,0,0,0,0,0,0,0,1502.941743,1502.9046630859375,1138.656567,364.766402,0.0,0.0,0.0,0.0,708.12109375,168.6107177734375,164.3114242553711,417.2353630065918,0.0,454.91683864593506,0.0,0.0,0.0,0.0,0.0,112.91126441955566,5.879519939422607,35.35139179229736,14.896478354930878
arxiv,nocache_bf16,test,arxiv:test:000047:fafb4cdfc63a9718,147,47,large_h6_n10_s100_wikics_arxiv,fafb4cdfc63a9718e9161edeb32eaf6c01d3953e94090e8f1568c9e279c5ba04,3,0,0,0,0,0,0,0,0,0,1591.848392,1591.805908203125,1191.933567,399.883081,0.0,0.0,0.0,0.0,723.6514282226562,197.30345726013184,168.17535972595215,427.3156843185425,0.0,464.1233940124512,0.0,0.0,0.0,0.0,0.0,138.3678092956543,7.164063930511475,36.42159986495972,16.564671516418457
arxiv,nocache_bf16,test,arxiv:test:000048:d1be3cbece176b33,148,48,large_h6_n10_s100_wikics_arxiv,d1be3cbece176b3358b650780ddf35382fa6223fd1bdb79f440831f3e6386754,3,0,0,0,0,0,0,0,0,0,1532.952047,1532.9183349609375,1150.368522,381.84679,0.0,0.0,0.0,0.0,707.244873046875,169.47587394714355,165.00255966186523,417.269248008728,0.0,454.7267942428589,0.0,0.0,0.0,0.0,0.0,113.26723098754883,5.86764794588089,35.59452772140503,15.254141986370087
arxiv,nocache_bf16,test,arxiv:test:000049:05e52a9cf94815ea,149,49,large_h6_n10_s100_wikics_arxiv,05e52a9cf94815ea165fc47c07f510e4cb682c1ecd224bf19a51c6ff9612777e,3,0,0,0,0,0,0,0,0,0,1433.967447,1433.93115234375,1121.382737,313.169788,0.0,0.0,0.0,0.0,686.6553344726562,174.53692817687988,160.01427268981934,405.37462615966797,0.0,441.5699272155762,0.0,0.0,0.0,0.0,0.0,119.46524810791016,6.226144015789032,33.978943824768066,14.922177851200104
arxiv,nocache_bf16,test,arxiv:test:000050:2ae7e9025c812bc9,150,50,large_h6_n10_s100_wikics_arxiv,2ae7e9025c812bc9b271f2094242f0d0b0d8547a202d8c2a41549e3f9b5ba068,3,0,0,0,0,0,0,0,0,0,1218.588719,1218.553955078125,827.920701,387.934525,0.0,0.0,0.0,0.0,514.6959228515625,112.52873611450195,118.31561660766602,301.6371831893921,0.0,331.20373249053955,0.0,0.0,0.0,0.0,0.0,73.99065589904785,3.8072959780693054,24.17299246788025,10.557791769504547
arxiv,nocache_bf16,test,arxiv:test:000051:66a62fdf4daaa7ae,151,51,large_h6_n10_s100_wikics_arxiv,66a62fdf4daaa7ae24fb1caeac844800dd701d501cc3172f7faff797a7efe852,3,0,0,0,0,0,0,0,0,0,1491.822642,1491.78564453125,1174.858622,316.657082,0.0,0.0,0.0,0.0,716.7401123046875,185.84006309509277,166.8439712524414,421.92230319976807,0.0,460.63577461242676,0.0,0.0,0.0,0.0,0.0,126.81836891174316,6.710976004600525,35.85680055618286,15.969566941261292
arxiv,nocache_bf16,test,arxiv:test:000052:7c51a8eb1dba87a6,152,52,large_h6_n10_s100_wikics_arxiv,7c51a8eb1dba87a6fe0e433e5eb412caf5912e485467601436acd1bf3e919747,3,0,0,0,0,0,0,0,0,0,1392.34383,1392.3106689453125,1025.330987,365.972806,0.0,0.0,0.0,0.0,640.5875244140625,142.2557144165039,150.1269130706787,379.528413772583,0.0,411.14906120300293,0.0,0.0,0.0,0.0,0.0,92.81433582305908,4.817856073379517,31.539711952209473,13.311360120773315
arxiv,nocache_bf16,test,arxiv:test:000053:a3944fd2577c232c,153,53,large_h6_n10_s100_wikics_arxiv,a3944fd2577c232ccd1772224b9637f05e2ef77e0bcd5eaf08988d3146013916,3,0,0,0,0,0,0,0,0,0,1507.22297,1507.1900634765625,1193.730209,313.000189,0.0,0.0,0.0,0.0,739.2695922851562,183.44991874694824,170.67065620422363,434.78662300109863,0.0,474.4151611328125,0.0,0.0,0.0,0.0,0.0,123.33651161193848,6.44483208656311,37.354015827178955,15.911362767219543
arxiv,nocache_bf16,test,arxiv:test:000054:f51bc10bbe82c845,154,54,large_h6_n10_s100_wikics_arxiv,f51bc10bbe82c8452412f46ca8ff4664d79c65efe78e62cdd6f95a636ca4905b,3,0,0,0,0,0,0,0,0,0,1503.742916,1503.7091064453125,1102.68561,400.670977,0.0,0.0,0.0,0.0,683.0142211914062,161.552640914917,158.04035186767578,401.8601303100586,0.0,439.4549722671509,0.0,0.0,0.0,0.0,0.0,108.21772956848145,5.595583975315094,33.46454381942749,14.56003326177597
arxiv,nocache_bf16,test,arxiv:test:000055:5573ca76c9a39d22,155,55,large_h6_n10_s100_wikics_arxiv,5573ca76c9a39d2243a723a0470b9124c50151e3afdac246c8bc4118cb4c567b,3,0,0,0,0,0,0,0,0,0,1441.42283,1441.3853759765625,1125.701195,313.882501,0.0,0.0,0.0,0.0,688.9163208007812,172.791166305542,160.34611129760742,405.77007961273193,0.0,442.68617725372314,0.0,0.0,0.0,0.0,0.0,117.37183952331543,6.172639966011047,33.969088077545166,15.125569880008698
arxiv,nocache_bf16,test,arxiv:test:000056:25832dcece5fda15,156,56,large_h6_n10_s100_wikics_arxiv,25832dcece5fda156833a9731130bc1378deb05b833ca4f63add4d0588527943,3,0,0,0,0,0,0,0,0,0,1593.442689,1593.405029296875,1190.399171,402.746766,0.0,0.0,0.0,0.0,727.9559326171875,199.49004745483398,165.77824020385742,428.52870082855225,0.0,465.5639352798462,0.0,0.0,0.0,0.0,0.0,139.6737289428711,7.441151976585388,36.11647939682007,16.154399156570435
arxiv,nocache_bf16,test,arxiv:test:000057:ba9168bd9766cf18,157,57,large_h6_n10_s100_wikics_arxiv,ba9168bd9766cf185f5b7c22acafe94b3c085f92b8dbf63a30be01ff3a73eadc,3,0,0,0,0,0,0,0,0,0,1519.133253,1519.0953369140625,1152.432476,365.594865,0.0,0.0,0.0,0.0,690.6686401367188,207.08831405639648,156.3586883544922,406.9818229675293,0.0,440.4267749786377,0.0,0.0,0.0,0.0,0.0,149.07296180725098,8.08838403224945,33.75052785873413,16.057252049446106
arxiv,nocache_bf16,test,arxiv:test:000058:1ea80af47d86c254,158,58,large_h6_n10_s100_wikics_arxiv,1ea80af47d86c254119ad3ea64cba8b50a8d9dae2ce38b3374ff55196f5c820e,3,0,0,0,0,0,0,0,0,0,1521.021445,1520.98828125,1189.973981,330.732682,0.0,0.0,0.0,0.0,725.3531494140625,189.92550468444824,168.83900833129883,428.105185508728,0.0,467.54598331451416,0.0,0.0,0.0,0.0,0.0,130.4045124053955,6.756032109260559,36.306432247161865,16.457600116729736
arxiv,nocache_bf16,test,arxiv:test:000059:62556ac4244be586,159,59,large_h6_n10_s100_wikics_arxiv,62556ac4244be586d32963772324fc204327cb8ecfa51b1ec7f97d707f94987f,3,0,0,0,0,0,0,0,0,0,1440.650316,1440.6170654296875,1122.721499,316.770262,0.0,0.0,0.0,0.0,672.3676147460938,196.77007675170898,154.57523345947266,394.67219257354736,0.0,431.53383922576904,0.0,0.0,0.0,0.0,0.0,140.65631866455078,7.480607867240906,33.047743797302246,15.637628674507141
arxiv,nocache_bf16,test,arxiv:test:000060:6244d60e2fe63550,160,60,large_h6_n10_s100_wikics_arxiv,6244d60e2fe635503dea4f66e19474b85730be0ae3efec13a3c94008a7a9a5f4,3,0,0,0,0,0,0,0,0,0,1506.35289,1506.3194580078125,1176.298884,329.796277,0.0,0.0,0.0,0.0,726.3720092773438,178.58550453186035,169.46284675598145,428.1030740737915,0.0,468.0585012435913,0.0,0.0,0.0,0.0,0.0,121.14192199707031,6.165312051773071,35.77017545700073,15.691103100776672
arxiv,nocache_bf16,test,arxiv:test:000061:99666928c9355e5b,161,61,large_h6_n10_s100_wikics_arxiv,99666928c9355e5bbdc2ddc86bb4ef67daf764e66cd971c7119a909dc00caec1,3,0,0,0,0,0,0,0,0,0,1521.267614,1521.2333984375,1154.786319,366.118339,0.0,0.0,0.0,0.0,688.701416015625,207.5720977783203,157.0163516998291,405.4291820526123,0.0,440.8907356262207,0.0,0.0,0.0,0.0,0.0,149.7521572113037,8.096415996551514,33.77846431732178,15.948452234268188
arxiv,nocache_bf16,test,arxiv:test:000062:bec78568e4fa8bbf,162,62,large_h6_n10_s100_wikics_arxiv,bec78568e4fa8bbf65d8ea931527267a40587408a1ef2471059bc80441a46fb4,3,0,0,0,0,0,0,0,0,0,1458.81419,1458.7728271484375,1145.640046,312.83487,0.0,0.0,0.0,0.0,708.026611328125,170.26572608947754,164.3864974975586,417.6093454360962,0.0,455.10999584198,0.0,0.0,0.0,0.0,0.0,114.07222366333008,5.89823991060257,35.40569543838501,15.157921493053436
arxiv,nocache_bf16,test,arxiv:test:000063:91c5a58cb1375a08,163,63,large_h6_n10_s100_wikics_arxiv,91c5a58cb1375a08b22109223c737570a74eacb15fab3b374a5d4a2e94b894d5,3,0,0,0,0,0,0,0,0,0,1204.751764,1204.7161865234375,882.250825,321.08117,0.0,0.0,0.0,0.0,560.8485717773438,108.69331169128418,129.7781753540039,330.1488628387451,0.0,360.4094696044922,0.0,0.0,0.0,0.0,0.0,67.41798400878906,3.4847039580345154,26.86409616470337,10.926527559757233
arxiv,nocache_bf16,test,arxiv:test:000064:6a12ed40fb7a93c8,164,64,large_h6_n10_s100_wikics_arxiv,6a12ed40fb7a93c83d45ebc818e4bc7a59193f1756e8600f010c6fbcd9d23c04,3,0,0,0,0,0,0,0,0,0,1351.951054,1351.91796875,1036.643605,314.801518,0.0,0.0,0.0,0.0,642.3462524414062,152.85532760620117,150.08399963378906,380.0498561859131,0.0,412.33129024505615,0.0,0.0,0.0,0.0,0.0,102.67730903625488,5.359232068061829,31.49724817276001,13.616770625114441
arxiv,nocache_bf16,test,arxiv:test:000065:b4196de0afae9713,165,65,large_h6_n10_s100_wikics_arxiv,b4196de0afae9713dd543bbafa99ad966258192a919b347a7175c936626ae78f,3,0,0,0,0,0,0,0,0,0,1493.83097,1493.79296875,1175.701087,317.691185,0.0,0.0,0.0,0.0,727.58203125,175.01241493225098,168.98438262939453,428.66217613220215,0.0,467.2156295776367,0.0,0.0,0.0,0.0,0.0,117.19404602050781,5.996863961219788,36.12854480743408,15.692960143089294
arxiv,nocache_bf16,test,arxiv:test:000066:fbb5136596808044,166,66,large_h6_n10_s100_wikics_arxiv,fbb5136596808044cc3038d404bc8f6cace03dc80ad31d7bbfe14fd19b261af5,3,0,0,0,0,0,0,0,0,0,1519.455222,1519.4227294921875,1167.054183,351.748323,0.0,0.0,0.0,0.0,708.5452270507812,190.7975673675537,163.93318367004395,417.5469732284546,0.0,454.85770320892334,0.0,0.0,0.0,0.0,0.0,132.71007919311523,6.87503981590271,35.28809595108032,15.842589020729065
arxiv,nocache_bf16,test,arxiv:test:000067:fa85f05d87405140,167,67,large_h6_n10_s100_wikics_arxiv,fa85f05d874051402204cced44808964ffa5e2dde8b50ab94d924b2e039db06a,3,0,0,0,0,0,0,0,0,0,1483.214337,1483.1822509765625,1082.997129,400.395612,0.0,0.0,0.0,0.0,673.7125854492188,157.43699264526367,155.5477123260498,396.71648025512695,0.0,432.6503372192383,0.0,0.0,0.0,0.0,0.0,104.5864315032959,5.583935976028442,33.26419162750244,14.111904442310333
arxiv,nocache_bf16,test,arxiv:test:000068:9e5b91a78336f4db,168,68,large_h6_n10_s100_wikics_arxiv,9e5b91a78336f4dbfdab98acf0c12ea6d117a30f768e9ea9c4c5d64f8dc9a52e,3,0,0,0,0,0,0,0,0,0,1517.025901,1516.9927978515625,1153.064213,365.149607,0.0,0.0,0.0,0.0,686.4364624023438,207.8926658630371,157.3726692199707,404.5277452468872,0.0,439.9662380218506,0.0,0.0,0.0,0.0,0.0,151.31193733215332,8.015936017036438,32.93792009353638,15.626872420310974
arxiv,nocache_bf16,test,arxiv:test:000069:ab2956d520370850,169,69,large_h6_n10_s100_wikics_arxiv,ab2956d520370850b66eb3e2df8fc1f55cde72b28131f2e95a0cb892e4b0ce5f,3,0,0,0,0,0,0,0,0,0,1457.378148,1457.34228515625,1144.445647,313.209189,0.0,0.0,0.0,0.0,683.7351684570312,206.62307357788086,157.1352939605713,401.9960346221924,0.0,439.05737495422363,0.0,0.0,0.0,0.0,0.0,147.55711936950684,7.950751900672913,33.6168327331543,16.193790793418884
arxiv,nocache_bf16,test,arxiv:test:000070:86376d99f593daf5,170,70,large_h6_n10_s100_wikics_arxiv,86376d99f593daf5731e4d75f2360e834000011c568f6ffcf264dc5dfa24e942,3,0,0,0,0,0,0,0,0,0,1480.527641,1480.4898681640625,1167.175504,312.988488,0.0,0.0,0.0,0.0,728.7344970703125,173.47449684143066,169.353759765625,429.1762571334839,0.0,468.50204944610596,0.0,0.0,0.0,0.0,0.0,115.61913681030273,5.992128014564514,36.42940807342529,15.495585799217224
arxiv,nocache_bf16,test,arxiv:test:000071:4619e988f89c1108,171,71,large_h6_n10_s100_wikics_arxiv,4619e988f89c11082a6749f1d133a9543c0fa63ffa70cd313c6d239847277f9e,3,0,0,0,0,0,0,0,0,0,1454.414881,1454.3831787109375,1141.491638,313.18062,0.0,0.0,0.0,0.0,710.895751953125,166.03756713867188,164.04006576538086,418.71196937561035,0.0,457.48976707458496,0.0,0.0,0.0,0.0,0.0,110.03935813903809,5.639039993286133,35.804768085479736,14.858465135097504
arxiv,nocache_bf16,test,arxiv:test:000072:15976e0c60667f00,172,72,large_h6_n10_s100_wikics_arxiv,15976e0c60667f00f648fc1a1b5f7bcbe7ff7e1b0297989f5c995f57c8fcd243,3,0,0,0,0,0,0,0,0,0,1376.476113,1376.4388427734375,1038.930395,337.189233,0.0,0.0,0.0,0.0,650.5030517578125,139.44953727722168,154.5036506652832,383.31817531585693,0.0,419.9763650894165,0.0,0.0,0.0,0.0,0.0,89.69168090820312,4.69049596786499,32.718080043792725,13.410592138767242
arxiv,nocache_bf16,test,arxiv:test:000073:d96c675b2f816922,173,73,large_h6_n10_s100_wikics_arxiv,d96c675b2f816922a4928577f458d48b866de6a89256a73f5aba201e1c5d5b02,3,0,0,0,0,0,0,0,0,0,1572.702151,1572.664306640625,1205.93394,365.487122,0.0,0.0,0.0,0.0,738.5836791992188,199.7416934967041,170.57273483276367,435.77040004730225,0.0,473.2800750732422,0.0,0.0,0.0,0.0,0.0,137.82793426513672,7.2150719165802,37.488224029541016,16.813695073127747
arxiv,nocache_bf16,test,arxiv:test:000074:941cb92444178d37,174,74,large_h6_n10_s100_wikics_arxiv,941cb92444178d37c272bc03c32424d62f16d8449d1ad46409d75c0012f455cc,3,0,0,0,0,0,0,0,0,0,1606.798774,1606.764892578125,1206.513467,399.317092,0.0,0.0,0.0,0.0,728.5166625976562,212.16079711914062,165.41551780700684,429.476411819458,0.0,464.5442543029785,0.0,0.0,0.0,0.0,0.0,152.06054306030273,8.006271839141846,35.51580810546875,16.453086614608765
arxiv,nocache_bf16,test,arxiv:test:000075:518e94c81e42d0b5,175,75,large_h6_n10_s100_wikics_arxiv,518e94c81e42d0b5c38489a69ab637ec3981901fe9f213656a1ca00db2bc4d7b,3,0,0,0,0,0,0,0,0,0,1376.5442,1376.5120849609375,1027.821083,348.442678,0.0,0.0,0.0,0.0,601.959228515625,195.1793918609619,136.87299156188965,354.28063774108887,0.0,384.5515823364258,0.0,0.0,0.0,0.0,0.0,144.8617935180664,7.751935958862305,28.62825632095337,14.32438337802887
arxiv,nocache_bf16,test,arxiv:test:000076:ba8ee2f748d9be49,176,76,large_h6_n10_s100_wikics_arxiv,ba8ee2f748d9be49b684c34372c5d886fb7f29cc5399aec1bfab76cf2569f046,3,0,0,0,0,0,0,0,0,0,1468.697475,1468.661865234375,1154.626437,314.767396,0.0,0.0,0.0,0.0,730.2086181640625,156.7545280456543,169.766752243042,430.69830322265625,0.0,469.8555631637573,0.0,0.0,0.0,0.0,0.0,100.19881629943848,5.139871954917908,36.54863977432251,15.002239286899567
arxiv,nocache_bf16,test,arxiv:test:000077:5888a05877d4a3f7,177,77,large_h6_n10_s100_wikics_arxiv,5888a05877d4a3f76e161f41c66e539d2be27f131d7c87050b092a962d7cb5a2,3,0,0,0,0,0,0,0,0,0,1522.921053,1522.888671875,1209.678015,313.249459,0.0,0.0,0.0,0.0,719.460693359375,226.01798248291016,164.07087898254395,423.79366397857666,0.0,462.0564031600952,0.0,0.0,0.0,0.0,0.0,165.3667869567871,8.79964816570282,35.040160179138184,16.811387181282043
arxiv,nocache_bf16,test,arxiv:test:000078:b2b1e0e3155a95df,178,78,large_h6_n10_s100_wikics_arxiv,b2b1e0e3155a95df55c442974eb53017073aac94ed5a506c708893a966d86979,3,0,0,0,0,0,0,0,0,0,1401.479135,1401.4439697265625,1087.978114,314.044325,0.0,0.0,0.0,0.0,675.2548217773438,158.4903678894043,155.62838172912598,397.6656951904297,0.0,432.3501510620117,0.0,0.0,0.0,0.0,0.0,106.11299324035645,5.502847969532013,32.85743951797485,14.002781987190247
arxiv,nocache_bf16,test,arxiv:test:000079:f62eab72bfea6732,179,79,large_h6_n10_s100_wikics_arxiv,f62eab72bfea67329c216ab01713c94f86fd691ea9ae70a6cd4ff1cc3385cda2,3,0,0,0,0,0,0,0,0,0,1513.61527,1513.57958984375,1147.674582,365.671617,0.0,0.0,0.0,0.0,712.1188354492188,171.18915176391602,164.16307067871094,419.41325092315674,0.0,457.07068634033203,0.0,0.0,0.0,0.0,0.0,114.67788696289062,5.95526397228241,35.47756814956665,15.13699060678482
arxiv,nocache_bf16,test,arxiv:test:000080:8e38fa691cd057dc,180,80,large_h6_n10_s100_wikics_arxiv,8e38fa691cd057dc10c8b3325642224ddd2580eceb05e615ea46257be54d1775,3,0,0,0,0,0,0,0,0,0,1358.743929,1358.709716796875,1004.453667,354.068225,0.0,0.0,0.0,0.0,626.107421875,146.1550064086914,144.29993629455566,370.53686332702637,0.0,400.21660327911377,0.0,0.0,0.0,0.0,0.0,97.57446384429932,5.014335989952087,30.507776260375977,13.076126277446747
arxiv,nocache_bf16,test,arxiv:test:000081:31480263ed5d277b,181,81,large_h6_n10_s100_wikics_arxiv,31480263ed5d277b9c0c192a10844c610e8a6633f8b1f2e4ee208043481d08eb,3,0,0,0,0,0,0,0,0,0,937.445409,937.4137573242188,572.800016,364.360536,0.0,0.0,0.0,0.0,361.0509948730469,76.0128002166748,82.5361909866333,210.85820770263672,0.0,232.80805110931396,0.0,0.0,0.0,0.0,0.0,49.24915266036987,2.4901440143585205,16.81760025024414,7.392445862293243
arxiv,nocache_bf16,test,arxiv:test:000082:edacc0da0c3ea4ad,182,82,large_h6_n10_s100_wikics_arxiv,edacc0da0c3ea4ad508bb888645aaa82d23fb8717b7713cd1de39ab640f4cc81,3,0,0,0,0,0,0,0,0,0,1441.028063,1440.9959716796875,1056.96479,383.243172,0.0,0.0,0.0,0.0,652.974853515625,148.0999050140381,151.88592147827148,385.33424186706543,0.0,420.4825630187988,0.0,0.0,0.0,0.0,0.0,97.40646362304688,5.013568103313446,32.06492805480957,13.614945232868195
arxiv,nocache_bf16,test,arxiv:test:000083:d50e616e9faabf8a,183,83,large_h6_n10_s100_wikics_arxiv,d50e616e9faabf8ac712e8de6c3ada7613e8a25859e391d8fcd2f964f0c59cc5,3,0,0,0,0,0,0,0,0,0,1652.428863,1652.3887939453125,1247.974249,402.532266,0.0,0.0,0.0,0.0,738.5036010742188,239.60646438598633,166.951997756958,435.90790367126465,0.0,469.5476951599121,0.0,0.0,0.0,0.0,0.0,176.96025276184082,9.380288004875183,36.19065570831299,17.228291153907776
arxiv,nocache_bf16,test,arxiv:test:000084:8c86ab793e25743d,184,84,large_h6_n10_s100_wikics_arxiv,8c86ab793e25743d842b6bdc3392960b2af7e47e446f6409a597823c3f49e639,3,0,0,0,0,0,0,0,0,0,1375.889596,1375.855224609375,897.110435,478.518635,0.0,0.0,0.0,0.0,560.3988037109375,123.92323112487793,128.52374649047852,330.0196809768677,0.0,359.1847858428955,0.0,0.0,0.0,0.0,0.0,81.86758327484131,4.197983980178833,26.516128063201904,11.347968637943268
arxiv,nocache_bf16,test,arxiv:test:000085:c106d133f326eef3,185,85,large_h6_n10_s100_wikics_arxiv,c106d133f326eef3498f3c205375a446bc3dd642bd6626451388950ba3cd9152,3,0,0,0,0,0,0,0,0,0,1614.171755,1614.13330078125,1214.900456,398.976188,0.0,0.0,0.0,0.0,740.555908203125,206.4218864440918,169.0988483428955,435.62281608581543,0.0,473.0317449569702,0.0,0.0,0.0,0.0,0.0,145.76515197753906,7.6636799573898315,36.47296094894409,16.531678318977356
arxiv,nocache_bf16,test,arxiv:test:000086:612d3da97d54f8b2,186,86,large_h6_n10_s100_wikics_arxiv,612d3da97d54f8b287b23fd290dcf87f9d7be573587db540be49c82f96e4c8eb,3,0,0,0,0,0,0,0,0,0,1599.819605,1599.7821044921875,1200.949625,399.977196,0.0,0.0,0.0,0.0,758.7286987304688,160.2581443786621,177.31526374816895,448.07971382141113,0.0,487.92907524108887,0.0,0.0,0.0,0.0,0.0,101.5331859588623,5.163136005401611,38.24352025985718,15.587487936019897
arxiv,nocache_bf16,test,arxiv:test:000087:e06d132a946fdea4,187,87,large_h6_n10_s100_wikics_arxiv,e06d132a946fdea44858de413f6040ad2abf998cbd2186dff4f6ea1850545827,3,0,0,0,0,0,0,0,0,0,1500.753467,1500.7147216796875,1129.99072,370.20419,0.0,0.0,0.0,0.0,686.3056640625,186.04294395446777,157.73344039916992,403.4825267791748,0.0,441.23689460754395,0.0,0.0,0.0,0.0,0.0,129.71408081054688,6.889951825141907,33.606815814971924,15.405763149261475
arxiv,nocache_bf16,test,arxiv:test:000088:80620978f1a2fcd3,188,88,large_h6_n10_s100_wikics_arxiv,80620978f1a2fcd377f0135cede0a4c45709a1cb2f92f3331e15fdf631e60e18,3,0,0,0,0,0,0,0,0,0,1257.218749,1257.186767578125,883.816122,373.870591,0.0,0.0,0.0,0.0,556.2913208007812,131.0276165008545,126.49666976928711,326.5044803619385,0.0,355.76575088500977,0.0,0.0,0.0,0.0,0.0,88.74131202697754,4.5766719579696655,26.26806402206421,11.455872476100922
arxiv,nocache_bf16,test,arxiv:test:000089:620c6b9c227bbbc9,189,89,large_h6_n10_s100_wikics_arxiv,620c6b9c227bbbc93b0a63281e51f96d10b144d7b746119f22d7b07affc0f983,3,0,0,0,0,0,0,0,0,0,1523.118883,1523.078369140625,1101.864721,421.108875,0.0,0.0,0.0,0.0,674.704345703125,176.02982330322266,156.7870388031006,397.00911808013916,0.0,434.93324184417725,0.0,0.0,0.0,0.0,0.0,121.28717041015625,6.332640051841736,33.32694387435913,14.979422926902771
arxiv,nocache_bf16,test,arxiv:test:000090:301e4d139270b49f,190,90,large_h6_n10_s100_wikics_arxiv,301e4d139270b49f25e8b93f1ec539cd4c92322b95db3dbdeeaa5e66a291d63b,3,0,0,0,0,0,0,0,0,0,1509.860044,1509.8272705078125,1104.334551,404.694022,0.0,0.0,0.0,0.0,686.7182006835938,160.59372901916504,157.95651245117188,404.0716161727905,0.0,440.58383655548096,0.0,0.0,0.0,0.0,0.0,107.62006568908691,5.531040132045746,33.040128231048584,14.402494966983795
arxiv,nocache_bf16,test,arxiv:test:000091:beef13982aa0e3bd,191,91,large_h6_n10_s100_wikics_arxiv,beef13982aa0e3bdafad69c258c808979b98e556b61598a93617959e7b8cc2cb,3,0,0,0,0,0,0,0,0,0,1521.729385,1521.6929931640625,1204.007291,316.963945,0.0,0.0,0.0,0.0,730.8488159179688,205.49798202514648,165.29875373840332,430.64179134368896,0.0,465.2750244140625,0.0,0.0,0.0,0.0,0.0,146.20515251159668,7.801568031311035,35.33353614807129,16.092605590820312
arxiv,nocache_bf16,test,arxiv:test:000092:af69a7134cdf4f39,192,92,large_h6_n10_s100_wikics_arxiv,af69a7134cdf4f39cf2fb5797be600ba172efd4232a54e93143f35d90f17d392,3,0,0,0,0,0,0,0,0,0,1483.700664,1483.66259765625,1165.900552,317.49112,0.0,0.0,0.0,0.0,729.2631225585938,175.0992946624756,170.39276885986328,429.58723163604736,0.0,469.46990489959717,0.0,0.0,0.0,0.0,0.0,115.98483085632324,6.123327910900116,37.256288051605225,15.813663721084595
arxiv,nocache_bf16,test,arxiv:test:000093:e5bbef4be1378794,193,93,large_h6_n10_s100_wikics_arxiv,e5bbef4be1378794476e97eee1e990485575e915984280bbf2da6d15e681b069,3,0,0,0,0,0,0,0,0,0,1522.52357,1522.487060546875,1139.736025,382.715373,0.0,0.0,0.0,0.0,712.4927368164062,170.09090995788574,164.55977630615234,419.8548164367676,0.0,457.197696685791,0.0,0.0,0.0,0.0,0.0,113.41049575805664,5.932447910308838,35.78326416015625,14.964702129364014
arxiv,nocache_bf16,test,arxiv:test:000094:28e0fcda3c7a47f0,194,94,large_h6_n10_s100_wikics_arxiv,28e0fcda3c7a47f0f95a250eaa1ea53a64c6a24f5f03f3b3d824971559d29ff1,3,0,0,0,0,0,0,0,0,0,1511.979739,1511.9404296875,1193.987859,317.396051,0.0,0.0,0.0,0.0,728.2852783203125,208.9292449951172,165.7817268371582,429.15520191192627,0.0,465.47718143463135,0.0,0.0,0.0,0.0,0.0,149.4329605102539,7.83459198474884,35.44860792160034,16.212031722068787
arxiv,nocache_bf16,test,arxiv:test:000095:2e7f392bc5536560,195,95,large_h6_n10_s100_wikics_arxiv,2e7f392bc5536560646ebcd34d6778a2fb62bff21d4c7dc4d8b63c31ad6d73ed,3,0,0,0,0,0,0,0,0,0,1442.948506,1442.9110107421875,1042.007539,400.136107,0.0,0.0,0.0,0.0,658.4935913085938,146.26243209838867,151.94592094421387,384.87705421447754,0.0,428.1233539581299,0.0,0.0,0.0,0.0,0.0,94.71056079864502,4.884703993797302,32.93574380874634,13.731423497200012
arxiv,nocache_bf16,test,arxiv:test:000096:da4c1b2e123e292d,196,96,large_h6_n10_s100_wikics_arxiv,da4c1b2e123e292d3b7e1f44d848e695579c3cd4edc03957cf4b295218cbd6ef,3,0,0,0,0,0,0,0,0,0,1343.590604,1343.5540771484375,992.278965,350.369895,0.0,0.0,0.0,0.0,623.8788452148438,147.11801528930664,145.15318489074707,368.9406089782715,0.0,400.221923828125,0.0,0.0,0.0,0.0,0.0,97.57135963439941,5.121599972248077,31.271520137786865,13.153535544872284
arxiv,nocache_bf16,test,arxiv:test:000097:6d9c34e632a3e4a9,197,97,large_h6_n10_s100_wikics_arxiv,6d9c34e632a3e4a909618086fbed82f3ed5c932eb77aaeb3cd3349db8baaf079,3,0,0,0,0,0,0,0,0,0,1496.417726,1496.379638671875,1096.152408,399.966959,0.0,0.0,0.0,0.0,686.1547241210938,162.9975357055664,159.6769618988037,404.4063024520874,0.0,441.2527093887329,0.0,0.0,0.0,0.0,0.0,108.94054412841797,5.632320165634155,33.85558366775513,14.569087743759155
arxiv,nocache_bf16,test,arxiv:test:000098:9903545b1d27c917,198,98,large_h6_n10_s100_wikics_arxiv,9903545b1d27c917c404d3ddf3ae459b791626f0599141d08706cf8c132f1fc1,3,0,0,0,0,0,0,0,0,0,1513.644413,1513.611328125,1148.627328,365.343622,0.0,0.0,0.0,0.0,691.1088256835938,210.93516540527344,158.9130573272705,407.6860809326172,0.0,443.30799674987793,0.0,0.0,0.0,0.0,0.0,151.92412757873535,8.172224044799805,34.30025625228882,16.48527753353119
arxiv,nocache_bf16,test,arxiv:test:000099:a363a036dd1c8d42,199,99,large_h6_n10_s100_wikics_arxiv,a363a036dd1c8d420403ea879b46c123da177628f40c118689808017ddce16fc,3,0,0,0,0,0,0,0,0,0,1480.364208,1480.3267822265625,1075.34138,404.714578,0.0,0.0,0.0,0.0,675.528076171875,159.04380989074707,156.01382637023926,397.80748748779297,0.0,433.27907943725586,0.0,0.0,0.0,0.0,0.0,106.56537818908691,5.56332790851593,32.81158399581909,14.148352026939392
wikics,nocache_bf16,val,wikics:val:000000:fef527b25a18161e,0,0,large_h6_n10_s100_wikics_arxiv,fef527b25a18161e02256c9a22a5fcb64ea189b88fbf1c593a16f7cef2386a5f,3,0,0,0,0,0,0,0,0,0,1507.705142,1507.6455078125,1364.194971,143.038602,0.0,0.0,0.0,0.0,714.11669921875,192.14796829223633,142.43939399719238,365.15619373321533,0.0,487.84402656555176,0.0,0.0,0.0,0.0,0.0,133.06924629211426,6.4470720291137695,38.72191905975342,13.313218116760254
wikics,nocache_bf16,val,wikics:val:000001:800111c04191b913,1,1,large_h6_n10_s100_wikics_arxiv,800111c04191b91313016b0068c7e73134e69c8f1fbc1fa3f47adef8e93827f2,3,0,0,0,0,0,0,0,0,0,1377.143167,1377.1082763671875,1269.124497,106.86459,0.0,0.0,0.0,0.0,649.4653930664062,202.3404426574707,149.69421005249023,382.7178249359131,0.0,416.04108238220215,0.0,0.0,0.0,0.0,0.0,146.55900764465332,7.853888154029846,31.75932741165161,15.257338523864746
wikics,nocache_bf16,val,wikics:val:000002:55b16141b752157a,2,2,large_h6_n10_s100_wikics_arxiv,55b16141b752157aa1fbd4558cf493bf5089fa23bda74c0284125c7c88e21247,3,0,0,0,0,0,0,0,0,0,1468.252316,1468.223876953125,1362.274031,105.823363,0.0,0.0,0.0,0.0,715.4686889648438,237.6590690612793,162.4810562133789,421.9952964782715,0.0,455.7782897949219,0.0,0.0,0.0,0.0,0.0,176.06940841674805,9.344608187675476,35.15084886550903,16.787646889686584
wikics,nocache_bf16,val,wikics:val:000003:eb55f467ab494142,3,3,large_h6_n10_s100_wikics_arxiv,eb55f467ab49414223cbb42727548425fb72d6d25ba1e2ef78c9b8b316f07388,3,0,0,0,0,0,0,0,0,0,1264.332724,1264.3001708984375,1135.782403,128.219217,0.0,0.0,0.0,0.0,605.5371704101562,150.5386562347412,139.63948822021484,358.87513732910156,0.0,386.62363052368164,0.0,0.0,0.0,0.0,0.0,102.86070251464844,5.452895939350128,29.453120231628418,12.771937549114227
wikics,nocache_bf16,val,wikics:val:000004:94369875875c7eda,4,4,large_h6_n10_s100_wikics_arxiv,94369875875c7eda426ac2e378c77a4b45c69b105d096621273459492e79a002,3,0,0,0,0,0,0,0,0,0,1419.161018,1419.1319580078125,1311.286491,107.054813,0.0,0.0,0.0,0.0,662.9530639648438,170.29740715026855,152.69891357421875,389.68057441711426,0.0,425.97140312194824,0.0,0.0,0.0,0.0,0.0,117.94429016113281,6.251008033752441,32.059584617614746,14.369471371173859
wikics,nocache_bf16,val,wikics:val:000005:2ea19046bdd6fc0b,5,5,large_h6_n10_s100_wikics_arxiv,2ea19046bdd6fc0b113221315bcbf4019385f97ac493ef3f6da0ff2ddbc69c2a,3,0,0,0,0,0,0,0,0,0,1488.380986,1488.346435546875,1381.928924,105.919008,0.0,0.0,0.0,0.0,731.5282592773438,258.29238510131836,166.0703353881836,432.3562240600586,0.0,465.5953617095947,0.0,0.0,0.0,0.0,0.0,195.45756721496582,10.401536107063293,35.042399883270264,17.5897296667099
wikics,nocache_bf16,val,wikics:val:000006:deb97ed4b3c8ddd7,6,6,large_h6_n10_s100_wikics_arxiv,deb97ed4b3c8ddd7bdb39f4af5fcaad656c9c608bfc05ecb40b7af499c9ba112,3,0,0,0,0,0,0,0,0,0,192.512343,192.48719787597656,83.9317,108.341139,0.0,0.0,0.0,0.0,52.79948806762695,6.724575996398926,12.704576015472412,33.09699213504791,0.0,32.428385853767395,0.0,0.0,0.0,0.0,0.0,3.008415997028351,0.1698879972100258,2.136799991130829,1.4089280050247908
wikics,nocache_bf16,val,wikics:val:000007:d7f4428cc84938c0,7,7,large_h6_n10_s100_wikics_arxiv,d7f4428cc84938c0ff422730accf1af7811fdbfe47c2a8963dc760c9d780173f,3,0,0,0,0,0,0,0,0,0,1367.511492,1367.4833984375,1255.025449,110.641597,0.0,0.0,0.0,0.0,652.4808959960938,200.3437728881836,150.01641464233398,384.2374095916748,0.0,418.33328437805176,0.0,0.0,0.0,0.0,0.0,146.18445014953613,7.742303967475891,31.60271978378296,15.146301865577698
wikics,nocache_bf16,val,wikics:val:000008:a2de623bf3821acb,8,8,large_h6_n10_s100_wikics_arxiv,a2de623bf3821acb00081deda324d566d32c497bd1f73e5fe2b363af6e34451e,3,0,0,0,0,0,0,0,0,0,1498.297628,1498.2625732421875,1371.154715,126.5688,0.0,0.0,0.0,0.0,705.5462646484375,240.99287033081055,161.84639930725098,416.47392177581787,0.0,450.0736885070801,0.0,0.0,0.0,0.0,0.0,180.78483200073242,9.584256052970886,33.974112033843994,16.795773148536682
wikics,nocache_bf16,val,wikics:val:000009:5ddc4ad1ca6bddb9,9,9,large_h6_n10_s100_wikics_arxiv,5ddc4ad1ca6bddb9f2fbe2619a4cc5bfc948088c83072c92fb9968043dfe40b7,3,0,0,0,0,0,0,0,0,0,1417.276406,1417.247802734375,1295.092308,121.905086,0.0,0.0,0.0,0.0,671.8192749023438,188.23680114746094,154.60377502441406,396.3030071258545,0.0,429.7557077407837,0.0,0.0,0.0,0.0,0.0,133.93769645690918,7.042271971702576,32.445087909698486,14.922527432441711
wikics,nocache_bf16,val,wikics:val:000010:a657f4dc57cb7b3b,10,10,large_h6_n10_s100_wikics_arxiv,a657f4dc57cb7b3bcdd5ce3c72500c507c0f17ae67e675802318c7fef9afe2d3,3,0,0,0,0,0,0,0,0,0,187.322212,187.29635620117188,83.155693,104.094025,0.0,0.0,0.0,0.0,52.77180862426758,6.227104187011719,12.692512035369873,33.0096960067749,0.0,32.45462465286255,0.0,0.0,0.0,0.0,0.0,2.6202560365200043,0.13382400013506413,2.0951679944992065,1.376160154119134
wikics,nocache_bf16,val,wikics:val:000011:dfa124f13dbb8595,11,11,large_h6_n10_s100_wikics_arxiv,dfa124f13dbb859594d45abc92fc99eb41ed65a49c8cb209db0ee462a00191e7,3,0,0,0,0,0,0,0,0,0,1575.275211,1575.2386474609375,1452.838681,121.826001,0.0,0.0,0.0,0.0,671.8526611328125,309.18457412719727,152.22879791259766,397.42681789398193,0.0,426.681848526001,0.0,0.0,0.0,0.0,0.0,246.4691505432129,12.79862380027771,31.28812837600708,18.114423513412476
wikics,nocache_bf16,val,wikics:val:000012:b25c6bff127a88c6,12,12,large_h6_n10_s100_wikics_arxiv,b25c6bff127a88c663a84dd45840dc6a75f4ae919fa79751a93982ca913e58f8,3,0,0,0,0,0,0,0,0,0,1564.76686,1564.737060546875,1455.051561,109.814134,0.0,0.0,0.0,0.0,697.7396850585938,319.29698944091797,157.40921783447266,411.6475524902344,0.0,443.50135040283203,0.0,0.0,0.0,0.0,0.0,253.76399993896484,13.156383991241455,32.66179180145264,19.098530292510986
wikics,nocache_bf16,val,wikics:val:000013:f7ec35bb559bff78,13,13,large_h6_n10_s100_wikics_arxiv,f7ec35bb559bff78b63dfdea8a3808323d3557dd6b3c1c55ebd48800dabbb38e,3,0,0,0,0,0,0,0,0,0,1362.87202,1362.8367919921875,1253.123454,107.044339,0.0,0.0,0.0,0.0,638.96142578125,202.54505920410156,145.9646396636963,375.2983350753784,0.0,409.4289484024048,0.0,0.0,0.0,0.0,0.0,148.3823699951172,7.944991827011108,31.24502420425415,14.948033571243286
wikics,nocache_bf16,val,wikics:val:000014:cd0465d485a7b221,14,14,large_h6_n10_s100_wikics_arxiv,cd0465d485a7b2212f8c13a4132eb2ed270289c0ec06183ceead64db97a598de,3,0,0,0,0,0,0,0,0,0,1404.144905,1404.115966796875,1297.66993,106.186289,0.0,0.0,0.0,0.0,656.31982421875,205.02240371704102,149.51104164123535,386.22428798675537,0.0,419.54535961151123,0.0,0.0,0.0,0.0,0.0,149.7217903137207,8.144255876541138,32.01552057266235,15.296380639076233
wikics,nocache_bf16,val,wikics:val:000015:760ce76542a910c8,15,15,large_h6_n10_s100_wikics_arxiv,760ce76542a910c82715bdb1556e1b99c877f5e3ff11acfe5cdb9dec223f2bec,3,0,0,0,0,0,0,0,0,0,1351.002685,1350.95947265625,1222.919432,127.683179,0.0,0.0,0.0,0.0,662.9261474609375,191.9507179260254,153.04198455810547,390.10041427612305,0.0,425.9028835296631,0.0,0.0,0.0,0.0,0.0,136.56781005859375,7.15062415599823,32.11590385437012,14.944544911384583
wikics,nocache_bf16,val,wikics:val:000016:ecc418214a33ddfc,16,16,large_h6_n10_s100_wikics_arxiv,ecc418214a33ddfc30aad81571b5ed75b95998d50ad30efd13d1a0853a4c7a97,3,0,0,0,0,0,0,0,0,0,1614.509643,1614.47900390625,1488.128324,126.473981,0.0,0.0,0.0,0.0,720.5657958984375,305.65459060668945,162.5148162841797,425.1125764846802,0.0,457.6909475326538,0.0,0.0,0.0,0.0,0.0,239.8840675354004,12.5518079996109,34.07359981536865,19.049627661705017
wikics,nocache_bf16,val,wikics:val:000017:30966d3fabbbe966,17,17,large_h6_n10_s100_wikics_arxiv,30966d3fabbbe96640c8cbdf2e720544bf71af0cd8c950c087a1a2db14bd743b,3,0,0,0,0,0,0,0,0,0,1578.365548,1578.335693359375,1468.19113,110.519718,0.0,0.0,0.0,0.0,719.176025390625,258.454402923584,163.48684883117676,424.79328060150146,0.0,457.50786209106445,0.0,0.0,0.0,0.0,0.0,194.99711990356445,10.354527950286865,35.156447887420654,17.570049285888672
wikics,nocache_bf16,val,wikics:val:000018:40b87fe5b3865c25,18,18,large_h6_n10_s100_wikics_arxiv,40b87fe5b3865c25b0fea0abae1f6a31a4b30ceff215077141910a5c4cdb9017,3,0,0,0,0,0,0,0,0,0,1481.260327,1481.2252197265625,1354.220006,126.78117,0.0,0.0,0.0,0.0,692.745849609375,229.56876754760742,158.2370891571045,408.14002990722656,0.0,442.0326347351074,0.0,0.0,0.0,0.0,0.0,170.6807346343994,9.176607966423035,33.661792278289795,16.286775827407837
wikics,nocache_bf16,val,wikics:val:000019:c948629294047854,19,19,large_h6_n10_s100_wikics_arxiv,c9486292940478548025bcd39f69bde038c73dc44280ada5e32b7ae0cd0c59c4,3,0,0,0,0,0,0,0,0,0,1409.000808,1408.9700927734375,1298.012974,111.131861,0.0,0.0,0.0,0.0,657.8148193359375,196.66678047180176,150.65260696411133,386.72822093963623,0.0,422.1180067062378,0.0,0.0,0.0,0.0,0.0,142.76902389526367,7.508128046989441,31.761600017547607,15.064893007278442
wikics,nocache_bf16,val,wikics:val:000020:e9a52cacfc1321d3,20,20,large_h6_n10_s100_wikics_arxiv,e9a52cacfc1321d3be6f10a0439a054242d79fd11875bc865a4ea4dadbd64e1e,3,0,0,0,0,0,0,0,0,0,1217.356275,1217.3321533203125,1070.866371,145.478636,0.0,0.0,0.0,0.0,586.3507080078125,148.96745681762695,134.32294273376465,345.2455053329468,0.0,375.3448247909546,0.0,0.0,0.0,0.0,0.0,103.58899307250977,5.425056040287018,27.565792083740234,12.387615621089935
wikics,nocache_bf16,val,wikics:val:000021:f6fad06d0182fdac,21,21,large_h6_n10_s100_wikics_arxiv,f6fad06d0182fdac16ade7c80ae6ba48ecadf3df08778ef7a76990d17d09763f,3,0,0,0,0,0,0,0,0,0,1360.99353,1360.9676513671875,1250.49508,109.185003,0.0,0.0,0.0,0.0,638.063232421875,167.42793655395508,146.65075302124023,374.8111333847046,0.0,409.90285205841064,0.0,0.0,0.0,0.0,0.0,116.87459182739258,6.244320034980774,30.887231826782227,13.767552733421326
wikics,nocache_bf16,val,wikics:val:000022:d785569b8bb4a8d7,22,22,large_h6_n10_s100_wikics_arxiv,d785569b8bb4a8d717e83bb8c9fff3658fc9cccc846cdee9551cd8d56685150b,3,0,0,0,0,0,0,0,0,0,1562.541,1562.51513671875,1451.218885,110.782877,0.0,0.0,0.0,0.0,719.78857421875,258.03923416137695,163.716064453125,425.43347358703613,0.0,458.07116508483887,0.0,0.0,0.0,0.0,0.0,195.33686065673828,10.333696007728577,34.60540819168091,17.59107780456543
wikics,nocache_bf16,val,wikics:val:000023:30e8db22a669492e,23,23,large_h6_n10_s100_wikics_arxiv,30e8db22a669492e9181fdd4dfa056fe4fed95a4be6d84373feae62fc8032f91,3,0,0,0,0,0,0,0,0,0,1494.869173,1494.8426513671875,1368.119783,126.399102,0.0,0.0,0.0,0.0,708.837158203125,242.3655014038086,161.9114227294922,418.4083557128906,0.0,453.2052516937256,0.0,0.0,0.0,0.0,0.0,181.28201293945312,9.677855968475342,34.48211193084717,17.059008836746216
wikics,nocache_bf16,val,wikics:val:000024:9c2eb6f46cefd34c,24,24,large_h6_n10_s100_wikics_arxiv,9c2eb6f46cefd34c6f201303a1ad616670a71668823f3b38a391df90dfd6daff,3,0,0,0,0,0,0,0,0,0,1656.491724,1656.4637451171875,1550.410818,106.599169,0.0,0.0,0.0,0.0,718.7725219726562,401.93718338012695,161.37091255187988,425.20480155944824,0.0,454.70557594299316,0.0,0.0,0.0,0.0,0.0,330.1161575317383,17.21401596069336,33.39423990249634,21.258745193481445
wikics,nocache_bf16,val,wikics:val:000025:c748180b049621a4,25,25,large_h6_n10_s100_wikics_arxiv,c748180b049621a4c7d3ed44f5609aeec104f7702d160cca2428f5a72b9841e5,3,0,0,0,0,0,0,0,0,0,1558.693228,1558.664794921875,1428.166137,128.856443,0.0,0.0,0.0,0.0,708.4818115234375,307.1201591491699,160.91180992126465,418.7290868759155,0.0,450.7561740875244,0.0,0.0,0.0,0.0,0.0,242.18787002563477,12.550336122512817,33.590943813323975,19.046403169631958
wikics,nocache_bf16,val,wikics:val:000026:f66b2c37f14c407f,26,26,large_h6_n10_s100_wikics_arxiv,f66b2c37f14c407f4410ff66afbbac91c836532c19438c2e5923e57377491908,3,0,0,0,0,0,0,0,0,0,1482.643409,1482.6163330078125,1375.88671,106.09642,0.0,0.0,0.0,0.0,719.1453247070312,246.0456657409668,164.42934226989746,424.937536239624,0.0,458.67688179016113,0.0,0.0,0.0,0.0,0.0,183.9546241760254,9.695712089538574,35.02755165100098,17.16348707675934
wikics,nocache_bf16,val,wikics:val:000027:19b7a4b1069f0703,27,27,large_h6_n10_s100_wikics_arxiv,19b7a4b1069f0703e42e1662d1626fa830f58a56b61b61ac44a24e6ebe2d28c4,3,0,0,0,0,0,0,0,0,0,1548.703729,1548.67724609375,1438.027035,110.787431,0.0,0.0,0.0,0.0,710.819580078125,249.56972885131836,161.07151985168457,419.7101135253906,0.0,451.9134979248047,0.0,0.0,0.0,0.0,0.0,187.81436920166016,10.013631939888,34.10553598403931,17.078046798706055
wikics,nocache_bf16,val,wikics:val:000028:6dcccc0dadc0f236,28,28,large_h6_n10_s100_wikics_arxiv,6dcccc0dadc0f2368546ab77570060956e54caca780c3fae3797dd17561f56c2,3,0,0,0,0,0,0,0,0,0,1507.849665,1507.8221435546875,1396.58193,110.72739,0.0,0.0,0.0,0.0,736.7738647460938,219.01769638061523,167.92828750610352,435.8215055465698,0.0,469.6813554763794,0.0,0.0,0.0,0.0,0.0,158.4307804107666,8.319904088973999,35.76672077178955,16.801950573921204
wikics,nocache_bf16,val,wikics:val:000029:b57c0c6c616584fa,29,29,large_h6_n10_s100_wikics_arxiv,b57c0c6c616584fa3175a1053d4a5943c17cc66406ff67582d00320f05ece863,3,0,0,0,0,0,0,0,0,0,1322.657714,1322.628173828125,1212.937885,108.451386,0.0,0.0,0.0,0.0,640.0640258789062,158.17088317871094,147.08220863342285,376.75567626953125,0.0,411.43826484680176,0.0,0.0,0.0,0.0,0.0,108.2758731842041,5.647807955741882,30.74451208114624,13.47887909412384
wikics,nocache_bf16,val,wikics:val:000030:46cf5a7590979b07,30,30,large_h6_n10_s100_wikics_arxiv,46cf5a7590979b072621f92b0e45b838461f0910879853929265a05ebd40704a,3,0,0,0,0,0,0,0,0,0,1465.52776,1465.4969482421875,1355.21504,110.451594,0.0,0.0,0.0,0.0,705.77734375,260.4676818847656,159.6378879547119,415.85385608673096,0.0,449.56137561798096,0.0,0.0,0.0,0.0,0.0,199.22912216186523,10.623264074325562,33.63497543334961,17.3227516412735
wikics,nocache_bf16,val,wikics:val:000031:2addc42d7b620b3e,31,31,large_h6_n10_s100_wikics_arxiv,2addc42d7b620b3eafd7d208a11026fbe79e6857e28c706cb3b0e8c837b03eca,3,0,0,0,0,0,0,0,0,0,1482.400884,1482.3707275390625,1375.258905,107.348157,0.0,0.0,0.0,0.0,720.2825317382812,207.95782470703125,165.48637008666992,424.9816646575928,0.0,460.96364879608154,0.0,0.0,0.0,0.0,0.0,146.34319877624512,7.823839902877808,35.83279991149902,16.188003063201904
wikics,nocache_bf16,val,wikics:val:000032:57bb329b74f81197,32,32,large_h6_n10_s100_wikics_arxiv,57bb329b74f81197f5f742a2fa3620e0c9193252afe609c679c1e02045e2ac49,3,0,0,0,0,0,0,0,0,0,1469.881501,1469.844482421875,1359.215429,110.6043,0.0,0.0,0.0,0.0,703.48828125,232.0620460510254,161.26188850402832,414.4066867828369,0.0,450.3434829711914,0.0,0.0,0.0,0.0,0.0,171.79737663269043,9.037919878959656,34.30943965911865,16.713150143623352
wikics,nocache_bf16,val,wikics:val:000033:894e26b9ae45c623,33,33,large_h6_n10_s100_wikics_arxiv,894e26b9ae45c623e068a70ab0e34df3ae778a61aa50d8aa35d698f67ec35e98,3,0,0,0,0,0,0,0,0,0,1473.815126,1473.7869873046875,1363.439296,110.357594,0.0,0.0,0.0,0.0,706.0926513671875,252.6114845275879,160.19887924194336,415.6838073730469,0.0,450.3637113571167,0.0,0.0,0.0,0.0,0.0,191.82349014282227,10.184287905693054,33.68012762069702,17.145121216773987
wikics,nocache_bf16,val,wikics:val:000034:65ae31af463d1b89,34,34,large_h6_n10_s100_wikics_arxiv,65ae31af463d1b892011e51a76568ca922eeec0df8a5154042715bf1a7c494d9,3,0,0,0,0,0,0,0,0,0,1465.650577,1465.6136474609375,1359.028014,106.296402,0.0,0.0,0.0,0.0,706.549560546875,264.8062400817871,160.0687026977539,416.67897510528564,0.0,449.2261028289795,0.0,0.0,0.0,0.0,0.0,202.70108795166016,10.762367963790894,33.93302392959595,17.409760236740112
wikics,nocache_bf16,val,wikics:val:000035:4693474df4e8fbf5,35,35,large_h6_n10_s100_wikics_arxiv,4693474df4e8fbf5fdfd2d96bf57a7b6aabfe78ad448c8e80d959c4101a1f662,3,0,0,0,0,0,0,0,0,0,1650.784867,1650.7525634765625,1525.143597,125.659953,0.0,0.0,0.0,0.0,712.0048828125,309.4947853088379,160.74604988098145,420.96534061431885,0.0,452.50324153900146,0.0,0.0,0.0,0.0,0.0,243.9681282043457,12.90825605392456,33.4783034324646,19.202369451522827
wikics,nocache_bf16,val,wikics:val:000036:0759714d0e26521e,36,36,large_h6_n10_s100_wikics_arxiv,0759714d0e26521e91834222ac4f5b5afd29c0eff6aa294be5e1a3766dc065c1,3,0,0,0,0,0,0,0,0,0,1476.030033,1475.9931640625,1354.256606,121.385669,0.0,0.0,0.0,0.0,695.0302124023438,218.38767623901367,158.4449920654297,409.7674560546875,0.0,443.3106908798218,0.0,0.0,0.0,0.0,0.0,160.89974403381348,8.425503969192505,33.2706561088562,15.79177212715149
wikics,nocache_bf16,val,wikics:val:000037:a7f56af4cb70732b,37,37,large_h6_n10_s100_wikics_arxiv,a7f56af4cb70732bb9074d50d48be472e73eaf5ac49d42d90c7fb997a871ce21,3,0,0,0,0,0,0,0,0,0,1550.923413,1550.891845703125,1439.857692,110.753054,0.0,0.0,0.0,0.0,712.35498046875,251.39241409301758,162.09481620788574,420.68390464782715,0.0,454.4242296218872,0.0,0.0,0.0,0.0,0.0,189.44610977172852,10.177503943443298,34.36035203933716,17.324284195899963
wikics,nocache_bf16,val,wikics:val:000038:dad46ac500c3e985,38,38,large_h6_n10_s100_wikics_arxiv,dad46ac500c3e9857482209283c5f91bd4729e6956984bc291919024cf405ee8,3,0,0,0,0,0,0,0,0,0,1543.094012,1543.055908203125,1437.039502,105.472116,0.0,0.0,0.0,0.0,723.5609130859375,223.11808013916016,165.15094375610352,426.88281440734863,0.0,461.8290424346924,0.0,0.0,0.0,0.0,0.0,162.1524143218994,8.548927903175354,35.66671943664551,16.68077313899994
wikics,nocache_bf16,val,wikics:val:000039:53e5be2b68e5930e,39,39,large_h6_n10_s100_wikics_arxiv,53e5be2b68e5930eb72e6abd780a479e5ec14029f6796037de28e272d8d08878,3,0,0,0,0,0,0,0,0,0,1573.865465,1573.83349609375,1447.318032,126.498959,0.0,0.0,0.0,0.0,677.205078125,310.91299057006836,152.94655990600586,399.93756580352783,0.0,430.22868156433105,0.0,0.0,0.0,0.0,0.0,247.73772811889648,13.048192024230957,31.68057632446289,18.42694926261902
wikics,nocache_bf16,val,wikics:val:000040:f5c8ec8453d3a18e,40,40,large_h6_n10_s100_wikics_arxiv,f5c8ec8453d3a18e3d258c2f5898202e9d148044b51ad92e9766efccc4a3c27c,3,0,0,0,0,0,0,0,0,0,1298.789011,1298.7530517578125,1190.210991,108.157931,0.0,0.0,0.0,0.0,629.0101318359375,193.20057487487793,142.9561939239502,367.95763206481934,0.0,404.39541244506836,0.0,0.0,0.0,0.0,0.0,140.96006393432617,7.521119952201843,30.063103675842285,14.253950476646423
wikics,nocache_bf16,val,wikics:val:000041:0a1aea6f2ab10ebb,41,41,large_h6_n10_s100_wikics_arxiv,0a1aea6f2ab10ebbb8741837ad5f8891fe42bfc4bfa6ca2c2c4141a32360b0e7,3,0,0,0,0,0,0,0,0,0,1633.895969,1633.8656005859375,1528.240669,105.365905,0.0,0.0,0.0,0.0,723.636962890625,316.3990364074707,162.36153411865234,427.7499837875366,0.0,458.02630519866943,0.0,0.0,0.0,0.0,0.0,249.73606491088867,13.246815919876099,33.86790418624878,19.52562689781189
wikics,nocache_bf16,val,wikics:val:000042:6b1dd5c3859cc886,42,42,large_h6_n10_s100_wikics_arxiv,6b1dd5c3859cc886d64cde0c7ecb8890de634840ab945555bc2408dbb9643e78,3,0,0,0,0,0,0,0,0,0,1489.47015,1489.431884765625,1378.068752,111.072299,0.0,0.0,0.0,0.0,724.2523193359375,210.6292495727539,165.85878562927246,426.54114818573,0.0,463.4579219818115,0.0,0.0,0.0,0.0,0.0,150.48118209838867,7.822528004646301,36.01961612701416,16.277278780937195
wikics,nocache_bf16,val,wikics:val:000043:5164e28991dfba94,43,43,large_h6_n10_s100_wikics_arxiv,5164e28991dfba940695c47609da38adb72fec7b962b72c3fc11f98b771028d1,3,0,0,0,0,0,0,0,0,0,1447.825346,1447.7880859375,1320.013401,127.207989,0.0,0.0,0.0,0.0,671.9137573242188,207.16162872314453,152.57456016540527,395.8761920928955,0.0,428.0775337219238,0.0,0.0,0.0,0.0,0.0,150.37145614624023,8.193727970123291,32.608352184295654,15.463518142700195
wikics,nocache_bf16,val,wikics:val:000044:a1e23c83773db96a,44,44,large_h6_n10_s100_wikics_arxiv,a1e23c83773db96a01bf838bf188e3dfb7ca66f39a28efe567f992bf99606076,3,0,0,0,0,0,0,0,0,0,1503.348036,1503.31591796875,1376.383626,126.627267,0.0,0.0,0.0,0.0,715.6881103515625,242.56412887573242,161.8671703338623,422.1265916824341,0.0,455.00983905792236,0.0,0.0,0.0,0.0,0.0,181.55235290527344,9.612095952033997,34.54623985290527,16.925596594810486
wikics,nocache_bf16,val,wikics:val:000045:468961e707127957,45,45,large_h6_n10_s100_wikics_arxiv,468961e707127957b260758066a254430361fc6520124ac947aa20ec9ea66115,3,0,0,0,0,0,0,0,0,0,1586.816914,1586.7850341796875,1476.029997,110.562383,0.0,0.0,0.0,0.0,741.8167114257812,299.1496925354004,167.19708824157715,438.3483180999756,0.0,470.6654815673828,0.0,0.0,0.0,0.0,0.0,232.5924835205078,12.140864133834839,34.951679706573486,18.845760703086853
wikics,nocache_bf16,val,wikics:val:000046:f3cf1d41caa4c2d9,46,46,large_h6_n10_s100_wikics_arxiv,f3cf1d41caa4c2d9aee35e66e1b95d288a274a344aed7288a15b83678d0c9b0f,3,0,0,0,0,0,0,0,0,0,1421.134263,1421.0963134765625,1293.256708,127.565347,0.0,0.0,0.0,0.0,676.8411254882812,191.23891258239746,156.19615936279297,400.13715171813965,0.0,434.14912605285645,0.0,0.0,0.0,0.0,0.0,135.289888381958,7.139680027961731,32.9901442527771,15.243520617485046
wikics,nocache_bf16,val,wikics:val:000047:bd32e929138a4b77,47,47,large_h6_n10_s100_wikics_arxiv,bd32e929138a4b77bc048f77bd95b0ae2df40ec2142b7d96ce1fdf8f013783d6,3,0,0,0,0,0,0,0,0,0,1480.180097,1480.1495361328125,1374.411972,105.173753,0.0,0.0,0.0,0.0,723.4667358398438,247.23392486572266,164.10969924926758,427.16889572143555,0.0,460.4075393676758,0.0,0.0,0.0,0.0,0.0,184.8814697265625,9.767040133476257,35.2610559463501,17.316359162330627
wikics,nocache_bf16,val,wikics:val:000048:6eff2b19b7a04da7,48,48,large_h6_n10_s100_wikics_arxiv,6eff2b19b7a04da79c3852b11623e45f5e95243bd84be5804a42f68214bedb34,3,0,0,0,0,0,0,0,0,0,1503.114607,1503.0828857421875,1389.706213,111.732078,0.0,0.0,0.0,0.0,659.4143676757812,181.59059143066406,151.36124992370605,388.32796573638916,0.0,422.683705329895,0.0,0.0,0.0,0.0,0.0,128.50236892700195,6.784192085266113,31.859776496887207,14.438045978546143
wikics,nocache_bf16,val,wikics:val:000049:a710ed9d3274bc0d,49,49,large_h6_n10_s100_wikics_arxiv,a710ed9d3274bc0d9f0fb0ea4c32ba851c8bbe00839b9daed62e9d43b3352bf2,3,0,0,0,0,0,0,0,0,0,1515.329699,1515.2900390625,1404.099192,110.887744,0.0,0.0,0.0,0.0,725.1209716796875,206.00259017944336,165.13062286376953,426.80268955230713,0.0,463.29362869262695,0.0,0.0,0.0,0.0,0.0,147.27436637878418,7.753440022468567,35.395968437194824,15.907777667045593
wikics,nocache_bf16,val,wikics:val:000050:1c058b8728feaf12,50,50,large_h6_n10_s100_wikics_arxiv,1c058b8728feaf12cbe4ab8e03522106fc37295ec871564e5fc151a2fbb470d5,3,0,0,0,0,0,0,0,0,0,1467.848576,1467.8106689453125,1361.540063,106.623752,0.0,0.0,0.0,0.0,706.55908203125,230.95231246948242,160.1745262145996,415.927264213562,0.0,450.7496852874756,0.0,0.0,0.0,0.0,0.0,171.04070472717285,9.093024134635925,34.16524791717529,16.653335690498352
wikics,nocache_bf16,val,wikics:val:000051:d60eeaca25598834,51,51,large_h6_n10_s100_wikics_arxiv,d60eeaca25598834706edcb52ebc7531cf2e17cfda9b41db2d8027815a0c0c09,3,0,0,0,0,0,0,0,0,0,1464.706116,1464.67626953125,1359.121729,106.022297,0.0,0.0,0.0,0.0,706.209716796875,230.12000274658203,160.26096153259277,415.9317741394043,0.0,450.3203411102295,0.0,0.0,0.0,0.0,0.0,170.97727966308594,9.041536092758179,34.11110305786133,16.450494170188904
wikics,nocache_bf16,val,wikics:val:000052:9d402c29e66ea4c0,52,52,large_h6_n10_s100_wikics_arxiv,9d402c29e66ea4c0512dc9a25029ae2df086560fbc652776c688794053e56213,3,0,0,0,0,0,0,0,0,0,1413.698375,1413.6683349609375,1275.550543,138.499398,0.0,0.0,0.0,0.0,660.8464965820312,191.36540603637695,152.35443305969238,389.69887828826904,0.0,424.1197786331177,0.0,0.0,0.0,0.0,0.0,136.69705772399902,7.192991852760315,31.95625591278076,14.877473831176758
wikics,nocache_bf16,val,wikics:val:000053:ed2693d240246643,53,53,large_h6_n10_s100_wikics_arxiv,ed2693d240246643addf6808c0115c2eed9d294dd989ee0fdb3375681b9cf25d,3,0,0,0,0,0,0,0,0,0,1549.503349,1549.47216796875,1442.783102,106.389922,0.0,0.0,0.0,0.0,706.3798828125,303.0998725891113,159.44278526306152,416.39187240600586,0.0,448.7435646057129,0.0,0.0,0.0,0.0,0.0,235.83603286743164,12.236128091812134,33.41423940658569,18.486944794654846
wikics,nocache_bf16,val,wikics:val:000054:a8e2f7ed77837d4b,54,54,large_h6_n10_s100_wikics_arxiv,a8e2f7ed77837d4b652e18f0316c93d7e0ed16853eb7f80344c9fee1ffa7073d,3,0,0,0,0,0,0,0,0,0,1557.081997,1557.0496826171875,1435.257254,121.901427,0.0,0.0,0.0,0.0,714.5127563476562,306.61359786987305,161.2871036529541,422.25404930114746,0.0,453.5458106994629,0.0,0.0,0.0,0.0,0.0,241.07983779907227,12.586751937866211,33.49724769592285,19.16944122314453
wikics,nocache_bf16,val,wikics:val:000055:3c1e3f2074abd3c8,55,55,large_h6_n10_s100_wikics_arxiv,3c1e3f2074abd3c877291529fd1f3d17d7985de2b8671dbb87cc71e5b84081c3,3,0,0,0,0,0,0,0,0,0,1523.249049,1523.219482421875,1411.723157,111.226525,0.0,0.0,0.0,0.0,724.3057861328125,206.99584197998047,165.19264030456543,427.09916973114014,0.0,462.3794298171997,0.0,0.0,0.0,0.0,0.0,146.94463920593262,7.776063919067383,35.86560010910034,16.409538745880127
wikics,nocache_bf16,val,wikics:val:000056:efcb08cf59d1e854,56,56,large_h6_n10_s100_wikics_arxiv,efcb08cf59d1e85484c1341b5bc27bdb0c54c55af7ed792f8233e590836e90af,3,0,0,0,0,0,0,0,0,0,1283.762116,1283.724853515625,1172.5244,111.045405,0.0,0.0,0.0,0.0,597.5908203125,202.75187301635742,135.61622428894043,352.8950080871582,0.0,380.3120365142822,0.0,0.0,0.0,0.0,0.0,151.44243049621582,8.127968072891235,28.732831954956055,14.306434869766235
wikics,nocache_bf16,val,wikics:val:000057:a3c7f395d320220a,57,57,large_h6_n10_s100_wikics_arxiv,a3c7f395d320220a49b18c10c43aaaf35b12e9f9b3cb44a936cd1bb76ea87e41,3,0,0,0,0,0,0,0,0,0,1522.667774,1522.6368408203125,1411.974294,110.940732,0.0,0.0,0.0,0.0,723.7514038085938,207.22051620483398,165.28777885437012,426.5667848587036,0.0,462.47239780426025,0.0,0.0,0.0,0.0,0.0,147.15657806396484,7.836287975311279,35.86143970489502,16.283522367477417
wikics,nocache_bf16,val,wikics:val:000058:8074f83a06f99a82,58,58,large_h6_n10_s100_wikics_arxiv,8074f83a06f99a823ad68d64ea27ab58e9d24ea96ba8e9704f5e2377f3caced5,3,0,0,0,0,0,0,0,0,0,1479.283056,1479.2532958984375,1357.477289,121.516637,0.0,0.0,0.0,0.0,698.6644287109375,220.15222930908203,158.3473606109619,411.3196792602539,0.0,445.15381050109863,0.0,0.0,0.0,0.0,0.0,162.13574409484863,8.556927919387817,33.63731145858765,16.061190366744995
wikics,nocache_bf16,val,wikics:val:000059:21f4f0d64380bdda,59,59,large_h6_n10_s100_wikics_arxiv,21f4f0d64380bdda046d4cc1db9002aca0956e7f0f93cad73d32b7c41fab9a1f,3,0,0,0,0,0,0,0,0,0,1629.560623,1629.5294189453125,1502.185652,127.01497,0.0,0.0,0.0,0.0,725.3665161132812,247.66146850585938,163.78345489501953,427.87286472320557,0.0,461.24152660369873,0.0,0.0,0.0,0.0,0.0,185.3592014312744,9.87449586391449,35.319103717803955,17.16029191017151
wikics,nocache_bf16,val,wikics:val:000060:9dd18ea1fcd0219b,60,60,large_h6_n10_s100_wikics_arxiv,9dd18ea1fcd0219b60d99cd4a59d6991950025d43145db4f4bb3fd8b8b79fa86,3,0,0,0,0,0,0,0,0,0,1513.882459,1513.8507080078125,1402.74857,110.609287,0.0,0.0,0.0,0.0,742.42822265625,219.376220703125,168.16352081298828,437.47494316101074,0.0,473.1644992828369,0.0,0.0,0.0,0.0,0.0,158.4028491973877,8.374176025390625,36.04086399078369,16.54889154434204
wikics,nocache_bf16,val,wikics:val:000061:59ffc0873b2736bd,61,61,large_h6_n10_s100_wikics_arxiv,59ffc0873b2736bd1131d5f3759451a37bcf18ecedae90549af313f517e26f4f,3,0,0,0,0,0,0,0,0,0,1560.523499,1560.4920654296875,1437.02695,122.442019,0.0,0.0,0.0,0.0,715.1220092773438,227.76038360595703,162.4938564300537,421.53696060180664,0.0,455.90828132629395,0.0,0.0,0.0,0.0,0.0,167.72377586364746,8.862911820411682,34.4805121421814,16.610628128051758
wikics,nocache_bf16,val,wikics:val:000062:cd046bf69ef46f20,62,62,large_h6_n10_s100_wikics_arxiv,cd046bf69ef46f204090fdd4878f751b1f18829050a54ec040957e600ad3cc68,3,0,0,0,0,0,0,0,0,0,1493.999341,1493.9595947265625,1387.459643,106.227016,0.0,0.0,0.0,0.0,715.3903198242188,251.05170440673828,161.8640651702881,422.5152931213379,0.0,454.8592872619629,0.0,0.0,0.0,0.0,0.0,189.29587173461914,10.027007937431335,34.333984375,17.126237988471985
wikics,nocache_bf16,val,wikics:val:000063:fdccf80ac6d5ed10,63,63,large_h6_n10_s100_wikics_arxiv,fdccf80ac6d5ed1031f1caf4ad0b8707e4063633f670534cc7316f4a63d581b6,3,0,0,0,0,0,0,0,0,0,1548.00228,1547.9697265625,1440.593016,106.073696,0.0,0.0,0.0,0.0,724.1035766601562,278.0289611816406,164.23990631103516,427.3920660018921,0.0,460.5109395980835,0.0,0.0,0.0,0.0,0.0,213.9005470275879,11.318015933036804,34.7163200378418,18.094078183174133
wikics,nocache_bf16,val,wikics:val:000064:c21d83b7a925b1f1,64,64,large_h6_n10_s100_wikics_arxiv,c21d83b7a925b1f1e3bf58aa888458f37c3c7959cc0860b33d5364e471f3be69,3,0,0,0,0,0,0,0,0,0,1464.57768,1464.5465087890625,1358.932639,106.075647,0.0,0.0,0.0,0.0,662.4435424804688,222.22729873657227,150.11072158813477,389.5584936141968,0.0,422.55668926239014,0.0,0.0,0.0,0.0,0.0,166.9265594482422,8.766111969947815,31.12342405319214,16.022300362586975
wikics,nocache_bf16,val,wikics:val:000065:8018dabccc7a098b,65,65,large_h6_n10_s100_wikics_arxiv,8018dabccc7a098b9082792cb6fdae67c3e451b13db77164ff6d6cbbfdbd5771,3,0,0,0,0,0,0,0,0,0,1514.977798,1514.9454345703125,1403.822791,110.859291,0.0,0.0,0.0,0.0,724.7275390625,243.03215789794922,165.01318359375,427.8266887664795,0.0,462.33270835876465,0.0,0.0,0.0,0.0,0.0,180.90988540649414,9.531903982162476,35.34124755859375,17.25907301902771
wikics,nocache_bf16,val,wikics:val:000066:70258368f4491f0c,66,66,large_h6_n10_s100_wikics_arxiv,70258368f4491f0c1f933e937a47280efcd886e3740f7d5b30af914ae2f65ae3,3,0,0,0,0,0,0,0,0,0,1209.844381,1209.814453125,1078.911845,130.642269,0.0,0.0,0.0,0.0,590.5693969726562,148.49459266662598,134.81769561767578,348.2656002044678,0.0,377.4661331176758,0.0,0.0,0.0,0.0,0.0,102.93334579467773,5.39654403924942,27.67571210861206,12.488990724086761
wikics,nocache_bf16,val,wikics:val:000067:7139754de7086e77,67,67,large_h6_n10_s100_wikics_arxiv,7139754de7086e7765da5a2bc4d08a7109fb268c05df038a524b37555f626219,3,0,0,0,0,0,0,0,0,0,1345.457789,1345.418701171875,1222.727668,122.507913,0.0,0.0,0.0,0.0,673.5411376953125,190.99004936218262,154.08345794677734,395.66649532318115,0.0,431.92438793182373,0.0,0.0,0.0,0.0,0.0,136.2516803741455,7.227488040924072,32.4169602394104,15.052220344543457
wikics,nocache_bf16,val,wikics:val:000068:d09d5c84fefc31fa,68,68,large_h6_n10_s100_wikics_arxiv,d09d5c84fefc31faa39227124c4a8196cf807ad304e4c22c39827c1e72c189a7,3,0,0,0,0,0,0,0,0,0,1504.311753,1504.2802734375,1376.196657,127.396549,0.0,0.0,0.0,0.0,716.2224731445312,244.57878494262695,161.9050235748291,422.33084869384766,0.0,455.1746635437012,0.0,0.0,0.0,0.0,0.0,183.4557113647461,9.699551939964294,34.56931161880493,16.945149421691895
wikics,nocache_bf16,val,wikics:val:000069:da8713a1886318f3,69,69,large_h6_n10_s100_wikics_arxiv,da8713a1886318f35bebbc1f6a260d9043f0f17461ca5357ede1eebbf97c39b9,3,0,0,0,0,0,0,0,0,0,1630.93849,1630.9066162109375,1519.648438,111.08319,0.0,0.0,0.0,0.0,726.3241577148438,370.8976631164551,162.40079879760742,430.61258029937744,0.0,458.3252124786377,0.0,0.0,0.0,0.0,0.0,301.06400299072266,15.739680051803589,33.79228734970093,20.54342818260193
wikics,nocache_bf16,val,wikics:val:000070:c07c01ab1d837bee,70,70,large_h6_n10_s100_wikics_arxiv,c07c01ab1d837bee495fe549fb059614c21012d28950d436a260cad0b20e355e,3,0,0,0,0,0,0,0,0,0,1495.274047,1495.2333984375,1383.293133,111.211781,0.0,0.0,0.0,0.0,716.2108764648438,223.4739532470703,163.28774642944336,422.49462509155273,0.0,457.0039978027344,0.0,0.0,0.0,0.0,0.0,163.25647926330566,8.698047876358032,34.795552253723145,16.61264181137085
wikics,nocache_bf16,val,wikics:val:000071:a33e3d4cce48fcc3,71,71,large_h6_n10_s100_wikics_arxiv,a33e3d4cce48fcc3980549bc7f9e0f293f769fa36ec601986da634453cff0f01,3,0,0,0,0,0,0,0,0,0,1475.263973,1475.2237548828125,1367.00414,106.439021,0.0,0.0,0.0,0.0,708.0869750976562,233.88959884643555,160.44819259643555,416.75926303863525,0.0,451.77590465545654,0.0,0.0,0.0,0.0,0.0,173.29919815063477,9.188352108001709,34.589824199676514,16.738238096237183
wikics,nocache_bf16,val,wikics:val:000072:f1151d716149ae48,72,72,large_h6_n10_s100_wikics_arxiv,f1151d716149ae48dbc85a7874ec59788c1e359220abb0af2364121fabe8da24,3,0,0,0,0,0,0,0,0,0,1643.505803,1643.47216796875,1538.535885,105.108454,0.0,0.0,0.0,0.0,726.3096923828125,320.2550048828125,163.00249481201172,428.7742738723755,0.0,460.84428215026855,0.0,0.0,0.0,0.0,0.0,252.89971542358398,13.444032192230225,34.06697607040405,19.701761960983276
wikics,nocache_bf16,val,wikics:val:000073:4b3154d00ed508a1,73,73,large_h6_n10_s100_wikics_arxiv,4b3154d00ed508a163face2906b779bc860da600f6b41d6bca03a69eddd4dac0,3,0,0,0,0,0,0,0,0,0,1567.981069,1567.9503173828125,1456.400428,111.292265,0.0,0.0,0.0,0.0,725.429931640625,259.4368667602539,164.10812759399414,427.8839359283447,0.0,461.4292278289795,0.0,0.0,0.0,0.0,0.0,196.10332679748535,10.496512055397034,35.23740863800049,17.419772624969482
wikics,nocache_bf16,val,wikics:val:000074:63d8027fe96dbd40,74,74,large_h6_n10_s100_wikics_arxiv,63d8027fe96dbd400c3253b6fea3dff229a9d059b23d14f1f2fd66ad5dc976a6,3,0,0,0,0,0,0,0,0,0,1500.641775,1500.6007080078125,1392.485414,106.565146,0.0,0.0,0.0,0.0,716.7411499023438,224.2783088684082,162.7755527496338,422.848895072937,0.0,456.24099254608154,0.0,0.0,0.0,0.0,0.0,164.3723201751709,8.691648006439209,34.54083204269409,16.30143904685974
wikics,nocache_bf16,val,wikics:val:000075:205fb8181f3470fd,75,75,large_h6_n10_s100_wikics_arxiv,205fb8181f3470fdbd1270150f71b5fca1cc9f81c402b312d394c3d904a0d37f,3,0,0,0,0,0,0,0,0,0,1387.50998,1387.4794921875,1276.422698,112.795661,0.0,0.0,0.0,0.0,662.7432861328125,206.7891845703125,151.21945762634277,390.12665367126465,0.0,423.8360900878906,0.0,0.0,0.0,0.0,0.0,151.48028755187988,7.941408038139343,31.984575748443604,15.38291323184967
wikics,nocache_bf16,val,wikics:val:000076:ddb2213b21b70ae0,76,76,large_h6_n10_s100_wikics_arxiv,ddb2213b21b70ae0608c1c092117830fd7e17b1a716dacdda024759397179a65,3,0,0,0,0,0,0,0,0,0,1499.3544,1499.3140869140625,1392.653655,105.133339,0.0,0.0,0.0,0.0,744.2738647460938,260.04793548583984,168.14006423950195,439.5780830383301,0.0,472.8188533782959,0.0,0.0,0.0,0.0,0.0,196.3371524810791,10.405887961387634,35.778239727020264,17.927101016044617
wikics,nocache_bf16,val,wikics:val:000077:f1913089890132b9,77,77,large_h6_n10_s100_wikics_arxiv,f1913089890132b93fdaffc173538a9f3a7d21ccce41a3e9e4c9795128d4bd45,3,0,0,0,0,0,0,0,0,0,1416.386883,1416.3553466796875,1289.148978,127.673601,0.0,0.0,0.0,0.0,680.31396484375,190.60201263427734,156.65657806396484,401.0002250671387,0.0,435.8900136947632,0.0,0.0,0.0,0.0,0.0,134.6038055419922,7.0973440408706665,33.08137559890747,15.286723017692566
wikics,nocache_bf16,val,wikics:val:000078:0761a00cafcc55ff,78,78,large_h6_n10_s100_wikics_arxiv,0761a00cafcc55ff9fe63e26139f58aec60e88d6395fc46a23de2ad601161439,3,0,0,0,0,0,0,0,0,0,1474.741724,1474.7020263671875,1363.593826,111.377253,0.0,0.0,0.0,0.0,680.7037353515625,258.5871696472168,154.375394821167,401.9300765991211,0.0,433.0241870880127,0.0,0.0,0.0,0.0,0.0,198.87312126159668,10.50166392326355,31.91817617416382,17.01916813850403
wikics,nocache_bf16,val,wikics:val:000079:2fe77eb4bcc2fb53,79,79,large_h6_n10_s100_wikics_arxiv,2fe77eb4bcc2fb53c2211e341bc094a3a30350f3b9232464ae3b32fe2ec8eddd,3,0,0,0,0,0,0,0,0,0,1474.420085,1474.380615234375,1368.271436,106.272783,0.0,0.0,0.0,0.0,709.0786743164062,254.87526321411133,160.36710166931152,417.25824069976807,0.0,452.3476266860962,0.0,0.0,0.0,0.0,0.0,193.19302368164062,10.167808175086975,34.17270374298096,17.3132803440094
wikics,nocache_bf16,val,wikics:val:000080:78e4b73fcf74884b,80,80,large_h6_n10_s100_wikics_arxiv,78e4b73fcf74884bd0f9d8224587705bf2a860666e91c84c032b4c3d0586467b,3,0,0,0,0,0,0,0,0,0,1472.835496,1472.795654296875,1366.899377,106.668022,0.0,0.0,0.0,0.0,707.7399291992188,232.63407516479492,161.16243171691895,416.9918737411499,0.0,452.1777515411377,0.0,0.0,0.0,0.0,0.0,172.1642551422119,9.066688060760498,34.591328144073486,16.80547332763672
wikics,nocache_bf16,val,wikics:val:000081:20ce9780b00f15b5,81,81,large_h6_n10_s100_wikics_arxiv,20ce9780b00f15b52811a677413a49886c9d562891b0f085e645f3da627331e0,3,0,0,0,0,0,0,0,0,0,1491.603825,1491.5740966796875,1386.250737,106.508533,0.0,0.0,0.0,0.0,718.6759643554688,252.81475067138672,161.77027320861816,423.33718395233154,0.0,456.8498525619507,0.0,0.0,0.0,0.0,0.0,191.02911949157715,10.059391975402832,34.398239612579346,17.327999591827393
wikics,nocache_bf16,val,wikics:val:000082:15505e4df399c749,82,82,large_h6_n10_s100_wikics_arxiv,15505e4df399c7492f629e9c7965cca92311ad45c4e2d4f2a65ee42f5ca8ba25,3,0,0,0,0,0,0,0,0,0,1476.330012,1476.2967529296875,1369.015076,107.010009,0.0,0.0,0.0,0.0,682.8981323242188,259.19376373291016,153.81036758422852,402.3755216598511,0.0,434.31425762176514,0.0,0.0,0.0,0.0,0.0,199.53021049499512,10.601631999015808,32.28732776641846,16.935810804367065
wikics,nocache_bf16,val,wikics:val:000083:a7ba3d44aa7499fe,83,83,large_h6_n10_s100_wikics_arxiv,a7ba3d44aa7499fee1445d9215d7a72b29cbdb6a49ba0da38d84ee982ee40490,3,0,0,0,0,0,0,0,0,0,1333.065988,1333.033203125,1223.937638,108.757771,0.0,0.0,0.0,0.0,644.7785034179688,160.79011344909668,148.9245777130127,379.01615715026855,0.0,415.44583320617676,0.0,0.0,0.0,0.0,0.0,109.97580909729004,5.720831990242004,31.191359996795654,13.751715064048767
wikics,nocache_bf16,val,wikics:val:000084:35732c8658931b86,84,84,large_h6_n10_s100_wikics_arxiv,35732c8658931b8612504cc455b6580ea44423ed7f94899d50f3c900f855d03c,3,0,0,0,0,0,0,0,0,0,1477.190601,1477.1500244140625,1369.21655,106.373937,0.0,0.0,0.0,0.0,682.3287963867188,260.58745193481445,154.74614334106445,402.5616645812988,0.0,434.61510848999023,0.0,0.0,0.0,0.0,0.0,200.4751682281494,10.78598403930664,32.18220806121826,17.17468285560608
wikics,nocache_bf16,val,wikics:val:000085:39693add84393c3e,85,85,large_h6_n10_s100_wikics_arxiv,39693add84393c3e86597303a982f69e8c2c131c841d86b3540fc8836693ee22,3,0,0,0,0,0,0,0,0,0,1383.150328,1383.12060546875,1276.027063,106.864188,0.0,0.0,0.0,0.0,664.0881958007812,209.00064086914062,152.08476638793945,390.71843242645264,0.0,425.29596042633057,0.0,0.0,0.0,0.0,0.0,151.59171295166016,7.949728012084961,32.0884485244751,15.494938850402832
wikics,nocache_bf16,val,wikics:val:000086:6154d20de82ca154,86,86,large_h6_n10_s100_wikics_arxiv,6154d20de82ca154d31dc1757ffb5df0b6b9fab72293c3c0850611659ced11c3,3,0,0,0,0,0,0,0,0,0,1412.906532,1412.8739013671875,1288.972844,123.610714,0.0,0.0,0.0,0.0,681.63427734375,191.27135848999023,156.89510345458984,401.4005756378174,0.0,437.12880516052246,0.0,0.0,0.0,0.0,0.0,136.11347198486328,7.0761600732803345,33.030208110809326,15.275902509689331
wikics,nocache_bf16,val,wikics:val:000087:2d8e1c91732f7fc9,87,87,large_h6_n10_s100_wikics_arxiv,2d8e1c91732f7fc9dc9d186a2ca2f383b734021eb501adc5b8e0ed0ef87a507d,3,0,0,0,0,0,0,0,0,0,1504.420004,1504.3861083984375,1380.279122,122.628891,0.0,0.0,0.0,0.0,710.7338256835938,219.6925392150879,161.90624237060547,418.04262351989746,0.0,454.7140827178955,0.0,0.0,0.0,0.0,0.0,159.68031692504883,8.462656021118164,34.9553599357605,16.55826997756958
wikics,nocache_bf16,val,wikics:val:000088:edf1f65b0215397f,88,88,large_h6_n10_s100_wikics_arxiv,edf1f65b0215397f7db64f2b0af499b296dd7db24bda5492ace4393562a0e0a3,3,0,0,0,0,0,0,0,0,0,1578.910435,1578.87646484375,1467.522894,110.845769,0.0,0.0,0.0,0.0,726.3097534179688,259.3675842285156,164.45680046081543,427.89740657806396,0.0,462.8691473007202,0.0,0.0,0.0,0.0,0.0,196.2666835784912,10.356768012046814,35.25750398635864,17.655292987823486
wikics,nocache_bf16,val,wikics:val:000089:cc473da6146fe84a,89,89,large_h6_n10_s100_wikics_arxiv,cc473da6146fe84a261cfc81f796542bafb0eacffffc7c8a2c614f0834c25fc7,3,0,0,0,0,0,0,0,0,0,1512.611891,1512.580322265625,1406.763875,107.524881,0.0,0.0,0.0,0.0,702.037109375,256.6848335266113,159.1261444091797,413.81718730926514,0.0,446.9341449737549,0.0,0.0,0.0,0.0,0.0,195.28495979309082,10.499711990356445,33.774399757385254,17.12576198577881
wikics,nocache_bf16,val,wikics:val:000090:04f10178109bc189,90,90,large_h6_n10_s100_wikics_arxiv,04f10178109bc18987c0d161e505acc91bd5670d8f9419c8668ecccb3d4a4fea,3,0,0,0,0,0,0,0,0,0,1593.598608,1593.564208984375,1470.339126,122.767488,0.0,0.0,0.0,0.0,729.6677856445312,258.68614959716797,164.54345512390137,429.6975679397583,0.0,464.5136728286743,0.0,0.0,0.0,0.0,0.0,195.20268630981445,10.318688035011292,35.427072048187256,17.634689211845398
wikics,nocache_bf16,val,wikics:val:000091:6005ecd7d5ac622d,91,91,large_h6_n10_s100_wikics_arxiv,6005ecd7d5ac622de1a177d20f147dd9d8a3627c61c0d028b05dbd49891ee46f,3,0,0,0,0,0,0,0,0,0,1339.01858,1338.9871826171875,1226.730621,111.805982,0.0,0.0,0.0,0.0,636.6361694335938,188.84832191467285,145.83234977722168,375.251935005188,0.0,407.45778942108154,0.0,0.0,0.0,0.0,0.0,136.56508827209473,7.258336067199707,30.400063514709473,14.366819381713867
wikics,nocache_bf16,val,wikics:val:000092:73a973d4261a61c9,92,92,large_h6_n10_s100_wikics_arxiv,73a973d4261a61c9ab186d29b44931ed7c5bff0e00c5110bc7a221fbb62df03c,3,0,0,0,0,0,0,0,0,0,1563.284294,1563.2423095703125,1440.064673,122.829485,0.0,0.0,0.0,0.0,719.3031616210938,317.5736656188965,162.27650833129883,425.233699798584,0.0,456.37023067474365,0.0,0.0,0.0,0.0,0.0,250.90492630004883,12.719359636306763,34.066367626190186,19.276673555374146
wikics,nocache_bf16,val,wikics:val:000093:d724956d62b3a7fc,93,93,large_h6_n10_s100_wikics_arxiv,d724956d62b3a7fcacd941394e399a7d05dc8293c6783e71baa7f6861404e482,3,0,0,0,0,0,0,0,0,0,1557.042262,1557.008056640625,1433.875793,121.9149,0.0,0.0,0.0,0.0,719.6124877929688,312.99929428100586,162.37421035766602,424.72143936157227,0.0,457.2652587890625,0.0,0.0,0.0,0.0,0.0,246.56435012817383,12.74454402923584,33.83769607543945,19.637759923934937
wikics,nocache_bf16,val,wikics:val:000094:3184012ce3fd116b,94,94,large_h6_n10_s100_wikics_arxiv,3184012ce3fd116b5a1c75421824747786bb2b0fd93fb15f6e13f67525491820,3,0,0,0,0,0,0,0,0,0,1561.495727,1561.4547119140625,1434.493948,126.433406,0.0,0.0,0.0,0.0,717.5782470703125,313.3257598876953,162.51795387268066,423.6263027191162,0.0,456.8385982513428,0.0,0.0,0.0,0.0,0.0,247.05353546142578,12.780480146408081,33.91529607772827,19.47846031188965
wikics,nocache_bf16,val,wikics:val:000095:5896bd7e52cfe097,95,95,large_h6_n10_s100_wikics_arxiv,5896bd7e52cfe097327cd8ed639653674c955ddf369bc55d1960b629703e361e,3,0,0,0,0,0,0,0,0,0,1594.342667,1594.3013916015625,1472.348668,121.470742,0.0,0.0,0.0,0.0,728.8007202148438,309.63634872436523,163.92582511901855,431.1109781265259,0.0,462.20484924316406,0.0,0.0,0.0,0.0,0.0,242.90700912475586,12.714368104934692,34.25286388397217,19.68076992034912
wikics,nocache_bf16,val,wikics:val:000096:e0d75fdd10f22e74,96,96,large_h6_n10_s100_wikics_arxiv,e0d75fdd10f22e74abcf3b05065d2374d4d1eeea4d96c2ce62fec18e8e1931fd,3,0,0,0,0,0,0,0,0,0,1316.772636,1316.741455078125,1203.474835,111.765229,0.0,0.0,0.0,0.0,642.3178100585938,209.36098861694336,145.2119026184082,376.63977432250977,0.0,411.16777515411377,0.0,0.0,0.0,0.0,0.0,156.1066551208496,8.209759950637817,30.079424381256104,14.999836564064026
wikics,nocache_bf16,val,wikics:val:000097:4ecd8b7732146f0e,97,97,large_h6_n10_s100_wikics_arxiv,4ecd8b7732146f0ead756c272e471e92c7481de63dcac7feb1ad635935de08c1,3,0,0,0,0,0,0,0,0,0,1580.851959,1580.8182373046875,1473.762043,107.395929,0.0,0.0,0.0,0.0,702.6021118164062,216.4225959777832,159.65603065490723,413.9172487258911,0.0,448.12577724456787,0.0,0.0,0.0,0.0,0.0,157.65046310424805,8.303167939186096,34.32713603973389,16.24530816078186
wikics,nocache_bf16,val,wikics:val:000098:255280efcfde1df9,98,98,large_h6_n10_s100_wikics_arxiv,255280efcfde1df920001e1b4a297d5150dfa6e921b32d68249ba5b73836e939,3,0,0,0,0,0,0,0,0,0,1506.955614,1506.9224853515625,1395.524665,111.100967,0.0,0.0,0.0,0.0,700.3446655273438,257.6695365905762,158.21692848205566,413.0663032531738,0.0,445.129337310791,0.0,0.0,0.0,0.0,0.0,196.11433792114258,10.406207919120789,33.617183685302734,16.911710619926453
wikics,nocache_bf16,val,wikics:val:000099:d4fd256fb5152e8f,99,99,large_h6_n10_s100_wikics_arxiv,d4fd256fb5152e8f5140b8ef9594c080c5b38ea41b17aceb83bda8b99e776f76,3,0,0,0,0,0,0,0,0,0,1547.360013,1547.3255615234375,1435.120739,111.460624,0.0,0.0,0.0,0.0,730.68115234375,225.45321655273438,166.68086433410645,430.6899824142456,0.0,467.5367317199707,0.0,0.0,0.0,0.0,0.0,164.08975982666016,8.653599977493286,35.90502405166626,16.684193015098572
wikics,nocache_bf16,test,wikics:test:000000:b39e9f309eb7b7ab,100,0,large_h6_n10_s100_wikics_arxiv,b39e9f309eb7b7abbfb6ef032cc0f27946bd2af7f6ca83076ea40eb13bf61862,3,0,0,0,0,0,0,0,0,0,1476.680321,1476.596435546875,1364.083586,111.513707,0.0,0.0,0.0,0.0,685.7459716796875,248.30163192749023,153.64515113830566,400.31392192840576,0.0,439.5827360153198,0.0,0.0,0.0,0.0,0.0,189.44335746765137,9.756800055503845,32.0513277053833,16.55827486515045
wikics,nocache_bf16,test,wikics:test:000001:114baa3a3e60d438,101,1,large_h6_n10_s100_wikics_arxiv,114baa3a3e60d43877ff9471825f00544b60fc4b458c41f176d3a2b17a3e68ec,3,0,0,0,0,0,0,0,0,0,1556.430205,1556.3961181640625,1450.323683,105.787549,0.0,0.0,0.0,0.0,717.0701904296875,273.1737251281738,162.09468841552734,423.1631689071655,0.0,455.6864824295044,0.0,0.0,0.0,0.0,0.0,210.35743713378906,11.158752083778381,33.89814376831055,17.807166934013367
wikics,nocache_bf16,test,wikics:test:000002:5b151751c4684bba,102,2,large_h6_n10_s100_wikics_arxiv,5b151751c4684bba603799d005ae26aae4aacdec132f6ce0e7224bc86c03f917,3,0,0,0,0,0,0,0,0,0,1429.52059,1429.4906005859375,1322.38,106.872799,0.0,0.0,0.0,0.0,710.13720703125,213.5776023864746,161.6156177520752,417.9349765777588,0.0,453.94335079193115,0.0,0.0,0.0,0.0,0.0,154.5148468017578,8.152127981185913,34.741984367370605,16.110817193984985
wikics,nocache_bf16,test,wikics:test:000003:122e1f58b400bded,103,3,large_h6_n10_s100_wikics_arxiv,122e1f58b400bdeddb1f6c0405804f1582b84056ad4f8eec0c0c0b813cd6b9d1,3,0,0,0,0,0,0,0,0,0,1415.467365,1415.4261474609375,1302.501822,112.659233,0.0,0.0,0.0,0.0,662.8235473632812,222.5294075012207,150.92559814453125,390.1853437423706,0.0,423.5638017654419,0.0,0.0,0.0,0.0,0.0,165.44582557678223,8.93174409866333,32.059711933135986,16.09212589263916
wikics,nocache_bf16,test,wikics:test:000004:c438a01544bd1b9c,104,4,large_h6_n10_s100_wikics_arxiv,c438a01544bd1b9cc5f15f45a32edd97056d0be72872e2ce33fee2f6660df03c,3,0,0,0,0,0,0,0,0,0,1560.892564,1560.851318359375,1454.106832,105.976529,0.0,0.0,0.0,0.0,719.0152587890625,278.2261505126953,161.3654079437256,424.68156909942627,0.0,456.2273979187012,0.0,0.0,0.0,0.0,0.0,214.89391708374023,11.288640141487122,33.95139217376709,17.905953526496887
wikics,nocache_bf16,test,wikics:test:000005:b256e9b37f8f8b31,105,5,large_h6_n10_s100_wikics_arxiv,b256e9b37f8f8b317821e74669f3f8f611b5cf3505734f75329e0e0252627528,3,0,0,0,0,0,0,0,0,0,1436.545464,1436.5126953125,1293.238111,143.00173,0.0,0.0,0.0,0.0,646.3735961914062,211.05120086669922,148.43660736083984,379.3757133483887,0.0,415.76086044311523,0.0,0.0,0.0,0.0,0.0,154.35350227355957,8.420160055160522,32.30579137802124,15.923843145370483
wikics,nocache_bf16,test,wikics:test:000006:19b231ef2406ed8c,106,6,large_h6_n10_s100_wikics_arxiv,19b231ef2406ed8c583458561709494bbc1d7dae0c38f2245ae028dc2ffe7fa7,3,0,0,0,0,0,0,0,0,0,1433.560583,1433.5196533203125,1306.603891,127.396468,0.0,0.0,0.0,0.0,662.9225463867188,221.97238159179688,150.35507011413574,390.1384325027466,0.0,423.5368814468384,0.0,0.0,0.0,0.0,0.0,166.1992645263672,8.883360147476196,31.420671463012695,15.469085454940796
wikics,nocache_bf16,test,wikics:test:000007:c8e944e20f3aef4c,107,7,large_h6_n10_s100_wikics_arxiv,c8e944e20f3aef4cfb52bf00e40496a22f24a1730839bd0d16e6d5fc47d43319,3,0,0,0,0,0,0,0,0,0,1474.702016,1474.6612548828125,1352.773925,121.633202,0.0,0.0,0.0,0.0,680.0217895507812,230.65868759155273,155.47699165344238,400.89686489105225,0.0,434.6019163131714,0.0,0.0,0.0,0.0,0.0,172.45814323425293,9.187359929084778,32.65087938308716,16.36230504512787
wikics,nocache_bf16,test,wikics:test:000008:80f4d51321480518,108,8,large_h6_n10_s100_wikics_arxiv,80f4d513214805184fc45f848c55366ad73f2d780b9e9fa1d3760718f24fe44f,3,0,0,0,0,0,0,0,0,0,1566.599521,1566.557861328125,1455.603607,110.261159,0.0,0.0,0.0,0.0,719.1109619140625,318.4145622253418,161.14614295959473,424.4106550216675,0.0,455.15874004364014,0.0,0.0,0.0,0.0,0.0,251.8693389892578,13.301151990890503,33.44982385635376,19.736839532852173
wikics,nocache_bf16,test,wikics:test:000009:7fd456811cef22b6,109,9,large_h6_n10_s100_wikics_arxiv,7fd456811cef22b63a623796ffc6b064d8dc50e1731aaf1160cff91619785d8c,3,0,0,0,0,0,0,0,0,0,1585.384487,1585.3497314453125,1478.224068,106.370872,0.0,0.0,0.0,0.0,717.2401123046875,259.6755180358887,162.38742637634277,423.5943326950073,0.0,456.58005237579346,0.0,0.0,0.0,0.0,0.0,197.43398666381836,10.52508807182312,34.212767601013184,17.53977108001709
wikics,nocache_bf16,test,wikics:test:000010:3bcd951b5cb81ae3,110,10,large_h6_n10_s100_wikics_arxiv,3bcd951b5cb81ae38ac9208e0fdf47eb902372cd8bdef981aa9f248046da9215,3,0,0,0,0,0,0,0,0,0,1542.00065,1541.9591064453125,1431.137464,110.531449,0.0,0.0,0.0,0.0,745.0819091796875,234.72918319702148,168.87097549438477,439.8559675216675,0.0,473.9853687286377,0.0,0.0,0.0,0.0,0.0,172.53817558288574,9.09276795387268,35.93564748764038,17.19321322441101
wikics,nocache_bf16,test,wikics:test:000011:926e4c10c89dc024,111,11,large_h6_n10_s100_wikics_arxiv,926e4c10c89dc02467e14a1cc74f902f663f97c9be62c39a2c5a637785f62540,3,0,0,0,0,0,0,0,0,0,1464.050074,1464.009765625,1336.117368,127.600987,0.0,0.0,0.0,0.0,675.0377807617188,235.67699432373047,153.02828979492188,396.82390689849854,0.0,431.00271129608154,0.0,0.0,0.0,0.0,0.0,178.2021141052246,9.476447820663452,32.12703895568848,16.320005655288696
wikics,nocache_bf16,test,wikics:test:000012:948f281fa8e149ed,112,12,large_h6_n10_s100_wikics_arxiv,948f281fa8e149ed9febadd04e2e85b6e036139c74d1b69c8fe17fa0526eea7b,3,0,0,0,0,0,0,0,0,0,1269.878847,1269.84033203125,1140.752091,128.835079,0.0,0.0,0.0,0.0,616.6543579101562,169.5200309753418,140.64828872680664,364.48365020751953,0.0,393.1622314453125,0.0,0.0,0.0,0.0,0.0,120.01503944396973,6.299840152263641,29.5632643699646,13.505247116088867
wikics,nocache_bf16,test,wikics:test:000013:872bb9df273ad109,113,13,large_h6_n10_s100_wikics_arxiv,872bb9df273ad1091abe85ef20ec42adedd38c5e9536cb98d6587aade4d6f979,3,0,0,0,0,0,0,0,0,0,1491.515966,1491.475341796875,1384.406444,106.727289,0.0,0.0,0.0,0.0,717.3533935546875,292.2485466003418,162.1434555053711,423.7760019302368,0.0,456.0950880050659,0.0,0.0,0.0,0.0,0.0,227.8584327697754,12.041760087013245,33.753599643707275,18.594754099845886
wikics,nocache_bf16,test,wikics:test:000014:557ddebe91684e6e,114,14,large_h6_n10_s100_wikics_arxiv,557ddebe91684e6e1d7adc8d5728380c715b186f05cc9e5b854bd8f140a2f512,3,0,0,0,0,0,0,0,0,0,1352.989285,1352.959228515625,1223.996539,128.269544,0.0,0.0,0.0,0.0,626.4780883789062,235.64028930664062,143.50499153137207,370.51574420928955,0.0,400.38733863830566,0.0,0.0,0.0,0.0,0.0,180.1655979156494,9.73855984210968,29.901344299316406,15.672448992729187
wikics,nocache_bf16,test,wikics:test:000015:32677b4eee65e40a,115,15,large_h6_n10_s100_wikics_arxiv,32677b4eee65e40ae6a165981814df6d211d2bbf09bed9be523649a4f29c7126,3,0,0,0,0,0,0,0,0,0,1117.816418,1117.785888671875,1004.936725,112.603243,0.0,0.0,0.0,0.0,535.7958374023438,127.73187065124512,122.61859512329102,316.3576316833496,0.0,342.2903823852539,0.0,0.0,0.0,0.0,0.0,86.87552070617676,4.56166398525238,25.4270076751709,11.08092749118805
wikics,nocache_bf16,test,wikics:test:000016:c0475eb283dbd143,116,16,large_h6_n10_s100_wikics_arxiv,c0475eb283dbd1439a7826b0099b1b55085b16bdbb6d9c323473b401ba40a131,3,0,0,0,0,0,0,0,0,0,1332.187086,1332.15478515625,1218.858912,113.034874,0.0,0.0,0.0,0.0,648.7962036132812,184.8196144104004,147.67078399658203,379.37932872772217,0.0,416.8163652420044,0.0,0.0,0.0,0.0,0.0,132.51647758483887,6.912191867828369,31.060128211975098,14.434304237365723
wikics,nocache_bf16,test,wikics:test:000017:4a1cc5182ee6a7b2,117,17,large_h6_n10_s100_wikics_arxiv,4a1cc5182ee6a7b21bcc02e720e79abc58a3736448065e57d132aabb574e1ce0,3,0,0,0,0,0,0,0,0,0,1332.322606,1332.291748046875,1220.215889,112.014329,0.0,0.0,0.0,0.0,647.7064819335938,184.71843338012695,148.72636795043945,380.27580642700195,0.0,416.1760187149048,0.0,0.0,0.0,0.0,0.0,131.6275520324707,6.975487947463989,31.407007217407227,14.541089415550232
wikics,nocache_bf16,test,wikics:test:000018:52ed896d72d1921f,118,18,large_h6_n10_s100_wikics_arxiv,52ed896d72d1921f5bfad1ba37c773faef5be83e39838a0b7c5f273e111c94c2,3,0,0,0,0,0,0,0,0,0,1492.195495,1492.155029296875,1381.228865,110.272852,0.0,0.0,0.0,0.0,711.7378540039062,270.9409294128418,160.77702522277832,419.0001564025879,0.0,453.31817626953125,0.0,0.0,0.0,0.0,0.0,208.26835250854492,11.141247987747192,33.9520320892334,17.69132649898529
wikics,nocache_bf16,test,wikics:test:000019:d818f5b8cb6d7e5d,119,19,large_h6_n10_s100_wikics_arxiv,d818f5b8cb6d7e5debed18cf27d69c8839f643f32da6837d6996ba8668450d55,3,0,0,0,0,0,0,0,0,0,1438.514141,1438.482666015625,1327.930564,110.184364,0.0,0.0,0.0,0.0,709.9346313476562,270.73731231689453,160.93785667419434,418.06188774108887,0.0,452.912392616272,0.0,0.0,0.0,0.0,0.0,207.8663330078125,11.089215874671936,33.907968521118164,17.805858969688416
wikics,nocache_bf16,test,wikics:test:000020:ab0922f67c5fbbe5,120,20,large_h6_n10_s100_wikics_arxiv,ab0922f67c5fbbe5719b9057d130d798ebe62c82eda3b9e6779d10b62a0ab03e,3,0,0,0,0,0,0,0,0,0,1621.019446,1620.984619140625,1513.192731,107.351437,0.0,0.0,0.0,0.0,727.8902587890625,354.1248970031738,163.02934646606445,429.9739828109741,0.0,461.3778142929077,0.0,0.0,0.0,0.0,0.0,284.4496383666992,14.956543922424316,34.05183982849121,20.21530556678772
wikics,nocache_bf16,test,wikics:test:000021:5d453ee1cd5d59f9,121,21,large_h6_n10_s100_wikics_arxiv,5d453ee1cd5d59f93beec8e6bbfa80c2f22adbd82be2f4d0eac68cd4736cd8ab,3,0,0,0,0,0,0,0,0,0,1453.76619,1453.7320556640625,1342.412641,111.672811,0.0,0.0,0.0,0.0,649.1094360351562,220.39843368530273,148.31411170959473,380.95561695098877,0.0,415.6906490325928,0.0,0.0,0.0,0.0,0.0,163.65811347961426,8.757376074790955,31.553216457366943,15.721826672554016
wikics,nocache_bf16,test,wikics:test:000022:066e9ba55552f1f8,122,22,large_h6_n10_s100_wikics_arxiv,066e9ba55552f1f8a73072514a22f5d6757c92f4c0398e291fc015deb88b7b88,3,0,0,0,0,0,0,0,0,0,1718.496118,1718.4521484375,1606.00024,111.18935,0.0,0.0,0.0,0.0,748.1691284179688,416.8915557861328,166.83817672729492,442.3060140609741,0.0,472.456974029541,0.0,0.0,0.0,0.0,0.0,341.9397430419922,17.478816032409668,33.9304633140564,22.321412563323975
wikics,nocache_bf16,test,wikics:test:000023:f77a6bf6e6e7e71b,123,23,large_h6_n10_s100_wikics_arxiv,f77a6bf6e6e7e71b5e5ecd0307e4293065f4fee80788b61911368457a6d1a604,3,0,0,0,0,0,0,0,0,0,1389.530315,1389.5001220703125,1282.811477,107.453316,0.0,0.0,0.0,0.0,683.8626708984375,196.9234218597412,156.98345565795898,402.31510829925537,0.0,437.82611179351807,0.0,0.0,0.0,0.0,0.0,139.97711944580078,7.408064007759094,33.27187252044678,15.813982844352722
wikics,nocache_bf16,test,wikics:test:000024:000a2a73e51d5345,124,24,large_h6_n10_s100_wikics_arxiv,000a2a73e51d53459dc7e58576aaddb15d29ac4a73b00401f136569f75d2f6b8,3,0,0,0,0,0,0,0,0,0,1431.825246,1431.7926025390625,1288.296714,143.240212,0.0,0.0,0.0,0.0,648.4733276367188,207.06864166259766,147.0541114807129,379.7365779876709,0.0,416.85115814208984,0.0,0.0,0.0,0.0,0.0,152.97561645507812,8.188127875328064,31.143199920654297,14.918113350868225
wikics,nocache_bf16,test,wikics:test:000025:1424ce3b3bad84d4,125,25,large_h6_n10_s100_wikics_arxiv,1424ce3b3bad84d47085b76cd2ca72fa2d01ab4c8eb0cee9f0854c07ffcbbf64,3,0,0,0,0,0,0,0,0,0,1520.946726,1520.9052734375,1410.287629,110.313643,0.0,0.0,0.0,0.0,728.6315307617188,243.26079940795898,166.24534225463867,429.36841773986816,0.0,465.49140453338623,0.0,0.0,0.0,0.0,0.0,180.47587203979492,9.551040172576904,35.77494430541992,17.273218631744385
wikics,nocache_bf16,test,wikics:test:000026:6fabdd7e6fa1c9b0,126,26,large_h6_n10_s100_wikics_arxiv,6fabdd7e6fa1c9b0791ff71909878258781591a7720f48a6507ad37df16a4ca1,3,0,0,0,0,0,0,0,0,0,1542.712198,1542.670166015625,1431.330671,111.016081,0.0,0.0,0.0,0.0,710.041748046875,290.27120208740234,161.5149440765381,418.30572605133057,0.0,453.41319370269775,0.0,0.0,0.0,0.0,0.0,226.34457778930664,11.803008079528809,33.83500814437866,18.237213134765625
wikics,nocache_bf16,test,wikics:test:000027:df55b940083f1bf1,127,27,large_h6_n10_s100_wikics_arxiv,df55b940083f1bf1f1f72918358a0a21b17b5b59208e8033f0571bcddd8aab82,3,0,0,0,0,0,0,0,0,0,1740.10707,1740.0628662109375,1627.735818,112.05851,0.0,0.0,0.0,0.0,718.8201904296875,398.94722747802734,161.02390098571777,425.45356941223145,0.0,454.8541717529297,0.0,0.0,0.0,0.0,0.0,327.3100471496582,16.99350380897522,33.07148838043213,21.403873443603516
wikics,nocache_bf16,test,wikics:test:000028:bb2e0546b88fa929,128,28,large_h6_n10_s100_wikics_arxiv,bb2e0546b88fa929e4ad473dbd223f632fce04a3717e5e2390426e3af27fddfb,3,0,0,0,0,0,0,0,0,0,1443.301754,1443.2698974609375,1314.75735,126.453972,0.0,0.0,0.0,0.0,665.9168701171875,224.33078384399414,151.39443016052246,391.8357124328613,0.0,424.8834161758423,0.0,0.0,0.0,0.0,0.0,168.25779342651367,8.936223983764648,31.48848009109497,15.57846212387085
wikics,nocache_bf16,test,wikics:test:000029:354b8d27549aa637,129,29,large_h6_n10_s100_wikics_arxiv,354b8d27549aa637c29bd706bc1b1d4c8e164bb524dbb43ff574695c37d49b21,3,0,0,0,0,0,0,0,0,0,1536.24441,1536.211669921875,1429.546191,105.873586,0.0,0.0,0.0,0.0,729.36865234375,260.9936637878418,165.33606338500977,429.7681932449341,0.0,464.9365224838257,0.0,0.0,0.0,0.0,0.0,197.41919708251953,10.514559984207153,35.33951997756958,17.671969056129456
wikics,nocache_bf16,test,wikics:test:000030:4a41086e390dbe51,130,30,large_h6_n10_s100_wikics_arxiv,4a41086e390dbe51ecd9f27bdf84a1f2aed65d44410ce97f0e5f6a2d66d349b1,3,0,0,0,0,0,0,0,0,0,1415.549624,1415.509765625,1309.486702,105.753883,0.0,0.0,0.0,0.0,682.8327026367188,245.42614364624023,154.6672649383545,402.746431350708,0.0,435.2666530609131,0.0,0.0,0.0,0.0,0.0,186.01184272766113,9.890559911727905,32.48841571807861,16.81065285205841
wikics,nocache_bf16,test,wikics:test:000031:cafc1e78b99470a1,131,31,large_h6_n10_s100_wikics_arxiv,cafc1e78b99470a1de15d16216655833dd9034daaf7ae6b5386e2d52952fddae,3,0,0,0,0,0,0,0,0,0,1524.786604,1524.756103515625,1418.43041,106.545613,0.0,0.0,0.0,0.0,746.6882934570312,287.2349090576172,168.88844680786133,440.62348651885986,0.0,476.4200191497803,0.0,0.0,0.0,0.0,0.0,221.58138275146484,11.594592094421387,35.54265546798706,18.459702968597412
wikics,nocache_bf16,test,wikics:test:000032:1f48965693a47551,132,32,large_h6_n10_s100_wikics_arxiv,1f48965693a47551fb266cee941d275d7733d5e14d8bc4f0a241156e1e7f8f85,3,0,0,0,0,0,0,0,0,0,1627.164484,1627.131591796875,1521.004877,105.841281,0.0,0.0,0.0,0.0,730.6256713867188,310.2796173095703,165.0649929046631,429.8565444946289,0.0,464.9120855331421,0.0,0.0,0.0,0.0,0.0,242.6066551208496,12.517887949943542,35.19062423706055,19.70153570175171
wikics,nocache_bf16,test,wikics:test:000033:97a6a0498a0658ed,133,33,large_h6_n10_s100_wikics_arxiv,97a6a0498a0658edcac653eb0bb3210363bd9b07ca8d619186dbcfcbc0a2e8f5,3,0,0,0,0,0,0,0,0,0,1661.939639,1661.8978271484375,1550.881446,111.202656,0.0,0.0,0.0,0.0,729.5028076171875,293.8979835510254,164.77894592285156,429.8637752532959,0.0,464.3150644302368,0.0,0.0,0.0,0.0,0.0,228.41350173950195,12.107392072677612,35.23420810699463,18.93993592262268
wikics,nocache_bf16,test,wikics:test:000034:93dab44c974f61f3,134,34,large_h6_n10_s100_wikics_arxiv,93dab44c974f61f37b82c3a55ac543c3cafa371b99f438f53d8df60d8b08da15,3,0,0,0,0,0,0,0,0,0,1496.422543,1496.390625,1384.588569,110.631199,0.0,0.0,0.0,0.0,712.2713012695312,272.948673248291,161.15074920654297,419.34412956237793,0.0,453.7939214706421,0.0,0.0,0.0,0.0,0.0,210.35292434692383,10.951200127601624,33.74959993362427,17.90125262737274
wikics,nocache_bf16,test,wikics:test:000035:e96a44872b159e58,135,35,large_h6_n10_s100_wikics_arxiv,e96a44872b159e585dfc70f49945bedec7a8f682f7c98f1e2e240ff3a9cfb9a6,3,0,0,0,0,0,0,0,0,0,1449.135055,1449.094970703125,1336.58642,112.268398,0.0,0.0,0.0,0.0,676.95166015625,212.77135848999023,153.82534217834473,397.582368850708,0.0,433.1280117034912,0.0,0.0,0.0,0.0,0.0,155.346529006958,8.464864015579224,32.93500757217407,15.934432625770569
wikics,nocache_bf16,test,wikics:test:000036:afbff186281a0e4e,136,36,large_h6_n10_s100_wikics_arxiv,afbff186281a0e4ef263695c2eae0d5605ba4b8d807b1a398463e79793b58c9e,3,0,0,0,0,0,0,0,0,0,1570.489312,1570.447509765625,1459.873305,110.330752,0.0,0.0,0.0,0.0,730.4610595703125,230.57641983032227,165.6170539855957,430.21190452575684,0.0,466.2774085998535,0.0,0.0,0.0,0.0,0.0,169.3063678741455,8.902399897575378,35.733312129974365,16.68979036808014
wikics,nocache_bf16,test,wikics:test:000037:b3012d4981d56ea8,137,37,large_h6_n10_s100_wikics_arxiv,b3012d4981d56ea820287d335a753a79cc4b4f1ef77ed486500ba06ecd246d4b,3,0,0,0,0,0,0,0,0,0,1330.023858,1329.991455078125,1216.389153,113.747348,0.0,0.0,0.0,0.0,638.61474609375,158.2994556427002,149.22217750549316,376.5506868362427,0.0,411.5897569656372,0.0,0.0,0.0,0.0,0.0,107.8744945526123,5.648896038532257,31.12064027786255,13.566849112510681
wikics,nocache_bf16,test,wikics:test:000038:d8d309dacda8c856,138,38,large_h6_n10_s100_wikics_arxiv,d8d309dacda8c8565011a8a5c4bd50703da0a89f4da3c8de139014c0f400b5e1,3,0,0,0,0,0,0,0,0,0,1450.617189,1450.586181640625,1343.574009,106.859202,0.0,0.0,0.0,0.0,730.3292236328125,221.71219635009766,165.42127990722656,430.4761257171631,0.0,465.90410327911377,0.0,0.0,0.0,0.0,0.0,161.1152629852295,8.4688640832901,35.67094421386719,16.450212478637695
wikics,nocache_bf16,test,wikics:test:000039:3ef432bb200e1c4d,139,39,large_h6_n10_s100_wikics_arxiv,3ef432bb200e1c4d10899e6d592c8c2970df591ebd929560ec4d6b50c138ea97,3,0,0,0,0,0,0,0,0,0,1451.380459,1451.350341796875,1339.102398,112.254104,0.0,0.0,0.0,0.0,647.2830810546875,221.04672241210938,148.91551780700684,380.6082572937012,0.0,415.82282638549805,0.0,0.0,0.0,0.0,0.0,164.5185890197754,8.868736028671265,31.792928218841553,15.947235703468323
wikics,nocache_bf16,test,wikics:test:000040:9c16d6144ad4a191,140,40,large_h6_n10_s100_wikics_arxiv,9c16d6144ad4a1917bc11fa59558e81b6ffc26842b37c5b649636e1bd6996d1c,3,0,0,0,0,0,0,0,0,0,1567.613044,1567.57177734375,1460.675384,106.599331,0.0,0.0,0.0,0.0,730.1690063476562,231.33145141601562,166.85283088684082,430.74342346191406,0.0,467.167010307312,0.0,0.0,0.0,0.0,0.0,169.26377487182617,8.91811203956604,35.855135917663574,16.93420422077179
wikics,nocache_bf16,test,wikics:test:000041:7fea338f8fa28367,141,41,large_h6_n10_s100_wikics_arxiv,7fea338f8fa28367962db97fb384e2e94a82f63cc2c2a58460bd13fa9d7532c6,3,0,0,0,0,0,0,0,0,0,1455.667231,1455.626953125,1343.737084,111.25442,0.0,0.0,0.0,0.0,729.8405151367188,221.82525253295898,165.8470401763916,430.1593255996704,0.0,465.9612503051758,0.0,0.0,0.0,0.0,0.0,161.00524711608887,8.501983880996704,35.75251245498657,16.50384557247162
wikics,nocache_bf16,test,wikics:test:000042:7e04af92ff942365,142,42,large_h6_n10_s100_wikics_arxiv,7e04af92ff94236596a24d9e983dcc77cce54b5d00fe25a7752dadbdf0253c86,3,0,0,0,0,0,0,0,0,0,1554.881653,1554.85009765625,1448.71334,105.777036,0.0,0.0,0.0,0.0,723.4467163085938,261.18666076660156,163.04351997375488,426.5308790206909,0.0,459.87510204315186,0.0,0.0,0.0,0.0,0.0,198.78579330444336,10.46284794807434,34.58684778213501,17.64630699157715
wikics,nocache_bf16,test,wikics:test:000043:7338a3bd818fbc61,143,43,large_h6_n10_s100_wikics_arxiv,7338a3bd818fbc612b572517865a443cded9cc98f098cd47444fc0c70f038fa1,3,0,0,0,0,0,0,0,0,0,1725.893258,1725.8587646484375,1597.56903,127.273005,0.0,0.0,0.0,0.0,749.9515380859375,382.66167068481445,167.75641632080078,442.68070220947266,0.0,474.59041690826416,0.0,0.0,0.0,0.0,0.0,310.92015838623047,16.06988763809204,34.35145616531372,21.177990436553955
wikics,nocache_bf16,test,wikics:test:000044:e7e458e07c01abc7,144,44,large_h6_n10_s100_wikics_arxiv,e7e458e07c01abc73eac5d1f5b73ee274f45fe663453876d0498e3b21270f1db,3,0,0,0,0,0,0,0,0,0,1467.078634,1467.0362548828125,1338.675405,127.82692,0.0,0.0,0.0,0.0,701.33642578125,209.91241455078125,159.42748832702637,413.42223930358887,0.0,447.7612257003784,0.0,0.0,0.0,0.0,0.0,151.39964866638184,8.162976026535034,34.396543979644775,15.931803703308105
wikics,nocache_bf16,test,wikics:test:000045:664f4ac17fac6612,145,45,large_h6_n10_s100_wikics_arxiv,664f4ac17fac66126dbf78db22d95ea89d4ccfe89013f9873465f1677a51a75f,3,0,0,0,0,0,0,0,0,0,1737.346585,1737.314453125,1629.713208,106.615346,0.0,0.0,0.0,0.0,719.2807006835938,400.2803192138672,161.20198440551758,426.00156593322754,0.0,454.9014654159546,0.0,0.0,0.0,0.0,0.0,328.11315536499023,17.281791925430298,33.39030408859253,21.57798671722412
wikics,nocache_bf16,test,wikics:test:000046:8880ab728d4d5032,146,46,large_h6_n10_s100_wikics_arxiv,8880ab728d4d503279b823be1914ee9902a040262614bf49e1872574b155fe91,3,0,0,0,0,0,0,0,0,0,1512.126651,1512.09521484375,1400.423255,111.286843,0.0,0.0,0.0,0.0,720.96337890625,264.6883239746094,163.19494438171387,425.3443202972412,0.0,458.81400299072266,0.0,0.0,0.0,0.0,0.0,201.56134605407715,10.637760043144226,34.47164821624756,17.627045512199402
wikics,nocache_bf16,test,wikics:test:000047:2642137ffa998c84,147,47,large_h6_n10_s100_wikics_arxiv,2642137ffa998c84dd63777375d8e0ade25fbd787901bdf3058101753a069020,3,0,0,0,0,0,0,0,0,0,1521.206872,1521.166015625,1410.465186,111.498301,0.0,0.0,0.0,0.0,732.63525390625,245.25465774536133,165.4898567199707,431.0863037109375,0.0,466.67741775512695,0.0,0.0,0.0,0.0,0.0,183.03801918029785,9.631296038627625,35.63603162765503,17.258046984672546
wikics,nocache_bf16,test,wikics:test:000048:51b9971d8910d5e2,148,48,large_h6_n10_s100_wikics_arxiv,51b9971d8910d5e2e50bb2ce18041a1def0f52cc064e9c53428b6208b2325cec,3,0,0,0,0,0,0,0,0,0,1459.232681,1459.1922607421875,1335.590814,123.289817,0.0,0.0,0.0,0.0,730.3016967773438,195.21910667419434,169.02211570739746,430.582239151001,0.0,468.74157333374023,0.0,0.0,0.0,0.0,0.0,135.27110481262207,7.066336035728455,36.577728271484375,16.43529760837555
wikics,nocache_bf16,test,wikics:test:000049:728df285513a7803,149,49,large_h6_n10_s100_wikics_arxiv,728df285513a7803b751f28b0959d82e759e2f545428d48a38d0f006a55bcc9a,3,0,0,0,0,0,0,0,0,0,1566.675723,1566.6439208984375,1459.254272,107.102943,0.0,0.0,0.0,0.0,720.3703002929688,294.30623626708984,163.02240180969238,424.4005126953125,0.0,458.8167324066162,0.0,0.0,0.0,0.0,0.0,229.27478408813477,11.970463871955872,34.21132755279541,18.753313899040222
wikics,nocache_bf16,test,wikics:test:000050:fe96b5b2a7c4af01,150,50,large_h6_n10_s100_wikics_arxiv,fe96b5b2a7c4af01943f25f9415335607ba1b330ad640aa2818bffc6db32e498,3,0,0,0,0,0,0,0,0,0,1583.522794,1583.4906005859375,1456.130018,126.838353,0.0,0.0,0.0,0.0,720.2423706054688,291.89567947387695,162.74815940856934,424.996639251709,0.0,458.013765335083,0.0,0.0,0.0,0.0,0.0,227.50189208984375,11.852799773216248,34.26947259902954,18.65814995765686
wikics,nocache_bf16,test,wikics:test:000051:6246382ad476e3b5,151,51,large_h6_n10_s100_wikics_arxiv,6246382ad476e3b5f68b37aba9aa3566c47b169674446b7a4c924b1c74988d7f,3,0,0,0,0,0,0,0,0,0,1551.106365,1551.073974609375,1422.712508,127.601752,0.0,0.0,0.0,0.0,730.3714599609375,267.03052520751953,165.57196807861328,430.63411235809326,0.0,466.70944118499756,0.0,0.0,0.0,0.0,0.0,203.15420722961426,10.705343961715698,35.383488178253174,17.810622453689575
wikics,nocache_bf16,test,wikics:test:000052:421b142bb389d9d1,152,52,large_h6_n10_s100_wikics_arxiv,421b142bb389d9d16aececb4211419686451d1184d50d2e5f8ea97ee81a79730,3,0,0,0,0,0,0,0,0,0,1424.266173,1424.2347412109375,1310.896758,111.621781,0.0,0.0,0.0,0.0,634.6007080078125,232.7069091796875,142.9272003173828,371.2976989746094,0.0,407.2711353302002,0.0,0.0,0.0,0.0,0.0,178.06047821044922,9.443552017211914,29.655680179595947,15.54719877243042
wikics,nocache_bf16,test,wikics:test:000053:31b24b95a70aea62,153,53,large_h6_n10_s100_wikics_arxiv,31b24b95a70aea62d73f3c5f5b796febb8ca98cc307497a826603ccfab0b45bb,3,0,0,0,0,0,0,0,0,0,1453.36504,1453.3238525390625,1347.029978,106.037912,0.0,0.0,0.0,0.0,721.269775390625,237.07452774047852,163.59353637695312,425.1353931427002,0.0,460.553861618042,0.0,0.0,0.0,0.0,0.0,175.7461757659912,9.34550392627716,34.99404811859131,17.00173044204712
wikics,nocache_bf16,test,wikics:test:000054:1492c0fd54704e8b,154,54,large_h6_n10_s100_wikics_arxiv,1492c0fd54704e8b3a028427a3f0afafbed89dfcff3af66979a2a0d84cdb94e6,3,0,0,0,0,0,0,0,0,0,1611.353905,1611.3125,1499.175935,111.187255,0.0,0.0,0.0,0.0,703.726318359375,263.5589790344238,158.71622276306152,415.2822427749634,0.0,447.36323261260986,0.0,0.0,0.0,0.0,0.0,202.3052463531494,10.694687962532043,33.62768030166626,17.22035038471222
wikics,nocache_bf16,test,wikics:test:000055:4c3a9cced3fdbabd,155,55,large_h6_n10_s100_wikics_arxiv,4c3a9cced3fdbabd0d34163f06734c93b30f546193a2e36fcf5442c43864448d,3,0,0,0,0,0,0,0,0,0,1462.732953,1462.6920166015625,1356.428256,105.907842,0.0,0.0,0.0,0.0,733.48974609375,226.92489624023438,166.56924629211426,431.79296112060547,0.0,468.0317153930664,0.0,0.0,0.0,0.0,0.0,165.6539192199707,8.639007806777954,35.800992012023926,16.830977201461792
wikics,nocache_bf16,test,wikics:test:000056:a5bcd1251e1f47d6,156,56,large_h6_n10_s100_wikics_arxiv,a5bcd1251e1f47d65b8e0c3b3de076d9f301f0643172bda73691e60b9cdddd5c,3,0,0,0,0,0,0,0,0,0,1544.098416,1544.054931640625,1433.727106,110.244716,0.0,0.0,0.0,0.0,732.4349975585938,272.73350524902344,165.62972831726074,432.01011180877686,0.0,466.0610761642456,0.0,0.0,0.0,0.0,0.0,208.07161712646484,10.86294400691986,35.262208461761475,18.171040415763855
wikics,nocache_bf16,test,wikics:test:000057:c76d1190b26d012d,157,57,large_h6_n10_s100_wikics_arxiv,c76d1190b26d012d091c00559c3a0425c20ebef1e538e567c96c216e9d813ae8,3,0,0,0,0,0,0,0,0,0,1598.585019,1598.552001953125,1487.578017,110.608546,0.0,0.0,0.0,0.0,750.302490234375,318.68873596191406,168.27158164978027,442.318528175354,0.0,476.25554370880127,0.0,0.0,0.0,0.0,0.0,251.10064315795898,13.08950424194336,34.801472187042236,19.87826895713806
wikics,nocache_bf16,test,wikics:test:000058:a45285bcd1949205,158,58,large_h6_n10_s100_wikics_arxiv,a45285bcd19492055ac80246f60bb0fb2ed4e504e079a5cd3200cdbdb7b891b5,3,0,0,0,0,0,0,0,0,0,1422.310986,1422.2781982421875,1313.836988,108.057053,0.0,0.0,0.0,0.0,678.7229614257812,208.9993553161621,153.24367904663086,399.1931800842285,0.0,432.6755027770996,0.0,0.0,0.0,0.0,0.0,154.1539821624756,8.22159993648529,31.40457534790039,15.24300730228424
wikics,nocache_bf16,test,wikics:test:000059:1b94d315dc4e5555,159,59,large_h6_n10_s100_wikics_arxiv,1b94d315dc4e55559bb69eeacb678f2d308eb5396713d6fa6fa7259031e7a970,3,0,0,0,0,0,0,0,0,0,1457.388128,1457.355224609375,1345.339963,111.753499,0.0,0.0,0.0,0.0,713.84375,208.2217903137207,164.30911827087402,420.1402254104614,0.0,458.21166038513184,0.0,0.0,0.0,0.0,0.0,148.56975936889648,7.72326397895813,35.56511974334717,16.36364722251892
wikics,nocache_bf16,test,wikics:test:000060:38930b7d326ce516,160,60,large_h6_n10_s100_wikics_arxiv,38930b7d326ce5164a9e65e9f30bcdbf435b09460c7f0beaf0babbcac90226b4,3,0,0,0,0,0,0,0,0,0,1607.054224,1607.0211181640625,1496.127893,110.634073,0.0,0.0,0.0,0.0,721.8215942382812,250.21059799194336,163.49235153198242,424.89123153686523,0.0,460.42271423339844,0.0,0.0,0.0,0.0,0.0,187.6012477874756,10.211840033531189,35.030335903167725,17.36717426776886
wikics,nocache_bf16,test,wikics:test:000061:92c5bd90d0baeb93,161,61,large_h6_n10_s100_wikics_arxiv,92c5bd90d0baeb9304f2a19cafff8d354c181be05d34b15cf570e210c30adb5c,3,0,0,0,0,0,0,0,0,0,1437.368706,1437.328369140625,1313.770464,123.31673,0.0,0.0,0.0,0.0,680.0302124023438,198.44902801513672,156.99951934814453,399.6026248931885,0.0,436.0000686645508,0.0,0.0,0.0,0.0,0.0,142.9583034515381,7.406944036483765,32.70889616012573,15.562781572341919
wikics,nocache_bf16,test,wikics:test:000062:863d427861ff80dc,162,62,large_h6_n10_s100_wikics_arxiv,863d427861ff80dc849d2dfdc72906f1f2449ab7e6ed0e64e58e7235c0805796,3,0,0,0,0,0,0,0,0,0,1558.421777,1558.3890380859375,1434.768473,123.360285,0.0,0.0,0.0,0.0,751.0595092773438,242.28665924072266,170.58006477355957,442.67427253723145,0.0,478.9653015136719,0.0,0.0,0.0,0.0,0.0,178.54960250854492,9.451135993003845,36.602303981781006,17.60451328754425
wikics,nocache_bf16,test,wikics:test:000063:0a5a1c3308a40395,163,63,large_h6_n10_s100_wikics_arxiv,0a5a1c3308a40395b8520808200d136321b9db8233aa40c04be89539c97844d5,3,0,0,0,0,0,0,0,0,0,1793.756582,1793.722412109375,1682.435949,111.008575,0.0,0.0,0.0,0.0,722.8239135742188,514.9949035644531,160.6625919342041,427.14851093292236,0.0,455.94455432891846,0.0,0.0,0.0,0.0,0.0,434.78580474853516,22.082847833633423,32.83686447143555,25.229532480239868
wikics,nocache_bf16,test,wikics:test:000064:84d2bb6fbbf2efc7,164,64,large_h6_n10_s100_wikics_arxiv,84d2bb6fbbf2efc74543bfef829a471311b878c855f94ba54357da859b1dead5,3,0,0,0,0,0,0,0,0,0,1728.145587,1728.1025390625,1606.703335,123.463889,0.0,0.0,0.0,0.0,751.7593383789062,385.00952911376953,167.2607364654541,444.218017578125,0.0,474.79002571105957,0.0,0.0,0.0,0.0,0.0,313.0577964782715,16.195552110671997,34.318495750427246,21.35835886001587
wikics,nocache_bf16,test,wikics:test:000065:14afb2e221d1c808,165,65,large_h6_n10_s100_wikics_arxiv,14afb2e221d1c808d81f675640e726fc6c53da6b5558b9ab547f3f4e99214fb4,3,0,0,0,0,0,0,0,0,0,1453.649381,1453.6162109375,1345.967164,108.440846,0.0,0.0,0.0,0.0,650.3007202148438,221.92096328735352,149.50345611572266,381.5166072845459,0.0,417.3639850616455,0.0,0.0,0.0,0.0,0.0,165.00572967529297,8.915616154670715,32.06889629364014,16.037029147148132
wikics,nocache_bf16,test,wikics:test:000066:cbfb38b24c9cd09f,166,66,large_h6_n10_s100_wikics_arxiv,cbfb38b24c9cd09feb274e275c5fa9b2ac59e47d5e2b01a2e0142792e6f92a00,3,0,0,0,0,0,0,0,0,0,1432.83165,1432.7999267578125,1320.640782,111.888283,0.0,0.0,0.0,0.0,704.6920166015625,249.44707107543945,159.3034896850586,415.3621129989624,0.0,448.9991855621338,0.0,0.0,0.0,0.0,0.0,188.61670684814453,10.020000100135803,33.832319259643555,17.048702239990234
wikics,nocache_bf16,test,wikics:test:000067:3368959dda51b804,167,67,large_h6_n10_s100_wikics_arxiv,3368959dda51b804b9feaf3927fc8b63a4fe3efbd71e66e91bdae5790a4896e9,3,0,0,0,0,0,0,0,0,0,1457.713528,1457.6810302734375,1346.822701,111.339091,0.0,0.0,0.0,0.0,723.6019897460938,238.07798385620117,163.88496017456055,426.0211534500122,0.0,461.4836549758911,0.0,0.0,0.0,0.0,0.0,176.80038261413574,9.331936001777649,34.9585599899292,16.98710525035858
wikics,nocache_bf16,test,wikics:test:000068:c1f159a73fe7d15a,168,68,large_h6_n10_s100_wikics_arxiv,c1f159a73fe7d15a2942f5fa44ebf6d2f9aa043b0006bc1c657334d82d242907,3,0,0,0,0,0,0,0,0,0,1460.529637,1460.489990234375,1336.789992,123.506126,0.0,0.0,0.0,0.0,732.98828125,194.8892478942871,170.2524471282959,432.3999662399292,0.0,470.8407621383667,0.0,0.0,0.0,0.0,0.0,133.2657299041748,7.133344054222107,37.59078407287598,16.542940735816956
wikics,nocache_bf16,test,wikics:test:000069:c5c6eb8bc69150d0,169,69,large_h6_n10_s100_wikics_arxiv,c5c6eb8bc69150d0f6f058cf2a8f0b19714a3b9e64ec85c634f36a2f6d435940,3,0,0,0,0,0,0,0,0,0,1420.15356,1420.1214599609375,1312.385776,107.394569,0.0,0.0,0.0,0.0,715.5506591796875,217.64892959594727,162.3588466644287,420.9275188446045,0.0,457.5337314605713,0.0,0.0,0.0,0.0,0.0,158.4559669494629,8.32041585445404,34.76585626602173,16.153886556625366
wikics,nocache_bf16,test,wikics:test:000070:15a487f6022e80ae,170,70,large_h6_n10_s100_wikics_arxiv,15a487f6022e80aeea9398891795f58d139b42b0803269478d8b34dea8a73425,3,0,0,0,0,0,0,0,0,0,1453.67376,1453.640869140625,1342.108395,111.517373,0.0,0.0,0.0,0.0,703.5819702148438,210.22006225585938,159.82336235046387,414.4465923309326,0.0,449.4487237930298,0.0,0.0,0.0,0.0,0.0,151.77846336364746,8.063999891281128,33.9331841468811,15.81472659111023
wikics,nocache_bf16,test,wikics:test:000071:80de2ffba43febdb,171,71,large_h6_n10_s100_wikics_arxiv,80de2ffba43febdbe62c72ec696d6b17833aa5deda2322b1e87c46fc212d2618,3,0,0,0,0,0,0,0,0,0,1790.537809,1790.5035400390625,1683.927208,106.429515,0.0,0.0,0.0,0.0,723.568603515625,517.0472564697266,160.66166305541992,427.97289848327637,0.0,455.8046350479126,0.0,0.0,0.0,0.0,0.0,437.18534088134766,21.943872213363647,32.84396743774414,24.984030961990356
wikics,nocache_bf16,test,wikics:test:000072:0a2ccdf11d68011b,172,72,large_h6_n10_s100_wikics_arxiv,0a2ccdf11d68011bbe9b80610fa460e6d9cd02f79ccb2fe70c6d7122404939fe,3,0,0,0,0,0,0,0,0,0,1518.640495,1518.595703125,1412.094255,106.173116,0.0,0.0,0.0,0.0,733.31591796875,244.89014434814453,165.86428833007812,431.7289915084839,0.0,467.9921751022339,0.0,0.0,0.0,0.0,0.0,182.04067039489746,9.631647944450378,36.01139211654663,17.294626474380493
wikics,nocache_bf16,test,wikics:test:000073:af4e3768afe7929b,173,73,large_h6_n10_s100_wikics_arxiv,af4e3768afe7929b1e8e837cec1be78bf565feb6d8bdc034a26e3ac263f1fcb5,3,0,0,0,0,0,0,0,0,0,1600.415105,1600.373779296875,1489.845416,110.496216,0.0,0.0,0.0,0.0,751.3323974609375,316.1832046508789,167.99241828918457,444.1588144302368,0.0,475.8260793685913,0.0,0.0,0.0,0.0,0.0,248.39324951171875,12.85865592956543,34.74380826950073,19.87568163871765
wikics,nocache_bf16,test,wikics:test:000074:26717eeb6c2c73ce,174,74,large_h6_n10_s100_wikics_arxiv,26717eeb6c2c73ce0d419b3d77803154393a8d6999b43700154e75f75b854f0c,3,0,0,0,0,0,0,0,0,0,1729.532267,1729.4981689453125,1602.586291,127.007863,0.0,0.0,0.0,0.0,750.4659423828125,384.12762451171875,168.06710243225098,444.27565002441406,0.0,475.34974670410156,0.0,0.0,0.0,0.0,0.0,311.3803482055664,16.428864002227783,34.69952058792114,21.602139234542847
wikics,nocache_bf16,test,wikics:test:000075:c9441b3207b4d7bb,175,75,large_h6_n10_s100_wikics_arxiv,c9441b3207b4d7bb23a3a8eb71a0e5d4956ccf9de45afef45b0119f4aa0c5ec8,3,0,0,0,0,0,0,0,0,0,1491.14486,1491.1046142578125,1382.897982,107.966701,0.0,0.0,0.0,0.0,706.5902709960938,257.80220794677734,159.60387420654297,415.9739170074463,0.0,450.5389766693115,0.0,0.0,0.0,0.0,0.0,196.0680637359619,10.561984062194824,33.667776107788086,17.39376211166382
wikics,nocache_bf16,test,wikics:test:000076:823cb40fd26b0064,176,76,large_h6_n10_s100_wikics_arxiv,823cb40fd26b0064a8aea01490743a82038eff8ef6b79e7478a5c1a8ab7509a2,3,0,0,0,0,0,0,0,0,0,1568.062866,1568.0208740234375,1462.211079,105.542657,0.0,0.0,0.0,0.0,721.8011474609375,282.15331268310547,163.10739135742188,426.09964752197266,0.0,458.76892471313477,0.0,0.0,0.0,0.0,0.0,218.25679779052734,11.427680253982544,34.2194242477417,18.249410390853882
wikics,nocache_bf16,test,wikics:test:000077:a6e66f96093de6ce,177,77,large_h6_n10_s100_wikics_arxiv,a6e66f96093de6ce1bd052d598cfac37c91f2fadb62e6500edf9e062a1601f5a,3,0,0,0,0,0,0,0,0,0,1428.955632,1428.917236328125,1319.344083,108.303035,0.0,0.0,0.0,0.0,684.046630859375,205.19926834106445,158.17391967773438,403.44959926605225,0.0,438.1848306655884,0.0,0.0,0.0,0.0,0.0,146.6537265777588,7.841215968132019,33.751296043395996,15.881056666374207
wikics,nocache_bf16,test,wikics:test:000078:906d5a2fc7b88169,178,78,large_h6_n10_s100_wikics_arxiv,906d5a2fc7b881693e5654ad9a5ce6752da4ff09d9249413c6dfc7bd03c376dd,3,0,0,0,0,0,0,0,0,0,1570.230407,1570.1976318359375,1463.645409,106.277048,0.0,0.0,0.0,0.0,732.3636474609375,232.00185775756836,166.59423828125,431.6194896697998,0.0,467.2727632522583,0.0,0.0,0.0,0.0,0.0,169.60262489318848,8.938240051269531,36.071232318878174,17.24268674850464
wikics,nocache_bf16,test,wikics:test:000079:73f671ca14fb033a,179,79,large_h6_n10_s100_wikics_arxiv,73f671ca14fb033a30965114cc70e57d3d1dfb1a6b55042e803792c154bd1fb9,3,0,0,0,0,0,0,0,0,0,1520.669214,1520.635986328125,1409.167224,110.471948,0.0,0.0,0.0,0.0,722.6146850585938,341.83523178100586,161.81635093688965,426.85385608673096,0.0,457.4481191635132,0.0,0.0,0.0,0.0,0.0,273.82374572753906,14.442752361297607,33.61020803451538,20.169822454452515
wikics,nocache_bf16,test,wikics:test:000080:0f184f1db0a996b5,180,80,large_h6_n10_s100_wikics_arxiv,0f184f1db0a996b5c155f228291f962fece60e25c894ab8ac113bb00d919bc8f,3,0,0,0,0,0,0,0,0,0,1325.967869,1325.9364013671875,1215.429558,108.686735,0.0,0.0,0.0,0.0,645.0413818359375,158.03571319580078,147.13606452941895,377.9792957305908,0.0,414.1648406982422,0.0,0.0,0.0,0.0,0.0,107.67283248901367,5.651103973388672,31.074399948120117,13.63737678527832
wikics,nocache_bf16,test,wikics:test:000081:3ad691f9135ebeda,181,81,large_h6_n10_s100_wikics_arxiv,3ad691f9135ebeda351c27e4a5ed088b476ae0fa8fb08a1342134b594d9a827a,3,0,0,0,0,0,0,0,0,0,1543.714121,1543.6810302734375,1436.857542,106.959057,0.0,0.0,0.0,0.0,734.4226684570312,262.30457305908203,166.13868713378906,432.9255676269531,0.0,467.6105098724365,0.0,0.0,0.0,0.0,0.0,198.39836502075195,10.51417601108551,35.55683183670044,17.89068591594696
wikics,nocache_bf16,test,wikics:test:000082:35f6d185e3b60583,182,82,large_h6_n10_s100_wikics_arxiv,35f6d185e3b605830d55bd84ce5ae6b1b83d3a2650aed066131a57f509390d3d,3,0,0,0,0,0,0,0,0,0,1445.56053,1445.527587890625,1318.004705,127.607395,0.0,0.0,0.0,0.0,679.9340209960938,240.18470001220703,153.85670280456543,399.95197105407715,0.0,433.6305799484253,0.0,0.0,0.0,0.0,0.0,181.91753768920898,9.711616039276123,32.28537559509277,16.70082664489746
wikics,nocache_bf16,test,wikics:test:000083:77934391d49ed365,183,83,large_h6_n10_s100_wikics_arxiv,77934391d49ed3653879241637d8d8b001cacd53af052f115b2bb037763f5039,3,0,0,0,0,0,0,0,0,0,1547.408459,1547.3756103515625,1435.414787,110.692865,0.0,0.0,0.0,0.0,754.5208740234375,257.5230407714844,169.91782569885254,444.5414695739746,0.0,479.88431549072266,0.0,0.0,0.0,0.0,0.0,192.89446830749512,10.192255973815918,36.124736309051514,17.906840682029724
wikics,nocache_bf16,test,wikics:test:000084:c558903a01f41d75,184,84,large_h6_n10_s100_wikics_arxiv,c558903a01f41d753914e796ba14e2931a6d80a582dc0814370dd761c259f2a7,3,0,0,0,0,0,0,0,0,0,1534.837954,1534.7972412109375,1423.290535,111.228093,0.0,0.0,0.0,0.0,715.6781616210938,262.3720932006836,161.9601593017578,421.2656002044678,0.0,456.2588176727295,0.0,0.0,0.0,0.0,0.0,199.50976181030273,10.50105607509613,34.58518362045288,17.823329091072083
wikics,nocache_bf16,test,wikics:test:000085:3ef7c5747bd481fb,185,85,large_h6_n10_s100_wikics_arxiv,3ef7c5747bd481fb781ef0c2cb0f24c3f560198245c327c89d36040b4c1ee9cc,3,0,0,0,0,0,0,0,0,0,1597.638651,1597.5975341796875,1491.748155,105.876742,0.0,0.0,0.0,0.0,724.0575561523438,313.1349105834961,163.47568130493164,426.84358310699463,0.0,460.5283727645874,0.0,0.0,0.0,0.0,0.0,246.3529281616211,12.52512001991272,34.37932825088501,19.47865080833435
wikics,nocache_bf16,test,wikics:test:000086:02f33170fe9a1014,186,86,large_h6_n10_s100_wikics_arxiv,02f33170fe9a1014eaa7ab4fd2e7737c2cdef43b62f534ca66d6f930bea0f3d5,3,0,0,0,0,0,0,0,0,0,1522.818816,1522.7855224609375,1415.614874,106.904865,0.0,0.0,0.0,0.0,733.4224243164062,246.48803329467773,166.4706573486328,432.43411350250244,0.0,467.3783845901489,0.0,0.0,0.0,0.0,0.0,183.39779090881348,9.648895978927612,35.70572757720947,17.481656312942505
wikics,nocache_bf16,test,wikics:test:000087:5e99a11f6629116f,187,87,large_h6_n10_s100_wikics_arxiv,5e99a11f6629116fd08a82ba8d35c24398048b98ac3869fdfbaaaced09dd547e,3,0,0,0,0,0,0,0,0,0,1430.503048,1430.47021484375,1318.508791,111.69098,0.0,0.0,0.0,0.0,649.2979736328125,269.09878158569336,146.7581443786621,381.98098945617676,0.0,414.5461673736572,0.0,0.0,0.0,0.0,0.0,210.21123123168945,11.200127959251404,30.89036798477173,16.797054409980774
wikics,nocache_bf16,test,wikics:test:000088:661719a5706d2798,188,88,large_h6_n10_s100_wikics_arxiv,661719a5706d2798e1832429597e7d4d8bc6495443836e96584a4620e3966597,3,0,0,0,0,0,0,0,0,0,1421.879755,1421.8349609375,1314.227798,107.272515,0.0,0.0,0.0,0.0,715.7050170898438,218.06269073486328,162.4838409423828,421.13609504699707,0.0,458.1445074081421,0.0,0.0,0.0,0.0,0.0,158.7512607574463,8.339904189109802,34.66806411743164,16.25658082962036
wikics,nocache_bf16,test,wikics:test:000089:0811b581634c9202,189,89,large_h6_n10_s100_wikics_arxiv,0811b581634c9202754ef09bc06883c1deaacc1ec2345102e3cee23457a2eb14,3,0,0,0,0,0,0,0,0,0,1594.068092,1594.03564453125,1483.497893,110.635104,0.0,0.0,0.0,0.0,751.5637817382812,310.8710746765137,168.20623970031738,443.859169960022,0.0,475.7342777252197,0.0,0.0,0.0,0.0,0.0,243.48022079467773,12.793120384216309,34.72793626785278,19.911237239837646
wikics,nocache_bf16,test,wikics:test:000090:7a6f588c7960f99a,190,90,large_h6_n10_s100_wikics_arxiv,7a6f588c7960f99a36a1c6325dd09381821ed32292ec8ef9de564ccdc789c916,3,0,0,0,0,0,0,0,0,0,1515.745753,1515.713623046875,1388.606439,126.83901,0.0,0.0,0.0,0.0,722.6174926757812,255.58060836791992,163.74883460998535,425.95289611816406,0.0,460.478066444397,0.0,0.0,0.0,0.0,0.0,193.32243156433105,10.190304040908813,34.583168506622314,17.56553626060486
wikics,nocache_bf16,test,wikics:test:000091:048f77cea8bd8173,191,91,large_h6_n10_s100_wikics_arxiv,048f77cea8bd8173479140b32200897a6931e78a836def05ad85382e9253fcce,3,0,0,0,0,0,0,0,0,0,1435.065611,1435.03271484375,1323.19894,112.13756,0.0,0.0,0.0,0.0,706.7123413085938,250.80822372436523,160.14463996887207,415.90246391296387,0.0,450.5944175720215,0.0,0.0,0.0,0.0,0.0,189.6663055419922,10.08079993724823,34.1176962852478,17.344350457191467
wikics,nocache_bf16,test,wikics:test:000092:7d809617c6bd3e1e,192,92,large_h6_n10_s100_wikics_arxiv,7d809617c6bd3e1e57cc92bf7f69f76cb3ba72c0919f19f3316d1484b3e9841e,3,0,0,0,0,0,0,0,0,0,1446.618325,1446.578857421875,1339.048657,107.294683,0.0,0.0,0.0,0.0,733.9140625,226.06329727172852,167.76083374023438,432.328161239624,0.0,470.1158866882324,0.0,0.0,0.0,0.0,0.0,163.88733100891113,8.63868796825409,36.48326396942139,17.008286356925964
wikics,nocache_bf16,test,wikics:test:000093:322b3afcaa35f3c7,193,93,large_h6_n10_s100_wikics_arxiv,322b3afcaa35f3c71d509b1eaa067b1c9deb2f1fd9e38948dae3d548b5de4f83,3,0,0,0,0,0,0,0,0,0,1504.117051,1504.085205078125,1392.14663,111.18827,0.0,0.0,0.0,0.0,722.7249145507812,267.47731018066406,163.87225532531738,425.67318534851074,0.0,461.1226749420166,0.0,0.0,0.0,0.0,0.0,203.9570598602295,10.8128000497818,34.74329614639282,17.944250226020813
wikics,nocache_bf16,test,wikics:test:000094:a005efdcd7c8715a,194,94,large_h6_n10_s100_wikics_arxiv,a005efdcd7c8715aa8fad232b75159e3190c49386d6e22f9d83ff1ba334960c2,3,0,0,0,0,0,0,0,0,0,1419.750145,1419.717529296875,1307.617649,112.034798,0.0,0.0,0.0,0.0,689.1591186523438,199.19129371643066,155.77427101135254,405.8296661376953,0.0,439.40661334991455,0.0,0.0,0.0,0.0,0.0,143.6832618713379,7.671679973602295,32.8406081199646,15.252093315124512
wikics,nocache_bf16,test,wikics:test:000095:d668389de14e05fb,195,95,large_h6_n10_s100_wikics_arxiv,d668389de14e05fb64f040eb1d30df390da23556d25ad8a665fb85d39595048c,3,0,0,0,0,0,0,0,0,0,1390.969476,1390.9366455078125,1266.152337,124.536196,0.0,0.0,0.0,0.0,671.0851440429688,222.4944305419922,153.05932807922363,394.46735858917236,0.0,429.51359367370605,0.0,0.0,0.0,0.0,0.0,165.09503936767578,8.706272006034851,32.60566425323486,16.005409240722656
wikics,nocache_bf16,test,wikics:test:000096:da21905a8cb96e44,196,96,large_h6_n10_s100_wikics_arxiv,da21905a8cb96e44856130f52c5c36dc7e212f58af78856eb7e3901a67b9533e,3,0,0,0,0,0,0,0,0,0,1461.243151,1461.204833984375,1332.914615,128.034879,0.0,0.0,0.0,0.0,682.0180053710938,238.36505508422852,154.45548820495605,401.51379203796387,0.0,435.49762439727783,0.0,0.0,0.0,0.0,0.0,180.13235092163086,9.517727971076965,32.32345628738403,16.643969893455505
wikics,nocache_bf16,test,wikics:test:000097:322b174a79431b1f,197,97,large_h6_n10_s100_wikics_arxiv,322b174a79431b1fa466fe9d6c4146656cfc4021c19412a8ee526263102c0b0d,3,0,0,0,0,0,0,0,0,0,1685.866765,1685.824462890625,1561.815072,123.313249,0.0,0.0,0.0,0.0,752.6791381835938,289.13420486450195,169.46444702148438,444.2968330383301,0.0,478.26144218444824,0.0,0.0,0.0,0.0,0.0,223.23091506958008,11.621920108795166,35.64326333999634,19.048089504241943
wikics,nocache_bf16,test,wikics:test:000098:23be48b489bd9fb1,198,98,large_h6_n10_s100_wikics_arxiv,23be48b489bd9fb14fe360697fdf38ded476b0d934c1ba487c6b7cd9272b87df,3,0,0,0,0,0,0,0,0,0,1589.109881,1589.0770263671875,1482.512074,106.159415,0.0,0.0,0.0,0.0,723.4844970703125,248.93590927124023,163.4852809906006,426.5569257736206,0.0,460.890513420105,0.0,0.0,0.0,0.0,0.0,186.42806434631348,9.957759857177734,34.94528007507324,17.25887680053711
wikics,nocache_bf16,test,wikics:test:000099:25d922430a6078eb,199,99,large_h6_n10_s100_wikics_arxiv,25d922430a6078eb827beb56e89fee9ffb162a0dff995eeecaf2bfa300f2b08d,3,0,0,0,0,0,0,0,0,0,1434.916427,1434.885498046875,1307.271223,127.672799,0.0,0.0,0.0,0.0,680.7252807617188,198.71171188354492,156.08678436279297,400.49059009552,0.0,437.5936050415039,0.0,0.0,0.0,0.0,0.0,142.93548965454102,7.457920074462891,32.811039447784424,15.58419418334961
