task,split,trace_order,query_index,query_uid,rep,query_wall_ms,query_gpu_ms,encoder_wall_ms,decoder_wall_ms,cache_load_wall_ms,online_nog_prefix_wall_ms,cache_assembly_wall_ms,suffix_wall_ms,suffix_gnn_gpu_ms,suffix_transformer_gpu_ms,cache_hits,cache_misses,cache_skips,quant_kv_attention_calls,fallback_count,quant_kv_attention_gpu_ms,kv_prepare_gpu_ms,int_qk_gpu_ms,softmax_prob_quant_gpu_ms,int_pv_gpu_ms,gnn_score_gpu_ms,gnn_message_gpu_ms,gnn_update_gpu_ms,gnn_other_gpu_ms,profile_mode,workload_profile,graph_signature,prefix_transformer_gpu_ms,dense_fc_gpu_ms,attention_gpu_ms,norm_residual_other_gpu_ms,logical_memory_loaded_bytes,logical_key_loaded_bytes,logical_value_loaded_bytes,int_gemm_call_count
arxiv,val,0,0,arxiv:val:000000:2ca62d00a890aa84,0,1502.981195,1502.938232421875,1177.49707,324.968436,187.69156467169523,252.3794872686267,8.068736642599106,614.5353149622679,175.1334400177002,437.39990234375,64,0,1,0,0,0,0,0,0,0,127.32223892211914,5.2055360078811646,38.42259216308594,4.183072924613953,cache_bf16,large_h6_n10_s100_wikics_arxiv,2ca62d00a890aa8464a6da3728825202198bcc513fe666faadd8aa998acdb9f2,138.2202606201172,115.70608025789261,0,459.9140827059746,0,0,0,0
arxiv,val,1,1,arxiv:val:000001:60580fb403549285,0,1203.059058,1203.0340576171875,900.250403,302.51128,139.9848172441125,27.573498897254467,7.607129402458668,647.8817341849208,231.50204467773438,414.77152252197266,62,0,1,0,0,0,0,0,0,0,188.19658088684082,6.700192093849182,31.7456636428833,4.859608054161072,cache_bf16,large_h6_n10_s100_wikics_arxiv,60580fb403549285c13a71ed0dd66a154ba7ca5299783abae7bc3d0ced297729,19.061023712158203,108.97315192222595,0,324.8593943119049,0,0,0,0
arxiv,val,2,2,arxiv:val:000002:0f56629b76181b48,0,1044.515944,1044.491455078125,654.17446,390.079555,70.91793976724148,25.89426189661026,6.758790463209152,482.32347797602415,113.27868843078613,367.60240173339844,55,0,1,0,0,0,0,0,0,0,78.45142459869385,3.873983919620514,27.90947198867798,3.0438079237937927,cache_bf16,large_h6_n10_s100_wikics_arxiv,0f56629b76181b48667d9cbcd2345c35f2620d7bfa2297baabc2f253e5b2d1f9,19.101600646972656,97.62700799107552,0,289.0769943892956,0,0,0,0
arxiv,val,3,3,arxiv:val:000003:f8a271ff72baf265,0,1063.684673,1063.66064453125,706.69576,356.722478,73.17935209721327,25.9078461676836,7.403274066746235,528.7994537502527,133.0451831817627,394.22198486328125,59,0,1,0,0,0,0,0,0,0,94.66048049926758,4.744320034980774,30.022687911987305,3.6176947355270386,cache_bf16,large_h6_n10_s100_wikics_arxiv,f8a271ff72baf265126e8db430172f5bed9c9bc1236ed2c483b676d3b3da5b06,19.11180877685547,104.13135954737663,0,309.2024340927601,0,0,0,0
arxiv,val,4,4,arxiv:val:000004:90c6fb7029699303,0,1001.157165,1001.1334228515625,592.200704,408.691327,62.737757340073586,25.853426195681095,6.320565938949585,436.3818019628525,93.89769554138184,341.13913345336914,51,0,1,0,0,0,0,0,0,0,62.58656024932861,3.0039359629154205,25.832191944122314,2.4750073850154877,cache_bf16,large_h6_n10_s100_wikics_arxiv,90c6fb7029699303f3be39cfbbdd83064a30479ef55c381b7707847af46961e2,19.094751358032227,91.44348818063736,0,268.790396630764,0,0,0,0
arxiv,val,5,5,arxiv:val:000005:b1fb0d955f08ebcc,0,1084.733186,1084.709716796875,689.465242,395.007592,72.12534919381142,25.885973125696182,7.435298524796963,516.2027897313237,120.35958290100098,394.3067932128906,59,0,1,0,0,0,0,0,0,0,83.04422378540039,4.085855960845947,30.008575439453125,3.2209277153015137,cache_bf16,large_h6_n10_s100_wikics_arxiv,b1fb0d955f08ebcc1854a82d690b457a8b352e7b76fe61f26baecc15aca241c2,19.071008682250977,104.06745597720146,0,309.31034591794014,0,0,0,0
arxiv,val,6,6,arxiv:val:000006:df18bd588fa33fe2,0,1040.035857,1040.0126953125,731.81773,307.940613,74.38388932496309,25.865009985864162,7.574041374027729,551.0664330795407,135.54374313354492,413.92704010009766,62,0,1,0,0,0,0,0,0,0,95.39820861816406,4.762751996517181,31.714431285858154,3.6683512330055237,cache_bf16,large_h6_n10_s100_wikics_arxiv,df18bd588fa33fe2de8fe20a19987197c455f73623e4b9fecb2e949daa89b43c,19.080480575561523,109.03465569019318,0,323.972864985466,0,0,0,0
arxiv,val,7,7,arxiv:val:000007:5d8bef236ece6d70,0,1009.795213,1009.77099609375,670.438521,339.088342,65.15361554920673,25.907739996910095,6.608752533793449,502.1726917475462,139.19149017333984,361.5637435913086,54,0,1,0,0,0,0,0,0,0,102.51906967163086,5.248736023902893,27.557568073272705,3.8661164045333862,cache_bf16,large_h6_n10_s100_wikics_arxiv,5d8bef236ece6d70ca2faa9c61718eeb618fd2f06ab8ea1c9a211c1ffba39d87,19.11520004272461,96.49763205647469,0,284.1813115775585,0,0,0,0
arxiv,val,8,8,arxiv:val:000008:50c056e8e13586b5,0,971.060278,971.0365600585938,667.108989,303.686612,66.30932539701462,25.816842913627625,6.723534315824509,505.1125232130289,135.78294372558594,367.89305877685547,55,0,1,0,0,0,0,0,0,0,99.09504127502441,5.012672007083893,27.929856300354004,3.7453741431236267,cache_bf16,large_h6_n10_s100_wikics_arxiv,50c056e8e13586b5abb1d2ff6e8a110fa32a37fc5f195ac87dde107ad2b022c3,19.02739143371582,97.86358392238617,0,289.0568662881851,0,0,0,0
arxiv,val,9,9,arxiv:val:000009:18155f7c05fbf94e,0,1070.089344,1070.0654296875,764.264504,305.531635,80.5490743368864,27.626623399555683,8.005679585039616,574.2868948727846,145.2947540283203,427.34041595458984,64,0,1,0,0,0,0,0,0,0,103.35011100769043,5.232703924179077,32.78060817718506,3.931330919265747,cache_bf16,large_h6_n10_s100_wikics_arxiv,18155f7c05fbf94e33b3f603b69cecfa80e7cedb50fe2baa74f0d28baa4b0f2b,19.066240310668945,112.21308815479279,0,334.193568110466,0,0,0,0
arxiv,val,10,10,arxiv:val:000010:734b087b8f518269,0,1012.580026,1012.5556030273438,599.129522,413.161896,67.40795075893402,26.15070529282093,6.349959410727024,440.72749838232994,94.03891277313232,345.3231658935547,51,0,1,0,0,0,0,0,0,0,62.67568016052246,3.0023679733276367,25.888192176818848,2.472672462463379,cache_bf16,large_h6_n10_s100_wikics_arxiv,734b087b8f5182690f6917df19e1b75fcc1ab683af3f29e5ab7c61b67b706a93,19.128799438476562,91.34006398916245,0,273.1119013428688,0,0,0,0
arxiv,val,11,11,arxiv:val:000011:218fb05804b34902,0,1005.666181,1005.6414794921875,700.897209,304.491698,79.68794368207455,25.990117341279984,6.857973523437977,514.7762577980757,122.11056137084961,391.22857666015625,55,0,1,0,0,0,0,0,0,0,86.53356838226318,4.322624027729034,27.944479942321777,3.309889018535614,cache_bf16,large_h6_n10_s100_wikics_arxiv,218fb05804b34902580b9c384ae4f6815b6ac7a814598f271d8ec7c8cc9d1e97,19.11257553100586,97.70876795053482,0,312.6323842406273,0,0,0,0
arxiv,val,12,12,arxiv:val:000012:d60fe2ae03f6eac8,0,969.345953,969.3216552734375,578.020147,391.065971,69.78860590606928,26.06414072215557,5.743315443396568,416.4112666621804,100.04060745239258,315.1141777038574,47,0,1,0,0,0,0,0,0,0,69.71260833740234,3.4308159947395325,24.206079959869385,2.691103160381317,cache_bf16,large_h6_n10_s100_wikics_arxiv,d60fe2ae03f6eac84a1f19401647d5cb09163cbf2fc00ebcf0082f9223ce47bb,19.095136642456055,84.77667212486267,0,249.4326422214508,0,0,0,0
arxiv,val,13,13,arxiv:val:000013:268cba3e8bea6bbc,0,1076.7646,1076.7408447265625,767.264491,309.21221,88.01492769271135,26.566479355096817,7.909145206212997,569.8362635448575,141.40656089782715,426.7736282348633,64,0,1,0,0,0,0,0,0,0,99.72876930236816,5.066879987716675,32.80153560638428,3.8093760013580322,cache_bf16,large_h6_n10_s100_wikics_arxiv,268cba3e8bea6bbc958504f9100b127a0e6c38ffb04407559a4f1b8afca109db,19.077760696411133,112.19324818253517,0,333.65814074873924,0,0,0,0
arxiv,val,14,14,arxiv:val:000014:27e07c074f120390,0,649.997204,649.9733276367188,324.420576,325.334676,41.59268084913492,25.828045792877674,3.308793529868126,222.17366006225348,45.173823833465576,176.20675086975098,26,0,1,0,0,0,0,0,0,0,29.39408016204834,1.3751680105924606,13.195200204849243,1.2093754559755325,cache_bf16,large_h6_n10_s100_wikics_arxiv,27e07c074f120390a136a24ac21a396b7ae25d63ea5fab508a8ee0aa47af7f4e,19.055456161499023,51.02544015645981,0,144.2367668747902,0,0,0,0
arxiv,val,15,15,arxiv:val:000015:9024ef9ec454b547,0,1036.909547,1036.885498046875,728.019498,308.627511,74.43530485033989,25.875498540699482,7.549343630671501,545.7256939262152,129.79315376281738,414.3217544555664,62,0,1,0,0,0,0,0,0,0,90.09548664093018,4.45196807384491,31.770015716552734,3.475683331489563,cache_bf16,large_h6_n10_s100_wikics_arxiv,9024ef9ec454b5478893dc819578d8713e5a8398e93d9359ead4ec0b7f1c7d4e,19.092384338378906,108.95046356320381,0,324.4636752307415,0,0,0,0
arxiv,val,16,16,arxiv:val:000016:7e1664ccf8593701,0,787.007264,786.9829711914062,430.475133,356.285203,42.764535173773766,25.8838115260005,4.441224969923496,308.6463315412402,65.35606479644775,242.2770233154297,36,0,1,0,0,0,0,0,0,0,43.02886390686035,2.017184019088745,18.594047784805298,1.7159690856933594,cache_bf16,large_h6_n10_s100_wikics_arxiv,7e1664ccf8593701c6c8c2050a1018d04804245f371bd4eff878cb6153c7af9a,19.086463928222656,66.99862399697304,0,194.3648632466793,0,0,0,0
arxiv,val,17,17,arxiv:val:000017:7ad1ef9d9566a25d,0,1161.34808,1161.323486328125,765.94766,395.130367,77.98940315842628,27.12087146937847,8.214089088141918,577.8252305462956,149.15862464904785,427.0215377807617,64,0,1,0,0,0,0,0,0,0,106.93807792663574,5.361472010612488,32.80012798309326,4.05894672870636,cache_bf16,large_h6_n10_s100_wikics_arxiv,7ad1ef9d9566a25d388509e1100cc3c7f10c255cea9ac15eba4fcc516975eab1,19.04630470275879,112.16595214605331,0,333.9018903374672,0,0,0,0
arxiv,val,18,18,arxiv:val:000018:98b4c6d0d8b5843b,0,1100.865009,1100.8406982421875,761.354026,339.228095,75.95966663211584,25.8337389677763,7.669802755117416,582.4403213337064,157.57116889953613,423.2400894165039,63,0,1,0,0,0,0,0,0,0,114.84703826904297,5.8934720158576965,32.519360065460205,4.3112985491752625,cache_bf16,large_h6_n10_s100_wikics_arxiv,98b4c6d0d8b5843b73ad7e8e529a19b402ae2295c0781a0c0395f6b729379c34,19.08665657043457,110.5437119603157,0,331.7830340266228,0,0,0,0
arxiv,val,19,19,arxiv:val:000019:afbf83efcf3da599,0,1231.656234,1231.630859375,920.901434,310.421801,323.4376171603799,26.556351222097874,7.072865031659603,493.0032780393958,106.50540733337402,384.97065353393555,57,0,1,0,0,0,0,0,0,0,71.04547214508057,3.435263991355896,29.225855827331543,2.798815369606018,cache_bf16,large_h6_n10_s100_wikics_arxiv,afbf83efcf3da5999478e2f7e58fcecc35400cb3c4401303e814154a42eaf103,19.23833656311035,100.93747171759605,0,303.27151837944984,0,0,0,0
arxiv,val,20,20,arxiv:val:000020:dbd405fe94a09147,0,1149.79217,1149.7652587890625,758.815035,390.660517,77.92229391634464,25.976057164371014,7.8640468418598175,572.6556265726686,152.27628707885742,418.7493362426758,63,0,1,0,0,0,0,0,0,0,109.9600944519043,5.619967997074127,32.548415660858154,4.1478089690208435,cache_bf16,large_h6_n10_s100_wikics_arxiv,dbd405fe94a0914761f2690e252ab5f02774d2c32288555d28b65fa98b2eb936,19.125856399536133,110.61497613787651,0,327.2602165043354,0,0,0,0
arxiv,val,21,21,arxiv:val:000021:d051e1dec2fdf8ab,0,1033.17301,1033.1484375,727.78855,305.106282,74.92270320653915,25.81098396331072,7.731769233942032,550.0703193247318,135.94531440734863,412.5253143310547,62,0,1,0,0,0,0,0,0,0,95.64723110198975,4.853343963623047,31.794559478759766,3.650179862976074,cache_bf16,large_h6_n10_s100_wikics_arxiv,d051e1dec2fdf8ab788897adb9e17b8f3543bc60cfef74e047813b2fc343b801,19.042207717895508,108.87372797727585,0,322.69379407167435,0,0,0,0
arxiv,val,22,22,arxiv:val:000022:8f46ddff5f16826d,0,858.087275,858.0628051757812,553.580738,304.247877,54.82489429414272,25.855407118797302,5.9960512444376945,406.33797366172075,85.79868793487549,319.26153564453125,48,0,1,0,0,0,0,0,0,0,56.375553131103516,2.679744005203247,24.49945592880249,2.2439348697662354,cache_bf16,large_h6_n10_s100_wikics_arxiv,8f46ddff5f16826d7791db79b925bf61248b84cafbcd6caeb7ce88994412dfad,19.11078453063965,86.26009619235992,0,252.11222398281097,0,0,0,0
arxiv,val,23,23,arxiv:val:000023:a33ac7ffe04c9ef6,0,901.995825,901.9705810546875,561.897196,339.826749,51.724132150411606,25.832824409008026,5.897311493754387,417.64621436595917,100.06988716125488,316.3205146789551,47,0,1,0,0,0,0,0,0,0,69.73120021820068,3.4213119745254517,24.233887672424316,2.683487296104431,cache_bf16,large_h6_n10_s100_wikics_arxiv,a33ac7ffe04c9ef66300780848af6861185cc9b4b5f9a3975b2bc955cba877f7,19.049888610839844,84.59823995828629,0,250.77216333150864,0,0,0,0
arxiv,val,24,24,arxiv:val:000024:da1c8050639cf918,0,1065.202086,1065.177001953125,687.334469,377.597085,65.83390291780233,26.01506095379591,7.511667907238007,518.0106405168772,122.36284828186035,394.206974029541,55,0,1,0,0,0,0,0,0,0,86.72934436798096,4.322815895080566,27.989439964294434,3.3212480545043945,cache_bf16,large_h6_n10_s100_wikics_arxiv,da1c8050639cf9185a33e7c695e416d7f01209d4bebcd08bd37949a743344866,19.126047134399414,99.12022373080254,0,314.2127974331379,0,0,0,0
arxiv,val,25,25,arxiv:val:000025:37a8f21d03520a0e,0,1030.535744,1030.5108642578125,656.500882,373.765092,87.63603121042252,26.29032637923956,6.649690680205822,472.9978796094656,113.91276931762695,357.6868476867676,53,0,1,0,0,0,0,0,0,0,79.66902446746826,3.9610560536384583,27.221887588500977,3.0608012080192566,cache_bf16,large_h6_n10_s100_wikics_arxiv,37a8f21d03520a0efc07d08cfa1d101490e54a7a2645f3dfadafc92245aa296d,19.105632781982422,94.39171195030212,0,282.4007685184479,0,0,0,0
arxiv,val,26,26,arxiv:val:000026:00f02c2c514ec60b,0,929.025155,929.0008544921875,603.043013,325.699922,67.72921793162823,25.943215005099773,6.3557252287864685,439.99836407601833,94.14198398590088,344.5086097717285,51,0,1,0,0,0,0,0,0,0,62.783905029296875,3.0096960365772247,25.88441562652588,2.4639672935009003,cache_bf16,large_h6_n10_s100_wikics_arxiv,00f02c2c514ec60b5f5723f950fa17e2a742ca96af7fd9770b341d11040c92ef,19.15510368347168,91.06803184747696,0,272.59568160772324,0,0,0,0
arxiv,val,27,27,arxiv:val:000027:8cd62bf318a20ced,0,1022.171209,1022.1464233398438,643.021178,378.781823,67.20728240907192,25.849738158285618,6.4785536378622055,477.1648561581969,114.21577453613281,361.5580825805664,53,0,1,0,0,0,0,0,0,0,79.90316772460938,3.975167989730835,27.261664390563965,3.0757744312286377,cache_bf16,large_h6_n10_s100_wikics_arxiv,8cd62bf318a20ced512be52c3710c221ea086084ec460c0f7c22c64bd8d66dec,19.035327911376953,94.45075219869614,0,286.1426582932472,0,0,0,0
arxiv,val,28,28,arxiv:val:000028:33517413de1e4a97,0,930.180653,930.1564331054688,608.395042,321.498846,67.6393685862422,25.920702144503593,6.486860103905201,445.17288357019424,96.07100677490234,347.7317085266113,52,0,1,0,0,0,0,0,0,0,63.871872901916504,3.074847936630249,26.612735748291016,2.511550188064575,cache_bf16,large_h6_n10_s100_wikics_arxiv,33517413de1e4a9700f5457f04f622ed1542c195cb82455a0fac9ceacb1713a0,19.063039779663086,92.74595201015472,0,274.0487962961197,0,0,0,0
arxiv,val,29,29,arxiv:val:000029:46e60dd09f5fbfe9,0,971.480253,971.455078125,609.966994,361.24738,71.6916797682643,25.842037983238697,6.3613103702664375,440.4401369392872,93.2267837524414,345.8473892211914,52,0,1,0,0,0,0,0,0,0,61.2663049697876,2.9231359660625458,26.62064027786255,2.416702538728714,cache_bf16,large_h6_n10_s100_wikics_arxiv,46e60dd09f5fbfe93e7fb91664a431efd615337292ea6cb1d8678ca53464fa5f,19.054655075073242,92.72284781932831,0,272.17919647693634,0,0,0,0
arxiv,val,30,30,arxiv:val:000030:dfd3d74dd7468378,0,973.072008,973.04638671875,667.928983,304.875329,70.24974096566439,25.915801525115967,6.824367679655552,502.92854104191065,136.1180477142334,365.3681335449219,55,0,1,0,0,0,0,0,0,0,99.34246444702148,5.002880036830902,28.03113603591919,3.7415671944618225,cache_bf16,large_h6_n10_s100_wikics_arxiv,dfd3d74dd7468378b9fe089cfadfa491a6c109bec1089a56d7c8f936713d3b00,19.13417625427246,97.59945595264435,0,286.90285384655,0,0,0,0
arxiv,val,31,31,arxiv:val:000031:2a6403817126e571,0,1122.771114,1122.7451171875,731.411172,391.053976,77.54382491111755,26.10671240836382,7.56680965423584,549.0815434604883,138.55907440185547,408.93199920654297,61,0,1,0,0,0,0,0,0,0,98.38374710083008,4.884800016880035,31.555263996124268,3.7352632880210876,cache_bf16,large_h6_n10_s100_wikics_arxiv,2a6403817126e571a35eb47f07b5f765d0f726f05ee913b223d9d38b59039542,19.11801528930664,107.30281603336334,0,320.74719846248627,0,0,0,0
arxiv,val,32,32,arxiv:val:000032:2474123e47f8abf2,0,1105.55705,1105.5308837890625,783.24719,322.028164,94.51873227953911,26.688814163208008,17.425059340894222,575.2477720379829,138.51091194152832,435.15628814697266,61,0,1,0,0,0,0,0,0,0,98.30668830871582,4.932447969913483,31.540767669677734,3.731007993221283,cache_bf16,large_h6_n10_s100_wikics_arxiv,2474123e47f8abf2ca6215adf1cf4e43394b78b20d8e53c3d9b5d131e3a2d17b,19.10063934326172,107.35088023543358,0,346.9060472548008,0,0,0,0
arxiv,val,33,33,arxiv:val:000033:d0850dde7b86cfe1,0,620.545002,620.520751953125,276.449571,343.854762,25.193778797984123,25.845922529697418,2.700546756386757,184.90929063409567,41.28598356246948,142.9477767944336,21,0,1,0,0,0,0,0,0,0,28.17900800704956,1.339232012629509,10.631839990615845,1.1359035521745682,cache_bf16,large_h6_n10_s100_wikics_arxiv,d0850dde7b86cfe159626acbef6f22b442fc7f70a4212000a334b9de68dcb245,19.078336715698242,42.83718413114548,0,119.18892937898636,0,0,0,0
arxiv,val,34,34,arxiv:val:000034:4eaa40c7c921d8f4,0,930.882127,930.8579711914062,608.229684,322.388065,66.32466334849596,25.970488786697388,6.462368182837963,446.58797327429056,96.17731380462646,349.03612899780273,52,0,1,0,0,0,0,0,0,0,63.953439712524414,3.0711039900779724,26.638783931732178,2.5139861702919006,cache_bf16,large_h6_n10_s100_wikics_arxiv,4eaa40c7c921d8f493a070722e1afd120044800ebc12cc5d04fef0e8a727b48a,19.108736038208008,92.6764160990715,0,275.46844893693924,0,0,0,0
arxiv,val,35,35,arxiv:val:000035:4456808cd3029e36,0,1066.888125,1066.8634033203125,723.990431,342.624023,75.99459681659937,25.98380111157894,7.678561843931675,543.0066743865609,123.18841743469238,418.2073287963867,62,0,1,0,0,0,0,0,0,0,83.99676704406738,4.104703962802887,31.83561658859253,3.2513298392295837,cache_bf16,large_h6_n10_s100_wikics_arxiv,4456808cd3029e36c6cd674805dfba1b0df5470dc0b6229da27fb0db573093a9,19.186208724975586,108.8392319381237,0,328.5543055832386,0,0,0,0
arxiv,val,36,36,arxiv:val:000036:2b915ea34f5ecb41,0,1073.553208,1073.5269775390625,764.967585,308.1874,79.77373339235783,26.61028504371643,7.932981476187706,577.3721560835838,141.78332710266113,433.9416961669922,64,0,1,0,0,0,0,0,0,0,100.01455879211426,5.0660480260849,32.887328147888184,3.8153921365737915,cache_bf16,large_h6_n10_s100_wikics_arxiv,2b915ea34f5ecb4195b7e648f39cc228565d57fb08ef7d137fd23d150f968b8c,19.109344482421875,112.21856009960175,0,340.8324805498123,0,0,0,0
arxiv,val,37,37,arxiv:val:000037:614f76a891d0d5a3,0,1017.256764,1017.231689453125,708.346294,308.612302,72.79402483254671,25.865391828119755,9.285076521337032,531.4605832099915,131.75609397888184,398.13446044921875,60,0,1,0,0,0,0,0,0,0,92.75679969787598,4.5870720744133,30.86636734008789,3.545854866504669,cache_bf16,large_h6_n10_s100_wikics_arxiv,614f76a891d0d5a3b29923cdfe9627edcfe1f02f6c18878cfe56320dda43f363,19.08255958557129,105.64748772978783,0,311.5695323050022,0,0,0,0
arxiv,val,38,38,arxiv:val:000038:1086cabadfb2c00e,0,1034.764719,1034.73974609375,728.603635,305.88424,72.83262256532907,25.845040567219257,7.523822598159313,553.36360540241,140.0338249206543,411.7125015258789,62,0,1,0,0,0,0,0,0,0,99.40556716918945,4.961727976799011,31.878655910491943,3.787873864173889,cache_bf16,large_h6_n10_s100_wikics_arxiv,1086cabadfb2c00efbeaa45c5b1b33cf288b259cb923f3c9f7d866c8204d9074,19.102783203125,108.91103982925415,0,321.90424489974976,0,0,0,0
arxiv,val,39,39,arxiv:val:000039:863cfc33eb9bc5c9,0,968.03944,968.0142822265625,662.413385,305.359287,64.92588669061661,25.863303802907467,6.8137627094984055,503.02693247795105,136.1936321258545,365.3977279663086,55,0,1,0,0,0,0,0,0,0,99.4056625366211,5.007999956607819,28.030720233917236,3.7492493987083435,cache_bf16,large_h6_n10_s100_wikics_arxiv,863cfc33eb9bc5c943412c751858c2a4b19fae1e9600f8c00a7815f722d7057d,19.121440887451172,97.55209594964981,0,286.96707290410995,0,0,0,0
arxiv,val,40,40,arxiv:val:000040:138d2ea2dc1f5267,0,1136.732177,1136.705810546875,739.477069,396.966824,73.4600005671382,25.878976099193096,7.660120725631714,559.4574548304081,141.9859848022461,415.86045837402344,62,0,1,0,0,0,0,0,0,0,101.20220756530762,5.039455950260162,31.899199962615967,3.8451213240623474,cache_bf16,large_h6_n10_s100_wikics_arxiv,138d2ea2dc1f526777d488af538e88cb175b76d812df4fc0848d5ab0513b61f3,19.09231948852539,109.01423990726471,0,325.9385379552841,0,0,0,0
arxiv,val,41,41,arxiv:val:000041:d9a4a65cfd514f1c,0,1014.099336,1014.072998046875,708.684707,305.146154,74.171326123178,31.04203660041094,16.491934657096863,525.1857759431005,136.29644775390625,387.4500045776367,55,0,1,0,0,0,0,0,0,0,99.47327995300293,5.012255966663361,28.05567979812622,3.755232036113739,cache_bf16,large_h6_n10_s100_wikics_arxiv,d9a4a65cfd514f1cd028b6059ba71acd1c529452ede8859ce3fe42269be5e68c,23.51033592224121,97.60620766878128,0,313.35413283109665,0,0,0,0
arxiv,val,42,42,arxiv:val:000042:ff0500b9a531de21,0,1014.77035,1014.7440795898438,709.636221,304.865762,74.03158117085695,25.849430821835995,7.19761848449707,536.1008299514651,144.43875122070312,390.1436462402344,58,0,1,0,0,0,0,0,0,0,105.47932624816895,5.399136006832123,29.592000007629395,3.9682889580726624,cache_bf16,large_h6_n10_s100_wikics_arxiv,ff0500b9a531de21a3663ef84355fbe474988341d4bf06609c0f4f40872603e9,19.072160720825195,102.57097604870796,0,306.6448309123516,0,0,0,0
arxiv,val,43,43,arxiv:val:000043:ddd3b371329106e9,0,1134.722364,1134.696044921875,742.971188,391.465221,73.45233205705881,26.228551752865314,7.649550214409828,561.3228501752019,142.20908546447754,417.5093688964844,62,0,1,0,0,0,0,0,0,0,101.3551025390625,5.073119938373566,31.92515230178833,3.8557106852531433,cache_bf16,large_h6_n10_s100_wikics_arxiv,ddd3b371329106e9b3c0c5dff47a69baa52805ccf0e8705a520aa1b2b57a9b05,19.07436752319336,108.90393599867821,0,327.6798004209995,0,0,0,0
arxiv,val,44,44,arxiv:val:000044:cf5d3d5d9903a199,0,1033.607507,1033.58154296875,727.758187,305.570938,72.81159702688456,26.436991058290005,7.68618006259203,549.5649743825197,130.16364860534668,417.79571533203125,62,0,1,0,0,0,0,0,0,0,90.32655906677246,4.454847931861877,31.904959678649902,3.477281928062439,cache_bf16,large_h6_n10_s100_wikics_arxiv,cf5d3d5d9903a19940960e7d115d98e85bc20ff08ce0d304a458cf596df6ec1b,19.094144821166992,109.01536005735397,0,327.87450009584427,0,0,0,0
arxiv,val,45,45,arxiv:val:000045:e1ef52cc72e53091,0,940.82691,940.8008422851562,630.592439,309.877743,64.62390162050724,25.941086933016777,6.455973722040653,470.1855946332216,112.24502372741699,356.54540634155273,53,0,1,0,0,0,0,0,0,0,78.0758409500122,3.860767960548401,27.299455642700195,3.008959174156189,cache_bf16,large_h6_n10_s100_wikics_arxiv,e1ef52cc72e53091c7800d41742de82340ef8f9ca0ca1a0e3701bf3b37d73687,19.07913589477539,94.39715188741684,0,281.2273903489113,0,0,0,0
arxiv,val,46,46,arxiv:val:000046:ada3ab8e88f5559f,0,956.017968,955.9916381835938,629.342964,326.384053,62.45337054133415,26.11162606626749,6.582082249224186,472.0663232728839,114.32774543762207,356.33577728271484,53,0,1,0,0,0,0,0,0,0,79.99849605560303,3.949824035167694,27.308512210845947,3.0709131360054016,cache_bf16,large_h6_n10_s100_wikics_arxiv,ada3ab8e88f5559fcccdcc6f953c2dd6aa4326a121c0a4aaf08dacb1b8284a90,19.1724796295166,94.38572788238525,0,281.1225290298462,0,0,0,0
arxiv,val,47,47,arxiv:val:000047:d407276f731aeb82,0,978.644577,978.6188354492188,673.042463,305.32334,65.41741732507944,25.93478560447693,7.286376319825649,506.0983095318079,113.18614387512207,391.3679962158203,59,0,1,0,0,0,0,0,0,0,76.35977554321289,3.682752013206482,30.17097568511963,2.972640633583069,cache_bf16,large_h6_n10_s100_wikics_arxiv,d407276f731aeb826a2465293d82e27bd3bfeb5cc7bff84a8a4469484aab6322,19.085439682006836,104.04742419719696,0,306.4060117006302,0,0,0,0
arxiv,val,48,48,arxiv:val:000048:dd42eff70fde6dc5,0,1160.382642,1160.3565673828125,764.982797,395.118618,71.31034228950739,26.517032645642757,7.942426018416882,586.3269614055753,160.56400108337402,424.10975646972656,64,0,1,0,0,0,0,0,0,0,117.27071952819824,5.919296026229858,32.97068786621094,4.403297662734985,cache_bf16,large_h6_n10_s100_wikics_arxiv,dd42eff70fde6dc5e47ff1df4ed4ee531b28791339a8573d15beb8be20bca69a,19.063840866088867,112.1817921102047,0,330.99180522561073,0,0,0,0
arxiv,val,49,49,arxiv:val:000049:a2b8aa86fe2b3b80,0,1038.714957,1038.6884765625,729.309471,309.121159,74.02334362268448,25.875900872051716,7.671843282878399,548.6662061884999,136.234525680542,410.8164520263672,62,0,1,0,0,0,0,0,0,0,95.86441707611084,4.7656320333480835,31.930847644805908,3.6736289262771606,cache_bf16,large_h6_n10_s100_wikics_arxiv,a2b8aa86fe2b3b809d0aacfbc7c40ec2063058ada285d832b83a88d0103ba626,19.11427116394043,108.97052827477455,0,320.96019491553307,0,0,0,0
arxiv,val,50,50,arxiv:val:000050:2a47659d2f813532,0,1059.813055,1059.7860107421875,720.196725,339.314019,72.43143487721682,27.803692035377026,7.686530239880085,540.2969932183623,123.51049613952637,415.1776580810547,62,0,1,0,0,0,0,0,0,0,84.23001480102539,4.112063944339752,31.91084861755371,3.2575687766075134,cache_bf16,large_h6_n10_s100_wikics_arxiv,2a47659d2f813532ed4dc6a42a9d4cf68dc3143b0c35fc5da3cc25947ca3b91d,19.0830078125,108.87935987114906,0,325.3813060224056,0,0,0,0
arxiv,val,51,51,arxiv:val:000051:25fed5df9f2e16af,0,1200.250162,1200.2242431640625,807.281671,392.694385,83.86227115988731,26.001831516623497,7.925054989755154,614.5283011719584,160.43235206604004,452.4419860839844,64,0,1,0,0,0,0,0,0,0,117.14662551879883,5.9126721024513245,32.97551965713501,4.397534787654877,cache_bf16,large_h6_n10_s100_wikics_arxiv,25fed5df9f2e16af5276f39be3ac9b4fbbf21cb37f57fd15fbb3eb0033ad4253,19.152511596679688,112.17587187886238,0,359.4186258018017,0,0,0,0
arxiv,val,52,52,arxiv:val:000052:03bd7d4b35d5ec75,0,940.161267,940.135498046875,617.327415,322.56668,76.1578343808651,26.183278299868107,6.363026797771454,445.66231966018677,96.19475364685059,348.0963821411133,52,0,1,0,0,0,0,0,0,0,63.93503952026367,3.069663941860199,26.68348789215088,2.506562292575836,cache_bf16,large_h6_n10_s100_wikics_arxiv,03bd7d4b35d5ec754ccede1f77f03d4c83f1bce222870c0d7931411a50a1a0ae,19.103456497192383,92.76537600159645,0,274.4344626367092,0,0,0,0
arxiv,val,53,53,arxiv:val:000053:859d651c5c113b2b,0,1121.104309,1121.0782470703125,728.919494,391.891661,75.96902176737785,26.234682649374008,7.4259694665670395,549.0164775401354,139.09097862243652,408.3423080444336,61,0,1,0,0,0,0,0,0,0,98.78108596801758,4.901632010936737,31.652287483215332,3.755973160266876,cache_bf16,large_h6_n10_s100_wikics_arxiv,859d651c5c113b2b710e3dd92e0b453173673741fd2acce2fade900d8aeca11e,19.12281608581543,107.39664000272751,0,320.0684841275215,0,0,0,0
arxiv,val,54,54,arxiv:val:000054:300231fc70309c0c,0,1151.81401,1151.7872314453125,759.367177,392.170802,73.40248674154282,26.404076255857944,7.6841190457344055,581.20371773839,158.45289611816406,421.12437438964844,63,0,1,0,0,0,0,0,0,0,115.6031665802002,5.820607960224152,32.699615478515625,4.329506099224091,cache_bf16,large_h6_n10_s100_wikics_arxiv,300231fc70309c0cfd22317394782a0a007fef674b24b0ff0106b29c1afc2b36,19.078880310058594,110.67600002884865,0,329.5272546708584,0,0,0,0
arxiv,val,55,55,arxiv:val:000055:a212b20457638022,0,1061.581033,1061.5531005859375,737.914395,323.384301,72.06589449197054,25.753695517778397,7.694054394960403,561.6398481652141,142.28582382202148,417.7548828125,62,0,1,0,0,0,0,0,0,0,101.47059440612793,5.043103933334351,31.934144496917725,3.8379809856414795,cache_bf16,large_h6_n10_s100_wikics_arxiv,a212b20457638022238ddab4fbf222c37df631dd211fdab1c40ca8cbfaae7cf5,19.015615463256836,108.96790391206741,0,327.8025943636894,0,0,0,0
arxiv,val,56,56,arxiv:val:000056:215743a6c95a4322,0,1171.251405,1171.2247314453125,774.792282,396.091645,77.26782839745283,26.14598162472248,7.678595371544361,592.2445980831981,168.08960151672363,422.49939727783203,63,0,1,0,0,0,0,0,0,0,124.45903968811035,6.321760058403015,32.67753601074219,4.631265759468079,cache_bf16,large_h6_n10_s100_wikics_arxiv,215743a6c95a4322fe408a6ba7a4a9370a75f4cc4532aaca99dde5ef8f023db6,19.175840377807617,110.61897614598274,0,331.0562615096569,0,0,0,0
arxiv,val,57,57,arxiv:val:000057:93b7a7f59cc74a9e,0,1126.075822,1126.049072265625,734.164111,391.608545,72.73769844323397,25.927270762622356,7.661499083042145,555.129162967205,142.15529441833496,411.3684387207031,62,0,1,0,0,0,0,0,0,0,101.31302261352539,5.0731199979782104,31.91807985305786,3.8510719537734985,cache_bf16,large_h6_n10_s100_wikics_arxiv,93b7a7f59cc74a9ee193ce677f5005da0c006b92d97b540966bd127e7f276715,19.0996150970459,108.93993604183197,0,321.52811777591705,0,0,0,0
arxiv,val,58,58,arxiv:val:000058:baff727dd79bfef8,0,960.2404,960.21435546875,650.950846,309.011205,75.9656885638833,25.910258293151855,7.054726593196392,484.62276067584753,106.70803260803223,376.4242248535156,57,0,1,0,0,0,0,0,0,0,71.14121627807617,3.431551992893219,29.346975803375244,2.7882885336875916,cache_bf16,large_h6_n10_s100_wikics_arxiv,baff727dd79bfef81394c2cc7d0db687035b7850b8cd72fd35533259dcbc5e44,19.122272491455078,100.71763208508492,0,294.8288652598858,0,0,0,0
arxiv,val,59,59,arxiv:val:000059:283bfc5fbdab96be,0,1034.903798,1034.8773193359375,729.810873,304.825054,73.05754907429218,25.840045884251595,7.674588821828365,553.7331709638238,140.18659019470215,411.94508361816406,62,0,1,0,0,0,0,0,0,0,99.50406455993652,4.956032037734985,31.940000534057617,3.7864930629730225,cache_bf16,large_h6_n10_s100_wikics_arxiv,283bfc5fbdab96be178e1ef02673805c313e85a7db94d22467b6608e90253fa3,19.076704025268555,109.40992033481598,0,321.61186730861664,0,0,0,0
arxiv,val,60,60,arxiv:val:000060:223fff55dd3aa076,0,910.451508,910.4251098632812,604.595163,305.58807,60.480767861008644,25.86013823747635,6.34659081697464,447.193868458271,97.13407707214355,348.67923736572266,52,0,1,0,0,0,0,0,0,0,64.7929916381836,3.107904016971588,26.691168785095215,2.542012631893158,cache_bf16,large_h6_n10_s100_wikics_arxiv,223fff55dd3aa07627e13f9449707c2e850612851f89eb5f38bbde0ba338602a,19.081663131713867,92.83942377567291,0,274.9214767217636,0,0,0,0
arxiv,val,61,61,arxiv:val:000061:819cfb4438026420,0,1016.563527,1016.5358276367188,708.776044,307.471697,71.88589591532946,25.999439880251884,7.291444577276707,535.5460932478309,132.04291343688965,401.9623107910156,59,0,1,0,0,0,0,0,0,0,93.58025646209717,4.649695992469788,30.247999668121338,3.564961314201355,cache_bf16,large_h6_n10_s100_wikics_arxiv,819cfb4438026420a44e76d1b5e4396b6c12d15e01cdfdca4eafe4356bf5fd78,19.112960815429688,105.84451252222061,0,315.2307590842247,0,0,0,0
arxiv,val,62,62,arxiv:val:000062:f14653257fd8d626,0,1032.282075,1032.25537109375,725.56706,306.425175,108.97321440279484,26.65800228714943,7.314038462936878,512.5723471865058,117.22761726379395,393.79833221435547,59,0,1,0,0,0,0,0,0,0,79.9922227859497,3.899392008781433,30.227263927459717,3.1087385416030884,cache_bf16,large_h6_n10_s100_wikics_arxiv,f14653257fd8d626a647b705baa748c4047f2bffaa9a0536a43e3e90199fe238,19.122783660888672,104.03561627864838,0,308.88549959659576,0,0,0,0
arxiv,val,63,63,arxiv:val:000063:a6c9213601343c5a,0,1039.100996,1039.0740966796875,733.49471,305.330596,75.42764209210873,26.58265456557274,7.677679881453514,551.7197763547301,136.14755249023438,413.95887756347656,62,0,1,0,0,0,0,0,0,0,95.78915214538574,4.760095953941345,31.940704345703125,3.6576000452041626,cache_bf16,large_h6_n10_s100_wikics_arxiv,a6c9213601343c5af310560e147a57675830c585f12c4b745f42161685ac0945,19.10063934326172,108.94127985835075,0,324.1182370483875,0,0,0,0
arxiv,val,64,64,arxiv:val:000064:1f114887af1ecfa5,0,1011.1609,1011.1341552734375,700.807161,310.073825,68.1136455386877,25.789222680032253,7.198935374617577,534.9261863157153,144.71920013427734,388.6950378417969,58,0,1,0,0,0,0,0,0,0,105.66770935058594,5.406815946102142,29.66319990158081,3.9814749360084534,cache_bf16,large_h6_n10_s100_wikics_arxiv,1f114887af1ecfa56bcb4f6bc29544f32172af5626be259cf411be7bd9bc4eed,19.059648513793945,102.505215883255,0,305.2494704723358,0,0,0,0
arxiv,val,65,65,arxiv:val:000065:a0032c4710ae3a15,0,1146.498285,1146.4705810546875,753.592272,392.625993,76.18242409080267,26.028276421129704,7.65793863683939,573.6787980422378,152.75167846679688,419.3025360107422,63,0,1,0,0,0,0,0,0,0,110.2797737121582,5.621663987636566,32.70144033432007,4.148800432682037,cache_bf16,large_h6_n10_s100_wikics_arxiv,a0032c4710ae3a1546d174201bd65f39f734bad0dbaa659b3bf599a5959b7ddf,19.107967376708984,110.64003223180771,0,327.77047115564346,0,0,0,0
arxiv,val,66,66,arxiv:val:000066:fd1e8eebbd69f945,0,1068.172036,1068.1446533203125,758.206505,309.681186,80.10756224393845,26.63061860948801,7.9400986433029175,571.0985939949751,143.79587173461914,425.65501403808594,64,0,1,0,0,0,0,0,0,0,101.88835334777832,5.072000086307526,32.962751388549805,3.87276691198349,cache_bf16,large_h6_n10_s100_wikics_arxiv,fd1e8eebbd69f945b7937053fe1894d7aa4e3d017b7566cbc0ddbd2ec591ade0,19.097087860107422,112.25024017691612,0,332.50186172127724,0,0,0,0
arxiv,val,67,67,arxiv:val:000067:ad1389fe50ead330,0,1030.158885,1030.132568359375,724.104267,305.780499,69.93854697793722,25.845013558864594,7.337396964430809,545.595608651638,149.59469032287598,394.4520950317383,59,0,1,0,0,0,0,0,0,0,109.71116828918457,5.517343997955322,30.25001621246338,4.116161823272705,cache_bf16,large_h6_n10_s100_wikics_arxiv,ad1389fe50ead330fcbb0d1c3b6897b19fadd83f66a990bd417484c3cd9c8118,19.07753562927246,104.02812814712524,0,309.5015025138855,0,0,0,0
arxiv,val,68,68,arxiv:val:000068:0e2309a14e4e7ad2,0,617.450348,617.4239501953125,273.076346,344.089844,34.24512129276991,25.882008485496044,2.6962822303175926,185.56383531540632,41.42531204223633,143.46182441711426,21,0,1,0,0,0,0,0,0,0,28.263808250427246,1.3418239951133728,10.679487943649292,1.1401918530464172,cache_bf16,large_h6_n10_s100_wikics_arxiv,0e2309a14e4e7ad206ec00b0afceb8be3573064c0f92010b47f04a2ba2d1f390,19.145599365234375,42.87865588068962,0,119.72876790165901,0,0,0,0
arxiv,val,69,69,arxiv:val:000069:d86e811a7bc24db7,0,1104.539653,1104.51220703125,763.923468,340.331069,81.52071014046669,26.102625764906406,7.825578562915325,579.2053481563926,158.37222480773926,419.1954803466797,63,0,1,0,0,0,0,0,0,0,115.41532707214355,5.899872004985809,32.73292779922485,4.32409793138504,cache_bf16,large_h6_n10_s100_wikics_arxiv,d86e811a7bc24db744e8778bf19d7b3f44eb7d7ebf8bfe7ccd74c22d935087f2,19.156864166259766,110.71411201357841,0,327.63823249936104,0,0,0,0
arxiv,val,70,70,arxiv:val:000070:2a3d92150c4f73db,0,975.808496,975.7811279296875,670.262532,305.277147,70.93933876603842,25.887418538331985,6.844501942396164,495.2411958947778,120.42601585388184,373.3534393310547,56,0,1,0,0,0,0,0,0,0,84.46035194396973,4.1622079610824585,28.55951976776123,3.2439361810684204,cache_bf16,large_h6_n10_s100_wikics_arxiv,2a3d92150c4f73db35252c8869d52c2058311805ab42839e792ab8f73946b897,19.08028793334961,99.35273578763008,0,293.0809914767742,0,0,0,0
arxiv,val,71,71,arxiv:val:000071:cf9896e4eb750fe0,0,1020.649091,1020.6220703125,710.477272,309.90047,76.48350857198238,25.96521656960249,7.477365434169769,532.2146937251091,131.96355056762695,398.68284606933594,60,0,1,0,0,0,0,0,0,0,92.87433624267578,4.584511935710907,30.965312004089355,3.5393903851509094,cache_bf16,large_h6_n10_s100_wikics_arxiv,cf9896e4eb750fe0c9cee7c8b288a7a8e49d9cc63c2a39ef685e91beaa53ed04,19.117727279663086,105.7766726911068,0,312.0239006578922,0,0,0,0
arxiv,val,72,72,arxiv:val:000072:11c31d8e3f561208,0,1093.895395,1093.8670654296875,765.429094,328.188481,80.71819134056568,25.88684670627117,7.980468682944775,579.30719666183,149.7066249847412,427.9522933959961,64,0,1,0,0,0,0,0,0,0,107.28655815124512,5.352959990501404,33.01084756851196,4.056259274482727,cache_bf16,large_h6_n10_s100_wikics_arxiv,11c31d8e3f5612084a2dbd8c1a42815cb6224c2900ec1d9301030c9f7d9ebb85,19.09769630432129,112.22531202435493,0,334.82467767596245,0,0,0,0
arxiv,val,73,73,arxiv:val:000073:1332d50ddf2eeca1,0,1148.83741,1148.8101806640625,755.883962,392.67881,77.55009829998016,25.825319811701775,7.802235893905163,575.2749117091298,152.72435188293457,420.9179229736328,63,0,1,0,0,0,0,0,0,0,110.2446403503418,5.6090880036354065,32.72873592376709,4.141887605190277,cache_bf16,large_h6_n10_s100_wikics_arxiv,1332d50ddf2eeca169e5b81ca0b3ac3e1c51f99b4e36d2902cde6073b387a2d0,19.106496810913086,110.58454424142838,0,329.4398755431175,0,0,0,0
arxiv,val,74,74,arxiv:val:000074:e0a31edde87a7444,0,947.47914,947.452880859375,638.179193,309.028346,67.98459123820066,25.88862646371126,6.474577821791172,473.53790141642094,112.30515098571777,359.8409309387207,53,0,1,0,0,0,0,0,0,0,78.07270336151123,3.8563199639320374,27.372224807739258,3.003902852535248,cache_bf16,large_h6_n10_s100_wikics_arxiv,e0a31edde87a744459029bea340649f33a84460931b483db992080e065477e9e,19.092960357666016,96.21254387497902,0,282.7213474214077,0,0,0,0
arxiv,val,75,75,arxiv:val:000075:0a132a451a46a45b,0,1060.154839,1060.1279296875,684.876914,374.99854,100.0200267881155,26.64367202669382,6.7107826471328735,482.0380797609687,111.16140747070312,369.4374084472656,55,0,1,0,0,0,0,0,0,0,76.3123836517334,3.725536048412323,28.159903526306152,2.963584244251251,cache_bf16,large_h6_n10_s100_wikics_arxiv,0a132a451a46a45bcb97637eec4dab61c47b992cacfe8b0fdcf22dbb745a1380,19.09231948852539,97.67472034692764,0,290.8550075888634,0,0,0,0
arxiv,val,76,76,arxiv:val:000076:b1ad7f9bb93742d5,0,1040.517706,1040.49072265625,660.380391,379.872501,64.57321811467409,25.87726153433323,6.719079799950123,493.5314254835248,122.79132843017578,369.2968330383301,55,0,1,0,0,0,0,0,0,0,87.00070381164551,4.323327958583832,28.14297580718994,3.3243208527565002,cache_bf16,large_h6_n10_s100_wikics_arxiv,b1ad7f9bb93742d57d93c723bded1ff9487d253437f89c993ed39560542cccda,19.104736328125,97.78272044658661,0,290.61884891986847,0,0,0,0
arxiv,val,77,77,arxiv:val:000077:636e20ca6e1d821d,0,978.699277,978.67236328125,619.60484,358.822266,60.7495941221714,25.898710824549198,6.464616395533085,466.4655700325966,109.81945610046387,355.2566719055176,53,0,1,0,0,0,0,0,0,0,75.75510311126709,3.717568099498749,27.413856029510498,2.9329288601875305,cache_bf16,large_h6_n10_s100_wikics_arxiv,636e20ca6e1d821d85f8b6f88702a66347f568d2975ab829f49e905d3295654b,19.087936401367188,94.5184640288353,0,279.82614427804947,0,0,0,0
arxiv,val,78,78,arxiv:val:000078:23743d45533046ec,0,1028.128796,1028.1014404296875,721.797538,306.04804,70.35027910023928,26.5915310010314,7.295052520930767,546.7506963759661,142.85174560546875,402.3364486694336,60,0,1,0,0,0,0,0,0,0,102.85417556762695,5.1646400690078735,30.949600219726562,3.883329749107361,cache_bf16,large_h6_n10_s100_wikics_arxiv,23743d45533046eceaf1c1af64d1e14aaa8f5a22c78f7016394923a043b2804a,19.089984893798828,105.83580788969994,0,315.5906256735325,0,0,0,0
arxiv,val,79,79,arxiv:val:000079:1e65174104a1505a,0,1151.705068,1151.677734375,758.175217,393.257762,69.96193248778582,26.692921295762062,7.558978162705898,581.6976921632886,164.92914962768555,415.1671371459961,62,0,1,0,0,0,0,0,0,0,122.1944637298584,6.185312032699585,31.99788808822632,4.551485776901245,cache_bf16,large_h6_n10_s100_wikics_arxiv,1e65174104a1505a7bdd624a1acd688b3680da85996d2ef44bbbc87389e196e4,19.11017608642578,109.06595194339752,0,325.21136128902435,0,0,0,0
arxiv,val,80,80,arxiv:val:000080:5938139cc92984b8,0,937.757731,937.7301025390625,573.150839,364.325013,53.294857032597065,25.95236897468567,6.123565137386322,425.03098119050264,97.1399040222168,326.58118438720703,49,0,1,0,0,0,0,0,0,0,66.01689624786377,3.1896960139274597,25.378079891204834,2.5552318692207336,cache_bf16,large_h6_n10_s100_wikics_arxiv,5938139cc92984b8a1aaeb096edff4af8ce500ccf4df6024b66b636ee66fb8ad,19.111007690429688,87.92937588691711,0,257.7628161907196,0,0,0,0
arxiv,val,81,81,arxiv:val:000081:103812d8128782bf,0,1015.833542,1015.80419921875,705.989887,309.556928,66.91245920956135,25.967389345169067,7.381214760243893,533.3042340353131,133.87494468688965,397.8840637207031,59,0,1,0,0,0,0,0,0,0,95.23718357086182,4.74102395772934,30.273216247558594,3.6235209107398987,cache_bf16,large_h6_n10_s100_wikics_arxiv,103812d8128782bf2d6b0a6e4559818f35c7ea64484cee79dbf3fd92559a9169,19.081632614135742,104.14595219492912,0,312.81974413990974,0,0,0,0
arxiv,val,82,82,arxiv:val:000082:ef97f140c26e76a7,0,1026.567768,1026.5396728515625,716.303392,309.900423,68.0592879652977,25.88253002613783,7.584995590150356,543.7857201322913,130.47404861450195,411.68580627441406,61,0,1,0,0,0,0,0,0,0,90.69203186035156,4.552543938159943,31.699903964996338,3.52956885099411,cache_bf16,large_h6_n10_s100_wikics_arxiv,ef97f140c26e76a76756767fb519c0006836b4ec6a63adff45776dc58da7edf0,19.088096618652344,107.39615988731384,0,323.37774300575256,0,0,0,0
arxiv,val,83,83,arxiv:val:000083:a39d60ef16fc4859,0,1134.830889,1134.803466796875,737.713608,396.803649,71.71080633997917,26.53102669864893,7.743380963802338,558.0116584897041,142.322847366333,414.07450103759766,62,0,1,0,0,0,0,0,0,0,101.42028617858887,5.04092800617218,32.01484823226929,3.8467849493026733,cache_bf16,large_h6_n10_s100_wikics_arxiv,a39d60ef16fc4859f0cbb1f8bd127e91871eb54fff72fe03a1c091da9dd2a231,19.141311645507812,109.02998408675194,0,324.18582859635353,0,0,0,0
arxiv,val,84,84,arxiv:val:000084:5e59d4339eecb4b0,0,957.937887,957.9111938476562,651.243474,306.419073,58.62026661634445,25.871329940855503,6.615501828491688,489.82120025902987,129.78582382202148,358.61413955688477,54,0,1,0,0,0,0,0,0,0,93.81772804260254,4.7029120326042175,27.724031448364258,3.54115229845047,cache_bf16,large_h6_n10_s100_wikics_arxiv,5e59d4339eecb4b0483be1a708ce6e0900ea0d36b21157a03b359dd6edca154f,19.09270477294922,96.07942393422127,0,281.6274203956127,0,0,0,0
arxiv,val,85,85,arxiv:val:000085:d0843ce56b22dc73,0,1042.842919,1042.81494140625,719.608987,322.959926,67.38719623535872,26.24166291207075,7.447616197168827,546.9252271577716,146.81436729431152,398.5424118041992,60,0,1,0,0,0,0,0,0,0,106.4606704711914,5.334367990493774,31.004576206207275,4.014752626419067,cache_bf16,large_h6_n10_s100_wikics_arxiv,d0843ce56b22dc73a3618d338723a965a999cb83eeceeaa30cb60167e3ac1382,19.109535217285156,105.84067198634148,0,311.8112750351429,0,0,0,0
arxiv,val,86,86,arxiv:val:000086:c931e503a421c342,0,1024.095014,1024.0679931640625,717.937358,305.894557,67.8761275485158,25.829866528511047,7.682188414037228,543.7221908941865,130.60473251342773,411.5071029663086,62,0,1,0,0,0,0,0,0,0,90.64927959442139,4.455711901187897,32.017760276794434,3.4819807410240173,cache_bf16,large_h6_n10_s100_wikics_arxiv,c931e503a421c34267ec82b94e039d60e19b3bf05af914aae79205e0decda7d4,19.072927474975586,108.9622720181942,0,321.61775842309,0,0,0,0
arxiv,val,87,87,arxiv:val:000087:9f3a2d6097b0f6bd,0,1025.481635,1025.4544677734375,714.941826,310.274137,66.08648970723152,25.827164761722088,7.572442293167114,547.9719797149301,139.05318450927734,407.3325729370117,61,0,1,0,0,0,0,0,0,0,98.69203186035156,4.925119996070862,31.69916820526123,3.736864447593689,cache_bf16,large_h6_n10_s100_wikics_arxiv,9f3a2d6097b0f6bdc313c6295f2299bc6c3187102e3e75faf02bfa838fb30ae0,19.10095977783203,107.44444817304611,0,318.98908454179764,0,0,0,0
arxiv,val,88,88,arxiv:val:000088:d92d2e293d83fe2f,0,1095.032657,1095.0052490234375,702.2988,392.455807,65.79920928925276,25.91040823608637,7.431875914335251,532.5994463637471,126.33833694458008,404.6944274902344,60,0,1,0,0,0,0,0,0,0,87.52371120452881,4.427807986736298,31.018271923065186,3.3685458302497864,cache_bf16,large_h6_n10_s100_wikics_arxiv,d92d2e293d83fe2f12b22432fd45e9e92790a6d804e43b5675e947d66dc7965e,19.120512008666992,105.7413119673729,0,318.0736275315285,0,0,0,0
arxiv,val,89,89,arxiv:val:000089:ca95f6f1b4e66743,0,799.498863,799.4727172851562,441.400534,357.84271,46.87076807022095,25.95355734229088,4.532472230494022,316.1247679963708,65.5924482345581,249.52178955078125,36,0,1,0,0,0,0,0,0,0,43.1596155166626,2.0125440061092377,18.709376096725464,1.7109126150608063,cache_bf16,large_h6_n10_s100_wikics_arxiv,ca95f6f1b4e66743e24e634927bd1f85787d4b5f1d0520aed4dd463ee6107386,19.134559631347656,67.05641612410545,0,201.59993305802345,0,0,0,0
arxiv,val,90,90,arxiv:val:000090:c11b4735265097a4,0,865.730193,865.7040405273438,502.791368,362.692027,62.34860327094793,26.528147980570793,4.945832304656506,353.71879301965237,85.41039943695068,267.19372940063477,40,0,1,0,0,0,0,0,0,0,59.438048362731934,2.997376024723053,20.66387176513672,2.3111032843589783,cache_bf16,large_h6_n10_s100_wikics_arxiv,c11b4735265097a44930d96d5587558acbb6ad2ce18590c698eac674f2a4537d,19.052000045776367,73.45654386281967,0,212.78918558359146,0,0,0,0
arxiv,val,91,91,arxiv:val:000091:3080ca54e7b4810a,0,1047.48472,1047.45654296875,737.153302,310.052574,86.25053986907005,26.59846656024456,7.460378110408783,543.506158515811,143.10038375854492,398.84566497802734,60,0,1,0,0,0,0,0,0,0,103.01427268981934,5.162528038024902,31.029792308807373,3.8937907218933105,cache_bf16,large_h6_n10_s100_wikics_arxiv,3080ca54e7b4810a5398d13cb2684ed159ae5e73eba029f817a64cc835d8ee00,19.090560913085938,105.88681584596634,0,312.04941004514694,0,0,0,0
arxiv,val,92,92,arxiv:val:000092:c554553d97e30d78,0,991.084998,991.0577392578125,582.156878,408.662276,64.07824344933033,25.902150198817253,6.240934133529663,437.2356506064534,94.45737648010254,341.4359703063965,51,0,1,0,0,0,0,0,0,0,62.92944049835205,2.9991040229797363,26.058687686920166,2.470144271850586,cache_bf16,large_h6_n10_s100_wikics_arxiv,c554553d97e30d78d7909dfafe3fbb78151bd68f5f605863d751110e5db6a7f9,19.093887329101562,91.2344641983509,0,269.29539343714714,0,0,0,0
arxiv,val,93,93,arxiv:val:000093:f7af87a891af9d09,0,1029.101568,1029.07470703125,722.502144,306.325135,78.10261473059654,26.555568911135197,7.550959475338459,552.5528378784657,136.80976104736328,414.13680267333984,62,0,1,0,0,0,0,0,0,0,96.22259330749512,4.871007978916168,32.049856185913086,3.66630357503891,cache_bf16,large_h6_n10_s100_wikics_arxiv,f7af87a891af9d09f37e54b0d2c012c059c353aa05a62ef5edbdf198016c320b,19.040319442749023,110.47830390930176,0,322.6988182067871,0,0,0,0
arxiv,val,94,94,arxiv:val:000094:c49ce41630690eb2,0,1008.516244,1008.489013671875,702.244823,305.994659,72.29051738977432,25.86569543927908,7.334423251450062,539.2107469961047,134.84156799316406,402.8130798339844,60,0,1,0,0,0,0,0,0,0,95.49744033813477,4.7464320063591,30.97801637649536,3.619679272174835,cache_bf16,large_h6_n10_s100_wikics_arxiv,c49ce41630690eb2875e5821578e9175ae7b054958b3e878556ae492365cbc54,19.123199462890625,105.74518397450447,0,316.19109532237053,0,0,0,0
arxiv,val,95,95,arxiv:val:000095:d1b804cfe6bbd7e7,0,1064.431107,1064.403564453125,719.885234,344.275034,74.3131646886468,25.802805088460445,7.533440366387367,554.8053001984954,140.03705406188965,413.16687774658203,62,0,1,0,0,0,0,0,0,0,99.37821006774902,4.956991970539093,31.912384033203125,3.789467990398407,cache_bf16,large_h6_n10_s100_wikics_arxiv,d1b804cfe6bbd7e705150c6ddc19faca93a98d8004ede770615deb67bbf7b37f,19.046239852905273,108.99449583888054,0,323.21862176060677,0,0,0,0
arxiv,val,96,96,arxiv:val:000096:ec672f4715dd3985,0,1022.032258,1022.005126953125,715.92928,305.831058,65.79931173473597,25.811167433857918,7.682906463742256,556.2257217243314,140.2939510345459,414.33158111572266,62,0,1,0,0,0,0,0,0,0,99.63270378112793,4.9493759870529175,31.922111988067627,3.7897592782974243,cache_bf16,large_h6_n10_s100_wikics_arxiv,ec672f4715dd3985423b1d7da9aaae0f5347758a5d73c859780f2f3e7aa6498f,19.072063446044922,109.07670438289642,0,324.32694017887115,0,0,0,0
arxiv,val,97,97,arxiv:val:000097:f6245857f5f07407,0,1122.559142,1122.5313720703125,730.726553,391.563234,70.74999995529652,25.918196886777878,7.655518129467964,565.6704120337963,144.0839023590088,419.9638671875,63,0,1,0,0,0,0,0,0,0,102.4566421508789,5.10153603553772,32.637792110443115,3.887932062149048,cache_bf16,large_h6_n10_s100_wikics_arxiv,f6245857f5f07407b3f88778c9316b16c98f8849b85552d58bca7df1a935723e,19.00886344909668,110.55286404490471,0,328.41986659169197,0,0,0,0
arxiv,val,98,98,arxiv:val:000098:fc6abf08b8b0001e,0,851.896132,851.869140625,546.769485,304.846185,56.20162561535835,26.032146997749805,5.8605605736374855,409.90361012518406,85.96380805969238,322.6664619445801,48,0,1,0,0,0,0,0,0,0,56.45942401885986,2.678431957960129,24.58505630493164,2.24089577794075,cache_bf16,large_h6_n10_s100_wikics_arxiv,fc6abf08b8b0001e9313d3417be92f18e0e0864d878974971cf6ffcc7e7350c3,19.230527877807617,86.39040014147758,0,255.5065896809101,0,0,0,0
arxiv,val,99,99,arxiv:val:000099:66f7ff1f3a72ebb7,0,1019.450114,1019.4229125976562,709.316305,309.830081,67.61259865015745,25.957519188523293,7.222902029752731,544.2729806527495,149.059326171875,393.6700744628906,59,0,1,0,0,0,0,0,0,0,109.2916488647461,5.4949440360069275,30.173024654388428,4.099708616733551,cache_bf16,large_h6_n10_s100_wikics_arxiv,66f7ff1f3a72ebb7a8bb64ef808626e952cdfdaa780c993573ad1026141d4d65,19.05129623413086,104.10256016254425,0,308.61881053447723,0,0,0,0
arxiv,test,100,0,arxiv:test:000000:8aeecba8862d1102,0,1089.530404,1088.3355712890625,731.715726,356.178148,147.33281452208757,82.88515266031027,5.823293700814247,402.7402577921748,92.81964778900146,308.55574798583984,45,0,1,0,0,0,0,0,0,0,63.46524906158447,3.1226560473442078,23.556544303894043,2.6751983761787415,cache_bf16,large_h6_n10_s100_wikics_arxiv,8aeecba8862d11020a114168d046089c4e2d396f1d577261816bc2a09d70c909,20.28780746459961,81.64550390839577,0,247.1980515420437,0,0,0,0
arxiv,test,101,1,arxiv:test:000001:34c176a088ad1429,0,1209.253481,1209.2239990234375,818.214185,390.759888,96.99961077421904,28.105713427066803,7.743672467768192,611.4552775397897,148.04483032226562,461.7966613769531,62,0,1,0,0,0,0,0,0,0,106.66537475585938,5.350623905658722,31.996127128601074,4.032704532146454,cache_bf16,large_h6_n10_s100_wikics_arxiv,34c176a088ad14291b4ca520137113412e5b7c8ea153de8adcead79fdbf6e251,19.103071212768555,108.94307163357735,0,371.95666095614433,0,0,0,0
arxiv,test,102,2,arxiv:test:000002:d675140a548725b4,0,1082.259209,1082.2303466796875,622.540222,459.439055,61.170849949121475,25.963325053453445,6.6086770966649055,465.1181222870946,116.02822303771973,347.7152976989746,52,0,1,0,0,0,0,0,0,0,82.07209587097168,4.069567978382111,26.757311820983887,3.1292473673820496,cache_bf16,large_h6_n10_s100_wikics_arxiv,d675140a548725b4c6d4948151c0ffed99b5b331ac253fabce8422878f98cbc5,19.17900848388672,92.90319988131523,0,273.9911063015461,0,0,0,0
arxiv,test,103,3,arxiv:test:000003:77e480c4e7aba13c,0,1736.457274,1736.4263916015625,1396.978777,339.165134,791.9389260932803,26.776468381285667,6.357270292937756,506.44412729889154,162.45308685302734,342.60479736328125,51,0,1,0,0,0,0,0,0,0,125.31625747680664,6.464191913604736,26.100736618041992,4.571900844573975,cache_bf16,large_h6_n10_s100_wikics_arxiv,77e480c4e7aba13c6f51e9b3b822650b1679f5fc8a9d112ac559dac67edbaa2d,19.30361557006836,91.3109757900238,0,270.5974371433258,0,0,0,0
arxiv,test,104,4,arxiv:test:000004:e76d0c446fb20015,0,1813.076122,1813.0447998046875,1508.029523,304.713498,884.5731308683753,26.733718812465668,7.166069932281971,521.8012304976583,138.10735893249512,382.1771926879883,57,0,1,0,0,0,0,0,0,0,99.9062728881836,5.047167956829071,29.393824100494385,3.7600939869880676,cache_bf16,large_h6_n10_s100_wikics_arxiv,e76d0c446fb200155bab8f5b50e1bfeee149028b49c0cefdbf77cd82298987ef,19.319744110107422,100.86755228042603,0,300.6293845176697,0,0,0,0
arxiv,test,105,5,arxiv:test:000005:5f27d2a1b37cbc3e,0,1920.275459,1920.244873046875,1597.25333,322.683576,954.5114738866687,26.70701965689659,7.7063897624611855,538.1769239902496,122.6141471862793,413.93209075927734,62,0,1,0,0,0,0,0,0,0,83.38044834136963,4.046271979808807,31.956031799316406,3.2313950657844543,cache_bf16,large_h6_n10_s100_wikics_arxiv,5f27d2a1b37cbc3ef73ce9f6c26f05ba8e10225420a2c8bd688c25086552f86b,19.280031204223633,108.91609567403793,0,324.29602628946304,0,0,0,0
arxiv,test,106,6,arxiv:test:000006:665d2ed7aedfc59e,0,1717.666188,1717.6357421875,1411.794866,305.545539,836.7962930351496,26.719747111201286,6.890137679874897,473.93222711980343,104.80467224121094,367.66003036499023,55,0,1,0,0,0,0,0,0,0,70.53849506378174,3.421888053417206,28.09654426574707,2.747744858264923,cache_bf16,large_h6_n10_s100_wikics_arxiv,665d2ed7aedfc59ebde23874a48b455bfdc251afad90b472d910958edcb2e5e4,19.273984909057617,97.4996158182621,0,289.43439945578575,0,0,0,0
arxiv,test,107,7,arxiv:test:000007:3d27bf4752315273,0,2014.332438,2014.3004150390625,1622.169971,391.807391,944.599405862391,26.72081720083952,7.802692241966724,569.6166828274727,153.91942405700684,414.0527648925781,62,0,1,0,0,0,0,0,0,0,112.11331176757812,5.652959942817688,31.964768409729004,4.188383936882019,cache_bf16,large_h6_n10_s100_wikics_arxiv,3d27bf4752315273e1cbbe2c6a1f755d0b85001b2bdf23e7f57b8dcb680be002,19.259967803955078,108.81532767415047,0,324.49740502238274,0,0,0,0
arxiv,test,108,8,arxiv:test:000008:a866a0597966c6f4,0,1778.35333,1778.32275390625,1467.728729,310.23889,866.9610479846597,26.73778124153614,6.983411498367786,490.2723440900445,114.2057933807373,374.5722236633301,56,0,1,0,0,0,0,0,0,0,78.75392150878906,3.86598402261734,28.54598379135132,3.0399040579795837,cache_bf16,large_h6_n10_s100_wikics_arxiv,a866a0597966c6f452e6217ca6a8fae250237e23f2323f08fb1b09771ca5f4f3,19.23967933654785,99.25440022349358,0,294.55750277638435,0,0,0,0
arxiv,test,109,9,arxiv:test:000009:2acb6a66afedb5c0,0,1904.818041,1904.7861328125,1440.075011,464.418489,846.5141169726849,26.767609640955925,6.878729909658432,492.2395655885339,122.37395286560059,368.40335845947266,55,0,1,0,0,0,0,0,0,0,86.67331123352051,4.318367958068848,28.085760593414307,3.296513080596924,cache_bf16,large_h6_n10_s100_wikics_arxiv,2acb6a66afedb5c05fc17390d5ae9636d3bafb1f422d5eff4ee9e53078a4ef42,19.244064331054688,97.49494391679764,0,290.1524788737297,0,0,0,0
arxiv,test,110,10,arxiv:test:000010:c37504f6fbb77657,0,2100.184399,2100.152587890625,1704.495341,395.350518,990.2908494696021,27.6330653578043,7.807455025613308,601.8060529604554,178.89046478271484,421.26087188720703,63,0,1,0,0,0,0,0,0,0,134.1276798248291,6.900576114654541,32.92191982269287,4.94028902053833,cache_bf16,large_h6_n10_s100_wikics_arxiv,c37504f6fbb77657795f6a4fab3ab20e6a4b90de3ca703855f666b761f785cdf,19.283039093017578,110.73657605051994,0,329.80733492970467,0,0,0,0
arxiv,test,111,11,arxiv:test:000011:548262a0e76189ec,0,2000.523985,2000.4908447265625,1642.423341,357.723433,965.0960806757212,26.75718627870083,7.781711407005787,570.6700533628464,150.011137008667,419.0253372192383,62,0,1,0,0,0,0,0,0,0,108.46707153320312,5.508639991283417,31.968704223632812,4.066721260547638,cache_bf16,large_h6_n10_s100_wikics_arxiv,548262a0e76189ecd6e0a5d5e3260e3cd918a64948a825acac21649a7a162df4,19.270816802978516,109.05494379997253,0,329.24121022224426,0,0,0,0
arxiv,test,112,12,arxiv:test:000012:565a3afdfe27876b,0,1551.244794,1551.215576171875,1242.144411,308.793792,732.9930001869798,26.782832108438015,5.8826906606554985,412.7868190407753,89.96860790252686,321.5156135559082,48,0,1,0,0,0,0,0,0,0,60.095744132995605,2.8918399810791016,24.625887870788574,2.355135917663574,cache_bf16,large_h6_n10_s100_wikics_arxiv,565a3afdfe27876b97787b02ef3b916f21f9717eee997e6c2649b2836506bdd3,19.289888381958008,86.28799986839294,0,254.51750206947327,0,0,0,0
arxiv,test,113,13,arxiv:test:000013:b3a8166da7f9bd5a,0,1763.634422,1763.60302734375,1419.131432,344.136957,840.3539387509227,26.76901686936617,6.777073256671429,477.6742896065116,115.79116630554199,360.4402885437012,54,0,1,0,0,0,0,0,0,0,80.98265552520752,4.0183680057525635,27.693408012390137,3.0967347621917725,cache_bf16,large_h6_n10_s100_wikics_arxiv,b3a8166da7f9bd5a7f77d68f2262cc2ce197215462aaa014b7214d76dd6ef764,19.274688720703125,95.8974398970604,0,283.8175373673439,0,0,0,0
arxiv,test,114,14,arxiv:test:000014:927439c8c556510b,0,2125.591814,2125.5595703125,1659.245869,466.02763,976.2120749801397,28.65153830498457,7.898373529314995,570.7254922017455,144.4055347442627,424.6601867675781,63,0,1,0,0,0,0,0,0,0,102.65785598754883,5.182496011257172,32.68777561187744,3.877407133579254,cache_bf16,large_h6_n10_s100_wikics_arxiv,927439c8c556510b53acb56af17f6dd08cc1109c2e7c48b8bdeb6ef106c4cdb4,19.33635139465332,110.62640023231506,0,333.3701379299164,0,0,0,0
arxiv,test,115,15,arxiv:test:000015:94893e1aa247f99a,0,1920.824455,1920.7919921875,1611.221626,309.255257,953.1333418563008,26.7424825578928,7.768183946609497,553.5161392763257,134.18332862854004,417.6966857910156,62,0,1,0,0,0,0,0,0,0,93.99254417419434,4.641184031963348,31.95529556274414,3.594304859638214,cache_bf16,large_h6_n10_s100_wikics_arxiv,94893e1aa247f99ab08f875dfc42353b2a6d833d028453cd6332b1fd4a6d5ac7,19.29078483581543,109.08758413791656,0,327.8998864889145,0,0,0,0
arxiv,test,116,16,arxiv:test:000016:04a1b80589800d8a,0,1919.568062,1919.53515625,1609.357254,309.817537,956.0979558154941,26.912988163530827,7.696420885622501,542.3359498381615,130.05631828308105,410.6671676635742,61,0,1,0,0,0,0,0,0,0,90.48582363128662,4.44243198633194,31.665632247924805,3.462430417537689,cache_bf16,large_h6_n10_s100_wikics_arxiv,04a1b80589800d8abbd3bf2b6e48d62f12100ace0b6cc463ee8ae1a18f3d8884,19.394752502441406,107.48579207062721,0,322.5761280953884,0,0,0,0
arxiv,test,117,17,arxiv:test:000017:6ed2fd35c7b08446,0,1657.41776,1657.3861083984375,1295.478694,361.622768,739.43305388093,26.78020019084215,6.1182379722595215,467.30407420545816,134.2122573852539,331.7593307495117,49,0,1,0,0,0,0,0,0,0,100.04105567932129,5.055456042289734,25.394432067871094,3.7213135957717896,cache_bf16,large_h6_n10_s100_wikics_arxiv,6ed2fd35c7b084466a024831071fe4da94ca4acc62f856b26d505fb9e2c0a269,19.271808624267578,88.10844796895981,0,262.9226914048195,0,0,0,0
arxiv,test,118,18,arxiv:test:000018:9ba09b820b67f326,0,2058.590308,2058.557373046875,1666.811312,391.424598,965.7638166099787,26.864596642553806,7.90890958160162,595.3051541000605,168.74748992919922,424.8978271484375,63,0,1,0,0,0,0,0,0,0,124.93983840942383,6.421696066856384,32.754623889923096,4.631331562995911,cache_bf16,large_h6_n10_s100_wikics_arxiv,9ba09b820b67f3268b73b57e69c9473c6ac2e861b2e1dfa8f39e80bd970e5769,19.3287353515625,110.79219192266464,0,333.43437057733536,0,0,0,0
arxiv,test,119,19,arxiv:test:000019:551de7f6c6009e1d,0,1292.926821,1292.89697265625,983.24306,309.375769,565.9899283200502,26.748646050691605,4.843508824706078,336.6558449342847,78.05987167358398,257.5039367675781,38,0,1,0,0,0,0,0,0,0,53.746527671813965,2.665888011455536,19.549984216690063,2.09747177362442,cache_bf16,large_h6_n10_s100_wikics_arxiv,551de7f6c6009e1d0b6bb2471de8a502aa64c44b76385fa09309561554d57e04,19.291807174682617,70.23033607006073,0,206.5654078722,0,0,0,0
arxiv,test,120,20,arxiv:test:000020:13dc09ce4d7802a7,0,1976.897115,1976.8660888671875,1614.92112,361.593242,948.3687682077289,26.838256046175957,7.687920704483986,557.5947128236294,144.6771183013916,411.3013458251953,61,0,1,0,0,0,0,0,0,0,103.90326309204102,5.198303997516632,31.661888122558594,3.91366308927536,cache_bf16,large_h6_n10_s100_wikics_arxiv,13dc09ce4d7802a7445a3893c978abe7a75f09a66446471b5fb18cfbf5964938,19.29692840576172,107.88108810782433,0,322.7171861231327,0,0,0,0
arxiv,test,121,21,arxiv:test:000021:6f59067bf5fa395d,0,2027.259841,2027.22802734375,1669.875676,357.029743,982.411814853549,26.732691563665867,7.877989672124386,579.5224756002426,155.42598152160645,422.4408950805664,63,0,1,0,0,0,0,0,0,0,112.8077449798584,5.676671981811523,32.71772861480713,4.2238359451293945,cache_bf16,large_h6_n10_s100_wikics_arxiv,6f59067bf5fa395d8c438f79f5bdba49c2480fc114342b4fd3bf6de6278eab75,19.25279998779297,110.63401612639427,0,331.0596789419651,0,0,0,0
arxiv,test,122,22,arxiv:test:000022:7de091dda2cfc1e7,0,1750.529818,1750.4989013671875,1445.029377,305.168728,844.0782511606812,26.742790825664997,6.894262507557869,496.5120507404208,126.46025466918945,368.58777618408203,55,0,1,0,0,0,0,0,0,0,90.3918399810791,4.509439945220947,28.121439933776855,3.437534809112549,cache_bf16,large_h6_n10_s100_wikics_arxiv,7de091dda2cfc1e735526e01718df15756c5332e2e9f43a7ca93de54fce418a9,19.259136199951172,97.57347184419632,0,290.2734405398369,0,0,0,0
arxiv,test,123,23,arxiv:test:000023:2c3804d42bd30cbd,0,1865.83888,1865.8076171875,1542.645274,322.809329,906.287919729948,27.05903723835945,7.5427331030368805,525.2102334052324,122.08207893371582,401.53641510009766,60,0,1,0,0,0,0,0,0,0,83.78473567962646,4.099615931510925,30.960000038146973,3.2377272844314575,cache_bf16,large_h6_n10_s100_wikics_arxiv,2c3804d42bd30cbd2c66895d9ca0e1514646371edadac6e4c4a7a10bd83a0982,19.583871841430664,105.68329590559006,0,315.43699103593826,0,0,0,0
arxiv,test,124,24,arxiv:test:000024:980f6a26e605793b,0,1868.934587,1868.903076171875,1562.986013,305.5581,903.7232752889395,26.744330301880836,7.308603264391422,553.6596300080419,164.23417854309082,387.8799057006836,58,0,1,0,0,0,0,0,0,0,123.6524772644043,6.308063983917236,29.701855659484863,4.571781635284424,cache_bf16,large_h6_n10_s100_wikics_arxiv,980f6a26e605793b5382fa17bdf21a550efe6ad0b938a48a8210024c64c8fd03,19.27564811706543,102.44163182377815,0,304.71392199397087,0,0,0,0
arxiv,test,125,25,arxiv:test:000025:118b258c03aa037e,0,1922.61266,1922.5799560546875,1508.496568,413.78125,883.5580693557858,26.7873452976346,7.165930233895779,521.8726135790348,138.0730857849121,382.27827072143555,57,0,1,0,0,0,0,0,0,0,99.89321708679199,5.04313600063324,29.37654447555542,3.7601882219314575,cache_bf16,large_h6_n10_s100_wikics_arxiv,118b258c03aa037eaafbf67becf82fd102999213036e8abd9f807120abdbd283,19.301311492919922,100.8899522125721,0,300.68963000178337,0,0,0,0
arxiv,test,126,26,arxiv:test:000026:1d8c978f1407bcc5,0,2057.162531,2057.12939453125,1665.313068,391.492802,970.0730182230473,27.07026619464159,7.916474714875221,587.1858512982726,163.56364822387695,421.97471618652344,63,0,1,0,0,0,0,0,0,0,120.30230522155762,6.078431963920593,32.70518445968628,4.477726578712463,cache_bf16,large_h6_n10_s100_wikics_arxiv,1d8c978f1407bcc5190dde580c972dc805f7ab4bb54fb0a1198050ea884c4d5b,19.27859115600586,110.55910381674767,0,330.69420352578163,0,0,0,0
arxiv,test,127,27,arxiv:test:000027:ccb4301fa0500230,0,1870.253543,1870.2222900390625,1560.490715,309.429056,920.2827215194702,26.738883927464485,7.388959638774395,540.5916087329388,143.54521560668945,395.4821472167969,59,0,1,0,0,0,0,0,0,0,104.1790714263916,5.228223919868469,30.2358078956604,3.902112364768982,cache_bf16,large_h6_n10_s100_wikics_arxiv,ccb4301fa0500230b966c1ca8acbfb0239894da3c184bc644b2ab3f2025751db,19.291040420532227,103.99955210089684,0,310.77363553643227,0,0,0,0
arxiv,test,128,28,arxiv:test:000028:6bd000b4763af040,0,1640.451532,1640.420166015625,1278.917074,361.218005,725.010416470468,26.674572378396988,6.225028075277805,465.2353161945939,134.10547065734863,329.8040008544922,49,0,1,0,0,0,0,0,0,0,99.94268989562988,5.053664028644562,25.390143871307373,3.718972861766815,cache_bf16,large_h6_n10_s100_wikics_arxiv,6bd000b4763af040cd35faa94edb20b9caadb186a66e8ec435f0e42d6b15d953,19.242111206054688,88.08182400465012,0,260.96428805589676,0,0,0,0
arxiv,test,129,29,arxiv:test:000029:579bf3992d19b343,0,1963.406282,1963.375,1604.98284,358.042141,942.5142500549555,26.808151975274086,7.674126885831356,554.3520068749785,144.83030319213867,407.90454864501953,61,0,1,0,0,0,0,0,0,0,104.02220916748047,5.201184034347534,31.68659210205078,3.9203178882598877,cache_bf16,large_h6_n10_s100_wikics_arxiv,579bf3992d19b3435c6501f4723460e432219c48e2d2812939680c690025d21f,19.348512649536133,107.32873603701591,0,319.92432525753975,0,0,0,0
arxiv,test,130,30,arxiv:test:000030:6715d78ec20dc119,0,2079.992552,2079.9599609375,1683.376837,396.234911,985.052926465869,26.785491034388542,7.86980614066124,586.4537050947547,164.08441543579102,420.7137680053711,63,0,1,0,0,0,0,0,0,0,120.79622650146484,6.080767869949341,32.719104290008545,4.488316774368286,cache_bf16,large_h6_n10_s100_wikics_arxiv,6715d78ec20dc1199983ebe2cd04cf9fe286cdb214eb70a251e74aadeac1bb95,19.268640518188477,110.62742400169373,0,329.35498452186584,0,0,0,0
arxiv,test,131,31,arxiv:test:000031:01bf41e7d8c9bdc9,0,1911.381146,1911.3489990234375,1606.101214,304.953623,951.6196567565203,26.744273491203785,7.623728364706039,550.3982910886407,134.19679832458496,414.57749938964844,62,0,1,0,0,0,0,0,0,0,94.0024642944336,4.642207980155945,31.96016025543213,3.5919657945632935,cache_bf16,large_h6_n10_s100_wikics_arxiv,01bf41e7d8c9bdc9b250ba0472067bc2cf8ee4b4b180cefefdd66e36417fb6e6,19.31292724609375,108.90668803453445,0,324.98373860120773,0,0,0,0
arxiv,test,132,32,arxiv:test:000032:5e4106cca99d5843,0,1878.154809,1878.123046875,1573.480094,304.331771,935.8178479596972,26.67162287980318,7.5299302116036415,531.3270976766944,129.14134216308594,400.60496520996094,60,0,1,0,0,0,0,0,0,0,90.25392055511475,4.454367995262146,30.971456050872803,3.4615975618362427,cache_bf16,large_h6_n10_s100_wikics_arxiv,5e4106cca99d584302becf755533fdf0db7a0842b71d6e7cd21c3c01375b5552,19.246368408203125,105.70144018530846,0,314.1498934328556,0,0,0,0
arxiv,test,133,33,arxiv:test:000033:189263d64060b736,0,1867.551062,1867.51953125,1557.939758,309.269163,914.4824892282486,26.873644441366196,7.301974110305309,536.7468995973468,146.54995346069336,388.65660858154297,58,0,1,0,0,0,0,0,0,0,107.38121604919434,5.426336050033569,29.709376335144043,4.033025026321411,cache_bf16,large_h6_n10_s100_wikics_arxiv,189263d64060b73695ed9360957f5265b6ac5ced36d0427da14f86279249cc50,19.36787223815918,102.66188809275627,0,305.3625927269459,0,0,0,0
arxiv,test,134,34,arxiv:test:000034:cc25ddf180fd3dc8,0,1972.056057,1972.023193359375,1666.014908,305.69987,957.536494359374,26.81929711252451,7.983073592185974,593.5190599411726,169.96544075012207,421.8962631225586,63,0,1,0,0,0,0,0,0,0,126.1893424987793,6.37824010848999,32.71548795700073,4.682370185852051,cache_bf16,large_h6_n10_s100_wikics_arxiv,cc25ddf180fd3dc8cc578cba85779c7dc886b0009ef07033358194310cc1ee3d,19.323871612548828,110.66268813610077,0,330.55744659900665,0,0,0,0
arxiv,test,135,35,arxiv:test:000035:ab83ea7606d02af1,0,2110.184225,2110.152099609375,1718.167191,391.677159,994.6851879358292,26.833731681108475,7.849126122891903,615.4254106804729,191.50985527038574,422.2654037475586,63,0,1,0,0,0,0,0,0,0,145.867582321167,7.501247882843018,32.7902398109436,5.350785255432129,cache_bf16,large_h6_n10_s100_wikics_arxiv,ab83ea7606d02af10d9c8025cdd053087bc7a5a4db06ee849e440b2a9621db47,19.358400344848633,110.73027202486992,0,330.8935320675373,0,0,0,0
arxiv,test,136,36,arxiv:test:000036:d2571c03cbd5e99a,0,2181.947881,2181.914794921875,1803.278171,378.335305,1183.292131870985,26.743493974208832,7.323676720261574,517.0175665989518,128.85200119018555,386.619140625,58,0,1,0,0,0,0,0,0,0,91.14944076538086,4.528320014476776,29.692031860351562,3.482208549976349,cache_bf16,large_h6_n10_s100_wikics_arxiv,d2571c03cbd5e99a7c59bc4d317cc203f10074ac80503d14e841d90b76b2d028,19.31670379638672,102.52083221077919,0,303.41501221060753,0,0,0,0
arxiv,test,137,37,arxiv:test:000037:ff540b07468add89,0,2025.5353,2025.5030517578125,1629.483146,395.71316,954.341727308929,26.731034740805626,7.71586038172245,564.086239784956,147.81382179260254,414.6357727050781,62,0,1,0,0,0,0,0,0,0,106.51116752624512,5.338464021682739,31.955071449279785,4.0091187953948975,cache_bf16,large_h6_n10_s100_wikics_arxiv,ff540b07468add89ac9e11d4387e45f4f5a96fad34add510dcd2449d6271317a,19.24367904663086,108.89996802806854,0,324.97948372364044,0,0,0,0
arxiv,test,138,38,arxiv:test:000038:f2bc826283b28142,0,1983.557623,1983.525146484375,1591.28788,391.88638,934.1356651857495,26.797584258019924,7.667706348001957,549.9096466228366,138.8832015991211,409.41725158691406,61,0,1,0,0,0,0,0,0,0,98.62089538574219,4.876287937164307,31.65500831604004,3.7310099601745605,cache_bf16,large_h6_n10_s100_wikics_arxiv,f2bc826283b28142062c7d0b5b7b26cde2d6be256a0081e2f95275a46b74cc24,19.286176681518555,107.32201573252678,0,321.38141253590584,0,0,0,0
arxiv,test,139,39,arxiv:test:000039:e1df3943e9da4831,0,1620.142878,1620.1121826171875,1310.916918,308.894562,772.7652555331588,26.691684499382973,6.217326037585735,441.8512834236026,104.21366310119629,336.2875213623047,50,0,1,0,0,0,0,0,0,0,72.24422359466553,3.5575680136680603,25.64137601852417,2.7704954743385315,cache_bf16,large_h6_n10_s100_wikics_arxiv,e1df3943e9da483163688e75fe6cb8d909c7f9c2585b8e8dd56a324540302cc2,19.271360397338867,89.59340810775757,0,265.965473651886,0,0,0,0
arxiv,test,140,40,arxiv:test:000040:ff71ceefa1018a18,0,1670.946479,1670.914794921875,1365.528364,305.097382,794.5019882172346,26.869354769587517,6.620566360652447,474.71076902002096,119.43231964111328,353.8724174499512,52,0,1,0,0,0,0,0,0,0,85.27094554901123,4.22816002368927,26.706847667694092,3.226366400718689,cache_bf16,large_h6_n10_s100_wikics_arxiv,ff71ceefa1018a1865ea23dfca204d90bd98f5e2418f71a41d93785902c5fcee,19.318815231323242,92.99225613474846,0,280.19897654652596,0,0,0,0
arxiv,test,141,41,arxiv:test:000041:3c49d5bf4dbf737e,0,2056.947578,2056.9150390625,1665.392116,391.213995,975.5130792036653,26.794303208589554,7.857172749936581,580.4110746830702,159.73856163024902,419.03311920166016,62,0,1,0,0,0,0,0,0,0,117.46310424804688,5.932320058345795,31.961087703704834,4.38204962015152,cache_bf16,large_h6_n10_s100_wikics_arxiv,3c49d5bf4dbf737e34e5133f2c2461cd0139704b56bbd739ff73f4d02a344ad7,19.282751083374023,108.99916768074036,0,329.3167026042938,0,0,0,0
arxiv,test,142,42,arxiv:test:000042:dae587ce1b7ca967,0,1991.975225,1991.9427490234375,1665.078672,326.556817,998.9849757403135,26.769816875457764,7.792639546096325,558.577997609973,137.86995315551758,419.0663146972656,62,0,1,0,0,0,0,0,0,0,97.41417694091797,4.815679967403412,31.936543941497803,3.7035523056983948,cache_bf16,large_h6_n10_s100_wikics_arxiv,dae587ce1b7ca9678e94abf2563f0d48c3d3b4a0175d6489d7fcb220ad30d4bf,19.290624618530273,109.09295985102654,0,329.26397946476936,0,0,0,0
arxiv,test,143,43,arxiv:test:000043:e717be6b19d36df2,0,1891.699063,1891.6671142578125,1582.021562,309.346847,920.17363011837,26.794507168233395,7.800853811204433,555.5842742323875,134.171875,419.77490997314453,62,0,1,0,0,0,0,0,0,0,93.97555160522461,4.64767998456955,31.95558452606201,3.5930588841438293,cache_bf16,large_h6_n10_s100_wikics_arxiv,e717be6b19d36df2c417dd2f340fd2ef6b2622c25926327dd92de1991210eb0c,19.267072677612305,109.07974421977997,0,329.96223843097687,0,0,0,0
arxiv,test,144,44,arxiv:test:000044:ecf1facb07fbb262,0,2030.702728,2030.66943359375,1720.526897,309.819499,1019.2532688379288,26.79723408073187,7.983424700796604,592.4721229821444,158.26694107055664,432.5313949584961,64,0,1,0,0,0,0,0,0,0,115.1649284362793,5.817855954170227,32.97785663604736,4.306300044059753,cache_bf16,large_h6_n10_s100_wikics_arxiv,ecf1facb07fbb2625dfa89a62495a9453205b5b87c471a67ee92ab8e090dd4b6,19.29132843017578,112.32524785399437,0,339.4974755346775,0,0,0,0
arxiv,test,145,45,arxiv:test:000045:c97b28935cff346f,0,1118.56945,1118.540771484375,761.082174,357.17799,431.0472458600998,26.669315993785858,3.8127023726701736,268.56253668665886,62.74563121795654,204.91353607177734,30,0,1,0,0,0,0,0,0,0,43.330559730529785,2.1115840077400208,15.600768089294434,1.7027193903923035,cache_bf16,large_h6_n10_s100_wikics_arxiv,c97b28935cff346f8d96b42043d071dbc71a36119d063ae948118dd57f60ad1b,19.216928482055664,57.31667202711105,0,166.81379252672195,0,0,0,0
arxiv,test,146,46,arxiv:test:000046:fbd9f3145be22507,0,1951.312744,1951.2802734375,1594.16349,356.794896,945.0623402372003,26.803793385624886,7.553605362772942,541.6249008849263,132.70115280151367,407.3311996459961,60,0,1,0,0,0,0,0,0,0,93.56796741485596,4.654143989086151,30.918527603149414,3.5605137944221497,cache_bf16,large_h6_n10_s100_wikics_arxiv,fbd9f3145be2250742dc25e9ae46990667480b99348e959e85b2180a30c8590e,19.297216415405273,105.82275184988976,0,320.8056642115116,0,0,0,0
arxiv,test,147,47,arxiv:test:000047:fafb4cdfc63a9718,0,2050.146509,2050.113525390625,1657.556976,392.241586,974.0271251648664,26.87639184296131,7.806772366166115,574.0756457671523,153.74268913269043,418.69752502441406,62,0,1,0,0,0,0,0,0,0,111.94428634643555,5.6519359946250916,31.95631980895996,4.19014698266983,cache_bf16,large_h6_n10_s100_wikics_arxiv,fafb4cdfc63a9718e9161edeb32eaf6c01d3953e94090e8f1568c9e279c5ba04,19.28166389465332,109.04726386070251,0,328.93192505836487,0,0,0,0
arxiv,test,148,48,arxiv:test:000048:d1be3cbece176b33,0,1965.531116,1965.4979248046875,1591.239187,373.949238,935.3946661576629,26.986815966665745,7.57313147187233,541.7267894372344,132.4774398803711,407.66263580322266,60,0,1,0,0,0,0,0,0,0,93.40092849731445,4.633375942707062,30.898591995239258,3.544543445110321,cache_bf16,large_h6_n10_s100_wikics_arxiv,d1be3cbece176b3358b650780ddf35382fa6223fd1bdb79f440831f3e6386754,19.32815933227539,105.77648013830185,0,321.2143149971962,0,0,0,0
arxiv,test,149,49,arxiv:test:000049:05e52a9cf94815ea,0,1856.511227,1856.4710693359375,1550.938676,305.228244,909.0063264593482,26.732290163636208,7.293120957911015,534.0716280043125,137.8976650238037,394.61647033691406,59,0,1,0,0,0,0,0,0,0,99.00611114501953,4.947776019573212,30.212352752685547,3.731425106525421,cache_bf16,large_h6_n10_s100_wikics_arxiv,05e52a9cf94815ea165fc47c07f510e4cb682c1ecd224bf19a51c6ff9612777e,19.236928939819336,104.17916798591614,0,309.67423129081726,0,0,0,0
arxiv,test,150,50,arxiv:test:000050:2ae7e9025c812bc9,0,1534.838499,1534.807373046875,1160.208214,374.320978,672.035283409059,26.621046476066113,5.375640466809273,389.2988618463278,93.00716781616211,295.0728302001953,44,0,1,0,0,0,0,0,0,0,64.9140157699585,3.2202559113502502,22.362560033798218,2.5103361010551453,cache_bf16,large_h6_n10_s100_wikics_arxiv,2ae7e9025c812bc9b271f2094242f0d0b0d8547a202d8c2a41549e3f9b5ba068,19.19251251220703,79.88169586658478,0,234.38364684581757,0,0,0,0
arxiv,test,151,51,arxiv:test:000051:66a62fdf4daaa7ae,0,1929.05933,1929.0262451171875,1617.843406,310.847367,943.611086346209,26.753240264952183,7.567314431071281,560.7704790309072,146.84419059753418,412.30931091308594,61,0,1,0,0,0,0,0,0,0,105.91443252563477,5.295040011405945,31.658175945281982,3.976542115211487,cache_bf16,large_h6_n10_s100_wikics_arxiv,66a62fdf4daaa7ae24fb1caeac844800dd701d501cc3172f7faff797a7efe852,19.29961585998535,107.5101118683815,0,324.0988149046898,0,0,0,0
arxiv,test,152,52,arxiv:test:000052:7c51a8eb1dba87a6,0,1787.12737,1787.0916748046875,1430.315109,356.47099,844.476685859263,26.68796945363283,6.707322783768177,482.86010045558214,113.41340827941895,367.97853088378906,55,0,1,0,0,0,0,0,0,0,78.47398376464844,3.869119942188263,28.051552295684814,3.0187522768974304,cache_bf16,large_h6_n10_s100_wikics_arxiv,7c51a8eb1dba87a6fe0e433e5eb412caf5912e485467601436acd1bf3e919747,19.278432846069336,97.57340803742409,0,289.6835556924343,0,0,0,0
arxiv,test,153,53,arxiv:test:000053:a3944fd2577c232c,0,1959.205285,1959.173828125,1652.456792,306.40693,978.8774317130446,26.77854709327221,7.896150462329388,566.4709350094199,142.51465606689453,422.30345916748047,63,0,1,0,0,0,0,0,0,0,100.89980506896973,5.085248053073883,32.69929599761963,3.8303069472312927,cache_bf16,large_h6_n10_s100_wikics_arxiv,a3944fd2577c232ccd1772224b9637f05e2ef77e0bcd5eaf08988d3146013916,19.290847778320312,110.64639991521835,0,330.9479070305824,0,0,0,0
arxiv,test,154,54,arxiv:test:000054:f51bc10bbe82c845,0,1901.714346,1901.6826171875,1510.123518,391.257248,885.2788684889674,26.820932514965534,7.269870489835739,518.5825228691101,126.72863960266113,390.30713653564453,58,0,1,0,0,0,0,0,0,0,89.2606086730957,4.414687991142273,29.66214370727539,3.391199231147766,cache_bf16,large_h6_n10_s100_wikics_arxiv,f51bc10bbe82c8452412f46ca8ff4664d79c65efe78e62cdd6f95a636ca4905b,19.330272674560547,102.5747198164463,0,307.0626893937588,0,0,0,0
arxiv,test,155,55,arxiv:test:000055:5573ca76c9a39d22,0,1847.104154,1847.072998046875,1540.461119,306.301864,897.7948278188705,26.913486421108246,7.318093441426754,536.5735189989209,138.02611351013184,396.9790802001953,59,0,1,0,0,0,0,0,0,0,99.09334373474121,4.953439950942993,30.23526382446289,3.744065999984741,cache_bf16,large_h6_n10_s100_wikics_arxiv,5573ca76c9a39d2243a723a0470b9124c50151e3afdac246c8bc4118cb4c567b,19.38800048828125,104.22137588262558,0,312.145704805851,0,0,0,0
arxiv,test,156,56,arxiv:test:000056:25832dcece5fda15,0,2048.797288,2048.7646484375,1652.715619,395.777332,966.489034704864,26.74737013876438,7.764861918985844,577.583690173924,159.71856117248535,416.22283935546875,62,0,1,0,0,0,0,0,0,0,117.44460868835449,5.931071996688843,31.962656021118164,4.3802244663238525,cache_bf16,large_h6_n10_s100_wikics_arxiv,25832dcece5fda156833a9731130bc1378deb05b833ca4f63add4d0588527943,19.28118324279785,108.9936001598835,0,326.5104224383831,0,0,0,0
arxiv,test,157,57,arxiv:test:000057:ba9168bd9766cf18,0,1950.060287,1950.0283203125,1592.20001,357.489446,917.255025357008,26.959119364619255,7.414654828608036,566.1735367029905,168.56073570251465,396.04930877685547,59,0,1,0,0,0,0,0,0,0,127.06380653381348,6.506944060325623,30.301472187042236,4.688512921333313,cache_bf16,large_h6_n10_s100_wikics_arxiv,ba9168bd9766cf185f5b7c22acafe94b3c085f92b8dbf63a30be01ff3a73eadc,19.4215030670166,104.3081279695034,0,311.16268387436867,0,0,0,0
arxiv,test,158,58,arxiv:test:000058:1ea80af47d86c254,0,1977.48678,1977.4547119140625,1655.061448,322.082564,976.0069772601128,26.87392570078373,7.77763407677412,569.3252431228757,148.7960662841797,418.8923873901367,62,0,1,0,0,0,0,0,0,0,107.41283226013184,5.386304020881653,31.95296001434326,4.043969988822937,cache_bf16,large_h6_n10_s100_wikics_arxiv,1ea80af47d86c254119ad3ea64cba8b50a8d9dae2ce38b3374ff55196f5c820e,19.29257583618164,109.0715520977974,0,329.11341112852097,0,0,0,0
arxiv,test,159,59,arxiv:test:000059:62556ac4244be586,0,1829.873621,1829.8414306640625,1520.613542,308.931987,869.8430648073554,26.79002285003662,7.143007591366768,544.7606788948178,157.8986873626709,385.34521865844727,57,0,1,0,0,0,0,0,0,0,118.07778930664062,6.039456009864807,29.406752109527588,4.374689936637878,cache_bf16,large_h6_n10_s100_wikics_arxiv,62556ac4244be586d32963772324fc204327cb8ecfa51b1ec7f97d707f94987f,19.331552505493164,100.974239975214,0,303.7025311887264,0,0,0,0
arxiv,test,160,60,arxiv:test:000060:6244d60e2fe63550,0,1937.298314,1937.2657470703125,1613.876332,323.079003,952.1511159837246,26.820242404937744,7.757106795907021,556.9316996261477,137.8895034790039,417.3999328613281,62,0,1,0,0,0,0,0,0,0,97.44345474243164,4.817727982997894,31.924063682556152,3.704257071018219,cache_bf16,large_h6_n10_s100_wikics_arxiv,6244d60e2fe635503dea4f66e19474b85730be0ae3efec13a3c94008a7a9a5f4,19.279775619506836,109.18624013662338,0,327.4934683442116,0,0,0,0
arxiv,test,161,61,arxiv:test:000061:99666928c9355e5b,0,1937.104829,1937.07421875,1580.047508,356.727585,907.1191782131791,26.704803109169006,7.260655984282494,564.2838664352894,168.2498264312744,394.45965576171875,59,0,1,0,0,0,0,0,0,0,126.81407928466797,6.497887969017029,30.26975965499878,4.668099522590637,cache_bf16,large_h6_n10_s100_wikics_arxiv,99666928c9355e5bbdc2ddc86bb4ef67daf764e66cd971c7119a909dc00caec1,19.229536056518555,104.18774399161339,0,309.5014478266239,0,0,0,0
arxiv,test,162,62,arxiv:test:000062:bec78568e4fa8bbf,0,1881.151319,1881.12060546875,1576.062212,304.762043,932.6067538931966,26.77564788609743,7.80582707375288,537.8610007464886,133.67327690124512,402.5994644165039,60,0,1,0,0,0,0,0,0,0,94.47856044769287,4.673215985298157,30.918464183807373,3.6030362844467163,cache_bf16,large_h6_n10_s100_wikics_arxiv,bec78568e4fa8bbf65d8ea931527267a40587408a1ef2471059bc80441a46fb4,19.325439453125,105.85036823153496,0,316.07453563809395,0,0,0,0
arxiv,test,163,63,arxiv:test:000063:91c5a58cb1375a08,0,1562.693087,1562.66357421875,1253.636403,308.747,745.8676779642701,26.729725301265717,5.9855179861187935,413.56901079416275,89.99836730957031,322.2687644958496,48,0,1,0,0,0,0,0,0,0,60.11532783508301,2.895680010318756,24.628416061401367,2.3589434027671814,cache_bf16,large_h6_n10_s100_wikics_arxiv,91c5a58cb1375a08b22109223c737570a74eacb15fab3b374a5d4a2e94b894d5,19.294143676757812,86.34019184112549,0,255.22271633148193,0,0,0,0
arxiv,test,164,64,arxiv:test:000064:6a12ed40fb7a93c8,0,1743.944613,1743.912841796875,1438.888143,304.742968,847.5150633603334,26.669672690331936,6.801288574934006,492.4456123262644,122.71513557434082,368.2674255371094,55,0,1,0,0,0,0,0,0,0,86.96569728851318,4.3138880133628845,28.111711978912354,3.3238382935523987,cache_bf16,large_h6_n10_s100_wikics_arxiv,6a12ed40fb7a93c83d45ebc818e4bc7a59193f1756e8600f010c6fbcd9d23c04,19.24300765991211,97.7429760992527,0,289.7674570977688,0,0,0,0
arxiv,test,165,65,arxiv:test:000065:b4196de0afae9713,0,1936.225789,1936.1951904296875,1626.814484,309.083419,966.2505919113755,26.64259262382984,7.686265744268894,552.5611164048314,136.13699340820312,414.7959671020508,62,0,1,0,0,0,0,0,0,0,95.80710315704346,4.731455981731415,31.93836736679077,3.6600669026374817,cache_bf16,large_h6_n10_s100_wikics_arxiv,b4196de0afae9713dd543bbafa99ad966258192a919b347a7175c936626ae78f,19.231712341308594,109.03641602396965,0,324.9912634193897,0,0,0,0
arxiv,test,166,66,arxiv:test:000066:fbb5136596808044,0,1918.502337,1918.471923828125,1574.120061,343.936603,911.0236456617713,26.73847135156393,7.3793139308691025,553.4840393811464,149.45987129211426,402.43599700927734,60,0,1,0,0,0,0,0,0,0,108.97270202636719,5.4853439927101135,30.917919635772705,4.083905637264252,cache_bf16,large_h6_n10_s100_wikics_arxiv,fbb5136596808044cc3038d404bc8f6cace03dc80ad31d7bbfe14fd19b261af5,19.260223388671875,105.75289604067802,0,315.9433243572712,0,0,0,0
arxiv,test,167,67,arxiv:test:000067:fa85f05d87405140,0,1889.87593,1889.8406982421875,1498.492576,391.055576,881.9924741983414,28.376872651278973,6.987495347857475,512.1977273374796,125.2830696105957,385.3911018371582,57,0,1,0,0,0,0,0,0,0,88.12617588043213,4.421503901481628,29.375295639038086,3.36009418964386,cache_bf16,large_h6_n10_s100_wikics_arxiv,fa85f05d874051402204cced44808964ffa5e2dde8b50ab94d924b2e039db06a,20.788288116455078,101.49667212367058,0,304.6827178299427,0,0,0,0
arxiv,test,168,68,arxiv:test:000068:9e5b91a78336f4db,0,1880.627145,1880.5953369140625,1523.024216,357.248557,848.7879661843181,26.724260300397873,7.254069671034813,566.4431443437934,168.23423957824707,396.64906311035156,59,0,1,0,0,0,0,0,0,0,126.78080177307129,6.49017608165741,30.28102397918701,4.68223774433136,cache_bf16,large_h6_n10_s100_wikics_arxiv,9e5b91a78336f4dbfdab98acf0c12ea6d117a30f768e9ea9c4c5d64f8dc9a52e,19.290719985961914,104.25036785006523,0,311.68941524624825,0,0,0,0
arxiv,test,169,69,arxiv:test:000069:ab2956d520370850,0,1831.173169,1831.1414794921875,1525.677207,305.16914,871.1462244391441,26.762467809021473,7.136956788599491,551.5477750450373,164.1658229827881,385.83602142333984,58,0,1,0,0,0,0,0,0,0,123.58172607421875,6.303936123847961,29.708927631378174,4.571233153343201,cache_bf16,large_h6_n10_s100_wikics_arxiv,ab2956d520370850b66eb3e2df8fc1f55cde72b28131f2e95a0cb892e4b0ce5f,19.312768936157227,102.59788796305656,0,302.5509023964405,0,0,0,0
arxiv,test,170,70,arxiv:test:000070:86376d99f593daf5,0,1701.282248,1701.2518310546875,1396.16382,304.814025,740.7230902463198,26.920899748802185,7.778441533446312,550.5375312641263,134.03219032287598,414.8647003173828,62,0,1,0,0,0,0,0,0,0,93.89414405822754,4.6403199434280396,31.913344383239746,3.584381937980652,cache_bf16,large_h6_n10_s100_wikics_arxiv,86376d99f593daf5731e4d75f2360e834000011c568f6ffcf264dc5dfa24e942,19.35148811340332,108.91401618719101,0,325.3021722435951,0,0,0,0
arxiv,test,171,71,arxiv:test:000071:4619e988f89c1108,0,1876.81531,1876.784423828125,1571.664746,304.775632,934.6098527312279,26.796565391123295,7.448623888194561,529.6294754371047,128.89964866638184,399.1483840942383,60,0,1,0,0,0,0,0,0,0,90.06636810302734,4.443871915340424,30.94486379623413,3.4445448517799377,cache_bf16,large_h6_n10_s100_wikics_arxiv,4619e988f89c11082a6749f1d133a9543c0fa63ffa70cd313c6d239847277f9e,19.3154239654541,105.70387205481529,0,312.7599360048771,0,0,0,0
arxiv,test,172,72,arxiv:test:000072:15976e0c60667f00,0,1781.621527,1781.591064453125,1454.185359,327.112462,866.6774723678827,26.679426431655884,6.9299424067139626,486.25713493674994,111.34278297424316,373.42892837524414,56,0,1,0,0,0,0,0,0,0,76.13020706176758,3.730623960494995,28.54080057144165,2.9411513805389404,cache_bf16,large_h6_n10_s100_wikics_arxiv,15976e0c60667f00f648fc1a1b5f7bcbe7ff7e1b0297989f5c995f57c8fcd243,19.271392822265625,99.18009588122368,0,293.5202253162861,0,0,0,0
arxiv,test,173,73,arxiv:test:000073:d96c675b2f816922,0,2002.061752,2002.030029296875,1645.031077,356.728439,961.23858820647,26.828779838979244,7.791883312165737,578.0642861500382,155.57830619812012,420.8260726928711,63,0,1,0,0,0,0,0,0,0,112.96223831176758,5.681407988071442,32.7041277885437,4.230532109737396,cache_bf16,large_h6_n10_s100_wikics_arxiv,d96c675b2f816922a4928577f458d48b866de6a89256a73f5aba201e1c5d5b02,19.296640396118164,110.69651192426682,0,329.42620116472244,0,0,0,0
arxiv,test,174,74,arxiv:test:000074:941cb92444178d37,0,2058.498711,2058.466552734375,1667.01002,391.144053,970.3717539086938,26.613553054630756,7.763459347188473,588.4573478251696,169.4199676513672,417.4084167480469,62,0,1,0,0,0,0,0,0,0,126.30083084106445,6.4409918785095215,31.99241590499878,4.685729026794434,cache_bf16,large_h6_n10_s100_wikics_arxiv,941cb92444178d37c272bc03c32424d62f16d8449d1ad46409d75c0012f455cc,19.220287322998047,108.9087039232254,0,327.7200001478195,0,0,0,0
arxiv,test,175,75,arxiv:test:000075:518e94c81e42d0b5,0,1753.462534,1753.430908203125,1413.420813,339.711147,796.830921433866,26.901359669864178,8.88692308217287,516.7862698435783,162.05497550964355,353.34106063842773,51,0,1,0,0,0,0,0,0,0,125.04323196411133,6.438591957092285,26.016576290130615,4.556575298309326,cache_bf16,large_h6_n10_s100_wikics_arxiv,518e94c81e42d0b5c38489a69ab637ec3981901fe9f213656a1ca00db2bc4d7b,19.28144073486328,91.39011180400848,0,281.23238956928253,0,0,0,0
arxiv,test,176,76,arxiv:test:000076:ba8ee2f748d9be49,0,1299.272213,1299.2420654296875,994.015186,304.941523,343.07905472815037,26.644526980817318,7.894454523921013,545.6308657303452,122.36726188659668,421.63526153564453,62,0,1,0,0,0,0,0,0,0,83.19040107727051,4.038720071315765,31.920095443725586,3.2180452942848206,cache_bf16,large_h6_n10_s100_wikics_arxiv,ba8ee2f748d9be49b684c34372c5d886fb7f29cc5399aec1bfab76cf2569f046,19.259967803955078,108.95776015520096,0,331.93746918439865,0,0,0,0
arxiv,test,177,77,arxiv:test:000077:5888a05877d4a3f7,0,1076.008449,1075.9793701171875,769.945676,305.762186,64.16473258286715,26.146615855395794,7.614080794155598,598.1603637337685,182.95459365844727,413.6127700805664,61,0,1,0,0,0,0,0,0,0,138.7325439453125,7.27180802822113,31.866751670837402,5.083490014076233,cache_bf16,large_h6_n10_s100_wikics_arxiv,5888a05877d4a3f76e161f41c66e539d2be27f131d7c87050b092a962d7cb5a2,19.20195198059082,107.72633609175682,0,325.0883859694004,0,0,0,0
arxiv,test,178,78,arxiv:test:000078:b2b1e0e3155a95df,0,1096.070993,1096.041259765625,790.897098,304.862199,171.64517659693956,26.71247161924839,7.224734872579575,514.8638561367989,126.5925121307373,386.7612762451172,57,0,1,0,0,0,0,0,0,0,89.3274564743042,4.451231896877289,29.407040119171143,3.406783640384674,cache_bf16,large_h6_n10_s100_wikics_arxiv,b2b1e0e3155a95df55c442974eb53017073aac94ed5a506c708893a966d86979,19.207359313964844,101.04390397667885,0,304.9247315824032,0,0,0,0
arxiv,test,179,79,arxiv:test:000079:f62eab72bfea6732,0,1931.033591,1931.0023193359375,1573.493631,357.222585,928.570113144815,27.50657219439745,7.519502192735672,538.8847412541509,132.5555820465088,404.7381134033203,60,0,1,0,0,0,0,0,0,0,93.42121601104736,4.648575961589813,30.93606424331665,3.549725830554962,cache_bf16,large_h6_n10_s100_wikics_arxiv,f62eab72bfea67329c216ab01713c94f86fd691ea9ae70a6cd4ff1cc3385cda2,19.247455596923828,105.77843198180199,0,318.20713701844215,0,0,0,0
arxiv,test,180,80,arxiv:test:000080:8e38fa691cd057dc,0,1738.251079,1738.2191162109375,1393.765657,344.155471,819.2095011472702,26.816642843186855,6.731218658387661,476.82861890643835,116.93942070007324,358.4679412841797,53,0,1,0,0,0,0,0,0,0,82.36207962036133,4.081695914268494,27.352447986602783,3.143197178840637,cache_bf16,large_h6_n10_s100_wikics_arxiv,8e38fa691cd057dc10c8b3325642224ddd2580eceb05e615ea46257be54d1775,19.26358413696289,94.40867206454277,0,283.3228533565998,0,0,0,0
arxiv,test,181,81,arxiv:test:000081:31480263ed5d277b,0,1114.427817,1114.3992919921875,757.363792,356.787487,415.1279032230377,26.844525709748268,3.793877549469471,269.4266429170966,62.921088218688965,205.60182189941406,30,0,1,0,0,0,0,0,0,0,43.456031799316406,2.122783988714218,15.633855819702148,1.708416610956192,cache_bf16,large_h6_n10_s100_wikics_arxiv,31480263ed5d277b9c0c192a10844c610e8a6633f8b1f2e4ee208043481d08eb,19.292512893676758,57.43628841638565,0,167.45804637670517,0,0,0,0
arxiv,test,182,82,arxiv:test:000082:edacc0da0c3ea4ad,0,1848.306858,1848.2755126953125,1473.443951,374.529171,862.6571269705892,26.84433851391077,7.073964923620224,498.72413743287325,118.06483268737793,379.1653137207031,56,0,1,0,0,0,0,0,0,0,82.32927989959717,4.054431915283203,28.519328117370605,3.161792755126953,cache_bf16,large_h6_n10_s100_wikics_arxiv,edacc0da0c3ea4ad508bb888645aaa82d23fb8717b7713cd1de39ab640f4cc81,19.30726432800293,99.38492810726166,0,299.0876499414444,0,0,0,0
arxiv,test,183,83,arxiv:test:000083:d50e616e9faabf8a,0,1811.455116,1811.423828125,1414.390965,396.733592,683.2558587193489,27.559214271605015,7.96616543084383,620.262648910284,192.2394561767578,426.36035919189453,63,0,1,0,0,0,0,0,0,0,146.4294719696045,7.578655958175659,32.86419200897217,5.367136240005493,cache_bf16,large_h6_n10_s100_wikics_arxiv,d50e616e9faabf8ac712e8de6c3ada7613e8a25859e391d8fcd2f964f0c59cc5,19.299968719482422,110.8249919116497,0,334.83533599972725,0,0,0,0
arxiv,test,184,84,arxiv:test:000084:8c86ab793e25743d,0,1040.9332,1040.90576171875,577.06206,463.601647,49.99151360243559,25.93008428812027,6.151692010462284,429.7191612422466,103.0512638092041,325.3751029968262,48,0,1,0,0,0,0,0,0,0,72.05756855010986,3.563487946987152,24.66163206100464,2.7685752511024475,cache_bf16,large_h6_n10_s100_wikics_arxiv,8c86ab793e25743d842b6bdc3392960b2af7e47e446f6409a597823c3f49e639,19.054304122924805,87.97830387949944,0,256.45110324025154,0,0,0,0
arxiv,test,185,85,arxiv:test:000085:c106d133f326eef3,0,1147.92841,1147.899658203125,757.237546,390.412123,63.72182164341211,25.873694568872452,8.012061007320881,589.5128287374973,163.90896034240723,423.97657775878906,63,0,1,0,0,0,0,0,0,0,120.58147239685059,6.091807961463928,32.7328314781189,4.502848505973816,cache_bf16,large_h6_n10_s100_wikics_arxiv,c106d133f326eef3498f3c205375a446bc3dd642bd6626451388950ba3cd9152,19.018335342407227,110.698047965765,0,332.2968651354313,0,0,0,0
arxiv,test,186,86,arxiv:test:000086:612d3da97d54f8b2,0,1737.049565,1737.019287109375,1345.24824,391.448712,682.0324882864952,26.969670318067074,8.035266771912575,554.300868883729,122.30646133422852,430.3198699951172,64,0,1,0,0,0,0,0,0,0,82.13260746002197,3.9971200227737427,32.98844766616821,3.1882861852645874,cache_bf16,large_h6_n10_s100_wikics_arxiv,612d3da97d54f8b287b23fd290dcf87f9d7be573587db540be49c82f96e4c8eb,19.273439407348633,112.25097644329071,0,337.3423329591751,0,0,0,0
arxiv,test,187,87,arxiv:test:000087:e06d132a946fdea4,0,1894.501558,1894.4700927734375,1532.445327,361.735106,888.9112276956439,26.77033096551895,7.241926155984402,536.6316186264157,146.40140914916992,388.69234466552734,58,0,1,0,0,0,0,0,0,0,107.27241706848145,5.413376033306122,29.697439670562744,4.018176376819611,cache_bf16,large_h6_n10_s100_wikics_arxiv,e06d132a946fdea44858de413f6040ad2abf998cbd2186dff4f6ea1850545827,19.337120056152344,102.52796813845634,0,305.50149658322334,0,0,0,0
arxiv,test,188,88,arxiv:test:000088:80620978f1a2fcd3,0,1571.834156,1571.80419921875,1209.788244,361.707321,697.8766517713666,26.64918638765812,5.780830979347229,424.65946916490793,109.20991897583008,314.15802001953125,47,0,1,0,0,0,0,0,0,0,78.02051162719727,3.8814079761505127,24.347359657287598,2.960639715194702,cache_bf16,large_h6_n10_s100_wikics_arxiv,80620978f1a2fcd377f0135cede0a4c45709a1cb2f92f3331e15fdf631e60e18,19.224191665649414,84.86169648170471,0,248.52051520347595,0,0,0,0
arxiv,test,189,89,arxiv:test:000089:620c6b9c227bbbc9,0,1197.26576,1197.2369384765625,784.076434,412.880224,162.16338239610195,26.00980456918478,6.974866613745689,521.415563300252,138.52796745300293,381.3889274597168,57,0,1,0,0,0,0,0,0,0,100.24166297912598,5.067167937755585,29.432735919952393,3.786400616168976,cache_bf16,large_h6_n10_s100_wikics_arxiv,620c6b9c227bbbc93b0a63281e51f96d10b144d7b746119f22d7b07affc0f983,19.08585548400879,100.82220807671547,0,299.6525748670101,0,0,0,0
arxiv,test,190,90,arxiv:test:000090:301e4d139270b49f,0,1084.97059,1084.9423828125,689.081821,395.607552,70.23847941309214,25.88799875229597,7.0590488612651825,515.7862212508917,127.1779842376709,387.0935974121094,58,0,1,0,0,0,0,0,0,0,89.61910343170166,4.426783978939056,29.71299171447754,3.419105112552643,cache_bf16,large_h6_n10_s100_wikics_arxiv,301e4d139270b49f25e8b93f1ec539cd4c92322b95db3dbdeeaa5e66a291d63b,19.06447982788086,102.49423986673355,0,303.6638373732567,0,0,0,0
arxiv,test,191,91,arxiv:test:000091:beef13982aa0e3bd,0,1224.949468,1224.9208984375,914.837728,309.782356,224.07450899481773,26.37586835771799,7.699205540120602,583.7119799107313,166.95670318603516,415.13545989990234,62,0,1,0,0,0,0,0,0,0,124.02246284484863,6.300127983093262,32.019455909729004,4.614656448364258,cache_bf16,large_h6_n10_s100_wikics_arxiv,beef13982aa0e3bdafad69c258c808979b98e556b61598a93617959e7b8cc2cb,19.183679580688477,108.89843186736107,0,325.42070761322975,0,0,0,0
arxiv,test,192,92,arxiv:test:000092:af69a7134cdf4f39,0,1905.092273,1905.0606689453125,1595.062736,309.696796,947.8005552664399,26.731299236416817,7.730718702077866,551.3953436166048,136.26483345031738,413.49535369873047,62,0,1,0,0,0,0,0,0,0,95.90080070495605,4.734623968601227,31.976704120635986,3.652704656124115,cache_bf16,large_h6_n10_s100_wikics_arxiv,af69a7134cdf4f39cf2fb5797be600ba172efd4232a54e93143f35d90f17d392,19.30303955078125,108.88483223319054,0,323.9135610163212,0,0,0,0
arxiv,test,193,93,arxiv:test:000093:e5bbef4be1378794,0,1914.986181,1914.9549560546875,1539.111686,375.496423,904.6513764187694,26.73911862075329,7.424330338835716,535.5293890461326,132.74579048156738,401.2016296386719,60,0,1,0,0,0,0,0,0,0,93.62623977661133,4.641472041606903,30.93344020843506,3.544638454914093,cache_bf16,large_h6_n10_s100_wikics_arxiv,e5bbef4be1378794476e97eee1e990485575e915984280bbf2da6d15e681b069,19.24947166442871,105.70224016904831,0,314.7488611340523,0,0,0,0
arxiv,test,194,94,arxiv:test:000094:28e0fcda3c7a47f0,0,1925.924843,1925.8929443359375,1616.887029,308.681547,934.3201341107488,26.768973097205162,7.693802006542683,583.6649127304554,166.7033920288086,415.3281936645508,62,0,1,0,0,0,0,0,0,0,123.79827117919922,6.294911980628967,32.0120964050293,4.598112463951111,cache_bf16,large_h6_n10_s100_wikics_arxiv,28e0fcda3c7a47f0f95a250eaa1ea53a64c6a24f5f03f3b3d824971559d29ff1,19.2794246673584,109.07203194499016,0,325.535586386919,0,0,0,0
arxiv,test,195,95,arxiv:test:000095:2e7f392bc5536560,0,1372.846361,1372.81640625,980.996988,391.530318,400.23183170706034,26.584448292851448,6.958656944334507,491.4994090795517,114.56800079345703,375.45330810546875,56,0,1,0,0,0,0,0,0,0,79.0404806137085,3.8673279881477356,28.59615993499756,3.064032256603241,cache_bf16,large_h6_n10_s100_wikics_arxiv,2e7f392bc5536560646ebcd34d6778a2fb62bff21d4c7dc4d8b63c31ad6d73ed,19.24355125427246,99.25084793567657,0,295.44601142406464,0,0,0,0
arxiv,test,196,96,arxiv:test:000096:da4c1b2e123e292d,0,949.956083,949.9283447265625,610.229087,339.443639,54.121749475598335,25.83809196949005,6.399159319698811,472.756857983768,117.60947227478027,353.75353622436523,53,0,1,0,0,0,0,0,0,0,82.8960313796997,4.105599939823151,27.42886447906494,3.1789764761924744,cache_bf16,large_h6_n10_s100_wikics_arxiv,da4c1b2e123e292d3b7e1f44d848e695579c3cd4edc03957cf4b295218cbd6ef,19.107072830200195,94.34672003984451,0,278.5138890147209,0,0,0,0
arxiv,test,197,97,arxiv:test:000097:6d9c34e632a3e4a9,0,1056.945496,1056.9173583984375,665.993331,390.656868,61.079032719135284,25.77102743089199,6.9801658391952515,513.8469729572535,127.30454444885254,385.02598571777344,58,0,1,0,0,0,0,0,0,0,89.70051288604736,4.43123197555542,29.737919807434082,3.434879779815674,cache_bf16,large_h6_n10_s100_wikics_arxiv,6d9c34e632a3e4a909618086fbed82f3ed5c932eb77aaeb3cd3349db8baaf079,19.023040771484375,102.45951986312866,0,301.58950662612915,0,0,0,0
arxiv,test,198,98,arxiv:test:000098:9903545b1d27c917,0,1711.451762,1711.4212646484375,1353.982561,357.14919,686.4501675590873,26.795271784067154,7.441394962370396,572.7221267297864,168.36924743652344,402.7833251953125,59,0,1,0,0,0,0,0,0,0,126.90880012512207,6.488415956497192,30.29148769378662,4.680543661117554,cache_bf16,large_h6_n10_s100_wikics_arxiv,9903545b1d27c917c404d3ddf3ae459b791626f0599141d08706cf8c132f1fc1,19.28179168701172,104.34326392412186,0,317.72185295820236,0,0,0,0
arxiv,test,199,99,arxiv:test:000099:a363a036dd1c8d42,0,1855.094563,1855.06298828125,1459.515063,395.247393,854.3995535001159,26.81158948689699,7.194830104708672,514.2329446971416,125.71027374267578,387.0023078918457,57,0,1,0,0,0,0,0,0,0,88.48444843292236,4.426847994327545,29.41823959350586,3.3807377219200134,cache_bf16,large_h6_n10_s100_wikics_arxiv,a363a036dd1c8d420403ea879b46c123da177628f40c118689808017ddce16fc,19.256511688232422,101.01452815532684,0,305.2442914247513,0,0,0,0
arxiv,val,0,0,arxiv:val:000000:2ca62d00a890aa84,1,1562.033583,1561.9708251953125,1235.551579,325.991974,188.86416219174862,328.537505120039,8.162620477378368,601.2263800948858,161.7402572631836,437.4832000732422,64,0,1,0,0,0,0,0,0,0,112.86988639831543,5.216672003269196,39.47705554962158,4.1766433119773865,cache_bf16,large_h6_n10_s100_wikics_arxiv,2ca62d00a890aa8464a6da3728825202198bcc513fe666faadd8aa998acdb9f2,147.46604919433594,115.96137586236,0,468.9878734052181,0,0,0,0
arxiv,val,1,1,arxiv:val:000001:60580fb403549285,1,1145.368166,1145.3310546875,842.309542,302.768762,139.725542627275,27.606165036559105,7.543228566646576,589.6013872697949,173.98470497131348,414.00323486328125,62,0,1,0,0,0,0,0,0,0,130.65273475646973,6.689184188842773,31.7925763130188,4.850209712982178,cache_bf16,large_h6_n10_s100_wikics_arxiv,60580fb403549285c13a71ed0dd66a154ba7ca5299783abae7bc3d0ced297729,19.031423568725586,109.03248003125191,0,324.00217840075493,0,0,0,0
arxiv,val,2,2,arxiv:val:000002:0f56629b76181b48,1,1090.962684,1090.9266357421875,700.433061,390.245092,117.1849463135004,27.522826567292213,6.828777492046356,481.06685653328896,113.50563049316406,366.1141471862793,55,0,1,0,0,0,0,0,0,0,78.62191867828369,3.873024046421051,27.962368488311768,3.0483192801475525,cache_bf16,large_h6_n10_s100_wikics_arxiv,0f56629b76181b48667d9cbcd2345c35f2620d7bfa2297baabc2f253e5b2d1f9,19.06675148010254,97.5280639231205,0,287.65283474326134,0,0,0,0
arxiv,val,3,3,arxiv:val:000003:f8a271ff72baf265,1,1115.123864,1115.087890625,758.479648,356.36755,123.00889194011688,27.527514845132828,7.264625281095505,528.3800028264523,133.24003219604492,393.59376525878906,59,0,1,0,0,0,0,0,0,0,94.7988805770874,4.7465919852256775,30.069471836090088,3.625087797641754,cache_bf16,large_h6_n10_s100_wikics_arxiv,f8a271ff72baf265126e8db430172f5bed9c9bc1236ed2c483b676d3b3da5b06,19.027679443359375,104.06233605742455,0,308.5591086447239,0,0,0,0
arxiv,val,4,4,arxiv:val:000004:90c6fb7029699303,1,1049.7165,1049.6812744140625,641.407779,408.029193,103.42038702219725,27.433441020548344,6.306731142103672,435.0081803277135,94.10182285308838,339.55129623413086,51,0,1,0,0,0,0,0,0,0,62.72307205200195,3.0025280117988586,25.901023864746094,2.4751989245414734,cache_bf16,large_h6_n10_s100_wikics_arxiv,90c6fb7029699303f3be39cfbbdd83064a30479ef55c381b7707847af46961e2,19.033184051513672,91.05868798494339,0,267.52579230070114,0,0,0,0
arxiv,val,5,5,arxiv:val:000005:b1fb0d955f08ebcc,1,1139.675405,1139.63916015625,743.806776,395.587318,120.66842336207628,27.731841430068016,7.133496925234795,514.8680973798037,120.47123336791992,392.85081481933594,59,0,1,0,0,0,0,0,0,0,83.11104106903076,4.087168037891388,30.05750322341919,3.2155210375785828,cache_bf16,large_h6_n10_s100_wikics_arxiv,b1fb0d955f08ebcc1854a82d690b457a8b352e7b76fe61f26baecc15aca241c2,19.08697509765625,103.95849603414536,0,307.97929388284683,0,0,0,0
arxiv,val,6,6,arxiv:val:000006:df18bd588fa33fe2,1,1097.069327,1097.0335693359375,787.603914,309.173105,127.70699616521597,27.67169661819935,7.514108903706074,550.818626768887,135.82780838012695,413.3770294189453,62,0,1,0,0,0,0,0,0,0,95.58009624481201,4.770848035812378,31.806399822235107,3.670464277267456,cache_bf16,large_h6_n10_s100_wikics_arxiv,df18bd588fa33fe2de8fe20a19987197c455f73623e4b9fecb2e949daa89b43c,19.10691261291504,109.05475217103958,0,323.42918986082077,0,0,0,0
arxiv,val,7,7,arxiv:val:000007:5d8bef236ece6d70,1,1066.281737,1066.24609375,726.230847,339.739341,111.88310664147139,27.93770469725132,6.561492569744587,505.4714819416404,139.07430267333984,364.9723205566406,54,0,1,0,0,0,0,0,0,0,102.42633438110352,5.237920045852661,27.55843162536621,3.851616621017456,cache_bf16,large_h6_n10_s100_wikics_arxiv,5d8bef236ece6d70ca2faa9c61718eeb618fd2f06ab8ea1c9a211c1ffba39d87,19.228927612304688,96.00143992900848,0,288.19980823993683,0,0,0,0
arxiv,val,8,8,arxiv:val:000008:50c056e8e13586b5,1,1032.144803,1032.109130859375,724.378388,307.474007,109.14203338325024,27.606611140072346,6.715519353747368,515.4460100457072,135.92617797851562,378.06336212158203,55,0,1,0,0,0,0,0,0,0,99.20486450195312,5.011231958866119,27.96489667892456,3.74518483877182,cache_bf16,large_h6_n10_s100_wikics_arxiv,50c056e8e13586b5abb1d2ff6e8a110fa32a37fc5f195ac87dde107ad2b022c3,19.044416427612305,97.58249589800835,0,299.525282651186,0,0,0,0
arxiv,val,9,9,arxiv:val:000009:18155f7c05fbf94e,1,1126.07066,1126.0340576171875,820.590673,305.175705,137.52860203385353,27.698124758899212,7.787293754518032,571.8414830043912,145.45097541809082,424.73658752441406,64,0,1,0,0,0,0,0,0,0,103.47782325744629,5.232896029949188,32.79823923110962,3.942016899585724,cache_bf16,large_h6_n10_s100_wikics_arxiv,18155f7c05fbf94e33b3f603b69cecfa80e7cedb50fe2baa74f0d28baa4b0f2b,19.128704071044922,112.09820818901062,0,331.76708340644836,0,0,0,0
arxiv,val,10,10,arxiv:val:000010:734b087b8f518269,1,1046.169234,1046.1331787109375,634.334567,411.559499,103.23222354054451,27.53389999270439,6.272878497838974,435.37233769893646,93.97968006134033,340.0437812805176,51,0,1,0,0,0,0,0,0,0,62.648255348205566,3.000384032726288,25.864128589630127,2.466912090778351,cache_bf16,large_h6_n10_s100_wikics_arxiv,734b087b8f5182690f6917df19e1b75fcc1ab683af3f29e5ab7c61b67b706a93,19.080896377563477,91.20441633462906,0,267.920261323452,0,0,0,0
arxiv,val,11,11,arxiv:val:000011:218fb05804b34902,1,1013.515481,1013.4746704101562,707.674361,305.558535,111.71486787497997,27.360949665308,6.672346964478493,489.5008709281683,122.15855979919434,365.90850830078125,55,0,1,0,0,0,0,0,0,0,86.57238388061523,4.312415957450867,27.965087413787842,3.308672547340393,cache_bf16,large_h6_n10_s100_wikics_arxiv,218fb05804b34902580b9c384ae4f6815b6ac7a814598f271d8ec7c8cc9d1e97,18.985536575317383,97.55148777365685,0,287.3425571024418,0,0,0,0
arxiv,val,12,12,arxiv:val:000012:d60fe2ae03f6eac8,1,991.499089,991.4636840820312,600.987252,390.235926,91.44839085638523,27.506512589752674,5.726969800889492,414.4958220422268,100.12505722045898,313.1084175109863,47,0,1,0,0,0,0,0,0,0,69.77840042114258,3.4257280230522156,24.23465585708618,2.686272919178009,cache_bf16,large_h6_n10_s100_wikics_arxiv,d60fe2ae03f6eac84a1f19401647d5cb09163cbf2fc00ebcf0082f9223ce47bb,19.084800720214844,84.60134401917458,0,247.5918742120266,0,0,0,0
arxiv,val,13,13,arxiv:val:000013:268cba3e8bea6bbc,1,1124.496875,1124.4595947265625,815.194232,309.020076,134.95124876499176,27.525268495082855,7.766117341816425,568.6301216483116,141.51155471801758,425.45458984375,64,0,1,0,0,0,0,0,0,0,99.82912063598633,5.055871963500977,32.82044792175293,3.8061141967773438,cache_bf16,large_h6_n10_s100_wikics_arxiv,268cba3e8bea6bbc958504f9100b127a0e6c38ffb04407559a4f1b8afca109db,18.969280242919922,112.01913580298424,0,332.4047342836857,0,0,0,0
arxiv,val,14,14,arxiv:val:000014:27e07c074f120390,1,661.688457,661.6566772460938,336.221639,325.206856,48.020157031714916,27.506249956786633,3.245624713599682,220.92936001718044,45.19536018371582,174.9455051422119,26,0,1,0,0,0,0,0,0,0,29.4138240814209,1.3743999749422073,13.200223922729492,1.2069122046232224,cache_bf16,large_h6_n10_s100_wikics_arxiv,27e07c074f120390a136a24ac21a396b7ae25d63ea5fab508a8ee0aa47af7f4e,19.083072662353516,50.964895725250244,0,143.06368207931519,0,0,0,0
arxiv,val,15,15,arxiv:val:000015:9024ef9ec454b547,1,1074.60859,1074.5732421875,766.348655,307.983747,113.69533278048038,27.38489117473364,7.646144367754459,543.9519211649895,130.17209434509277,412.17462158203125,62,0,1,0,0,0,0,0,0,0,90.37494468688965,4.458527982234955,31.844160556793213,3.4944611191749573,cache_bf16,large_h6_n10_s100_wikics_arxiv,9024ef9ec454b5478893dc819578d8713e5a8398e93d9359ead4ec0b7f1c7d4e,18.954208374023438,108.76550397276878,0,322.3633259832859,0,0,0,0
arxiv,val,16,16,arxiv:val:000016:7e1664ccf8593701,1,811.108497,811.074951171875,455.033164,355.814528,67.29781348258257,27.48703770339489,4.5103710144758224,307.3132485151291,65.31727981567383,240.98122024536133,36,0,1,0,0,0,0,0,0,0,42.993664264678955,2.0107840299606323,18.60313582420349,1.7096956968307495,cache_bf16,large_h6_n10_s100_wikics_arxiv,7e1664ccf8593701c6c8c2050a1018d04804245f371bd4eff878cb6153c7af9a,19.054399490356445,66.95708793401718,0,193.0785318017006,0,0,0,0
arxiv,val,17,17,arxiv:val:000017:7ad1ef9d9566a25d,1,1212.392925,1212.35546875,817.589984,394.500721,133.4731299430132,27.382366359233856,7.844280451536179,575.9613895788789,149.30505561828613,425.0067596435547,64,0,1,0,0,0,0,0,0,0,107.04134368896484,5.35974395275116,32.84860801696777,4.055359959602356,cache_bf16,large_h6_n10_s100_wikics_arxiv,7ad1ef9d9566a25d388509e1100cc3c7f10c255cea9ac15eba4fcc516975eab1,18.976703643798828,112.17225581407547,0,331.81120747327805,0,0,0,0
arxiv,val,18,18,arxiv:val:000018:98b4c6d0d8b5843b,1,1151.627205,1151.5899658203125,812.005708,339.349245,129.40937001258135,27.526593767106533,7.671117782592773,578.7609117105603,157.69555282592773,419.4287338256836,63,0,1,0,0,0,0,0,0,0,114.96614265441895,5.8884159326553345,32.529279708862305,4.31171452999115,cache_bf16,large_h6_n10_s100_wikics_arxiv,98b4c6d0d8b5843b73ad7e8e529a19b402ae2295c0781a0c0395f6b729379c34,19.037696838378906,110.43331199884415,0,328.03311866521835,0,0,0,0
arxiv,val,19,19,arxiv:val:000019:afbf83efcf3da599,1,1265.19537,1265.1575927734375,955.269062,309.605387,357.419827952981,28.25156133621931,7.093450985848904,487.6909330487251,106.38803100585938,379.8008346557617,57,0,1,0,0,0,0,0,0,0,70.95702266693115,3.4261120557785034,29.221248149871826,2.783648133277893,cache_bf16,large_h6_n10_s100_wikics_arxiv,afbf83efcf3da5999478e2f7e58fcecc35400cb3c4401303e814154a42eaf103,19.18454360961914,100.74278381466866,0,298.2425944507122,0,0,0,0
arxiv,val,20,20,arxiv:val:000020:dbd405fe94a09147,1,1198.449888,1198.4124755859375,807.753128,390.404832,128.260163590312,27.604722417891026,7.778795436024666,572.7105066180229,152.11241722106934,418.9711456298828,63,0,1,0,0,0,0,0,0,0,109.83920097351074,5.610879957675934,32.53606462478638,4.126271665096283,cache_bf16,large_h6_n10_s100_wikics_arxiv,dbd405fe94a0914761f2690e252ab5f02774d2c32288555d28b65fa98b2eb936,19.077695846557617,110.44985610246658,0,327.59898537397385,0,0,0,0
arxiv,val,21,21,arxiv:val:000021:d051e1dec2fdf8ab,1,1085.242107,1085.205810546875,780.048751,304.908351,125.36319717764854,27.376146987080574,7.525527849793434,549.5109343901277,135.96803092956543,411.9366683959961,62,0,1,0,0,0,0,0,0,0,95.6288948059082,4.8505279421806335,31.842463970184326,3.646144211292267,cache_bf16,large_h6_n10_s100_wikics_arxiv,d051e1dec2fdf8ab788897adb9e17b8f3543bc60cfef74e047813b2fc343b801,18.959135055541992,108.83788779377937,0,322.0579156577587,0,0,0,0
arxiv,val,22,22,arxiv:val:000022:8f46ddff5f16826d,1,893.17765,893.1437377929688,588.050242,304.853501,87.28855196386576,27.476823888719082,5.8579035103321075,406.62078838795424,85.98995208740234,319.3539810180664,48,0,1,0,0,0,0,0,0,0,56.50259208679199,2.6864960193634033,24.557536125183105,2.2433278560638428,cache_bf16,large_h6_n10_s100_wikics_arxiv,8f46ddff5f16826d7791db79b925bf61248b84cafbcd6caeb7ce88994412dfad,19.065311431884766,86.25926399230957,0,252.1600284576416,0,0,0,0
arxiv,val,23,23,arxiv:val:000023:a33ac7ffe04c9ef6,1,930.344294,930.3104858398438,590.174222,339.897517,81.72813151031733,27.44886465370655,5.826437845826149,415.04552215337753,100.1607666015625,313.6275215148926,47,0,1,0,0,0,0,0,0,0,69.80035209655762,3.422432005405426,24.25327968597412,2.6847028136253357,cache_bf16,large_h6_n10_s100_wikics_arxiv,a33ac7ffe04c9ef66300780848af6861185cc9b4b5f9a3975b2bc955cba877f7,19.07587242126465,84.61491200327873,0,248.0884819328785,0,0,0,0
arxiv,val,24,24,arxiv:val:000024:da1c8050639cf918,1,1077.054351,1077.0181884765625,697.97328,378.797926,99.73805118352175,27.40681078284979,6.783735007047653,489.51680306345224,122.63395118713379,365.43827056884766,55,0,1,0,0,0,0,0,0,0,86.91987133026123,4.328927993774414,28.05612802505493,3.329023838043213,cache_bf16,large_h6_n10_s100_wikics_arxiv,da1c8050639cf9185a33e7c695e416d7f01209d4bebcd08bd37949a743344866,19.016319274902344,97.57929581403732,0,286.8752940297127,0,0,0,0
arxiv,val,25,25,arxiv:val:000025:37a8f21d03520a0e,1,1058.274618,1058.2386474609375,684.088307,373.905748,115.38041476160288,27.458559721708298,6.577896885573864,470.5372676253319,114.04304122924805,355.0929260253906,53,0,1,0,0,0,0,0,0,0,79.75801658630371,3.9594560265541077,27.267231941223145,3.0583366751670837,cache_bf16,large_h6_n10_s100_wikics_arxiv,37a8f21d03520a0efc07d08cfa1d101490e54a7a2645f3dfadafc92245aa296d,19.054624557495117,94.26902368664742,0,279.8785268962383,0,0,0,0
arxiv,val,26,26,arxiv:val:000026:00f02c2c514ec60b,1,970.740176,970.7041625976562,640.550759,329.894026,106.786685064435,27.497670613229275,6.301544606685638,436.6806400939822,94.17520046234131,341.15833282470703,51,0,1,0,0,0,0,0,0,0,62.81676769256592,3.0072960257530212,25.890463829040527,2.460672914981842,cache_bf16,large_h6_n10_s100_wikics_arxiv,00f02c2c514ec60b5f5723f950fa17e2a742ca96af7fd9770b341d11040c92ef,19.05571174621582,91.0612798333168,0,269.15276473760605,0,0,0,0
arxiv,val,27,27,arxiv:val:000027:8cd62bf318a20ced,1,1061.414077,1061.3782958984375,683.837033,377.25292,111.86422128230333,27.49377302825451,6.537360139191151,472.377953119576,114.05097579956055,356.93507385253906,53,0,1,0,0,0,0,0,0,0,79.76918315887451,3.965119957923889,27.250400066375732,3.0662726163864136,cache_bf16,large_h6_n10_s100_wikics_arxiv,8cd62bf318a20ced512be52c3710c221ea086084ec460c0f7c22c64bd8d66dec,19.036479949951172,94.29897618293762,0,281.6725776195526,0,0,0,0
arxiv,val,28,28,arxiv:val:000028:33517413de1e4a97,1,973.268875,973.2330932617188,651.597256,321.376481,109.77893602102995,27.428142726421356,6.445127539336681,443.3696772903204,96.11311912536621,345.88310623168945,52,0,1,0,0,0,0,0,0,0,63.904479026794434,3.071519911289215,26.627360820770264,2.5097593665122986,cache_bf16,large_h6_n10_s100_wikics_arxiv,33517413de1e4a9700f5457f04f622ed1542c195cb82455a0fac9ceacb1713a0,18.982528686523438,92.6688321530819,0,272.196802765131,0,0,0,0
arxiv,val,29,29,arxiv:val:000029:46e60dd09f5fbfe9,1,1016.524049,1016.4879760742188,656.138944,360.113822,107.17555694282055,27.69098337739706,6.344961002469063,442.32929777354,93.27055931091309,347.68163299560547,52,0,1,0,0,0,0,0,0,0,61.29830551147461,2.9206079840660095,26.635680198669434,2.4159656167030334,cache_bf16,large_h6_n10_s100_wikics_arxiv,46e60dd09f5fbfe93e7fb91664a431efd615337292ea6cb1d8678ca53464fa5f,19.16543960571289,92.76063978672028,0,274.0864328145981,0,0,0,0
arxiv,val,30,30,arxiv:val:000030:dfd3d74dd7468378,1,1023.788651,1023.7526245117188,718.415758,305.104678,113.6566698551178,27.492129243910313,6.7666564136743546,507.1441438049078,136.13305473327637,369.56380462646484,55,0,1,0,0,0,0,0,0,0,99.34188652038574,5.00627201795578,28.04678440093994,3.7381117939949036,cache_bf16,large_h6_n10_s100_wikics_arxiv,dfd3d74dd7468378b9fe089cfadfa491a6c109bec1089a56d7c8f936713d3b00,19.088768005371094,97.57049599289894,0,291.082076638937,0,0,0,0
arxiv,val,31,31,arxiv:val:000031:2a6403817126e571,1,1185.737222,1185.6993408203125,794.370011,391.087056,136.8598360568285,27.6633994653821,7.532976567745209,547.6718321442604,138.52255821228027,407.55992889404297,61,0,1,0,0,0,0,0,0,0,98.33382606506348,4.882207930088043,31.579519748687744,3.7270044684410095,cache_bf16,large_h6_n10_s100_wikics_arxiv,2a6403817126e571a35eb47f07b5f765d0f726f05ee913b223d9d38b59039542,19.09766387939453,107.21929642558098,0,319.4382963478565,0,0,0,0
arxiv,val,32,32,arxiv:val:000032:2474123e47f8abf2,1,1114.675975,1114.639404296875,792.12002,322.280745,137.67163548618555,27.46358420699835,10.33750083297491,548.485541716218,138.60028648376465,408.28987884521484,61,0,1,0,0,0,0,0,0,0,98.35699272155762,4.935200035572052,31.57916831970215,3.728925406932831,cache_bf16,large_h6_n10_s100_wikics_arxiv,2474123e47f8abf2ca6215adf1cf4e43394b78b20d8e53c3d9b5d131e3a2d17b,19.01456069946289,107.32297617197037,0,319.98146337270737,0,0,0,0
arxiv,val,33,33,arxiv:val:000033:d0850dde7b86cfe1,1,626.523709,626.4927978515625,283.341225,342.927895,41.97262227535248,27.465580962598324,2.715541049838066,185.91878283768892,41.25619173049927,143.98956871032715,21,0,1,0,0,0,0,0,0,0,28.161888122558594,1.337567999958992,10.62339198589325,1.1333436220884323,cache_bf16,large_h6_n10_s100_wikics_arxiv,d0850dde7b86cfe159626acbef6f22b442fc7f70a4212000a334b9de68dcb245,19.081151962280273,42.79756781458855,0,120.27315285801888,0,0,0,0
arxiv,val,34,34,arxiv:val:000034:4eaa40c7c921d8f4,1,963.343017,963.3087768554688,641.247031,321.835201,98.98941218852997,27.48284861445427,6.451467052102089,444.2883376032114,96.39753532409668,346.5154914855957,52,0,1,0,0,0,0,0,0,0,64.1103343963623,3.079040050506592,26.68284797668457,2.525312900543213,cache_bf16,large_h6_n10_s100_wikics_arxiv,4eaa40c7c921d8f493a070722e1afd120044800ebc12cc5d04fef0e8a727b48a,19.072608947753906,92.73161563277245,0,272.85648480057716,0,0,0,0
arxiv,val,35,35,arxiv:val:000035:4456808cd3029e36,1,1118.681324,1118.6444091796875,778.830468,339.558787,126.61838717758656,27.45787799358368,7.641583681106567,538.5572537779808,123.69897651672363,413.2345886230469,62,0,1,0,0,0,0,0,0,0,84.37350368499756,4.117280066013336,31.929823875427246,3.278368890285492,cache_bf16,large_h6_n10_s100_wikics_arxiv,4456808cd3029e36c6cd674805dfba1b0df5470dc0b6229da27fb0db573093a9,19.071168899536133,108.9510723054409,0,323.3546852171421,0,0,0,0
arxiv,val,36,36,arxiv:val:000036:2b915ea34f5ecb41,1,1119.146519,1119.1090087890625,810.404723,308.416452,129.58499509841204,27.364492416381836,7.879038341343403,570.8110136911273,141.78512001037598,427.37972259521484,64,0,1,0,0,0,0,0,0,0,100.00326156616211,5.063391983509064,32.90316820144653,3.8152982592582703,cache_bf16,large_h6_n10_s100_wikics_arxiv,2b915ea34f5ecb4195b7e648f39cc228565d57fb08ef7d137fd23d150f968b8c,18.97478485107422,112.0295997262001,0,334.32490772008896,0,0,0,0
arxiv,val,37,37,arxiv:val:000037:614f76a891d0d5a3,1,1067.779095,1067.7423095703125,758.156211,309.330341,119.18881628662348,27.53013465553522,7.299403659999371,533.0014554783702,131.8407974243164,399.59417724609375,60,0,1,0,0,0,0,0,0,0,92.81807899475098,4.588928043842316,30.88822317123413,3.545567214488983,cache_bf16,large_h6_n10_s100_wikics_arxiv,614f76a891d0d5a3b29923cdfe9627edcfe1f02f6c18878cfe56320dda43f363,19.081600189208984,105.64528006315231,0,313.0304973721504,0,0,0,0
arxiv,val,38,38,arxiv:val:000038:1086cabadfb2c00e,1,1091.093453,1091.056396484375,785.012025,305.792889,126.59065332263708,27.478961274027824,7.524628192186356,553.1098591163754,140.1461124420166,411.35052490234375,62,0,1,0,0,0,0,0,0,0,99.52057647705078,4.9555840492248535,31.884511947631836,3.785439968109131,cache_bf16,large_h6_n10_s100_wikics_arxiv,1086cabadfb2c00efbeaa45c5b1b33cf288b259cb923f3c9f7d866c8204d9074,19.04070472717285,108.85084781050682,0,321.5403818190098,0,0,0,0
arxiv,val,39,39,arxiv:val:000039:863cfc33eb9bc5c9,1,1009.080839,1009.0447998046875,703.755693,305.046126,103.53260580450296,27.522516436874866,6.705585867166519,504.5765461400151,136.35174369812012,366.7860450744629,55,0,1,0,0,0,0,0,0,0,99.49801635742188,5.012864053249359,28.08403253555298,3.7568307518959045,cache_bf16,large_h6_n10_s100_wikics_arxiv,863cfc33eb9bc5c943412c751858c2a4b19fae1e9600f8c00a7815f722d7057d,19.085472106933594,97.55244800448418,0,288.3190691769123,0,0,0,0
arxiv,val,40,40,arxiv:val:000040:138d2ea2dc1f5267,1,1178.715882,1178.6783447265625,782.836892,395.595377,121.9880348071456,27.547809295356274,7.521302439272404,557.666577398777,142.1475830078125,413.91026306152344,62,0,1,0,0,0,0,0,0,0,101.34089660644531,5.042527973651886,31.907872200012207,3.8562862277030945,cache_bf16,large_h6_n10_s100_wikics_arxiv,138d2ea2dc1f526777d488af538e88cb175b76d812df4fc0848d5ab0513b61f3,19.11052894592285,109.04124808311462,0,323.97954392433167,0,0,0,0
arxiv,val,41,41,arxiv:val:000041:d9a4a65cfd514f1c,1,1017.879922,1017.8438110351562,711.452314,306.10665,106.19872249662876,32.472919672727585,6.870847195386887,503.2222745940089,136.2219524383545,365.5033302307129,55,0,1,0,0,0,0,0,0,0,99.41455841064453,5.0044479966163635,28.058080196380615,3.744865834712982,cache_bf16,large_h6_n10_s100_wikics_arxiv,d9a4a65cfd514f1cd028b6059ba71acd1c529452ede8859ce3fe42269be5e68c,19.017791748046875,97.5679677426815,0,286.95315423607826,0,0,0,0
arxiv,val,42,42,arxiv:val:000042:ff0500b9a531de21,1,1070.928579,1070.8902587890625,764.90353,305.703931,117.54785757511854,27.71859150379896,7.184768095612526,540.3729844838381,144.69091033935547,394.1614074707031,58,0,1,0,0,0,0,0,0,0,105.64377784729004,5.408511996269226,29.664608001708984,3.9740124940872192,cache_bf16,large_h6_n10_s100_wikics_arxiv,ff0500b9a531de21a3663ef84355fbe474988341d4bf06609c0f4f40872603e9,19.135744094848633,102.71107199788094,0,310.5860795676708,0,0,0,0
arxiv,val,43,43,arxiv:val:000043:ddd3b371329106e9,1,1203.045075,1203.0052490234375,810.340251,392.333391,124.61955659091473,27.745253406465054,7.7895792201161385,569.0620839595795,141.9568634033203,425.47913360595703,62,0,1,0,0,0,0,0,0,0,101.14451217651367,5.059360027313232,31.909696102142334,3.843295097351074,cache_bf16,large_h6_n10_s100_wikics_arxiv,ddd3b371329106e9b3c0c5dff47a69baa52805ccf0e8705a520aa1b2b57a9b05,19.10153579711914,109.2942718565464,0,335.28639754652977,0,0,0,0
arxiv,val,44,44,arxiv:val:000044:cf5d3d5d9903a199,1,1092.532616,1092.494873046875,786.613386,305.625283,126.52167771011591,27.617735788226128,7.750304415822029,549.5506981387734,130.18310165405273,417.75487518310547,62,0,1,0,0,0,0,0,0,0,90.36758422851562,4.447520077228546,31.896576404571533,3.47142094373703,cache_bf16,large_h6_n10_s100_wikics_arxiv,cf5d3d5d9903a19940960e7d115d98e85bc20ff08ce0d304a458cf596df6ec1b,19.034400939941406,109.0008958876133,0,327.7883802354336,0,0,0,0
arxiv,val,45,45,arxiv:val:000045:e1ef52cc72e53091,1,984.564494,984.5279541015625,673.673825,310.572771,101.37492418289185,27.605109848082066,6.64689764380455,472.9091599583626,112.27641296386719,359.2243843078613,53,0,1,0,0,0,0,0,0,0,78.09081649780273,3.8602879643440247,27.318816661834717,3.0064918398857117,cache_bf16,large_h6_n10_s100_wikics_arxiv,e1ef52cc72e53091c7800d41742de82340ef8f9ca0ca1a0e3701bf3b37d73687,19.092863082885742,94.35311987996101,0,283.96412751078606,0,0,0,0
arxiv,val,46,46,arxiv:val:000046:ada3ab8e88f5559f,1,1002.15912,1002.1226806640625,675.427479,326.434619,101.73140373080969,27.642798610031605,6.488385610282421,473.89678470790386,114.32246398925781,358.16816329956055,53,0,1,0,0,0,0,0,0,0,79.97916889190674,3.9500799775123596,27.330047130584717,3.063167989253998,cache_bf16,large_h6_n10_s100_wikics_arxiv,ada3ab8e88f5559fcccdcc6f953c2dd6aa4326a121c0a4aaf08dacb1b8284a90,19.108671188354492,94.31990391016006,0,282.956930577755,0,0,0,0
arxiv,val,47,47,arxiv:val:000047:d407276f731aeb82,1,1058.037788,1057.9976806640625,752.16545,305.559085,118.73089522123337,27.702522464096546,7.277076132595539,528.5875629633665,113.27584075927734,413.7691879272461,59,0,1,0,0,0,0,0,0,0,76.40675354003906,3.679680049419403,30.21939182281494,2.9700153470039368,cache_bf16,large_h6_n10_s100_wikics_arxiv,d407276f731aeb826a2465293d82e27bd3bfeb5cc7bff84a8a4469484aab6322,19.08019256591797,104.08102396130562,0,328.76835653185844,0,0,0,0
arxiv,val,48,48,arxiv:val:000048:dd42eff70fde6dc5,1,1209.788739,1209.7498779296875,812.82896,396.67205,120.46231515705585,27.604355476796627,7.840149104595184,589.9300882592797,160.5464973449707,427.72496032714844,64,0,1,0,0,0,0,0,0,0,117.25568199157715,5.916032016277313,32.97859191894531,4.396191418170929,cache_bf16,large_h6_n10_s100_wikics_arxiv,dd42eff70fde6dc5e47ff1df4ed4ee531b28791339a8573d15beb8be20bca69a,19.078399658203125,112.10947197675705,0,334.6938880085945,0,0,0,0
arxiv,val,49,49,arxiv:val:000049:a2b8aa86fe2b3b80,1,1092.950999,1092.913818359375,783.416065,309.232474,122.77339957654476,27.616307139396667,7.598664611577988,554.342607036233,136.1687355041504,416.54588317871094,62,0,1,0,0,0,0,0,0,0,95.81929588317871,4.758047997951508,31.936095714569092,3.6552959084510803,cache_bf16,large_h6_n10_s100_wikics_arxiv,a2b8aa86fe2b3b809d0aacfbc7c40ec2063058ada285d832b83a88d0103ba626,19.041343688964844,109.02201601862907,0,326.5652108490467,0,0,0,0
arxiv,val,50,50,arxiv:val:000050:2a47659d2f813532,1,1107.489802,1107.451416015625,767.546772,339.642801,119.10069733858109,27.5541003793478,9.105375967919827,539.7599646821618,123.9222412109375,414.22515869140625,62,0,1,0,0,0,0,0,0,0,84.5515832901001,4.120799958705902,31.97276735305786,3.277090609073639,cache_bf16,large_h6_n10_s100_wikics_arxiv,2a47659d2f813532ed4dc6a42a9d4cf68dc3143b0c35fc5da3cc25947ca3b91d,19.04630470275879,108.89478421211243,0,324.3766791820526,0,0,0,0
arxiv,val,51,51,arxiv:val:000051:25fed5df9f2e16af,1,1222.708593,1222.6636962890625,830.627053,391.76254,127.65367794781923,27.605985291302204,7.8050242736935616,591.5580866858363,160.5081272125244,429.3978500366211,64,0,1,0,0,0,0,0,0,0,117.22998237609863,5.9082560539245605,32.976768016815186,4.393120765686035,cache_bf16,large_h6_n10_s100_wikics_arxiv,25fed5df9f2e16af5276f39be3ac9b4fbbf21cb37f57fd15fbb3eb0033ad4253,19.052576065063477,112.05817586183548,0,336.3922502398491,0,0,0,0
arxiv,val,52,52,arxiv:val:000052:03bd7d4b35d5ec75,1,978.604967,978.5685424804688,656.159125,322.087191,102.10289433598518,27.450828813016415,6.501561030745506,451.7648499459028,96.22963237762451,354.1652145385742,52,0,1,0,0,0,0,0,0,0,63.96483135223389,3.066335916519165,26.695327758789062,2.5031373500823975,cache_bf16,large_h6_n10_s100_wikics_arxiv,03bd7d4b35d5ec754ccede1f77f03d4c83f1bce222870c0d7931411a50a1a0ae,19.012575149536133,92.76278379559517,0,280.4150058925152,0,0,0,0
arxiv,val,53,53,arxiv:val:000053:859d651c5c113b2b,1,1167.117664,1167.07958984375,775.712772,391.097254,122.32355773448944,27.651355601847172,7.442250847816467,545.548414811492,138.68787002563477,405.2747268676758,61,0,1,0,0,0,0,0,0,0,98.44921493530273,4.886527955532074,31.628640174865723,3.7234869599342346,cache_bf16,large_h6_n10_s100_wikics_arxiv,859d651c5c113b2b710e3dd92e0b453173673741fd2acce2fade900d8aeca11e,19.111295700073242,107.20825576782227,0,317.17776679992676,0,0,0,0
arxiv,val,54,54,arxiv:val:000054:300231fc70309c0c,1,1201.29158,1201.2528076171875,809.499683,391.503567,124.19303879141808,27.560190297663212,7.712949998676777,578.3803723752499,158.27299308776855,418.46895599365234,63,0,1,0,0,0,0,0,0,0,115.44832229614258,5.8130239844322205,32.693408489227295,4.318238317966461,cache_bf16,large_h6_n10_s100_wikics_arxiv,300231fc70309c0cfd22317394782a0a007fef674b24b0ff0106b29c1afc2b36,18.995328903198242,110.57641595602036,0,326.88786894083023,0,0,0,0
arxiv,val,55,55,arxiv:val:000055:a212b20457638022,1,1107.781881,1107.7381591796875,784.583172,322.88012,119.71366312354803,27.427563443779945,7.586481980979443,555.7898739352822,142.4071044921875,411.7709426879883,62,0,1,0,0,0,0,0,0,0,101.55308723449707,5.04828804731369,31.962496280670166,3.8432329297065735,cache_bf16,large_h6_n10_s100_wikics_arxiv,a212b20457638022238ddab4fbf222c37df631dd211fdab1c40ca8cbfaae7cf5,18.998624801635742,108.86227214336395,0,321.90729534626007,0,0,0,0
arxiv,val,56,56,arxiv:val:000056:215743a6c95a4322,1,1212.642483,1212.6043701171875,816.621416,395.737839,122.15815111994743,27.53591537475586,7.703169248998165,587.7402555197477,168.0759677886963,418.0358428955078,63,0,1,0,0,0,0,0,0,0,124.4345932006836,6.310431957244873,32.69811153411865,4.63283109664917,cache_bf16,large_h6_n10_s100_wikics_arxiv,215743a6c95a4322fe408a6ba7a4a9370a75f4cc4532aaca99dde5ef8f023db6,19.108095169067383,110.44342425465584,0,326.70051380991936,0,0,0,0
arxiv,val,57,57,arxiv:val:000057:93b7a7f59cc74a9e,1,1178.962123,1178.923583984375,786.957937,391.710858,121.93308863788843,27.53019519150257,7.7069709077477455,556.1986537650228,141.9471035003662,412.6379928588867,62,0,1,0,0,0,0,0,0,0,101.15772819519043,5.055583953857422,31.90499210357666,3.828799247741699,cache_bf16,large_h6_n10_s100_wikics_arxiv,93b7a7f59cc74a9ee193ce677f5005da0c006b92d97b540966bd127e7f276715,19.076032638549805,108.87155196070671,0,322.8424735367298,0,0,0,0
arxiv,val,58,58,arxiv:val:000058:baff727dd79bfef8,1,1011.852534,1011.815673828125,701.77245,309.806459,112.55185399204493,27.607073076069355,7.0929136127233505,486.57842725515366,106.93331336975098,378.14937591552734,57,0,1,0,0,0,0,0,0,0,71.30928039550781,3.437824070453644,29.377984523773193,2.808224380016327,cache_bf16,large_h6_n10_s100_wikics_arxiv,baff727dd79bfef81394c2cc7d0db687035b7850b8cd72fd35533259dcbc5e44,19.12665557861328,100.74924802780151,0,296.5267834663391,0,0,0,0
arxiv,val,59,59,arxiv:val:000059:283bfc5fbdab96be,1,1093.889211,1093.8470458984375,788.013709,305.540667,119.80596370995045,27.582617476582527,7.58610013872385,554.9656990915537,140.33862495422363,413.0137023925781,62,0,1,0,0,0,0,0,0,0,99.62044906616211,4.965279996395111,31.957311630249023,3.795584261417389,cache_bf16,large_h6_n10_s100_wikics_arxiv,283bfc5fbdab96be178e1ef02673805c313e85a7db94d22467b6608e90253fa3,19.081247329711914,110.45779183506966,0,321.6371578872204,0,0,0,0
arxiv,val,60,60,arxiv:val:000060:223fff55dd3aa076,1,952.738867,952.703369140625,646.413449,306.047657,99.04093947261572,28.580335900187492,6.397729739546776,445.0719654560089,97.20988845825195,346.4768943786621,52,0,1,0,0,0,0,0,0,0,64.86297607421875,3.101248025894165,26.705920219421387,2.5397441387176514,cache_bf16,large_h6_n10_s100_wikics_arxiv,223fff55dd3aa07627e13f9449707c2e850612851f89eb5f38bbde0ba338602a,20.027711868286133,92.7516160607338,0,273.75299018621445,0,0,0,0
arxiv,val,61,61,arxiv:val:000061:819cfb4438026420,1,1061.812007,1061.7745361328125,755.237939,306.287073,115.64020439982414,27.65914797782898,7.335472851991653,534.2505211010575,131.90700721740723,400.7915496826172,59,0,1,0,0,0,0,0,0,0,93.48860836029053,4.6414400935173035,30.224448204040527,3.5525105595588684,cache_bf16,large_h6_n10_s100_wikics_arxiv,819cfb4438026420a44e76d1b5e4396b6c12d15e01cdfdca4eafe4356bf5fd78,19.11510467529297,103.99267190694809,0,315.91398245096207,0,0,0,0
arxiv,val,62,62,arxiv:val:000062:f14653257fd8d626,1,1059.323193,1059.2789306640625,752.66256,306.372436,120.44407892972231,27.736181393265724,7.213207893073559,524.918869137764,117.21350479125977,406.16019439697266,59,0,1,0,0,0,0,0,0,0,79.96732807159424,3.898624002933502,30.243744373321533,3.103808343410492,cache_bf16,large_h6_n10_s100_wikics_arxiv,f14653257fd8d626a647b705baa748c4047f2bffaa9a0536a43e3e90199fe238,19.13590431213379,104.0118398964405,0,321.28425881266594,0,0,0,0
arxiv,val,63,63,arxiv:val:000063:a6c9213601343c5a,1,1084.883112,1084.8389892578125,778.810286,305.744689,121.70792650431395,27.574937790632248,7.720666937530041,549.1688931360841,136.23372650146484,411.32694244384766,62,0,1,0,0,0,0,0,0,0,95.84127998352051,4.760191917419434,31.96467161178589,3.6675829887390137,cache_bf16,large_h6_n10_s100_wikics_arxiv,a6c9213601343c5af310560e147a57675830c585f12c4b745f42161685ac0945,19.11907196044922,108.84963202476501,0,321.59638237953186,0,0,0,0
arxiv,val,64,64,arxiv:val:000064:1f114887af1ecfa5,1,1054.834107,1054.797607421875,744.304208,310.258824,114.29063696414232,27.4498388171196,7.241471670567989,533.4263006225228,144.7830047607422,387.12528228759766,58,0,1,0,0,0,0,0,0,0,105.71609687805176,5.402783989906311,29.689152240753174,3.974971652030945,cache_bf16,large_h6_n10_s100_wikics_arxiv,1f114887af1ecfa56bcb4f6bc29544f32172af5626be259cf411be7bd9bc4eed,19.018848419189453,102.43347203731537,0,303.71065866947174,0,0,0,0
arxiv,val,65,65,arxiv:val:000065:a0032c4710ae3a15,1,1195.420605,1195.3822021484375,802.588436,392.546082,122.73682188242674,27.49861776828766,7.676155306398869,574.0347243845463,152.63504028320312,419.76810455322266,63,0,1,0,0,0,0,0,0,0,110.15135955810547,5.611487984657288,32.73801612854004,4.13417661190033,cache_bf16,large_h6_n10_s100_wikics_arxiv,a0032c4710ae3a1546d174201bd65f39f734bad0dbaa659b3bf599a5959b7ddf,19.056415557861328,110.55078384280205,0,328.27373626828194,0,0,0,0
arxiv,val,66,66,arxiv:val:000066:fd1e8eebbd69f945,1,1119.930027,1119.892578125,809.977162,309.652129,128.530808724463,27.401250787079334,7.803993299603462,573.2974484562874,144.02867126464844,427.6245803833008,64,0,1,0,0,0,0,0,0,0,102.06144332885742,5.074688017368317,33.01974391937256,3.8727959990501404,cache_bf16,large_h6_n10_s100_wikics_arxiv,fd1e8eebbd69f945b7937053fe1894d7aa4e3d017b7566cbc0ddbd2ec591ade0,18.993759155273438,112.22006437182426,0,334.39827516674995,0,0,0,0
arxiv,val,67,67,arxiv:val:000067:ad1389fe50ead330,1,1081.6748,1081.63134765625,775.19765,306.149941,118.31397097557783,27.493509463965893,7.2159841656684875,545.2755000442266,149.61398315429688,394.1138916015625,59,0,1,0,0,0,0,0,0,0,109.71865653991699,5.509024024009705,30.271968364715576,4.114334225654602,cache_bf16,large_h6_n10_s100_wikics_arxiv,ad1389fe50ead330fcbb0d1c3b6897b19fadd83f66a990bd417484c3cd9c8118,19.069183349609375,104.03235206007957,0,309.1507228910923,0,0,0,0
arxiv,val,68,68,arxiv:val:000068:0e2309a14e4e7ad2,1,625.159408,625.1276245117188,281.777266,343.137666,39.31632824242115,27.577889151871204,2.6693912222981453,186.7597009986639,41.42758369445801,144.65439987182617,21,0,1,0,0,0,0,0,0,0,28.285823822021484,1.339104026556015,10.663807988166809,1.1388478577136993,cache_bf16,large_h6_n10_s100_wikics_arxiv,0e2309a14e4e7ad206ec00b0afceb8be3573064c0f92010b47f04a2ba2d1f390,19.13088035583496,42.85955190658569,0,120.92572832107544,0,0,0,0
arxiv,val,69,69,arxiv:val:000069:d86e811a7bc24db7,1,1157.20093,1157.1632080078125,815.141718,341.757176,129.4210385531187,27.768105268478394,7.6991356909275055,580.7323632761836,158.3400001525879,420.7513885498047,63,0,1,0,0,0,0,0,0,0,115.35145568847656,5.901983976364136,32.76636838912964,4.320192098617554,cache_bf16,large_h6_n10_s100_wikics_arxiv,d86e811a7bc24db744e8778bf19d7b3f44eb7d7ebf8bfe7ccd74c22d935087f2,19.1048641204834,110.62703987956047,0,329.2292127907276,0,0,0,0
arxiv,val,70,70,arxiv:val:000070:2a3d92150c4f73db,1,1032.165653,1032.1285400390625,726.811728,305.068096,123.35406336933374,27.558411471545696,6.835865788161755,495.85798289626837,120.55613136291504,373.8359031677246,56,0,1,0,0,0,0,0,0,0,84.55407905578613,4.16236799955368,28.5862717628479,3.2534125447273254,cache_bf16,large_h6_n10_s100_wikics_arxiv,2a3d92150c4f73db35252c8869d52c2058311805ab42839e792ab8f73946b897,19.0545597076416,99.26934391260147,0,293.62111896276474,0,0,0,0
arxiv,val,71,71,arxiv:val:000071:cf9896e4eb750fe0,1,1080.186935,1080.1458740234375,770.037398,309.837425,130.51231112331152,27.694792486727238,7.341187447309494,534.2505713924766,132.0107822418213,400.66957092285156,60,0,1,0,0,0,0,0,0,0,92.88662433624268,4.585600018501282,30.985119819641113,3.5534380674362183,cache_bf16,large_h6_n10_s100_wikics_arxiv,cf9896e4eb750fe0c9cee7c8b288a7a8e49d9cc63c2a39ef685e91beaa53ed04,19.121824264526367,105.71395215392113,0,314.0774430334568,0,0,0,0
arxiv,val,72,72,arxiv:val:000072:11c31d8e3f561208,1,1151.94493,1151.9063720703125,824.821002,326.827724,134.7461398690939,27.623784728348255,7.814386859536171,578.6489378660917,149.78022384643555,427.2067184448242,64,0,1,0,0,0,0,0,0,0,107.34383773803711,5.356255948543549,33.01919984817505,4.06093031167984,cache_bf16,large_h6_n10_s100_wikics_arxiv,11c31d8e3f5612084a2dbd8c1a42815cb6224c2900ec1d9301030c9f7d9ebb85,19.106719970703125,112.23865601420403,0,334.0747824013233,0,0,0,0
arxiv,val,73,73,arxiv:val:000073:1332d50ddf2eeca1,1,1201.866736,1201.82763671875,809.93862,391.611947,130.072264932096,27.721481397747993,7.8231049701571465,574.2867467924953,152.8004150390625,419.84300994873047,63,0,1,0,0,0,0,0,0,0,110.28646278381348,5.616800010204315,32.75615978240967,4.14099246263504,cache_bf16,large_h6_n10_s100_wikics_arxiv,1332d50ddf2eeca169e5b81ca0b3ac3e1c51f99b4e36d2902cde6073b387a2d0,19.121856689453125,110.52860793471336,0,328.43625870347023,0,0,0,0
arxiv,val,74,74,arxiv:val:000074:e0a31edde87a7444,1,981.834316,981.798583984375,672.737328,308.813442,107.80234821140766,27.490698732435703,6.503287702798843,466.59626718610525,112.36694526672363,352.83302307128906,53,0,1,0,0,0,0,0,0,0,78.1058235168457,3.8603519797325134,27.40022373199463,3.0005460381507874,cache_bf16,large_h6_n10_s100_wikics_arxiv,e0a31edde87a744459029bea340649f33a84460931b483db992080e065477e9e,19.034175872802734,94.33795210719109,0,277.5292468369007,0,0,0,0
arxiv,val,75,75,arxiv:val:000075:0a132a451a46a45b,1,1068.986423,1068.9483642578125,693.835546,374.874356,110.07935088127851,27.559990994632244,6.864647381007671,478.82687859237194,110.90985870361328,366.4745559692383,55,0,1,0,0,0,0,0,0,0,76.11488056182861,3.709503948688507,28.143807411193848,2.9416667819023132,cache_bf16,large_h6_n10_s100_wikics_arxiv,0a132a451a46a45bcb97637eec4dab61c47b992cacfe8b0fdcf22dbb745a1380,19.124544143676758,97.56943985819817,0,288.0296602547169,0,0,0,0
arxiv,val,76,76,arxiv:val:000076:b1ad7f9bb93742d5,1,1079.623081,1079.58642578125,700.43783,378.900373,106.42189625650644,27.535662055015564,6.763282231986523,489.15340658277273,122.49353408813477,365.20751953125,55,0,1,0,0,0,0,0,0,0,86.77116775512695,4.305248022079468,28.121215343475342,3.295902967453003,cache_bf16,large_h6_n10_s100_wikics_arxiv,b1ad7f9bb93742d57d93c723bded1ff9487d253437f89c993ed39560542cccda,19.026304244995117,97.47516816854477,0,286.75865560770035,0,0,0,0
arxiv,val,77,77,arxiv:val:000077:636e20ca6e1d821d,1,1010.572123,1010.5360107421875,653.002966,357.301211,94.59916688501835,27.54096407443285,6.518068723380566,464.7182784974575,109.65654373168945,353.65871810913086,53,0,1,0,0,0,0,0,0,0,75.61059284210205,3.707871913909912,27.41574478149414,2.9223341941833496,cache_bf16,large_h6_n10_s100_wikics_arxiv,636e20ca6e1d821d85f8b6f88702a66347f568d2975ab829f49e905d3295654b,19.094783782958984,94.4020479619503,0,278.35145393013954,0,0,0,0
arxiv,val,78,78,arxiv:val:000078:23743d45533046ec,1,1067.307666,1067.2705078125,760.739789,306.274699,112.97828610986471,27.412666007876396,7.463948801159859,542.991834692657,142.70774459838867,398.720703125,60,0,1,0,0,0,0,0,0,0,102.70662307739258,5.149056017398834,30.988287448883057,3.863778054714203,cache_bf16,large_h6_n10_s100_wikics_arxiv,23743d45533046eceaf1c1af64d1e14aaa8f5a22c78f7016394923a043b2804a,18.97350311279297,105.6081916987896,0,312.0860145390034,0,0,0,0
arxiv,val,79,79,arxiv:val:000079:1e65174104a1505a,1,1192.868081,1192.8291015625,800.205636,392.36674,114.52518217265606,27.57808566093445,7.558706216514111,578.8346379995346,165.14873504638672,412.071044921875,62,0,1,0,0,0,0,0,0,0,122.36003112792969,6.2004159688949585,32.04233646392822,4.54595148563385,cache_bf16,large_h6_n10_s100_wikics_arxiv,1e65174104a1505a7bdd624a1acd688b3680da85996d2ef44bbbc87389e196e4,19.08252716064453,108.98662421107292,0,322.1669478714466,0,0,0,0
arxiv,val,80,80,arxiv:val:000080:5938139cc92984b8,1,977.524664,977.4887084960938,615.3361,361.900305,85.93131229281425,27.527489699423313,6.136707961559296,425.61427410691977,97.27503967285156,327.02054595947266,49,0,1,0,0,0,0,0,0,0,66.11071968078613,3.195871949195862,25.40780782699585,2.5606402158737183,cache_bf16,large_h6_n10_s100_wikics_arxiv,5938139cc92984b8a1aaeb096edff4af8ce500ccf4df6024b66b636ee66fb8ad,19.060415267944336,87.93507212400436,0,258.1458891034126,0,0,0,0
arxiv,val,81,81,arxiv:val:000081:103812d8128782bf,1,1051.747806,1051.711181640625,741.717722,309.739424,108.89777261763811,27.510606683790684,7.345127873122692,527.3169428110123,134.0687370300293,391.70581817626953,59,0,1,0,0,0,0,0,0,0,95.3615665435791,4.747776031494141,30.325151920318604,3.634242534637451,cache_bf16,large_h6_n10_s100_wikics_arxiv,103812d8128782bf2d6b0a6e4559818f35c7ea64484cee79dbf3fd92559a9169,19.051040649414062,104.1192959845066,0,306.637562841177,0,0,0,0
arxiv,val,82,82,arxiv:val:000082:ef97f140c26e76a7,1,1066.713509,1066.6767578125,756.798233,309.632556,112.11064271628857,27.50940527766943,7.441149093210697,539.0906604006886,130.34790229797363,407.1484832763672,61,0,1,0,0,0,0,0,0,0,90.64598369598389,4.54777604341507,31.694559574127197,3.4595829844474792,cache_bf16,large_h6_n10_s100_wikics_arxiv,ef97f140c26e76a76756767fb519c0006836b4ec6a63adff45776dc58da7edf0,19.078336715698242,107.32534381747246,0,318.901476174593,0,0,0,0
arxiv,val,83,83,arxiv:val:000083:a39d60ef16fc4859,1,1174.660617,1174.6214599609375,778.201007,396.179705,112.8513552248478,27.429399080574512,7.571259513497353,557.0598701015115,142.43657684326172,413.01951599121094,62,0,1,0,0,0,0,0,0,0,101.51136016845703,5.044383943080902,32.03043174743652,3.850400984287262,cache_bf16,large_h6_n10_s100_wikics_arxiv,a39d60ef16fc4859f0cbb1f8bd127e91871eb54fff72fe03a1c091da9dd2a231,19.039295196533203,108.92192009091377,0,323.13689109683037,0,0,0,0
arxiv,val,84,84,arxiv:val:000084:5e59d4339eecb4b0,1,999.162787,999.1270751953125,692.548568,306.343984,96.23065683990717,27.464507147669792,9.023074992001057,490.5391847714782,129.68758583068848,359.4126739501953,54,0,1,0,0,0,0,0,0,0,93.73999977111816,4.691487967967987,27.723519802093506,3.5325782895088196,cache_bf16,large_h6_n10_s100_wikics_arxiv,5e59d4339eecb4b0483be1a708ce6e0900ea0d36b21157a03b359dd6edca154f,19.073152542114258,95.89903992414474,0,282.5867865681648,0,0,0,0
arxiv,val,85,85,arxiv:val:000085:d0843ce56b22dc73,1,1089.000656,1088.9639892578125,765.559291,323.137056,112.47601173818111,27.661053463816643,7.473108358681202,547.4219936877489,146.72614288330078,399.12776947021484,60,0,1,0,0,0,0,0,0,0,106.38300704956055,5.330144047737122,31.01254415512085,4.000447630882263,cache_bf16,large_h6_n10_s100_wikics_arxiv,d0843ce56b22dc73a3618d338723a965a999cb83eeceeaa30cb60167e3ac1382,19.17184066772461,105.72396793961525,0,312.5756421983242,0,0,0,0
arxiv,val,86,86,arxiv:val:000086:c931e503a421c342,1,1084.729106,1084.692138671875,777.621479,306.809378,119.87914517521858,27.685909532010555,7.695079781115055,543.8886899501085,130.62607955932617,411.64832305908203,62,0,1,0,0,0,0,0,0,0,90.65574359893799,4.4556480050086975,32.02899217605591,3.485695779323578,cache_bf16,large_h6_n10_s100_wikics_arxiv,c931e503a421c34267ec82b94e039d60e19b3bf05af914aae79205e0decda7d4,19.198047637939453,109.00399994850159,0,321.8423707485199,0,0,0,0
arxiv,val,87,87,arxiv:val:000087:9f3a2d6097b0f6bd,1,1073.227343,1073.1895751953125,762.856463,310.080267,113.46238665282726,27.49188430607319,7.44397658854723,546.2631564587355,139.26758575439453,405.40748596191406,61,0,1,0,0,0,0,0,0,0,98.83523178100586,4.938687980175018,31.743712425231934,3.74995356798172,cache_bf16,large_h6_n10_s100_wikics_arxiv,9f3a2d6097b0f6bdc313c6295f2299bc6c3187102e3e75faf02bfa838fb30ae0,19.048063278198242,107.36246398091316,0,317.09308525919914,0,0,0,0
arxiv,val,88,88,arxiv:val:000088:d92d2e293d83fe2f,1,1139.390895,1139.35302734375,747.551593,391.567107,109.92058087140322,27.562017552554607,7.341464050114155,531.1273690313101,126.33990478515625,403.215576171875,60,0,1,0,0,0,0,0,0,0,87.53295993804932,4.419295966625214,31.02662420272827,3.3610246777534485,cache_bf16,large_h6_n10_s100_wikics_arxiv,d92d2e293d83fe2f12b22432fd45e9e92790a6d804e43b5675e947d66dc7965e,19.09667205810547,105.68899196386337,0,316.6232562661171,0,0,0,0
arxiv,val,89,89,arxiv:val:000089:ca95f6f1b4e66743,1,809.930815,809.8971557617188,452.274359,357.3977,74.38361551612616,27.4953693151474,4.550360143184662,307.6657196506858,65.6016960144043,241.04655838012695,36,0,1,0,0,0,0,0,0,0,43.177056312561035,2.009919971227646,18.7053120136261,1.7094077169895172,cache_bf16,large_h6_n10_s100_wikics_arxiv,ca95f6f1b4e66743e24e634927bd1f85787d4b5f1d0520aed4dd463ee6107386,19.095840454101562,67.01651203632355,0,193.12588679790497,0,0,0,0
arxiv,val,90,90,arxiv:val:000090:c11b4735265097a4,1,871.297814,871.2628173828125,509.681179,361.355605,68.3855265378952,27.406325563788414,4.941446706652641,353.9657536894083,85.4259843826294,267.4358100891113,40,0,1,0,0,0,0,0,0,0,59.44361686706543,2.9961600303649902,20.66918396949768,2.317023515701294,cache_bf16,large_h6_n10_s100_wikics_arxiv,c11b4735265097a44930d96d5587558acbb6ad2ce18590c698eac674f2a4537d,19.068960189819336,73.40710401535034,0,213.09766626358032,0,0,0,0
arxiv,val,91,91,arxiv:val:000091:3080ca54e7b4810a,1,1079.990175,1079.9532470703125,770.030038,309.674899,117.71475058048964,27.588898316025734,7.300179451704025,544.0932083874941,143.06624221801758,399.45975494384766,60,0,1,0,0,0,0,0,0,0,102.96390342712402,5.164896070957184,31.05116844177246,3.88627427816391,cache_bf16,large_h6_n10_s100_wikics_arxiv,3080ca54e7b4810a5398d13cb2684ed159ae5e73eba029f817a64cc835d8ee00,19.126047134399414,105.75763174891472,0,312.82817032933235,0,0,0,0
arxiv,val,92,92,arxiv:val:000092:c554553d97e30d78,1,1035.651788,1035.6143798828125,626.648594,408.725766,105.65867554396391,27.49172132462263,6.261062808334827,438.2901331409812,94.44137668609619,342.49983978271484,51,0,1,0,0,0,0,0,0,0,62.91686534881592,2.9946559965610504,26.060192584991455,2.469662755727768,cache_bf16,large_h6_n10_s100_wikics_arxiv,c554553d97e30d78d7909dfafe3fbb78151bd68f5f605863d751110e5db6a7f9,19.091840744018555,91.16732785105705,0,270.42435267567635,0,0,0,0
arxiv,val,93,93,arxiv:val:000093:f7af87a891af9d09,1,1080.509754,1080.471923828125,773.483124,306.742465,127.17591039836407,27.4762324988842,7.582070305943489,554.1509473696351,136.67571258544922,415.8648147583008,62,0,1,0,0,0,0,0,0,0,96.12582206726074,4.8623679876327515,32.03110313415527,3.6564193964004517,cache_bf16,large_h6_n10_s100_wikics_arxiv,f7af87a891af9d09f37e54b0d2c012c059c353aa05a62ef5edbdf198016c320b,19.020639419555664,109.00771203637123,0,325.8777421414852,0,0,0,0
arxiv,val,94,94,arxiv:val:000094:c49ce41630690eb2,1,1060.043815,1060.0068359375,752.846001,306.912746,121.71838711947203,27.501238510012627,7.317542098462582,538.8709288090467,135.1778564453125,402.1214065551758,60,0,1,0,0,0,0,0,0,0,95.74048042297363,4.764095902442932,31.031807899475098,3.6414722204208374,cache_bf16,large_h6_n10_s100_wikics_arxiv,c49ce41630690eb2875e5821578e9175ae7b054958b3e878556ae492365cbc54,19.06902313232422,105.93449595570564,0,315.25593373179436,0,0,0,0
arxiv,val,95,95,arxiv:val:000095:d1b804cfe6bbd7e7,1,1115.18714,1115.1497802734375,770.046766,344.85411,122.63920530676842,27.468410320580006,7.569239474833012,555.0203621387482,140.25014305114746,413.15679931640625,62,0,1,0,0,0,0,0,0,0,99.52236747741699,4.947776019573212,32.00924825668335,3.7707512974739075,cache_bf16,large_h6_n10_s100_wikics_arxiv,d1b804cfe6bbd7e705150c6ddc19faca93a98d8004ede770615deb67bbf7b37f,19.04412841796875,108.98339220881462,0,323.2175355255604,0,0,0,0
arxiv,val,96,96,arxiv:val:000096:ec672f4715dd3985,1,1074.066543,1074.0296630859375,767.290245,306.464382,110.11751182377338,27.485492639243603,7.557832635939121,556.2306120991707,140.71664237976074,413.9076156616211,62,0,1,0,0,0,0,0,0,0,99.92758369445801,4.946016073226929,32.057151794433594,3.785890817642212,cache_bf16,large_h6_n10_s100_wikics_arxiv,ec672f4715dd3985423b1d7da9aaae0f5347758a5d73c859780f2f3e7aa6498f,19.047231674194336,108.97673591971397,0,323.97811141610146,0,0,0,0
arxiv,val,97,97,arxiv:val:000097:f6245857f5f07407,1,1175.26997,1175.232177734375,782.508849,392.426902,120.29040325433016,27.44381409138441,7.696866057813168,565.9223953261971,144.64076805114746,419.6421813964844,63,0,1,0,0,0,0,0,0,0,102.83372688293457,5.1078720688819885,32.80774402618408,3.89142507314682,cache_bf16,large_h6_n10_s100_wikics_arxiv,f6245857f5f07407b3f88778c9316b16c98f8849b85552d58bca7df1a935723e,19.017120361328125,110.63833594322205,0,328.02096581459045,0,0,0,0
arxiv,val,98,98,arxiv:val:000098:fc6abf08b8b0001e,1,888.871662,888.83740234375,583.828425,304.765283,90.64918663352728,27.810649946331978,5.915614776313305,410.0854229182005,85.95750427246094,322.8495674133301,48,0,1,0,0,0,0,0,0,0,56.45699214935303,2.679967999458313,24.57695960998535,2.2435845136642456,cache_bf16,large_h6_n10_s100_wikics_arxiv,fc6abf08b8b0001e9313d3417be92f18e0e0864d878974971cf6ffcc7e7350c3,19.34764862060547,86.31209591031075,0,255.8851201236248,0,0,0,0
arxiv,val,99,99,arxiv:val:000099:66f7ff1f3a72ebb7,1,1065.34462,1065.3070068359375,757.224191,307.806561,113.48291859030724,27.44488138705492,7.213778793811798,545.0137620791793,149.04521560668945,394.4286117553711,59,0,1,0,0,0,0,0,0,0,109.2737922668457,5.492767930030823,30.187679767608643,4.090975642204285,cache_bf16,large_h6_n10_s100_wikics_arxiv,66f7ff1f3a72ebb7a8bb64ef808626e952cdfdaa780c993573ad1026141d4d65,18.98975944519043,103.98847985267639,0,309.42989134788513,0,0,0,0
arxiv,test,100,0,arxiv:test:000000:8aeecba8862d1102,1,1119.191047,1119.1158447265625,761.885394,356.858447,163.75063732266426,31.22569900006056,5.895094946026802,478.6443589255214,92.74425601959229,384.5196228027344,45,0,1,0,0,0,0,0,0,0,63.397151947021484,3.115648090839386,23.56608009338379,2.6653758883476257,cache_bf16,large_h6_n10_s100_wikics_arxiv,8aeecba8862d11020a114168d046089c4e2d396f1d577261816bc2a09d70c909,20.137056350708008,81.63187208771706,0,323.0248070657253,0,0,0,0
arxiv,test,101,1,arxiv:test:000001:34c176a088ad1429,1,1172.869996,1172.8323974609375,781.861943,390.72347,105.85163906216621,28.128156438469887,7.784459739923477,565.8150278031826,148.26185607910156,415.9286422729492,62,0,1,0,0,0,0,0,0,0,106.84883117675781,5.353407979011536,32.0228157043457,4.036801218986511,cache_bf16,large_h6_n10_s100_wikics_arxiv,34c176a088ad14291b4ca520137113412e5b7c8ea153de8adcead79fdbf6e251,19.089984893798828,108.9493442773819,0,326.06928288936615,0,0,0,0
arxiv,test,102,2,arxiv:test:000002:d675140a548725b4,1,1105.473423,1105.4366455078125,646.383792,458.821424,83.08964222669601,28.08986697345972,6.549850106239319,465.2951555326581,116.08745574951172,347.8283462524414,52,0,1,0,0,0,0,0,0,0,82.13302326202393,4.067519962787628,26.75587224960327,3.1310402750968933,cache_bf16,large_h6_n10_s100_wikics_arxiv,d675140a548725b4c6d4948151c0ffed99b5b331ac253fabce8422878f98cbc5,19.12553596496582,92.93164783716202,0,274.0222343802452,0,0,0,0
arxiv,test,103,3,arxiv:test:000003:77e480c4e7aba13c,1,1001.229455,1001.1935424804688,662.284256,338.67593,62.871444039046764,25.768864899873734,6.3061583787202835,504.79418598115444,162.54671669006348,340.8966369628906,51,0,1,0,0,0,0,0,0,0,125.4249267578125,6.458367943763733,26.093567848205566,4.569854140281677,cache_bf16,large_h6_n10_s100_wikics_arxiv,77e480c4e7aba13c6f51e9b3b822650b1679f5fc8a9d112ac559dac67edbaa2d,18.973567962646484,91.19167983531952,0,268.6785250902176,0,0,0,0
arxiv,test,104,4,arxiv:test:000004:e76d0c446fb20015,1,987.975726,987.9403076171875,683.705434,304.001226,66.17870181798935,25.894710794091225,7.020917721092701,520.3233174979687,138.6106243133545,380.2165412902832,57,0,1,0,0,0,0,0,0,0,100.27920150756836,5.063551902770996,29.483712196350098,3.784158706665039,cache_bf16,large_h6_n10_s100_wikics_arxiv,e76d0c446fb200155bab8f5b50e1bfeee149028b49c0cefdbf77cd82298987ef,19.061695098876953,100.81462424993515,0,298.463612139225,0,0,0,0
arxiv,test,105,5,arxiv:test:000005:5f27d2a1b37cbc3e,1,1029.813121,1029.7763671875,707.95751,321.579701,69.50569245964289,25.86949337273836,7.614221423864365,535.9185179695487,123.05414390563965,411.25040435791016,62,0,1,0,0,0,0,0,0,0,83.69075107574463,4.057696044445038,32.05510330200195,3.2505934834480286,cache_bf16,large_h6_n10_s100_wikics_arxiv,5f27d2a1b37cbc3ef73ce9f6c26f05ba8e10225420a2c8bd688c25086552f86b,19.08243179321289,108.86854407191277,0,321.4642920792103,0,0,0,0
arxiv,test,106,6,arxiv:test:000006:665d2ed7aedfc59e,1,934.09291,934.0576782226562,629.446924,304.382118,60.06762944161892,25.907469913363457,6.795414723455906,472.1420342102647,105.10799980163574,365.5923500061035,55,0,1,0,0,0,0,0,0,0,70.74310493469238,3.423424005508423,28.17670440673828,2.7647664546966553,cache_bf16,large_h6_n10_s100_wikics_arxiv,665d2ed7aedfc59ebde23874a48b455bfdc251afad90b472d910958edcb2e5e4,19.096927642822266,97.4910078048706,0,287.1982698440552,0,0,0,0
arxiv,test,107,7,arxiv:test:000007:3d27bf4752315273,1,1132.727953,1132.6907958984375,741.779386,390.678985,69.02351137250662,25.82303062081337,7.626885548233986,568.1617353111506,154.64547157287598,411.9012756347656,62,0,1,0,0,0,0,0,0,0,112.65939140319824,5.679808020591736,32.070783615112305,4.235488533973694,cache_bf16,large_h6_n10_s100_wikics_arxiv,3d27bf4752315273e1cbbe2c6a1f755d0b85001b2bdf23e7f57b8dcb680be002,19.068063735961914,108.89641606807709,0,322.07292330265045,0,0,0,0
arxiv,test,108,8,arxiv:test:000008:a866a0597966c6f4,1,963.257609,963.2223510742188,655.034588,307.954866,62.0062742382288,25.941913947463036,6.891269236803055,486.97717767208815,114.3891830444336,371.1279067993164,56,0,1,0,0,0,0,0,0,0,78.87558364868164,3.8674240112304688,28.59788751602173,3.048287868499756,cache_bf16,large_h6_n10_s100_wikics_arxiv,a866a0597966c6f452e6217ca6a8fae250237e23f2323f08fb1b09771ca5f4f3,19.120895385742188,99.03536015748978,0,291.2134420275688,0,0,0,0
arxiv,test,109,9,arxiv:test:000009:2acb6a66afedb5c0,1,1115.51828,1115.48095703125,651.521119,463.723202,65.8097192645073,25.88742133229971,6.892264820635319,491.09010584652424,122.80272102355957,366.8461799621582,55,0,1,0,0,0,0,0,0,0,86.98415946960449,4.329759955406189,28.177536487579346,3.3112651109695435,cache_bf16,large_h6_n10_s100_wikics_arxiv,2acb6a66afedb5c05fc17390d5ae9636d3bafb1f422d5eff4ee9e53078a4ef42,19.08358383178711,97.48393577337265,0,288.44582802057266,0,0,0,0
arxiv,test,110,10,arxiv:test:000010:c37504f6fbb77657,1,1173.359635,1173.321044921875,778.192113,394.872877,70.23383770138025,25.741389021277428,7.887742482125759,598.0597399175167,177.99216079711914,418.4380187988281,63,0,1,0,0,0,0,0,0,0,133.4200325012207,6.794975996017456,32.846688747406006,4.930463552474976,cache_bf16,large_h6_n10_s100_wikics_arxiv,c37504f6fbb77657795f6a4fab3ab20e6a4b90de3ca703855f666b761f785cdf,18.987071990966797,110.50086432695389,0,326.92422646284103,0,0,0,0
arxiv,test,111,11,arxiv:test:000011:548262a0e76189ec,1,1092.332252,1092.29541015625,736.529673,355.533439,69.2936284467578,25.841616094112396,7.761525921523571,564.081977121532,150.38915061950684,412.0782928466797,62,0,1,0,0,0,0,0,0,0,108.75177383422852,5.518720030784607,32.03238391876221,4.086272835731506,cache_bf16,large_h6_n10_s100_wikics_arxiv,548262a0e76189ecd6e0a5d5e3260e3cd918a64948a825acac21649a7a162df4,19.051807403564453,108.79535979032516,0,322.334740459919,0,0,0,0
arxiv,test,112,12,arxiv:test:000012:565a3afdfe27876b,1,866.689228,866.6555786132812,558.251227,308.176343,52.644562907516956,25.95942933112383,5.924610421061516,413.07866107672453,90.16742420196533,321.62217712402344,48,0,1,0,0,0,0,0,0,0,60.236223220825195,2.896703988313675,24.673856258392334,2.360640734434128,cache_bf16,large_h6_n10_s100_wikics_arxiv,565a3afdfe27876b97787b02ef3b916f21f9717eee997e6c2649b2836506bdd3,19.150815963745117,86.31065607070923,0,254.46233701705933,0,0,0,0
arxiv,test,113,13,arxiv:test:000013:b3a8166da7f9bd5a,1,976.670007,976.6351318359375,633.194813,343.20132,58.24790522456169,25.839433073997498,6.784030236303806,478.25488448143005,116.54217720031738,360.29024505615234,54,0,1,0,0,0,0,0,0,0,81.54656028747559,4.042560040950775,27.817919731140137,3.135137140750885,cache_bf16,large_h6_n10_s100_wikics_arxiv,b3a8166da7f9bd5a7f77d68f2262cc2ce197215462aaa014b7214d76dd6ef764,19.059072494506836,96.02089604735374,0,283.32842150330544,0,0,0,0
arxiv,test,114,14,arxiv:test:000014:927439c8c556510b,1,1204.837355,1204.798828125,741.131247,463.430633,68.55883449316025,26.011398993432522,7.764783687889576,564.7345278412104,144.89827346801758,418.1928939819336,63,0,1,0,0,0,0,0,0,0,103.0176010131836,5.195583999156952,32.787968158721924,3.8971202969551086,cache_bf16,large_h6_n10_s100_wikics_arxiv,927439c8c556510b53acb56af17f6dd08cc1109c2e7c48b8bdeb6ef106c4cdb4,19.154624938964844,110.63689595460892,0,326.7106229662895,0,0,0,0
arxiv,test,115,15,arxiv:test:000015:94893e1aa247f99a,1,1025.684662,1025.6485595703125,717.512668,307.896812,68.45952942967415,25.802752003073692,7.752153091132641,547.4014282226562,134.49363136291504,411.3017578125,62,0,1,0,0,0,0,0,0,0,94.20918369293213,4.645247936248779,32.042176246643066,3.5970234870910645,cache_bf16,large_h6_n10_s100_wikics_arxiv,94893e1aa247f99ab08f875dfc42353b2a6d833d028453cd6332b1fd4a6d5ac7,19.03094482421875,108.84323167800903,0,321.4894709587097,0,0,0,0
arxiv,test,116,16,arxiv:test:000016:04a1b80589800d8a,1,1019.781084,1019.7448120117188,710.447418,309.018913,66.6853217408061,25.876876898109913,7.635609246790409,536.909831687808,130.15753555297852,405.1546859741211,61,0,1,0,0,0,0,0,0,0,90.52233791351318,4.436800003051758,31.741055965423584,3.4573416709899902,cache_bf16,large_h6_n10_s100_wikics_arxiv,04a1b80589800d8abbd3bf2b6e48d62f12100ace0b6cc463ee8ae1a18f3d8884,19.09654426574707,107.17795234918594,0,317.0732778906822,0,0,0,0
arxiv,test,117,17,arxiv:test:000017:6ed2fd35c7b08446,1,964.261927,964.2261962890625,605.524081,358.473909,56.99294526129961,25.82069206982851,6.070176139473915,462.13949751108885,134.11756896972656,326.71094131469727,49,0,1,0,0,0,0,0,0,0,99.98134422302246,5.05459201335907,25.353824138641357,3.7278085947036743,cache_bf16,large_h6_n10_s100_wikics_arxiv,6ed2fd35c7b084466a024831071fe4da94ca4acc62f856b26d505fb9e2c0a269,19.003135681152344,87.88892757892609,0,257.8251494169235,0,0,0,0
arxiv,test,118,18,arxiv:test:000018:9ba09b820b67f326,1,1148.700482,1148.6629638671875,759.58731,388.840326,68.64574830979109,25.766056030988693,7.8852204605937,588.752955198288,168.28895950317383,418.8365783691406,63,0,1,0,0,0,0,0,0,0,124.60518455505371,6.388992071151733,32.669344425201416,4.625438451766968,cache_bf16,large_h6_n10_s100_wikics_arxiv,9ba09b820b67f3268b73b57e69c9473c6ac2e861b2e1dfa8f39e80bd970e5769,19.001728057861328,110.4837118089199,0,327.35459461808205,0,0,0,0
arxiv,test,119,19,arxiv:test:000019:551de7f6c6009e1d,1,758.90844,758.8753051757812,452.602328,306.057324,41.76878742873669,25.830133818089962,4.803018644452095,332.8873114660382,77.9486722946167,253.88246536254883,38,0,1,0,0,0,0,0,0,0,53.67737579345703,2.6589119732379913,19.509567975997925,2.102816551923752,cache_bf16,large_h6_n10_s100_wikics_arxiv,551de7f6c6009e1d0b6bb2471de8a502aa64c44b76385fa09309561554d57e04,19.04991912841797,70.06028819084167,0,202.87209630012512,0,0,0,0
arxiv,test,120,20,arxiv:test:000020:13dc09ce4d7802a7,1,1080.070324,1080.0340576171875,721.809375,357.979167,65.79047068953514,25.897246785461903,7.496535778045654,551.6844922676682,144.70387077331543,405.3957748413086,61,0,1,0,0,0,0,0,0,0,103.92275047302246,5.204896032810211,31.644448280334473,3.931775987148285,cache_bf16,large_h6_n10_s100_wikics_arxiv,13dc09ce4d7802a7445a3893c978abe7a75f09a66446471b5fb18cfbf5964938,19.036447525024414,107.29235181212425,0,317.13987055420876,0,0,0,0
arxiv,test,121,21,arxiv:test:000021:6f59067bf5fa395d,1,1101.582455,1101.5452880859375,746.966753,354.350432,68.06463655084372,25.924301706254482,7.7865710482001305,576.9644072279334,155.3705596923828,419.9617614746094,63,0,1,0,0,0,0,0,0,0,112.78096008300781,5.673856019973755,32.67558431625366,4.240159273147583,cache_bf16,large_h6_n10_s100_wikics_arxiv,6f59067bf5fa395d8c438f79f5bdba49c2480fc114342b4fd3bf6de6278eab75,19.047712326049805,110.55744019150734,0,328.45203360915184,0,0,0,0
arxiv,test,122,22,arxiv:test:000022:7de091dda2cfc1e7,1,957.290156,957.2552490234375,653.475231,303.551111,58.74406360089779,25.819777511060238,6.90496526658535,494.74635906517506,126.4599666595459,366.84642791748047,55,0,1,0,0,0,0,0,0,0,90.41625595092773,4.506880044937134,28.093215942382812,3.4436147212982178,cache_bf16,large_h6_n10_s100_wikics_arxiv,7de091dda2cfc1e735526e01718df15756c5332e2e9f43a7ca93de54fce418a9,19.039039611816406,97.58857613801956,0,288.2968913912773,0,0,0,0
arxiv,test,123,23,arxiv:test:000023:2c3804d42bd30cbd,1,1015.747593,1015.7122192382812,694.308238,321.165323,64.6218890324235,25.691444985568523,7.509813643991947,523.5786680132151,121.87408065795898,400.1476135253906,60,0,1,0,0,0,0,0,0,0,83.64444732666016,4.093663990497589,30.9017596244812,3.234209716320038,cache_bf16,large_h6_n10_s100_wikics_arxiv,2c3804d42bd30cbd2c66895d9ca0e1514646371edadac6e4c4a7a10bd83a0982,18.94870376586914,105.4984960258007,0,313.59782126545906,0,0,0,0
arxiv,test,124,24,arxiv:test:000024:980f6a26e605793b,1,1018.285759,1018.2500610351562,714.312265,303.694997,62.24620807915926,25.781440548598766,7.274548523128033,550.9645501151681,164.12188911437988,385.3258972167969,58,0,1,0,0,0,0,0,0,0,123.56390380859375,6.303263902664185,29.67187261581421,4.582848787307739,cache_bf16,large_h6_n10_s100_wikics_arxiv,980f6a26e605793b5382fa17bdf21a550efe6ad0b938a48a8210024c64c8fd03,19.027040481567383,102.30508813261986,0,302.0478495657444,0,0,0,0
arxiv,test,125,25,arxiv:test:000025:118b258c03aa037e,1,1089.607584,1089.5712890625,678.290084,411.048216,61.60087697207928,25.793150067329407,7.151513360440731,519.1839821636677,138.30518341064453,379.3831367492676,57,0,1,0,0,0,0,0,0,0,100.07561492919922,5.05379194021225,29.388480186462402,3.7872963547706604,cache_bf16,large_h6_n10_s100_wikics_arxiv,118b258c03aa037eaafbf67becf82fd102999213036e8abd9f807120abdbd283,19.025440216064453,100.7671040892601,0,297.64147287607193,0,0,0,0
arxiv,test,126,26,arxiv:test:000026:1d8c978f1407bcc5,1,1145.954844,1145.9173583984375,756.13446,389.542946,68.1495750322938,25.766354985535145,7.889230735599995,583.9840145781636,163.53164863586426,418.8187561035156,63,0,1,0,0,0,0,0,0,0,120.28736305236816,6.072863817214966,32.67587184906006,4.495549917221069,cache_bf16,large_h6_n10_s100_wikics_arxiv,1d8c978f1407bcc5190dde580c972dc805f7ab4bb54fb0a1198050ea884c4d5b,18.992223739624023,110.43302375078201,0,327.37795609235764,0,0,0,0
arxiv,test,127,27,arxiv:test:000027:ccb4301fa0500230,1,1005.720607,1005.68505859375,697.404236,308.048703,63.74929379671812,25.82485880702734,7.375012151896954,537.4763961881399,143.76976013183594,392.1667785644531,59,0,1,0,0,0,0,0,0,0,104.37347030639648,5.238687992095947,30.228288173675537,3.9293136596679688,cache_bf16,large_h6_n10_s100_wikics_arxiv,ccb4301fa0500230b966c1ca8acbfb0239894da3c184bc644b2ab3f2025751db,19.018112182617188,104.03206381201744,0,307.1528269350529,0,0,0,0
arxiv,test,128,28,arxiv:test:000028:6bd000b4763af040,1,960.451656,960.416748046875,601.263359,358.934588,54.03999984264374,25.768601335585117,6.032670848071575,462.0045851916075,134.11593627929688,326.58396911621094,49,0,1,0,0,0,0,0,0,0,99.9769287109375,5.050432026386261,25.364768028259277,3.7238075137138367,cache_bf16,large_h6_n10_s100_wikics_arxiv,6bd000b4763af040cd35faa94edb20b9caadb186a66e8ec435f0e42d6b15d953,19.033632278442383,87.88902425765991,0,257.7285771369934,0,0,0,0
arxiv,test,129,29,arxiv:test:000029:579bf3992d19b343,1,1076.622172,1076.5858154296875,721.318116,355.030711,65.32043591141701,25.866424664855003,7.6232366263866425,551.5414541587234,144.840576171875,405.1146240234375,61,0,1,0,0,0,0,0,0,0,104.04265594482422,5.208544015884399,31.65401554107666,3.9353606700897217,cache_bf16,large_h6_n10_s100_wikics_arxiv,579bf3992d19b3435c6501f4723460e432219c48e2d2812939680c690025d21f,19.10438346862793,107.24329587817192,0,316.9757116138935,0,0,0,0
arxiv,test,130,30,arxiv:test:000030:6715d78ec20dc119,1,1154.388833,1154.3502197265625,760.293397,393.821496,67.98472627997398,25.847412645816803,7.7571142464876175,583.8707154616714,164.07433700561523,418.16121673583984,63,0,1,0,0,0,0,0,0,0,120.78537559509277,6.082784175872803,32.7030725479126,4.5031046867370605,cache_bf16,large_h6_n10_s100_wikics_arxiv,6715d78ec20dc1199983ebe2cd04cf9fe286cdb214eb70a251e74aadeac1bb95,19.009536743164062,110.5221760571003,0,326.6485774219036,0,0,0,0
arxiv,test,131,31,arxiv:test:000031:01bf41e7d8c9bdc9,1,1022.02887,1021.991943359375,718.389424,303.369114,67.7241813391447,25.764664635062218,7.8014349564909935,548.9473314955831,134.19798278808594,413.14310455322266,62,0,1,0,0,0,0,0,0,0,94.01276779174805,4.641695976257324,31.94275188446045,3.600767135620117,cache_bf16,large_h6_n10_s100_wikics_arxiv,01bf41e7d8c9bdc9b250ba0472067bc2cf8ee4b4b180cefefdd66e36417fb6e6,18.9803524017334,108.8115199804306,0,323.31193697452545,0,0,0,0
arxiv,test,132,32,arxiv:test:000032:5e4106cca99d5843,1,1001.124711,1001.088623046875,696.904473,303.954853,64.39047679305077,25.83711314946413,7.372901774942875,529.2582344263792,128.9373435974121,398.7610549926758,60,0,1,0,0,0,0,0,0,0,90.1111364364624,4.440127968788147,30.940159797668457,3.445919394493103,cache_bf16,large_h6_n10_s100_wikics_arxiv,5e4106cca99d584302becf755533fdf0db7a0842b71d6e7cd21c3c01375b5552,19.028160095214844,105.49868813157082,0,312.2905269563198,0,0,0,0
arxiv,test,133,33,arxiv:test:000033:189263d64060b736,1,1006.746041,1006.7100219726562,699.210861,307.265969,62.90977727621794,25.803175754845142,7.127935998141766,534.3612590804696,146.58227157592773,386.2651824951172,58,0,1,0,0,0,0,0,0,0,107.41436958312988,5.415936052799225,29.703136444091797,4.04882949590683,cache_bf16,large_h6_n10_s100_wikics_arxiv,189263d64060b73695ed9360957f5265b6ac5ced36d0427da14f86279249cc50,19.02876853942871,102.44790405035019,0,302.8460469841957,0,0,0,0
arxiv,test,134,34,arxiv:test:000034:cc25ddf180fd3dc8,1,1074.080692,1074.043701171875,770.689254,303.117946,67.75912828743458,25.874117389321327,7.747272960841656,591.316644102335,170.2130584716797,419.4795608520508,63,0,1,0,0,0,0,0,0,0,126.35641479492188,6.4106879234313965,32.76131248474121,4.684643268585205,cache_bf16,large_h6_n10_s100_wikics_arxiv,cc25ddf180fd3dc8cc578cba85779c7dc886b0009ef07033358194310cc1ee3d,19.02604866027832,110.49260795116425,0,328.01300156116486,0,0,0,0
arxiv,test,135,35,arxiv:test:000035:ab83ea7606d02af1,1,1175.676585,1175.6387939453125,786.010505,389.390628,66.69031921774149,25.84476489573717,7.750179618597031,612.9950378090143,192.299072265625,419.0674819946289,63,0,1,0,0,0,0,0,0,0,146.50377464294434,7.5693758726119995,32.86099147796631,5.364930272102356,cache_bf16,large_h6_n10_s100_wikics_arxiv,ab83ea7606d02af10d9c8025cdd053087bc7a5a4db06ee849e440b2a9621db47,19.075199127197266,110.58512020111084,0,327.55756092071533,0,0,0,0
arxiv,test,136,36,arxiv:test:000036:d2571c03cbd5e99a,1,1054.513202,1054.4765625,678.617304,375.626969,62.333209440112114,25.895419530570507,7.29803554713726,515.9606644883752,128.84982299804688,385.589599609375,58,0,1,0,0,0,0,0,0,0,91.15401554107666,4.525471985340118,29.679680347442627,3.4906551241874695,cache_bf16,large_h6_n10_s100_wikics_arxiv,d2571c03cbd5e99a7c59bc4d317cc203f10074ac80503d14e841d90b76b2d028,19.05881690979004,102.40825599431992,0,302.2401605248451,0,0,0,0
arxiv,test,137,37,arxiv:test:000037:ff540b07468add89,1,1406.557311,1406.5166015625,1011.466951,394.756552,65.78198540955782,25.87893046438694,7.635653018951416,839.0333699062467,147.97494506835938,689.4385986328125,62,0,1,0,0,0,0,0,0,0,106.62009620666504,5.347904026508331,31.974112033843994,4.0328328013420105,cache_bf16,large_h6_n10_s100_wikics_arxiv,ff540b07468add89ac9e11d4387e45f4f5a96fad34add510dcd2449d6271317a,19.045856475830078,108.82547184824944,0,599.6589832603931,0,0,0,0
arxiv,test,138,38,arxiv:test:000038:f2bc826283b28142,1,1107.404435,1107.3663330078125,717.985173,389.143337,66.572573967278,25.85182897746563,7.67695065587759,546.0606142878532,138.94227027893066,405.5329360961914,61,0,1,0,0,0,0,0,0,0,98.69225311279297,4.8785600662231445,31.633087635040283,3.7383694648742676,cache_bf16,large_h6_n10_s100_wikics_arxiv,f2bc826283b28142062c7d0b5b7b26cde2d6be256a0081e2f95275a46b74cc24,19.027904510498047,107.21286419034004,0,317.3479764163494,0,0,0,0
arxiv,test,139,39,arxiv:test:000039:e1df3943e9da4831,1,892.594026,892.5596923828125,584.740994,307.586057,53.66068612784147,25.77022835612297,6.171666085720062,438.8879118487239,104.34585571289062,333.2149772644043,50,0,1,0,0,0,0,0,0,0,72.34319877624512,3.558944046497345,25.662015914916992,2.7816969752311707,cache_bf16,large_h6_n10_s100_wikics_arxiv,e1df3943e9da483163688e75fe6cb8d909c7f9c2585b8e8dd56a324540302cc2,18.988384246826172,89.39596801996231,0,262.80739349126816,0,0,0,0
arxiv,test,140,40,arxiv:test:000040:ff71ceefa1018a18,1,924.280031,924.2454223632812,620.010832,304.007961,60.28441525995731,25.793014094233513,6.446189247071743,467.93214324861765,119.60124969482422,346.95891189575195,52,0,1,0,0,0,0,0,0,0,85.40489482879639,4.227840006351471,26.727487564086914,3.241027295589447,cache_bf16,large_h6_n10_s100_wikics_arxiv,ff71ceefa1018a1865ea23dfca204d90bd98f5e2418f71a41d93785902c5fcee,19.025888442993164,92.72700840234756,0,273.25779193639755,0,0,0,0
arxiv,test,141,41,arxiv:test:000041:3c49d5bf4dbf737e,1,1146.306057,1146.2686767578125,756.229965,389.796034,79.6475950628519,25.722629390656948,7.6116034761071205,572.2978198900819,159.98828887939453,410.7021713256836,62,0,1,0,0,0,0,0,0,0,117.64035034179688,5.9412800669670105,32.007487297058105,4.39917117357254,cache_bf16,large_h6_n10_s100_wikics_arxiv,3c49d5bf4dbf737e34e5133f2c2461cd0139704b56bbd739ff73f4d02a344ad7,18.9835205078125,108.69958406686783,0,320.98610776662827,0,0,0,0
arxiv,test,142,42,arxiv:test:000042:dae587ce1b7ca967,1,1060.533725,1060.4970703125,735.986451,324.272784,80.24370297789574,25.9027061983943,7.628166116774082,551.966910250485,138.30156898498535,412.06036376953125,62,0,1,0,0,0,0,0,0,0,97.76866912841797,4.83129608631134,31.969151973724365,3.7324517965316772,cache_bf16,large_h6_n10_s100_wikics_arxiv,dae587ce1b7ca9678e94abf2563f0d48c3d3b4a0175d6489d7fcb220ad30d4bf,19.07494354248047,108.88422393798828,0,322.25108337402344,0,0,0,0
arxiv,test,143,43,arxiv:test:000043:e717be6b19d36df2,1,1037.592539,1037.556640625,728.87084,308.454633,78.88282556086779,25.762729346752167,7.628443650901318,548.2546370476484,134.3379192352295,412.3102722167969,62,0,1,0,0,0,0,0,0,0,94.10649585723877,4.643519997596741,31.98195171356201,3.60595166683197,cache_bf16,large_h6_n10_s100_wikics_arxiv,e717be6b19d36df2c417dd2f340fd2ef6b2622c25926327dd92de1991210eb0c,19.014240264892578,108.86208000779152,0,322.46243247389793,0,0,0,0
arxiv,test,144,44,arxiv:test:000044:ecf1facb07fbb262,1,1078.861588,1078.824462890625,770.714784,307.867854,81.61183632910252,25.766831822693348,8.023655042052269,585.3116791695356,158.48380851745605,425.17820739746094,64,0,1,0,0,0,0,0,0,0,115.33996963500977,5.8213120102882385,32.995296478271484,4.327230393886566,cache_bf16,large_h6_n10_s100_wikics_arxiv,ecf1facb07fbb2625dfa89a62495a9453205b5b87c471a67ee92ab8e090dd4b6,19.027231216430664,111.95324805378914,0,332.25219056010246,0,0,0,0
arxiv,test,145,45,arxiv:test:000045:c97b28935cff346f,1,729.025187,728.9931030273438,373.351215,355.409057,38.990032859146595,25.767523795366287,3.8363654166460037,265.7313523814082,63.083072662353516,201.76249313354492,30,0,1,0,0,0,0,0,0,0,43.56214427947998,2.1261440217494965,15.673248052597046,1.7215363085269928,cache_bf16,large_h6_n10_s100_wikics_arxiv,c97b28935cff346f8d96b42043d071dbc71a36119d063ae948118dd57f60ad1b,19.017120361328125,57.26367995142937,0,163.51593354344368,0,0,0,0
arxiv,test,146,46,arxiv:test:000046:fbd9f3145be22507,1,1071.184812,1071.14794921875,715.801184,355.091907,79.71377018839121,25.8484473451972,7.530140690505505,532.8770969063044,132.8682861328125,398.4456024169922,60,0,1,0,0,0,0,0,0,0,93.69510459899902,4.655295968055725,30.949151515960693,3.568734049797058,cache_bf16,large_h6_n10_s100_wikics_arxiv,fbd9f3145be2250742dc25e9ae46990667480b99348e959e85b2180a30c8590e,19.050655364990234,105.56496000289917,0,311.93129777908325,0,0,0,0
arxiv,test,147,47,arxiv:test:000047:fafb4cdfc63a9718,1,1143.246526,1143.2098388671875,752.963058,390.009608,80.1202179864049,25.908919982612133,7.617904804646969,566.9079553335905,154.17855834960938,411.1205368041992,62,0,1,0,0,0,0,0,0,0,112.31878471374512,5.666527986526489,31.971391677856445,4.221853971481323,cache_bf16,large_h6_n10_s100_wikics_arxiv,fafb4cdfc63a9718e9161edeb32eaf6c01d3953e94090e8f1568c9e279c5ba04,19.090591430664062,108.87167993187904,0,321.33944830298424,0,0,0,0
arxiv,test,148,48,arxiv:test:000048:d1be3cbece176b33,1,1093.934182,1093.8968505859375,721.060904,372.590938,77.20965426415205,25.880735367536545,7.395788095891476,535.1145770400763,133.00764846801758,400.54735565185547,60,0,1,0,0,0,0,0,0,0,93.80809593200684,4.65039998292923,30.97212791442871,3.5770246386528015,cache_bf16,large_h6_n10_s100_wikics_arxiv,d1be3cbece176b3358b650780ddf35382fa6223fd1bdb79f440831f3e6386754,19.044063568115234,105.57091215252876,0,314.02050706744194,0,0,0,0
arxiv,test,149,49,arxiv:test:000049:05e52a9cf94815ea,1,1018.895483,1018.85888671875,714.118169,304.489854,76.75861660391092,25.825507938861847,7.406221702694893,533.6102247238159,138.09129524230957,393.97953033447266,59,0,1,0,0,0,0,0,0,0,99.1507511138916,4.945471942424774,30.25212812423706,3.742944061756134,cache_bf16,large_h6_n10_s100_wikics_arxiv,05e52a9cf94815ea165fc47c07f510e4cb682c1ecd224bf19a51c6ff9612777e,19.025312423706055,104.00019177794456,0,309.00465098023415,0,0,0,0
arxiv,test,150,50,arxiv:test:000050:2ae7e9025c812bc9,1,910.483634,910.4490356445312,537.830198,372.373596,55.546486750245094,25.82970168441534,5.456653423607349,389.29360918700695,93.24671936035156,294.8545951843262,44,0,1,0,0,0,0,0,0,0,65.09766483306885,3.226207971572876,22.399168014526367,2.5236785411834717,cache_bf16,large_h6_n10_s100_wikics_arxiv,2ae7e9025c812bc9b271f2094242f0d0b0d8547a202d8c2a41549e3f9b5ba068,19.0533447265625,79.85113590955734,0,234.05680400133133,0,0,0,0
arxiv,test,151,51,arxiv:test:000051:66a62fdf4daaa7ae,1,1046.718731,1046.682861328125,737.721157,308.712662,74.61696863174438,25.81577841192484,7.505781948566437,554.0671478956938,146.79587364196777,405.68892669677734,61,0,1,0,0,0,0,0,0,0,105.87401390075684,5.282272040843964,31.664000034332275,3.9755876660346985,cache_bf16,large_h6_n10_s100_wikics_arxiv,66a62fdf4daaa7ae24fb1caeac844800dd701d501cc3172f7faff797a7efe852,19.001407623291016,107.17225596308708,0,317.5180783569813,0,0,0,0
arxiv,test,152,52,arxiv:test:000052:7c51a8eb1dba87a6,1,1002.982393,1002.9467163085938,647.575313,355.134402,68.5596102848649,25.803757831454277,6.774892099201679,481.8934891372919,113.8487663269043,366.6053771972656,55,0,1,0,0,0,0,0,0,0,78.75468826293945,3.8761280179023743,28.178687572479248,3.0392624735832214,cache_bf16,large_h6_n10_s100_wikics_arxiv,7c51a8eb1dba87a6fe0e433e5eb412caf5912e485467601436acd1bf3e919747,18.99292755126953,97.5499841272831,0,288.04832062125206,0,0,0,0
arxiv,test,153,53,arxiv:test:000053:a3944fd2577c232c,1,1049.286769,1049.2506103515625,744.976218,304.039689,77.8579544275999,25.78164916485548,7.735510356724262,562.9885960370302,142.77868843078613,418.5714569091797,63,0,1,0,0,0,0,0,0,0,101.10729598999023,5.081183969974518,32.73987150192261,3.850336968898773,cache_bf16,large_h6_n10_s100_wikics_arxiv,a3944fd2577c232ccd1772224b9637f05e2ef77e0bcd5eaf08988d3146013916,18.99964714050293,110.44771200418472,0,327.1233920454979,0,0,0,0
arxiv,test,154,54,arxiv:test:000054:f51bc10bbe82c845,1,1080.72994,1080.693359375,691.159131,389.289565,72.75734283030033,25.932463817298412,7.152373902499676,515.260711312294,127.09008026123047,386.6502380371094,58,0,1,0,0,0,0,0,0,0,89.55030345916748,4.417312026023865,29.704896450042725,3.417568325996399,cache_bf16,large_h6_n10_s100_wikics_arxiv,f51bc10bbe82c8452412f46ca8ff4664d79c65efe78e62cdd6f95a636ca4905b,19.04889678955078,102.44335988163948,0,303.2557749450207,0,0,0,0
arxiv,test,155,55,arxiv:test:000055:5573ca76c9a39d22,1,1011.679449,1011.6436767578125,707.251468,304.159818,73.94651509821415,25.727348402142525,7.402907125651836,530.9537723660469,138.08419227600098,391.3263702392578,59,0,1,0,0,0,0,0,0,0,99.11840057373047,4.945119917392731,30.27932834625244,3.7413434386253357,cache_bf16,large_h6_n10_s100_wikics_arxiv,5573ca76c9a39d2243a723a0470b9124c50151e3afdac246c8bc4118cb4c567b,18.966144561767578,103.88790386915207,0,306.4046109318733,0,0,0,0
arxiv,test,156,56,arxiv:test:000056:25832dcece5fda15,1,1149.133117,1149.0958251953125,755.093351,393.769211,77.77332793921232,25.805089622735977,7.771458476781845,572.7357724681497,159.90582275390625,411.2178497314453,62,0,1,0,0,0,0,0,0,0,117.57917022705078,5.933856010437012,32.00614404678345,4.38665246963501,cache_bf16,large_h6_n10_s100_wikics_arxiv,25832dcece5fda156833a9731130bc1378deb05b833ca4f63add4d0588527943,19.035167694091797,108.7216000854969,0,321.5314173400402,0,0,0,0
arxiv,test,157,57,arxiv:test:000057:ba9168bd9766cf18,1,1097.405759,1097.3685302734375,741.2055,355.925442,73.82676098495722,25.79103596508503,7.420171983540058,561.2329058349133,168.3816318511963,391.31227111816406,59,0,1,0,0,0,0,0,0,0,126.89139175415039,6.48195207118988,30.315232753753662,4.693055272102356,cache_bf16,large_h6_n10_s100_wikics_arxiv,ba9168bd9766cf185f5b7c22acafe94b3c085f92b8dbf63a30be01ff3a73eadc,19.031904220581055,103.95891186594963,0,306.3852634727955,0,0,0,0
arxiv,test,158,58,arxiv:test:000058:1ea80af47d86c254,1,1067.978387,1067.941650390625,746.022975,321.683321,76.97784900665283,25.810150429606438,7.767765782773495,563.1914436817169,149.2457618713379,412.34202575683594,62,0,1,0,0,0,0,0,0,0,107.77862358093262,5.390400052070618,32.01033592224121,4.066402316093445,cache_bf16,large_h6_n10_s100_wikics_arxiv,1ea80af47d86c254119ad3ea64cba8b50a8d9dae2ce38b3374ff55196f5c820e,19.027263641357422,108.86425590515137,0,322.505033493042,0,0,0,0
arxiv,test,159,59,arxiv:test:000059:62556ac4244be586,1,1025.323331,1025.286865234375,715.345812,309.615783,69.1399211063981,25.90280305594206,7.03764520585537,542.873146943748,158.2002239227295,383.1611557006836,57,0,1,0,0,0,0,0,0,0,118.31971168518066,6.036224007606506,29.448543548583984,4.395744681358337,cache_bf16,large_h6_n10_s100_wikics_arxiv,62556ac4244be586d32963772324fc204327cb8ecfa51b1ec7f97d707f94987f,19.024768829345703,100.95689585804939,0,301.2290286719799,0,0,0,0
arxiv,test,160,60,arxiv:test:000060:6244d60e2fe63550,1,1061.178109,1061.139404296875,739.558626,321.336431,78.65179143846035,26.060192845761776,7.790429517626762,553.7850894033909,138.36425590515137,413.80403900146484,62,0,1,0,0,0,0,0,0,0,97.79606437683105,4.830528020858765,32.00704050064087,3.7306230068206787,cache_bf16,large_h6_n10_s100_wikics_arxiv,6244d60e2fe635503dea4f66e19474b85730be0ae3efec13a3c94008a7a9a5f4,19.128192901611328,108.91974395513535,0,324.0124879479408,0,0,0,0
arxiv,test,161,61,arxiv:test:000061:99666928c9355e5b,1,1099.35193,1099.315185546875,743.326457,355.744049,72.78107199817896,27.24716067314148,7.28345662355423,564.3052589148283,168.40195083618164,394.36231231689453,59,0,1,0,0,0,0,0,0,0,126.93270492553711,6.482591986656189,30.29631996154785,4.690333962440491,cache_bf16,large_h6_n10_s100_wikics_arxiv,99666928c9355e5bbdc2ddc86bb4ef67daf764e66cd971c7119a909dc00caec1,19.077695846557617,104.12838384509087,0,309.3116243183613,0,0,0,0
arxiv,test,162,62,arxiv:test:000062:bec78568e4fa8bbf,1,1013.597491,1013.5611572265625,709.13596,304.194907,71.99509255588055,25.85420571267605,7.379351183772087,534.7784021869302,133.9120635986328,399.3012466430664,60,0,1,0,0,0,0,0,0,0,94.64323234558105,4.680768072605133,30.981823921203613,3.6062392592430115,cache_bf16,large_h6_n10_s100_wikics_arxiv,bec78568e4fa8bbf65d8ea931527267a40587408a1ef2471059bc80441a46fb4,19.08380889892578,105.56636786460876,0,312.8186876773834,0,0,0,0
arxiv,test,163,63,arxiv:test:000063:91c5a58cb1375a08,1,869.813643,869.7802124023438,561.614098,307.943798,57.4888801202178,25.900108739733696,5.936086177825928,410.89062113314867,90.133376121521,319.4739532470703,48,0,1,0,0,0,0,0,0,0,60.217824935913086,2.895968019962311,24.6496000289917,2.3699831366539,cache_bf16,large_h6_n10_s100_wikics_arxiv,91c5a58cb1375a08b22109223c737570a74eacb15fab3b374a5d4a2e94b894d5,19.061952590942383,86.16992002725601,0,252.36598581075668,0,0,0,0
arxiv,test,164,64,arxiv:test:000064:6a12ed40fb7a93c8,1,954.975507,954.939697265625,651.145676,303.566003,64.90733101963997,25.791714899241924,6.94375392049551,491.03199783712626,122.8723201751709,366.72543716430664,55,0,1,0,0,0,0,0,0,0,87.09241485595703,4.309023916721344,28.151615619659424,3.3192657828330994,cache_bf16,large_h6_n10_s100_wikics_arxiv,6a12ed40fb7a93c83d45ebc818e4bc7a59193f1756e8600f010c6fbcd9d23c04,19.01273536682129,97.48726415634155,0,288.2509083747864,0,0,0,0
arxiv,test,165,65,arxiv:test:000065:b4196de0afae9713,1,1037.001626,1036.96337890625,728.741419,307.980906,72.66611885279417,25.728042237460613,7.765988819301128,550.5501730367541,136.37606239318848,412.5664367675781,62,0,1,0,0,0,0,0,0,0,95.96390151977539,4.730688035488129,32.01366424560547,3.6678085923194885,cache_bf16,large_h6_n10_s100_wikics_arxiv,b4196de0afae9713dd543bbafa99ad966258192a919b347a7175c936626ae78f,18.94879913330078,108.92531192302704,0,322.58992397785187,0,0,0,0
arxiv,test,166,66,arxiv:test:000066:fbb5136596808044,1,1070.565006,1070.528076171875,727.236658,343.053613,70.37028670310974,25.760944932699203,7.551747374236584,550.3227962180972,149.80067253112793,398.9502410888672,60,0,1,0,0,0,0,0,0,0,109.23385810852051,5.489567995071411,30.976704120635986,4.100542306900024,cache_bf16,large_h6_n10_s100_wikics_arxiv,fbb5136596808044cc3038d404bc8f6cace03dc80ad31d7bbfe14fd19b261af5,19.026111602783203,105.66527986526489,0,312.3110728263855,0,0,0,0
arxiv,test,167,67,arxiv:test:000067:fa85f05d87405140,1,1067.596775,1067.5596923828125,677.598522,389.727194,70.67923713475466,25.771576911211014,7.2074029594659805,507.0461528375745,125.64915084838867,379.89404678344727,57,0,1,0,0,0,0,0,0,0,88.42710399627686,4.420352041721344,29.426559925079346,3.3751348853111267,cache_bf16,large_h6_n10_s100_wikics_arxiv,fa85f05d874051402204cced44808964ffa5e2dde8b50ab94d924b2e039db06a,18.98543930053711,100.77683201432228,0,298.1026540696621,0,0,0,0
arxiv,test,168,68,arxiv:test:000068:9e5b91a78336f4db,1,1095.922433,1095.885498046875,740.073693,355.572756,68.87140031903982,25.898720137774944,7.255091331899166,566.1606127396226,168.39584159851074,396.2259216308594,59,0,1,0,0,0,0,0,0,0,126.88700675964355,6.47980797290802,30.33683204650879,4.692194819450378,cache_bf16,large_h6_n10_s100_wikics_arxiv,9e5b91a78336f4dbfdab98acf0c12ea6d117a30f768e9ea9c4c5d64f8dc9a52e,19.04969596862793,104.10191982984543,0,311.1736977696419,0,0,0,0
arxiv,test,169,69,arxiv:test:000069:ab2956d520370850,1,1031.305863,1031.26953125,725.95921,305.076928,72.10345938801765,25.889492593705654,7.1719940751791,552.7094276621938,164.6010227203369,386.59100341796875,58,0,1,0,0,0,0,0,0,0,123.90694236755371,6.315968036651611,29.78451156616211,4.593600749969482,cache_bf16,large_h6_n10_s100_wikics_arxiv,ab2956d520370850b66eb3e2df8fc1f55cde72b28131f2e95a0cb892e4b0ce5f,19.096511840820312,102.51219180226326,0,303.1753234565258,0,0,0,0
arxiv,test,170,70,arxiv:test:000070:86376d99f593daf5,1,1032.730049,1032.6944580078125,728.247176,304.213305,75.7253235206008,25.842848233878613,7.643811404705048,550.526219420135,134.51769828796387,414.40489959716797,62,0,1,0,0,0,0,0,0,0,94.26463890075684,4.647231996059418,31.99616003036499,3.6096673607826233,cache_bf16,large_h6_n10_s100_wikics_arxiv,86376d99f593daf5731e4d75f2360e834000011c568f6ffcf264dc5dfa24e942,19.06105613708496,108.91404822468758,0,324.55190750956535,0,0,0,0
arxiv,test,171,71,arxiv:test:000071:4619e988f89c1108,1,1007.031587,1006.9953002929688,702.880757,303.881235,70.49321383237839,25.868206284940243,7.384493947029114,530.7473130524158,129.18889617919922,399.9896240234375,60,0,1,0,0,0,0,0,0,0,90.27817630767822,4.445216059684753,31.005216121673584,3.4602876901626587,cache_bf16,large_h6_n10_s100_wikics_arxiv,4619e988f89c11082a6749f1d133a9543c0fa63ffa70cd313c6d239847277f9e,19.039072036743164,105.67612811923027,0,313.3525679409504,0,0,0,0
arxiv,test,172,72,arxiv:test:000072:15976e0c60667f00,1,973.823113,973.7877807617188,648.225004,325.336623,64.32766374200583,25.756926275789738,6.89288042485714,486.954927444458,111.76127815246582,373.73977279663086,56,0,1,0,0,0,0,0,0,0,76.43888092041016,3.739807963371277,28.61750364303589,2.9650856256484985,cache_bf16,large_h6_n10_s100_wikics_arxiv,15976e0c60667f00f648fc1a1b5f7bcbe7ff7e1b0297989f5c995f57c8fcd243,19.004064559936523,99.00217601656914,0,293.74166133999825,0,0,0,0
arxiv,test,173,73,arxiv:test:000073:d96c675b2f816922,1,1108.209631,1108.17236328125,751.326417,356.609986,72.67432194203138,25.81905573606491,7.750797085464001,576.7418351024389,155.79529571533203,419.3174514770508,63,0,1,0,0,0,0,0,0,0,113.08326148986816,5.681439995765686,32.79968023300171,4.230913996696472,cache_bf16,large_h6_n10_s100_wikics_arxiv,d96c675b2f816922a4928577f458d48b866de6a89256a73f5aba201e1c5d5b02,19.01968002319336,110.52115213871002,0,327.8159793615341,0,0,0,0
arxiv,test,174,74,arxiv:test:000074:941cb92444178d37,1,1162.961689,1162.9234619140625,772.141383,390.522631,79.29728738963604,25.969834066927433,7.748614996671677,584.1397950425744,169.72486686706543,412.7993927001953,62,0,1,0,0,0,0,0,0,0,126.54748725891113,6.422208070755005,32.045119762420654,4.710051774978638,cache_bf16,large_h6_n10_s100_wikics_arxiv,941cb92444178d37c272bc03c32424d62f16d8449d1ad46409d75c0012f455cc,19.07699203491211,108.93526384234428,0,322.94112089276314,0,0,0,0
arxiv,test,175,75,arxiv:test:000075:518e94c81e42d0b5,1,1009.512066,1009.4765014648438,670.237349,338.999421,68.57115775346756,26.40493493527174,6.4247166737914085,503.9807176217437,162.5662384033203,340.05756759643555,51,0,1,0,0,0,0,0,0,0,125.43920135498047,6.450944185256958,26.090976238250732,4.585116624832153,cache_bf16,large_h6_n10_s100_wikics_arxiv,518e94c81e42d0b5c38489a69ab637ec3981901fe9f213656a1ca00db2bc4d7b,19.032480239868164,91.1273598074913,0,267.9626880288124,0,0,0,0
arxiv,test,176,76,arxiv:test:000076:ba8ee2f748d9be49,1,1025.922025,1025.8861083984375,721.262376,304.394093,81.55510760843754,25.96812602132559,7.641218602657318,538.1587613373995,122.8489933013916,413.7054977416992,62,0,1,0,0,0,0,0,0,0,83.52534294128418,4.046303927898407,32.04425621032715,3.2330902218818665,cache_bf16,large_h6_n10_s100_wikics_arxiv,ba8ee2f748d9be49b684c34372c5d886fb7f29cc5399aec1bfab76cf2569f046,19.050495147705078,108.76992020010948,0,323.9860726892948,0,0,0,0
arxiv,test,177,77,arxiv:test:000077:5888a05877d4a3f7,1,1069.195182,1069.1593017578125,764.467504,304.457057,66.57751835882664,26.056029833853245,7.496385835111141,594.2287035286427,181.60774421691895,411.0372772216797,61,0,1,0,0,0,0,0,0,0,137.62022399902344,7.1225279569625854,31.799232006072998,5.065760254859924,cache_bf16,large_h6_n10_s100_wikics_arxiv,5888a05877d4a3f76e161f41c66e539d2be27f131d7c87050b092a962d7cb5a2,19.07686424255371,107.4156161248684,0,322.698525339365,0,0,0,0
arxiv,test,178,78,arxiv:test:000078:b2b1e0e3155a95df,1,982.700792,982.6646728515625,678.292789,304.124683,69.1503332927823,25.936118327081203,7.024062797427177,507.5381174683571,126.86242866516113,379.18729400634766,57,0,1,0,0,0,0,0,0,0,89.52352046966553,4.444095969200134,29.480704307556152,3.414107918739319,cache_bf16,large_h6_n10_s100_wikics_arxiv,b2b1e0e3155a95df55c442974eb53017073aac94ed5a506c708893a966d86979,19.05193519592285,100.70828792452812,0,297.5309412777424,0,0,0,0
arxiv,test,179,79,arxiv:test:000079:f62eab72bfea6732,1,1070.475668,1070.4393310546875,714.709678,355.497171,77.31816172599792,25.83453804254532,7.387617602944374,535.5625869706273,132.99513244628906,401.0018539428711,60,0,1,0,0,0,0,0,0,0,93.750657081604,4.652288019657135,31.01801586151123,3.574171483516693,cache_bf16,large_h6_n10_s100_wikics_arxiv,f62eab72bfea67329c216ab01713c94f86fd691ea9ae70a6cd4ff1cc3385cda2,19.017343521118164,105.62313613295555,0,314.3960613310337,0,0,0,0
arxiv,test,180,80,arxiv:test:000080:8e38fa691cd057dc,1,977.465036,977.4293823242188,634.597043,342.60678,68.56587156653404,25.789343751966953,6.533868610858917,471.70334309339523,117.56867218017578,352.7393913269043,53,0,1,0,0,0,0,0,0,0,82.84121704101562,4.09990394115448,27.452191829681396,3.17535936832428,cache_bf16,large_h6_n10_s100_wikics_arxiv,8e38fa691cd057dc10c8b3325642224ddd2580eceb05e615ea46257be54d1775,18.98633575439453,94.30960017442703,0,277.4161269068718,0,0,0,0
arxiv,test,181,81,arxiv:test:000081:31480263ed5d277b,1,727.517218,727.4849243164062,371.166081,356.101045,38.57173211872578,25.812753476202488,3.7491237744688988,266.3556495681405,63.206687927246094,202.2695083618164,30,0,1,0,0,0,0,0,0,0,43.64774417877197,2.130496025085449,15.705376148223877,1.723071575164795,cache_bf16,large_h6_n10_s100_wikics_arxiv,31480263ed5d277b9c0c192a10844c610e8a6633f8b1f2e4ee208043481d08eb,19.032703399658203,57.343391835689545,0,163.95881992578506,0,0,0,0
arxiv,test,182,82,arxiv:test:000082:edacc0da0c3ea4ad,1,1033.521873,1033.48583984375,661.463501,371.790948,60.97437907010317,26.05788316577673,6.895096972584724,492.52224154770374,118.60713768005371,372.45782470703125,56,0,1,0,0,0,0,0,0,0,82.72307109832764,4.0654720067977905,28.63094425201416,3.1876503229141235,cache_bf16,large_h6_n10_s100_wikics_arxiv,edacc0da0c3ea4ad508bb888645aaa82d23fb8717b7713cd1de39ab640f4cc81,19.03936004638672,99.23312020301819,0,292.2640645503998,0,0,0,0
arxiv,test,183,83,arxiv:test:000083:d50e616e9faabf8a,1,1180.940333,1180.903076171875,786.087482,394.57979,67.31493398547173,25.84130223840475,7.741118781268597,613.4089361876249,192.05619621276855,419.7298126220703,63,0,1,0,0,0,0,0,0,0,146.23174667358398,7.512928009033203,32.932096004486084,5.379425525665283,cache_bf16,large_h6_n10_s100_wikics_arxiv,d50e616e9faabf8ac712e8de6c3ada7613e8a25859e391d8fcd2f964f0c59cc5,19.04355239868164,110.58467230200768,0,328.1886927187443,0,0,0,0
arxiv,test,184,84,arxiv:test:000084:8c86ab793e25743d,1,1031.208992,1031.173095703125,568.633104,462.314552,48.70662745088339,25.88064596056938,5.941642448306084,425.3711076453328,103.07062339782715,321.0187568664551,48,0,1,0,0,0,0,0,0,0,72.05641651153564,3.554719924926758,24.697407722473145,2.7620792388916016,cache_bf16,large_h6_n10_s100_wikics_arxiv,8c86ab793e25743d842b6bdc3392960b2af7e47e446f6409a597823c3f49e639,19.024351119995117,86.27616003155708,0,253.7669479548931,0,0,0,0
arxiv,test,185,85,arxiv:test:000085:c106d133f326eef3,1,1143.647393,1143.6104736328125,752.532261,390.839571,63.05016577243805,25.73987375944853,7.806707173585892,585.058243945241,163.9766387939453,419.4519348144531,63,0,1,0,0,0,0,0,0,0,120.59990501403809,6.070048093795776,32.80396747589111,4.502718210220337,cache_bf16,large_h6_n10_s100_wikics_arxiv,c106d133f326eef3498f3c205375a446bc3dd642bd6626451388950ba3cd9152,18.956703186035156,110.39939174056053,0,328.00924625992775,0,0,0,0
arxiv,test,186,86,arxiv:test:000086:612d3da97d54f8b2,1,1114.739024,1114.701171875,724.233301,390.224842,67.15791579335928,25.878804735839367,8.009403012692928,550.261590629816,122.61529541015625,425.9879379272461,64,0,1,0,0,0,0,0,0,0,82.37081623077393,3.9968000650405884,33.039775371551514,3.207903742790222,cache_bf16,large_h6_n10_s100_wikics_arxiv,612d3da97d54f8b287b23fd290dcf87f9d7be573587db540be49c82f96e4c8eb,19.02124786376953,112.06265589594841,0,332.9465298950672,0,0,0,0
arxiv,test,187,87,arxiv:test:000087:e06d132a946fdea4,1,1061.507877,1061.471435546875,700.340415,360.887697,61.200239695608616,25.8325831964612,7.1768322959542274,534.7201749682426,146.79897689819336,386.40111541748047,58,0,1,0,0,0,0,0,0,0,107.56415939331055,5.419264018535614,29.77241611480713,4.04313737154007,cache_bf16,large_h6_n10_s100_wikics_arxiv,e06d132a946fdea44858de413f6040ad2abf998cbd2186dff4f6ea1850545827,19.028703689575195,102.54006406664848,0,302.8897550404072,0,0,0,0
arxiv,test,188,88,arxiv:test:000088:80620978f1a2fcd3,1,931.123913,931.0892333984375,571.968411,358.893473,61.72116473317146,25.8260490372777,5.895417183637619,425.942693836987,109.48953819274902,315.1849937438965,47,0,1,0,0,0,0,0,0,0,78.22249507904053,3.885536015033722,24.40729570388794,2.9742113947868347,cache_bf16,large_h6_n10_s100_wikics_arxiv,80620978f1a2fcd377f0135cede0a4c45709a1cb2f92f3331e15fdf631e60e18,19.031936645507812,84.78521600365639,0,249.4317143857479,0,0,0,0
arxiv,test,189,89,arxiv:test:000089:620c6b9c227bbbc9,1,1101.663662,1101.620361328125,688.954471,412.426535,69.70067601650953,25.816908106207848,7.00716394931078,522.0189765095711,138.5121612548828,382.0098571777344,57,0,1,0,0,0,0,0,0,0,100.19177627563477,5.052480041980743,29.48259210586548,3.785312831401825,cache_bf16,large_h6_n10_s100_wikics_arxiv,620c6b9c227bbbc93b0a63281e51f96d10b144d7b746119f22d7b07affc0f983,19.04547119140625,100.79782426357269,0,300.25750410556793,0,0,0,0
arxiv,test,190,90,arxiv:test:000090:301e4d139270b49f,1,1080.734417,1080.69775390625,686.118089,394.331998,67.2116270288825,25.78873559832573,7.242919877171516,515.4941836372018,127.2317123413086,386.73644256591797,58,0,1,0,0,0,0,0,0,0,89.646559715271,4.421984016895294,29.74687957763672,3.4162890315055847,cache_bf16,large_h6_n10_s100_wikics_arxiv,301e4d139270b49f25e8b93f1ec539cd4c92322b95db3dbdeeaa5e66a291d63b,19.026975631713867,102.50342419743538,0,303.25999400019646,0,0,0,0
arxiv,test,191,91,arxiv:test:000091:beef13982aa0e3bd,1,1061.211916,1061.17578125,752.339868,308.590318,66.31688494235277,25.85552353411913,7.623552344739437,580.4536566138268,167.03347206115723,411.8165054321289,62,0,1,0,0,0,0,0,0,0,124.02095985412598,6.296191930770874,32.103456020355225,4.612864255905151,cache_bf16,large_h6_n10_s100_wikics_arxiv,beef13982aa0e3bdafad69c258c808979b98e556b61598a93617959e7b8cc2cb,19.05094337463379,108.83238381147385,0,322.03506499528885,0,0,0,0
arxiv,test,192,92,arxiv:test:000092:af69a7134cdf4f39,1,1032.966092,1032.9296875,724.833301,307.861485,79.3333500623703,25.820867158472538,7.624351419508457,552.3108337074518,136.62681579589844,414.07337951660156,62,0,1,0,0,0,0,0,0,0,96.15811252593994,4.737887918949127,32.05343961715698,3.6773757338523865,cache_bf16,large_h6_n10_s100_wikics_arxiv,af69a7134cdf4f39cf2fb5797be600ba172efd4232a54e93143f35d90f17d392,19.04604721069336,108.9095359146595,0,324.2098908126354,0,0,0,0
arxiv,test,193,93,arxiv:test:000093:e5bbef4be1378794,1,1080.873289,1080.837158203125,707.327855,373.270627,76.31395291537046,25.710673071444035,7.370447739958763,535.2555578574538,133.16796875,400.5230712890625,60,0,1,0,0,0,0,0,0,0,93.90915298461914,4.6500160694122314,31.032031536102295,3.576768159866333,cache_bf16,large_h6_n10_s100_wikics_arxiv,e5bbef4be1378794476e97eee1e990485575e915984280bbf2da6d15e681b069,18.986848831176758,105.69423976540565,0,313.8156803548336,0,0,0,0
arxiv,test,194,94,arxiv:test:000094:28e0fcda3c7a47f0,1,1065.459401,1065.4228515625,756.192675,308.999491,79.5082114636898,25.813940912485123,7.626823149621487,582.589234225452,167.21494483947754,413.7636489868164,62,0,1,0,0,0,0,0,0,0,124.20393371582031,6.3124799728393555,32.073472023010254,4.625059127807617,cache_bf16,large_h6_n10_s100_wikics_arxiv,28e0fcda3c7a47f0f95a250eaa1ea53a64c6a24f5f03f3b3d824971559d29ff1,19.043167114257812,109.05292809009552,0,323.7538880109787,0,0,0,0
arxiv,test,195,95,arxiv:test:000095:2e7f392bc5536560,1,1030.478524,1030.4429931640625,639.582859,390.616226,64.89523034542799,25.798038579523563,6.8893106654286385,488.0450777709484,114.49315071105957,372.08816146850586,56,0,1,0,0,0,0,0,0,0,78.96547222137451,3.854367971420288,28.617823123931885,3.0554873943328857,cache_bf16,large_h6_n10_s100_wikics_arxiv,2e7f392bc5536560646ebcd34d6778a2fb62bff21d4c7dc4d8b63c31ad6d73ed,19.052127838134766,99.01417598128319,0,292.12611332535744,0,0,0,0
arxiv,test,196,96,arxiv:test:000096:da4c1b2e123e292d,1,964.882629,964.8466796875,624.745182,339.797543,54.16226573288441,25.76769795268774,6.548304110765457,487.533257342875,117.60102462768555,368.52630615234375,53,0,1,0,0,0,0,0,0,0,82.87215900421143,4.097792029380798,27.455999851226807,3.175073742866516,cache_bf16,large_h6_n10_s100_wikics_arxiv,da4c1b2e123e292d3b7e1f44d848e695579c3cd4edc03957cf4b295218cbd6ef,18.990304946899414,94.63596794009209,0,292.8806431591511,0,0,0,0
arxiv,test,197,97,arxiv:test:000097:6d9c34e632a3e4a9,1,1071.141623,1071.1024169921875,679.666793,391.122641,63.608575612306595,26.658722199499607,7.228410802781582,520.6003049388528,127.34822273254395,391.69439697265625,58,0,1,0,0,0,0,0,0,0,89.72991943359375,4.425567984580994,29.766047954559326,3.4266873598098755,cache_bf16,large_h6_n10_s100_wikics_arxiv,6d9c34e632a3e4a909618086fbed82f3ed5c932eb77aaeb3cd3349db8baaf079,19.28006362915039,102.4339841902256,0,308.54047641158104,0,0,0,0
arxiv,test,198,98,arxiv:test:000098:9903545b1d27c917,1,1095.696323,1095.659912109375,738.332185,357.016354,73.72311968356371,25.828625075519085,7.274123840034008,569.7169471532106,168.70160102844238,399.45885467529297,59,0,1,0,0,0,0,0,0,0,127.1668472290039,6.502783894538879,30.331231117248535,4.700738787651062,cache_bf16,large_h6_n10_s100_wikics_arxiv,9903545b1d27c917c404d3ddf3ae459b791626f0599141d08706cf8c132f1fc1,19.039552688598633,104.17161598801613,0,314.3267913758755,0,0,0,0
arxiv,test,199,99,arxiv:test:000099:a363a036dd1c8d42,1,1066.361369,1066.324951171875,671.152877,394.93046,72.52219412475824,25.90898983180523,7.090822793543339,508.615399710834,125.77971458435059,381.3427543640137,57,0,1,0,0,0,0,0,0,0,88.49673652648926,4.420512020587921,29.47721576690674,3.3852502703666687,cache_bf16,large_h6_n10_s100_wikics_arxiv,a363a036dd1c8d420403ea879b46c123da177628f40c118689808017ddce16fc,19.038591384887695,100.73228806257248,0,299.6490576863289,0,0,0,0
arxiv,val,0,0,arxiv:val:000000:2ca62d00a890aa84,2,1603.564153,1603.50830078125,1271.583575,331.419575,189.29825350642204,295.0298525393009,10.254418477416039,648.9292038604617,163.23651313781738,483.64076232910156,64,0,1,0,0,0,0,0,0,0,113.4128646850586,5.2242560386657715,40.39702320098877,4.202369213104248,cache_bf16,large_h6_n10_s100_wikics_arxiv,2ca62d00a890aa8464a6da3728825202198bcc513fe666faadd8aa998acdb9f2,162.44085693359375,116.85216021537781,0,529.2294590473175,0,0,0,0
arxiv,val,1,1,arxiv:val:000001:60580fb403549285,2,1184.568896,1184.5325927734375,879.741169,304.445635,135.03038603812456,28.800995089113712,9.693721309304237,624.5239963755012,185.84864044189453,437.0543975830078,62,0,1,0,0,0,0,0,0,0,142.43212890625,6.689663887023926,31.872864246368408,4.853983402252197,cache_bf16,large_h6_n10_s100_wikics_arxiv,60580fb403549285c13a71ed0dd66a154ba7ca5299783abae7bc3d0ced297729,19.108543395996094,109.2935998737812,0,346.8693411052227,0,0,0,0
arxiv,val,2,2,arxiv:val:000002:0f56629b76181b48,2,1111.743957,1111.7142333984375,719.271657,392.120598,115.28911255300045,28.750579804182053,8.611955679953098,495.28850615024567,113.53507423400879,380.30307388305664,55,0,1,0,0,0,0,0,0,0,78.65171241760254,3.864960014820099,27.983808040618896,3.0345937609672546,cache_bf16,large_h6_n10_s100_wikics_arxiv,0f56629b76181b48667d9cbcd2345c35f2620d7bfa2297baabc2f253e5b2d1f9,19.1231689453125,97.6480641067028,0,301.77817872166634,0,0,0,0
arxiv,val,3,3,arxiv:val:000003:f8a271ff72baf265,2,1155.252546,1155.222412109375,796.124892,358.747394,128.61108593642712,29.138785786926746,9.15407482534647,554.5009346678853,133.34349060058594,419.6050491333008,59,0,1,0,0,0,0,0,0,0,94.89567852020264,4.735712051391602,30.099040508270264,3.6130595207214355,cache_bf16,large_h6_n10_s100_wikics_arxiv,f8a271ff72baf265126e8db430172f5bed9c9bc1236ed2c483b676d3b3da5b06,19.150815963745117,104.68576028943062,0,334.0701048076153,0,0,0,0
arxiv,val,4,4,arxiv:val:000004:90c6fb7029699303,2,1073.580645,1073.5506591796875,664.364058,408.88612,105.07528111338615,28.80151942372322,7.979284971952438,457.2422979399562,93.96723175048828,361.9238739013672,51,0,1,0,0,0,0,0,0,0,62.631935119628906,2.9914239943027496,25.884640216827393,2.459232419729233,cache_bf16,large_h6_n10_s100_wikics_arxiv,90c6fb7029699303f3be39cfbbdd83064a30479ef55c381b7707847af46961e2,19.12326431274414,91.59126427769661,0,289.4558739364147,0,0,0,0
arxiv,val,5,5,arxiv:val:000005:b1fb0d955f08ebcc,2,1172.827081,1172.796142578125,776.126561,396.379407,123.21579083800316,28.849291615188122,9.396163746714592,541.0407222807407,120.69040107727051,418.7925796508789,59,0,1,0,0,0,0,0,0,0,83.29068851470947,4.085567951202393,30.09887981414795,3.2152647972106934,cache_bf16,large_h6_n10_s100_wikics_arxiv,b1fb0d955f08ebcc1854a82d690b457a8b352e7b76fe61f26baecc15aca241c2,19.128095626831055,104.41676810383797,0,333.503907173872,0,0,0,0
arxiv,val,6,6,arxiv:val:000006:df18bd588fa33fe2,2,1142.14132,1142.1094970703125,830.090353,311.598235,128.25800944119692,29.078945517539978,9.752108715474606,586.26679610461,135.77148628234863,448.86822509765625,62,0,1,0,0,0,0,0,0,0,95.53977584838867,4.75273597240448,31.831583499908447,3.6473909616470337,cache_bf16,large_h6_n10_s100_wikics_arxiv,df18bd588fa33fe2de8fe20a19987197c455f73623e4b9fecb2e949daa89b43c,19.089279174804688,109.47289580106735,0,358.4846084713936,0,0,0,0
arxiv,val,7,7,arxiv:val:000007:5d8bef236ece6d70,2,1094.578094,1094.5440673828125,753.621116,340.593718,115.33935181796551,29.62011843919754,8.39606299996376,523.8616252318025,139.3169937133789,383.1049919128418,54,0,1,0,0,0,0,0,0,0,102.6254711151123,5.237536072731018,27.60659170150757,3.847394824028015,cache_bf16,large_h6_n10_s100_wikics_arxiv,5d8bef236ece6d70ca2faa9c61718eeb618fd2f06ab8ea1c9a211c1ffba39d87,19.43270492553711,96.37916815280914,0,306.15852868556976,0,0,0,0
arxiv,val,8,8,arxiv:val:000008:50c056e8e13586b5,2,1051.461821,1051.432373046875,744.315295,306.819,112.05579619854689,29.01996672153473,8.26025940477848,527.132784947753,136.0215663909912,389.64989471435547,55,0,1,0,0,0,0,0,0,0,99.2747859954834,5.005440056324005,28.004384517669678,3.7369558215141296,cache_bf16,large_h6_n10_s100_wikics_arxiv,50c056e8e13586b5abb1d2ff6e8a110fa32a37fc5f195ac87dde107ad2b022c3,19.160032272338867,97.94009602069855,0,310.8698309659958,0,0,0,0
arxiv,val,9,9,arxiv:val:000009:18155f7c05fbf94e,2,1158.565706,1158.5343017578125,852.812913,305.397892,138.3575601503253,28.72848231345415,9.629848413169384,599.0153411403298,145.467134475708,451.8800964355469,64,0,1,0,0,0,0,0,0,0,103.46384048461914,5.222047984600067,32.86479997634888,3.916446030139923,cache_bf16,large_h6_n10_s100_wikics_arxiv,18155f7c05fbf94e33b3f603b69cecfa80e7cedb50fe2baa74f0d28baa4b0f2b,19.10256004333496,112.36044800281525,0,358.6222084760666,0,0,0,0
arxiv,val,10,10,arxiv:val:000010:734b087b8f518269,2,1086.825293,1086.7894287109375,671.437753,415.015452,108.16232394427061,29.57130502909422,8.096322417259216,457.1943758055568,94.14144039154053,361.6710090637207,51,0,1,0,0,0,0,0,0,0,62.75257587432861,2.9948800206184387,25.930527687072754,2.4634568095207214,cache_bf16,large_h6_n10_s100_wikics_arxiv,734b087b8f5182690f6917df19e1b75fcc1ab683af3f29e5ab7c61b67b706a93,19.3623046875,91.44444784522057,0,289.58886590600014,0,0,0,0
arxiv,val,11,11,arxiv:val:000011:218fb05804b34902,2,1053.693846,1053.6610107421875,745.857225,307.426808,116.94164667278528,29.147946275770664,8.46752803772688,514.0121402218938,122.42962837219238,390.11424255371094,55,0,1,0,0,0,0,0,0,0,86.7666883468628,4.319712042808533,28.02892780303955,3.3143001794815063,cache_bf16,large_h6_n10_s100_wikics_arxiv,218fb05804b34902580b9c384ae4f6815b6ac7a814598f271d8ec7c8cc9d1e97,19.215648651123047,97.96563178300858,0,311.3642594218254,0,0,0,0
arxiv,val,12,12,arxiv:val:000012:d60fe2ae03f6eac8,2,1040.249253,1040.2130126953125,645.864512,393.960329,98.29190745949745,29.200995340943336,7.311069406569004,440.77138137072325,100.13372611999512,339.34028244018555,47,0,1,0,0,0,0,0,0,0,69.7815990447998,3.419584035873413,24.25500774383545,2.67753529548645,cache_bf16,large_h6_n10_s100_wikics_arxiv,d60fe2ae03f6eac84a1f19401647d5cb09163cbf2fc00ebcf0082f9223ce47bb,19.268672943115234,85.00560012459755,0,273.60335525870323,0,0,0,0
arxiv,val,13,13,arxiv:val:000013:268cba3e8bea6bbc,2,1220.095847,1220.061279296875,908.824329,310.892758,155.772365629673,29.221481643617153,10.877949185669422,629.1917189955711,141.79714965820312,485.71971893310547,64,0,1,0,0,0,0,0,0,0,100.03609848022461,5.057600021362305,32.89395236968994,3.8094987869262695,cache_bf16,large_h6_n10_s100_wikics_arxiv,268cba3e8bea6bbc958504f9100b127a0e6c38ffb04407559a4f1b8afca109db,19.206079483032227,112.6407679617405,0,392.2850304543972,0,0,0,0
arxiv,val,14,14,arxiv:val:000014:27e07c074f120390,2,683.914065,683.8856201171875,356.901732,326.742192,50.625440664589405,28.854219242930412,4.3252743780612946,233.18927455693483,45.25267219543457,187.13312149047852,26,0,1,0,0,0,0,0,0,0,29.442015647888184,1.3741440027952194,13.230272054672241,1.206240490078926,cache_bf16,large_h6_n10_s100_wikics_arxiv,27e07c074f120390a136a24ac21a396b7ae25d63ea5fab508a8ee0aa47af7f4e,19.12486457824707,51.105280101299286,0,155.1527059674263,0,0,0,0
arxiv,val,15,15,arxiv:val:000015:9024ef9ec454b547,2,1115.856433,1115.82568359375,805.152756,310.389431,118.54150984436274,28.761669993400574,9.769443422555923,571.0342135280371,130.16374397277832,439.2597351074219,62,0,1,0,0,0,0,0,0,0,90.34000015258789,4.4496960043907166,31.89641571044922,3.4776321053504944,cache_bf16,large_h6_n10_s100_wikics_arxiv,9024ef9ec454b5478893dc819578d8713e5a8398e93d9359ead4ec0b7f1c7d4e,19.0897274017334,109.28288009762764,0,349.06658241152763,0,0,0,0
arxiv,val,16,16,arxiv:val:000016:7e1664ccf8593701,2,838.910829,838.88134765625,480.542801,358.067073,71.72818668186665,28.791915625333786,5.86242601275444,322.6927760988474,65.47273635864258,256.1958122253418,36,0,1,0,0,0,0,0,0,0,43.09011173248291,2.0166720151901245,18.65180802345276,1.7141445875167847,cache_bf16,large_h6_n10_s100_wikics_arxiv,7e1664ccf8593701c6c8c2050a1018d04804245f371bd4eff878cb6153c7af9a,19.118688583374023,67.23648011684418,0,208.07802069187164,0,0,0,0
arxiv,val,17,17,arxiv:val:000017:7ad1ef9d9566a25d,2,1269.864453,1269.830322265625,871.095535,398.35785,139.70619905740023,29.830493964254856,10.165218263864517,605.3598364815116,149.30380821228027,454.37371826171875,64,0,1,0,0,0,0,0,0,0,107.01388931274414,5.349312007427216,32.899903774261475,4.040703117847443,cache_bf16,large_h6_n10_s100_wikics_arxiv,7ad1ef9d9566a25d388509e1100cc3c7f10c255cea9ac15eba4fcc516975eab1,19.387104034423828,112.47724831104279,0,361.2835739850998,0,0,0,0
arxiv,val,18,18,arxiv:val:000018:98b4c6d0d8b5843b,2,1203.824714,1203.7886962890625,861.871622,341.56336,137.28377223014832,30.027438886463642,9.960740804672241,608.4511503577232,157.69942474365234,449.0884475708008,63,0,1,0,0,0,0,0,0,0,114.92624282836914,5.881152033805847,32.59651184082031,4.2955180406570435,cache_bf16,large_h6_n10_s100_wikics_arxiv,98b4c6d0d8b5843b73ad7e8e529a19b402ae2295c0781a0c0395f6b729379c34,19.350431442260742,110.85907191038132,0,357.5798071026802,0,0,0,0
arxiv,val,19,19,arxiv:val:000019:afbf83efcf3da599,2,1457.144405,1457.111572265625,1145.410264,311.348595,517.681110650301,29.727866873145103,9.044544771313667,514.5362177863717,106.58911895751953,406.41280364990234,57,0,1,0,0,0,0,0,0,0,71.07753658294678,3.423616051673889,29.302367687225342,2.785598635673523,cache_bf16,large_h6_n10_s100_wikics_arxiv,afbf83efcf3da5999478e2f7e58fcecc35400cb3c4401303e814154a42eaf103,19.322175979614258,101.22697588801384,0,324.50800374150276,0,0,0,0
arxiv,val,20,20,arxiv:val:000020:dbd405fe94a09147,2,1246.369397,1246.336669921875,852.35138,393.641533,137.08900474011898,28.994297608733177,10.333262383937836,599.6186984702945,152.1773738861084,445.7943649291992,63,0,1,0,0,0,0,0,0,0,109.85273551940918,5.604896008968353,32.60339164733887,4.116350710391998,cache_bf16,large_h6_n10_s100_wikics_arxiv,dbd405fe94a0914761f2690e252ab5f02774d2c32288555d28b65fa98b2eb936,19.209632873535156,110.92102405428886,0,354.0829737484455,0,0,0,0
arxiv,val,21,21,arxiv:val:000021:d051e1dec2fdf8ab,2,1135.904138,1135.869384765625,827.886068,307.636848,133.14294908195734,29.411720111966133,9.594188071787357,579.1823137551546,136.35577583312988,441.1865921020508,62,0,1,0,0,0,0,0,0,0,95.92377662658691,4.859040021896362,31.908064365386963,3.6648948192596436,cache_bf16,large_h6_n10_s100_wikics_arxiv,d051e1dec2fdf8ab788897adb9e17b8f3543bc60cfef74e047813b2fc343b801,19.263328552246094,109.32985582947731,0,351.12006482481956,0,0,0,0
arxiv,val,22,22,arxiv:val:000022:8f46ddff5f16826d,2,950.364782,950.3330688476562,642.141463,307.800009,109.94597617536783,28.86146493256092,7.682234980165958,429.27898932248354,85.9901762008667,341.9867858886719,48,0,1,0,0,0,0,0,0,0,56.52950477600098,2.6789119839668274,24.54262351989746,2.2391359210014343,cache_bf16,large_h6_n10_s100_wikics_arxiv,8f46ddff5f16826d7791db79b925bf61248b84cafbcd6caeb7ce88994412dfad,19.121055603027344,86.62220770120621,0,274.485633790493,0,0,0,0
arxiv,val,23,23,arxiv:val:000023:a33ac7ffe04c9ef6,2,989.621304,989.5844116210938,647.277161,341.95106,103.39120402932167,29.732607305049896,7.53022450953722,437.92004603892565,100.3038387298584,336.31151962280273,47,0,1,0,0,0,0,0,0,0,69.88825416564941,3.4250240325927734,24.305728435516357,2.6848320960998535,cache_bf16,large_h6_n10_s100_wikics_arxiv,a33ac7ffe04c9ef66300780848af6861185cc9b4b5f9a3975b2bc955cba877f7,19.382272720336914,85.06179201602936,0,270.6320003271103,0,0,0,0
arxiv,val,24,24,arxiv:val:000024:da1c8050639cf918,2,1132.221733,1132.1900634765625,750.562319,381.268673,122.3114999011159,29.043438844382763,8.368035778403282,514.9993896484375,122.65491485595703,390.88134002685547,55,0,1,0,0,0,0,0,0,0,86.93484783172607,4.320512056350708,28.068864345550537,3.330690622329712,cache_bf16,large_h6_n10_s100_wikics_arxiv,da1c8050639cf9185a33e7c695e416d7f01209d4bebcd08bd37949a743344866,19.228736877441406,97.97680020332336,0,312.1332767009735,0,0,0,0
arxiv,val,25,25,arxiv:val:000025:37a8f21d03520a0e,2,1095.209908,1095.1781005859375,719.444672,375.404335,120.81050593405962,28.967139311134815,8.630018681287766,491.870628669858,114.1847038269043,376.2687072753906,53,0,1,0,0,0,0,0,0,0,79.84921646118164,3.9575040340423584,27.315136432647705,3.0628468990325928,cache_bf16,large_h6_n10_s100_wikics_arxiv,37a8f21d03520a0efc07d08cfa1d101490e54a7a2645f3dfadafc92245aa296d,19.149696350097656,94.6951362490654,0,300.7232673764229,0,0,0,0
arxiv,val,26,26,arxiv:val:000026:00f02c2c514ec60b,2,1014.840293,1014.8042602539062,685.343086,329.09807,113.03177289664745,29.84459511935711,8.124083280563354,462.7733500674367,94.37212753295898,366.99948501586914,51,0,1,0,0,0,0,0,0,0,62.93059158325195,3.0055359601974487,25.976735591888428,2.459264397621155,cache_bf16,large_h6_n10_s100_wikics_arxiv,00f02c2c514ec60b5f5723f950fa17e2a742ca96af7fd9770b341d11040c92ef,19.468128204345703,91.59183984994888,0,294.87577337026596,0,0,0,0
arxiv,val,27,27,arxiv:val:000027:8cd62bf318a20ced,2,1099.465958,1099.430419921875,718.865679,380.235631,116.2573080509901,29.153265058994293,8.42012744396925,493.34712512791157,114.56175994873047,377.3726348876953,53,0,1,0,0,0,0,0,0,0,80.1632308959961,3.9746879935264587,27.337600231170654,3.086240828037262,cache_bf16,large_h6_n10_s100_wikics_arxiv,8cd62bf318a20ced512be52c3710c221ea086084ec460c0f7c22c64bd8d66dec,19.20902442932129,94.80438408255577,0,301.77727523446083,0,0,0,0
arxiv,val,28,28,arxiv:val:000028:33517413de1e4a97,2,1014.372152,1014.3416137695312,689.07858,324.844183,113.13374526798725,29.65688891708851,8.321704342961311,467.99140702933073,96.14111995697021,370.4270133972168,52,0,1,0,0,0,0,0,0,0,63.90847969055176,3.0664640069007874,26.663935661315918,2.5022405982017517,cache_bf16,large_h6_n10_s100_wikics_arxiv,33517413de1e4a9700f5457f04f622ed1542c195cb82455a0fac9ceacb1713a0,19.29756736755371,93.04726392030716,0,296.67731684446335,0,0,0,0
arxiv,val,29,29,arxiv:val:000029:46e60dd09f5fbfe9,2,1027.752912,1027.7222900390625,665.776144,361.651481,112.61532362550497,27.78566349297762,6.681931205093861,449.85085632652044,93.35203266143799,355.1129913330078,52,0,1,0,0,0,0,0,0,0,61.34851264953613,2.921983987092972,26.6693115234375,2.4122245013713837,cache_bf16,large_h6_n10_s100_wikics_arxiv,46e60dd09f5fbfe93e7fb91664a431efd615337292ea6cb1d8678ca53464fa5f,19.130399703979492,92.89600002765656,0,281.34739100933075,0,0,0,0
arxiv,val,30,30,arxiv:val:000030:dfd3d74dd7468378,2,1035.111462,1035.0816650390625,729.332203,305.485902,112.17309534549713,27.573734521865845,6.985087879002094,518.9426522701979,136.3714542388916,379.759708404541,55,0,1,0,0,0,0,0,0,0,99.54159927368164,5.00848001241684,28.075615882873535,3.745759069919586,cache_bf16,large_h6_n10_s100_wikics_arxiv,dfd3d74dd7468378b9fe089cfadfa491a6c109bec1089a56d7c8f936713d3b00,19.075424194335938,97.73507192730904,0,301.1000606715679,0,0,0,0
arxiv,val,31,31,arxiv:val:000031:2a6403817126e571,2,1206.769938,1206.738037109375,812.43075,393.889361,131.7707160487771,27.921914122998714,7.62189831584692,569.6112532168627,138.9100799560547,429.09842681884766,61,0,1,0,0,0,0,0,0,0,98.63225746154785,4.888799965381622,31.646368503570557,3.742654025554657,cache_bf16,large_h6_n10_s100_wikics_arxiv,2a6403817126e571a35eb47f07b5f765d0f726f05ee913b223d9d38b59039542,19.121631622314453,110.30262422561646,0,337.91743421554565,0,0,0,0
arxiv,val,32,32,arxiv:val:000032:2474123e47f8abf2,2,1146.032839,1145.9986572265625,821.166303,324.468314,136.4512499421835,28.952167369425297,9.643036872148514,572.58665189147,138.8588161468506,432.1231689453125,61,0,1,0,0,0,0,0,0,0,98.5466251373291,4.936640024185181,31.638400554656982,3.7371504306793213,cache_bf16,large_h6_n10_s100_wikics_arxiv,2474123e47f8abf2ca6215adf1cf4e43394b78b20d8e53c3d9b5d131e3a2d17b,19.164255142211914,107.77612802386284,0,343.5112960636616,0,0,0,0
arxiv,val,33,33,arxiv:val:000033:d0850dde7b86cfe1,2,640.67069,640.6424560546875,295.929011,344.469979,42.83023811876774,28.971164487302303,3.502120263874531,193.66474822163582,41.296255588531494,151.67212677001953,21,0,1,0,0,0,0,0,0,0,28.188640117645264,1.335872009396553,10.635551929473877,1.1361915320158005,cache_bf16,large_h6_n10_s100_wikics_arxiv,d0850dde7b86cfe159626acbef6f22b442fc7f70a4212000a334b9de68dcb245,19.123903274536133,42.9576960504055,0,127.83833399415016,0,0,0,0
arxiv,val,34,34,arxiv:val:000034:4eaa40c7c921d8f4,2,997.756998,997.7213745117188,672.363941,325.007778,101.0380256921053,28.79980206489563,8.223342709243298,465.65664652734995,96.29379463195801,367.96627044677734,52,0,1,0,0,0,0,0,0,0,64.02447986602783,3.0697600841522217,26.69273567199707,2.506819009780884,cache_bf16,large_h6_n10_s100_wikics_arxiv,4eaa40c7c921d8f493a070722e1afd120044800ebc12cc5d04fef0e8a727b48a,19.133440017700195,93.01615992188454,0,294.083550542593,0,0,0,0
arxiv,val,35,35,arxiv:val:000035:4456808cd3029e36,2,1156.596491,1156.5609130859375,814.920449,341.344074,131.84664398431778,29.13257945328951,9.965403936803341,564.9813767522573,123.71056175231934,439.6445770263672,62,0,1,0,0,0,0,0,0,0,84.37804889678955,4.11382395029068,31.950336456298828,3.268352448940277,cache_bf16,large_h6_n10_s100_wikics_arxiv,4456808cd3029e36c6cd674805dfba1b0df5470dc0b6229da27fb0db573093a9,19.223360061645508,109.36675217747688,0,349.5011849105358,0,0,0,0
arxiv,val,36,36,arxiv:val:000036:2b915ea34f5ecb41,2,1158.108666,1158.07666015625,846.450414,311.260737,134.20191779732704,28.798460960388184,10.315175168216228,595.383757725358,142.03423881530762,451.6730270385742,64,0,1,0,0,0,0,0,0,0,100.18604850769043,5.06467205286026,32.975008487701416,3.8085097670555115,cache_bf16,large_h6_n10_s100_wikics_arxiv,2b915ea34f5ecb4195b7e648f39cc228565d57fb08ef7d137fd23d150f968b8c,19.084543228149414,112.63721606135368,0,358.12035420536995,0,0,0,0
arxiv,val,37,37,arxiv:val:000037:614f76a891d0d5a3,2,1120.387305,1120.3516845703125,808.13975,311.861704,132.67228845506907,29.70211300998926,9.730750694870949,558.8476797565818,131.82313537597656,425.4259490966797,60,0,1,0,0,0,0,0,0,0,92.80163192749023,4.575968027114868,30.914528369903564,3.5310070514678955,cache_bf16,large_h6_n10_s100_wikics_arxiv,614f76a891d0d5a3b29923cdfe9627edcfe1f02f6c18878cfe56320dda43f363,19.388896942138672,106.01878407597542,0,338.79606196284294,0,0,0,0
arxiv,val,38,38,arxiv:val:000038:1086cabadfb2c00e,2,1148.627249,1148.595703125,840.552253,307.701039,133.0807814374566,29.11444567143917,11.048165149986744,583.5241805762053,140.3316764831543,441.5519332885742,62,0,1,0,0,0,0,0,0,0,99.63462257385254,4.962592005729675,31.947840213775635,3.7866216897964478,cache_bf16,large_h6_n10_s100_wikics_arxiv,1086cabadfb2c00efbeaa45c5b1b33cf288b259cb923f3c9f7d866c8204d9074,19.188831329345703,109.40639999508858,0,351.33436462283134,0,0,0,0
arxiv,val,39,39,arxiv:val:000039:863cfc33eb9bc5c9,2,1108.71532,1108.683349609375,799.729146,308.571861,132.08109326660633,29.372218996286392,8.744741789996624,562.7234485000372,136.12351989746094,425.1283493041992,55,0,1,0,0,0,0,0,0,0,99.30777168273926,4.994719922542572,28.093535900115967,3.727492392063141,cache_bf16,large_h6_n10_s100_wikics_arxiv,863cfc33eb9bc5c943412c751858c2a4b19fae1e9600f8c00a7815f722d7057d,19.330015182495117,97.87654408812523,0,346.5818203985691,0,0,0,0
arxiv,val,40,40,arxiv:val:000040:138d2ea2dc1f5267,2,1237.501949,1237.469970703125,839.259292,397.895535,134.743164293468,28.85119616985321,9.81428474187851,588.4004663676023,142.22822380065918,444.5516815185547,62,0,1,0,0,0,0,0,0,0,101.37161636352539,5.03875195980072,31.965759754180908,3.8520957231521606,cache_bf16,large_h6_n10_s100_wikics_arxiv,138d2ea2dc1f526777d488af538e88cb175b76d812df4fc0848d5ab0513b61f3,19.14406394958496,109.45689618587494,0,354.2388492822647,0,0,0,0
arxiv,val,41,41,arxiv:val:000041:d9a4a65cfd514f1c,2,1053.38899,1053.3582763671875,746.05677,306.99773,110.97170878201723,28.745735995471478,10.67972369492054,530.857210047543,136.39804649353027,393.00892639160156,55,0,1,0,0,0,0,0,0,0,99.53730964660645,5.008863985538483,28.10329580307007,3.748577058315277,cache_bf16,large_h6_n10_s100_wikics_arxiv,d9a4a65cfd514f1cd028b6059ba71acd1c529452ede8859ce3fe42269be5e68c,19.07494354248047,97.92204767465591,0,314.1618222594261,0,0,0,0
arxiv,val,42,42,arxiv:val:000042:ff0500b9a531de21,2,1110.111084,1110.0777587890625,801.042468,308.649641,127.56857927888632,29.591954313218594,9.195544756948948,563.6542811989784,145.02774620056152,417.0733413696289,58,0,1,0,0,0,0,0,0,0,105.93062400817871,5.411135971546173,29.70368003845215,3.982306182384491,cache_bf16,large_h6_n10_s100_wikics_arxiv,ff0500b9a531de21a3663ef84355fbe474988341d4bf06609c0f4f40872603e9,19.546911239624023,103.00998377799988,0,333.61026883125305,0,0,0,0
arxiv,val,43,43,arxiv:val:000043:ddd3b371329106e9,2,1251.28467,1251.247802734375,856.283974,394.378991,134.8422784358263,29.208187945187092,9.745822288095951,592.717663384974,145.8232021331787,445.26304626464844,62,0,1,0,0,0,0,0,0,0,101.50591850280762,5.062559962272644,31.977279663085938,7.277444005012512,cache_bf16,large_h6_n10_s100_wikics_arxiv,ddd3b371329106e9b3c0c5dff47a69baa52805ccf0e8705a520aa1b2b57a9b05,19.30099105834961,109.3590399324894,0,355.20499739050865,0,0,0,0
arxiv,val,44,44,arxiv:val:000044:cf5d3d5d9903a199,2,1106.560051,1106.5264892578125,800.658007,305.526651,128.21612041443586,28.03126350045204,7.882170379161835,559.7402369603515,130.57660675048828,427.5370864868164,62,0,1,0,0,0,0,0,0,0,90.666335105896,4.455712020397186,31.9683837890625,3.486175835132599,cache_bf16,large_h6_n10_s100_wikics_arxiv,cf5d3d5d9903a19940960e7d115d98e85bc20ff08ce0d304a458cf596df6ec1b,19.165279388427734,109.19663959741592,0,337.5057262778282,0,0,0,0
arxiv,val,45,45,arxiv:val:000045:e1ef52cc72e53091,2,985.806003,985.775634765625,675.992688,309.520009,100.47700256109238,27.676365338265896,6.856124848127365,476.6525961458683,112.4854736328125,362.7703666687012,53,0,1,0,0,0,0,0,0,0,78.26473617553711,3.859808027744293,27.353600025177002,3.0073294043540955,cache_bf16,large_h6_n10_s100_wikics_arxiv,e1ef52cc72e53091c7800d41742de82340ef8f9ca0ca1a0e3701bf3b37d73687,19.1167049407959,94.50009614229202,0,287.38697546720505,0,0,0,0
arxiv,val,46,46,arxiv:val:000046:ada3ab8e88f5559f,2,1008.476799,1008.4470825195312,681.248622,326.92947,101.58017836511135,27.645932510495186,6.840185262262821,479.0058359503746,114.51881790161133,363.08813095092773,53,0,1,0,0,0,0,0,0,0,80.13849544525146,3.9498559832572937,27.36086416244507,3.069602310657501,cache_bf16,large_h6_n10_s100_wikics_arxiv,ada3ab8e88f5559fcccdcc6f953c2dd6aa4326a121c0a4aaf08dacb1b8284a90,19.09052848815918,94.5030400454998,0,287.6756193935871,0,0,0,0
arxiv,val,47,47,arxiv:val:000047:d407276f731aeb82,2,1035.923708,1035.8944091796875,730.358186,305.233408,108.68968814611435,27.632570825517178,7.454215548932552,517.9816363379359,113.44582176208496,402.9954528808594,59,0,1,0,0,0,0,0,0,0,76.5226240158081,3.6885440349578857,30.252960205078125,2.9816935062408447,cache_bf16,large_h6_n10_s100_wikics_arxiv,d407276f731aeb826a2465293d82e27bd3bfeb5cc7bff84a8a4469484aab6322,19.0645751953125,104.28480017185211,0,317.77522790431976,0,0,0,0
arxiv,val,48,48,arxiv:val:000048:dd42eff70fde6dc5,2,1227.160326,1227.1287841796875,830.352528,396.478924,120.55511865764856,27.6511013507843,8.101170882582664,599.4299929589033,160.37420654296875,437.3973846435547,64,0,1,0,0,0,0,0,0,0,117.10076904296875,5.900255978107452,32.984543800354004,4.388637721538544,cache_bf16,large_h6_n10_s100_wikics_arxiv,dd42eff70fde6dc5e47ff1df4ed4ee531b28791339a8573d15beb8be20bca69a,19.021343231201172,112.39903974533081,0,344.01968812942505,0,0,0,0
arxiv,val,49,49,arxiv:val:000049:a2b8aa86fe2b3b80,2,1098.546414,1098.5159912109375,788.529212,309.713387,119.00841724127531,27.627051807940006,7.838353514671326,561.1039232462645,136.41763305664062,423.07215881347656,62,0,1,0,0,0,0,0,0,0,95.99446487426758,4.766559958457947,31.98435115814209,3.6722570657730103,cache_bf16,large_h6_n10_s100_wikics_arxiv,a2b8aa86fe2b3b809d0aacfbc7c40ec2063058ada285d832b83a88d0103ba626,19.021696090698242,109.20271983742714,0,332.89113506674767,0,0,0,0
arxiv,val,50,50,arxiv:val:000050:2a47659d2f813532,2,1116.619317,1116.5885009765625,775.298324,340.983421,116.78660567849874,27.66854502260685,7.881813682615757,547.3777847364545,123.71097564697266,422.04988861083984,62,0,1,0,0,0,0,0,0,0,84.37731170654297,4.111808001995087,31.959712028503418,3.262143909931183,cache_bf16,large_h6_n10_s100_wikics_arxiv,2a47659d2f813532ed4dc6a42a9d4cf68dc3143b0c35fc5da3cc25947ca3b91d,19.1144962310791,109.05420789122581,0,332.11017695069313,0,0,0,0
arxiv,val,51,51,arxiv:val:000051:25fed5df9f2e16af,2,1276.812827,1276.7801513671875,883.637095,392.836167,127.7427589520812,27.808827348053455,8.233862929046154,634.6409469842911,160.53100967407227,472.4538803100586,64,0,1,0,0,0,0,0,0,0,117.21772766113281,5.915040016174316,33.00169610977173,4.396545886993408,cache_bf16,large_h6_n10_s100_wikics_arxiv,25fed5df9f2e16af5276f39be3ac9b4fbbf21cb37f57fd15fbb3eb0033ad4253,19.136127471923828,112.90191996097565,0,378.6880878210068,0,0,0,0
arxiv,val,52,52,arxiv:val:000052:03bd7d4b35d5ec75,2,976.743594,976.7137451171875,653.486824,322.966504,100.57078395038843,27.70241256803274,6.711306981742382,453.6153385415673,96.28518486022949,355.9576988220215,52,0,1,0,0,0,0,0,0,0,63.99347114562988,3.065727949142456,26.717856407165527,2.508129358291626,cache_bf16,large_h6_n10_s100_wikics_arxiv,03bd7d4b35d5ec754ccede1f77f03d4c83f1bce222870c0d7931411a50a1a0ae,19.112831115722656,92.92892798781395,0,282.1416019499302,0,0,0,0
arxiv,val,53,53,arxiv:val:000053:859d651c5c113b2b,2,1174.977325,1174.9459228515625,782.808437,391.861416,118.32565627992153,27.66232844442129,7.827977649867535,557.7382771298289,138.97913551330566,417.16439056396484,61,0,1,0,0,0,0,0,0,0,98.67238426208496,4.885824024677277,31.683648109436035,3.7372791171073914,cache_bf16,large_h6_n10_s100_wikics_arxiv,859d651c5c113b2b710e3dd92e0b453173673741fd2acce2fade900d8aeca11e,19.081279754638672,107.54921585321426,0,328.69645446538925,0,0,0,0
arxiv,val,54,54,arxiv:val:000054:300231fc70309c0c,2,1214.087789,1214.0565185546875,821.274792,392.458629,121.36750854551792,27.58980356156826,8.07178858667612,591.3830185309052,158.32886505126953,431.4166946411133,63,0,1,0,0,0,0,0,0,0,115.49609565734863,5.7981759905815125,32.72083234786987,4.313761055469513,cache_bf16,large_h6_n10_s100_wikics_arxiv,300231fc70309c0cfd22317394782a0a007fef674b24b0ff0106b29c1afc2b36,19.005311965942383,110.85244753956795,0,339.5695590674877,0,0,0,0
arxiv,val,55,55,arxiv:val:000055:a212b20457638022,2,1126.496613,1126.4654541015625,802.992994,323.191346,119.31669898331165,27.41029765456915,7.764955051243305,572.3980097100139,142.51459503173828,428.2764129638672,62,0,1,0,0,0,0,0,0,0,101.65203285217285,5.043776035308838,31.974559783935547,3.844226360321045,cache_bf16,large_h6_n10_s100_wikics_arxiv,a212b20457638022238ddab4fbf222c37df631dd211fdab1c40ca8cbfaae7cf5,18.974143981933594,109.01065614819527,0,338.2399007976055,0,0,0,0
arxiv,val,56,56,arxiv:val:000056:215743a6c95a4322,2,1251.287168,1251.25537109375,854.072795,396.779981,126.74346752464771,27.759657241404057,8.021415211260319,612.2279074043036,168.38316917419434,439.0613708496094,63,0,1,0,0,0,0,0,0,0,124.67072105407715,6.32697594165802,32.755648136138916,4.6298240423202515,cache_bf16,large_h6_n10_s100_wikics_arxiv,215743a6c95a4322fe408a6ba7a4a9370a75f4cc4532aaca99dde5ef8f023db6,19.12633514404297,110.73587191104889,0,347.45183408260345,0,0,0,0
arxiv,val,57,57,arxiv:val:000057:93b7a7f59cc74a9e,2,1183.880994,1183.8487548828125,791.559985,391.93084,117.86924861371517,27.587179094552994,7.895081304013729,563.7425621971488,142.53241729736328,419.59593963623047,62,0,1,0,0,0,0,0,0,0,101.59379386901855,5.075168013572693,32.01107215881348,3.852383255958557,cache_bf16,large_h6_n10_s100_wikics_arxiv,93b7a7f59cc74a9ee193ce677f5005da0c006b92d97b540966bd127e7f276715,19.06572723388672,109.11078384518623,0,329.55088302493095,0,0,0,0
arxiv,val,58,58,arxiv:val:000058:baff727dd79bfef8,2,1018.023302,1017.992431640625,707.146532,310.582279,108.060990460217,27.516620233654976,7.269451394677162,495.4533902928233,106.97977828979492,386.9753646850586,57,0,1,0,0,0,0,0,0,0,71.32422351837158,3.4328319430351257,29.42739248275757,2.7953303456306458,cache_bf16,large_h6_n10_s100_wikics_arxiv,baff727dd79bfef81394c2cc7d0db687035b7850b8cd72fd35533259dcbc5e44,19.046112060546875,100.97247985005379,0,305.0489968955517,0,0,0,0
arxiv,val,59,59,arxiv:val:000059:283bfc5fbdab96be,2,1095.191735,1095.16064453125,788.563335,306.285725,119.02086157351732,27.648871764540672,7.721814326941967,562.7641240134835,140.48825454711914,420.66492462158203,62,0,1,0,0,0,0,0,0,0,99.73106956481934,4.959551990032196,32.001951694488525,3.7956812977790833,cache_bf16,large_h6_n10_s100_wikics_arxiv,283bfc5fbdab96be178e1ef02673805c313e85a7db94d22467b6608e90253fa3,19.077024459838867,109.16937625408173,0,330.5725728273392,0,0,0,0
arxiv,val,60,60,arxiv:val:000060:223fff55dd3aa076,2,955.585035,955.5548095703125,648.783885,306.491132,98.0530446395278,27.900412678718567,6.665959022939205,451.1663317680359,97.32732772827148,352.4683151245117,52,0,1,0,0,0,0,0,0,0,64.9458236694336,3.105087995529175,26.735136032104492,2.5412800312042236,cache_bf16,large_h6_n10_s100_wikics_arxiv,223fff55dd3aa07627e13f9449707c2e850612851f89eb5f38bbde0ba338602a,19.428863525390625,92.85497602820396,0,279.0422026216984,0,0,0,0
arxiv,val,61,61,arxiv:val:000061:819cfb4438026420,2,1060.093879,1060.0633544921875,753.630767,306.171353,110.74247676879168,27.557221241295338,7.502450607717037,534.3438796699047,132.0897274017334,400.7098617553711,59,0,1,0,0,0,0,0,0,0,93.60774421691895,4.643296003341675,30.282464027404785,3.556223154067993,cache_bf16,large_h6_n10_s100_wikics_arxiv,819cfb4438026420a44e76d1b5e4396b6c12d15e01cdfdca4eafe4356bf5fd78,19.062719345092773,104.24857604503632,0,315.52400505542755,0,0,0,0
arxiv,val,62,62,arxiv:val:000062:f14653257fd8d626,2,1043.563582,1043.5338134765625,737.446461,305.814306,113.01546823233366,27.665412984788418,7.480587810277939,518.9576037228107,117.41590309143066,400.0021743774414,59,0,1,0,0,0,0,0,0,0,80.11625576019287,3.903104066848755,30.28976058959961,3.1067826747894287,cache_bf16,large_h6_n10_s100_wikics_arxiv,f14653257fd8d626a647b705baa748c4047f2bffaa9a0536a43e3e90199fe238,19.051424026489258,104.23516795039177,0,314.8184304535389,0,0,0,0
arxiv,val,63,63,arxiv:val:000063:a6c9213601343c5a,2,1094.164261,1094.1318359375,785.283722,308.443104,115.9145375713706,27.68355794250965,7.737231440842152,560.0498514249921,136.5049591064453,421.9219512939453,62,0,1,0,0,0,0,0,0,0,96.061598777771,4.766207933425903,32.00489616394043,3.6722562313079834,cache_bf16,large_h6_n10_s100_wikics_arxiv,a6c9213601343c5af310560e147a57675830c585f12c4b745f42161685ac0945,19.10848045349121,109.13232010602951,0,331.898111641407,0,0,0,0
arxiv,val,64,64,arxiv:val:000064:1f114887af1ecfa5,2,1078.384654,1078.349609375,766.779766,311.170801,111.42862308770418,28.09126488864422,7.288563996553421,547.7967839688063,144.89996719360352,401.34969329833984,58,0,1,0,0,0,0,0,0,0,105.80486297607422,5.401952028274536,29.718079566955566,3.9750726222991943,cache_bf16,large_h6_n10_s100_wikics_arxiv,1f114887af1ecfa56bcb4f6bc29544f32172af5626be259cf411be7bd9bc4eed,19.2521915435791,102.75119996070862,0,317.8506848812103,0,0,0,0
arxiv,val,65,65,arxiv:val:000065:a0032c4710ae3a15,2,1236.629304,1236.58935546875,843.313778,392.967951,129.05289512127638,29.742661863565445,7.963421754539013,600.2468913793564,152.97683143615723,445.6214370727539,63,0,1,0,0,0,0,0,0,0,110.44905471801758,5.626272022724152,32.754464626312256,4.147040069103241,cache_bf16,large_h6_n10_s100_wikics_arxiv,a0032c4710ae3a1546d174201bd65f39f734bad0dbaa659b3bf599a5959b7ddf,19.319040298461914,110.74822422862053,0,354.1922531425953,0,0,0,0
arxiv,val,66,66,arxiv:val:000066:fd1e8eebbd69f945,2,1141.589087,1141.5574951171875,828.000911,313.186321,120.84263563156128,27.570543810725212,8.005273528397083,595.2424071729183,143.96544075012207,449.6139144897461,64,0,1,0,0,0,0,0,0,0,102.0181770324707,5.06902402639389,33.01251173019409,3.865727961063385,cache_bf16,large_h6_n10_s100_wikics_arxiv,fd1e8eebbd69f945b7937053fe1894d7aa4e3d017b7566cbc0ddbd2ec591ade0,19.063007354736328,112.61999988555908,0,356.05692195892334,0,0,0,0
arxiv,val,67,67,arxiv:val:000067:ad1389fe50ead330,2,1145.27894,1145.2454833984375,833.736286,311.132169,130.90166170150042,28.44671718776226,9.258230216801167,581.7541657015681,149.60166549682617,430.5866165161133,59,0,1,0,0,0,0,0,0,0,109.6983699798584,5.502880096435547,30.291744709014893,4.108670711517334,cache_bf16,large_h6_n10_s100_wikics_arxiv,ad1389fe50ead330fcbb0d1c3b6897b19fadd83f66a990bd417484c3cd9c8118,19.1397762298584,104.58527991175652,0,345.14111283421516,0,0,0,0
arxiv,val,68,68,arxiv:val:000068:0e2309a14e4e7ad2,2,650.072592,650.0408935546875,303.996161,345.748684,32.62267727404833,33.589729107916355,3.405451774597168,195.18280401825905,41.444960594177246,152.96931266784668,21,0,1,0,0,0,0,0,0,0,28.288512229919434,1.341152012348175,10.6702721118927,1.1450242400169373,cache_bf16,large_h6_n10_s100_wikics_arxiv,0e2309a14e4e7ad206ec00b0afceb8be3573064c0f92010b47f04a2ba2d1f390,19.284896850585938,43.05433601140976,0,129.19987350702286,0,0,0,0
arxiv,val,69,69,arxiv:val:000069:d86e811a7bc24db7,2,1177.989201,1177.955078125,836.665127,340.991484,131.1547141522169,28.009171597659588,7.973112165927887,594.9967093765736,158.20550537109375,435.15596771240234,63,0,1,0,0,0,0,0,0,0,115.26566505432129,5.885856032371521,32.745824337005615,4.308159947395325,cache_bf16,large_h6_n10_s100_wikics_arxiv,d86e811a7bc24db744e8778bf19d7b3f44eb7d7ebf8bfe7ccd74c22d935087f2,19.213632583618164,110.84041595458984,0,343.52918434143066,0,0,0,0
arxiv,val,70,70,arxiv:val:000070:2a3d92150c4f73db,2,1035.656531,1035.6253662109375,729.590927,305.751541,116.93992372602224,27.69685536623001,7.070993073284626,504.4106440618634,120.60073471069336,382.34678649902344,56,0,1,0,0,0,0,0,0,0,84.59564876556396,4.1612160205841064,28.599584102630615,3.244285821914673,cache_bf16,large_h6_n10_s100_wikics_arxiv,2a3d92150c4f73db35252c8869d52c2058311805ab42839e792ab8f73946b897,19.080703735351562,99.4445763528347,0,301.9829138815403,0,0,0,0
arxiv,val,71,71,arxiv:val:000071:cf9896e4eb750fe0,2,1085.601986,1085.570068359375,774.226478,311.068365,125.59349741786718,28.013168834149837,7.569082081317902,543.3220267295837,131.86761474609375,409.8798065185547,60,0,1,0,0,0,0,0,0,0,92.77510452270508,4.573823988437653,30.991136074066162,3.527550160884857,cache_bf16,large_h6_n10_s100_wikics_arxiv,cf9896e4eb750fe0c9cee7c8b288a7a8e49d9cc63c2a39ef685e91beaa53ed04,19.18000030517578,105.84441590309143,0,323.21539092063904,0,0,0,0
arxiv,val,72,72,arxiv:val:000072:11c31d8e3f561208,2,1156.065533,1156.0335693359375,827.794271,327.951304,130.30096422880888,27.776257134974003,8.0536724999547,588.3572278544307,149.75971031188965,436.93750762939453,64,0,1,0,0,0,0,0,0,0,107.30813026428223,5.349792003631592,33.055999755859375,4.045788288116455,cache_bf16,large_h6_n10_s100_wikics_arxiv,11c31d8e3f5612084a2dbd8c1a42815cb6224c2900ec1d9301030c9f7d9ebb85,19.108959197998047,112.34790390729904,0,343.69856292009354,0,0,0,0
arxiv,val,73,73,arxiv:val:000073:1332d50ddf2eeca1,2,1208.652931,1208.6209716796875,815.568723,392.761651,124.0385314449668,27.803252451121807,7.924703881144524,584.4799112528563,152.90592002868652,429.93711853027344,63,0,1,0,0,0,0,0,0,0,110.40547370910645,5.608671963214874,32.754719734191895,4.137054622173309,cache_bf16,large_h6_n10_s100_wikics_arxiv,1332d50ddf2eeca169e5b81ca0b3ac3e1c51f99b4e36d2902cde6073b387a2d0,19.1396484375,110.82822400331497,0,338.24854296445847,0,0,0,0
arxiv,val,74,74,arxiv:val:000074:e0a31edde87a7444,2,989.392657,989.361328125,679.505591,309.59079,103.61752659082413,27.5174118578434,6.744190119206905,476.38239059597254,112.4638729095459,362.5186538696289,53,0,1,0,0,0,0,0,0,0,78.19587135314941,3.857375979423523,27.40998363494873,3.000641942024231,cache_bf16,large_h6_n10_s100_wikics_arxiv,e0a31edde87a744459029bea340649f33a84460931b483db992080e065477e9e,19.032384872436523,94.4873920083046,0,287.06364673376083,0,0,0,0
arxiv,val,75,75,arxiv:val:000075:0a132a451a46a45b,2,1138.468844,1138.43701171875,761.78425,376.287229,105.09198810905218,28.02337985485792,6.968118250370026,547.5196726620197,111.08982467651367,434.9678955078125,55,0,1,0,0,0,0,0,0,0,76.25974464416504,3.716223955154419,28.166912078857422,2.946943998336792,cache_bf16,large_h6_n10_s100_wikics_arxiv,0a132a451a46a45bcb97637eec4dab61c47b992cacfe8b0fdcf22dbb745a1380,19.152639389038086,100.12729600071907,0,353.9932388961315,0,0,0,0
arxiv,val,76,76,arxiv:val:000076:b1ad7f9bb93742d5,2,1141.01015,1140.971435546875,754.676891,385.89615,118.24536137282848,28.484050184488297,7.058354094624519,526.6117826104164,122.85331153869629,402.29162216186523,55,0,1,0,0,0,0,0,0,0,87.06144046783447,4.314400017261505,28.160544395446777,3.316926658153534,cache_bf16,large_h6_n10_s100_wikics_arxiv,b1ad7f9bb93742d57d93c723bded1ff9487d253437f89c993ed39560542cccda,19.261695861816406,97.96207988262177,0,323.5912381410599,0,0,0,0
arxiv,val,77,77,arxiv:val:000077:636e20ca6e1d821d,2,1072.533776,1072.4945068359375,713.371914,358.756912,97.79917728155851,28.546771965920925,6.813583895564079,493.16475726664066,109.6155834197998,382.1305274963379,53,0,1,0,0,0,0,0,0,0,75.57839965820312,3.7039040327072144,27.419072151184082,2.9142075777053833,cache_bf16,large_h6_n10_s100_wikics_arxiv,636e20ca6e1d821d85f8b6f88702a66347f568d2975ab829f49e905d3295654b,19.287647247314453,94.95907181501389,0,306.45910292863846,0,0,0,0
arxiv,val,78,78,arxiv:val:000078:23743d45533046ec,2,1097.084549,1097.051513671875,787.630589,308.993437,113.00186533480883,28.477494604885578,9.295607917010784,559.2417381703854,142.83523178100586,414.8075866699219,60,0,1,0,0,0,0,0,0,0,102.83209609985352,5.152128040790558,30.987264156341553,3.863743484020233,cache_bf16,large_h6_n10_s100_wikics_arxiv,23743d45533046eceaf1c1af64d1e14aaa8f5a22c78f7016394923a043b2804a,19.205888748168945,108.38431990146637,0,325.62915551662445,0,0,0,0
arxiv,val,79,79,arxiv:val:000079:1e65174104a1505a,2,1295.481734,1295.440185546875,900.867655,394.175899,126.4326274394989,28.832451440393925,7.942536845803261,655.0455680117011,166.91490936279297,486.4904022216797,62,0,1,0,0,0,0,0,0,0,124.16944122314453,6.174015998840332,32.02883243560791,4.542619705200195,cache_bf16,large_h6_n10_s100_wikics_arxiv,1e65174104a1505a7bdd624a1acd688b3680da85996d2ef44bbbc87389e196e4,19.388671875,111.23036819696426,0,394.6487058997154,0,0,0,0
arxiv,val,80,80,arxiv:val:000080:5938139cc92984b8,2,986.546478,986.5126342773438,623.733243,362.47858,84.64984688907862,27.55743730813265,6.0336533933877945,436.9668597355485,97.26009750366211,338.3921890258789,49,0,1,0,0,0,0,0,0,0,66.09945678710938,3.1905280351638794,25.41529607772827,2.5548166036605835,cache_bf16,large_h6_n10_s100_wikics_arxiv,5938139cc92984b8a1aaeb096edff4af8ce500ccf4df6024b66b636ee66fb8ad,19.06073570251465,88.01241591572762,0,269.44050881266594,0,0,0,0
arxiv,val,81,81,arxiv:val:000081:103812d8128782bf,2,1050.60185,1050.5706787109375,738.989238,311.25268,101.83276701718569,27.5878282263875,7.1994103491306305,530.7866092771292,134.14681816101074,395.09903717041016,59,0,1,0,0,0,0,0,0,0,95.42764854431152,4.746783912181854,30.34111976623535,3.631265938282013,cache_bf16,large_h6_n10_s100_wikics_arxiv,103812d8128782bf2d6b0a6e4559818f35c7ea64484cee79dbf3fd92559a9169,19.145727157592773,104.12080001831055,0,310.1239643096924,0,0,0,0
arxiv,val,82,82,arxiv:val:000082:ef97f140c26e76a7,2,1065.699107,1065.6685791015625,755.153265,310.223966,108.96254982799292,27.36508660018444,7.563934661448002,541.241436265409,130.65824127197266,408.98680877685547,61,0,1,0,0,0,0,0,0,0,90.87983989715576,4.561024010181427,31.740832328796387,3.476545035839081,cache_bf16,large_h6_n10_s100_wikics_arxiv,ef97f140c26e76a76756767fb519c0006836b4ec6a63adff45776dc58da7edf0,19.065343856811523,107.58838418126106,0,320.46376845240593,0,0,0,0
arxiv,val,83,83,arxiv:val:000083:a39d60ef16fc4859,2,1178.145562,1178.1141357421875,779.746836,398.094644,109.3745157122612,27.417778968811035,7.556266151368618,560.123442672193,142.49692726135254,416.01930236816406,62,0,1,0,0,0,0,0,0,0,101.54815673828125,5.04067200422287,32.06195259094238,3.8461459279060364,cache_bf16,large_h6_n10_s100_wikics_arxiv,a39d60ef16fc4859f0cbb1f8bd127e91871eb54fff72fe03a1c091da9dd2a231,19.08019256591797,109.03276771306992,0,326.0667272210121,0,0,0,0
arxiv,val,84,84,arxiv:val:000084:5e59d4339eecb4b0,2,997.016681,996.9866943359375,690.021395,306.689883,90.43281711637974,27.522535994648933,6.611320190131664,494.11077331751585,130.0681610107422,362.6215019226074,54,0,1,0,0,0,0,0,0,0,94.02204895019531,4.711199998855591,27.77936029434204,3.555551767349243,cache_bf16,large_h6_n10_s100_wikics_arxiv,5e59d4339eecb4b0483be1a708ce6e0900ea0d36b21157a03b359dd6edca154f,19.122400283813477,96.16953614354134,0,285.57436606287956,0,0,0,0
arxiv,val,85,85,arxiv:val:000085:d0843ce56b22dc73,2,1086.604359,1086.5743408203125,762.376765,323.919732,104.70097046345472,27.567479759454727,7.33181182295084,550.7976235821843,146.7296314239502,402.5009231567383,60,0,1,0,0,0,0,0,0,0,106.37215995788574,5.325887978076935,31.034624099731445,3.996959388256073,cache_bf16,large_h6_n10_s100_wikics_arxiv,d0843ce56b22dc73a3618d338723a965a999cb83eeceeaa30cb60167e3ac1382,19.1167049407959,105.8351044356823,0,315.7825236618519,0,0,0,0
arxiv,val,86,86,arxiv:val:000086:c931e503a421c342,2,1075.581947,1075.550537109375,768.36424,306.86041,109.94611866772175,27.499118819832802,7.664348930120468,547.4737230688334,130.87212562561035,414.9908752441406,62,0,1,0,0,0,0,0,0,0,90.83702373504639,4.458464026451111,32.07961559295654,3.497022271156311,cache_bf16,large_h6_n10_s100_wikics_arxiv,c931e503a421c34267ec82b94e039d60e19b3bf05af914aae79205e0decda7d4,19.10527992248535,109.04284778237343,0,325.05330738425255,0,0,0,0
arxiv,val,87,87,arxiv:val:000087:9f3a2d6097b0f6bd,2,1072.590903,1072.5606689453125,761.89837,310.383602,107.4655782431364,27.434756979346275,7.463282905519009,550.8015407249331,139.31881713867188,409.89593505859375,61,0,1,0,0,0,0,0,0,0,98.8808650970459,4.936704039573669,31.75769567489624,3.743552327156067,cache_bf16,large_h6_n10_s100_wikics_arxiv,9f3a2d6097b0f6bdc313c6295f2299bc6c3187102e3e75faf02bfa838fb30ae0,19.07263946533203,108.59555187821388,0,320.3730226457119,0,0,0,0
arxiv,val,88,88,arxiv:val:000088:d92d2e293d83fe2f,2,1139.616085,1139.5850830078125,746.64619,392.666141,103.38974557816982,27.441234327852726,7.322036661207676,529.9573419615626,126.5788803100586,401.81273651123047,60,0,1,0,0,0,0,0,0,0,87.71500778198242,4.426496088504791,31.068639755249023,3.368736684322357,cache_bf16,large_h6_n10_s100_wikics_arxiv,d92d2e293d83fe2f12b22432fd45e9e92790a6d804e43b5675e947d66dc7965e,19.02275276184082,105.76604828238487,0,315.0694409906864,0,0,0,0
arxiv,val,89,89,arxiv:val:000089:ca95f6f1b4e66743,2,812.434277,812.4054565429688,453.883887,358.284649,62.577418982982635,27.66587119549513,4.504473879933357,310.51383540034294,65.64102458953857,243.85667037963867,36,0,1,0,0,0,0,0,0,0,43.1878399848938,2.012800008058548,18.72972798347473,1.710656613111496,cache_bf16,large_h6_n10_s100_wikics_arxiv,ca95f6f1b4e66743e24e634927bd1f85787d4b5f1d0520aed4dd463ee6107386,19.08576011657715,67.05503994226456,0,195.88739055395126,0,0,0,0
arxiv,val,90,90,arxiv:val:000090:c11b4735265097a4,2,873.775663,873.7459716796875,510.935014,362.578381,67.38051772117615,27.444178238511086,4.9514165148139,356.3531460240483,85.52947235107422,269.7207679748535,40,0,1,0,0,0,0,0,0,0,59.5228157043457,2.999359965324402,20.694976091384888,2.312320590019226,cache_bf16,large_h6_n10_s100_wikics_arxiv,c11b4735265097a44930d96d5587558acbb6ad2ce18590c698eac674f2a4537d,19.049407958984375,73.46127986907959,0,215.3088960647583,0,0,0,0
arxiv,val,91,91,arxiv:val:000091:3080ca54e7b4810a,2,1084.303676,1084.2724609375,773.152904,310.838153,113.97709418088198,27.521266601979733,7.227123714983463,548.5054813325405,143.17587280273438,403.7619171142578,60,0,1,0,0,0,0,0,0,0,103.05862426757812,5.163968026638031,31.06156826019287,3.891712248325348,cache_bf16,large_h6_n10_s100_wikics_arxiv,3080ca54e7b4810a5398d13cb2684ed159ae5e73eba029f817a64cc835d8ee00,19.126815795898438,105.82963213324547,0,317.0591007769108,0,0,0,0
arxiv,val,92,92,arxiv:val:000092:c554553d97e30d78,2,1037.635745,1037.60498046875,627.107248,410.220381,100.688636302948,27.57994458079338,6.2240250408649445,442.8012976422906,94.51542472839355,346.9345932006836,51,0,1,0,0,0,0,0,0,0,62.97609519958496,2.995360016822815,26.076640129089355,2.4673293828964233,cache_bf16,large_h6_n10_s100_wikics_arxiv,c554553d97e30d78d7909dfafe3fbb78151bd68f5f605863d751110e5db6a7f9,19.135744094848633,91.23139196634293,0,274.8389453291893,0,0,0,0
arxiv,val,93,93,arxiv:val:000093:f7af87a891af9d09,2,1104.766849,1104.7362060546875,797.349104,307.124596,128.60119342803955,27.58213598281145,7.586780935525894,571.144693531096,136.8175983428955,432.70758056640625,62,0,1,0,0,0,0,0,0,0,96.24857711791992,4.85945600271225,32.052032470703125,3.657532751560211,cache_bf16,large_h6_n10_s100_wikics_arxiv,f7af87a891af9d09f37e54b0d2c012c059c353aa05a62ef5edbdf198016c320b,19.100576400756836,109.11481600999832,0,342.69334095716476,0,0,0,0
arxiv,val,94,94,arxiv:val:000094:c49ce41630690eb2,2,1057.506078,1057.475341796875,749.877651,307.288033,116.39094725251198,27.51409262418747,7.321014069020748,540.0827722623944,134.9815673828125,403.5257339477539,60,0,1,0,0,0,0,0,0,0,95.60303974151611,4.751935958862305,31.00492763519287,3.621664047241211,cache_bf16,large_h6_n10_s100_wikics_arxiv,c49ce41630690eb2875e5821578e9175ae7b054958b3e878556ae492365cbc54,19.094751358032227,105.68780824542046,0,316.9326770603657,0,0,0,0
arxiv,val,95,95,arxiv:val:000095:d1b804cfe6bbd7e7,2,1117.322948,1117.2913818359375,771.148658,345.821715,116.50297231972218,27.530303224921227,7.586253806948662,558.8249275460839,140.60121536254883,416.61158752441406,62,0,1,0,0,0,0,0,0,0,99.79360008239746,4.956351935863495,32.060895919799805,3.7903674244880676,cache_bf16,large_h6_n10_s100_wikics_arxiv,d1b804cfe6bbd7e705150c6ddc19faca93a98d8004ede770615deb67bbf7b37f,19.088895797729492,109.0623682141304,0,326.63811510801315,0,0,0,0
arxiv,val,96,96,arxiv:val:000096:ec672f4715dd3985,2,1074.635913,1074.6048583984375,767.123223,307.189735,110.2491719648242,27.502939105033875,7.566580548882484,559.7918592393398,140.7646713256836,417.41207122802734,62,0,1,0,0,0,0,0,0,0,99.96812629699707,4.946975946426392,32.0665283203125,3.783040761947632,cache_bf16,large_h6_n10_s100_wikics_arxiv,ec672f4715dd3985423b1d7da9aaae0f5347758a5d73c859780f2f3e7aa6498f,19.095199584960938,109.03632035851479,0,327.4709504544735,0,0,0,0
arxiv,val,97,97,arxiv:val:000097:f6245857f5f07407,2,1177.902004,1177.8701171875,781.855923,395.648036,112.51008789986372,27.396025136113167,7.680566981434822,572.3488526418805,144.86787223815918,425.8418197631836,63,0,1,0,0,0,0,0,0,0,103.00694465637207,5.113439977169037,32.847968101501465,3.8995195031166077,cache_bf16,large_h6_n10_s100_wikics_arxiv,f6245857f5f07407b3f88778c9316b16c98f8849b85552d58bca7df1a935723e,19.077951431274414,110.69955211877823,0,334.2202190756798,0,0,0,0
arxiv,val,98,98,arxiv:val:000098:fc6abf08b8b0001e,2,894.912092,894.8826904296875,588.586053,306.02539,86.6708355024457,27.587161399424076,5.800197832286358,412.5590994954109,86.33718395233154,324.93081283569336,48,0,1,0,0,0,0,0,0,0,56.711424827575684,2.6796800196170807,24.702239990234375,2.2438391149044037,cache_bf16,large_h6_n10_s100_wikics_arxiv,fc6abf08b8b0001e9313d3417be92f18e0e0864d878974971cf6ffcc7e7350c3,19.40220832824707,86.4352959394455,0,257.89772522449493,0,0,0,0
arxiv,val,99,99,arxiv:val:000099:66f7ff1f3a72ebb7,2,1079.941649,1079.91064453125,768.501993,311.039557,107.22051747143269,28.904524631798267,7.201619446277618,555.124836973846,149.20595359802246,404.370361328125,59,0,1,0,0,0,0,0,0,0,109.41459274291992,5.4958720207214355,30.19577646255493,4.099712371826172,cache_bf16,large_h6_n10_s100_wikics_arxiv,66f7ff1f3a72ebb7a8bb64ef808626e952cdfdaa780c993573ad1026141d4d65,19.03107261657715,104.18816012144089,0,319.21327382326126,0,0,0,0
arxiv,test,100,0,arxiv:test:000000:8aeecba8862d1102,2,1044.400101,1044.326904296875,687.2273,356.598916,147.35761377960443,32.96600840985775,5.785692483186722,403.53321097791195,92.85151958465576,309.32067108154297,45,0,1,0,0,0,0,0,0,0,63.48617649078369,3.1112000346183777,23.56764817237854,2.6864948868751526,cache_bf16,large_h6_n10_s100_wikics_arxiv,8aeecba8862d11020a114168d046089c4e2d396f1d577261816bc2a09d70c909,20.38719940185547,81.68863993883133,0,248.0192305445671,0,0,0,0
arxiv,test,101,1,arxiv:test:000001:34c176a088ad1429,2,1183.319438,1183.2860107421875,792.284916,390.747075,110.4160500690341,28.118382208049297,7.714083418250084,570.8721475675702,148.0057601928711,421.2464599609375,62,0,1,0,0,0,0,0,0,0,106.63731384277344,5.342944025993347,32.0098557472229,4.015646576881409,cache_bf16,large_h6_n10_s100_wikics_arxiv,34c176a088ad14291b4ca520137113412e5b7c8ea153de8adcead79fdbf6e251,19.059743881225586,108.92451190948486,0,331.3816919326782,0,0,0,0
arxiv,test,102,2,arxiv:test:000002:d675140a548725b4,2,1104.123941,1104.0933837890625,644.629231,459.223659,79.76716198027134,26.424504816532135,6.492475979030132,468.48329436033964,115.96211242675781,351.1432991027832,52,0,1,0,0,0,0,0,0,0,82.02825546264648,4.059647977352142,26.753984451293945,3.1202245354652405,cache_bf16,large_h6_n10_s100_wikics_arxiv,d675140a548725b4c6d4948151c0ffed99b5b331ac253fabce8422878f98cbc5,19.127296447753906,92.82528007030487,0,277.44531548023224,0,0,0,0
arxiv,test,103,3,arxiv:test:000003:77e480c4e7aba13c,2,1027.03976,1027.009033203125,687.79311,338.979809,83.57002586126328,26.347655802965164,6.2000565230846405,507.228747010231,162.64447784423828,343.2276840209961,51,0,1,0,0,0,0,0,0,0,125.47571182250977,6.453727960586548,26.12931203842163,4.585726022720337,cache_bf16,large_h6_n10_s100_wikics_arxiv,77e480c4e7aba13c6f51e9b3b822650b1679f5fc8a9d112ac559dac67edbaa2d,19.031808853149414,91.22198402881622,0,271.0375088453293,0,0,0,0
arxiv,test,104,4,arxiv:test:000004:e76d0c446fb20015,2,1012.306948,1012.2764892578125,708.115461,303.919594,82.04209990799427,25.85086040198803,6.957546807825565,527.7610654011369,138.810302734375,387.46204376220703,57,0,1,0,0,0,0,0,0,0,100.45324897766113,5.072704017162323,29.49017572402954,3.794174015522003,cache_bf16,large_h6_n10_s100_wikics_arxiv,e76d0c446fb200155bab8f5b50e1bfeee149028b49c0cefdbf77cd82298987ef,19.066911697387695,101.03862398862839,0,305.49033147096634,0,0,0,0
arxiv,test,105,5,arxiv:test:000005:5f27d2a1b37cbc3e,2,1055.594419,1055.5643310546875,733.503216,321.803348,86.8409238755703,26.391033083200455,7.558496668934822,542.8950125351548,122.75945472717285,418.5262985229492,62,0,1,0,0,0,0,0,0,0,83.47139167785645,4.043391942977905,32.015647888183594,3.2290232181549072,cache_bf16,large_h6_n10_s100_wikics_arxiv,5f27d2a1b37cbc3ef73ce9f6c26f05ba8e10225420a2c8bd688c25086552f86b,19.091487884521484,108.7825279533863,0,328.8352584540844,0,0,0,0
arxiv,test,106,6,arxiv:test:000006:665d2ed7aedfc59e,2,939.021546,938.9928588867188,634.144304,304.611206,65.79990964382887,26.234024204313755,6.743996404111385,476.1760085821152,105.42195129394531,369.3067169189453,55,0,1,0,0,0,0,0,0,0,70.99228858947754,3.4396159648895264,28.21244764328003,2.7775990962982178,cache_bf16,large_h6_n10_s100_wikics_arxiv,665d2ed7aedfc59ebde23874a48b455bfdc251afad90b472d910958edcb2e5e4,19.089984893798828,97.57081586122513,0,290.825885951519,0,0,0,0
arxiv,test,107,7,arxiv:test:000007:3d27bf4752315273,2,1136.929785,1136.8988037109375,745.987755,390.652437,69.00263391435146,25.944780558347702,7.555633783340454,571.3381664827466,154.37360000610352,415.3598403930664,62,0,1,0,0,0,0,0,0,0,112.4345588684082,5.666527986526489,32.05833578109741,4.214177370071411,cache_bf16,large_h6_n10_s100_wikics_arxiv,3d27bf4752315273e1cbbe2c6a1f755d0b85001b2bdf23e7f57b8dcb680be002,19.096223831176758,108.89331215620041,0,325.56275206804276,0,0,0,0
arxiv,test,108,8,arxiv:test:000008:a866a0597966c6f4,2,967.482103,967.453125,658.357129,308.848362,59.317064471542835,25.836603716015816,6.972603499889374,491.4570227265358,114.68886375427246,375.3023376464844,56,0,1,0,0,0,0,0,0,0,79.11606407165527,3.8744959831237793,28.63558340072632,3.06272029876709,cache_bf16,large_h6_n10_s100_wikics_arxiv,a866a0597966c6f452e6217ca6a8fae250237e23f2323f08fb1b09771ca5f4f3,19.069087982177734,99.23167982697487,0,295.13974580168724,0,0,0,0
arxiv,test,109,9,arxiv:test:000009:2acb6a66afedb5c0,2,1118.208745,1118.177490234375,653.491706,464.445064,61.53912469744682,25.8478419855237,6.839188747107983,494.43644657731056,123.10339164733887,369.9039421081543,55,0,1,0,0,0,0,0,0,0,87.24310398101807,4.3371840715408325,28.192959785461426,3.3301438093185425,cache_bf16,large_h6_n10_s100_wikics_arxiv,2acb6a66afedb5c05fc17390d5ae9636d3bafb1f422d5eff4ee9e53078a4ef42,19.04083251953125,97.6315843462944,0,291.31319028139114,0,0,0,0
arxiv,test,110,10,arxiv:test:000010:c37504f6fbb77657,2,1172.530788,1172.4993896484375,777.001963,395.2306,65.786506049335,25.79500712454319,7.788820192217827,602.1155491471291,177.96502304077148,422.5171585083008,63,0,1,0,0,0,0,0,0,0,133.42889595031738,6.7937281131744385,32.80515193939209,4.937247037887573,cache_bf16,large_h6_n10_s100_wikics_arxiv,c37504f6fbb77657795f6a4fab3ab20e6a4b90de3ca703855f666b761f785cdf,18.946815490722656,110.67065635323524,0,330.7933176457882,0,0,0,0
arxiv,test,111,11,arxiv:test:000011:548262a0e76189ec,2,1094.418033,1094.38720703125,737.737278,356.40321,65.66909328103065,25.89445188641548,7.698207162320614,568.0209659039974,150.46185684204102,415.9513931274414,62,0,1,0,0,0,0,0,0,0,108.81136131286621,5.520735919475555,32.039647579193115,4.090112030506134,cache_bf16,large_h6_n10_s100_wikics_arxiv,548262a0e76189ecd6e0a5d5e3260e3cd918a64948a825acac21649a7a162df4,19.06230354309082,108.95750424265862,0,326.0561924278736,0,0,0,0
arxiv,test,112,12,arxiv:test:000012:565a3afdfe27876b,2,867.781464,867.7528076171875,558.477964,309.043315,49.59541466087103,25.923576205968857,5.988976918160915,415.34727439284325,90.31974411010742,323.73958587646484,48,0,1,0,0,0,0,0,0,0,60.358816146850586,2.9016640186309814,24.691680431365967,2.3675835132598877,cache_bf16,large_h6_n10_s100_wikics_arxiv,565a3afdfe27876b97787b02ef3b916f21f9717eee997e6c2649b2836506bdd3,19.104543685913086,86.35788783431053,0,256.4862417280674,0,0,0,0
arxiv,test,113,13,arxiv:test:000013:b3a8166da7f9bd5a,2,977.70409,977.6740112304688,633.370909,344.052942,54.81097102165222,25.851157493889332,6.966212764382362,480.17502296715975,116.60864067077637,362.1472930908203,54,0,1,0,0,0,0,0,0,0,81.61171245574951,4.040096044540405,27.817535400390625,3.139296770095825,cache_bf16,large_h6_n10_s100_wikics_arxiv,b3a8166da7f9bd5a7f77d68f2262cc2ce197215462aaa014b7214d76dd6ef764,19.04524803161621,96.11305609345436,0,285.07948502898216,0,0,0,0
arxiv,test,114,14,arxiv:test:000014:927439c8c556510b,2,1208.838916,1208.8057861328125,745.367257,463.185669,66.59563910216093,26.032721623778343,7.825799286365509,568.5397703200579,144.8839988708496,422.0239944458008,63,0,1,0,0,0,0,0,0,0,103.0029125213623,5.189663946628571,32.79107189178467,3.900350511074066,cache_bf16,large_h6_n10_s100_wikics_arxiv,927439c8c556510b53acb56af17f6dd08cc1109c2e7c48b8bdeb6ef106c4cdb4,19.181472778320312,110.5798721909523,0,330.6255950331688,0,0,0,0
arxiv,test,115,15,arxiv:test:000015:94893e1aa247f99a,2,1031.599783,1031.5682373046875,722.737681,308.57457,66.21894147247076,25.78891161829233,7.707125507295132,553.0543709173799,134.5971508026123,416.84764099121094,62,0,1,0,0,0,0,0,0,0,94.26832008361816,4.6510080099105835,32.07161569595337,3.606207013130188,cache_bf16,large_h6_n10_s100_wikics_arxiv,94893e1aa247f99ab08f875dfc42353b2a6d833d028453cd6332b1fd4a6d5ac7,18.99519920349121,109.01459208130836,0,326.8282481133938,0,0,0,0
arxiv,test,116,16,arxiv:test:000016:04a1b80589800d8a,2,1020.436891,1020.406005859375,711.238661,308.9263,61.97802722454071,25.859398767352104,7.513060234487057,541.3548750802875,130.49084854125977,409.28150939941406,61,0,1,0,0,0,0,0,0,0,90.8054723739624,4.4493759870529175,31.76105546951294,3.4749447107315063,cache_bf16,large_h6_n10_s100_wikics_arxiv,04a1b80589800d8abbd3bf2b6e48d62f12100ace0b6cc463ee8ae1a18f3d8884,19.058303833007812,107.24975994229317,0,321.0900532901287,0,0,0,0
arxiv,test,117,17,arxiv:test:000017:6ed2fd35c7b08446,2,963.478859,963.4486083984375,602.613487,360.608351,52.83544957637787,25.89129190891981,6.09948392957449,464.8336349055171,134.5854721069336,328.9521255493164,49,0,1,0,0,0,0,0,0,0,100.31228828430176,5.05596798658371,25.481919765472412,3.735296070575714,cache_bf16,large_h6_n10_s100_wikics_arxiv,6ed2fd35c7b084466a024831071fe4da94ca4acc62f856b26d505fb9e2c0a269,19.100160598754883,87.99635174870491,0,260.0559343993664,0,0,0,0
arxiv,test,118,18,arxiv:test:000018:9ba09b820b67f326,2,1153.368499,1153.33740234375,761.140874,391.951358,63.98432981222868,25.980008766055107,7.6712388545274734,595.1018678024411,169.4293098449707,424.03814697265625,63,0,1,0,0,0,0,0,0,0,125.44710540771484,6.4507200717926025,32.895360469818115,4.636123895645142,cache_bf16,large_h6_n10_s100_wikics_arxiv,9ba09b820b67f3268b73b57e69c9473c6ac2e861b2e1dfa8f39e80bd970e5769,19.094432830810547,110.73235219717026,0,332.40022760629654,0,0,0,0
arxiv,test,119,19,arxiv:test:000019:551de7f6c6009e1d,2,763.849989,763.8214721679688,455.015725,308.581114,47.383252531290054,25.94002801924944,4.70155943185091,336.69203240424395,78.23100757598877,257.4031410217285,38,0,1,0,0,0,0,0,0,0,53.882463455200195,2.6606079936027527,19.585279941558838,2.1026561856269836,cache_bf16,large_h6_n10_s100_wikics_arxiv,551de7f6c6009e1d0b6bb2471de8a502aa64c44b76385fa09309561554d57e04,19.111135482788086,70.23955202102661,0,206.27472448349,0,0,0,0
arxiv,test,120,20,arxiv:test:000020:13dc09ce4d7802a7,2,1088.414502,1088.3837890625,726.571113,361.563403,62.180476263165474,25.89909080415964,7.57393054664135,557.019267231226,145.32678413391113,410.1019821166992,61,0,1,0,0,0,0,0,0,0,104.37734413146973,5.213631987571716,31.799423694610596,3.9363843202590942,cache_bf16,large_h6_n10_s100_wikics_arxiv,13dc09ce4d7802a7445a3893c978abe7a75f09a66446471b5fb18cfbf5964938,19.097631454467773,107.54249578714371,0,321.6571177840233,0,0,0,0
arxiv,test,121,21,arxiv:test:000021:6f59067bf5fa395d,2,1145.742236,1145.711181640625,789.046455,356.419026,64.34336956590414,25.833610445261,7.81024806201458,621.1720295250416,155.9081916809082,463.6382369995117,63,0,1,0,0,0,0,0,0,0,113.17071914672852,5.682528018951416,32.82707214355469,4.227872371673584,cache_bf16,large_h6_n10_s100_wikics_arxiv,6f59067bf5fa395d8c438f79f5bdba49c2480fc114342b4fd3bf6de6278eab75,19.031007766723633,110.58854413032532,0,372.08070063591003,0,0,0,0
arxiv,test,122,22,arxiv:test:000022:7de091dda2cfc1e7,2,959.329028,959.2987060546875,653.725624,305.324661,54.72723674029112,25.81625245511532,6.836684420704842,497.41668347269297,126.76851272583008,369.20601654052734,55,0,1,0,0,0,0,0,0,0,90.6155195236206,4.509216010570526,28.205984592437744,3.4377925992012024,cache_bf16,large_h6_n10_s100_wikics_arxiv,7de091dda2cfc1e735526e01718df15756c5332e2e9f43a7ca93de54fce418a9,19.026880264282227,97.52988782525063,0,290.70300897955894,0,0,0,0
arxiv,test,123,23,arxiv:test:000023:2c3804d42bd30cbd,2,1019.135856,1019.1058349609375,696.428031,322.43708,59.948964044451714,25.945778004825115,7.311166264116764,528.598559089005,122.61532783508301,404.41922760009766,60,0,1,0,0,0,0,0,0,0,84.17814350128174,4.10972797870636,31.076575756072998,3.2508805990219116,cache_bf16,large_h6_n10_s100_wikics_arxiv,2c3804d42bd30cbd2c66895d9ca0e1514646371edadac6e4c4a7a10bd83a0982,19.08697509765625,105.70819208025932,0,317.7980106174946,0,0,0,0
arxiv,test,124,24,arxiv:test:000024:980f6a26e605793b,2,1023.30733,1023.27783203125,717.128504,305.900187,57.85725172609091,25.856547988951206,7.1837035939097404,556.8036315962672,165.19030570983887,390.10169982910156,58,0,1,0,0,0,0,0,0,0,124.36886405944824,6.337952136993408,29.873023986816406,4.6104655265808105,cache_bf16,large_h6_n10_s100_wikics_arxiv,980f6a26e605793b5382fa17bdf21a550efe6ad0b938a48a8210024c64c8fd03,19.045120239257812,102.5540481209755,0,306.5927719473839,0,0,0,0
arxiv,test,125,25,arxiv:test:000025:118b258c03aa037e,2,1092.847402,1092.8154296875,680.747879,411.826125,58.198424987494946,25.90321097522974,7.080861367285252,523.1458256021142,138.85724639892578,382.7892150878906,57,0,1,0,0,0,0,0,0,0,100.46652603149414,5.061056077480316,29.536927700042725,3.7927365899086,cache_bf16,large_h6_n10_s100_wikics_arxiv,118b258c03aa037eaafbf67becf82fd102999213036e8abd9f807120abdbd283,19.06934356689453,100.9608962237835,0,300.89766243100166,0,0,0,0
arxiv,test,126,26,arxiv:test:000026:1d8c978f1407bcc5,2,1144.77343,1144.7415771484375,755.162213,389.332258,63.357386738061905,25.768178515136242,7.800893858075142,587.3719509691,163.71779441833496,422.0312957763672,63,0,1,0,0,0,0,0,0,0,120.42486381530762,6.080448031425476,32.714720249176025,4.497762322425842,cache_bf16,large_h6_n10_s100_wikics_arxiv,1d8c978f1407bcc5190dde580c972dc805f7ab4bb54fb0a1198050ea884c4d5b,18.927839279174805,110.37788814306259,0,330.5812469124794,0,0,0,0
arxiv,test,127,27,arxiv:test:000027:ccb4301fa0500230,2,1006.209158,1006.1781005859375,698.194071,307.734274,59.51125267893076,25.878990069031715,7.194838486611843,542.2695800662041,143.8004493713379,396.93392181396484,59,0,1,0,0,0,0,0,0,0,104.40192031860352,5.239456057548523,30.230688095092773,3.9283849000930786,cache_bf16,large_h6_n10_s100_wikics_arxiv,ccb4301fa0500230b966c1ca8acbfb0239894da3c184bc644b2ab3f2025751db,19.052095413208008,104.1804159283638,0,311.80560129880905,0,0,0,0
arxiv,test,128,28,arxiv:test:000028:6bd000b4763af040,2,960.236529,960.2063598632812,601.205507,358.776511,50.0160651281476,25.869923643767834,6.008915603160858,465.9208860248327,134.05254364013672,330.5638732910156,49,0,1,0,0,0,0,0,0,0,99.91231918334961,5.0469120144844055,25.37017583847046,3.723136603832245,cache_bf16,large_h6_n10_s100_wikics_arxiv,6bd000b4763af040cd35faa94edb20b9caadb186a66e8ec435f0e42d6b15d953,18.999584197998047,87.89907211065292,0,261.66438537836075,0,0,0,0
arxiv,test,129,29,arxiv:test:000029:579bf3992d19b343,2,1078.738413,1078.70849609375,722.151732,356.294203,60.1505059748888,25.91550722718239,7.452886551618576,556.4076649025083,144.53731155395508,410.28763580322266,61,0,1,0,0,0,0,0,0,0,103.82096099853516,5.1855040192604065,31.61411190032959,3.9167346358299255,cache_bf16,large_h6_n10_s100_wikics_arxiv,579bf3992d19b3435c6501f4723460e432219c48e2d2812939680c690025d21f,19.054719924926758,107.22060778737068,0,322.12174794077873,0,0,0,0
arxiv,test,130,30,arxiv:test:000030:6715d78ec20dc119,2,1155.309114,1155.27783203125,760.789909,394.238044,62.74498254060745,25.894920341670513,7.689176127314568,588.5375821962953,164.44163131713867,422.46390533447266,63,0,1,0,0,0,0,0,0,0,121.0706558227539,6.105023980140686,32.753695487976074,4.512256026268005,cache_bf16,large_h6_n10_s100_wikics_arxiv,6715d78ec20dc1199983ebe2cd04cf9fe286cdb214eb70a251e74aadeac1bb95,19.018688201904297,110.57952010631561,0,330.90307343006134,0,0,0,0
arxiv,test,131,31,arxiv:test:000031:01bf41e7d8c9bdc9,2,1021.948263,1021.9176025390625,717.205669,304.468183,62.53945827484131,25.910728611052036,7.573158480226994,551.7450701445341,134.17644882202148,415.9640884399414,62,0,1,0,0,0,0,0,0,0,93.99497604370117,4.636831998825073,31.949376106262207,3.5952646732330322,cache_bf16,large_h6_n10_s100_wikics_arxiv,01bf41e7d8c9bdc9b250ba0472067bc2cf8ee4b4b180cefefdd66e36417fb6e6,19.054784774780273,108.77750381827354,0,326.24136939644814,0,0,0,0
arxiv,test,132,32,arxiv:test:000032:5e4106cca99d5843,2,1000.062917,1000.0328979492188,695.786418,303.999613,59.119781479239464,25.851870886981487,7.448187097907066,532.3115149512887,129.06896018981934,401.68294525146484,60,0,1,0,0,0,0,0,0,0,90.19884777069092,4.441919982433319,30.968224048614502,3.459968388080597,cache_bf16,large_h6_n10_s100_wikics_arxiv,5e4106cca99d584302becf755533fdf0db7a0842b71d6e7cd21c3c01375b5552,19.052576065063477,105.56368017196655,0,315.17184114456177,0,0,0,0
arxiv,test,133,33,arxiv:test:000033:189263d64060b736,2,1008.040348,1008.0098266601562,699.706822,308.048247,58.03310684859753,25.759832933545113,7.204139605164528,537.1846267953515,146.62288093566895,389.0473937988281,58,0,1,0,0,0,0,0,0,0,107.46368026733398,5.418463945388794,29.70038366317749,4.040353059768677,cache_bf16,large_h6_n10_s100_wikics_arxiv,189263d64060b73695ed9360957f5265b6ac5ced36d0427da14f86279249cc50,18.94108772277832,102.42476785182953,0,305.5637136697769,0,0,0,0
arxiv,test,134,34,arxiv:test:000034:cc25ddf180fd3dc8,2,1074.206414,1074.174560546875,769.826219,304.081405,62.766761519014835,25.8946530520916,7.815144956111908,594.4585939869285,169.97250938415527,422.8528060913086,63,0,1,0,0,0,0,0,0,0,126.17964935302734,6.375103950500488,32.72636842727661,4.69138765335083,cache_bf16,large_h6_n10_s100_wikics_arxiv,cc25ddf180fd3dc8cc578cba85779c7dc886b0009ef07033358194310cc1ee3d,19.027008056640625,110.54047977924347,0,331.33933436870575,0,0,0,0
arxiv,test,135,35,arxiv:test:000035:ab83ea7606d02af1,2,1174.821763,1174.7901611328125,785.267222,389.257937,63.224973157048225,25.83770640194416,7.788054645061493,615.2418032288551,191.71801376342773,421.8956832885742,63,0,1,0,0,0,0,0,0,0,146.0094394683838,7.515712141990662,32.82835149765015,5.364510655403137,cache_bf16,large_h6_n10_s100_wikics_arxiv,ab83ea7606d02af10d9c8025cdd053087bc7a5a4db06ee849e440b2a9621db47,19.058303833007812,110.47417598962784,0,330.4798111319542,0,0,0,0
arxiv,test,136,36,arxiv:test:000036:d2571c03cbd5e99a,2,1389.837234,1389.803466796875,1012.647599,376.857121,389.8077281191945,26.678369380533695,7.162067107856274,521.1280919611454,128.8461742401123,390.7524185180664,58,0,1,0,0,0,0,0,0,0,91.15199947357178,4.5242879986763,29.689311981201172,3.4805747866630554,cache_bf16,large_h6_n10_s100_wikics_arxiv,d2571c03cbd5e99a7c59bc4d317cc203f10074ac80503d14e841d90b76b2d028,19.134559631347656,102.53516802191734,0,307.3518101274967,0,0,0,0
arxiv,test,137,37,arxiv:test:000037:ff540b07468add89,2,1131.935691,1131.904541015625,737.050948,394.592464,62.35646642744541,25.835493579506874,7.657050155103207,566.1190804094076,148.00339126586914,416.5121536254883,62,0,1,0,0,0,0,0,0,0,106.66694450378418,5.345855951309204,31.96239995956421,4.028190851211548,cache_bf16,large_h6_n10_s100_wikics_arxiv,ff540b07468add89ac9e11d4387e45f4f5a96fad34add510dcd2449d6271317a,19.06540870666504,109.04364782571793,0,326.5339145064354,0,0,0,0
arxiv,test,138,38,arxiv:test:000038:f2bc826283b28142,2,1105.721255,1105.6900634765625,715.314938,390.089072,60.28158124536276,25.87275207042694,7.442074827849865,550.2925245091319,139.117919921875,409.5884475708008,61,0,1,0,0,0,0,0,0,0,98.81148910522461,4.87881600856781,31.681952476501465,3.7456623315811157,cache_bf16,large_h6_n10_s100_wikics_arxiv,f2bc826283b28142062c7d0b5b7b26cde2d6be256a0081e2f95275a46b74cc24,19.019775390625,107.31507208943367,0,321.2931508719921,0,0,0,0
arxiv,test,139,39,arxiv:test:000039:e1df3943e9da4831,2,896.043818,896.0137329101562,587.520019,308.23959,50.27688108384609,25.75020305812359,6.144845858216286,442.8637055680156,104.37859153747559,337.1589775085449,50,0,1,0,0,0,0,0,0,0,72.3813123703003,3.5587520003318787,25.6529278755188,2.7855992913246155,cache_bf16,large_h6_n10_s100_wikics_arxiv,e1df3943e9da483163688e75fe6cb8d909c7f9c2585b8e8dd56a324540302cc2,18.973119735717773,89.52579188346863,0,266.60630536079407,0,0,0,0
arxiv,test,140,40,arxiv:test:000040:ff71ceefa1018a18,2,923.895892,923.8665771484375,619.362476,304.26292,56.00989982485771,25.769987143576145,6.373412907123566,470.8359045907855,119.63839912414551,349.82662200927734,52,0,1,0,0,0,0,0,0,0,85.43187236785889,4.228192031383514,26.73676824569702,3.241566479206085,cache_bf16,large_h6_n10_s100_wikics_arxiv,ff71ceefa1018a1865ea23dfca204d90bd98f5e2418f71a41d93785902c5fcee,18.95840072631836,92.7757119834423,0,276.0093107521534,0,0,0,0
arxiv,test,141,41,arxiv:test:000041:3c49d5bf4dbf737e,2,1147.436072,1147.404541015625,757.409685,389.734252,74.38686676323414,25.848892517387867,7.568034343421459,576.949835754931,159.83788871765137,415.50109100341797,62,0,1,0,0,0,0,0,0,0,117.5324478149414,5.938400030136108,31.971808433532715,4.395232439041138,cache_bf16,large_h6_n10_s100_wikics_arxiv,3c49d5bf4dbf737e34e5133f2c2461cd0139704b56bbd739ff73f4d02a344ad7,18.991392135620117,108.81945630908012,0,325.67302682995796,0,0,0,0
arxiv,test,142,42,arxiv:test:000042:dae587ce1b7ca967,2,1059.086879,1059.05517578125,733.61467,325.191059,74.8105188831687,25.928917340934277,7.694297470152378,554.6784028410912,138.12160110473633,414.9518051147461,62,0,1,0,0,0,0,0,0,0,97.61811256408691,4.821663916110992,31.957759857177734,3.7240647673606873,cache_bf16,large_h6_n10_s100_wikics_arxiv,dae587ce1b7ca9678e94abf2563f0d48c3d3b4a0175d6489d7fcb220ad30d4bf,19.071935653686523,108.8738560974598,0,325.1498846709728,0,0,0,0
arxiv,test,143,43,arxiv:test:000043:e717be6b19d36df2,2,1037.869312,1037.837890625,729.227878,308.340996,74.4209922850132,25.803747586905956,7.676905952394009,551.6641605645418,134.29030227661133,415.77059173583984,62,0,1,0,0,0,0,0,0,0,94.07315158843994,4.642176032066345,31.97366428375244,3.6013103723526,cache_bf16,large_h6_n10_s100_wikics_arxiv,e717be6b19d36df2c417dd2f340fd2ef6b2622c25926327dd92de1991210eb0c,18.995391845703125,108.87929597496986,0,325.8866876065731,0,0,0,0
arxiv,test,144,44,arxiv:test:000044:ecf1facb07fbb262,2,1079.440876,1079.4107666015625,771.270877,307.875985,77.26840302348137,25.82424320280552,7.93314166367054,588.6206775903702,158.42153549194336,428.55529022216797,64,0,1,0,0,0,0,0,0,0,115.26607894897461,5.817376017570496,33.009024143218994,4.32905638217926,cache_bf16,large_h6_n10_s100_wikics_arxiv,ecf1facb07fbb2625dfa89a62495a9453205b5b87c471a67ee92ab8e090dd4b6,19.024288177490234,112.10800018906593,0,335.47157821059227,0,0,0,0
arxiv,test,145,45,arxiv:test:000045:c97b28935cff346f,2,728.315372,728.2868041992188,373.112099,354.954769,45.977029018104076,25.815021246671677,3.8019055500626564,266.66615158319473,63.00735950469971,202.77907180786133,30,0,1,0,0,0,0,0,0,0,43.561984062194824,2.1314240097999573,15.59174394607544,1.722207486629486,cache_bf16,large_h6_n10_s100_wikics_arxiv,c97b28935cff346f8d96b42043d071dbc71a36119d063ae948118dd57f60ad1b,19.010623931884766,57.34185588359833,0,164.44783985614777,0,0,0,0
arxiv,test,146,46,arxiv:test:000046:fbd9f3145be22507,2,1068.100528,1068.0699462890625,712.353509,355.463467,78.02323158830404,25.81087313592434,7.3088835924863815,538.9740159735084,132.8301773071289,404.5905990600586,60,0,1,0,0,0,0,0,0,0,93.67267227172852,4.652159929275513,30.936511993408203,3.568833112716675,cache_bf16,large_h6_n10_s100_wikics_arxiv,fbd9f3145be2250742dc25e9ae46990667480b99348e959e85b2180a30c8590e,18.96784019470215,105.70473611354828,0,317.85370314121246,0,0,0,0
arxiv,test,147,47,arxiv:test:000047:fafb4cdfc63a9718,2,1146.451355,1146.4195556640625,755.726164,390.434413,75.10414998978376,25.897144339978695,7.722197100520134,574.7792320325971,153.9810562133789,419.1910705566406,62,0,1,0,0,0,0,0,0,0,112.14771270751953,5.656096041202545,31.96617603302002,4.21107143163681,cache_bf16,large_h6_n10_s100_wikics_arxiv,fafb4cdfc63a9718e9161edeb32eaf6c01d3953e94090e8f1568c9e279c5ba04,19.024383544921875,108.95654413104057,0,329.2589099705219,0,0,0,0
arxiv,test,148,48,arxiv:test:000048:d1be3cbece176b33,2,1099.71432,1099.677978515625,725.925898,373.474032,72.72138819098473,25.94363782554865,7.4650440365076065,541.0468941554427,132.70956802368164,406.76720428466797,60,0,1,0,0,0,0,0,0,0,93.58569526672363,4.641856014728546,30.920511722564697,3.5615050196647644,cache_bf16,large_h6_n10_s100_wikics_arxiv,d1be3cbece176b3358b650780ddf35382fa6223fd1bdb79f440831f3e6386754,19.034143447875977,105.62998408079147,0,320.1713636517525,0,0,0,0
arxiv,test,149,49,arxiv:test:000049:05e52a9cf94815ea,2,1022.051448,1022.0213623046875,717.556554,304.21314,72.4240317940712,25.91386716812849,7.426894269883633,540.5504489317536,138.2896957397461,400.72298431396484,59,0,1,0,0,0,0,0,0,0,99.28953742980957,4.958655893802643,30.28003168106079,3.7614707350730896,cache_bf16,large_h6_n10_s100_wikics_arxiv,05e52a9cf94815ea165fc47c07f510e4cb682c1ecd224bf19a51c6ff9612777e,19.029184341430664,104.22937604784966,0,315.52279260754585,0,0,0,0
arxiv,test,150,50,arxiv:test:000050:2ae7e9025c812bc9,2,914.71558,914.68603515625,541.045284,373.397201,52.441262640058994,25.88529046624899,5.622681230306625,393.59868317842484,93.20521640777588,299.1978874206543,44,0,1,0,0,0,0,0,0,0,65.0643835067749,3.2235840559005737,22.398815870285034,2.5184329748153687,cache_bf16,large_h6_n10_s100_wikics_arxiv,2ae7e9025c812bc9b271f2094242f0d0b0d8547a202d8c2a41549e3f9b5ba068,19.01363182067871,79.8818242251873,0,238.3296950161457,0,0,0,0
arxiv,test,151,51,arxiv:test:000051:66a62fdf4daaa7ae,2,1057.917694,1057.886962890625,749.401992,308.234377,71.27257529646158,26.03619545698166,7.60277546942234,565.6548263505101,146.9587860107422,417.11549377441406,61,0,1,0,0,0,0,0,0,0,106.01241493225098,5.282976031303406,31.68051242828369,3.9828826189041138,cache_bf16,large_h6_n10_s100_wikics_arxiv,66a62fdf4daaa7ae24fb1caeac844800dd701d501cc3172f7faff797a7efe852,19.077280044555664,107.47497588396072,0,328.717797935009,0,0,0,0
arxiv,test,152,52,arxiv:test:000052:7c51a8eb1dba87a6,2,1008.682671,1008.6474609375,652.177631,356.198009,64.6125478670001,25.887475349009037,6.855634972453117,486.48862447589636,113.72438430786133,371.33007431030273,55,0,1,0,0,0,0,0,0,0,78.69423961639404,3.8727359771728516,28.122623920440674,3.0347847938537598,cache_bf16,large_h6_n10_s100_wikics_arxiv,7c51a8eb1dba87a6fe0e433e5eb412caf5912e485467601436acd1bf3e919747,18.998336791992188,97.59635180234909,0,292.73205929994583,0,0,0,0
arxiv,test,153,53,arxiv:test:000053:a3944fd2577c232c,2,1057.6471,1057.6158447265625,752.727474,304.630816,75.7128531113267,25.947339832782745,7.838531397283077,570.2481670305133,142.68822288513184,425.93077850341797,63,0,1,0,0,0,0,0,0,0,101.04793739318848,5.082304000854492,32.72259187698364,3.8353896141052246,cache_bf16,large_h6_n10_s100_wikics_arxiv,a3944fd2577c232ccd1772224b9637f05e2ef77e0bcd5eaf08988d3146013916,19.01545524597168,110.54892790317535,0,334.3973058462143,0,0,0,0
arxiv,test,154,54,arxiv:test:000054:f51bc10bbe82c845,2,1082.231588,1082.1998291015625,692.584784,389.370349,67.33330152928829,25.90639516711235,7.2207460179924965,521.6628490015864,127.14080047607422,393.0155487060547,58,0,1,0,0,0,0,0,0,0,89.58214378356934,4.422815978527069,29.717440605163574,3.4184001088142395,cache_bf16,large_h6_n10_s100_wikics_arxiv,f51bc10bbe82c8452412f46ca8ff4664d79c65efe78e62cdd6f95a636ca4905b,18.95929527282715,102.50432014465332,0,309.4705238342285,0,0,0,0
arxiv,test,155,55,arxiv:test:000055:5573ca76c9a39d22,2,1017.766835,1017.7363891601562,713.483548,304.006296,69.00067441165447,25.948913767933846,7.342154160141945,539.5568870007992,138.0518398284912,399.96585845947266,59,0,1,0,0,0,0,0,0,0,99.11363220214844,4.942687928676605,30.255231857299805,3.7402878403663635,cache_bf16,large_h6_n10_s100_wikics_arxiv,5573ca76c9a39d2243a723a0470b9124c50151e3afdac246c8bc4118cb4c567b,19.080448150634766,104.04643177986145,0,314.999874830246,0,0,0,0
arxiv,test,156,56,arxiv:test:000056:25832dcece5fda15,2,1154.161413,1154.124267578125,760.076709,393.781531,72.09157850593328,25.94912238419056,7.6983412727713585,580.6327750906348,159.83420944213867,419.1923141479492,62,0,1,0,0,0,0,0,0,0,117.52738952636719,5.922112047672272,32.0002236366272,4.384484231472015,cache_bf16,large_h6_n10_s100_wikics_arxiv,25832dcece5fda156833a9731130bc1378deb05b833ca4f63add4d0588527943,19.0347843170166,108.90911999344826,0,329.31797847151756,0,0,0,0
arxiv,test,157,57,arxiv:test:000057:ba9168bd9766cf18,2,1102.39839,1102.366455078125,745.599916,356.493824,69.6646012365818,25.934230536222458,7.475957274436951,569.2779086530209,168.26121711730957,399.4779281616211,59,0,1,0,0,0,0,0,0,0,126.82255935668945,6.473439931869507,30.269920349121094,4.695297479629517,cache_bf16,large_h6_n10_s100_wikics_arxiv,ba9168bd9766cf185f5b7c22acafe94b3c085f92b8dbf63a30be01ff3a73eadc,19.03446388244629,104.18131217360497,0,314.3310798704624,0,0,0,0
arxiv,test,158,58,arxiv:test:000058:1ea80af47d86c254,2,1075.133717,1075.1026611328125,752.498085,322.339603,73.23046959936619,25.901208631694317,7.850607857108116,570.6670703366399,149.3087043762207,419.74806213378906,62,0,1,0,0,0,0,0,0,0,107.82953643798828,5.387615978717804,32.02035188674927,4.07120007276535,cache_bf16,large_h6_n10_s100_wikics_arxiv,1ea80af47d86c254119ad3ea64cba8b50a8d9dae2ce38b3374ff55196f5c820e,19.003103256225586,109.02752006053925,0,329.7236453294754,0,0,0,0
arxiv,test,159,59,arxiv:test:000059:62556ac4244be586,2,1022.380515,1022.3494262695312,714.221656,307.883835,65.49649592489004,25.91718826442957,7.252843119204044,544.989469461143,158.21728134155273,385.27584075927734,57,0,1,0,0,0,0,0,0,0,118.32796859741211,6.036224007606506,29.449568271636963,4.403520464897156,cache_bf16,large_h6_n10_s100_wikics_arxiv,62556ac4244be586d32963772324fc204327cb8ecfa51b1ec7f97d707f94987f,19.067359924316406,100.92108801007271,0,303.42211267352104,0,0,0,0
arxiv,test,160,60,arxiv:test:000060:6244d60e2fe63550,2,1057.357128,1057.322509765625,735.347104,321.69869,69.65672876685858,25.977094657719135,7.701856084167957,560.490851290524,138.25760078430176,420.62764739990234,62,0,1,0,0,0,0,0,0,0,97.72150230407715,4.821088016033173,31.9902081489563,3.724802315235138,cache_bf16,large_h6_n10_s100_wikics_arxiv,6244d60e2fe635503dea4f66e19474b85730be0ae3efec13a3c94008a7a9a5f4,19.05174446105957,109.03023985028267,0,330.64915201067924,0,0,0,0
arxiv,test,161,61,arxiv:test:000061:99666928c9355e5b,2,1098.107866,1098.0760498046875,741.661322,356.163978,67.54898559302092,25.90383682399988,7.352106273174286,567.920159548521,168.39305686950684,397.99644470214844,59,0,1,0,0,0,0,0,0,0,126.91219139099121,6.48745596408844,30.303839683532715,4.68956983089447,cache_bf16,large_h6_n10_s100_wikics_arxiv,99666928c9355e5bbdc2ddc86bb4ef67daf764e66cd971c7119a909dc00caec1,19.001855850219727,104.07996836304665,0,312.9183321893215,0,0,0,0
arxiv,test,162,62,arxiv:test:000062:bec78568e4fa8bbf,2,1018.942744,1018.9124755859375,714.205667,304.445441,67.82666686922312,25.943185202777386,7.608148269355297,542.8668232634664,133.67801666259766,407.63309478759766,60,0,1,0,0,0,0,0,0,0,94.45449638366699,4.6678720116615295,30.95695972442627,3.598688542842865,cache_bf16,large_h6_n10_s100_wikics_arxiv,bec78568e4fa8bbf65d8ea931527267a40587408a1ef2471059bc80441a46fb4,19.08844757080078,105.67990407347679,0,321.04163828492165,0,0,0,0
arxiv,test,163,63,arxiv:test:000063:91c5a58cb1375a08,2,872.023396,871.992919921875,564.246417,307.500954,53.812215104699135,25.91540478169918,5.990169942378998,417.2104690223932,90.14303970336914,325.78927993774414,48,0,1,0,0,0,0,0,0,0,60.23068904876709,2.8952960073947906,24.648671627044678,2.3683830201625824,cache_bf16,large_h6_n10_s100_wikics_arxiv,91c5a58cb1375a08b22109223c737570a74eacb15fab3b374a5d4a2e94b894d5,19.023744583129883,86.29664000868797,0,258.51638451218605,0,0,0,0
arxiv,test,164,64,arxiv:test:000064:6a12ed40fb7a93c8,2,962.212357,962.1784057617188,657.828752,304.074968,62.43519298732281,25.84738750010729,6.986432708799839,497.0458745956421,122.82281494140625,372.7810821533203,55,0,1,0,0,0,0,0,0,0,87.0407361984253,4.310624003410339,28.154112339019775,3.3173424005508423,cache_bf16,large_h6_n10_s100_wikics_arxiv,6a12ed40fb7a93c83d45ebc818e4bc7a59193f1756e8600f010c6fbcd9d23c04,19.001056671142578,97.64624002575874,0,294.13589879870415,0,0,0,0
arxiv,test,165,65,arxiv:test:000065:b4196de0afae9713,2,1039.707206,1039.676025390625,731.765316,307.650775,69.57979593425989,25.834440253674984,7.8449370339512825,556.5077494829893,136.3717441558838,418.52770233154297,62,0,1,0,0,0,0,0,0,0,95.96467113494873,4.7286399602890015,32.013343811035156,3.665089249610901,cache_bf16,large_h6_n10_s100_wikics_arxiv,b4196de0afae9713dd543bbafa99ad966258192a919b347a7175c936626ae78f,18.969472885131836,108.95574399828911,0,328.5414312183857,0,0,0,0
arxiv,test,166,66,arxiv:test:000066:fbb5136596808044,2,1074.736989,1074.706298828125,731.345913,343.10706,66.73500500619411,25.93676932156086,7.57180992513895,556.4632071182132,149.66921615600586,405.23085021972656,60,0,1,0,0,0,0,0,0,0,109.12140655517578,5.480672001838684,30.969631671905518,4.0975059270858765,cache_bf16,large_h6_n10_s100_wikics_arxiv,fbb5136596808044cc3038d404bc8f6cace03dc80ad31d7bbfe14fd19b261af5,19.038463592529297,105.77119988203049,0,318.4981139302254,0,0,0,0
arxiv,test,167,67,arxiv:test:000067:fa85f05d87405140,2,1067.289978,1067.2578125,676.876827,390.132041,63.71405068784952,25.868377648293972,7.259123958647251,512.3212095350027,125.68515014648438,385.143009185791,57,0,1,0,0,0,0,0,0,0,88.42127990722656,4.421728014945984,29.45420742034912,3.3879348039627075,cache_bf16,large_h6_n10_s100_wikics_arxiv,fa85f05d874051402204cced44808964ffa5e2dde8b50ab94d924b2e039db06a,18.997695922851562,100.86505603790283,0,303.27564907073975,0,0,0,0
arxiv,test,168,68,arxiv:test:000068:9e5b91a78336f4db,2,1100.161036,1100.1214599609375,743.594271,356.240049,66.49899203330278,25.92020481824875,7.764813490211964,568.550649099052,168.66457557678223,398.34867095947266,59,0,1,0,0,0,0,0,0,0,127.1425609588623,6.507455945014954,30.32489585876465,4.68966281414032,cache_bf16,large_h6_n10_s100_wikics_arxiv,9e5b91a78336f4dbfdab98acf0c12ea6d117a30f768e9ea9c4c5d64f8dc9a52e,18.982080459594727,104.12342396378517,0,313.2073274552822,0,0,0,0
arxiv,test,169,69,arxiv:test:000069:ab2956d520370850,2,1028.819942,1028.7886962890625,723.907452,304.642879,64.60410449653864,25.87806899100542,7.369179278612137,558.570321649313,164.47001838684082,392.5803756713867,58,0,1,0,0,0,0,0,0,0,123.82121467590332,6.302432060241699,29.75056028366089,4.595811367034912,cache_bf16,large_h6_n10_s100_wikics_arxiv,ab2956d520370850b66eb3e2df8fc1f55cde72b28131f2e95a0cb892e4b0ce5f,19.065824508666992,102.59353592991829,0,309.0526642501354,0,0,0,0
arxiv,test,170,70,arxiv:test:000070:86376d99f593daf5,2,1033.621419,1033.59033203125,729.220501,304.123273,72.88962788879871,25.95451846718788,7.848229259252548,554.9363903701305,134.43094444274902,418.90050506591797,62,0,1,0,0,0,0,0,0,0,94.17158508300781,4.642271995544434,32.011775970458984,3.605311393737793,cache_bf16,large_h6_n10_s100_wikics_arxiv,86376d99f593daf5731e4d75f2360e834000011c568f6ffcf264dc5dfa24e942,19.07267189025879,108.86860781908035,0,329.1045691370964,0,0,0,0
arxiv,test,171,71,arxiv:test:000071:4619e988f89c1108,2,1009.45735,1009.4262084960938,705.163058,304.014595,65.95360860228539,25.910209864377975,7.471452467143536,536.8074374273419,129.16716766357422,406.07759857177734,60,0,1,0,0,0,0,0,0,0,90.25497531890869,4.442784011363983,31.009823322296143,3.4595850110054016,cache_bf16,large_h6_n10_s100_wikics_arxiv,4619e988f89c11082a6749f1d133a9543c0fa63ffa70cd313c6d239847277f9e,19.01033592224121,105.74364784359932,0,319.34428665041924,0,0,0,0
arxiv,test,172,72,arxiv:test:000072:15976e0c60667f00,2,978.269678,978.2352905273438,652.541274,325.421529,61.29948049783707,25.940561667084694,7.084228098392487,491.2434536963701,111.71827125549316,378.0681610107422,56,0,1,0,0,0,0,0,0,0,76.42220783233643,3.7398399710655212,28.592992305755615,2.963231146335602,cache_bf16,large_h6_n10_s100_wikics_arxiv,15976e0c60667f00f648fc1a1b5f7bcbe7ff7e1b0297989f5c995f57c8fcd243,19.05219268798828,99.12976002693176,0,297.9905936717987,0,0,0,0
arxiv,test,173,73,arxiv:test:000073:d96c675b2f816922,2,1126.694872,1126.6627197265625,769.715271,356.628614,69.39256843179464,25.86716879159212,7.807315327227116,596.3740283623338,155.77177619934082,438.9604797363281,63,0,1,0,0,0,0,0,0,0,113.11510467529297,5.671552062034607,32.75136089324951,4.233758568763733,cache_bf16,large_h6_n10_s100_wikics_arxiv,d96c675b2f816922a4928577f458d48b866de6a89256a73f5aba201e1c5d5b02,19.00284767150879,110.98313587903976,0,346.98019152879715,0,0,0,0
arxiv,test,174,74,arxiv:test:000074:941cb92444178d37,2,1161.676432,1161.644775390625,771.844315,389.535178,71.15201279520988,25.92116966843605,7.875421084463596,591.9226119294763,169.66825675964355,420.64940643310547,62,0,1,0,0,0,0,0,0,0,126.50758361816406,6.431712031364441,32.026880741119385,4.7020803689956665,cache_bf16,large_h6_n10_s100_wikics_arxiv,941cb92444178d37c272bc03c32424d62f16d8449d1ad46409d75c0012f455cc,18.994239807128906,109.02236813306808,0,330.6212781071663,0,0,0,0
arxiv,test,175,75,arxiv:test:000075:518e94c81e42d0b5,2,1002.539735,1002.508544921875,663.160279,339.104239,57.23452288657427,25.943245738744736,6.505920551717281,509.39894560724497,162.46953773498535,345.5786247253418,51,0,1,0,0,0,0,0,0,0,125.32781028747559,6.455327987670898,26.103456497192383,4.582942962646484,cache_bf16,large_h6_n10_s100_wikics_arxiv,518e94c81e42d0b5c38489a69ab637ec3981901fe9f213656a1ca00db2bc4d7b,19.040544509887695,91.23360022902489,0,273.3855690062046,0,0,0,0
arxiv,test,176,76,arxiv:test:000076:ba8ee2f748d9be49,2,1017.242818,1017.208740234375,712.63605,304.30873,63.66095133125782,25.975643657147884,7.704396732151508,544.4940300658345,122.89484786987305,419.9891128540039,62,0,1,0,0,0,0,0,0,0,83.56915378570557,4.052608013153076,32.02540826797485,3.247677803039551,cache_bf16,large_h6_n10_s100_wikics_arxiv,ba8ee2f748d9be49b684c34372c5d886fb7f29cc5399aec1bfab76cf2569f046,19.048608779907227,108.9838719367981,0,330.05384969711304,0,0,0,0
arxiv,test,177,77,arxiv:test:000077:5888a05877d4a3f7,2,1067.756053,1067.7244873046875,762.812386,304.658107,61.10539007931948,26.005102321505547,7.7233826741576195,597.2651792690158,181.3918056488037,414.2898864746094,61,0,1,0,0,0,0,0,0,0,137.47996711730957,7.12390410900116,31.724416255950928,5.063518166542053,cache_bf16,large_h6_n10_s100_wikics_arxiv,5888a05877d4a3f76e161f41c66e539d2be27f131d7c87050b092a962d7cb5a2,19.076000213623047,107.54460763931274,0,325.8212790489197,0,0,0,0
arxiv,test,178,78,arxiv:test:000078:b2b1e0e3155a95df,2,980.013337,979.9825439453125,675.953271,303.78549,60.07872801274061,25.911826640367508,7.231676019728184,513.1197599694133,126.75276756286621,384.8740425109863,57,0,1,0,0,0,0,0,0,0,89.43612766265869,4.4393280148506165,29.462432384490967,3.4148795008659363,cache_bf16,large_h6_n10_s100_wikics_arxiv,b2b1e0e3155a95df55c442974eb53017073aac94ed5a506c708893a966d86979,19.056928634643555,100.86326402425766,0,303.0677071213722,0,0,0,0
arxiv,test,179,79,arxiv:test:000079:f62eab72bfea6732,2,1068.133926,1068.10205078125,710.947384,356.811588,66.2684477865696,25.902309454977512,7.5988564640283585,540.4808549210429,132.9800968170166,405.9399948120117,60,0,1,0,0,0,0,0,0,0,93.74963092803955,4.657599985599518,31.00208044052124,3.5707854628562927,cache_bf16,large_h6_n10_s100_wikics_arxiv,f62eab72bfea67329c216ab01713c94f86fd691ea9ae70a6cd4ff1cc3385cda2,19.00806427001953,105.59430378675461,0,319.35375529527664,0,0,0,0
arxiv,test,180,80,arxiv:test:000080:8e38fa691cd057dc,2,983.541226,983.506103515625,639.678803,343.491521,62.88933381438255,26.23870689421892,6.768300198018551,478.80894131958485,117.51817512512207,359.87033462524414,53,0,1,0,0,0,0,0,0,0,82.8054084777832,4.099839985370636,27.439456462860107,3.173470199108124,cache_bf16,large_h6_n10_s100_wikics_arxiv,8e38fa691cd057dc10c8b3325642224ddd2580eceb05e615ea46257be54d1775,19.131519317626953,94.45420795679092,0,284.54764598608017,0,0,0,0
arxiv,test,181,81,arxiv:test:000081:31480263ed5d277b,2,733.906905,733.8742065429688,376.28913,357.277352,44.04803458601236,26.15155093371868,3.905070014297962,270.09239699691534,63.1375036239624,206.0535659790039,30,0,1,0,0,0,0,0,0,0,43.598495960235596,2.1317119896411896,15.683199644088745,1.724096029996872,cache_bf16,large_h6_n10_s100_wikics_arxiv,31480263ed5d277b9c0c192a10844c610e8a6633f8b1f2e4ee208043481d08eb,19.08019256591797,57.400095999240875,0,167.733662545681,0,0,0,0
arxiv,test,182,82,arxiv:test:000082:edacc0da0c3ea4ad,2,1047.871532,1047.8359375,674.058016,373.440509,59.027462266385555,26.473036967217922,7.237483747303486,502.25348491221666,118.55017471313477,382.22595596313477,56,0,1,0,0,0,0,0,0,0,82.68899250030518,4.0641279220581055,28.612351894378662,3.1847023963928223,cache_bf16,large_h6_n10_s100_wikics_arxiv,edacc0da0c3ea4ad508bb888645aaa82d23fb8717b7713cd1de39ab640f4cc81,19.123104095458984,99.40684804320335,0,301.9422120153904,0,0,0,0
arxiv,test,183,83,arxiv:test:000083:d50e616e9faabf8a,2,1214.841979,1214.807373046875,818.251853,396.160367,68.55538487434387,26.468216441571712,8.051798678934574,638.2707785815,206.96243286132812,429.65116119384766,63,0,1,0,0,0,0,0,0,0,161.09552001953125,7.574624061584473,32.93334436416626,5.358944416046143,cache_bf16,large_h6_n10_s100_wikics_arxiv,d50e616e9faabf8ac712e8de6c3ada7613e8a25859e391d8fcd2f964f0c59cc5,19.14748764038086,110.95603221654892,0,337.8426166176796,0,0,0,0
arxiv,test,184,84,arxiv:test:000084:8c86ab793e25743d,2,1042.232496,1042.19677734375,578.744897,463.200434,50.83214491605759,25.980464182794094,6.137442775070667,429.8876030370593,102.98614311218262,325.61743927001953,48,0,1,0,0,0,0,0,0,0,72.00454330444336,3.553279995918274,24.66975975036621,2.758560061454773,cache_bf16,large_h6_n10_s100_wikics_arxiv,8c86ab793e25743d842b6bdc3392960b2af7e47e446f6409a597823c3f49e639,19.04195213317871,86.33881601691246,0,258.3205753862858,0,0,0,0
arxiv,test,185,85,arxiv:test:000085:c106d133f326eef3,2,1150.905083,1150.872802734375,760.315892,390.308399,63.164083287119865,25.865199975669384,7.815181277692318,591.9271111488342,163.86316871643066,426.4334182739258,63,0,1,0,0,0,0,0,0,0,120.49235153198242,6.074527978897095,32.792288303375244,4.504000902175903,cache_bf16,large_h6_n10_s100_wikics_arxiv,c106d133f326eef3498f3c205375a446bc3dd642bd6626451388950ba3cd9152,18.970239639282227,110.52079975605011,0,334.8828581571579,0,0,0,0
arxiv,test,186,86,arxiv:test:000086:612d3da97d54f8b2,2,1121.824307,1121.7921142578125,730.546129,390.986211,65.6849816441536,25.91131627559662,8.103939704596996,557.700146920979,122.5373764038086,433.5167694091797,64,0,1,0,0,0,0,0,0,0,82.30915355682373,3.993567943572998,33.033119678497314,3.201535224914551,cache_bf16,large_h6_n10_s100_wikics_arxiv,612d3da97d54f8b287b23fd290dcf87f9d7be573587db540be49c82f96e4c8eb,19.016000747680664,112.19459190964699,0,340.33817824721336,0,0,0,0
arxiv,test,187,87,arxiv:test:000087:e06d132a946fdea4,2,1063.111515,1063.0811767578125,702.740048,360.101389,58.36051516234875,25.968226604163647,7.217905484139919,541.0850076004863,146.48553657531738,393.07965087890625,58,0,1,0,0,0,0,0,0,0,107.31484603881836,5.403615951538086,29.74880075454712,4.018273830413818,cache_bf16,large_h6_n10_s100_wikics_arxiv,e06d132a946fdea44858de413f6040ad2abf998cbd2186dff4f6ea1850545827,19.042911529541016,102.45948800444603,0,309.66307440400124,0,0,0,0
arxiv,test,188,88,arxiv:test:000088:80620978f1a2fcd3,2,932.488928,932.4580078125,572.453604,359.768024,57.64157883822918,25.959710590541363,5.8828676119446754,429.332971572876,109.32767868041992,318.74524688720703,47,0,1,0,0,0,0,0,0,0,78.09427070617676,3.874624013900757,24.401599884033203,2.957184076309204,cache_bf16,large_h6_n10_s100_wikics_arxiv,80620978f1a2fcd377f0135cede0a4c45709a1cb2f92f3331e15fdf631e60e18,19.053728103637695,84.74342405796051,0,253.05555093288422,0,0,0,0
arxiv,test,189,89,arxiv:test:000089:620c6b9c227bbbc9,2,1104.321648,1104.2906494140625,692.85714,411.195306,67.74139311164618,25.96100326627493,7.121947593986988,526.9482601433992,138.56847953796387,386.8865280151367,57,0,1,0,0,0,0,0,0,0,100.26351928710938,5.05375999212265,29.467360019683838,3.783840239048004,cache_bf16,large_h6_n10_s100_wikics_arxiv,620c6b9c227bbbc93b0a63281e51f96d10b144d7b746119f22d7b07affc0f983,19.04761505126953,100.89478382468224,0,305.039359241724,0,0,0,0
arxiv,test,190,90,arxiv:test:000090:301e4d139270b49f,2,1085.702639,1085.671630859375,690.82038,394.600581,67.10958946496248,25.915736332535744,7.322737015783787,519.9033869430423,127.36550521850586,391.0241928100586,58,0,1,0,0,0,0,0,0,0,89.73190402984619,4.428031921386719,29.77670383453369,3.428865432739258,cache_bf16,large_h6_n10_s100_wikics_arxiv,301e4d139270b49f25e8b93f1ec539cd4c92322b95db3dbdeeaa5e66a291d63b,19.041791915893555,102.41382390260696,0,307.6521608233452,0,0,0,0
arxiv,test,191,91,arxiv:test:000091:beef13982aa0e3bd,2,1069.122143,1069.0909423828125,759.876933,308.969415,66.13313872367144,25.9292870759964,7.877089083194733,588.3977888152003,167.23449516296387,419.5514907836914,62,0,1,0,0,0,0,0,0,0,124.20297622680664,6.305920124053955,32.104159355163574,4.621439456939697,cache_bf16,large_h6_n10_s100_wikics_arxiv,beef13982aa0e3bdafad69c258c808979b98e556b61598a93617959e7b8cc2cb,19.020511627197266,108.92787170410156,0,329.6441307067871,0,0,0,0
arxiv,test,192,92,arxiv:test:000092:af69a7134cdf4f39,2,1035.606749,1035.574951171875,726.657917,308.669888,75.20411442965269,25.949916802346706,7.726849056780338,557.5899761170149,136.594144821167,419.3917770385742,62,0,1,0,0,0,0,0,0,0,96.12940788269043,4.740544021129608,32.04972743988037,3.6744654774665833,cache_bf16,large_h6_n10_s100_wikics_arxiv,af69a7134cdf4f39cf2fb5797be600ba172efd4232a54e93143f35d90f17d392,19.029151916503906,108.86054390668869,0,329.56038504838943,0,0,0,0
arxiv,test,193,93,arxiv:test:000093:e5bbef4be1378794,2,1082.734712,1082.703369140625,709.470524,372.987039,72.89053127169609,25.96384286880493,7.468396797776222,539.4440796226263,132.93084907531738,404.9400634765625,60,0,1,0,0,0,0,0,0,0,93.7418565750122,4.646623969078064,30.974271774291992,3.5680967569351196,cache_bf16,large_h6_n10_s100_wikics_arxiv,e5bbef4be1378794476e97eee1e990485575e915984280bbf2da6d15e681b069,19.01862335205078,105.64153599739075,0,318.31715083122253,0,0,0,0
arxiv,test,194,94,arxiv:test:000094:28e0fcda3c7a47f0,2,1065.923419,1065.8914794921875,757.255209,308.388126,74.85486660152674,25.95946379005909,7.704026997089386,588.0260691046715,166.9823055267334,419.4382019042969,62,0,1,0,0,0,0,0,0,0,124.03046417236328,6.28438413143158,32.05171203613281,4.615745186805725,cache_bf16,large_h6_n10_s100_wikics_arxiv,28e0fcda3c7a47f0f95a250eaa1ea53a64c6a24f5f03f3b3d824971559d29ff1,19.027231216430664,108.97091203927994,0,329.4945210814476,0,0,0,0
arxiv,test,195,95,arxiv:test:000095:2e7f392bc5536560,2,1036.692256,1036.6602783203125,646.401665,390.017349,63.35998326539993,25.94957035034895,6.982683204114437,496.00713793188334,114.6887035369873,379.85679626464844,56,0,1,0,0,0,0,0,0,0,79.15139198303223,3.8594239950180054,28.613343715667725,3.064543843269348,cache_bf16,large_h6_n10_s100_wikics_arxiv,2e7f392bc5536560646ebcd34d6778a2fb62bff21d4c7dc4d8b63c31ad6d73ed,19.025279998779297,99.24319997429848,0,299.63887628912926,0,0,0,0
arxiv,test,196,96,arxiv:test:000096:da4c1b2e123e292d,2,954.883776,954.8522338867188,615.855082,338.761524,54.73694857209921,25.930467061698437,6.614367477595806,478.3330876380205,117.39664077758789,359.54022216796875,53,0,1,0,0,0,0,0,0,0,82.70137691497803,4.089536070823669,27.441375732421875,3.164352059364319,cache_bf16,large_h6_n10_s100_wikics_arxiv,da4c1b2e123e292d3b7e1f44d848e695579c3cd4edc03957cf4b295218cbd6ef,19.035680770874023,94.36236774921417,0,284.2135351896286,0,0,0,0
arxiv,test,197,97,arxiv:test:000097:6d9c34e632a3e4a9,2,1065.26855,1065.2373046875,674.688445,390.291185,60.9199907630682,25.819228030741215,7.2415778413414955,522.7930583059788,127.36624145507812,393.91504669189453,58,0,1,0,0,0,0,0,0,0,89.73196792602539,4.428032040596008,29.778240203857422,3.428001284599304,cache_bf16,large_h6_n10_s100_wikics_arxiv,6d9c34e632a3e4a909618086fbed82f3ed5c932eb77aaeb3cd3349db8baaf079,18.937440872192383,102.57417613267899,0,310.27831143140793,0,0,0,0
arxiv,test,198,98,arxiv:test:000098:9903545b1d27c917,2,1088.971162,1088.9404296875,732.981876,355.713151,68.23167856782675,25.88790003210306,7.333829998970032,570.6983059644699,168.50243186950684,400.65875244140625,59,0,1,0,0,0,0,0,0,0,127.01165008544922,6.470592021942139,30.329023838043213,4.691165924072266,cache_bf16,large_h6_n10_s100_wikics_arxiv,9903545b1d27c917c404d3ddf3ae459b791626f0599141d08706cf8c132f1fc1,19.023487091064453,104.192448168993,0,315.4897913634777,0,0,0,0
arxiv,test,199,99,arxiv:test:000099:a363a036dd1c8d42,2,1064.393527,1064.3623046875,669.220514,394.8818,66.19212683290243,25.948652997612953,7.1137044578790665,513.8886487111449,125.66124725341797,386.7318420410156,57,0,1,0,0,0,0,0,0,0,88.41001605987549,4.415839970111847,29.46086359024048,3.374527633190155,cache_bf16,large_h6_n10_s100_wikics_arxiv,a363a036dd1c8d420403ea879b46c123da177628f40c118689808017ddce16fc,19.037952423095703,100.87510395050049,0,304.89469051361084,0,0,0,0
