task,split,trace_order,query_index,query_uid,rep,query_wall_ms,query_gpu_ms,encoder_wall_ms,decoder_wall_ms,cache_load_wall_ms,online_nog_prefix_wall_ms,cache_assembly_wall_ms,suffix_wall_ms,suffix_gnn_gpu_ms,suffix_transformer_gpu_ms,cache_hits,cache_misses,cache_skips,quant_kv_attention_calls,fallback_count,quant_kv_attention_gpu_ms,kv_prepare_gpu_ms,int_qk_gpu_ms,softmax_prob_quant_gpu_ms,int_pv_gpu_ms,gnn_score_gpu_ms,gnn_message_gpu_ms,gnn_update_gpu_ms,gnn_other_gpu_ms,profile_mode,workload_profile,graph_signature,prefix_transformer_gpu_ms,dense_fc_gpu_ms,attention_gpu_ms,norm_residual_other_gpu_ms,logical_memory_loaded_bytes,logical_key_loaded_bytes,logical_value_loaded_bytes,int_gemm_call_count
wikics,val,0,0,wikics:val:000000:fef527b25a18161e,0,2095.809131,2095.7529296875,1966.525649,128.854301,871.0947055369616,232.71404206752777,6.8199485540390015,623.1726091355085,247.12895965576172,374.2774353027344,54,0,1,0,0,0,0,0,0,0,203.2828483581543,5.556863963603973,33.881407737731934,4.407839596271515,cache_bf16,large_h6_n10_s100_wikics_arxiv,fef527b25a18161e02256c9a22a5fcb64ea189b88fbf1c593a16f7cef2386a5f,122.42371368408203,99.68678405880928,0,397.0143649280071,0,0,0,0
wikics,val,1,1,wikics:val:000001:800111c04191b913,0,1830.748525,1830.7127685546875,1728.155149,102.27039,890.9152531996369,28.590471483767033,7.006521336734295,559.3305649235845,168.51548957824707,389.301513671875,57,0,1,0,0,0,0,0,0,0,127.87026977539062,6.57750403881073,29.368703842163086,4.699011921882629,cache_bf16,large_h6_n10_s100_wikics_arxiv,800111c04191b91313016b0068c7e73134e69c8f1fbc1fa3f47adef8e93827f2,19.235551834106445,101.14860793948174,0,307.3884575664997,0,0,0,0
wikics,val,2,2,wikics:val:000002:55b16141b752157a,0,1983.533722,1983.4969482421875,1881.237673,101.963629,993.407441303134,28.454071842134,7.8593287616968155,628.3577913418412,198.13837051391602,428.5694351196289,63,0,1,0,0,0,0,0,0,0,151.9107837677002,7.88425600528717,32.80899238586426,5.534338355064392,cache_bf16,large_h6_n10_s100_wikics_arxiv,55b16141b752157aa1fbd4558cf493bf5089fa23bda74c0284125c7c88e21247,19.26652717590332,111.12031987309456,0,336.71564242243767,0,0,0,0
wikics,val,3,3,wikics:val:000003:eb55f467ab494142,0,1683.807149,1683.7728271484375,1560.931515,122.580732,818.7728878110647,28.25494110584259,6.644963286817074,489.169392734766,127.48908805847168,360.2705268859863,53,0,1,0,0,0,0,0,0,0,92.07081604003906,4.63564795255661,27.32195234298706,3.4606717228889465,cache_bf16,large_h6_n10_s100_wikics_arxiv,eb55f467ab49414223cbb42727548425fb72d6d25ba1e2ef78c9b8b316f07388,19.191648483276367,94.47596788406372,0,284.986207485199,0,0,0,0
wikics,val,4,4,wikics:val:000004:94369875875c7eda,0,1887.764793,1887.729248046875,1785.625118,101.81636,908.2837123423815,28.54923438280821,7.284916006028652,537.5104127451777,142.09241676330566,393.8778610229492,58,0,1,0,0,0,0,0,0,0,103.35043334960938,5.226080060005188,29.631807804107666,3.884095549583435,cache_bf16,large_h6_n10_s100_wikics_arxiv,94369875875c7eda426ac2e378c77a4b45c69b105d096621273459492e79a002,19.406911849975586,102.7543038725853,0,310.5304690003395,0,0,0,0
wikics,val,5,5,wikics:val:000005:2ea19046bdd6fc0b,0,1995.367612,1995.329833984375,1893.015257,102.014702,998.6800057813525,28.31874042749405,7.995441555976868,652.0835105329752,215.93036270141602,434.47205352783203,64,0,1,0,0,0,0,0,0,0,167.93225479125977,8.83135998249054,33.09910345077515,6.067644476890564,cache_bf16,large_h6_n10_s100_wikics_arxiv,2ea19046bdd6fc0b113221315bcbf4019385f97ac493ef3f6da0ff2ddbc69c2a,19.218944549560547,112.47270411252975,0,341.2182939648628,0,0,0,0
wikics,val,6,6,wikics:val:000006:deb97ed4b3c8ddd7,0,202.775268,202.74978637695312,96.284795,106.264552,28.34305353462696,25.908641517162323,0.5131186917424202,31.485150568187237,4.9355838894844055,26.246399879455566,3,0,1,0,0,0,0,0,0,0,2.6240000426769257,0.15795200131833553,1.9268480241298676,0.22678382135927677,cache_bf16,large_h6_n10_s100_wikics_arxiv,deb97ed4b3c8ddd7bdb39f4af5fcaad656c9c608bfc05ecb40b7af499c9ba112,19.089567184448242,13.9133760035038,0,31.42259106040001,0,0,0,0
wikics,val,7,7,wikics:val:000007:d7f4428cc84938c0,0,1813.052807,1813.017333984375,1705.824819,106.919413,882.7493768185377,28.232931159436703,7.12986197322607,557.3970135301352,168.3067512512207,387.5771484375,57,0,1,0,0,0,0,0,0,0,127.69545555114746,6.562687993049622,29.352191925048828,4.6964157819747925,cache_bf16,large_h6_n10_s100_wikics_arxiv,d7f4428cc84938c0ff422730accf1af7811fdbfe47c2a8963dc760c9d780173f,19.206527709960938,100.92351984977722,0,305.8601562976837,0,0,0,0
wikics,val,8,8,wikics:val:000008:a2de623bf3821acb,0,1980.192904,1980.1573486328125,1857.011657,122.851545,954.9616575241089,28.349673375487328,7.821968756616116,624.7625099495053,201.78694534301758,421.3397674560547,62,0,1,0,0,0,0,0,0,0,155.9240951538086,8.13919997215271,32.05945634841919,5.664193868637085,cache_bf16,large_h6_n10_s100_wikics_arxiv,a2de623bf3821acb00081deda324d566d32c497bd1f73e5fe2b363af6e34451e,19.320863723754883,109.37904012203217,0,331.2815910577774,0,0,0,0
wikics,val,9,9,wikics:val:000009:5ddc4ad1ca6bddb9,0,1633.323974,1633.290283203125,1515.316379,117.640961,663.0035368725657,28.4121036529541,7.387535646557808,558.0320814624429,156.1738224029541,400.299560546875,59,0,1,0,0,0,0,0,0,0,115.76812934875488,5.888191998004913,30.211008071899414,4.306492984294891,cache_bf16,large_h6_n10_s100_wikics_arxiv,5ddc4ad1ca6bddb9f2fbe2619a4cc5bfc948088c83072c92fb9968043dfe40b7,19.33260726928711,104.25788801908493,0,315.3742797970772,0,0,0,0
wikics,val,10,10,wikics:val:000010:a657f4dc57cb7b3b,0,182.451013,182.4246368408203,80.389229,101.840176,2.5136135518550873,35.95166094601154,0.5413182079792023,31.1226649209857,4.616320073604584,26.204800605773926,3,0,1,0,0,0,0,0,0,0,2.3698880076408386,0.14614400081336498,1.889055997133255,0.21123206801712513,cache_bf16,large_h6_n10_s100_wikics_arxiv,a657f4dc57cb7b3bcdd5ce3c72500c507c0f17ae67e675802318c7fef9afe2d3,29.184831619262695,13.921631902456284,0,41.46800032258034,0,0,0,0
wikics,val,11,11,wikics:val:000011:dfa124f13dbb8595,0,1224.631813,1224.599853515625,1107.075228,117.279046,104.45460304617882,27.640631422400475,7.240206003189087,666.7632143944502,265.1935043334961,400.0174102783203,59,0,1,0,0,0,0,0,0,0,215.34672164916992,11.718015909194946,30.556127548217773,7.572639226913452,cache_bf16,large_h6_n10_s100_wikics_arxiv,dfa124f13dbb859594d45abc92fc99eb41ed65a49c8cb209db0ee462a00191e7,19.159423828125,104.63228797912598,0,314.54454612731934,0,0,0,0
wikics,val,12,12,wikics:val:000012:b25c6bff127a88c6,0,1181.530243,1181.499267578125,1074.473028,106.776253,93.75026077032089,27.41904277354479,7.53331184387207,694.5892199873924,279.9200019836426,413.0760040283203,61,0,1,0,0,0,0,0,0,0,227.7325096130371,12.205951690673828,31.963039875030518,8.018500804901123,cache_bf16,large_h6_n10_s100_wikics_arxiv,b25c6bff127a88c663a84dd45840dc6a75f4ae919fa79751a93982ca913e58f8,19.020671844482422,107.82419207692146,0,324.27248379588127,0,0,0,0
wikics,val,13,13,wikics:val:000013:f7ec35bb559bff78,0,1177.38064,1177.3487548828125,1075.442457,101.633554,245.99208123981953,26.601355522871017,6.994732655584812,551.1801335960627,170.17219161987305,379.53026962280273,56,0,1,0,0,0,0,0,0,0,130.14223861694336,6.703455924987793,28.54419231414795,4.782304763793945,cache_bf16,large_h6_n10_s100_wikics_arxiv,f7ec35bb559bff78b63dfdea8a3808323d3557dd6b3c1c55ebd48800dabbb38e,19.279808044433594,99.42457607388496,0,299.38550159335136,0,0,0,0
wikics,val,14,14,wikics:val:000014:cd0465d485a7b221,0,1840.784229,1840.7484130859375,1737.692414,102.763236,872.236399911344,26.73213090747595,7.263206876814365,566.3815019652247,173.26623916625977,391.595458984375,57,0,1,0,0,0,0,0,0,0,132.20668983459473,6.785279989242554,29.420991897583008,4.8532774448394775,cache_bf16,large_h6_n10_s100_wikics_arxiv,cd0465d485a7b2212f8c13a4132eb2ed270289c0ec06183ceead64db97a598de,19.211008071899414,101.35353580117226,0,309.45293125510216,0,0,0,0
wikics,val,15,15,wikics:val:000015:760ce76542a910c8,0,1812.394149,1812.3590087890625,1689.403306,122.669718,910.4358516633511,26.81592758744955,7.37870205193758,557.258939370513,157.30921936035156,398.41402435302734,58,0,1,0,0,0,0,0,0,0,117.28931045532227,5.971679985523224,29.677055835723877,4.371173083782196,cache_bf16,large_h6_n10_s100_wikics_arxiv,760ce76542a910c82715bdb1556e1b99c877f5e3ff11acfe5cdb9dec223f2bec,19.2807674407959,103.02416011691093,0,314.6706316769123,0,0,0,0
wikics,val,16,16,wikics:val:000016:ecc418214a33ddfc,0,2096.304157,2096.266357421875,1973.111404,122.856255,971.1426328867674,28.299971483647823,7.832683622837067,692.3798397183418,264.00288009643555,426.7180480957031,63,0,1,0,0,0,0,0,0,0,212.09740829467773,11.416832089424133,32.99766397476196,7.490975737571716,cache_bf16,large_h6_n10_s100_wikics_arxiv,ecc418214a33ddfc30aad81571b5ed75b95998d50ad30efd13d1a0853a4c7a97,19.242368698120117,110.94044807553291,0,335.01996871829033,0,0,0,0
wikics,val,17,17,wikics:val:000017:30966d3fabbbe966,0,2061.650529,2061.61328125,1954.199642,107.11573,976.4057928696275,26.763804256916046,7.815408520400524,643.5351576656103,215.47308731079102,426.4022750854492,63,0,1,0,0,0,0,0,0,0,167.65756607055664,8.858784079551697,32.89555215835571,6.061185002326965,cache_bf16,large_h6_n10_s100_wikics_arxiv,30966d3fabbbe96640c8cbdf2e720544bf71af0cd8c950c087a1a2db14bd743b,19.28447914123535,111.32214421033859,0,334.364610016346,0,0,0,0
wikics,val,18,18,wikics:val:000018:40b87fe5b3865c25,0,1933.223867,1933.1881103515625,1808.214481,124.649224,900.1400182023644,27.27009728550911,7.512157782912254,611.8276547640562,192.2979221343994,417.9293441772461,60,0,1,0,0,0,0,0,0,0,148.1539535522461,7.72163188457489,31.02399969100952,5.398337006568909,cache_bf16,large_h6_n10_s100_wikics_arxiv,40b87fe5b3865c25b0fea0abae1f6a31a4b30ceff215077141910a5c4cdb9017,19.430240631103516,105.88339215517044,0,331.47619265317917,0,0,0,0
wikics,val,19,19,wikics:val:000019:c948629294047854,0,1821.507364,1821.471923828125,1714.426745,106.734413,854.6325471252203,27.526648715138435,7.121131755411625,550.5414707586169,162.9734706878662,386.0510711669922,57,0,1,0,0,0,0,0,0,0,122.83468818664551,6.270143985748291,29.347551822662354,4.521086692810059,cache_bf16,large_h6_n10_s100_wikics_arxiv,c9486292940478548025bcd39f69bde038c73dc44280ada5e32b7ae0cd0c59c4,19.276992797851562,100.92022389173508,0,304.4078400731087,0,0,0,0
wikics,val,20,20,wikics:val:000020:e9a52cacfc1321d3,0,1587.436794,1587.403076171875,1448.659492,138.467191,756.6630057990551,26.62103623151779,6.374342367053032,475.4486931487918,126.67571067810059,347.39788818359375,51,0,1,0,0,0,0,0,0,0,92.57705593109131,4.664639949798584,25.97468852996826,3.4593262672424316,cache_bf16,large_h6_n10_s100_wikics_arxiv,e9a52cacfc1321d3be6f10a0439a054242d79fd11875bc865a4ea4dadbd64e1e,19.181215286254883,91.33884811401367,0,275.24025535583496,0,0,0,0
wikics,val,21,21,wikics:val:000021:f6fad06d0182fdac,0,1796.232492,1796.1971435546875,1694.716624,101.186337,854.3183505535126,26.74214355647564,6.987874396145344,524.7011836618185,141.85423851013184,381.3682861328125,56,0,1,0,0,0,0,0,0,0,104.18873596191406,5.2360000014305115,28.5250244140625,3.904478132724762,cache_bf16,large_h6_n10_s100_wikics_arxiv,f6fad06d0182fdac16ade7c80ae6ba48ecadf3df08778ef7a76990d17d09763f,19.280288696289062,99.39555191993713,0,301.25302290916443,0,0,0,0
wikics,val,22,22,wikics:val:000022:d785569b8bb4a8d7,0,2041.337798,2041.3006591796875,1933.703544,107.282866,967.0757530257106,27.380227111279964,7.8527238219976425,645.8213794976473,215.1632308959961,429.00498962402344,63,0,1,0,0,0,0,0,0,0,167.4401912689209,8.832511901855469,32.837151527404785,6.053376197814941,cache_bf16,large_h6_n10_s100_wikics_arxiv,d785569b8bb4a8d717e83bb8c9fff3658fc9cccc846cdee9551cd8d56685150b,19.274656295776367,110.85705590248108,0,337.4225900173187,0,0,0,0
wikics,val,23,23,wikics:val:000023:30e8db22a669492e,0,1964.82892,1964.792236328125,1841.625648,122.625133,940.1117293164134,28.977422043681145,7.766162045300007,628.4822393208742,201.8238754272461,425.0214385986328,62,0,1,0,0,0,0,0,0,0,155.8922233581543,8.171231985092163,32.10464000701904,5.655780076980591,cache_bf16,large_h6_n10_s100_wikics_arxiv,30e8db22a669492e9181fdd4dfa056fe4fed95a4be6d84373feae62fc8032f91,21.48793601989746,109.27827179431915,0,337.2311028242111,0,0,0,0
wikics,val,24,24,wikics:val:000024:9c2eb6f46cefd34c,0,2201.957732,2201.920166015625,2099.433724,102.154595,990.565019659698,27.093999087810516,8.892202749848366,822.2474567592144,366.93228912353516,453.65225982666016,63,0,1,0,0,0,0,0,0,0,306.8895378112793,16.633887767791748,33.15555191040039,10.25331163406372,cache_bf16,large_h6_n10_s100_wikics_arxiv,9c2eb6f46cefd34c6f201303a1ad616670a71668823f3b38a391df90dfd6daff,19.40230369567871,111.22313618659973,0,361.83142733573914,0,0,0,0
wikics,val,25,25,wikics:val:000025:c748180b049621a4,0,2035.17431,2035.1373291015625,1911.948443,122.858791,959.0672142803669,27.11278200149536,7.705052383244038,686.400568112731,260.7665557861328,423.99717712402344,62,0,1,0,0,0,0,0,0,0,209.7347526550293,11.336992025375366,32.294912338256836,7.3998987674713135,cache_bf16,large_h6_n10_s100_wikics_arxiv,c748180b049621a4c7d3ed44f5609aeec104f7702d160cca2428f5a72b9841e5,19.27414321899414,109.32543981075287,0,333.9458805322647,0,0,0,0
wikics,val,26,26,wikics:val:000026:f66b2c37f14c407f,0,1967.610391,1967.573486328125,1864.627892,102.631971,978.3410914242268,26.805748231709003,7.847582921385765,637.3563529923558,205.1522216796875,430.5526428222656,63,0,1,0,0,0,0,0,0,0,158.3958740234375,8.234336018562317,32.78560018539429,5.736411452293396,cache_bf16,large_h6_n10_s100_wikics_arxiv,f66b2c37f14c407f4410ff66afbbac91c836532c19438c2e5923e57377491908,19.28044891357422,111.9188800752163,0,337.91421166062355,0,0,0,0
wikics,val,27,27,wikics:val:000027:19b7a4b1069f0703,0,2043.239852,2043.2032470703125,1935.372649,107.427034,964.7666746750474,26.89040545374155,7.847988046705723,636.7311272770166,208.4621124267578,426.6360321044922,62,0,1,0,0,0,0,0,0,0,161.9864330291748,8.495519876480103,32.108383655548096,5.87177586555481,cache_bf16,large_h6_n10_s100_wikics_arxiv,19b7a4b1069f0703e42e1662d1626fa830f58a56b61b61ac44a24e6ebe2d28c4,19.33203125,109.30505606532097,0,336.6630072891712,0,0,0,0
wikics,val,28,28,wikics:val:000028:6dcccc0dadc0f236,0,2005.051789,2005.014892578125,1896.861763,107.80736,982.2126626968384,27.05263439565897,8.093520067632198,626.9558127969503,179.36406326293945,445.89955139160156,64,0,1,0,0,0,0,0,0,0,134.50320053100586,6.8876800537109375,33.01161575317383,4.961566925048828,cache_bf16,large_h6_n10_s100_wikics_arxiv,6dcccc0dadc0f2368546ab77570060956e54caca780c3fae3797dd17561f56c2,19.38217544555664,112.30844810605049,0,352.9732787311077,0,0,0,0
wikics,val,29,29,wikics:val:000029:b57c0c6c616584fa,0,1786.42837,1786.392578125,1683.974157,102.123844,879.2652320116758,27.451799251139164,7.1279993280768394,516.7259126901627,132.71692657470703,382.5094451904297,56,0,1,0,0,0,0,0,0,0,95.77788639068604,4.7937920689582825,28.5315842628479,3.6136638522148132,cache_bf16,large_h6_n10_s100_wikics_arxiv,b57c0c6c616584fa3175a1053d4a5943c17cc66406ff67582d00320f05ece863,19.259456634521484,99.47804766893387,0,302.2908541560173,0,0,0,0
wikics,val,30,30,wikics:val:000030:46cf5a7590979b07,0,1900.773074,1900.73779296875,1792.96946,107.467138,915.0400562211871,27.459961362183094,7.730437442660332,639.8133374750614,219.79955291748047,418.39830780029297,61,0,1,0,0,0,0,0,0,0,172.58595275878906,9.163456082344055,31.83948802947998,6.210656046867371,cache_bf16,large_h6_n10_s100_wikics_arxiv,46cf5a7590979b072621f92b0e45b838461f0910879853929265a05ebd40704a,19.25152015686035,107.61312007904053,0,330.0367078781128,0,0,0,0
wikics,val,31,31,wikics:val:000031:2addc42d7b620b3e,0,1990.822454,1990.7855224609375,1888.653701,101.809579,988.2062766700983,27.49071642756462,7.866581901907921,602.5429368019104,169.9018898010254,430.98162841796875,63,0,1,0,0,0,0,0,0,0,126.14252662658691,6.401183843612671,32.682591915130615,4.67558741569519,cache_bf16,large_h6_n10_s100_wikics_arxiv,2addc42d7b620b3eafd7d208a11026fbe79e6857e28c706cb3b0e8c837b03eca,19.293664932250977,110.82880008220673,0,339.446493268013,0,0,0,0
wikics,val,32,32,wikics:val:000032:57bb329b74f81197,0,1935.084013,1935.0478515625,1827.737615,107.005588,933.5379675030708,26.762730441987514,7.620960474014282,610.290938988328,191.74435234069824,416.93762969970703,61,0,1,0,0,0,0,0,0,0,146.9600944519043,7.610208034515381,31.812032222747803,5.362017631530762,cache_bf16,large_h6_n10_s100_wikics_arxiv,57bb329b74f81197f5f742a2fa3620e0c9193252afe609c679c1e02045e2ac49,19.26803207397461,107.65315198898315,0,328.5525097846985,0,0,0,0
wikics,val,33,33,wikics:val:000033:894e26b9ae45c623,0,1942.879896,1942.842529296875,1834.335739,107.96897,944.3072872236371,26.869596913456917,7.5951144099235535,627.5068046525121,209.82879638671875,416.06714630126953,61,0,1,0,0,0,0,0,0,0,163.5861110687256,8.61625611782074,31.73967981338501,5.8867493867874146,cache_bf16,large_h6_n10_s100_wikics_arxiv,894e26b9ae45c623e068a70ab0e34df3ae778a61aa50d8aa35d698f67ec35e98,19.26643180847168,108.89123201370239,0,326.4423460960388,0,0,0,0
wikics,val,34,34,wikics:val:000034:65ae31af463d1b89,0,1886.606431,1886.5703125,1784.096515,102.145025,903.6237401887774,26.829252019524574,7.688945159316063,643.80525611341,219.9126091003418,422.2683792114258,61,0,1,0,0,0,0,0,0,0,172.6393928527832,9.17737603187561,31.858335971832275,6.237504243850708,cache_bf16,large_h6_n10_s100_wikics_arxiv,65ae31af463d1b892011e51a76568ca922eeec0df8a5154042715bf1a7c494d9,19.270143508911133,109.47679978609085,0,332.06172293424606,0,0,0,0
wikics,val,35,35,wikics:val:000035:4693474df4e8fbf5,0,2144.317571,2144.27880859375,2020.869411,123.111979,963.7915622442961,27.42000576108694,7.732206955552101,692.8017325699329,266.6862106323242,424.490234375,62,0,1,0,0,0,0,0,0,0,215.1916160583496,11.625759959220886,32.24403190612793,7.6248027086257935,cache_bf16,large_h6_n10_s100_wikics_arxiv,4693474df4e8fbf5fdfd2d96bf57a7b6aabfe78ad448c8e80d959c4101a1f662,19.235872268676758,109.34319990873337,0,334.3829067349434,0,0,0,0
wikics,val,36,36,wikics:val:000036:0759714d0e26521e,0,1917.119764,1917.0802001953125,1799.159005,117.614968,909.7988558933139,26.746438816189766,7.384289056062698,592.013075016439,182.89091110229492,407.53816986083984,60,0,1,0,0,0,0,0,0,0,139.6486701965332,7.173951864242554,30.96659231185913,5.101696729660034,cache_bf16,large_h6_n10_s100_wikics_arxiv,0759714d0e26521e91834222ac4f5b5afd29c0eff6aa294be5e1a3766dc065c1,19.244352340698242,105.91238385438919,0,320.8701383471489,0,0,0,0
wikics,val,37,37,wikics:val:000037:a7f56af4cb70732b,0,1904.237357,1904.2021484375,1796.502791,107.355055,834.3795379623771,26.67633444070816,7.756766863167286,629.8498101532459,208.45814514160156,419.76060485839844,62,0,1,0,0,0,0,0,0,0,162.03385734558105,8.489408135414124,32.05913543701172,5.8757442235946655,cache_bf16,large_h6_n10_s100_wikics_arxiv,a7f56af4cb70732bb9074d50d48be472e73eaf5ac49d42d90c7fb997a871ce21,19.22220802307129,109.14726409316063,0,329.8355487883091,0,0,0,0
wikics,val,38,38,wikics:val:000038:dad46ac500c3e985,0,2014.12032,2014.08349609375,1911.802303,101.975581,967.1696377918124,28.824920766055584,7.908985018730164,611.3321594893932,182.74687957763672,426.9268493652344,63,0,1,0,0,0,0,0,0,0,137.8970890045166,7.041216015815735,32.75788736343384,5.050687193870544,cache_bf16,large_h6_n10_s100_wikics_arxiv,dad46ac500c3e9857482209283c5f91bd4729e6956984bc291919024cf405ee8,21.190143585205078,112.3106240928173,0,335.80636885762215,0,0,0,0
wikics,val,39,39,wikics:val:000039:53e5be2b68e5930e,0,1990.647236,1990.60986328125,1867.473961,122.719103,874.7524758800864,26.70085709542036,7.427494041621685,668.7189089134336,263.39119720458984,403.76717376708984,59,0,1,0,0,0,0,0,0,0,213.95548629760742,11.48851203918457,30.424799919128418,7.522398948669434,cache_bf16,large_h6_n10_s100_wikics_arxiv,53e5be2b68e5930eb72e6abd780a479e5ec14029f6796037de28e272d8d08878,19.197599411010742,104.438432097435,0,318.5263410806656,0,0,0,0
wikics,val,40,40,wikics:val:000040:f5c8ec8453d3a18e,0,1716.081686,1716.047119140625,1597.380537,118.347531,822.8219347074628,26.842099614441395,8.830149658024311,531.7556438967586,160.88300895690918,369.39498138427734,54,0,1,0,0,0,0,0,0,0,122.36956787109375,6.312992095947266,27.687936305999756,4.512512683868408,cache_bf16,large_h6_n10_s100_wikics_arxiv,f5c8ec8453d3a18e3d258c2f5898202e9d148044b51ad92e9766efccc4a3c27c,19.297151565551758,96.19568026065826,0,292.49645268917084,0,0,0,0
wikics,val,41,41,wikics:val:000041:0a1aea6f2ab10ebb,0,2130.535994,2130.4990234375,2028.405921,101.743573,965.5782738700509,27.375024743378162,7.894739508628845,721.398500725627,277.27225494384766,442.4721221923828,63,0,1,0,0,0,0,0,0,0,223.99353790283203,12.237568140029907,33.1333122253418,7.907836675643921,cache_bf16,large_h6_n10_s100_wikics_arxiv,0a1aea6f2ab10ebbb8741837ad5f8891fe42bfc4bfa6ca2c2c4141a32360b0e7,19.341663360595703,111.08153623342514,0,350.7322493195534,0,0,0,0
wikics,val,42,42,wikics:val:000042:6b1dd5c3859cc886,0,1967.294973,1967.2587890625,1859.766261,107.175223,975.745596922934,27.282499708235264,7.901887409389019,598.9883691072464,169.89174461364746,427.4374084472656,63,0,1,0,0,0,0,0,0,0,126.08582305908203,6.410431861877441,32.726303577423096,4.669186115264893,cache_bf16,large_h6_n10_s100_wikics_arxiv,6b1dd5c3859cc886d64cde0c7ecb8890de634840ab945555bc2408dbb9643e78,19.29964828491211,110.72531202435493,0,336.0117447078228,0,0,0,0
wikics,val,43,43,wikics:val:000043:5164e28991dfba94,0,1866.629812,1866.59375,1743.572072,122.713769,870.4426670446992,26.84192731976509,7.19834491610527,566.6212579235435,172.62675094604492,392.4524154663086,58,0,1,0,0,0,0,0,0,0,131.36566352844238,6.7320640087127686,29.711967945098877,4.8170554637908936,cache_bf16,large_h6_n10_s100_wikics_arxiv,5164e28991dfba940695c47609da38adb72fec7b962b72c3fc11f98b771028d1,19.3624324798584,102.57001599669456,0,309.2448319494724,0,0,0,0
wikics,val,44,44,wikics:val:000044:a1e23c83773db96a,0,1927.853591,1927.817626953125,1804.663469,122.851625,908.8290575891733,26.78364049643278,7.805456407368183,626.5927013009787,201.80025482177734,423.15269470214844,62,0,1,0,0,0,0,0,0,0,155.8792953491211,8.143455982208252,32.11235189437866,5.665151596069336,cache_bf16,large_h6_n10_s100_wikics_arxiv,a1e23c83773db96a01bf838bf188e3dfb7ca66f39a28efe567f992bf99606076,19.282880783081055,109.22390377521515,0,333.21167171001434,0,0,0,0
wikics,val,45,45,wikics:val:000045:468961e707127957,0,2053.46256,2053.42626953125,1946.29805,106.821589,977.4998277425766,26.680422946810722,7.8536150977015495,683.3876622840762,249.3014373779297,432.41519927978516,64,0,1,0,0,0,0,0,0,0,198.4343032836914,10.584319949150085,33.25798416137695,7.024829983711243,cache_bf16,large_h6_n10_s100_wikics_arxiv,468961e707127957b260758066a254430361fc6520124ac947aa20ec9ea66115,19.189056396484375,112.49023997783661,0,339.1140156984329,0,0,0,0
wikics,val,46,46,wikics:val:000046:f3cf1d41caa4c2d9,0,1865.40695,1865.3719482421875,1742.010824,123.071932,907.7025111764669,26.64936613291502,9.294435381889343,557.1633512154222,156.14979362487793,399.4399108886719,59,0,1,0,0,0,0,0,0,0,115.7649917602539,5.887456059455872,30.193120002746582,4.30422580242157,cache_bf16,large_h6_n10_s100_wikics_arxiv,f3cf1d41caa4c2d9aee35e66e1b95d288a274a344aed7288a15b83678d0c9b0f,19.183551788330078,104.19215974211693,0,314.431302934885,0,0,0,0
wikics,val,47,47,wikics:val:000047:bd32e929138a4b77,0,1965.159558,1965.123291015625,1862.936949,101.792709,967.7868131548166,26.735764928162098,7.940931245684624,637.1706826612353,204.76652908325195,430.75453186035156,63,0,1,0,0,0,0,0,0,0,158.00406455993652,8.221472024917603,32.810304164886475,5.7306883335113525,cache_bf16,large_h6_n10_s100_wikics_arxiv,bd32e929138a4b77bc048f77bd95b0ae2df40ec2142b7d96ce1fdf8f013783d6,19.196672439575195,110.89510422945023,0,339.05610007047653,0,0,0,0
wikics,val,48,48,wikics:val:000048:6eff2b19b7a04da7,0,1949.668498,1949.6322021484375,1842.122041,107.191454,881.8642003461719,27.062502689659595,7.194179110229015,541.979469358921,149.68713569641113,390.77244567871094,57,0,1,0,0,0,0,0,0,0,110.55955123901367,5.615903913974762,29.37391996383667,4.137760579586029,cache_bf16,large_h6_n10_s100_wikics_arxiv,6eff2b19b7a04da79c3852b11623e45f5e95243bd84be5804a42f68214bedb34,19.372831344604492,101.09721639752388,0,309.04806062579155,0,0,0,0
wikics,val,49,49,wikics:val:000049:a710ed9d3274bc0d,0,2028.811371,2028.774169921875,1921.467988,106.977648,983.8274950161576,26.960340328514576,7.8896814957261086,609.702025540173,169.9440631866455,438.10643005371094,63,0,1,0,0,0,0,0,0,0,126.17072105407715,6.402400016784668,32.69839954376221,4.672542572021484,cache_bf16,large_h6_n10_s100_wikics_arxiv,a710ed9d3274bc0d9f0fb0ea4c32ba851c8bbe00839b9daed62e9d43b3352bf2,19.310176849365234,113.9115520119667,0,343.50505489110947,0,0,0,0
wikics,val,50,50,wikics:val:000050:1c058b8728feaf12,0,1702.534473,1702.49951171875,1599.800182,102.366356,716.2202931940556,27.51987800002098,7.748370058834553,609.524367377162,190.6728000640869,417.2399368286133,61,0,1,0,0,0,0,0,0,0,146.14425659179688,7.5004799365997314,31.691775798797607,5.3362877368927,cache_bf16,large_h6_n10_s100_wikics_arxiv,1c058b8728feaf12cbe4ab8e03522106fc37295ec871564e5fc151a2fbb470d5,19.375295639038086,107.52803212404251,0,329.08720034360886,0,0,0,0
wikics,val,51,51,wikics:val:000051:d60eeaca25598834,0,1486.478511,1486.4454345703125,1384.182417,101.942419,490.4797486960888,26.861613616347313,7.661187089979649,611.6242557764053,191.55718421936035,418.46419525146484,61,0,1,0,0,0,0,0,0,0,146.86822509765625,7.57424008846283,31.747999668121338,5.366719365119934,cache_bf16,large_h6_n10_s100_wikics_arxiv,d60eeaca25598834706edcb52ebc7531cf2e17cfda9b41db2d8027815a0c0c09,19.246623992919922,107.63577622175217,0,330.0750430226326,0,0,0,0
wikics,val,52,52,wikics:val:000052:9d402c29e66ea4c0,0,1836.69779,1836.6614990234375,1702.425357,133.925417,863.9434054493904,26.67380776256323,7.253726944327354,548.151683062315,156.78825569152832,389.8383331298828,57,0,1,0,0,0,0,0,0,0,117.08272171020508,5.998367965221405,29.36736011505127,4.339805901050568,cache_bf16,large_h6_n10_s100_wikics_arxiv,9d402c29e66ea4c0512dc9a25029ae2df086560fbc652776c688794053e56213,19.183712005615234,101.04550367593765,0,307.9765414595604,0,0,0,0
wikics,val,53,53,wikics:val:000053:ed2693d240246643,0,2003.167706,2003.1304931640625,1901.033689,101.801445,936.1830707639456,27.434760704636574,7.619300857186317,667.516733519733,251.0584945678711,414.84764862060547,61,0,1,0,0,0,0,0,0,0,201.28707122802734,10.719904065132141,31.89468812942505,7.15683114528656,cache_bf16,large_h6_n10_s100_wikics_arxiv,ed2693d240246643addf6808c0115c2eed9d294dd989ee0fdb3375681b9cf25d,19.31497573852539,107.63056004047394,0,326.5320643186569,0,0,0,0
wikics,val,54,54,wikics:val:000054:a8e2f7ed77837d4b,0,1578.486234,1578.4527587890625,1460.510142,117.641447,516.6061520576477,26.609139516949654,7.669001817703247,685.348104685545,260.9085464477539,422.80908966064453,62,0,1,0,0,0,0,0,0,0,209.98246383666992,11.264415979385376,32.23411226272583,7.427554368972778,cache_bf16,large_h6_n10_s100_wikics_arxiv,a8e2f7ed77837d4b652e18f0316c93d7e0ed16853eb7f80344c9fee1ffa7073d,19.188640594482422,109.35910373926163,0,332.6386265158653,0,0,0,0
wikics,val,55,55,wikics:val:000055:3c1e3f2074abd3c8,0,2017.456575,2017.4207763671875,1910.32335,106.781733,978.8008918985724,26.96139272302389,8.121579885482788,604.3737027794123,170.01420974731445,432.7099838256836,63,0,1,0,0,0,0,0,0,0,126.23427200317383,6.40281617641449,32.69545555114746,4.681666016578674,cache_bf16,large_h6_n10_s100_wikics_arxiv,3c1e3f2074abd3c877291529fd1f3d17d7985de2b8671dbb87cc71e5b84081c3,19.32521629333496,110.85238376259804,0,341.1828163564205,0,0,0,0
wikics,val,56,56,wikics:val:000056:efcb08cf59d1e854,0,1660.019931,1659.985107421875,1552.634964,107.076835,775.7113520056009,26.74624975770712,6.528699770569801,524.2806756868958,171.6755542755127,351.208927154541,52,0,1,0,0,0,0,0,0,0,133.2163848876953,6.89356803894043,26.72873592376709,4.836865425109863,cache_bf16,large_h6_n10_s100_wikics_arxiv,efcb08cf59d1e85484c1341b5bc27bdb0c54c55af7ed792f8233e590836e90af,19.285280227661133,92.86217588186264,0,277.6320315003395,0,0,0,0
wikics,val,57,57,wikics:val:000057:a3c7f395d320220a,0,1988.926146,1988.89013671875,1880.629792,107.683868,946.9800880178809,27.17696037143469,7.913757115602493,600.4831325262785,169.8595199584961,428.9568634033203,63,0,1,0,0,0,0,0,0,0,126.11200141906738,6.395807981491089,32.680448055267334,4.671262502670288,cache_bf16,large_h6_n10_s100_wikics_arxiv,a3c7f395d320220a49b18c10c43aaaf35b12e9f9b3cb44a936cd1bb76ea87e41,19.443744659423828,110.80313608050346,0,337.5974719822407,0,0,0,0
wikics,val,58,58,wikics:val:000058:8074f83a06f99a82,0,1926.681446,1926.645751953125,1808.584104,117.746071,918.1061191484332,26.745355688035488,7.556450553238392,598.3643243089318,182.7020149230957,414.0708770751953,60,0,1,0,0,0,0,0,0,0,139.45110511779785,7.158687949180603,30.981504440307617,5.110717415809631,cache_bf16,large_h6_n10_s100_wikics_arxiv,8074f83a06f99a823ad68d64ea27ab58e9d24ea96ba8e9704f5e2377f3caced5,19.272319793701172,105.90428799390793,0,327.43890887498856,0,0,0,0
wikics,val,59,59,wikics:val:000059:21f4f0d64380bdda,0,2118.300536,2118.26416015625,1995.289614,122.688059,962.5066369771957,26.840469799935818,7.942305877804756,644.9794145300984,205.67798614501953,437.64220428466797,63,0,1,0,0,0,0,0,0,0,158.74159812927246,8.310367941856384,32.88700819015503,5.739011883735657,cache_bf16,large_h6_n10_s100_wikics_arxiv,21f4f0d64380bdda046d4cc1db9002aca0956e7f0f93cad73d32b7c41fab9a1f,19.296768188476562,110.8361279964447,0,346.10284447669983,0,0,0,0
wikics,val,60,60,wikics:val:000060:9dd18ea1fcd0219b,0,1988.63014,1988.59326171875,1881.29211,106.989821,975.412093102932,27.42557041347027,8.088338188827038,618.7067702412605,179.37641716003418,437.6607666015625,64,0,1,0,0,0,0,0,0,0,134.52374458312988,6.88371205329895,32.99404764175415,4.974912881851196,cache_bf16,large_h6_n10_s100_wikics_arxiv,9dd18ea1fcd0219b60d99cd4a59d6991950025d43145db4f4bb3fd8b8b79fa86,19.241376876831055,112.42275178432465,0,344.4793916940689,0,0,0,0
wikics,val,61,61,wikics:val:000061:59ffc0873b2736bd,0,1906.656501,1906.6209716796875,1788.110892,118.156302,824.3452645838261,26.797767728567123,7.840365171432495,612.2634131461382,188.28499031066895,422.3439025878906,62,0,1,0,0,0,0,0,0,0,143.6693458557129,7.392831921577454,31.966816425323486,5.255996108055115,cache_bf16,large_h6_n10_s100_wikics_arxiv,59ffc0873b2736bd1131d5f3759451a37bcf18ecedae90549af313f517e26f4f,19.286624908447266,109.1287998855114,0,332.5017276108265,0,0,0,0
wikics,val,62,62,wikics:val:000062:cd046bf69ef46f20,0,1956.598389,1956.5626220703125,1854.099134,102.171627,947.9297418147326,26.810641400516033,7.914409041404724,634.690385311842,208.98441696166992,424.0745620727539,62,0,1,0,0,0,0,0,0,0,162.49539184570312,8.532127976417542,32.07363224029541,5.883264899253845,cache_bf16,large_h6_n10_s100_wikics_arxiv,cd046bf69ef46f204090fdd4878f751b1f18829050a54ec040957e600ad3cc68,19.26095962524414,109.3323201239109,0,334.00320157408714,0,0,0,0
wikics,val,63,63,wikics:val:000063:fdccf80ac6d5ed10,0,1988.272505,1988.235107421875,1886.026231,101.913746,928.5499369725585,26.765409857034683,8.015688508749008,666.3148477673531,232.64154052734375,432.0215606689453,63,0,1,0,0,0,0,0,0,0,183.58527946472168,9.664255976676941,32.809120178222656,6.582884907722473,cache_bf16,large_h6_n10_s100_wikics_arxiv,fdccf80ac6d5ed1031f1caf4ad0b8707e4063633f670534cc7316f4a63d581b6,19.23516845703125,110.95833593606949,0,340.2983931899071,0,0,0,0
wikics,val,64,64,wikics:val:000064:c21d83b7a925b1f1,0,1903.720997,1903.6845703125,1801.283304,102.103301,884.5572965219617,26.689855381846428,7.148159667849541,575.1404613256454,187.29372596740723,386.33044052124023,57,0,1,0,0,0,0,0,0,0,145.04272079467773,7.548800110816956,29.442335605621338,5.259869456291199,cache_bf16,large_h6_n10_s100_wikics_arxiv,c21d83b7a925b1f1e3bf58aa888458f37c3c7959cc0860b33d5364e471f3be69,19.199487686157227,101.00230419635773,0,304.52762401103973,0,0,0,0
wikics,val,65,65,wikics:val:000065:8018dabccc7a098b,0,1985.715939,1985.6795654296875,1878.389012,107.001006,961.5896763280034,26.70777216553688,7.8667569905519485,628.820676356554,201.0503044128418,426.1185989379883,63,0,1,0,0,0,0,0,0,0,154.53356552124023,8.056031823158264,32.83625555038452,5.624451518058777,cache_bf16,large_h6_n10_s100_wikics_arxiv,8018dabccc7a098b9082792cb6fdae67c3e451b13db77164ff6d6cbbfdbd5771,19.258207321166992,110.82156789302826,0,334.555238366127,0,0,0,0
wikics,val,66,66,wikics:val:000066:70258368f4491f0c,0,1576.22334,1576.189697265625,1453.270945,122.629506,756.05802051723,26.78066212683916,6.638245657086372,481.1897249892354,126.42124938964844,353.3956489562988,51,0,1,0,0,0,0,0,0,0,92.37504005432129,4.6524160504341125,25.94985580444336,3.4439374804496765,cache_bf16,large_h6_n10_s100_wikics_arxiv,70258368f4491f0c1f933e937a47280efcd886e3740f7d5b30af914ae2f65ae3,19.19366455078125,91.35270404815674,0,281.23660945892334,0,0,0,0
wikics,val,67,67,wikics:val:000067:7139754de7086e77,0,1792.279487,1792.2430419921875,1674.495661,117.414711,895.9259772673249,26.989675126969814,7.488111965358257,558.7707459926605,157.243070602417,399.98380279541016,58,0,1,0,0,0,0,0,0,0,117.21785736083984,5.970687985420227,29.67903995513916,4.375485301017761,cache_bf16,large_h6_n10_s100_wikics_arxiv,7139754de7086e7765da5a2bc4d08a7109fb268c05df038a524b37555f626219,19.395423889160156,102.80608010292053,0,316.5731465816498,0,0,0,0
wikics,val,68,68,wikics:val:000068:d09d5c84fefc31fa,0,1950.752208,1950.715576171875,1827.757975,122.641514,929.4951464980841,26.988767087459564,7.867521606385708,628.5328632220626,201.33798217773438,425.55382537841797,62,0,1,0,0,0,0,0,0,0,155.51756858825684,8.094784140586853,32.06940793991089,5.656221508979797,cache_bf16,large_h6_n10_s100_wikics_arxiv,d09d5c84fefc31faa39227124c4a8196cf807ad304e4c22c39827c1e72c189a7,19.291839599609375,109.21273604035378,0,335.63292893767357,0,0,0,0
wikics,val,69,69,wikics:val:000069:da8713a1886318f3,0,2130.186581,2130.14892578125,2022.489798,107.334455,979.2768303304911,26.947643607854843,7.933563552796841,761.860491707921,326.6058578491211,433.6032028198242,63,0,1,0,0,0,0,0,0,0,269.38752365112305,14.826239824295044,33.07964849472046,9.312445878982544,cache_bf16,large_h6_n10_s100_wikics_arxiv,da8713a1886318f35bebbc1f6a260d9043f0f17461ca5357ede1eebbf97c39b9,19.35094451904297,111.18873617053032,0,341.76541116833687,0,0,0,0
wikics,val,70,70,wikics:val:000070:c07c01ab1d837bee,0,1530.494417,1530.4615478515625,1422.90677,107.201992,514.1863403841853,26.903554797172546,7.885223254561424,609.8073851317167,183.36038398742676,424.8152313232422,62,0,1,0,0,0,0,0,0,0,139.0891513824463,7.18448007106781,31.971999645233154,5.114752888679504,cache_bf16,large_h6_n10_s100_wikics_arxiv,c07c01ab1d837bee495fe549fb059614c21012d28950d436a260cad0b20e355e,19.332063674926758,109.04825595021248,0,335.09903904795647,0,0,0,0
wikics,val,71,71,wikics:val:000071:a33e3d4cce48fcc3,0,1852.693755,1852.657958984375,1750.425978,101.949495,861.552657559514,26.932675391435623,7.619678974151611,613.0719808861613,190.73599815368652,420.7157211303711,61,0,1,0,0,0,0,0,0,0,146.24761390686035,7.499423861503601,31.64351987838745,5.34544050693512,cache_bf16,large_h6_n10_s100_wikics_arxiv,a33e3d4cce48fcc3980549bc7f9e0f293f769fa36ec601986da634453cff0f01,19.35558319091797,107.53897592425346,0,332.5323283970356,0,0,0,0
wikics,val,72,72,wikics:val:000072:f1151d716149ae48,0,2052.198947,2052.162109375,1948.769166,103.091428,910.6689086183906,27.47058030217886,7.900506258010864,704.8398107290268,276.74063873291016,426.44532012939453,63,0,1,0,0,0,0,0,0,0,223.72860717773438,12.106848001480103,33.001312255859375,7.903871297836304,cache_bf16,large_h6_n10_s100_wikics_arxiv,f1151d716149ae48dbc85a7874ec59788c1e359220abb0af2364121fabe8da24,19.270816802978516,110.93798393011093,0,334.7781530022621,0,0,0,0
wikics,val,73,73,wikics:val:000073:4b3154d00ed508a1,0,1926.139345,1926.1025390625,1818.99685,106.777904,852.901958860457,27.39825751632452,7.95307569205761,645.4402599483728,215.71014404296875,428.0653381347656,63,0,1,0,0,0,0,0,0,0,167.9463996887207,8.839264035224915,32.877440452575684,6.047039866447449,cache_bf16,large_h6_n10_s100_wikics_arxiv,4b3154d00ed508a163face2906b779bc860da600f6b41d6bca03a69eddd4dac0,19.259424209594727,110.78611221909523,0,336.5386501252651,0,0,0,0
wikics,val,74,74,wikics:val:000074:63d8027fe96dbd40,0,1976.317665,1976.280517578125,1874.160632,101.789952,956.5084222704172,26.762413792312145,7.8643690794706345,612.4525982886553,185.19581031799316,425.625,62,0,1,0,0,0,0,0,0,0,140.6722869873047,7.287904143333435,32.07587194442749,5.159747242927551,cache_bf16,large_h6_n10_s100_wikics_arxiv,63d8027fe96dbd400c3253b6fea3dff229a9d059b23d14f1f2fd66ad5dc976a6,19.23356819152832,109.30236807465553,0,335.5562001168728,0,0,0,0
wikics,val,75,75,wikics:val:000075:205fb8181f3470fd,0,1780.902995,1780.8677978515625,1673.234135,107.33221,849.0550797432661,26.80733148008585,7.148532196879387,555.4186012595892,168.68505668640137,385.2163848876953,57,0,1,0,0,0,0,0,0,0,128.00451278686523,6.593600034713745,29.382911682128906,4.7040321826934814,cache_bf16,large_h6_n10_s100_wikics_arxiv,205fb8181f3470fdbd1270150f71b5fca1cc9f81c402b312d394c3d904a0d37f,19.27257537841797,101.0034561753273,0,303.485504090786,0,0,0,0
wikics,val,76,76,wikics:val:000076:ddb2213b21b70ae0,0,1925.40841,1925.372802734375,1822.922246,102.146487,941.5349699556828,26.694150641560555,7.988095283508301,650.0677643343806,216.66594696044922,431.7259521484375,64,0,1,0,0,0,0,0,0,0,168.52307319641113,8.888927936553955,33.18310308456421,6.070842742919922,cache_bf16,large_h6_n10_s100_wikics_arxiv,ddb2213b21b70ae0608c1c092117830fd7e17b1a716dacdda024759397179a65,19.251455307006836,112.40249624848366,0,338.5749112069607,0,0,0,0
wikics,val,77,77,wikics:val:000077:f1913089890132b9,0,1876.563033,1876.5272216796875,1753.739526,122.502287,922.0466203987598,26.76320355385542,7.431714795529842,557.8360874205828,154.89302444458008,401.37923431396484,59,0,1,0,0,0,0,0,0,0,114.62982177734375,5.808863937854767,30.19327974319458,4.261058986186981,cache_bf16,large_h6_n10_s100_wikics_arxiv,f1913089890132b93fdaffc173538a9f3a7d21ccce41a3e9e4c9795128d4bd45,19.23516845703125,104.24265602231026,0,316.37174674868584,0,0,0,0
wikics,val,78,78,wikics:val:000078:0761a00cafcc55ff,0,1859.780007,1859.7440185546875,1753.214096,106.225037,847.3318489268422,26.732775382697582,7.387131452560425,616.7714046314359,216.9851188659668,398.21400451660156,59,0,1,0,0,0,0,0,0,0,171.3120937347412,9.062432050704956,30.44428777694702,6.166305303573608,cache_bf16,large_h6_n10_s100_wikics_arxiv,0761a00cafcc55ff9fe63e26139f58aec60e88d6395fc46a23de2ad601161439,19.277536392211914,104.44940838217735,0,313.0421325266361,0,0,0,0
wikics,val,79,79,wikics:val:000079:2fe77eb4bcc2fb53,0,1895.561992,1895.527099609375,1793.740394,101.495609,907.7196521684527,26.74917969852686,7.613468915224075,625.9330520406365,210.3194580078125,414.00486755371094,61,0,1,0,0,0,0,0,0,0,163.9481601715088,8.655744075775146,31.80288028717041,5.912673473358154,cache_bf16,large_h6_n10_s100_wikics_arxiv,2fe77eb4bcc2fb53c2211e341bc094a3a30350f3b9232464ae3b32fe2ec8eddd,19.281152725219727,107.54134404659271,0,325.74467623233795,0,0,0,0
wikics,val,80,80,wikics:val:000080:78e4b73fcf74884b,0,1894.374245,1894.3389892578125,1792.001144,102.057308,908.2931969314814,26.749503798782825,7.591373287141323,607.4494142085314,192.21331405639648,413.6282272338867,61,0,1,0,0,0,0,0,0,0,147.37567710876465,7.634463906288147,31.83462381362915,5.368549227714539,cache_bf16,large_h6_n10_s100_wikics_arxiv,78e4b73fcf74884bd0f9d8224587705bf2a860666e91c84c032b4c3d0586467b,19.289663314819336,107.54240018129349,0,325.37549036741257,0,0,0,0
wikics,val,81,81,wikics:val:000081:20ce9780b00f15b5,0,1915.976436,1915.94091796875,1813.253289,102.308869,908.1917880102992,26.791553013026714,7.904412224888802,632.9490141943097,209.30653381347656,422.00860595703125,62,0,1,0,0,0,0,0,0,0,162.73369598388672,8.586496114730835,32.107295989990234,5.879045724868774,cache_bf16,large_h6_n10_s100_wikics_arxiv,20ce9780b00f15b52811a677413a49886c9d562891b0f085e645f3da627331e0,19.2139835357666,109.23631975054741,0,331.98626974225044,0,0,0,0
wikics,val,82,82,wikics:val:000082:15505e4df399c749,0,1929.613454,1929.5775146484375,1826.792974,102.276713,914.7981414571404,27.18012873083353,7.426988333463669,622.0944495871663,217.06876754760742,403.4393539428711,59,0,1,0,0,0,0,0,0,0,171.437406539917,9.040575981140137,30.42300796508789,6.167777061462402,cache_bf16,large_h6_n10_s100_wikics_arxiv,15505e4df399c7492f629e9c7965cca92311ad45c4e2d4f2a65ee42f5ca8ba25,19.503616333007812,104.47843191027641,0,318.4645383656025,0,0,0,0
wikics,val,83,83,wikics:val:000083:a7ba3d44aa7499fe,0,1751.021033,1750.9852294921875,1648.389335,102.287376,857.1279663592577,26.72997210174799,6.907925009727478,513.6458622291684,132.52483367919922,379.63161849975586,56,0,1,0,0,0,0,0,0,0,95.6109447479248,4.792927980422974,28.511647701263428,3.6093132495880127,cache_bf16,large_h6_n10_s100_wikics_arxiv,a7ba3d44aa7499fee1445d9215d7a72b29cbdb6a49ba0da38d84ee982ee40490,19.222496032714844,99.3454398214817,0,299.508674710989,0,0,0,0
wikics,val,84,84,wikics:val:000084:35732c8658931b86,0,1915.98049,1915.9444580078125,1813.401792,102.238708,897.1711825579405,26.8925866112113,7.533086463809013,623.2934696599841,216.5472297668457,405.17398834228516,59,0,1,0,0,0,0,0,0,0,171.01052856445312,9.010688066482544,30.381568431854248,6.144444704055786,cache_bf16,large_h6_n10_s100_wikics_arxiv,35732c8658931b8612504cc455b6580ea44423ed7f94899d50f3c900f855d03c,19.260543823242188,104.44899210333824,0,319.9855400621891,0,0,0,0
wikics,val,85,85,wikics:val:000085:39693add84393c3e,0,1802.854486,1802.8189697265625,1700.362121,102.160821,867.9762855172157,26.88497956842184,7.240091450512409,560.1723399013281,168.69164657592773,389.9633331298828,57,0,1,0,0,0,0,0,0,0,128.00524711608887,6.590816020965576,29.387360095977783,4.708223342895508,cache_bf16,large_h6_n10_s100_wikics_arxiv,39693add84393c3e86597303a982f69e8c2c131c841d86b3540fc8836693ee22,19.309696197509766,101.1297278702259,0,308.1433014571667,0,0,0,0
wikics,val,86,86,wikics:val:000086:6154d20de82ca154,0,1862.519774,1862.4840087890625,1743.81909,118.348441,894.0732721239328,27.472147718071938,12.627337127923965,568.2125575840473,154.75545692443848,411.8913269042969,59,0,1,0,0,0,0,0,0,0,114.5239372253418,5.797984004020691,30.18604803085327,4.247487664222717,cache_bf16,large_h6_n10_s100_wikics_arxiv,6154d20de82ca154d31dc1757ffb5df0b6b9fab72293c3c0850611659ced11c3,19.219648361206055,104.24684780836105,0,326.8641274571419,0,0,0,0
wikics,val,87,87,wikics:val:000087:2d8e1c91732f7fc9,0,1939.226485,1939.1903076171875,1821.022921,117.834503,922.1700895577669,27.516525238752365,7.7264755964279175,596.2873380631208,178.91910552978516,415.7514343261719,61,0,1,0,0,0,0,0,0,0,135.29916763305664,6.950911998748779,31.677855014801025,4.991170883178711,cache_bf16,large_h6_n10_s100_wikics_arxiv,2d8e1c91732f7fc9dc9d186a2ca2f383b734021eb501adc5b8e0ed0ef87a507d,19.272127151489258,107.60528016090393,0,327.4182813167572,0,0,0,0
wikics,val,88,88,wikics:val:000088:edf1f65b0215397f,0,2031.696511,2031.6600341796875,1924.716944,106.626372,946.783171966672,27.516642585396767,7.983780466020107,647.0647258684039,215.38262557983398,430.0236129760742,63,0,1,0,0,0,0,0,0,0,167.69692611694336,8.810976028442383,32.80835151672363,6.066371917724609,cache_bf16,large_h6_n10_s100_wikics_arxiv,edf1f65b0215397f7db64f2b0af499b296dd7db24bda5492ace4393562a0e0a3,19.30556869506836,110.82198414206505,0,338.50719752907753,0,0,0,0
wikics,val,89,89,wikics:val:000089:cc473da6146fe84a,0,1945.452057,1945.4158935546875,1842.898522,102.210349,912.3105527833104,26.815437711775303,7.655549794435501,626.6715554520488,213.11017990112305,411.9747543334961,60,0,1,0,0,0,0,0,0,0,167.12269020080566,8.87171196937561,31.08239984512329,6.0333778858184814,cache_bf16,large_h6_n10_s100_wikics_arxiv,cc473da6146fe84a261cfc81f796542bafb0eacffffc7c8a2c614f0834c25fc7,19.283584594726562,106.17100819945335,0,325.0873307287693,0,0,0,0
wikics,val,90,90,wikics:val:000090:04f10178109bc189,0,2050.741966,2050.7041015625,1933.309341,117.078877,954.1140161454678,26.777888648211956,7.802885957062244,644.7580698877573,214.35715103149414,428.7454071044922,63,0,1,0,0,0,0,0,0,0,166.72323417663574,8.762048125267029,32.862112045288086,6.009756684303284,cache_bf16,large_h6_n10_s100_wikics_arxiv,04f10178109bc18987c0d161e505acc91bd5670d8f9419c8668ecccb3d4a4fea,19.259296417236328,110.87174421548843,0,337.1329593062401,0,0,0,0
wikics,val,91,91,wikics:val:000091:6005ecd7d5ac622d,0,1724.760019,1724.7252197265625,1616.91437,107.512897,807.1378972381353,26.80137474089861,7.054700516164303,535.4770421981812,157.8408966064453,376.1716499328613,55,0,1,0,0,0,0,0,0,0,119.2340145111084,6.104000091552734,28.10048007965088,4.402401924133301,cache_bf16,large_h6_n10_s100_wikics_arxiv,6005ecd7d5ac622de1a177d20f147dd9d8a3627c61c0d028b05dbd49891ee46f,19.287328720092773,97.94265586137772,0,297.5163227915764,0,0,0,0
wikics,val,92,92,wikics:val:000092:73a973d4261a61c9,0,1991.132957,1991.095947265625,1872.967381,117.834973,934.5501270145178,26.792231015861034,9.048454463481903,683.0198876559734,259.2262077331543,422.1644821166992,62,0,1,0,0,0,0,0,0,0,208.50185775756836,11.13158392906189,32.1878719329834,7.404894113540649,cache_bf16,large_h6_n10_s100_wikics_arxiv,73a973d4261a61c9ab186d29b44931ed7c5bff0e00c5110bc7a221fbb62df03c,19.280895233154297,109.21680003404617,0,332.22857731580734,0,0,0,0
wikics,val,93,93,wikics:val:000093:d724956d62b3a7fc,0,2243.861156,2243.823974609375,2126.482358,117.036704,1192.2683855518699,26.63253340870142,7.704263553023338,683.4635557606816,260.00035858154297,421.8342742919922,62,0,1,0,0,0,0,0,0,0,209.09280014038086,11.281759858131409,32.20563220977783,7.420166373252869,cache_bf16,large_h6_n10_s100_wikics_arxiv,d724956d62b3a7fcacd941394e399a7d05dc8293c6783e71baa7f6861404e482,19.195968627929688,109.4206083714962,0,331.6096345484257,0,0,0,0
wikics,val,94,94,wikics:val:000094:3184012ce3fd116b,0,1924.68951,1924.654052734375,1801.644531,122.710662,865.2341971173882,26.688328944146633,7.736470550298691,682.751608081162,260.9703712463379,420.1457061767578,62,0,1,0,0,0,0,0,0,0,209.99977493286133,11.291872024536133,32.27619171142578,7.402532577514648,cache_bf16,large_h6_n10_s100_wikics_arxiv,3184012ce3fd116b5a1c75421824747786bb2b0fd93fb15f6e13f67525491820,19.223712921142578,110.69590416550636,0,328.673514932394,0,0,0,0
wikics,val,95,95,wikics:val:000095:5896bd7e52cfe097,0,2028.881711,2028.845458984375,1911.688837,116.857313,928.951708599925,26.84604376554489,7.93106947094202,696.8055823817849,264.42723083496094,430.7154846191406,63,0,1,0,0,0,0,0,0,0,212.45123291015625,11.437152028083801,33.03718376159668,7.5016621351242065,cache_bf16,large_h6_n10_s100_wikics_arxiv,5896bd7e52cfe097327cd8ed639653674c955ddf369bc55d1960b629703e361e,19.267648696899414,111.31369596719742,0,338.6694373488426,0,0,0,0
wikics,val,96,96,wikics:val:000096:e0d75fdd10f22e74,0,1710.546417,1710.5115966796875,1602.88224,107.335401,829.402482137084,26.80582646280527,6.988595239818096,550.3626335412264,173.8031349182129,375.0956115722656,55,0,1,0,0,0,0,0,0,0,133.87619018554688,6.937120079994202,28.098624229431152,4.891200423240662,cache_bf16,large_h6_n10_s100_wikics_arxiv,e0d75fdd10f22e74abcf3b05065d2374d4d1eeea4d96c2ce62fec18e8e1931fd,19.292640686035156,97.9075519144535,0,296.4807003438473,0,0,0,0
wikics,val,97,97,wikics:val:000097:4ecd8b7732146f0e,0,2000.749795,2000.713134765625,1898.600703,101.815723,897.7220095694065,26.772625744342804,7.6058730483055115,586.8251621723175,175.67993545532227,409.55525970458984,60,0,1,0,0,0,0,0,0,0,133.05135917663574,6.811007976531982,30.926111698150635,4.891456604003906,cache_bf16,large_h6_n10_s100_wikics_arxiv,4ecd8b7732146f0ead756c272e471e92c7481de63dcac7feb1ad635935de08c1,19.24652862548828,105.9340161383152,0,322.8677721917629,0,0,0,0
wikics,val,98,98,wikics:val:000098:255280efcfde1df9,0,1907.895739,1907.8604736328125,1800.665496,106.90071,881.475767120719,26.907028630375862,7.6643843203783035,626.2738974764943,213.25571060180664,411.43372344970703,60,0,1,0,0,0,0,0,0,0,167.34556579589844,8.836095929145813,31.048352241516113,6.025696635246277,cache_bf16,large_h6_n10_s100_wikics_arxiv,255280efcfde1df920001e1b4a297d5150dfa6e921b32d68249ba5b73836e939,19.297887802124023,106.06943991780281,0,324.66217133402824,0,0,0,0
wikics,val,99,99,wikics:val:000099:d4fd256fb5152e8f,0,1997.6812,1997.64501953125,1890.400548,106.925893,949.0071944892406,26.936433278024197,7.936582900583744,612.8214625641704,183.37932586669922,427.79209899902344,63,0,1,0,0,0,0,0,0,0,138.41990280151367,7.090847969055176,32.793216705322266,5.0753583908081055,cache_bf16,large_h6_n10_s100_wikics_arxiv,d4fd256fb5152e8f5140b8ef9594c080c5b38ea41b17aceb83bda8b99e776f76,19.35215950012207,110.7493123114109,0,336.3949461877346,0,0,0,0
wikics,test,100,0,wikics:test:000000:b39e9f309eb7b7ab,0,1944.728428,1944.6553955078125,1837.096018,107.135751,928.0892228707671,31.452689319849014,7.524632848799229,612.4190529808402,203.86275100708008,406.82374572753906,59,0,1,0,0,0,0,0,0,0,159.10262298583984,8.28054392337799,30.250527381896973,6.229056715965271,cache_bf16,large_h6_n10_s100_wikics_arxiv,b39e9f309eb7b7abbfb6ef032cc0f27946bd2af7f6ca83076ea40eb13bf61862,20.355680465698242,104.57020837068558,0,322.6092178225517,0,0,0,0
wikics,test,101,1,wikics:test:000001:114baa3a3e60d438,0,2018.854111,2018.8184814453125,1916.264913,102.225662,953.5055020824075,27.077484875917435,7.708840072154999,654.7165494412184,230.1321907043457,422.9555206298828,62,0,1,0,0,0,0,0,0,0,181.78387260437012,9.674304008483887,32.14016008377075,6.533854007720947,cache_bf16,large_h6_n10_s100_wikics_arxiv,114baa3a3e60d43877ff9471825f00544b60fc4b458c41f176d3a2b17a3e68ec,19.1560001373291,109.3693758547306,0,332.7421449124813,0,0,0,0
wikics,test,102,2,wikics:test:000002:5b151751c4684bba,0,1876.617524,1876.5823974609375,1774.20346,102.079698,938.0614589899778,26.848116889595985,7.565144449472427,586.54326479882,173.5608310699463,411.3638458251953,61,0,1,0,0,0,0,0,0,0,130.4634246826172,6.669472098350525,31.613407611846924,4.814526677131653,cache_bf16,large_h6_n10_s100_wikics_arxiv,5b151751c4684bba603799d005ae26aae4aacdec132f6ce0e7224bc86c03f917,19.20364761352539,107.46812808513641,0,323.0993653535843,0,0,0,0
wikics,test,103,3,wikics:test:000003:122e1f58b400bded,0,1824.64707,1824.613525390625,1717.238397,107.093987,870.8717674016953,26.82852279394865,7.089655846357346,569.4409143179655,184.3056640625,383.6227836608887,57,0,1,0,0,0,0,0,0,0,142.2652816772461,7.424543857574463,29.410079956054688,5.205758571624756,cache_bf16,large_h6_n10_s100_wikics_arxiv,122e1f58b400bdeddb1f6c0405804f1582b84056ad4f8eec0c0c0b813cd6b9d1,19.32249641418457,100.9741760790348,0,301.97110399603844,0,0,0,0
wikics,test,104,4,wikics:test:000004:c438a01544bd1b9c,0,1972.930229,1972.8958740234375,1870.468943,102.141617,912.5846698880196,28.66166550666094,7.712323218584061,650.7299123331904,230.41084671020508,418.6966094970703,62,0,1,0,0,0,0,0,0,0,182.03545570373535,9.679359912872314,32.16940784454346,6.526623249053955,cache_bf16,large_h6_n10_s100_wikics_arxiv,c438a01544bd1b9cc5f15f45a32edd97056d0be72872e2ce33fee2f6660df03c,19.175743103027344,109.2718717455864,0,328.60048085451126,0,0,0,0
wikics,test,105,5,wikics:test:000005:b256e9b37f8f8b31,0,1846.795314,1846.76123046875,1708.277641,138.20067,861.4297434687614,26.720314286649227,7.0159900933504105,551.8225589767098,172.53766250610352,377.79843521118164,56,0,1,0,0,0,0,0,0,0,132.25520133972168,6.879423975944519,28.540768146514893,4.862269043922424,cache_bf16,large_h6_n10_s100_wikics_arxiv,b256e9b37f8f8b317821e74669f3f8f611b5cf3505734f75329e0e0252627528,19.28371238708496,99.34041580557823,0,297.74173179268837,0,0,0,0
wikics,test,106,6,wikics:test:000006:19b231ef2406ed8c,0,1796.264333,1796.229736328125,1672.865718,123.07158,817.0992694795132,26.683801785111427,7.11978692561388,573.9854006096721,185.99401664733887,386.47985076904297,57,0,1,0,0,0,0,0,0,0,143.87939071655273,7.458240032196045,29.393759727478027,5.2626261711120605,cache_bf16,large_h6_n10_s100_wikics_arxiv,19b231ef2406ed8c583458561709494bbc1d7dae0c38f2245ae028dc2ffe7fa7,19.171648025512695,101.06230428814888,0,304.5891945064068,0,0,0,0
wikics,test,107,7,wikics:test:000007:c8e944e20f3aef4c,0,1927.863152,1927.8289794921875,1810.489109,117.05532,917.7087787538767,28.703561052680016,7.440485991537571,593.4184389188886,189.5683822631836,402.2804183959961,59,0,1,0,0,0,0,0,0,0,146.39887809753418,7.614431977272034,30.223008155822754,5.3320640325546265,cache_bf16,large_h6_n10_s100_wikics_arxiv,c8e944e20f3aef4cfb52bf00e40496a22f24a1730839bd0d16e6d5fc47d43319,19.192224502563477,104.23056012392044,0,317.24208277463913,0,0,0,0
wikics,test,108,8,wikics:test:000008:80f4d51321480518,0,1994.447136,1994.41162109375,1886.962237,107.141163,917.3850314691663,28.918737545609474,7.873212918639183,700.3021193668246,276.55807876586914,422.10032653808594,62,0,1,0,0,0,0,0,0,0,224.2366714477539,12.134079933166504,32.270304679870605,7.917022705078125,cache_bf16,large_h6_n10_s100_wikics_arxiv,80f4d513214805184fc45f848c55366ad73f2d780b9e9fa1d3760718f24fe44f,19.257919311523438,109.43414390087128,0,331.9241019487381,0,0,0,0
wikics,test,109,9,wikics:test:000009:7fd456811cef22b6,0,2058.889817,2058.8544921875,1956.558861,101.999664,965.245733037591,28.82286813110113,7.783976383507252,638.4913809597492,214.7435188293457,422.1196746826172,62,0,1,0,0,0,0,0,0,0,167.81343841552734,8.83676815032959,32.03504037857056,6.058271884918213,cache_bf16,large_h6_n10_s100_wikics_arxiv,7fd456811cef22b63a623796ffc6b064d8dc50e1731aaf1160cff91619785d8c,19.186111450195312,109.27510398626328,0,332.0306821465492,0,0,0,0
wikics,test,110,10,wikics:test:000010:3bcd951b5cb81ae3,0,2032.816751,2032.7803955078125,1925.739544,106.755064,975.0839387997985,27.362932451069355,8.051366545259953,657.9067390412092,190.87891387939453,465.3540725708008,64,0,1,0,0,0,0,0,0,0,145.1357765197754,7.4696961641311646,32.96979236602783,5.303648829460144,cache_bf16,large_h6_n10_s100_wikics_arxiv,3bcd951b5cb81ae38ac9208e0fdf47eb902372cd8bdef981aa9f248046da9215,19.2674560546875,112.30809587240219,0,372.3134327530861,0,0,0,0
wikics,test,111,11,wikics:test:000011:926e4c10c89dc024,0,1869.514118,1869.4794921875,1746.494788,122.698887,869.2137012258172,26.73869952559471,7.241046987473965,590.6711742281914,195.63376235961914,393.49805450439453,58,0,1,0,0,0,0,0,0,0,152.3503017425537,7.968096017837524,29.802239894866943,5.513124704360962,cache_bf16,large_h6_n10_s100_wikics_arxiv,926e4c10c89dc02467e14a1cc74f902f663f97c9be62c39a2c5a637785f62540,19.22323226928711,102.75827226042747,0,309.96301451325417,0,0,0,0
wikics,test,112,12,wikics:test:000012:948f281fa8e149ed,0,1663.512006,1663.47900390625,1540.786083,122.410944,812.8612758591771,26.71479620039463,6.684137508273125,504.1131842881441,142.03631973266602,360.6536979675293,53,0,1,0,0,0,0,0,0,0,105.45244979858398,5.361408054828644,27.300735473632812,3.921726405620575,cache_bf16,large_h6_n10_s100_wikics_arxiv,948f281fa8e149ed9febadd04e2e85b6e036139c74d1b69c8fe17fa0526eea7b,19.247711181640625,94.48905611038208,0,285.41235303878784,0,0,0,0
wikics,test,113,13,wikics:test:000013:872bb9df273ad109,0,1947.763602,1947.7286376953125,1845.745451,101.69509,952.9010225087404,26.767556555569172,7.804595865309238,669.2370651289821,246.22227096557617,421.3806381225586,62,0,1,0,0,0,0,0,0,0,196.5230369567871,10.51961600780487,32.1725435256958,7.007074475288391,cache_bf16,large_h6_n10_s100_wikics_arxiv,872bb9df273ad1091abe85ef20ec42adedd38c5e9536cb98d6587aade4d6f979,19.276992797851562,109.42735984921455,0,331.2302710711956,0,0,0,0
wikics,test,114,14,wikics:test:000014:557ddebe91684e6e,0,1724.211155,1724.1773681640625,1601.123332,122.770065,802.7898604050279,26.719769462943077,6.857742555439472,565.7522371038795,197.81264114379883,366.4723243713379,54,0,1,0,0,0,0,0,0,0,156.27849769592285,8.168799996376038,27.719136238098145,5.646207213401794,cache_bf16,large_h6_n10_s100_wikics_arxiv,557ddebe91684e6e1d7adc8d5728380c715b186f05cc9e5b854bd8f140a2f512,19.260032653808594,96.37571227550507,0,289.3566447496414,0,0,0,0
wikics,test,115,15,wikics:test:000015:32677b4eee65e40a,0,1432.457056,1432.4248046875,1325.039109,107.122569,665.8565793186426,27.232888154685497,5.742872133851051,423.7931640818715,108.61935997009277,313.91647720336914,46,0,1,0,0,0,0,0,0,0,77.91238498687744,3.949280023574829,23.79971194267273,2.9579830169677734,cache_bf16,large_h6_n10_s100_wikics_arxiv,32677b4eee65e40ae6a165981814df6d211d2bbf09bed9be523649a4f29c7126,19.701919555664062,83.2078078687191,0,250.4105888903141,0,0,0,0
wikics,test,116,16,wikics:test:000016:c0475eb283dbd143,0,1763.988869,1763.9544677734375,1656.601028,107.033804,872.5790837779641,26.74435544759035,7.091742008924484,533.6043406277895,152.3462734222412,379.76505279541016,56,0,1,0,0,0,0,0,0,0,113.82764625549316,5.791584014892578,28.494976043701172,4.232067108154297,cache_bf16,large_h6_n10_s100_wikics_arxiv,c0475eb283dbd1439a7826b0099b1b55085b16bdbb6d9c323473b401ba40a131,19.213279724121094,99.31715202331543,0,299.6611804962158,0,0,0,0
wikics,test,117,17,wikics:test:000017:4a1cc5182ee6a7b2,0,1735.793325,1735.760009765625,1628.195183,107.267719,842.8645506501198,26.792999356985092,7.078987546265125,534.4678238034248,152.44972610473633,380.5320930480957,56,0,1,0,0,0,0,0,0,0,113.91059112548828,5.7991679310798645,28.506943702697754,4.2330233454704285,cache_bf16,large_h6_n10_s100_wikics_arxiv,4a1cc5182ee6a7b21bcc02e720e79abc58a3736448065e57d132aabb574e1ce0,19.339391708374023,99.40595218539238,0,300.46553257107735,0,0,0,0
wikics,test,118,18,wikics:test:000018:52ed896d72d1921f,0,1938.491918,1938.45654296875,1831.349997,106.816945,938.7673707678914,28.694743290543556,7.767397910356522,640.9746911376715,224.42288208007812,414.94095611572266,61,0,1,0,0,0,0,0,0,0,176.85942459106445,9.40396785736084,31.812255859375,6.347233772277832,cache_bf16,large_h6_n10_s100_wikics_arxiv,52ed896d72d1921f5bfad1ba37c773faef5be83e39838a0b7c5f273e111c94c2,19.19148826599121,107.64131194353104,0,326.49113243818283,0,0,0,0
wikics,test,119,19,wikics:test:000019:d818f5b8cb6d7e5d,0,1818.715277,1818.6800537109375,1711.476065,106.901823,871.4740164577961,26.681278832256794,7.681538350880146,639.9497808888555,224.1327018737793,414.2040328979492,61,0,1,0,0,0,0,0,0,0,176.53366470336914,9.430591940879822,31.82435178756714,6.344093441963196,cache_bf16,large_h6_n10_s100_wikics_arxiv,d818f5b8cb6d7e5debed18cf27d69c8839f643f32da6837d6996ba8668450d55,19.209856033325195,107.78656005859375,0,325.62732887268066,0,0,0,0
wikics,test,120,20,wikics:test:000020:ab0922f67c5fbbe5,0,2093.401515,2093.365234375,1991.329823,101.71877,973.1820244342089,28.18780206143856,7.866446860134602,733.853199519217,304.1353569030762,428.06671142578125,63,0,1,0,0,0,0,0,0,0,248.9419822692871,13.515583992004395,32.92639970779419,8.751390933990479,cache_bf16,large_h6_n10_s100_wikics_arxiv,ab0922f67c5fbbe5719b9057d130d798ebe62c82eda3b9e6779d10b62a0ab03e,19.2938232421875,110.95475187897682,0,336.4057827889919,0,0,0,0
wikics,test,121,21,wikics:test:000021:5d453ee1cd5d59f9,0,1870.21583,1870.1807861328125,1763.011498,106.885123,859.1702487319708,28.890603221952915,7.102924399077892,564.3907282501459,180.49315071105957,382.4103355407715,56,0,1,0,0,0,0,0,0,0,139.56249618530273,7.283712029457092,28.56486463546753,5.082077860832214,cache_bf16,large_h6_n10_s100_wikics_arxiv,5d453ee1cd5d59f93beec8e6bbfa80c2f22adbd82be2f4d0eac68cd4736cd8ab,19.264991760253906,99.46111994981766,0,302.21420735120773,0,0,0,0
wikics,test,122,22,wikics:test:000022:066e9ba55552f1f8,0,2143.765981,2143.729248046875,2036.338871,107.088517,944.3351216614246,28.874307870864868,7.98752810806036,799.4978604838252,362.6287078857422,435.1928939819336,64,0,1,0,0,0,0,0,0,0,302.6335678100586,16.394367933273315,33.26268815994263,10.338083982467651,cache_bf16,large_h6_n10_s100_wikics_arxiv,066e9ba55552f1f8a73072514a22f5d6757c92f4c0398e291fc015deb88b7b88,19.283935546875,112.7138240635395,0,341.7630054652691,0,0,0,0
wikics,test,123,23,wikics:test:000023:f77a6bf6e6e7e71b,0,1828.630931,1828.596435546875,1726.162392,102.142439,904.7791417688131,28.81777472794056,7.4926260858774185,563.0565769970417,160.15577697753906,401.33679962158203,59,0,1,0,0,0,0,0,0,0,119.4985294342041,6.07206392288208,30.16300868988037,4.42217493057251,cache_bf16,large_h6_n10_s100_wikics_arxiv,f77a6bf6e6e7e71b5e5ecd0307e4293065f4fee80788b61911368457a6d1a604,19.369407653808594,104.34835216403008,0,316.35785511136055,0,0,0,0
wikics,test,124,24,wikics:test:000024:000a2a73e51d5345,0,1843.424933,1843.3905029296875,1704.878566,138.235916,852.2663721814752,26.77943278104067,7.081814110279083,555.157863534987,172.14351844787598,381.5304641723633,56,0,1,0,0,0,0,0,0,0,131.87078475952148,6.859327912330627,28.565856456756592,4.847549319267273,cache_bf16,large_h6_n10_s100_wikics_arxiv,000a2a73e51d53459dc7e58576aaddb15d29ac4a73b00401f136569f75d2f6b8,19.23356819152832,99.42761614918709,0,301.3364162147045,0,0,0,0
wikics,test,125,25,wikics:test:000025:1424ce3b3bad84d4,0,1997.571488,1997.534912109375,1890.275208,106.962627,977.4957196787,26.827079243957996,7.845651358366013,628.0086152255535,198.26006698608398,428.0968933105469,63,0,1,0,0,0,0,0,0,0,152.14416122436523,7.8575359582901,32.73167943954468,5.526690363883972,cache_bf16,large_h6_n10_s100_wikics_arxiv,1424ce3b3bad84d47085b76cd2ca72fa2d01ab4c8eb0cee9f0854c07ffcbbf64,19.206880569458008,110.78217589855194,0,336.52159798145294,0,0,0,0
wikics,test,126,26,wikics:test:000026:6fabdd7e6fa1c9b0,0,1985.337917,1985.3013916015625,1877.8894,107.082774,943.1497436016798,26.778195053339005,7.690230384469032,653.4804841503501,236.7741470336914,415.0967025756836,61,0,1,0,0,0,0,0,0,0,188.21010780334473,10.003935933113098,31.85545587539673,6.704647421836853,cache_bf16,large_h6_n10_s100_wikics_arxiv,6fabdd7e6fa1c9b0791ff71909878258781591a7720f48a6507ad37df16a4ca1,19.243328094482422,107.67846408486366,0,326.66156658530235,0,0,0,0
wikics,test,127,27,wikics:test:000027:df55b940083f1bf1,0,2193.433677,2193.396728515625,2085.525798,107.587573,947.2798211500049,26.9511416554451,7.642550393939018,778.2414518296719,353.11859130859375,423.4924545288086,62,0,1,0,0,0,0,0,0,0,294.75747299194336,16.01420783996582,32.32953643798828,10.017374038696289,cache_bf16,large_h6_n10_s100_wikics_arxiv,df55b940083f1bf1f1f72918358a0a21b17b5b59208e8033f0571bcddd8aab82,19.304351806640625,109.55401602387428,0,333.24279031157494,0,0,0,0
wikics,test,128,28,wikics:test:000028:bb2e0546b88fa929,0,1795.089674,1795.055908203125,1672.371841,122.392411,818.2124719023705,26.686452329158783,6.968210451304913,572.3082954064012,186.23632049560547,384.56249618530273,57,0,1,0,0,0,0,0,0,0,144.09619331359863,7.449535965919495,29.41638422012329,5.27420699596405,cache_bf16,large_h6_n10_s100_wikics_arxiv,bb2e0546b88fa929e4ad473dbd223f632fce04a3717e5e2390426e3af27fddfb,19.265247344970703,100.9814082980156,0,302.84633523225784,0,0,0,0
wikics,test,129,29,wikics:test:000029:354b8d27549aa637,0,1971.450294,1971.4146728515625,1869.602254,101.508892,943.873574025929,26.720935478806496,7.719565182924271,642.3665871843696,214.88793563842773,425.8267822265625,63,0,1,0,0,0,0,0,0,0,167.20755195617676,8.818944096565247,32.83878421783447,6.022655367851257,cache_bf16,large_h6_n10_s100_wikics_arxiv,354b8d27549aa637c29bd706bc1b1d4c8e164bb524dbb43ff574695c37d49b21,19.232479095458984,110.83497601747513,0,334.22428530454636,0,0,0,0
wikics,test,130,30,wikics:test:000030:4a41086e390dbe51,0,1817.904161,1817.869140625,1715.564858,102.010186,875.1458991318941,26.73423383384943,7.328726351261139,603.3235490322113,202.17813873291016,399.5759048461914,59,0,1,0,0,0,0,0,0,0,158.0298252105713,8.22323203086853,30.192831993103027,5.73224949836731,cache_bf16,large_h6_n10_s100_wikics_arxiv,4a41086e390dbe51ecd9f27bdf84a1f2aed65d44410ce97f0e5f6a2d66d349b1,19.28633689880371,104.34156829118729,0,314.52067345380783,0,0,0,0
wikics,test,131,31,wikics:test:000031:cafc1e78b99470a1,0,1955.265097,1955.2303466796875,1852.668631,102.262116,951.211896724999,26.901735924184322,8.012929931282997,673.8427309319377,234.71171188354492,437.4561233520508,64,0,1,0,0,0,0,0,0,0,185.08207893371582,9.78057587146759,33.20800065994263,6.641056418418884,cache_bf16,large_h6_n10_s100_wikics_arxiv,cafc1e78b99470a1de15d16216655833dd9034daaf7ae6b5386e2d52952fddae,19.306432723999023,112.7316797375679,0,344.0308763384819,0,0,0,0
wikics,test,132,32,wikics:test:000032:1f48965693a47551,0,2064.927336,2064.89013671875,1962.450393,102.143304,952.3750450462103,27.01831143349409,7.8901005908846855,683.297828771174,253.56646728515625,428.0771484375,63,0,1,0,0,0,0,0,0,0,202.53148651123047,10.852159976959229,32.9870719909668,7.195748805999756,cache_bf16,large_h6_n10_s100_wikics_arxiv,1f48965693a47551fb266cee941d275d7733d5e14d8bc4f0a241156e1e7f8f85,19.298688888549805,110.97494423389435,0,336.40089309215546,0,0,0,0
wikics,test,133,33,wikics:test:000033:97a6a0498a0658ed,0,2146.030389,2145.992919921875,2039.109488,106.59711,988.2139153778553,26.780512183904648,7.772216573357582,675.1217832788825,243.103515625,430.3707809448242,63,0,1,0,0,0,0,0,0,0,193.04444885253906,10.27071988582611,32.90390348434448,6.884443402290344,cache_bf16,large_h6_n10_s100_wikics_arxiv,97a6a0498a0658edcac653eb0bb3210363bd9b07ca8d619186dbcfcbc0a2e8f5,19.190975189208984,110.94118392467499,0,338.6205722093582,0,0,0,0
wikics,test,134,34,wikics:test:000034:93dab44c974f61f3,0,1938.838879,1938.8035888671875,1831.356393,107.141712,937.9049818962812,26.77446138113737,7.541807368397713,641.8771240860224,224.4005126953125,415.8709182739258,61,0,1,0,0,0,0,0,0,0,176.87350463867188,9.381727933883667,31.79145622253418,6.353823900222778,cache_bf16,large_h6_n10_s100_wikics_arxiv,93dab44c974f61f37b82c3a55ac543c3cafa371b99f438f53d8df60d8b08da15,19.268320083618164,107.70188823342323,0,327.4373501241207,0,0,0,0
wikics,test,135,35,wikics:test:000035:e96a44872b159e58,0,1877.648891,1877.6129150390625,1770.040509,107.284113,891.3556095212698,26.77337359637022,7.565421052277088,570.3905904665589,174.01539039611816,394.83533477783203,58,0,1,0,0,0,0,0,0,0,132.63753509521484,6.866528034210205,29.640671730041504,4.870655536651611,cache_bf16,large_h6_n10_s100_wikics_arxiv,e96a44872b159e585dfc70f49945bedec7a8f682f7c98f1e2e240ff3a9cfb9a6,19.25961685180664,102.68476819992065,0,311.410183429718,0,0,0,0
wikics,test,136,36,wikics:test:000036:afbff186281a0e4e,0,2028.735818,2028.699951171875,1921.574462,106.835509,958.2945462316275,26.75978373736143,7.942892611026764,618.2838557288051,187.62617683410645,429.00355529785156,63,0,1,0,0,0,0,0,0,0,142.34553718566895,7.346112012863159,32.70745658874512,5.227071046829224,cache_bf16,large_h6_n10_s100_wikics_arxiv,afbff186281a0e4ef263695c2eae0d5605ba4b8d807b1a398463e79793b58c9e,19.262239456176758,110.83199962973595,0,337.4337951242924,0,0,0,0
wikics,test,137,37,wikics:test:000037:b3012d4981d56ea8,0,1735.804186,1735.770263671875,1628.667334,106.812219,847.6945431903005,26.74756944179535,6.839921697974205,504.2494609951973,128.30774688720703,374.4744644165039,55,0,1,0,0,0,0,0,0,0,92.1376953125,4.600543916225433,28.071167469024658,3.4983401894569397,cache_bf16,large_h6_n10_s100_wikics_arxiv,b3012d4981d56ea820287d335a753a79cc4b4f1ef77ed486500ba06ecd246d4b,19.30454444885254,97.83171191811562,0,295.94729694724083,0,0,0,0
wikics,test,138,38,wikics:test:000038:d8d309dacda8c856,0,1908.665405,1908.629150390625,1806.147224,102.179575,956.9933600723743,26.740552857518196,7.825097069144249,610.9578544273973,180.80665588378906,428.50342559814453,63,0,1,0,0,0,0,0,0,0,136.17510414123535,6.945728063583374,32.67603158950806,5.00979208946228,cache_bf16,large_h6_n10_s100_wikics_arxiv,d8d309dacda8c8565011a8a5c4bd50703da0a89f4da3c8de139014c0f400b5e1,19.28374481201172,110.69980761408806,0,337.0873627960682,0,0,0,0
wikics,test,139,39,wikics:test:000039:3ef432bb200e1c4d,0,1861.244239,1861.208984375,1753.792278,107.128066,852.1296288818121,26.691296137869358,6.923370994627476,564.1487091779709,180.44960021972656,382.219425201416,56,0,1,0,0,0,0,0,0,0,139.55433654785156,7.272832036018372,28.524064540863037,5.098367094993591,cache_bf16,large_h6_n10_s100_wikics_arxiv,3ef432bb200e1c4d10899e6d592c8c2970df591ebd929560ec4d6b50c138ea97,19.21072006225586,99.4320960342884,0,301.99804922938347,0,0,0,0
wikics,test,140,40,wikics:test:000040:9c16d6144ad4a191,0,1991.23946,1991.20361328125,1888.735717,102.142867,925.3300186246634,26.71163622289896,7.781188935041428,616.511489264667,187.40630531311035,427.4551010131836,63,0,1,0,0,0,0,0,0,0,142.16675186157227,7.328704118728638,32.68620824813843,5.2246410846710205,cache_bf16,large_h6_n10_s100_wikics_arxiv,9c16d6144ad4a1917bc11fa59558e81b6ffc26842b37c5b649636e1bd6996d1c,19.271392822265625,110.78124791383743,0,335.9452459216118,0,0,0,0
wikics,test,141,41,wikics:test:000041:7fea338f8fa28367,0,1945.5826,1945.546630859375,1838.394475,106.855588,988.2426429539919,26.80009976029396,7.938318885862827,613.7732807546854,181.3510398864746,430.7685089111328,63,0,1,0,0,0,0,0,0,0,136.59462356567383,6.997503995895386,32.74361610412598,5.015296220779419,cache_bf16,large_h6_n10_s100_wikics_arxiv,7fea338f8fa28367962db97fb384e2e94a82f63cc2c2a58460bd13fa9d7532c6,19.250431060791016,110.98195201158524,0,339.0369879603386,0,0,0,0
wikics,test,142,42,wikics:test:000042:7e04af92ff942365,0,2006.483607,2006.447021484375,1904.130549,102.021642,949.3998223915696,26.68749913573265,7.675169967114925,641.167706809938,215.78019332885742,423.7614059448242,62,0,1,0,0,0,0,0,0,0,168.80454444885254,8.868640065193176,32.02447986602783,6.0825289487838745,cache_bf16,large_h6_n10_s100_wikics_arxiv,7e04af92ff94236596a24d9e983dcc77cce54b5d00fe25a7752dadbdf0253c86,19.22003173828125,109.2751676440239,0,333.7062700390816,0,0,0,0
wikics,test,143,43,wikics:test:000043:7338a3bd818fbc61,0,2191.167121,2191.129150390625,2068.352364,122.483842,990.0195198133588,27.659508399665356,7.893017493188381,764.7424284368753,330.3850898742676,432.67887115478516,64,0,1,0,0,0,0,0,0,0,272.9598693847656,14.733759641647339,33.288991928100586,9.402468919754028,cache_bf16,large_h6_n10_s100_wikics_arxiv,7338a3bd818fbc612b572517865a443cded9cc98f098cd47444fc0c70f038fa1,19.32828712463379,112.54480010271072,0,339.4623581767082,0,0,0,0
wikics,test,144,44,wikics:test:000044:e7e458e07c01abc7,0,1915.880055,1915.8450927734375,1792.607161,122.947245,932.9382311552763,26.652988977730274,7.4300626292824745,583.0222694203258,171.58006477355957,409.8644485473633,60,0,1,0,0,0,0,0,0,0,129.30092811584473,6.626143932342529,30.877471923828125,4.7755208015441895,cache_bf16,large_h6_n10_s100_wikics_arxiv,e7e458e07c01abc73eac5d1f5b73ee274f45fe663453876d0498e3b21270f1db,19.200000762939453,105.99494379758835,0,323.0695055127144,0,0,0,0
wikics,test,145,45,wikics:test:000045:664f4ac17fac6612,0,2188.962757,2188.925048828125,2086.821916,101.820475,953.0244041234255,26.778804138302803,7.695751264691353,774.6786801144481,348.17542266845703,424.87762451171875,62,0,1,0,0,0,0,0,0,0,290.2076835632324,15.680383920669556,32.25222396850586,10.035131216049194,cache_bf16,large_h6_n10_s100_wikics_arxiv,664f4ac17fac66126dbf78db22d95ea89d4ccfe89013f9873465f1677a51a75f,19.269344329833984,109.44147190451622,0,334.7054969370365,0,0,0,0
wikics,test,146,46,wikics:test:000046:8880ab728d4d5032,0,1958.978395,1958.9427490234375,1851.922269,106.719759,947.1712335944176,26.86956524848938,7.702870294451714,641.9048495590687,216.8975372314453,423.3794174194336,62,0,1,0,0,0,0,0,0,0,169.63244819641113,8.985599994659424,32.152512073516846,6.12697696685791,cache_bf16,large_h6_n10_s100_wikics_arxiv,8880ab728d4d503279b823be1914ee9902a040262614bf49e1872574b155fe91,19.277631759643555,109.23283213376999,0,333.42421704530716,0,0,0,0
wikics,test,147,47,wikics:test:000047:2642137ffa998c84,0,1976.629849,1976.594482421875,1869.210791,107.085252,958.0063223838806,26.89257822930813,7.916131056845188,632.9153086990118,199.59414672851562,431.6680908203125,63,0,1,0,0,0,0,0,0,0,153.19459342956543,8.011039972305298,32.818432331085205,5.570080995559692,cache_bf16,large_h6_n10_s100_wikics_arxiv,2642137ffa998c84dd63777375d8e0ade25fbd787901bdf3058101753a069020,19.304288864135742,111.01379203796387,0,339.9585876464844,0,0,0,0
wikics,test,148,48,wikics:test:000048:51b9971d8910d5e2,0,1940.147788,1940.1123046875,1822.502561,117.324067,987.2807171195745,26.77648328244686,8.029107935726643,587.3455349355936,154.02431869506836,431.67071533203125,63,0,1,0,0,0,0,0,0,0,111.61235427856445,5.599936008453369,32.62976026535034,4.182268142700195,cache_bf16,large_h6_n10_s100_wikics_arxiv,51b9971d8910d5e2e50bb2ce18041a1def0f52cc064e9c53428b6208b2325cec,19.27952003479004,110.94550412893295,0,340.00473123788834,0,0,0,0
wikics,test,149,49,wikics:test:000049:728df285513a7803,0,2024.0303,2023.99462890625,1921.504185,102.195677,964.8614665493369,26.689007878303528,7.813521660864353,667.4095103517175,241.27628326416016,424.4975280761719,62,0,1,0,0,0,0,0,0,0,191.95180892944336,10.233695983886719,32.22479963302612,6.865978717803955,cache_bf16,large_h6_n10_s100_wikics_arxiv,728df285513a7803b751f28b0959d82e759e2f545428d48a38d0f006a55bcc9a,19.16975975036621,109.61331224441528,0,334.0539755821228,0,0,0,0
wikics,test,150,50,wikics:test:000050:fe96b5b2a7c4af01,0,1974.248441,1974.213134765625,1850.986325,122.935791,894.7219103574753,26.741930283606052,7.6342979446053505,664.049806073308,241.51817321777344,420.8926086425781,62,0,1,0,0,0,0,0,0,0,192.14921760559082,10.29910397529602,32.25155162811279,6.818300008773804,cache_bf16,large_h6_n10_s100_wikics_arxiv,fe96b5b2a7c4af01943f25f9415335607ba1b330ad640aa2818bffc6db32e498,19.249696731567383,109.35328015685081,0,330.7890252172947,0,0,0,0
wikics,test,151,51,wikics:test:000051:6246382ad476e3b5,0,2028.290858,2028.25390625,1905.240595,122.708917,987.0836464688182,26.835071854293346,7.810627110302448,646.810308098793,217.08726119995117,428.0723876953125,63,0,1,0,0,0,0,0,0,0,169.3401584625244,8.824543952941895,32.78716802597046,6.135390758514404,cache_bf16,large_h6_n10_s100_wikics_arxiv,6246382ad476e3b5f68b37aba9aa3566c47b169674446b7a4c924b1c74988d7f,19.300256729125977,110.9520320892334,0,336.4206123352051,0,0,0,0
wikics,test,152,52,wikics:test:000052:421b142bb389d9d1,0,1850.470463,1850.4351806640625,1743.212778,106.909961,865.1940114796162,26.785673573613167,6.657741963863373,564.4054217264056,195.16790771484375,367.79235458374023,54,0,1,0,0,0,0,0,0,0,153.77711868286133,8.087712168693542,27.740480422973633,5.562596440315247,cache_bf16,large_h6_n10_s100_wikics_arxiv,421b142bb389d9d16aececb4211419686451d1184d50d2e5f8ea97ee81a79730,19.256927490234375,96.2381120622158,0,290.8111700117588,0,0,0,0
wikics,test,153,53,wikics:test:000053:31b24b95a70aea62,0,1930.512791,1930.4781494140625,1828.170334,102.016153,978.5395860671997,26.642060838639736,7.708145305514336,615.4164299368858,192.80585861206055,420.9798812866211,62,0,1,0,0,0,0,0,0,0,147.75916862487793,7.680416107177734,31.98092794418335,5.385345935821533,cache_bf16,large_h6_n10_s100_wikics_arxiv,31b24b95a70aea62d73f3c5f5b796febb8ca98cc307497a826603ccfab0b45bb,19.18400001525879,109.12204805016518,0,331.0418332517147,0,0,0,0
wikics,test,154,54,wikics:test:000054:1492c0fd54704e8b,0,2067.915711,2067.879150390625,1960.085187,107.495729,947.537207044661,26.707450859248638,7.421854883432388,628.7257792428136,218.3752670288086,408.76773834228516,60,0,1,0,0,0,0,0,0,0,172.06758499145508,9.097952127456665,31.04003143310547,6.169698476791382,cache_bf16,large_h6_n10_s100_wikics_arxiv,1492c0fd54704e8b3a028427a3f0afafbed89dfcff3af66979a2a0d84cdb94e6,19.19638442993164,105.95603194832802,0,322.0080908238888,0,0,0,0
wikics,test,155,55,wikics:test:000055:4c3a9cced3fdbabd,0,1921.464022,1921.4290771484375,1819.615816,101.514537,969.7279082611203,26.736962608993053,7.770753465592861,613.0872648209333,182.89532852172852,428.5376663208008,63,0,1,0,0,0,0,0,0,0,138.06732749938965,7.096480131149292,32.64092826843262,5.090592622756958,cache_bf16,large_h6_n10_s100_wikics_arxiv,4c3a9cced3fdbabd0d34163f06734c93b30f546193a2e36fcf5442c43864448d,19.261568069458008,110.82083204388618,0,336.9784023463726,0,0,0,0
wikics,test,156,56,wikics:test:000056:a5bcd1251e1f47d6,0,1989.25612,1989.221435546875,1881.618655,107.310041,947.6081961765885,29.214249923825264,7.8648170456290245,653.7019899114966,222.4515495300293,429.59969329833984,63,0,1,0,0,0,0,0,0,0,174.12137603759766,9.217664122581482,32.82761526107788,6.284894108772278,cache_bf16,large_h6_n10_s100_wikics_arxiv,a5bcd1251e1f47d65b8e0c3b3de076d9f301f0643172bda73691e60b9cdddd5c,19.26860809326172,110.99871996045113,0,337.86958143115044,0,0,0,0
wikics,test,157,57,wikics:test:000057:c76d1190b26d012d,0,2016.749192,2016.7132568359375,1909.295655,107.128726,943.3074574917555,26.626942679286003,7.880045101046562,700.5868703126907,266.02394104003906,432.8859176635742,64,0,1,0,0,0,0,0,0,0,213.66777801513672,11.553151965141296,33.2522554397583,7.550755620002747,cache_bf16,large_h6_n10_s100_wikics_arxiv,c76d1190b26d012d091c00559c3a0425c20ebef1e538e567c96c216e9d813ae8,19.168703079223633,112.38940814137459,0,339.66521260142326,0,0,0,0
wikics,test,158,58,wikics:test:000058:a45285bcd1949205,0,1824.401548,1824.3663330078125,1722.350248,101.720366,868.463134393096,26.786756701767445,7.124768570065498,569.5488071069121,175.635648727417,392.3762893676758,58,0,1,0,0,0,0,0,0,0,134.17612838745117,6.908512115478516,29.62892770767212,4.9220805168151855,cache_bf16,large_h6_n10_s100_wikics_arxiv,a45285bcd19492055ac80246f60bb0fb2ed4e504e079a5cd3200cdbdb7b891b5,19.270015716552734,102.71452802419662,0,308.9317770600319,0,0,0,0
wikics,test,159,59,wikics:test:000059:1b94d315dc4e5555,0,1866.922896,1866.8883056640625,1759.316139,107.280187,913.3097315207124,26.756751351058483,7.494747638702393,577.7735887095332,164.70198249816895,411.4631042480469,61,0,1,0,0,0,0,0,0,0,122.36947250366211,6.207872033119202,31.587680339813232,4.536957621574402,cache_bf16,large_h6_n10_s100_wikics_arxiv,1b94d315dc4e55559bb69eeacb678f2d308eb5396713d6fa6fa7259031e7a970,19.296831130981445,107.4019518494606,0,323.3579835295677,0,0,0,0
wikics,test,160,60,wikics:test:000060:38930b7d326ce516,0,2052.001593,2051.965576171875,1944.789776,106.899046,951.3154830783606,26.759812608361244,7.6126474887132645,624.6534548699856,203.63146209716797,419.38468170166016,62,0,1,0,0,0,0,0,0,0,157.4943675994873,8.372928023338318,32.04742383956909,5.716742634773254,cache_bf16,large_h6_n10_s100_wikics_arxiv,38930b7d326ce5164a9e65e9f30bcdbf435b09460c7f0beaf0babbcac90226b4,19.28009605407715,109.26025593280792,0,329.4045218229294,0,0,0,0
wikics,test,161,61,wikics:test:000061:92c5bd90d0baeb93,0,1869.951487,1869.91650390625,1752.080758,117.517677,907.4821826070547,26.680810377001762,7.175722159445286,551.703286357224,158.04038429260254,392.1291275024414,58,0,1,0,0,0,0,0,0,0,117.99852561950684,6.045695960521698,29.614112377166748,4.382050335407257,cache_bf16,large_h6_n10_s100_wikics_arxiv,92c5bd90d0baeb9304f2a19cafff8d354c181be05d34b15cf570e210c30adb5c,19.255136489868164,102.59852784872055,0,308.785736143589,0,0,0,0
wikics,test,162,62,wikics:test:000062:863d427861ff80dc,0,2009.573138,2009.5364990234375,1891.556256,117.655572,979.3037166818976,26.689316146075726,7.858097553253174,627.0693084225059,193.76380920410156,431.6323471069336,64,0,1,0,0,0,0,0,0,0,147.68563270568848,7.6615999937057495,33.020575523376465,5.396000981330872,cache_bf16,large_h6_n10_s100_wikics_arxiv,863d427861ff80dc849d2dfdc72906f1f2449ab7e6ed0e64e58e7235c0805796,19.226879119873047,112.30371242761612,0,338.5555137991905,0,0,0,0
wikics,test,163,63,wikics:test:000063:0a5a1c3308a40395,0,2236.11792,2236.08056640625,2128.147442,107.62226,942.9519576951861,26.63801610469818,7.649991661310196,890.4672218486667,469.79901123046875,419.0392608642578,62,0,1,0,0,0,0,0,0,0,403.2843780517578,21.1484477519989,32.18339204788208,13.182793378829956,cache_bf16,large_h6_n10_s100_wikics_arxiv,0a5a1c3308a40395b8520808200d136321b9db8233aa40c04be89539c97844d5,19.199039459228516,109.3818242251873,0,328.856476098299,0,0,0,0
wikics,test,164,64,wikics:test:000064:84d2bb6fbbf2efc7,0,1748.493812,1748.4591064453125,1630.280852,117.894083,552.5011429563165,26.689808815717697,7.867521606385708,764.7060006856918,329.5849914550781,433.4516143798828,64,0,1,0,0,0,0,0,0,0,271.99917221069336,14.863199949264526,33.28643178939819,9.436187505722046,cache_bf16,large_h6_n10_s100_wikics_arxiv,84d2bb6fbbf2efc74543bfef829a471311b878c855f94ba54357da859b1dead5,19.27168083190918,112.55180770158768,0,340.1714875102043,0,0,0,0
wikics,test,165,65,wikics:test:000065:14afb2e221d1c808,0,1871.006295,1870.971435546875,1768.653139,102.036341,871.1967272683978,26.7206197604537,6.846536882221699,561.8602400645614,180.51971244812012,379.85823822021484,56,0,1,0,0,0,0,0,0,0,139.6033592224121,7.274207949638367,28.546559810638428,5.095585465431213,cache_bf16,large_h6_n10_s100_wikics_arxiv,14afb2e221d1c808d81f675640e726fc6c53da6b5558b9ab547f3f4e99214fb4,19.263263702392578,99.43999993801117,0,299.68150198459625,0,0,0,0
wikics,test,166,66,wikics:test:000066:cbfb38b24c9cd09f,0,1040.4299,1040.3997802734375,934.377821,105.76026,104.66588381677866,26.01370308548212,7.388174533843994,612.7063892781734,205.91129302978516,405.2207946777344,60,0,1,0,0,0,0,0,0,0,160.5655059814453,8.422687888145447,31.12012767791748,5.8029714822769165,cache_bf16,large_h6_n10_s100_wikics_arxiv,cbfb38b24c9cd09feb274e275c5fa9b2ac59e47d5e2b01a2e0142792e6f92a00,19.10223960876465,105.9766081571579,0,318.3464261293411,0,0,0,0
wikics,test,167,67,wikics:test:000067:3368959dda51b804,0,1839.320918,1839.286376953125,1732.106003,106.895485,885.2543868124485,26.746251620352268,7.653642445802689,615.6838648021221,193.2602252960205,420.78770446777344,62,0,1,0,0,0,0,0,0,0,148.09606552124023,7.7096638679504395,32.039040088653564,5.4154558181762695,cache_bf16,large_h6_n10_s100_wikics_arxiv,3368959dda51b804b9feaf3927fc8b63a4fe3efbd71e66e91bdae5790a4896e9,19.30544090270996,109.19615998864174,0,330.89698538184166,0,0,0,0
wikics,test,168,68,wikics:test:000068:c1f159a73fe7d15a,0,1800.587996,1800.553955078125,1682.606065,117.645106,851.0505082085729,26.692312210798264,7.881517522037029,582.368697039783,153.96784019470215,426.74405670166016,63,0,1,0,0,0,0,0,0,0,111.58553504943848,5.601311981678009,32.599711894989014,4.181281268596649,cache_bf16,large_h6_n10_s100_wikics_arxiv,c1f159a73fe7d15a2942f5fa44ebf6d2f9aa043b0006bc1c657334d82d242907,19.298912048339844,110.63702392578125,0,335.40594482421875,0,0,0,0
wikics,test,169,69,wikics:test:000069:c5c6eb8bc69150d0,0,1857.037471,1857.0025634765625,1754.2139,102.499952,937.9649832844734,26.736173778772354,7.464253343641758,589.7469101473689,176.32956886291504,411.81549072265625,61,0,1,0,0,0,0,0,0,0,132.95916938781738,6.832863926887512,31.637184143066406,4.900351405143738,cache_bf16,large_h6_n10_s100_wikics_arxiv,c5c6eb8bc69150d0f6f058cf2a8f0b19714a3b9e64ec85c634f36a2f6d435940,19.247392654418945,107.53097611665726,0,323.53190726041794,0,0,0,0
wikics,test,170,70,wikics:test:000070:15a487f6022e80ae,0,1896.477543,1896.4429931640625,1789.226406,106.941031,931.3187627121806,26.75926871597767,7.377495989203453,580.2623834460974,171.6925449371338,406.9866943359375,60,0,1,0,0,0,0,0,0,0,129.35913467407227,6.627359986305237,30.92307186126709,4.782978415489197,cache_bf16,large_h6_n10_s100_wikics_arxiv,15a487f6022e80aeea9398891795f58d139b42b0803269478d8b34dea8a73425,19.273151397705078,105.79360023140907,0,320.4662455022335,0,0,0,0
wikics,test,171,71,wikics:test:000071:80de2ffba43febdb,0,2216.151974,2216.114990234375,2113.818993,102.002382,933.3524955436587,26.73331554979086,7.467902265489101,886.0335294157267,464.9180450439453,419.4835205078125,62,0,1,0,0,0,0,0,0,0,398.2668151855469,21.274688005447388,32.1978235244751,13.178718328475952,cache_bf16,large_h6_n10_s100_wikics_arxiv,80de2ffba43febdbe62c72ec696d6b17833aa5deda2322b1e87c46fc212d2618,19.27462387084961,109.25907224416733,0,329.4990721344948,0,0,0,0
wikics,test,172,72,wikics:test:000072:0a2ccdf11d68011b,0,1371.61839,1371.5867919921875,1270.251909,101.047361,361.3688750192523,26.52503363788128,7.911300286650658,629.7360956668854,199.19827270507812,428.89302825927734,63,0,1,0,0,0,0,0,0,0,152.9160327911377,7.9604480266571045,32.754048347473145,5.567743539810181,cache_bf16,large_h6_n10_s100_wikics_arxiv,0a2ccdf11d68011bbe9b80610fa460e6d9cd02f79ccb2fe70c6d7122404939fe,19.15318489074707,110.77612805366516,0,337.27008509635925,0,0,0,0
wikics,test,173,73,wikics:test:000073:af4e3768afe7929b,0,1153.569957,1153.5389404296875,1046.66265,106.609416,79.79035377502441,26.08305960893631,7.995583117008209,702.1119529381394,265.72575759887695,434.73238372802734,64,0,1,0,0,0,0,0,0,0,213.38662338256836,11.529888033866882,33.23036861419678,7.578877568244934,cache_bf16,large_h6_n10_s100_wikics_arxiv,af4e3768afe7929b1e8e837cec1be78bf565feb6d8bdc034a26e3ac263f1fcb5,19.08518409729004,112.45529621839523,0,341.36227160692215,0,0,0,0
wikics,test,174,74,wikics:test:000074:26717eeb6c2c73ce,0,1680.569545,1680.534912109375,1557.35973,122.880447,477.06125024706125,26.70466434210539,7.9951211810112,767.9929966107011,330.7116813659668,435.60841369628906,64,0,1,0,0,0,0,0,0,0,273.07724380493164,14.91916799545288,33.28819179534912,9.427077770233154,cache_bf16,large_h6_n10_s100_wikics_arxiv,26717eeb6c2c73ce0d419b3d77803154393a8d6999b43700154e75f75b854f0c,19.213855743408203,112.54579177498817,0,342.2764776647091,0,0,0,0
wikics,test,175,75,wikics:test:000075:c9441b3207b4d7bb,0,1953.39745,1953.361328125,1851.091695,101.974322,960.2844808250666,26.651756837964058,7.2586508467793465,619.0942376852036,211.27565002441406,406.2335891723633,60,0,1,0,0,0,0,0,0,0,165.61945724487305,8.679711937904358,31.01955223083496,5.956928610801697,cache_bf16,large_h6_n10_s100_wikics_arxiv,c9441b3207b4d7bb23a3a8eb71a0e5d4956ccf9de45afef45b0119f4aa0c5ec8,19.209184646606445,105.92876800894737,0,319.51400581002235,0,0,0,0
wikics,test,176,76,wikics:test:000076:823cb40fd26b0064,0,1925.076764,1925.041748046875,1822.559194,102.198166,862.5715980306268,26.71761717647314,7.6564522460103035,652.0160501822829,230.24230194091797,420.1399383544922,62,0,1,0,0,0,0,0,0,0,181.90080070495605,9.641727924346924,32.16639995574951,6.5333733558654785,cache_bf16,large_h6_n10_s100_wikics_arxiv,823cb40fd26b0064a8aea01490743a82038eff8ef6b79e7478a5c1a8ab7509a2,19.209503173828125,109.28864014148712,0,330.0608013868332,0,0,0,0
wikics,test,177,77,wikics:test:000077:a6e66f96093de6ce,0,1650.803694,1650.770751953125,1549.238805,101.239554,699.5124900713563,26.671092957258224,7.231933064758778,564.7855391725898,164.47360038757324,398.7431335449219,59,0,1,0,0,0,0,0,0,0,123.39737510681152,6.311775803565979,30.201824188232422,4.562625288963318,cache_bf16,large_h6_n10_s100_wikics_arxiv,a6e66f96093de6ce1bd052d598cfac37c91f2fadb62e6500edf9e062a1601f5a,19.18070411682129,104.19571167230606,0,313.7281259894371,0,0,0,0
wikics,test,178,78,wikics:test:000078:906d5a2fc7b88169,0,1262.70266,1262.6715087890625,1160.385531,101.953968,199.9821187928319,26.311698369681835,7.729465141892433,615.2539299800992,187.8642578125,425.7471694946289,63,0,1,0,0,0,0,0,0,0,142.54290962219238,7.355231881141663,32.722912311553955,5.2432039976119995,cache_bf16,large_h6_n10_s100_wikics_arxiv,906d5a2fc7b881693e5654ad9a5ce6752da4ff09d9249413c6dfc7bd03c376dd,19.176576614379883,110.71318411827087,0,334.2105619907379,0,0,0,0
wikics,test,179,79,wikics:test:000079:73f671ca14fb033a,0,1074.821054,1074.79052734375,967.85624,106.677289,63.81573993712664,25.898229330778122,7.572552189230919,712.9304734990001,292.084415435791,419.2252426147461,62,0,1,0,0,0,0,0,0,0,238.7917709350586,12.739840030670166,32.15196752548218,8.400836944580078,cache_bf16,large_h6_n10_s100_wikics_arxiv,73f671ca14fb033a30965114cc70e57d3d1dfb1a6b55042e803792c154bd1fb9,19.071680068969727,109.23651194572449,0,329.06041073799133,0,0,0,0
wikics,test,180,80,wikics:test:000080:0f184f1db0a996b5,0,1099.554685,1099.52490234375,997.346762,101.894504,220.41448205709457,26.471742428839207,6.776474416255951,501.3645254075527,128.44345664978027,371.46288299560547,55,0,1,0,0,0,0,0,0,0,92.24287986755371,4.6079360246658325,28.08339262008667,3.50924813747406,cache_bf16,large_h6_n10_s100_wikics_arxiv,0f184f1db0a996b5c155f228291f962fece60e25c894ab8ac113bb00d919bc8f,19.23516845703125,97.69673591852188,0,293.00131553411484,0,0,0,0
wikics,test,181,81,wikics:test:000081:3ad691f9135ebeda,0,1980.677557,1980.642578125,1878.105403,102.076419,945.7621872425079,26.768398471176624,7.812212221324444,644.5005098357797,213.70636749267578,429.1387023925781,63,0,1,0,0,0,0,0,0,0,166.13526725769043,8.730207920074463,32.82377624511719,6.017116069793701,cache_bf16,large_h6_n10_s100_wikics_arxiv,3ad691f9135ebeda351c27e4a5ed088b476ae0fa8fb08a1342134b594d9a827a,19.24355125427246,110.80559986829758,0,337.576653778553,0,0,0,0
wikics,test,182,82,wikics:test:000082:35f6d185e3b60583,0,1804.186492,1804.1514892578125,1680.896595,122.92897,832.2552582249045,26.676911860704422,7.1181682869791985,590.7384781166911,196.89804077148438,392.3049011230469,58,0,1,0,0,0,0,0,0,0,153.58652877807617,7.965375900268555,29.77948808670044,5.566648006439209,cache_bf16,large_h6_n10_s100_wikics_arxiv,35f6d185e3b605830d55bd84ce5ae6b1b83d3a2650aed066131a57f509390d3d,19.222431182861328,102.71366387605667,0,308.81366842985153,0,0,0,0
wikics,test,183,83,wikics:test:000083:77934391d49ed365,0,2004.239174,2004.2030029296875,1897.070075,106.835574,990.2164498344064,26.750151999294758,7.97465443611145,644.2785589024425,208.7143669128418,433.89160919189453,64,0,1,0,0,0,0,0,0,0,161.29798316955566,8.455552101135254,33.10265588760376,5.858175754547119,cache_bf16,large_h6_n10_s100_wikics_arxiv,77934391d49ed3653879241637d8d8b001cacd53af052f115b2bb037763f5039,19.26803207397461,112.42252796888351,0,340.7371132969856,0,0,0,0
wikics,test,184,84,wikics:test:000084:c558903a01f41d75,0,1741.385346,1741.3511962890625,1634.310802,106.747432,708.0234084278345,26.906205341219902,7.483696565032005,631.0522705316544,214.21328353881836,415.2292175292969,61,0,1,0,0,0,0,0,0,0,167.5919017791748,8.78924810886383,31.795680046081543,6.036453604698181,cache_bf16,large_h6_n10_s100_wikics_arxiv,c558903a01f41d753914e796ba14e2931a6d80a582dc0814370dd761c259f2a7,19.369792938232422,107.57961571216583,0,327.01939475536346,0,0,0,0
wikics,test,185,85,wikics:test:000085:3ef7c5747bd481fb,0,1329.622467,1329.5906982421875,1227.527727,101.787798,241.05261266231537,26.526660658419132,7.608912885189056,678.911947645247,252.66460800170898,424.6255416870117,62,0,1,0,0,0,0,0,0,0,202.38022232055664,10.854079961776733,32.21980810165405,7.210497617721558,cache_bf16,large_h6_n10_s100_wikics_arxiv,3ef7c5747bd481fb781ef0c2cb0f24c3f560198245c327c89d36040b4c1ee9cc,19.197311401367188,109.2795840203762,0,334.5432690680027,0,0,0,0
wikics,test,186,86,wikics:test:000086:02f33170fe9a1014,0,1728.064567,1728.0301513671875,1625.782849,101.950436,710.7133641839027,26.726653799414635,7.91905727237463,631.1734663322568,198.73225784301758,430.7837219238281,63,0,1,0,0,0,0,0,0,0,152.51116752624512,7.903135895729065,32.76796770095825,5.549986720085144,cache_bf16,large_h6_n10_s100_wikics_arxiv,02f33170fe9a1014eaa7ab4fd2e7737c2cdef43b62f534ca66d6f930bea0f3d5,19.24985694885254,110.75216007232666,0,339.281418800354,0,0,0,0
wikics,test,187,87,wikics:test:000087:5e99a11f6629116f,0,1409.777221,1409.7449951171875,1303.137151,106.344156,428.7439966574311,26.80063433945179,7.121535949409008,608.584082685411,223.65785217285156,383.4454460144043,56,0,1,0,0,0,0,0,0,0,179.1788787841797,9.465535998344421,28.6245436668396,6.388893723487854,cache_bf16,large_h6_n10_s100_wikics_arxiv,5e99a11f6629116fd08a82ba8d35c24398048b98ac3869fdfbaaaced09dd547e,19.266592025756836,99.47910383343697,0,303.23293420672417,0,0,0,0
wikics,test,188,88,wikics:test:000088:661719a5706d2798,0,1783.826446,1783.79150390625,1680.986598,102.479102,858.1497669219971,26.834805496037006,7.7762482687830925,594.9212787672877,177.0813446044922,416.23277282714844,61,0,1,0,0,0,0,0,0,0,133.5487060546875,6.890911936759949,31.726431846618652,4.915294766426086,cache_bf16,large_h6_n10_s100_wikics_arxiv,661719a5706d2798e1832429597e7d4d8bc6495443836e96584a4620e3966597,19.241119384765625,107.58806401491165,0,327.8858281970024,0,0,0,0
wikics,test,189,89,wikics:test:000089:0811b581634c9202,0,2028.776254,2028.7396240234375,1921.700755,106.737475,949.3882525712252,26.770206168293953,7.994135841727257,708.1246096640825,267.26518630981445,439.1874237060547,64,0,1,0,0,0,0,0,0,0,214.64003372192383,11.675391912460327,33.3657922744751,7.5839684009552,cache_bf16,large_h6_n10_s100_wikics_arxiv,0811b581634c9202754ef09bc06883c1deaacc1ec2345102e3cee23457a2eb14,19.226591110229492,112.61875182390213,0,345.79526299238205,0,0,0,0
wikics,test,190,90,wikics:test:000090:7a6f588c7960f99a,0,1969.359958,1969.3240966796875,1846.446115,122.580319,948.3820796012878,26.826838962733746,7.713278755545616,637.9686770960689,209.70835494995117,426.63292694091797,62,0,1,0,0,0,0,0,0,0,163.18326377868652,8.52243196964264,32.066240310668945,5.936418890953064,cache_bf16,large_h6_n10_s100_wikics_arxiv,7a6f588c7960f99a36a1c6325dd09381821ed32292ec8ef9de564ccdc789c916,19.307775497436523,109.25894406437874,0,336.68175837397575,0,0,0,0
wikics,test,191,91,wikics:test:000091:048f77cea8bd8173,0,1629.519062,1629.4847412109375,1522.282224,106.911924,686.4916300401092,27.325245551764965,7.422504015266895,616.9589962810278,205.38377380371094,409.9948501586914,60,0,1,0,0,0,0,0,0,0,160.18470573425293,8.36140787601471,31.0382399559021,5.799420237541199,cache_bf16,large_h6_n10_s100_wikics_arxiv,048f77cea8bd8173479140b32200897a6931e78a836def05ad85382e9253fcce,19.295040130615234,106.01862406730652,0,323.2712662220001,0,0,0,0
wikics,test,192,92,wikics:test:000092:7d809617c6bd3e1e,0,1499.926089,1499.892822265625,1397.751989,101.826969,560.0572414696217,27.304760180413723,7.93106947094202,612.086140550673,181.1252784729004,429.30909729003906,63,0,1,0,0,0,0,0,0,0,136.4132785797119,6.9762561321258545,32.71318435668945,5.022559404373169,cache_bf16,large_h6_n10_s100_wikics_arxiv,7d809617c6bd3e1e57cc92bf7f69f76cb3ba72c0919f19f3316d1484b3e9841e,19.253631591796875,110.82358402013779,0,337.73914486169815,0,0,0,0
wikics,test,193,93,wikics:test:000093:322b3afcaa35f3c7,0,1937.849749,1937.814697265625,1829.943147,107.570844,936.9619162753224,26.693948544561863,7.7564651146531105,643.1938298046589,216.0903663635254,425.4666290283203,62,0,1,0,0,0,0,0,0,0,169.01212692260742,8.85801613330841,32.08905553817749,6.131167769432068,cache_bf16,large_h6_n10_s100_wikics_arxiv,322b3afcaa35f3c71d509b1eaa067b1c9deb2f1fd9e38948dae3d548b5de4f83,19.180320739746094,109.21238380670547,0,335.43456596136093,0,0,0,0
wikics,test,194,94,wikics:test:000094:a005efdcd7c8715a,0,1829.670354,1829.6351318359375,1722.102586,107.248358,880.6272335350513,26.78968384861946,7.389525882899761,569.0130135044456,164.71104049682617,402.74131774902344,59,0,1,0,0,0,0,0,0,0,123.57299423217773,6.321056008338928,30.240607738494873,4.576382517814636,cache_bf16,large_h6_n10_s100_wikics_arxiv,a005efdcd7c8715aa8fad232b75159e3190c49386d6e22f9d83ff1ba334960c2,19.27168083190918,104.25270429253578,0,317.76029428839684,0,0,0,0
wikics,test,195,95,wikics:test:000095:d668389de14e05fb,0,1725.935331,1725.89990234375,1608.974444,116.631582,805.8734759688377,26.634857058525085,7.1470970287919044,569.4909244775772,178.93193817138672,389.0440673828125,57,0,1,0,0,0,0,0,0,0,137.4775047302246,7.082335829734802,29.359679698944092,5.012417912483215,cache_bf16,large_h6_n10_s100_wikics_arxiv,d668389de14e05fb64f040eb1d30df390da23556d25ad8a665fb85d39595048c,19.168127059936523,101.01945632696152,0,307.1927381157875,0,0,0,0
wikics,test,196,96,wikics:test:000096:da21905a8cb96e44,0,1882.277288,1882.2412109375,1759.437029,122.510293,893.0754149332643,26.878850534558296,7.3015522211790085,593.4714693576097,196.12220764160156,395.8001022338867,58,0,1,0,0,0,0,0,0,0,152.73926162719727,7.995808005332947,29.84329605102539,5.5438419580459595,cache_bf16,large_h6_n10_s100_wikics_arxiv,da21905a8cb96e44856130f52c5c36dc7e212f58af78856eb7e3901a67b9533e,19.28166389465332,102.81622403860092,0,312.2655420899391,0,0,0,0
wikics,test,197,97,wikics:test:000097:322b174a79431b1f,0,2070.718473,2070.68310546875,1952.558285,117.833554,917.4952581524849,27.445043437182903,8.03051795810461,674.2038670927286,236.82400131225586,435.70467376708984,64,0,1,0,0,0,0,0,0,0,186.9250888824463,9.967167973518372,33.225056171417236,6.706688284873962,cache_bf16,large_h6_n10_s100_wikics_arxiv,322b174a79431b1fa466fe9d6c4146656cfc4021c19412a8ee526263102c0b0d,19.29408073425293,112.50000014901161,0,342.49875435233116,0,0,0,0
wikics,test,198,98,wikics:test:000098:23be48b489bd9fb1,0,2013.171028,2013.134521484375,1910.779095,102.048898,923.8727483898401,27.183457277715206,7.683353498578072,627.5357399135828,203.47376251220703,422.431640625,62,0,1,0,0,0,0,0,0,0,157.3473606109619,8.365600109100342,32.06985569000244,5.690946102142334,cache_bf16,large_h6_n10_s100_wikics_arxiv,23be48b489bd9fb14fe360697fdf38ded476b0d934c1ba487c6b7cd9272b87df,19.198848724365234,109.14675199985504,0,332.4837373495102,0,0,0,0
wikics,test,199,99,wikics:test:000099:25d922430a6078eb,0,1846.407461,1846.3726806640625,1723.285648,122.793661,887.291019782424,26.85661893337965,7.245732471346855,554.8196202144027,158.20070266723633,395.0711975097656,58,0,1,0,0,0,0,0,0,0,118.14947319030762,6.0385600328445435,29.627264499664307,4.385404944419861,cache_bf16,large_h6_n10_s100_wikics_arxiv,25d922430a6078eb827beb56e89fee9ffb162a0dff995eeecaf2bfa300f2b08d,19.257728576660156,102.55644792318344,0,311.77247816324234,0,0,0,0
wikics,val,0,0,wikics:val:000000:fef527b25a18161e,1,1256.518493,1256.489501953125,1126.816841,129.242548,153.95065676420927,225.89073609560728,7.006947882473469,529.3458681553602,160.68684768676758,366.8971138000488,54,0,1,0,0,0,0,0,0,0,117.16588973999023,5.559904038906097,33.589311599731445,4.371742308139801,cache_bf16,large_h6_n10_s100_wikics_arxiv,fef527b25a18161e02256c9a22a5fcb64ea189b88fbf1c593a16f7cef2386a5f,122.92393493652344,99.98387184739113,0,389.83717688918114,0,0,0,0
wikics,val,1,1,wikics:val:000001:800111c04191b913,1,1047.428384,1047.4163818359375,944.655734,102.4895,115.15698488801718,27.932836674153805,6.9513460621237755,549.8009426519275,167.7540798187256,380.5428466796875,57,0,1,0,0,0,0,0,0,0,127.3430404663086,6.580608010292053,29.132319927215576,4.698111414909363,cache_bf16,large_h6_n10_s100_wikics_arxiv,800111c04191b91313016b0068c7e73134e69c8f1fbc1fa3f47adef8e93827f2,19.352319717407227,101.48105615377426,0,298.41411024332047,0,0,0,0
wikics,val,2,2,wikics:val:000002:55b16141b752157a,1,1077.2294,1077.218505859375,975.209589,101.741072,106.02943040430546,27.839201502501965,7.628445513546467,616.0328481346369,197.08111953735352,417.31353759765625,63,0,1,0,0,0,0,0,0,0,151.17971229553223,7.860320091247559,32.50377559661865,5.537311553955078,cache_bf16,large_h6_n10_s100_wikics_arxiv,55b16141b752157aa1fbd4558cf493bf5089fa23bda74c0284125c7c88e21247,19.380128860473633,111.25388836860657,0,325.4397780895233,0,0,0,0
wikics,val,3,3,wikics:val:000003:eb55f467ab494142,1,912.007915,911.994873046875,789.492468,122.253346,61.81806977838278,26.11365355551243,6.439375691115856,480.2587954327464,127.31049537658691,351.5449562072754,53,0,1,0,0,0,0,0,0,0,92.01884746551514,4.652639985084534,27.157567501068115,3.4814404249191284,cache_bf16,large_h6_n10_s100_wikics_arxiv,eb55f467ab49414223cbb42727548425fb72d6d25ba1e2ef78c9b8b316f07388,19.358015060424805,94.95238384604454,0,275.95058742165565,0,0,0,0
wikics,val,4,4,wikics:val:000004:94369875875c7eda,1,1038.858787,1038.8466796875,934.909327,103.604726,69.0455250442028,26.16509608924389,6.959055550396442,534.5216300338507,141.54646110534668,391.4442825317383,58,0,1,0,0,0,0,0,0,0,102.97590255737305,5.236127972602844,29.44713592529297,3.88729465007782,cache_bf16,large_h6_n10_s100_wikics_arxiv,94369875875c7eda426ac2e378c77a4b45c69b105d096621273459492e79a002,19.39993667602539,103.1819519996643,0,307.66226720809937,0,0,0,0
wikics,val,5,5,wikics:val:000005:2ea19046bdd6fc0b,1,1053.204473,1053.19287109375,950.41384,102.465257,75.98470523953438,27.51204837113619,7.723200134932995,639.1525184735656,214.6773796081543,422.8122863769531,64,0,1,0,0,0,0,0,0,0,167.00864028930664,8.78220808506012,32.81270408630371,6.073827147483826,cache_bf16,large_h6_n10_s100_wikics_arxiv,2ea19046bdd6fc0b113221315bcbf4019385f97ac493ef3f6da0ff2ddbc69c2a,19.345535278320312,112.87887993454933,0,329.2789417207241,0,0,0,0
wikics,val,6,6,wikics:val:000006:deb97ed4b3c8ddd7,1,186.93106,186.90956115722656,79.593161,107.11511,2.796480432152748,35.833634436130524,0.5214419215917587,30.793755315244198,5.03548800945282,25.46131181716919,3,0,1,0,0,0,0,0,0,0,2.6817920207977295,0.1629440002143383,1.9591359794139862,0.23161600902676582,cache_bf16,large_h6_n10_s100_wikics_arxiv,deb97ed4b3c8ddd7bdb39f4af5fcaad656c9c608bfc05ecb40b7af499c9ba112,29.128704071044922,13.981407970190048,0,40.60860791802406,0,0,0,0
wikics,val,7,7,wikics:val:000007:d7f4428cc84938c0,1,980.842149,980.8302612304688,873.498601,107.080628,66.17356278002262,26.157996617257595,6.999161094427109,546.6112783178687,167.95497703552246,377.1514549255371,57,0,1,0,0,0,0,0,0,0,127.49449729919434,6.580863952636719,29.166112422943115,4.713503360748291,cache_bf16,large_h6_n10_s100_wikics_arxiv,d7f4428cc84938c0ff422730accf1af7811fdbfe47c2a8963dc760c9d780173f,19.40496063232422,101.45926415920258,0,295.09715139865875,0,0,0,0
wikics,val,8,8,wikics:val:000008:a2de623bf3821acb,1,1073.649564,1073.63818359375,950.091677,123.28847,70.15276048332453,26.06008294969797,7.493508048355579,609.8674293607473,200.03168106079102,408.2252197265625,62,0,1,0,0,0,0,0,0,0,154.59775733947754,8.041632056236267,31.74441623687744,5.647875428199768,cache_bf16,large_h6_n10_s100_wikics_arxiv,a2de623bf3821acb00081deda324d566d32c497bd1f73e5fe2b363af6e34451e,19.357088088989258,109.51878419518471,0,318.06352362036705,0,0,0,0
wikics,val,9,9,wikics:val:000009:5ddc4ad1ca6bddb9,1,1018.074177,1018.0621337890625,899.612688,118.185496,68.43720190227032,26.029429398477077,7.171423174440861,546.2457844987512,155.62953758239746,389.0728302001953,59,0,1,0,0,0,0,0,0,0,115.43373107910156,5.891264021396637,29.99228858947754,4.312253892421722,cache_bf16,large_h6_n10_s100_wikics_arxiv,5ddc4ad1ca6bddb9f2fbe2619a4cc5bfc948088c83072c92fb9968043dfe40b7,19.307872772216797,104.66351997852325,0,303.71718299388885,0,0,0,0
wikics,val,10,10,wikics:val:000010:a657f4dc57cb7b3b,1,181.595812,181.5735626220703,79.16706,102.208589,2.650093287229538,36.046745255589485,0.49643125385046005,30.345875769853592,4.663167953491211,25.381696224212646,3,0,1,0,0,0,0,0,0,0,2.3976640105247498,0.1344319973140955,1.919903963804245,0.2111679818481207,cache_bf16,large_h6_n10_s100_wikics_arxiv,a657f4dc57cb7b3bcdd5ce3c72500c507c0f17ae67e675802318c7fef9afe2d3,29.340063095092773,21.23139190673828,0,33.49036741256714,0,0,0,0
wikics,val,11,11,wikics:val:000011:dfa124f13dbb8595,1,1213.939532,1213.9296875,1095.650651,118.011622,79.23860289156437,26.24498028308153,7.1121444925665855,681.0841215774417,261.65430068969727,417.8905792236328,59,0,1,0,0,0,0,0,0,0,212.27942657470703,11.545632004737854,30.283967971801758,7.545274138450623,cache_bf16,large_h6_n10_s100_wikics_arxiv,dfa124f13dbb859594d45abc92fc99eb41ed65a49c8cb209db0ee462a00191e7,19.40505599975586,104.8874559700489,0,332.40817925333977,0,0,0,0
wikics,val,12,12,wikics:val:000012:b25c6bff127a88c6,1,1167.055403,1167.044921875,1059.171705,107.597305,83.48802477121353,26.698543690145016,7.420919835567474,691.1392817273736,285.99766540527344,403.54671478271484,61,0,1,0,0,0,0,0,0,0,234.0290870666504,12.214656114578247,31.771456241607666,7.982465982437134,cache_bf16,large_h6_n10_s100_wikics_arxiv,b25c6bff127a88c663a84dd45840dc6a75f4ae919fa79751a93982ca913e58f8,19.335615158081055,108.3675522506237,0,314.5147776901722,0,0,0,0
wikics,val,13,13,wikics:val:000013:f7ec35bb559bff78,1,989.537429,989.5247192382812,886.913948,102.36064,68.04128363728523,25.981632992625237,6.9442614912986755,541.562401689589,169.59782600402832,370.4964790344238,56,0,1,0,0,0,0,0,0,0,129.7127685546875,6.718399882316589,28.38425588607788,4.78240168094635,cache_bf16,large_h6_n10_s100_wikics_arxiv,f7ec35bb559bff78b63dfdea8a3808323d3557dd6b3c1c55ebd48800dabbb38e,19.25971221923828,99.86400026082993,0,289.8921909928322,0,0,0,0
wikics,val,14,14,wikics:val:000014:cd0465d485a7b221,1,1011.42366,1011.4111938476562,908.912791,102.241743,64.188651740551,26.027954183518887,6.899319589138031,550.602063536644,172.6526699066162,376.4510383605957,57,0,1,0,0,0,0,0,0,0,131.75625610351562,6.796767950057983,29.223392009735107,4.876253843307495,cache_bf16,large_h6_n10_s100_wikics_arxiv,cd0465d485a7b2212f8c13a4132eb2ed270289c0ec06183ceead64db97a598de,19.29587173461914,101.49244794249535,0,294.2544621527195,0,0,0,0
wikics,val,15,15,wikics:val:000015:760ce76542a910c8,1,946.515838,946.5025634765625,823.53807,122.704188,65.30472729355097,26.318331249058247,7.001940160989761,541.1305483430624,156.71513557434082,382.90029525756836,58,0,1,0,0,0,0,0,0,0,116.88464164733887,5.98227196931839,29.473920345306396,4.374301612377167,cache_bf16,large_h6_n10_s100_wikics_arxiv,760ce76542a910c82715bdb1556e1b99c877f5e3ff11acfe5cdb9dec223f2bec,19.62713623046875,103.0120640695095,0,299.5153674185276,0,0,0,0
wikics,val,16,16,wikics:val:000016:ecc418214a33ddfc,1,1178.349542,1178.33837890625,1054.750644,123.301567,71.65649347007275,27.759332209825516,7.618565112352371,681.1169236898422,262.2579231262207,417.22985076904297,63,0,1,0,0,0,0,0,0,0,210.75375747680664,11.280896067619324,32.69920015335083,7.524069428443909,cache_bf16,large_h6_n10_s100_wikics_arxiv,ecc418214a33ddfc30aad81571b5ed75b95998d50ad30efd13d1a0853a4c7a97,19.30771255493164,111.56812807917595,0,324.96943524479866,0,0,0,0
wikics,val,17,17,wikics:val:000017:30966d3fabbbe966,1,1140.320187,1140.30859375,1032.868793,107.168042,71.23015075922012,26.049659587442875,7.658712565898895,632.6834773644805,214.37788772583008,416.66896057128906,63,0,1,0,0,0,0,0,0,0,166.93407821655273,8.781504034996033,32.58339214324951,6.078913331031799,cache_bf16,large_h6_n10_s100_wikics_arxiv,30966d3fabbbe96640c8cbdf2e720544bf71af0cd8c950c087a1a2db14bd743b,19.305343627929688,111.26803201436996,0,324.7062721848488,0,0,0,0
wikics,val,18,18,wikics:val:000018:40b87fe5b3865c25,1,1066.082196,1066.0697021484375,943.034848,122.751989,68.01591347903013,25.984452106058598,7.249853573739529,588.7811630964279,191.0409278869629,396.1709442138672,60,0,1,0,0,0,0,0,0,0,147.20697593688965,7.6539517641067505,30.765439987182617,5.4145601987838745,cache_bf16,large_h6_n10_s100_wikics_arxiv,40b87fe5b3865c25b0fea0abae1f6a31a4b30ceff215077141910a5c4cdb9017,19.265119552612305,106.28368017077446,0,309.15238359570503,0,0,0,0
wikics,val,19,19,wikics:val:000019:c948629294047854,1,1012.13231,1012.1190795898438,904.849591,106.995718,64.34042192995548,26.05167869478464,7.028575055301189,540.8828910440207,162.64374542236328,376.7426567077637,57,0,1,0,0,0,0,0,0,0,122.61756896972656,6.293792009353638,29.190624237060547,4.541760206222534,cache_bf16,large_h6_n10_s100_wikics_arxiv,c9486292940478548025bcd39f69bde038c73dc44280ada5e32b7ae0cd0c59c4,19.306079864501953,101.53929606080055,0,294.5094405114651,0,0,0,0
wikics,val,20,20,wikics:val:000020:e9a52cacfc1321d3,1,877.04183,877.0267944335938,738.205848,138.491544,57.33226519078016,26.03866532444954,6.33599516004324,465.89089650660753,126.2562255859375,338.2715835571289,51,0,1,0,0,0,0,0,0,0,92.26710414886475,4.67385596036911,25.849024295806885,3.466241180896759,cache_bf16,large_h6_n10_s100_wikics_arxiv,e9a52cacfc1321d3be6f10a0439a054242d79fd11875bc865a4ea4dadbd64e1e,19.324832916259766,91.62035208940506,0,265.9760643839836,0,0,0,0
wikics,val,21,21,wikics:val:000021:f6fad06d0182fdac,1,993.773606,993.7609252929688,891.331009,102.137655,65.09481184184551,26.1289244517684,6.8884240463376045,513.6629026383162,141.55427360534668,370.636287689209,56,0,1,0,0,0,0,0,0,0,103.97792053222656,5.261792063713074,28.385440349578857,3.929120659828186,cache_bf16,large_h6_n10_s100_wikics_arxiv,f6fad06d0182fdac16ade7c80ae6ba48ecadf3df08778ef7a76990d17d09763f,19.347904205322266,99.8462720811367,0,290.13791981339455,0,0,0,0
wikics,val,22,22,wikics:val:000022:d785569b8bb4a8d7,1,1134.779803,1134.7679443359375,1027.079143,107.413525,71.44439406692982,26.055931113660336,7.637026719748974,633.0512706190348,214.70800399780273,416.7094955444336,63,0,1,0,0,0,0,0,0,0,167.11248016357422,8.84767997264862,32.664992332458496,6.082851529121399,cache_bf16,large_h6_n10_s100_wikics_arxiv,d785569b8bb4a8d717e83bb8c9fff3658fc9cccc846cdee9551cd8d56685150b,19.212575912475586,111.34723231196404,0,324.57483914494514,0,0,0,0
wikics,val,23,23,wikics:val:000023:30e8db22a669492e,1,1067.000692,1066.9881591796875,944.000047,122.725372,69.09460294991732,26.08268056064844,7.535860873758793,613.2461139932275,201.73814392089844,409.88863372802734,62,0,1,0,0,0,0,0,0,0,155.92083358764648,8.173248052597046,31.9301118850708,5.7139503955841064,cache_bf16,large_h6_n10_s100_wikics_arxiv,30e8db22a669492e9181fdd4dfa056fe4fed95a4be6d84373feae62fc8032f91,19.36422348022461,109.7123202085495,0,319.54053699970245,0,0,0,0
wikics,val,24,24,wikics:val:000024:9c2eb6f46cefd34c,1,1225.283094,1225.2723388671875,1122.627915,102.373165,70.6444326788187,26.04600228369236,7.642677985131741,777.4227447807789,356.94493103027344,418.843994140625,63,0,1,0,0,0,0,0,0,0,297.6506233215332,16.18723177909851,32.85295915603638,10.254116773605347,cache_bf16,large_h6_n10_s100_wikics_arxiv,9c2eb6f46cefd34c6f201303a1ad616670a71668823f3b38a391df90dfd6daff,19.3308162689209,111.52723175287247,0,326.64757865667343,0,0,0,0
wikics,val,25,25,wikics:val:000025:c748180b049621a4,1,1134.52538,1134.51318359375,1008.336221,125.892112,71.01683504879475,26.035116985440254,7.552647031843662,678.7740914151073,259.46710205078125,417.69789123535156,62,0,1,0,0,0,0,0,0,0,208.6744613647461,11.265535950660706,32.07273578643799,7.454368948936462,cache_bf16,large_h6_n10_s100_wikics_arxiv,c748180b049621a4c7d3ed44f5609aeec104f7702d160cca2428f5a72b9841e5,19.337215423583984,111.1036157310009,0,325.93149092793465,0,0,0,0
wikics,val,26,26,wikics:val:000026:f66b2c37f14c407f,1,1064.945867,1064.9324951171875,959.074911,105.563082,73.50763864815235,26.55772026628256,7.616632618010044,630.043737590313,204.10527801513672,424.2800064086914,63,0,1,0,0,0,0,0,0,0,157.57862663269043,8.194079995155334,32.57433557510376,5.758235812187195,cache_bf16,large_h6_n10_s100_wikics_arxiv,f66b2c37f14c407f4410ff66afbbac91c836532c19438c2e5923e57377491908,19.4913272857666,112.91932791471481,0,330.8520057797432,0,0,0,0
wikics,val,27,27,wikics:val:000027:19b7a4b1069f0703,1,1172.242053,1172.2294921875,1064.523661,107.42609,111.591262742877,26.836082339286804,7.453814148902893,623.738607391715,207.57107162475586,414.55018615722656,62,0,1,0,0,0,0,0,0,0,161.28175926208496,8.486111998558044,31.907167434692383,5.896032929420471,cache_bf16,large_h6_n10_s100_wikics_arxiv,19b7a4b1069f0703e42e1662d1626fa830f58a56b61b61ac44a24e6ebe2d28c4,19.33772850036621,109.67622405290604,0,324.21169060468674,0,0,0,0
wikics,val,28,28,wikics:val:000028:6dcccc0dadc0f236,1,1068.007657,1067.9952392578125,960.470615,107.23606,70.75251173228025,27.630171738564968,7.754952646791935,607.7448446303606,179.04079818725586,427.04664611816406,64,0,1,0,0,0,0,0,0,0,134.28534317016602,6.907551884651184,32.87004804611206,4.977855086326599,cache_bf16,large_h6_n10_s100_wikics_arxiv,6dcccc0dadc0f2368546ab77570060956e54caca780c3fae3797dd17561f56c2,19.329952239990234,112.7354242503643,0,333.64117410779,0,0,0,0
wikics,val,29,29,wikics:val:000029:b57c0c6c616584fa,1,950.763359,950.7493286132812,848.493168,101.979244,61.93214934319258,26.06691885739565,6.801249459385872,508.2429051399231,132.21692657470703,374.5588798522949,56,0,1,0,0,0,0,0,0,0,95.39612674713135,4.804128050804138,28.401663780212402,3.615007996559143,cache_bf16,large_h6_n10_s100_wikics_arxiv,b57c0c6c616584fa3175a1053d4a5943c17cc66406ff67582d00320f05ece863,19.309120178222656,99.80099177360535,0,294.06700825691223,0,0,0,0
wikics,val,30,30,wikics:val:000030:46cf5a7590979b07,1,1046.818193,1046.804443359375,938.178028,108.101335,68.46930738538504,26.047494262456894,7.456543855369091,629.5549459755421,218.96578979492188,408.99378204345703,61,0,1,0,0,0,0,0,0,0,172.0161590576172,9.11078405380249,31.62185573577881,6.216990947723389,cache_bf16,large_h6_n10_s100_wikics_arxiv,46cf5a7590979b072621f92b0e45b838461f0910879853929265a05ebd40704a,19.305408477783203,108.07110407948494,0,320.2280864417553,0,0,0,0
wikics,val,31,31,wikics:val:000031:2addc42d7b620b3e,1,1096.511033,1096.497802734375,993.640763,102.561432,83.08414090424776,26.90840233117342,7.815052755177021,617.3740662634373,169.41328048706055,446.3296356201172,63,0,1,0,0,0,0,0,0,0,125.77429962158203,6.408992052078247,32.5479040145874,4.682084798812866,cache_bf16,large_h6_n10_s100_wikics_arxiv,2addc42d7b620b3eafd7d208a11026fbe79e6857e28c706cb3b0e8c837b03eca,19.411231994628906,111.26572784781456,0,354.47513976693153,0,0,0,0
wikics,val,32,32,wikics:val:000032:57bb329b74f81197,1,1065.340906,1065.3277587890625,957.860757,107.197593,84.03768297284842,28.29103171825409,7.517700083553791,595.7697797566652,189.82355117797852,404.3572463989258,61,0,1,0,0,0,0,0,0,0,145.53011322021484,7.4881919622421265,31.48860788345337,5.316638112068176,cache_bf16,large_h6_n10_s100_wikics_arxiv,57bb329b74f81197f5f742a2fa3620e0c9193252afe609c679c1e02045e2ac49,21.323360443115234,107.82281577587128,0,317.85779106616974,0,0,0,0
wikics,val,33,33,wikics:val:000033:894e26b9ae45c623,1,1049.66201,1049.6494140625,942.216809,107.146232,68.65579914301634,26.026864536106586,7.487903349101543,616.7343156412244,209.43292617797852,405.7158737182617,61,0,1,0,0,0,0,0,0,0,163.2087345123291,8.635839819908142,31.64406394958496,5.944287896156311,cache_bf16,large_h6_n10_s100_wikics_arxiv,894e26b9ae45c623e068a70ab0e34df3ae778a61aa50d8aa35d698f67ec35e98,19.252351760864258,108.00694426894188,0,316.9612812101841,0,0,0,0
wikics,val,34,34,wikics:val:000034:65ae31af463d1b89,1,1040.437429,1040.423828125,938.283367,101.871413,70.54549176245928,26.065921410918236,7.477554492652416,628.7045385688543,219.8212776184082,407.2905044555664,61,0,1,0,0,0,0,0,0,0,172.70540809631348,9.159136056900024,31.70377540588379,6.252958059310913,cache_bf16,large_h6_n10_s100_wikics_arxiv,65ae31af463d1b892011e51a76568ca922eeec0df8a5154042715bf1a7c494d9,19.33350372314453,108.04905617237091,0,318.57495200634,0,0,0,0
wikics,val,35,35,wikics:val:000035:4693474df4e8fbf5,1,1239.07267,1239.0609130859375,1114.779541,123.679675,70.61971165239811,26.610243134200573,7.590745575726032,685.6516618281603,265.39308166503906,418.63455963134766,62,0,1,0,0,0,0,0,0,0,214.14509201049805,11.540192127227783,32.088704109191895,7.619093418121338,cache_bf16,large_h6_n10_s100_wikics_arxiv,4693474df4e8fbf5fdfd2d96bf57a7b6aabfe78ad448c8e80d959c4101a1f662,19.23529624938965,109.7925121486187,0,328.0773437321186,0,0,0,0
wikics,val,36,36,wikics:val:000036:0759714d0e26521e,1,1093.429572,1093.4161376953125,975.217733,117.894955,77.24899053573608,26.13438479602337,8.250467479228973,599.7816696763039,182.58172607421875,415.6360626220703,60,0,1,0,0,0,0,0,0,0,139.44259452819824,7.177919983863831,30.843200206756592,5.1180113554000854,cache_bf16,large_h6_n10_s100_wikics_arxiv,0759714d0e26521e91834222ac4f5b5afd29c0eff6aa294be5e1a3766dc065c1,19.292320251464844,106.34297594428062,0,328.58540692925453,0,0,0,0
wikics,val,37,37,wikics:val:000037:a7f56af4cb70732b,1,1155.912485,1155.900146484375,1048.590661,107.036343,93.7031777575612,26.77725348621607,7.477552630007267,624.0098485723138,208.12842178344727,414.27308654785156,62,0,1,0,0,0,0,0,0,0,161.77804946899414,8.511584162712097,31.96131181716919,5.877476334571838,cache_bf16,large_h6_n10_s100_wikics_arxiv,a7f56af4cb70732bb9074d50d48be472e73eaf5ac49d42d90c7fb997a871ce21,19.285375595092773,109.66025599837303,0,323.8982061445713,0,0,0,0
wikics,val,38,38,wikics:val:000038:dad46ac500c3e985,1,1107.229235,1107.216064453125,1004.773439,102.146811,70.16772031784058,26.662884280085564,7.5890859588980675,602.9812023043633,182.0545597076416,419.29087829589844,63,0,1,0,0,0,0,0,0,0,137.42585372924805,7.022752165794373,32.5415358543396,5.0644179582595825,cache_bf16,large_h6_n10_s100_wikics_arxiv,dad46ac500c3e9857482209283c5f91bd4729e6956984bc291919024cf405ee8,19.20604705810547,111.04307201504707,0,327.45385333895683,0,0,0,0
wikics,val,39,39,wikics:val:000039:53e5be2b68e5930e,1,1166.000001,1165.98583984375,1042.280821,123.412256,66.76051951944828,26.077118702232838,7.253287360072136,653.234557248652,263.40589141845703,388.2767028808594,59,0,1,0,0,0,0,0,0,0,213.7358741760254,11.664639949798584,30.440287590026855,7.565089702606201,cache_bf16,large_h6_n10_s100_wikics_arxiv,53e5be2b68e5930eb72e6abd780a479e5ec14029f6796037de28e272d8d08878,19.30771255493164,104.84444791078568,0,302.73996752500534,0,0,0,0
wikics,val,40,40,wikics:val:000040:f5c8ec8453d3a18e,1,939.098886,939.0828247070312,820.866269,117.958296,61.179256066679955,26.084478944540024,6.693733856081963,522.6541189476848,160.80454635620117,360.42921447753906,54,0,1,0,0,0,0,0,0,0,122.31430244445801,6.333024024963379,27.62707233428955,4.530147552490234,cache_bf16,large_h6_n10_s100_wikics_arxiv,f5c8ec8453d3a18e3d258c2f5898202e9d148044b51ad92e9766efccc4a3c27c,19.36511993408203,96.63884788751602,0,283.1554865241051,0,0,0,0
wikics,val,41,41,wikics:val:000041:0a1aea6f2ab10ebb,1,1211.730484,1211.7178955078125,1108.516741,102.701477,71.04106899350882,26.697850786149502,7.733478210866451,698.1943417340517,276.8375663757324,419.7084426879883,63,0,1,0,0,0,0,0,0,0,223.88713455200195,12.158527970314026,32.892767906188965,7.899135947227478,cache_bf16,large_h6_n10_s100_wikics_arxiv,0a1aea6f2ab10ebbb8741837ad5f8891fe42bfc4bfa6ca2c2c4141a32360b0e7,19.311071395874023,111.41014385223389,0,327.6093702316284,0,0,0,0
wikics,val,42,42,wikics:val:000042:6b1dd5c3859cc886,1,1075.065436,1075.0517578125,967.555886,107.210634,77.87791825830936,27.01247576624155,8.734770119190216,597.6063087582588,169.53039932250977,426.4304656982422,63,0,1,0,0,0,0,0,0,0,125.86796760559082,6.409439921379089,32.57478380203247,4.678207993507385,cache_bf16,large_h6_n10_s100_wikics_arxiv,6b1dd5c3859cc886d64cde0c7ecb8890de634840ab945555bc2408dbb9643e78,20.24550437927246,111.75715216994286,0,334.9188179075718,0,0,0,0
wikics,val,43,43,wikics:val:000043:5164e28991dfba94,1,1082.477844,1082.463623046875,959.25165,122.943072,95.94713803380728,26.62805560976267,7.132868282496929,559.7007069736719,172.48720359802246,385.69507217407227,58,0,1,0,0,0,0,0,0,0,131.31750297546387,6.743232011795044,29.581632137298584,4.844836473464966,cache_bf16,large_h6_n10_s100_wikics_arxiv,5164e28991dfba940695c47609da38adb72fec7b962b72c3fc11f98b771028d1,19.274879455566406,105.06700795888901,0,299.90294367074966,0,0,0,0
wikics,val,44,44,wikics:val:000044:a1e23c83773db96a,1,1078.735114,1078.7205810546875,953.487245,124.944115,74.76718537509441,26.63693018257618,7.634281180799007,614.5775467157364,201.5525779724121,411.4054412841797,62,0,1,0,0,0,0,0,0,0,155.80838584899902,8.118752002716064,31.940127849578857,5.685312271118164,cache_bf16,large_h6_n10_s100_wikics_arxiv,a1e23c83773db96a01bf838bf188e3dfb7ca66f39a28efe567f992bf99606076,19.278560638427734,109.62457591295242,0,321.059426009655,0,0,0,0
wikics,val,45,45,wikics:val:000045:468961e707127957,1,1139.717378,1139.703125,1032.083061,107.337586,72.8743989020586,26.604285463690758,7.880079559981823,676.729035563767,249.05926895141602,426.0161666870117,64,0,1,0,0,0,0,0,0,0,198.27126693725586,10.548447847366333,33.17072010040283,7.068834066390991,cache_bf16,large_h6_n10_s100_wikics_arxiv,468961e707127957b260758066a254430361fc6520124ac947aa20ec9ea66115,19.26265525817871,113.03760012984276,0,332.24122181534767,0,0,0,0
wikics,val,46,46,wikics:val:000046:f3cf1d41caa4c2d9,1,1018.170979,1018.1563720703125,894.770691,123.115028,66.01970735937357,26.07926446944475,7.203927263617516,551.1217610910535,156.14614295959473,393.430908203125,59,0,1,0,0,0,0,0,0,0,115.7782096862793,5.903584063053131,30.137824535369873,4.3265246748924255,cache_bf16,large_h6_n10_s100_wikics_arxiv,f3cf1d41caa4c2d9aee35e66e1b95d288a274a344aed7288a15b83678d0c9b0f,19.304672241210938,104.57267209887505,0,308.1629083454609,0,0,0,0
wikics,val,47,47,wikics:val:000047:bd32e929138a4b77,1,1055.183779,1055.1690673828125,953.173413,101.723217,70.65434101969004,26.442724280059338,7.725769653916359,627.9365876689553,204.83898162841797,421.4623718261719,63,0,1,0,0,0,0,0,0,0,158.1144313812256,8.251775979995728,32.72364807128906,5.749126195907593,cache_bf16,large_h6_n10_s100_wikics_arxiv,bd32e929138a4b77bc048f77bd95b0ae2df40ec2142b7d96ce1fdf8f013783d6,19.3538875579834,111.23958417773247,0,329.5766752064228,0,0,0,0
wikics,val,48,48,wikics:val:000048:6eff2b19b7a04da7,1,1116.068437,1116.0540771484375,1008.16477,107.335658,68.4847142547369,26.630927808582783,7.011512294411659,529.3970499187708,149.208833694458,378.6545944213867,57,0,1,0,0,0,0,0,0,0,110.20547294616699,5.61679995059967,29.270880222320557,4.115680575370789,cache_bf16,large_h6_n10_s100_wikics_arxiv,6eff2b19b7a04da79c3852b11623e45f5e95243bd84be5804a42f68214bedb34,19.459104537963867,101.3353280723095,0,296.7783708870411,0,0,0,0
wikics,val,49,49,wikics:val:000049:a710ed9d3274bc0d,1,1102.257323,1102.2427978515625,994.924042,107.005548,72.6925665512681,26.265813037753105,7.77277909219265,596.3198384270072,169.78883171081543,424.8835906982422,63,0,1,0,0,0,0,0,0,0,126.07315254211426,6.411711931228638,32.61260795593262,4.691359281539917,cache_bf16,large_h6_n10_s100_wikics_arxiv,a710ed9d3274bc0d9f0fb0ea4c32ba851c8bbe00839b9daed62e9d43b3352bf2,19.340288162231445,112.87974411249161,0,331.344134747982,0,0,0,0
wikics,val,50,50,wikics:val:000050:1c058b8728feaf12,1,1070.195571,1070.1802978515625,967.786904,102.128262,75.87826997041702,26.171179488301277,7.482297718524933,618.0978594347835,190.8742733001709,425.6303405761719,61,0,1,0,0,0,0,0,0,0,146.3403205871582,7.547423958778381,31.633567810058594,5.35296094417572,cache_bf16,large_h6_n10_s100_wikics_arxiv,1c058b8728feaf12cbe4ab8e03522106fc37295ec871564e5fc151a2fbb470d5,19.407264709472656,107.94886407256126,0,337.08874121308327,0,0,0,0
wikics,val,51,51,wikics:val:000051:d60eeaca25598834,1,1056.960334,1056.9462890625,954.258876,102.43065,86.32905129343271,26.346227154135704,7.364238612353802,594.3582328036427,190.55138969421387,402.21717834472656,61,0,1,0,0,0,0,0,0,0,146.09756660461426,7.513920068740845,31.599552154541016,5.340350866317749,cache_bf16,large_h6_n10_s100_wikics_arxiv,d60eeaca25598834706edcb52ebc7531cf2e17cfda9b41db2d8027815a0c0c09,19.240224838256836,107.88768017292023,0,313.56972301006317,0,0,0,0
wikics,val,52,52,wikics:val:000052:9d402c29e66ea4c0,1,1020.47116,1020.4562377929688,885.828877,134.351718,66.40469841659069,26.183493435382843,8.315382525324821,535.7788177207112,156.66444778442383,377.61474990844727,57,0,1,0,0,0,0,0,0,0,117.01590728759766,6.000960052013397,29.29046392440796,4.357116520404816,cache_bf16,large_h6_n10_s100_wikics_arxiv,9d402c29e66ea4c0512dc9a25029ae2df086560fbc652776c688794053e56213,19.243392944335938,101.41628813743591,0,295.4418547153473,0,0,0,0
wikics,val,53,53,wikics:val:000053:ed2693d240246643,1,1119.618348,1119.6036376953125,1016.919797,102.374053,71.23712543398142,26.717434637248516,7.394212298095226,658.2457441836596,252.80060958862305,403.8483428955078,61,0,1,0,0,0,0,0,0,0,202.87705612182617,10.844800114631653,31.888415813446045,7.190337538719177,cache_bf16,large_h6_n10_s100_wikics_arxiv,ed2693d240246643addf6808c0115c2eed9d294dd989ee0fdb3375681b9cf25d,19.222848892211914,108.16835248470306,0,314.90283930301666,0,0,0,0
wikics,val,54,54,wikics:val:000054:a8e2f7ed77837d4b,1,1121.871407,1121.8570556640625,1003.446242,118.137905,68.9579676836729,26.031733490526676,7.515536621212959,672.9608094319701,259.5464324951172,411.80579376220703,62,0,1,0,0,0,0,0,0,0,208.72553253173828,11.20192003250122,32.18377637863159,7.435203552246094,cache_bf16,large_h6_n10_s100_wikics_arxiv,a8e2f7ed77837d4b652e18f0316c93d7e0ed16853eb7f80344c9fee1ffa7073d,19.312864303588867,109.7974081337452,0,321.3212499320507,0,0,0,0
wikics,val,55,55,wikics:val:000055:3c1e3f2074abd3c8,1,1093.136189,1093.1219482421875,985.842227,106.997937,71.63939159363508,26.04463417083025,7.7313389629125595,590.6852995976806,169.7761936187744,419.2715835571289,63,0,1,0,0,0,0,0,0,0,126.06195259094238,6.404288053512573,32.63353633880615,4.676416635513306,cache_bf16,large_h6_n10_s100_wikics_arxiv,3c1e3f2074abd3c877291529fd1f3d17d7985de2b8671dbb87cc71e5b84081c3,19.270784378051758,111.11779218912125,0,327.4245757460594,0,0,0,0
wikics,val,56,56,wikics:val:000056:efcb08cf59d1e854,1,931.044646,931.0279541015625,823.496415,107.277934,56.71086348593235,26.095527224242687,6.2908995896577835,520.0136266648769,171.7457275390625,346.88589096069336,52,0,1,0,0,0,0,0,0,0,133.32307052612305,6.909536004066467,26.666368007659912,4.846753001213074,cache_bf16,large_h6_n10_s100_wikics_arxiv,efcb08cf59d1e85484c1341b5bc27bdb0c54c55af7ed792f8233e590836e90af,19.35491180419922,93.32793638110161,0,272.91286638379097,0,0,0,0
wikics,val,57,57,wikics:val:000057:a3c7f395d320220a,1,1094.232247,1094.2178955078125,985.849377,107.857561,69.91737987846136,26.042236015200615,9.423778392374516,590.6728096306324,170.12067222595215,418.84703826904297,63,0,1,0,0,0,0,0,0,0,126.37667465209961,6.423424005508423,32.6345591545105,4.686014413833618,cache_bf16,large_h6_n10_s100_wikics_arxiv,a3c7f395d320220a49b18c10c43aaaf35b12e9f9b3cb44a936cd1bb76ea87e41,19.261760711669922,111.27289620041847,0,326.8359027802944,0,0,0,0
wikics,val,58,58,wikics:val:000058:8074f83a06f99a82,1,1060.798196,1060.7823486328125,941.754432,118.713297,68.26622132211924,26.0414881631732,7.241120561957359,582.1724012494087,182.48524856567383,398.1100158691406,60,0,1,0,0,0,0,0,0,0,139.3198413848877,7.1451839208602905,30.906399726867676,5.1138235330581665,cache_bf16,large_h6_n10_s100_wikics_arxiv,8074f83a06f99a823ad68d64ea27ab58e9d24ea96ba8e9704f5e2377f3caced5,19.234912872314453,106.3189118206501,0,311.026016920805,0,0,0,0
wikics,val,59,59,wikics:val:000059:21f4f0d64380bdda,1,1205.3361,1205.3221435546875,1081.78644,123.257411,78.89007311314344,26.196099817752838,8.577398955821991,625.0544050708413,205.3804817199707,418.0371856689453,63,0,1,0,0,0,0,0,0,0,158.65420722961426,8.243615984916687,32.71830415725708,5.764354348182678,cache_bf16,large_h6_n10_s100_wikics_arxiv,21f4f0d64380bdda046d4cc1db9002aca0956e7f0f93cad73d32b7c41fab9a1f,19.33260726928711,111.28096023201942,0,326.088832706213,0,0,0,0
wikics,val,60,60,wikics:val:000060:9dd18ea1fcd0219b,1,1103.755146,1103.7396240234375,996.120519,107.354714,110.75586173683405,26.744631119072437,7.887206971645355,605.0234641879797,179.92652893066406,423.4371871948242,64,0,1,0,0,0,0,0,0,0,134.9358081817627,6.954303979873657,33.04854440689087,4.987872362136841,cache_bf16,large_h6_n10_s100_wikics_arxiv,9dd18ea1fcd0219b60d99cd4a59d6991950025d43145db4f4bb3fd8b8b79fa86,19.283103942871094,112.88729619979858,0,329.83299493789673,0,0,0,0
wikics,val,61,61,wikics:val:000061:59ffc0873b2736bd,1,1136.879323,1136.8646240234375,1018.258225,118.343561,69.24241129308939,26.068818755447865,7.603110745549202,600.7543802261353,188.13683128356934,410.9926452636719,62,0,1,0,0,0,0,0,0,0,143.55216026306152,7.3961920738220215,31.93308734893799,5.255391597747803,cache_bf16,large_h6_n10_s100_wikics_arxiv,59ffc0873b2736bd1131d5f3759451a37bcf18ecedae90549af313f517e26f4f,19.27961540222168,109.57507202029228,0,320.6971886456013,0,0,0,0
wikics,val,62,62,wikics:val:000062:cd046bf69ef46f20,1,1058.59218,1058.576904296875,955.660809,102.625434,68.3017959818244,25.937396101653576,7.45673943310976,620.6238623708487,209.3697280883789,409.63631439208984,62,0,1,0,0,0,0,0,0,0,162.8379192352295,8.582335948944092,32.041728019714355,5.907744884490967,cache_bf16,large_h6_n10_s100_wikics_arxiv,cd046bf69ef46f204090fdd4878f751b1f18829050a54ec040957e600ad3cc68,19.186464309692383,109.72304022312164,0,319.0997384786606,0,0,0,0
wikics,val,63,63,wikics:val:000063:fdccf80ac6d5ed10,1,1115.057909,1115.043212890625,1012.367343,102.38844,72.94342014938593,26.601524092257023,9.840148501098156,651.8002338707447,233.30429077148438,416.8602600097656,63,0,1,0,0,0,0,0,0,0,184.06444931030273,9.782688021659851,32.85759973526001,6.59955370426178,cache_bf16,large_h6_n10_s100_wikics_arxiv,fdccf80ac6d5ed1031f1caf4ad0b8707e4063633f670534cc7316f4a63d581b6,19.15670394897461,111.37948822975159,0,324.63747572898865,0,0,0,0
wikics,val,64,64,wikics:val:000064:c21d83b7a925b1f1,1,1067.727317,1067.71142578125,965.072485,102.371219,63.51681239902973,26.522301137447357,6.893575191497803,566.6586682200432,187.20355415344238,377.95423889160156,57,0,1,0,0,0,0,0,0,0,145.00803184509277,7.541664004325867,29.37283182144165,5.281026482582092,cache_bf16,large_h6_n10_s100_wikics_arxiv,c21d83b7a925b1f1e3bf58aa888458f37c3c7959cc0860b33d5364e471f3be69,19.64134407043457,101.4987201988697,0,296.0968627631664,0,0,0,0
wikics,val,65,65,wikics:val:000065:8018dabccc7a098b,1,1079.986019,1079.9708251953125,972.430316,107.272572,70.93456946313381,26.015370152890682,7.750893011689186,619.4420931860805,200.37187576293945,417.43641662597656,63,0,1,0,0,0,0,0,0,0,154.12415885925293,7.964992046356201,32.65398406982422,5.6287407875061035,cache_bf16,large_h6_n10_s100_wikics_arxiv,8018dabccc7a098b9082792cb6fdae67c3e451b13db77164ff6d6cbbfdbd5771,19.271488189697266,111.0799041390419,0,325.6280006766319,0,0,0,0
wikics,val,66,66,wikics:val:000066:70258368f4491f0c,1,862.685735,862.6687622070312,737.822297,124.601786,56.442590430378914,26.00240893661976,6.307181902229786,467.1748662367463,126.63583946228027,339.1824951171875,51,0,1,0,0,0,0,0,0,0,92.55103969573975,4.66947203874588,25.951488494873047,3.4638392329216003,cache_bf16,large_h6_n10_s100_wikics_arxiv,70258368f4491f0c1f933e937a47280efcd886e3740f7d5b30af914ae2f65ae3,19.325151443481445,91.6806720495224,0,266.82697451114655,0,0,0,0
wikics,val,67,67,wikics:val:000067:7139754de7086e77,1,936.175011,936.158203125,817.349044,118.501839,64.68181777745485,26.05025190860033,7.150014862418175,540.9914953634143,156.91910362243652,382.55212783813477,58,0,1,0,0,0,0,0,0,0,116.98585891723633,5.962495982646942,29.62387228012085,4.346876442432404,cache_bf16,large_h6_n10_s100_wikics_arxiv,7139754de7086e7765da5a2bc4d08a7109fb268c05df038a524b37555f626219,19.31180763244629,102.89391988515854,0,298.9700155854225,0,0,0,0
wikics,val,68,68,wikics:val:000068:d09d5c84fefc31fa,1,1074.99289,1074.9776611328125,950.991031,123.552329,70.77402900904417,26.196674443781376,7.68357515335083,613.8726379722357,202.2748794555664,409.9759750366211,62,0,1,0,0,0,0,0,0,0,156.35968017578125,8.168032050132751,32.06873559951782,5.6784316301345825,cache_bf16,large_h6_n10_s100_wikics_arxiv,d09d5c84fefc31faa39227124c4a8196cf807ad304e4c22c39827c1e72c189a7,19.388959884643555,109.64236813783646,0,319.7225667834282,0,0,0,0
wikics,val,69,69,wikics:val:000069:da8713a1886318f3,1,1202.515652,1202.499755859375,1093.286225,108.844249,73.14563728868961,26.104195974767208,7.823421619832516,745.8092235028744,326.03641510009766,418.13036346435547,63,0,1,0,0,0,0,0,0,0,268.882625579834,14.709759950637817,33.124831676483154,9.3191978931427,cache_bf16,large_h6_n10_s100_wikics_arxiv,da8713a1886318f35bebbc1f6a260d9043f0f17461ca5357ede1eebbf97c39b9,19.289888381958008,111.57747215032578,0,325.8427796959877,0,0,0,0
wikics,val,70,70,wikics:val:000070:c07c01ab1d837bee,1,1068.273938,1068.2574462890625,961.129172,106.864622,73.65687843412161,26.07511542737484,7.668426260352135,597.5727764889598,183.3932819366455,412.5594024658203,62,0,1,0,0,0,0,0,0,0,139.17929458618164,7.183040022850037,31.89676809310913,5.1341792345047,cache_bf16,large_h6_n10_s100_wikics_arxiv,c07c01ab1d837bee495fe549fb059614c21012d28950d436a260cad0b20e355e,19.289920806884766,109.49231994152069,0,322.3570033311844,0,0,0,0
wikics,val,71,71,wikics:val:000071:a33e3d4cce48fcc3,1,1081.108032,1081.0919189453125,978.208891,102.62724,89.8864520713687,26.808541268110275,13.648811727762222,609.6011595800519,190.4536018371582,417.55660247802734,61,0,1,0,0,0,0,0,0,0,145.97897720336914,7.5002559423446655,31.63200044631958,5.342368245124817,cache_bf16,large_h6_n10_s100_wikics_arxiv,a33e3d4cce48fcc3980549bc7f9e0f293f769fa36ec601986da634453cff0f01,19.301536560058594,107.89747208356857,0,328.96066695451736,0,0,0,0
wikics,val,72,72,wikics:val:000072:f1151d716149ae48,1,1208.502112,1208.487060546875,1106.391112,101.836263,74.33668710291386,26.285339146852493,7.765433751046658,695.388107560575,277.8752326965332,415.8707580566406,63,0,1,0,0,0,0,0,0,0,224.7337532043457,12.204063892364502,33.029695987701416,7.907719612121582,cache_bf16,large_h6_n10_s100_wikics_arxiv,f1151d716149ae48dbc85a7874ec59788c1e359220abb0af2364121fabe8da24,19.371456146240234,111.45142391324043,0,323.7907902896404,0,0,0,0
wikics,val,73,73,wikics:val:000073:4b3154d00ed508a1,1,1130.753123,1130.737548828125,1023.573803,106.898933,70.92272862792015,27.061745524406433,7.758487015962601,632.0286700502038,215.15216445922852,415.24153900146484,63,0,1,0,0,0,0,0,0,0,167.5325756072998,8.813792109489441,32.75343990325928,6.052356839179993,cache_bf16,large_h6_n10_s100_wikics_arxiv,4b3154d00ed508a163face2906b779bc860da600f6b41d6bca03a69eddd4dac0,19.209087371826172,111.1786562204361,0,323.2719701528549,0,0,0,0
wikics,val,74,74,wikics:val:000074:63d8027fe96dbd40,1,1069.392636,1069.3768310546875,966.905087,102.202695,69.28929407149553,25.99638979882002,7.642418146133423,595.7690058276057,184.5246410369873,409.63053131103516,62,0,1,0,0,0,0,0,0,0,140.14348793029785,7.249503970146179,31.96604871749878,5.165600419044495,cache_bf16,large_h6_n10_s100_wikics_arxiv,63d8027fe96dbd400c3253b6fea3dff229a9d059b23d14f1f2fd66ad5dc976a6,19.254528045654297,109.58687973022461,0,319.29817962646484,0,0,0,0
wikics,val,75,75,wikics:val:000075:205fb8181f3470fd,1,986.240344,986.2244873046875,878.3202,107.585018,65.11195376515388,26.001435704529285,7.010990753769875,549.0850182250142,168.88505744934082,378.69058990478516,57,0,1,0,0,0,0,0,0,0,128.17619514465332,6.607711911201477,29.37833595275879,4.722814440727234,cache_bf16,large_h6_n10_s100_wikics_arxiv,205fb8181f3470fdbd1270150f71b5fca1cc9f81c402b312d394c3d904a0d37f,19.25948715209961,101.54771214723587,0,296.4023649096489,0,0,0,0
wikics,val,76,76,wikics:val:000076:ddb2213b21b70ae0,1,1046.22412,1046.208251953125,943.24708,102.664984,72.04518839716911,26.27692185342312,7.8301867470145226,642.0662123709917,216.11785507202148,424.2824935913086,64,0,1,0,0,0,0,0,0,0,168.0546875,8.816223978996277,33.13491153717041,6.112032055854797,cache_bf16,large_h6_n10_s100_wikics_arxiv,ddb2213b21b70ae0608c1c092117830fd7e17b1a716dacdda024759397179a65,19.387264251708984,112.94646427035332,0,330.72329357266426,0,0,0,0
wikics,val,77,77,wikics:val:000077:f1913089890132b9,1,1008.28502,1008.2685546875,885.115333,122.892158,65.98827615380287,26.125107891857624,7.208968512713909,546.5953731909394,155.18601608276367,389.8648376464844,59,0,1,0,0,0,0,0,0,0,114.87532615661621,5.821951985359192,30.217920303344727,4.2708176374435425,cache_bf16,large_h6_n10_s100_wikics_arxiv,f1913089890132b93fdaffc173538a9f3a7d21ccce41a3e9e4c9795128d4bd45,19.395872116088867,104.67955186963081,0,304.58115789294243,0,0,0,0
wikics,val,78,78,wikics:val:000078:0761a00cafcc55ff,1,1065.931511,1065.9151611328125,958.138572,107.517824,66.4592757821083,25.937055237591267,7.201706059277058,607.8003905713558,215.28518295288086,390.9676513671875,59,0,1,0,0,0,0,0,0,0,170.10246086120605,8.855103969573975,30.1975359916687,6.130082130432129,cache_bf16,large_h6_n10_s100_wikics_arxiv,0761a00cafcc55ff9fe63e26139f58aec60e88d6395fc46a23de2ad601161439,19.20863914489746,104.71180799603462,0,305.46448251605034,0,0,0,0
wikics,val,79,79,wikics:val:000079:2fe77eb4bcc2fb53,1,1041.026747,1041.009765625,938.338021,102.40525,67.81693734228611,26.056556962430477,7.526622153818607,616.9923562556505,210.02224349975586,405.3796157836914,61,0,1,0,0,0,0,0,0,0,163.69097518920898,8.638175964355469,31.76521587371826,5.9278764724731445,cache_bf16,large_h6_n10_s100_wikics_arxiv,2fe77eb4bcc2fb53c2211e341bc094a3a30350f3b9232464ae3b32fe2ec8eddd,19.334880828857422,108.03264001011848,0,316.68185660243034,0,0,0,0
wikics,val,80,80,wikics:val:000080:78e4b73fcf74884b,1,1040.841245,1040.8243408203125,938.35205,102.204633,68.23929585516453,26.07641275972128,7.517145946621895,595.1389772817492,190.85347175598145,402.69644927978516,61,0,1,0,0,0,0,0,0,0,146.34566688537598,7.508288025856018,31.64243173599243,5.357085108757019,cache_bf16,large_h6_n10_s100_wikics_arxiv,78e4b73fcf74884bd0f9d8224587705bf2a860666e91c84c032b4c3d0586467b,19.299232482910156,107.92214387655258,0,314.07353788614273,0,0,0,0
wikics,val,81,81,wikics:val:000081:20ce9780b00f15b5,1,1068.826733,1068.809814453125,965.165373,103.168531,69.49069909751415,26.197422295808792,7.629083469510078,623.2449430972338,209.1393280029297,412.4847412109375,62,0,1,0,0,0,0,0,0,0,162.61087799072266,8.557120084762573,32.08137559890747,5.889954328536987,cache_bf16,large_h6_n10_s100_wikics_arxiv,20ce9780b00f15b52811a677413a49886c9d562891b0f085e645f3da627331e0,19.324512481689453,109.66640028357506,0,322.1428534090519,0,0,0,0
wikics,val,82,82,wikics:val:000082:15505e4df399c749,1,1066.240421,1066.22412109375,964.415226,101.53251,68.26011184602976,25.934345088899136,7.301750592887402,609.7734943032265,216.31286239624023,391.91151428222656,59,0,1,0,0,0,0,0,0,0,170.94630241394043,8.93120002746582,30.285312175750732,6.150047779083252,cache_bf16,large_h6_n10_s100_wikics_arxiv,15505e4df399c7492f629e9c7965cca92311ad45c4e2d4f2a65ee42f5ca8ba25,19.191648483276367,104.69494408369064,0,306.4082186818123,0,0,0,0
wikics,val,83,83,wikics:val:000083:a7ba3d44aa7499fe,1,950.760027,950.7423706054688,848.030742,102.460603,67.34895054250956,26.057005859911442,6.808219477534294,505.7656029239297,132.57855987548828,371.7151985168457,56,0,1,0,0,0,0,0,0,0,95.6658239364624,4.798783957958221,28.501215934753418,3.6127360463142395,cache_bf16,large_h6_n10_s100_wikics_arxiv,a7ba3d44aa7499fee1445d9215d7a72b29cbdb6a49ba0da38d84ee982ee40490,19.280479431152344,99.71903982758522,0,291.2766381204128,0,0,0,0
wikics,val,84,84,wikics:val:000084:35732c8658931b86,1,1075.544467,1075.5277099609375,973.136727,102.14081,68.1130001321435,26.16582065820694,7.309787906706333,619.994018226862,215.44316482543945,403.0020065307617,59,0,1,0,0,0,0,0,0,0,170.16521453857422,8.903776049613953,30.25593614578247,6.118238091468811,cache_bf16,large_h6_n10_s100_wikics_arxiv,35732c8658931b8612504cc455b6580ea44423ed7f94899d50f3c900f855d03c,19.360031127929688,104.64230409264565,0,317.71973356604576,0,0,0,0
wikics,val,85,85,wikics:val:000085:39693add84393c3e,1,999.666563,999.649658203125,897.488336,101.907373,84.80136562138796,26.411596685647964,7.029579021036625,546.8906424939632,168.7678394317627,376.6245460510254,57,0,1,0,0,0,0,0,0,0,128.0560646057129,6.587679982185364,29.413951873779297,4.710142970085144,cache_bf16,large_h6_n10_s100_wikics_arxiv,39693add84393c3e86597303a982f69e8c2c131c841d86b3540fc8836693ee22,19.281824111938477,101.33206385374069,0,294.5743063092232,0,0,0,0
wikics,val,86,86,wikics:val:000086:6154d20de82ca154,1,1009.834173,1009.8171997070312,890.856788,118.692501,71.34371064603329,26.398212648928165,7.288315333425999,547.5053330883384,154.93811416625977,391.0206069946289,59,0,1,0,0,0,0,0,0,0,114.68665504455566,5.812575995922089,30.178751468658447,4.260131657123566,cache_bf16,large_h6_n10_s100_wikics_arxiv,6154d20de82ca154d31dc1757ffb5df0b6b9fab72293c3c0850611659ced11c3,19.227935791015625,104.66505628824234,0,305.5834864974022,0,0,0,0
wikics,val,87,87,wikics:val:000087:2d8e1c91732f7fc9,1,1075.733027,1075.716552734375,957.176176,118.282076,75.61695296317339,26.55194979161024,7.537601515650749,584.4571879133582,178.91884803771973,403.9406051635742,61,0,1,0,0,0,0,0,0,0,135.34480094909668,6.939488053321838,31.647072315216064,4.987486720085144,cache_bf16,large_h6_n10_s100_wikics_arxiv,2d8e1c91732f7fc9dc9d186a2ca2f383b734021eb501adc5b8e0ed0ef87a507d,19.24835205078125,107.88704004883766,0,315.3019171655178,0,0,0,0
wikics,val,88,88,wikics:val:000088:edf1f65b0215397f,1,1134.277226,1134.2613525390625,1026.426085,107.571144,74.62496683001518,26.787245646119118,7.656366564333439,633.6404150351882,216.04924774169922,415.95545196533203,63,0,1,0,0,0,0,0,0,0,168.2121925354004,8.880959868431091,32.88985538482666,6.066239953041077,cache_bf16,large_h6_n10_s100_wikics_arxiv,edf1f65b0215397f7db64f2b0af499b296dd7db24bda5492ace4393562a0e0a3,19.25619125366211,111.27910420298576,0,323.9325390160084,0,0,0,0
wikics,val,89,89,wikics:val:000089:cc473da6146fe84a,1,1084.37674,1084.3603515625,982.730983,101.348443,70.00189740210772,26.045789942145348,7.220284081995487,613.3470069617033,214.20563125610352,397.56995391845703,60,0,1,0,0,0,0,0,0,0,168.09936141967773,8.919839978218079,31.12828779220581,6.058142066001892,cache_bf16,large_h6_n10_s100_wikics_arxiv,cc473da6146fe84a261cfc81f796542bafb0eacffffc7c8a2c614f0834c25fc7,19.302783966064453,106.536063849926,0,310.3366740345955,0,0,0,0
wikics,val,90,90,wikics:val:000090:04f10178109bc189,1,1149.279471,1149.263671875,1030.671566,118.32163,72.97311723232269,26.036943309009075,7.604628801345825,632.6776826754212,213.66182708740234,417.37552642822266,63,0,1,0,0,0,0,0,0,0,166.05116844177246,8.735679864883423,32.85532855987549,6.019650220870972,cache_bf16,large_h6_n10_s100_wikics_arxiv,04f10178109bc18987c0d161e505acc91bd5670d8f9419c8668ecccb3d4a4fea,19.259775161743164,111.28460830450058,0,325.35069328546524,0,0,0,0
wikics,val,91,91,wikics:val:000091:6005ecd7d5ac622d,1,963.014953,962.9976196289062,855.261719,107.459083,63.759468495845795,26.10195893794298,6.633237935602665,524.7960891574621,158.20425415039062,365.1349105834961,55,0,1,0,0,0,0,0,0,0,119.50911712646484,6.128960013389587,28.13753604888916,4.428640961647034,cache_bf16,large_h6_n10_s100_wikics_arxiv,6005ecd7d5ac622de1a177d20f147dd9d8a3627c61c0d028b05dbd49891ee46f,19.294464111328125,98.29561606049538,0,286.13375863432884,0,0,0,0
wikics,val,92,92,wikics:val:000092:73a973d4261a61c9,1,1107.979035,1107.9625244140625,989.407015,118.288213,73.71304742991924,25.997850112617016,7.488654926419258,669.8839515447617,260.3818893432617,407.88671875,62,0,1,0,0,0,0,0,0,0,209.43145370483398,11.223968029022217,32.27519989013672,7.451267719268799,cache_bf16,large_h6_n10_s100_wikics_arxiv,73a973d4261a61c9ab186d29b44931ed7c5bff0e00c5110bc7a221fbb62df03c,19.312576293945312,109.7399043738842,0,317.4593906700611,0,0,0,0
wikics,val,93,93,wikics:val:000093:d724956d62b3a7fc,1,1114.432636,1114.4163818359375,995.633102,118.511244,72.61944655328989,26.078560389578342,7.511992007493973,673.5708089545369,259.8706245422363,412.0803527832031,62,0,1,0,0,0,0,0,0,0,208.951171875,11.246943831443787,32.2293438911438,7.443164944648743,cache_bf16,large_h6_n10_s100_wikics_arxiv,d724956d62b3a7fcacd941394e399a7d05dc8293c6783e71baa7f6861404e482,19.320640563964844,109.74636799097061,0,321.65462535619736,0,0,0,0
wikics,val,94,94,wikics:val:000094:3184012ce3fd116b,1,1114.332007,1114.3157958984375,990.968423,123.08061,70.95741480588913,25.91070532798767,7.5038038194179535,673.053827136755,260.79315185546875,410.64453887939453,62,0,1,0,0,0,0,0,0,0,209.7938232421875,11.295552015304565,32.26822376251221,7.4355528354644775,cache_bf16,large_h6_n10_s100_wikics_arxiv,3184012ce3fd116b5a1c75421824747786bb2b0fd93fb15f6e13f67525491820,19.258207321166992,109.74022394418716,0,320.16252225637436,0,0,0,0
wikics,val,95,95,wikics:val:000095:5896bd7e52cfe097,1,1155.795523,1155.77880859375,1036.61167,118.872656,72.01151922345161,25.908847339451313,7.612039335072041,683.6134297773242,265.66125106811523,416.31116485595703,63,0,1,0,0,0,0,0,0,0,213.58597946166992,11.488416075706482,33.05023956298828,7.536615967750549,cache_bf16,large_h6_n10_s100_wikics_arxiv,5896bd7e52cfe097327cd8ed639653674c955ddf369bc55d1960b629703e361e,19.19811248779297,111.49062430858612,0,324.0186530351639,0,0,0,0
wikics,val,96,96,wikics:val:000096:e0d75fdd10f22e74,1,930.6564,930.6387329101562,822.738881,107.522731,63.43337148427963,26.178917847573757,6.7038629204034805,540.3105076402426,174.3411521911621,364.5164489746094,55,0,1,0,0,0,0,0,0,0,134.30243110656738,6.954880118370056,28.16544008255005,4.918400883674622,cache_bf16,large_h6_n10_s100_wikics_arxiv,e0d75fdd10f22e74abcf3b05065d2374d4d1eeea4d96c2ce62fec18e8e1931fd,19.361759185791016,98.21606406569481,0,285.6621440947056,0,0,0,0
wikics,val,97,97,wikics:val:000097:4ecd8b7732146f0e,1,1151.681114,1151.6644287109375,1048.661923,102.716547,68.72678641229868,26.191369630396366,7.2150202468037605,576.3957472518086,176.3772144317627,398.4466552734375,60,0,1,0,0,0,0,0,0,0,133.62217712402344,6.852960109710693,30.970751762390137,4.931325435638428,cache_bf16,large_h6_n10_s100_wikics_arxiv,4ecd8b7732146f0ead756c272e471e92c7481de63dcac7feb1ad635935de08c1,19.344831466674805,106.37827202677727,0,311.41321471333504,0,0,0,0
wikics,val,98,98,wikics:val:000098:255280efcfde1df9,1,1077.604649,1077.58740234375,970.73355,106.588277,72.51028250902891,26.240515522658825,7.235492579638958,615.5331805348396,212.79859161376953,401.15919494628906,60,0,1,0,0,0,0,0,0,0,166.90185737609863,8.798688054084778,31.060096263885498,6.037949919700623,cache_bf16,large_h6_n10_s100_wikics_arxiv,255280efcfde1df920001e1b4a297d5150dfa6e921b32d68249ba5b73836e939,19.35875129699707,106.4287040233612,0,314.0892422199249,0,0,0,0
wikics,val,99,99,wikics:val:000099:d4fd256fb5152e8f,1,1103.304968,1103.2882080078125,995.601062,107.426046,77.12238188832998,25.96505545079708,7.561847567558289,600.9540185332298,183.09580612182617,416.21712493896484,63,0,1,0,0,0,0,0,0,0,138.2319049835205,7.054815888404846,32.74236822128296,5.066717028617859,cache_bf16,large_h6_n10_s100_wikics_arxiv,d4fd256fb5152e8f5140b8ef9594c080c5b38ea41b17aceb83bda8b99e776f76,19.24847984313965,111.07775977253914,0,324.38784500956535,0,0,0,0
wikics,test,100,0,wikics:test:000000:b39e9f309eb7b7ab,1,1179.913534,1179.86328125,1071.33981,108.148586,183.14669746905565,31.292344443500042,7.519028149545193,602.5819713249803,203.06892776489258,397.799560546875,59,0,1,0,0,0,0,0,0,0,158.43622398376465,8.22383987903595,30.219776153564453,6.189087748527527,cache_bf16,large_h6_n10_s100_wikics_arxiv,b39e9f309eb7b7abbfb6ef032cc0f27946bd2af7f6ca83076ea40eb13bf61862,20.433631896972656,105.03072023391724,0,313.2024722099304,0,0,0,0
wikics,test,101,1,wikics:test:000001:114baa3a3e60d438,1,1127.9129,1127.89599609375,1025.281627,102.354091,76.52357313781977,28.29604037106037,7.493666373193264,642.5044341012836,229.78159713745117,411.09696197509766,62,0,1,0,0,0,0,0,0,0,181.48752212524414,9.621216058731079,32.12889623641968,6.543962717056274,cache_bf16,large_h6_n10_s100_wikics_arxiv,114baa3a3e60d43877ff9471825f00544b60fc4b458c41f176d3a2b17a3e68ec,19.272064208984375,109.87814402580261,0,320.4908821582794,0,0,0,0
wikics,test,102,2,wikics:test:000002:5b151751c4684bba,1,997.782994,997.765380859375,895.238846,102.261121,70.83854265511036,26.06121264398098,7.350622676312923,577.7743645012379,174.2615032196045,401.92262268066406,61,0,1,0,0,0,0,0,0,0,130.99740600585938,6.713472008705139,31.71503973007202,4.8355854749679565,cache_bf16,large_h6_n10_s100_wikics_arxiv,5b151751c4684bba603799d005ae26aae4aacdec132f6ce0e7224bc86c03f917,19.33260726928711,107.9819198846817,0,313.27331006526947,0,0,0,0
wikics,test,103,3,wikics:test:000003:122e1f58b400bded,1,1011.879142,1011.8618774414062,904.222514,107.389267,66.2818644195795,26.03311650454998,6.889890879392624,563.3994434028864,184.86764907836914,377.02073669433594,57,0,1,0,0,0,0,0,0,0,142.73785591125488,7.448480010032654,29.469568252563477,5.211744904518127,cache_bf16,large_h6_n10_s100_wikics_arxiv,122e1f58b400bdeddb1f6c0405804f1582b84056ad4f8eec0c0c0b813cd6b9d1,19.261823654174805,101.52028805017471,0,294.76227229833603,0,0,0,0
wikics,test,104,4,wikics:test:000004:c438a01544bd1b9c,1,1392.077185,1392.0614013671875,1288.685385,103.074673,341.70274157077074,27.405599132180214,7.628795690834522,643.5202490538359,230.68259048461914,411.1998291015625,62,0,1,0,0,0,0,0,0,0,182.20892906188965,9.7292799949646,32.205535888671875,6.538845539093018,cache_bf16,large_h6_n10_s100_wikics_arxiv,c438a01544bd1b9cc5f15f45a32edd97056d0be72872e2ce33fee2f6660df03c,19.369375228881836,109.71897581219673,0,320.8502285182476,0,0,0,0
wikics,test,105,5,wikics:test:000005:b256e9b37f8f8b31,1,1045.462019,1045.4442138671875,905.839652,139.33219,66.06565229594707,25.9306775406003,6.921260617673397,544.7487104684114,172.54297637939453,370.7333450317383,56,0,1,0,0,0,0,0,0,0,132.22636604309082,6.87827205657959,28.580095767974854,4.858242511749268,cache_bf16,large_h6_n10_s100_wikics_arxiv,b256e9b37f8f8b317821e74669f3f8f611b5cf3505734f75329e0e0252627528,19.19753646850586,99.79411169886589,0,290.13676980137825,0,0,0,0
wikics,test,106,6,wikics:test:000006:19b231ef2406ed8c,1,1030.343834,1030.325439453125,907.03501,123.032537,65.94047043472528,26.048693805933,6.940518505871296,563.707965426147,186.4253444671631,375.7793617248535,57,0,1,0,0,0,0,0,0,0,144.2279052734375,7.466528058052063,29.460928440093994,5.269982695579529,cache_bf16,large_h6_n10_s100_wikics_arxiv,19b231ef2406ed8c583458561709494bbc1d7dae0c38f2245ae028dc2ffe7fa7,19.234527587890625,101.5020159482956,0,293.51187336444855,0,0,0,0
wikics,test,107,7,wikics:test:000007:c8e944e20f3aef4c,1,1065.037322,1065.019775390625,946.354882,118.407922,69.23714373260736,26.06954798102379,7.177399471402168,582.9257350414991,190.47555351257324,390.89593505859375,59,0,1,0,0,0,0,0,0,0,147.20287895202637,7.631456136703491,30.28102445602417,5.360193967819214,cache_bf16,large_h6_n10_s100_wikics_arxiv,c8e944e20f3aef4cfb52bf00e40496a22f24a1730839bd0d16e6d5fc47d43319,19.291200637817383,104.70240035653114,0,305.48473533988,0,0,0,0
wikics,test,108,8,wikics:test:000008:80f4d51321480518,1,1198.825357,1198.80859375,1090.378157,108.149408,72.78367504477501,26.949419640004635,7.541741244494915,751.9996156916022,340.46470642089844,409.91253662109375,62,0,1,0,0,0,0,0,0,0,288.0771789550781,12.159040093421936,32.30300807952881,7.925479292869568,cache_bf16,large_h6_n10_s100_wikics_arxiv,80f4d513214805184fc45f848c55366ad73f2d780b9e9fa1d3760718f24fe44f,19.29167938232422,109.74281615018845,0,319.4613998532295,0,0,0,0
wikics,test,109,9,wikics:test:000009:7fd456811cef22b6,1,1151.425282,1151.4083251953125,1048.742569,102.391177,73.33533186465502,28.536717407405376,7.842320017516613,626.8212432041764,215.25711822509766,409.9366149902344,62,0,1,0,0,0,0,0,0,0,168.22134399414062,8.829983949661255,32.12499141693115,6.080798864364624,cache_bf16,large_h6_n10_s100_wikics_arxiv,7fd456811cef22b63a623796ffc6b064d8dc50e1731aaf1160cff91619785d8c,19.294784545898438,109.65132799744606,0,319.58007153868675,0,0,0,0
wikics,test,110,10,wikics:test:000010:3bcd951b5cb81ae3,1,1090.306218,1090.288330078125,982.520053,107.499528,76.52873452752829,28.583304956555367,7.773295976221561,616.555243730545,191.08348846435547,423.81593322753906,64,0,1,0,0,0,0,0,0,0,145.23276710510254,7.470911979675293,33.05843162536621,5.321377754211426,cache_bf16,large_h6_n10_s100_wikics_arxiv,3bcd951b5cb81ae38ac9208e0fdf47eb902372cd8bdef981aa9f248046da9215,19.268352508544922,112.80249580740929,0,330.2817899286747,0,0,0,0
wikics,test,111,11,wikics:test:000011:926e4c10c89dc024,1,1052.740973,1052.723388671875,929.229805,123.232023,66.45332742482424,25.96286218613386,7.031148299574852,580.7661637663841,194.87833404541016,384.36984634399414,58,0,1,0,0,0,0,0,0,0,151.78057479858398,7.8484801054000854,29.72563123703003,5.523647904396057,cache_bf16,large_h6_n10_s100_wikics_arxiv,926e4c10c89dc02467e14a1cc74f902f663f97c9be62c39a2c5a637785f62540,19.20969581604004,103.09846431016922,0,300.48107784986496,0,0,0,0
wikics,test,112,12,wikics:test:000012:948f281fa8e149ed,1,903.986907,903.96875,780.394796,123.324967,62.53734789788723,26.068544015288353,6.571777164936066,494.69454027712345,142.3244457244873,350.96557235717773,53,0,1,0,0,0,0,0,0,0,105.6606388092041,5.366912007331848,27.36070442199707,3.9361904859542847,cache_bf16,large_h6_n10_s100_wikics_arxiv,948f281fa8e149ed9febadd04e2e85b6e036139c74d1b69c8fe17fa0526eea7b,19.336416244506836,95.00665602087975,0,275.2953325808048,0,0,0,0
wikics,test,113,13,wikics:test:000013:872bb9df273ad109,1,1054.729356,1054.7115478515625,952.817691,101.612058,72.36902508884668,26.061618700623512,7.646697573363781,660.867040976882,249.08019256591797,410.16783142089844,62,0,1,0,0,0,0,0,0,0,198.92943954467773,10.734015941619873,32.37446403503418,7.042273044586182,cache_bf16,large_h6_n10_s100_wikics_arxiv,872bb9df273ad1091abe85ef20ec42adedd38c5e9536cb98d6587aade4d6f979,19.33772850036621,109.85791993141174,0,319.6476399898529,0,0,0,0
wikics,test,114,14,wikics:test:000014:557ddebe91684e6e,1,975.131745,975.1136474609375,851.219049,123.640248,63.061987049877644,25.996778160333633,6.668480113148689,558.068985119462,199.30012893676758,357.3408622741699,54,0,1,0,0,0,0,0,0,0,157.4369945526123,8.285920023918152,27.885791778564453,5.6914225816726685,cache_bf16,large_h6_n10_s100_wikics_arxiv,557ddebe91684e6e1d7adc8d5728380c715b186f05cc9e5b854bd8f140a2f512,19.27097511291504,96.67647987604141,0,279.93535751104355,0,0,0,0
wikics,test,115,15,wikics:test:000015:32677b4eee65e40a,1,806.276426,806.2571411132812,698.693896,107.324163,52.97854635864496,26.14438161253929,5.687778815627098,415.1379121467471,109.00320053100586,304.89209365844727,46,0,1,0,0,0,0,0,0,0,78.20422554016113,3.9585598707199097,23.86857581138611,2.9718393087387085,cache_bf16,large_h6_n10_s100_wikics_arxiv,32677b4eee65e40ae6a165981814df6d211d2bbf09bed9be523649a4f29c7126,19.376415252685547,83.49449571967125,0,240.77401319146156,0,0,0,0
wikics,test,116,16,wikics:test:000016:c0475eb283dbd143,1,943.520562,943.5018310546875,836.268667,106.971932,65.36672916263342,26.074768975377083,6.903915666043758,525.0691156834364,152.92774391174316,370.6660499572754,56,0,1,0,0,0,0,0,0,0,114.26326370239258,5.816479980945587,28.59014368057251,4.257856547832489,cache_bf16,large_h6_n10_s100_wikics_arxiv,c0475eb283dbd1439a7826b0099b1b55085b16bdbb6d9c323473b401ba40a131,19.304096221923828,99.97862446308136,0,289.99152171611786,0,0,0,0
wikics,test,117,17,wikics:test:000017:4a1cc5182ee6a7b2,1,941.291754,941.273193359375,833.714495,107.309602,64.03602007776499,26.098002679646015,6.804449483752251,524.5949318632483,152.96374320983887,370.1473617553711,56,0,1,0,0,0,0,0,0,0,114.31775856018066,5.811936020851135,28.573023319244385,4.261025309562683,cache_bf16,large_h6_n10_s100_wikics_arxiv,4a1cc5182ee6a7b21bcc02e720e79abc58a3736448065e57d132aabb574e1ce0,19.334272384643555,99.79660803079605,0,289.6850261092186,0,0,0,0
wikics,test,118,18,wikics:test:000018:52ed896d72d1921f,1,1056.277867,1056.2591552734375,947.97292,107.999639,70.85110619664192,26.148078963160515,7.414672523736954,630.6851245462894,225.06099319458008,404.0282897949219,61,0,1,0,0,0,0,0,0,0,177.35446166992188,9.423648118972778,31.908480167388916,6.374403238296509,cache_bf16,large_h6_n10_s100_wikics_arxiv,52ed896d72d1921f5bfad1ba37c773faef5be83e39838a0b7c5f273e111c94c2,19.340351104736328,108.1536320745945,0,315.2150088250637,0,0,0,0
wikics,test,119,19,wikics:test:000019:d818f5b8cb6d7e5d,1,1005.909465,1005.8916625976562,897.975127,107.645899,71.22781500220299,26.04079060256481,7.4064480140805244,629.7928476706147,224.2647361755371,403.93218994140625,61,0,1,0,0,0,0,0,0,0,176.59900665283203,9.402368068695068,31.891231536865234,6.372129917144775,cache_bf16,large_h6_n10_s100_wikics_arxiv,d818f5b8cb6d7e5debed18cf27d69c8839f643f32da6837d6996ba8668450d55,19.296192169189453,108.11577606201172,0,315.112606048584,0,0,0,0
wikics,test,120,20,wikics:test:000020:ab0922f67c5fbbe5,1,1177.960305,1177.9425048828125,1074.846682,102.827827,72.8488052263856,26.059587486088276,7.629444822669029,726.578907109797,308.7831687927246,416.15606689453125,63,0,1,0,0,0,0,0,0,0,253.50194549560547,13.51801609992981,33.003615856170654,8.759591341018677,cache_bf16,large_h6_n10_s100_wikics_arxiv,ab0922f67c5fbbe5719b9057d130d798ebe62c82eda3b9e6779d10b62a0ab03e,19.27129554748535,111.33731219172478,0,324.0900502502918,0,0,0,0
wikics,test,121,21,wikics:test:000021:5d453ee1cd5d59f9,1,1066.844982,1066.8275146484375,959.43136,107.134755,66.77758693695068,26.04459784924984,6.955457851290703,556.9624723866582,181.07478523254395,374.41881942749023,56,0,1,0,0,0,0,0,0,0,140.0171184539795,7.311776041984558,28.64463996887207,5.101250767707825,cache_bf16,large_h6_n10_s100_wikics_arxiv,5d453ee1cd5d59f93beec8e6bbfa80c2f22adbd82be2f4d0eac68cd4736cd8ab,19.210975646972656,99.97491225600243,0,293.65488281846046,0,0,0,0
wikics,test,122,22,wikics:test:000022:066e9ba55552f1f8,1,1279.392092,1279.372802734375,1170.882136,108.189691,83.70777685195208,26.681017130613327,8.036130107939243,795.400682836771,364.511173248291,429.21215057373047,64,0,1,0,0,0,0,0,0,0,304.3175048828125,16.4377920627594,33.35100793838501,10.404868364334106,cache_bf16,large_h6_n10_s100_wikics_arxiv,066e9ba55552f1f8a73072514a22f5d6757c92f4c0398e291fc015deb88b7b88,19.45795249938965,113.37171187996864,0,335.2983911931515,0,0,0,0
wikics,test,123,23,wikics:test:000023:f77a6bf6e6e7e71b,1,989.515309,989.4959716796875,886.390059,102.840483,71.47591840475798,26.28849446773529,7.255489006638527,557.1749722585082,160.8092803955078,394.81116485595703,59,0,1,0,0,0,0,0,0,0,120.00371170043945,6.0946879386901855,30.2607684135437,4.450112342834473,cache_bf16,large_h6_n10_s100_wikics_arxiv,f77a6bf6e6e7e71b5e5ecd0307e4293065f4fee80788b61911368457a6d1a604,19.347455978393555,104.82166409492493,0,309.33695673942566,0,0,0,0
wikics,test,124,24,wikics:test:000024:000a2a73e51d5345,1,1049.579218,1049.5489501953125,910.386409,138.873305,67.06602405756712,26.08537208288908,7.024681195616722,547.4641611799598,172.79702377319336,373.1899871826172,56,0,1,0,0,0,0,0,0,0,132.409761428833,6.87555205821991,28.644864082336426,4.866846203804016,cache_bf16,large_h6_n10_s100_wikics_arxiv,000a2a73e51d53459dc7e58576aaddb15d29ac4a73b00401f136569f75d2f6b8,19.313600540161133,99.87696009874344,0,292.6266276240349,0,0,0,0
wikics,test,125,25,wikics:test:000025:1424ce3b3bad84d4,1,1087.046938,1087.0279541015625,979.233342,107.539185,77.25854869931936,26.13450214266777,7.865608669817448,621.317301876843,199.14611434936523,420.52877044677734,63,0,1,0,0,0,0,0,0,0,152.84217643737793,7.912224173545837,32.84220790863037,5.549505829811096,cache_bf16,large_h6_n10_s100_wikics_arxiv,1424ce3b3bad84d47085b76cd2ca72fa2d01ab4c8eb0cee9f0854c07ffcbbf64,19.29167938232422,111.28694385290146,0,328.5335059762001,0,0,0,0
wikics,test,126,26,wikics:test:000026:6fabdd7e6fa1c9b0,1,1109.392721,1109.3746337890625,1001.58637,107.526178,74.91668127477169,26.194574311375618,7.501216605305672,646.4778911322355,236.8807029724121,407.9923553466797,61,0,1,0,0,0,0,0,0,0,188.2566089630127,9.958080053329468,31.936160564422607,6.729853391647339,cache_bf16,large_h6_n10_s100_wikics_arxiv,6fabdd7e6fa1c9b0791ff71909878258781591a7720f48a6507ad37df16a4ca1,19.308767318725586,108.27967983484268,0,319.0214428305626,0,0,0,0
wikics,test,127,27,wikics:test:000027:df55b940083f1bf1,1,1317.20191,1317.184814453125,1208.815602,108.070233,76.92366186529398,26.235545054078102,7.694006897509098,768.8472531735897,351.6248016357422,415.5901184082031,62,0,1,0,0,0,0,0,0,0,293.3581771850586,15.784703969955444,32.43215990066528,10.049760580062866,cache_bf16,large_h6_n10_s100_wikics_arxiv,df55b940083f1bf1f1f72918358a0a21b17b5b59208e8033f0571bcddd8aab82,19.33830451965332,110.07772812247276,0,324.8506948053837,0,0,0,0
wikics,test,128,28,wikics:test:000028:bb2e0546b88fa929,1,1044.084722,1044.05615234375,919.752307,124.000919,68.72365437448025,26.36054717004299,7.104672491550446,567.990142852068,186.8977928161621,379.58182525634766,57,0,1,0,0,0,0,0,0,0,144.58649444580078,7.489887952804565,29.539103984832764,5.282306432723999,cache_bf16,large_h6_n10_s100_wikics_arxiv,bb2e0546b88fa929e4ad473dbd223f632fce04a3717e5e2390426e3af27fddfb,19.29052734375,101.56774413585663,0,297.304608464241,0,0,0,0
wikics,test,129,29,wikics:test:000029:354b8d27549aa637,1,1100.925207,1100.907470703125,997.833988,102.784864,76.93166844546795,26.143371127545834,7.900619879364967,638.6551894247532,215.7157745361328,421.29398345947266,63,0,1,0,0,0,0,0,0,0,167.9107494354248,8.817248106002808,32.93267250061035,6.055104494094849,cache_bf16,large_h6_n10_s100_wikics_arxiv,354b8d27549aa637c29bd706bc1b1d4c8e164bb524dbb43ff574695c37d49b21,19.324512481689453,111.45216026902199,0,329.1663356721401,0,0,0,0
wikics,test,130,30,wikics:test:000030:4a41086e390dbe51,1,1010.841546,1010.8226928710938,908.064356,102.501266,73.52298591285944,26.26659255474806,7.345728576183319,599.19308219105,202.91733932495117,394.7270050048828,59,0,1,0,0,0,0,0,0,0,158.57955169677734,8.237088084220886,30.332767963409424,5.767931580543518,cache_bf16,large_h6_n10_s100_wikics_arxiv,4a41086e390dbe51ecd9f27bdf84a1f2aed65d44410ce97f0e5f6a2d66d349b1,19.40265655517578,104.88163205981255,0,309.24802950024605,0,0,0,0
wikics,test,131,31,wikics:test:000031:cafc1e78b99470a1,1,1073.985131,1073.965576171875,971.605974,102.098294,82.49893598258495,26.148827746510506,7.8691355884075165,664.430782198906,235.40764617919922,427.3605422973633,64,0,1,0,0,0,0,0,0,0,185.64995002746582,9.82368004322052,33.28761625289917,6.6463998556137085,cache_bf16,large_h6_n10_s100_wikics_arxiv,cafc1e78b99470a1de15d16216655833dd9034daaf7ae6b5386e2d52952fddae,19.339744567871094,112.9984318614006,0,333.70185500383377,0,0,0,0
wikics,test,132,32,wikics:test:000032:1f48965693a47551,1,1179.6562,1179.631103515625,1076.330053,103.004203,77.37199496477842,26.28239430487156,7.743416354060173,675.7118748500943,252.86681365966797,421.2018508911133,63,0,1,0,0,0,0,0,0,0,201.92034530639648,10.77344000339508,32.989792823791504,7.1832355260849,cache_bf16,large_h6_n10_s100_wikics_arxiv,1f48965693a47551fb266cee941d275d7733d5e14d8bc4f0a241156e1e7f8f85,19.328351974487305,111.38441613316536,0,329.1457867324352,0,0,0,0
wikics,test,133,33,wikics:test:000033:97a6a0498a0658ed,1,1223.358919,1223.3409423828125,1115.431401,107.634523,78.10893934220076,26.20899025350809,7.716560736298561,667.4544690176845,243.86224365234375,421.9506530761719,63,0,1,0,0,0,0,0,0,0,193.61830520629883,10.323552012443542,32.99388837814331,6.926498055458069,cache_bf16,large_h6_n10_s100_wikics_arxiv,97a6a0498a0658edcac653eb0bb3210363bd9b07ca8d619186dbcfcbc0a2e8f5,19.281280517578125,111.49644806981087,0,329.73548552393913,0,0,0,0
wikics,test,134,34,wikics:test:000034:93dab44c974f61f3,1,1073.007066,1072.9871826171875,964.938167,107.765284,75.41861571371555,26.22227370738983,7.619284093379974,638.0663579329848,225.87014770507812,410.5959777832031,61,0,1,0,0,0,0,0,0,0,178.05110549926758,9.469535946846008,31.97056007385254,6.3789461851119995,cache_bf16,large_h6_n10_s100_wikics_arxiv,93dab44c974f61f37b82c3a55ac543c3cafa371b99f438f53d8df60d8b08da15,19.325759887695312,108.17894372344017,0,321.74279394745827,0,0,0,0
wikics,test,135,35,wikics:test:000035:e96a44872b159e58,1,1056.331138,1056.311279296875,947.747925,108.073646,72.19470199197531,28.836505487561226,7.17525277286768,565.1223789900541,174.8278408050537,388.7441635131836,58,0,1,0,0,0,0,0,0,0,133.24208068847656,6.892255902290344,29.809631824493408,4.883872389793396,cache_bf16,large_h6_n10_s100_wikics_arxiv,e96a44872b159e585dfc70f49945bedec7a8f682f7c98f1e2e240ff3a9cfb9a6,19.298303604125977,103.20297619700432,0,304.83949092030525,0,0,0,0
wikics,test,136,36,wikics:test:000036:afbff186281a0e4e,1,1141.257284,1141.231689453125,1032.64041,108.214798,79.40568216145039,26.728233322501183,7.77177419513464,610.2420408278704,188.11712074279785,420.4628143310547,63,0,1,0,0,0,0,0,0,0,142.69769668579102,7.358464002609253,32.82345628738403,5.23750376701355,cache_bf16,large_h6_n10_s100_wikics_arxiv,afbff186281a0e4ef263695c2eae0d5605ba4b8d807b1a398463e79793b58c9e,19.456512451171875,111.30300813913345,0,328.6163186430931,0,0,0,0
wikics,test,137,37,wikics:test:000037:b3012d4981d56ea8,1,957.072526,957.0535888671875,848.297802,108.441286,69.67309303581715,26.888061314821243,7.012946531176567,500.71990955621004,128.61379051208496,370.61439514160156,55,0,1,0,0,0,0,0,0,0,92.34732818603516,4.602912068367004,28.173727989196777,3.489822268486023,cache_bf16,large_h6_n10_s100_wikics_arxiv,b3012d4981d56ea820287d335a753a79cc4b4f1ef77ed486500ba06ecd246d4b,19.527423858642578,98.26412782073021,0,291.87769117951393,0,0,0,0
wikics,test,138,38,wikics:test:000038:d8d309dacda8c856,1,1028.160213,1028.1400146484375,924.370703,103.4226,79.73552122712135,26.867413893342018,7.962360978126526,603.8635335862637,181.55011367797852,420.6445999145508,63,0,1,0,0,0,0,0,0,0,136.69068908691406,6.9887999296188354,32.84271955490112,5.027905106544495,cache_bf16,large_h6_n10_s100_wikics_arxiv,d8d309dacda8c8565011a8a5c4bd50703da0a89f4da3c8de139014c0f400b5e1,19.549440383911133,111.26707190275192,0,328.92696839571,0,0,0,0
wikics,test,139,39,wikics:test:000039:3ef432bb200e1c4d,1,1097.603138,1097.582275390625,986.732916,110.448183,70.4926997423172,26.7878957092762,7.021650671958923,573.9005468785763,181.30201721191406,391.0792007446289,56,0,1,0,0,0,0,0,0,0,140.2197093963623,7.307263970375061,28.670400142669678,5.104643702507019,cache_bf16,large_h6_n10_s100_wikics_arxiv,3ef432bb200e1c4d10899e6d592c8c2970df591ebd929560ec4d6b50c138ea97,19.425119400024414,100.17222419381142,0,310.3320959508419,0,0,0,0
wikics,test,140,40,wikics:test:000040:9c16d6144ad4a191,1,1256.714042,1256.6947021484375,1152.380002,103.985601,106.286296620965,27.30114758014679,9.925661608576775,674.6983537450433,187.85980987548828,485.1693420410156,63,0,1,0,0,0,0,0,0,0,142.55084800720215,7.330496072769165,32.75487995147705,5.223585844039917,cache_bf16,large_h6_n10_s100_wikics_arxiv,9c16d6144ad4a1917bc11fa59558e81b6ffc26842b37c5b649636e1bd6996d1c,19.4597110748291,111.76940768957138,0,392.85964542627335,0,0,0,0
wikics,test,141,41,wikics:test:000041:7fea338f8fa28367,1,1099.853904,1099.83447265625,990.980124,108.526172,113.07938117533922,27.988450601696968,10.001162067055702,634.1381724923849,181.24057388305664,451.23819732666016,63,0,1,0,0,0,0,0,0,0,136.49852752685547,6.948192000389099,32.77776002883911,5.016094326972961,cache_bf16,large_h6_n10_s100_wikics_arxiv,7fea338f8fa28367962db97fb384e2e94a82f63cc2c2a58460bd13fa9d7532c6,19.305343627929688,112.14896014332771,0,358.39458081126213,0,0,0,0
wikics,test,142,42,wikics:test:000042:7e04af92ff942365,1,1177.415321,1177.39501953125,1073.555275,103.507436,91.63441229611635,26.796581223607063,9.7478237003088,660.683361813426,216.77901077270508,442.2620544433594,62,0,1,0,0,0,0,0,0,0,169.40556716918945,8.992735981941223,32.283520221710205,6.097187399864197,cache_bf16,large_h6_n10_s100_wikics_arxiv,7e04af92ff94236596a24d9e983dcc77cce54b5d00fe25a7752dadbdf0253c86,19.33919906616211,110.33507180213928,0,351.2661817073822,0,0,0,0
wikics,test,143,43,wikics:test:000043:7338a3bd818fbc61,1,1329.183531,1329.1639404296875,1205.319545,123.537108,93.10554061084986,27.715889737010002,9.954315610229969,791.1674818024039,330.7510108947754,458.7375946044922,64,0,1,0,0,0,0,0,0,0,273.1345329284668,14.807456016540527,33.37763214111328,9.431389808654785,cache_bf16,large_h6_n10_s100_wikics_arxiv,7338a3bd818fbc612b572517865a443cded9cc98f098cd47444fc0c70f038fa1,19.36969566345215,113.9192642569542,0,364.18802601099014,0,0,0,0
wikics,test,144,44,wikics:test:000044:e7e458e07c01abc7,1,1100.470268,1100.450439453125,975.903356,124.238058,87.4900333583355,26.916141621768475,9.38179437071085,604.2440813034773,172.01936149597168,430.64341735839844,60,0,1,0,0,0,0,0,0,0,129.62422370910645,6.637151837348938,30.9736967086792,4.784289240837097,cache_bf16,large_h6_n10_s100_wikics_arxiv,e7e458e07c01abc73eac5d1f5b73ee274f45fe663453876d0498e3b21270f1db,19.385759353637695,106.87737607955933,0,343.1518006324768,0,0,0,0
wikics,test,145,45,wikics:test:000045:664f4ac17fac6612,1,1368.553761,1368.5340576171875,1264.590694,103.598991,91.83341264724731,27.082650922238827,9.690412320196629,796.0855653509498,350.0241279602051,444.4182357788086,62,0,1,0,0,0,0,0,0,0,291.85827255249023,15.781856298446655,32.36047983169556,10.023519277572632,cache_bf16,large_h6_n10_s100_wikics_arxiv,664f4ac17fac66126dbf78db22d95ea89d4ccfe89013f9873465f1677a51a75f,19.380895614624023,110.41113615036011,0,353.3879952430725,0,0,0,0
wikics,test,146,46,wikics:test:000046:8880ab728d4d5032,1,1136.429249,1136.4088134765625,1027.467416,108.586654,90.14930203557014,26.69682726264,9.743700735270977,663.3080039173365,216.46256256103516,445.2179183959961,62,0,1,0,0,0,0,0,0,0,169.33263778686523,8.873567938804626,32.10854387283325,6.1478129625320435,cache_bf16,large_h6_n10_s100_wikics_arxiv,8880ab728d4d503279b823be1914ee9902a040262614bf49e1872574b155fe91,19.319679260253906,110.13683193922043,0,354.40076571702957,0,0,0,0
wikics,test,147,47,wikics:test:000047:2642137ffa998c84,1,1141.115092,1141.0948486328125,1032.390118,108.363971,92.53575652837753,26.61209926009178,9.948654100298882,652.6610003784299,199.60262298583984,451.39939880371094,63,0,1,0,0,0,0,0,0,0,153.2133445739746,7.966912031173706,32.851839542388916,5.570526838302612,cache_bf16,large_h6_n10_s100_wikics_arxiv,2642137ffa998c84dd63777375d8e0ade25fbd787901bdf3058101753a069020,19.286144256591797,111.88963204622269,0,358.79591101408005,0,0,0,0
wikics,test,148,48,wikics:test:000048:51b9971d8910d5e2,1,1074.230002,1074.209228515625,955.157624,118.718743,91.49448294192553,26.688696816563606,9.73889697343111,606.6319085657597,154.3052806854248,450.6713638305664,63,0,1,0,0,0,0,0,0,0,111.79318237304688,5.604863941669464,32.72335958480835,4.183874785900116,cache_bf16,large_h6_n10_s100_wikics_arxiv,51b9971d8910d5e2e50bb2ce18041a1def0f52cc064e9c53428b6208b2325cec,19.32111930847168,111.8100161254406,0,358.1824670135975,0,0,0,0
wikics,test,149,49,wikics:test:000049:728df285513a7803,1,1180.284065,1180.262451171875,1076.973961,102.962491,87.73717936128378,26.705559343099594,9.55099891871214,687.3588813468814,241.00393295288086,444.72261810302734,62,0,1,0,0,0,0,0,0,0,191.6188449859619,10.236544013023376,32.29737615585327,6.851167798042297,cache_bf16,large_h6_n10_s100_wikics_arxiv,728df285513a7803b751f28b0959d82e759e2f545428d48a38d0f006a55bcc9a,19.33510398864746,110.54918426275253,0,353.5085378289223,0,0,0,0
wikics,test,150,50,wikics:test:000050:fe96b5b2a7c4af01,1,1217.574246,1217.5537109375,1091.907465,125.268869,90.89820552617311,28.752573765814304,9.635563008487225,696.8167321756482,241.28418731689453,453.89013671875,62,0,1,0,0,0,0,0,0,0,192.00390434265137,10.185504078865051,32.25171184539795,6.843067049980164,cache_bf16,large_h6_n10_s100_wikics_arxiv,fe96b5b2a7c4af01943f25f9415335607ba1b330ad640aa2818bffc6db32e498,19.448095321655273,112.07097631692886,0,361.2672557234764,0,0,0,0
wikics,test,151,51,wikics:test:000051:6246382ad476e3b5,1,1168.73695,1168.7177734375,1044.333682,124.050748,88.09382934123278,27.042279951274395,8.139245212078094,669.3659462034702,218.42902755737305,449.2717056274414,63,0,1,0,0,0,0,0,0,0,170.37369346618652,8.929759979248047,32.981632232666016,6.143941879272461,cache_bf16,large_h6_n10_s100_wikics_arxiv,6246382ad476e3b5f68b37aba9aa3566c47b169674446b7a4c924b1c74988d7f,19.55939292907715,111.75894397497177,0,357.0721545815468,0,0,0,0
wikics,test,152,52,wikics:test:000052:421b142bb389d9d1,1,1112.282386,1112.262939453125,1004.18887,107.793638,107.67578892409801,27.13517751544714,6.8455226719379425,569.5915566757321,195.50748825073242,372.64995193481445,54,0,1,0,0,0,0,0,0,0,154.0357437133789,8.035967946052551,27.841536045074463,5.5942405462265015,cache_bf16,large_h6_n10_s100_wikics_arxiv,421b142bb389d9d16aececb4211419686451d1184d50d2e5f8ea97ee81a79730,19.408832550048828,96.88351991772652,0,295.17526456713676,0,0,0,0
wikics,test,153,53,wikics:test:000053:31b24b95a70aea62,1,1046.096739,1046.075927734375,942.888649,102.895006,83.7094271555543,27.07482874393463,7.8298840671777725,622.8001480922103,193.77711868286133,427.3971252441406,62,0,1,0,0,0,0,0,0,0,148.47254371643066,7.727711915969849,32.15014410018921,5.4267189502716064,cache_bf16,large_h6_n10_s100_wikics_arxiv,31b24b95a70aea62d73f3c5f5b796febb8ca98cc307497a826603ccfab0b45bb,19.345823287963867,109.94860777258873,0,336.79434075951576,0,0,0,0
wikics,test,154,54,wikics:test:000054:1492c0fd54704e8b,1,1225.876764,1225.8560791015625,1117.381883,108.073123,79.14720941334963,26.6709728166461,7.5520360842347145,636.8131777271628,219.00745391845703,416.2247314453125,60,0,1,0,0,0,0,0,0,0,172.5161590576172,9.131199955940247,31.15702486038208,6.203070044517517,cache_bf16,large_h6_n10_s100_wikics_arxiv,1492c0fd54704e8b3a028427a3f0afafbed89dfcff3af66979a2a0d84cdb94e6,19.391359329223633,106.6163843870163,0,328.99970638751984,0,0,0,0
wikics,test,155,55,wikics:test:000055:4c3a9cced3fdbabd,1,1045.972139,1045.951171875,942.599213,103.047168,76.77837461233139,26.786791160702705,8.015559054911137,625.527705065906,183.53529739379883,440.3437728881836,63,0,1,0,0,0,0,0,0,0,138.5561580657959,7.097056150436401,32.7705602645874,5.111522912979126,cache_bf16,large_h6_n10_s100_wikics_arxiv,4c3a9cced3fdbabd0d34163f06734c93b30f546193a2e36fcf5442c43864448d,19.359455108642578,111.54972845315933,0,348.15349954366684,0,0,0,0
wikics,test,156,56,wikics:test:000056:a5bcd1251e1f47d6,1,1176.360374,1176.340087890625,1068.253797,107.79437,121.46823760122061,26.966294273734093,9.440832771360874,661.8476212024689,224.21430587768555,435.98522186279297,63,0,1,0,0,0,0,0,0,0,175.55590438842773,9.318080186843872,33.058624267578125,6.281697034835815,cache_bf16,large_h6_n10_s100_wikics_arxiv,a5bcd1251e1f47d65b8e0c3b3de076d9f301f0643172bda73691e60b9cdddd5c,19.266399383544922,111.67308846116066,0,343.57853278517723,0,0,0,0
wikics,test,157,57,wikics:test:000057:c76d1190b26d012d,1,1170.804511,1170.7841796875,1062.194377,108.252919,80.25733102113008,26.957386173307896,8.165928535163403,709.4241827726364,267.5084457397461,440.2290802001953,64,0,1,0,0,0,0,0,0,0,214.74518585205078,11.708192110061646,33.46028804779053,7.59477972984314,cache_bf16,large_h6_n10_s100_wikics_arxiv,c76d1190b26d012d091c00559c3a0425c20ebef1e538e567c96c216e9d813ae8,19.53379249572754,113.37328013777733,0,346.3895925581455,0,0,0,0
wikics,test,158,58,wikics:test:000058:a45285bcd1949205,1,1051.249381,1051.229248046875,947.93284,102.991627,71.95146847516298,26.682451367378235,7.364800199866295,577.1840317174792,177.54905700683594,398.09759521484375,58,0,1,0,0,0,0,0,0,0,134.64038467407227,6.9254080057144165,29.75932788848877,6.223936438560486,cache_bf16,large_h6_n10_s100_wikics_arxiv,a45285bcd19492055ac80246f60bb0fb2ed4e504e079a5cd3200cdbdb7b891b5,19.443519592285156,103.44959992170334,0,314.09151488542557,0,0,0,0
wikics,test,159,59,wikics:test:000059:1b94d315dc4e5555,1,1045.839204,1045.8182373046875,937.053879,108.189558,75.20526181906462,26.32332593202591,7.691236212849617,589.9149533361197,164.95100784301758,423.35730743408203,61,0,1,0,0,0,0,0,0,0,122.51539039611816,6.196256041526794,31.711008071899414,4.528353333473206,cache_bf16,large_h6_n10_s100_wikics_arxiv,1b94d315dc4e55559bb69eeacb678f2d308eb5396713d6fa6fa7259031e7a970,19.335359573364258,108.12457618117332,0,334.56809082627296,0,0,0,0
wikics,test,160,60,wikics:test:000060:38930b7d326ce516,1,1215.673212,1215.6529541015625,1107.231216,108.110908,86.40405256301165,26.45870763808489,8.802038617432117,637.2943017631769,203.5502700805664,432.1146011352539,62,0,1,0,0,0,0,0,0,0,157.34416007995605,8.353343963623047,32.14508771896362,5.707678318023682,cache_bf16,large_h6_n10_s100_wikics_arxiv,38930b7d326ce5164a9e65e9f30bcdbf435b09460c7f0beaf0babbcac90226b4,19.319520950317383,109.8575042784214,0,341.5766178071499,0,0,0,0
wikics,test,161,61,wikics:test:000061:92c5bd90d0baeb93,1,1084.703687,1084.682861328125,964.012812,120.300195,103.58529537916183,26.83711238205433,7.307432591915131,559.584547765553,158.70457649230957,399.34342193603516,58,0,1,0,0,0,0,0,0,0,118.50041389465332,6.0567039251327515,29.744064331054688,4.403394341468811,cache_bf16,large_h6_n10_s100_wikics_arxiv,92c5bd90d0baeb9304f2a19cafff8d354c181be05d34b15cf570e210c30adb5c,19.295007705688477,103.38956815004349,0,315.24886149168015,0,0,0,0
wikics,test,162,62,wikics:test:000062:863d427861ff80dc,1,1127.187365,1127.1658935546875,1007.741951,119.088637,82.99342263489962,27.193915098905563,8.120548911392689,633.1355357542634,194.2919692993164,437.169921875,64,0,1,0,0,0,0,0,0,0,148.13033294677734,7.642143964767456,33.09651231765747,5.422980070114136,cache_bf16,large_h6_n10_s100_wikics_arxiv,863d427861ff80dc849d2dfdc72906f1f2449ab7e6ed0e64e58e7235c0805796,19.36409568786621,114.47264018654823,0,342.061377376318,0,0,0,0
wikics,test,163,63,wikics:test:000063:0a5a1c3308a40395,1,1385.009337,1384.989990234375,1276.463351,108.192445,78.20512540638447,26.25374309718609,7.851198315620422,896.3430747389793,468.4403533935547,426.2764892578125,62,0,1,0,0,0,0,0,0,0,401.3440246582031,21.619743824005127,32.32976055145264,13.146824359893799,cache_bf16,large_h6_n10_s100_wikics_arxiv,0a5a1c3308a40395b8520808200d136321b9db8233aa40c04be89539c97844d5,19.249311447143555,110.0831361413002,0,335.44266456365585,0,0,0,0
wikics,test,164,64,wikics:test:000064:84d2bb6fbbf2efc7,1,1293.628988,1293.60888671875,1174.069864,119.002436,78.22888623923063,27.065109461545944,8.09470098465681,777.9745701700449,331.7772789001465,444.52650451660156,64,0,1,0,0,0,0,0,0,0,274.09423446655273,14.827647924423218,33.39852809906006,9.456868410110474,cache_bf16,large_h6_n10_s100_wikics_arxiv,84d2bb6fbbf2efc74543bfef829a471311b878c855f94ba54357da859b1dead5,19.322399139404297,115.33395200967789,0,348.514951646328,0,0,0,0
wikics,test,165,65,wikics:test:000065:14afb2e221d1c808,1,1096.520892,1096.5008544921875,993.413117,102.777448,77.37386506050825,26.458186097443104,7.189692929387093,567.5367210060358,181.06060791015625,384.9893112182617,56,0,1,0,0,0,0,0,0,0,139.97772789001465,7.307040095329285,28.674943923950195,5.100896000862122,cache_bf16,large_h6_n10_s100_wikics_arxiv,14afb2e221d1c808d81f675640e726fc6c53da6b5558b9ab547f3f4e99214fb4,19.313312530517578,99.99452832341194,0,304.30809542536736,0,0,0,0
wikics,test,166,66,wikics:test:000066:cbfb38b24c9cd09f,1,1062.919492,1062.8994140625,954.919478,107.683372,107.94137418270111,26.572582311928272,8.290720172226429,624.7178083285689,205.5814971923828,417.56080627441406,60,0,1,0,0,0,0,0,0,0,160.25279998779297,8.373503923416138,31.167776107788086,5.78741717338562,cache_bf16,large_h6_n10_s100_wikics_arxiv,cbfb38b24c9cd09feb274e275c5fa9b2ac59e47d5e2b01a2e0142792e6f92a00,19.352479934692383,108.14531227946281,0,328.76797392964363,0,0,0,0
wikics,test,167,67,wikics:test:000067:3368959dda51b804,1,1042.422148,1042.4012451171875,934.351653,107.766412,79.94189858436584,26.94698702543974,7.810412906110287,619.5204425603151,193.37382125854492,424.5194854736328,62,0,1,0,0,0,0,0,0,0,148.1828498840332,7.660575985908508,32.100768089294434,5.429627299308777,cache_bf16,large_h6_n10_s100_wikics_arxiv,3368959dda51b804b9feaf3927fc8b63a4fe3efbd71e66e91bdae5790a4896e9,19.344575881958008,109.86835199594498,0,333.99570935964584,0,0,0,0
wikics,test,168,68,wikics:test:000068:c1f159a73fe7d15a,1,1036.122499,1036.1024169921875,915.76222,120.050239,75.7935019209981,26.998708955943584,7.940695621073246,586.9917469099164,154.4766082763672,430.8733673095703,63,0,1,0,0,0,0,0,0,0,111.91423797607422,5.604864001274109,32.77510356903076,4.182402729988098,cache_bf16,large_h6_n10_s100_wikics_arxiv,c1f159a73fe7d15a2942f5fa44ebf6d2f9aa043b0006bc1c657334d82d242907,19.292959213256836,111.41977608203888,0,338.74655044078827,0,0,0,0
wikics,test,169,69,wikics:test:000069:c5c6eb8bc69150d0,1,1004.050976,1004.0303344726562,901.169034,102.526265,74.47195053100586,26.225837878882885,7.838764227926731,595.8715444430709,176.97446250915527,417.2899169921875,61,0,1,0,0,0,0,0,0,0,133.44774436950684,6.851808071136475,31.75273561477661,4.922174453735352,cache_bf16,large_h6_n10_s100_wikics_arxiv,c5c6eb8bc69150d0f6f058cf2a8f0b19714a3b9e64ec85c634f36a2f6d435940,19.270719528198242,108.17251193523407,0,328.3881245851517,0,0,0,0
wikics,test,170,70,wikics:test:000070:15a487f6022e80ae,1,1055.158694,1055.13720703125,946.700921,108.14635,76.35632157325745,26.211054995656013,7.776287384331226,586.329186335206,172.3417263031006,412.4025344848633,60,0,1,0,0,0,0,0,0,0,129.86803436279297,6.652575969696045,31.02940797805786,4.791707992553711,cache_bf16,large_h6_n10_s100_wikics_arxiv,15a487f6022e80aeea9398891795f58d139b42b0803269478d8b34dea8a73425,19.310976028442383,106.51555225253105,0,325.1979582607746,0,0,0,0
wikics,test,171,71,wikics:test:000071:80de2ffba43febdb,1,1376.946182,1376.9259033203125,1272.916568,103.38009,76.84481516480446,26.490554213523865,7.8861042857170105,894.6506008505821,466.82275390625,426.1831970214844,62,0,1,0,0,0,0,0,0,0,400.07997131347656,21.266112327575684,32.340415954589844,13.13625431060791,cache_bf16,large_h6_n10_s100_wikics_arxiv,80de2ffba43febdbe62c72ec696d6b17833aa5deda2322b1e87c46fc212d2618,19.329151153564453,110.05401587486267,0,335.45833230018616,0,0,0,0
wikics,test,172,72,wikics:test:000072:0a2ccdf11d68011b,1,1111.381246,1111.361083984375,1007.907716,103.117025,83.9463509619236,26.783389039337635,8.0034751445055,634.5896907150745,199.70713806152344,433.2266845703125,63,0,1,0,0,0,0,0,0,0,153.19981002807617,7.991744160652161,32.94073534011841,5.574848532676697,cache_bf16,large_h6_n10_s100_wikics_arxiv,0a2ccdf11d68011bbe9b80610fa460e6d9cd02f79ccb2fe70c6d7122404939fe,19.46486473083496,111.50118404626846,0,341.190365254879,0,0,0,0
wikics,test,173,73,wikics:test:000073:af4e3768afe7929b,1,1200.020711,1200.00048828125,1091.177729,108.479093,108.0140694975853,26.862459257245064,9.725438430905342,712.154702283442,265.43881607055664,445.04895782470703,64,0,1,0,0,0,0,0,0,0,213.0530242919922,11.469760060310364,33.35472011566162,7.561311602592468,cache_bf16,large_h6_n10_s100_wikics_arxiv,af4e3768afe7929b1e8e837cec1be78bf565feb6d8bdc034a26e3ac263f1fcb5,19.247520446777344,113.20883187651634,0,351.08764639496803,0,0,0,0
wikics,test,174,74,wikics:test:000074:26717eeb6c2c73ce,1,1293.704404,1293.684326171875,1169.25323,124.114818,80.57726919651031,26.800429448485374,8.131178095936775,768.8262751325965,331.0679359436035,436.0845184326172,64,0,1,0,0,0,0,0,0,0,273.3669776916504,14.860447883605957,33.40508794784546,9.435422420501709,cache_bf16,large_h6_n10_s100_wikics_arxiv,26717eeb6c2c73ce0d419b3d77803154393a8d6999b43700154e75f75b854f0c,19.2890567779541,113.38259208202362,0,341.99098312854767,0,0,0,0
wikics,test,175,75,wikics:test:000075:c9441b3207b4d7bb,1,1076.524778,1076.504150390625,972.91912,103.242199,73.82764015346766,26.233560405671597,7.590142078697681,623.3253907412291,211.1410903930664,410.6010208129883,60,0,1,0,0,0,0,0,0,0,165.38217544555664,8.659744024276733,31.122015953063965,5.977154970169067,cache_bf16,large_h6_n10_s100_wikics_arxiv,c9441b3207b4d7bb23a3a8eb71a0e5d4956ccf9de45afef45b0119f4aa0c5ec8,19.276416778564453,106.62758433818817,0,323.24985325336456,0,0,0,0
wikics,test,176,76,wikics:test:000076:823cb40fd26b0064,1,1146.907909,1146.8878173828125,1043.72168,102.865192,75.4266632720828,26.221780106425285,7.83893745392561,654.2446855455637,230.42831802368164,422.1947555541992,62,0,1,0,0,0,0,0,0,0,181.97791862487793,9.667807936668396,32.232351779937744,6.550239682197571,cache_bf16,large_h6_n10_s100_wikics_arxiv,823cb40fd26b0064a8aea01490743a82038eff8ef6b79e7478a5c1a8ab7509a2,19.24006462097168,109.90217599272728,0,331.5326441824436,0,0,0,0
wikics,test,177,77,wikics:test:000077:a6e66f96093de6ce,1,1029.246128,1029.2249755859375,926.237369,102.717071,71.42231147736311,26.215890422463417,7.45935644954443,568.0864257737994,165.0535373687744,401.47483825683594,59,0,1,0,0,0,0,0,0,0,123.8191032409668,6.31388795375824,30.337631702423096,4.582914471626282,cache_bf16,large_h6_n10_s100_wikics_arxiv,a6e66f96093de6ce1bd052d598cfac37c91f2fadb62e6500edf9e062a1601f5a,19.266464233398438,104.87254410982132,0,315.86875838041306,0,0,0,0
wikics,test,178,78,wikics:test:000078:906d5a2fc7b88169,1,1145.723282,1145.70263671875,1040.340329,104.97395,75.15010889619589,26.275676675140858,7.976922206580639,617.6574174314737,187.90652656555176,428.1148681640625,63,0,1,0,0,0,0,0,0,0,142.53126335144043,7.3319679498672485,32.81302452087402,5.230270743370056,cache_bf16,large_h6_n10_s100_wikics_arxiv,906d5a2fc7b881693e5654ad9a5ce6752da4ff09d9249413c6dfc7bd03c376dd,19.274240493774414,112.78182426095009,0,334.6072843968868,0,0,0,0
wikics,test,179,79,wikics:test:000079:73f671ca14fb033a,1,1097.983444,1097.961669921875,989.687042,107.87666,75.62742754817009,26.826154440641403,7.885665632784367,719.4682583212852,292.915584564209,424.92559814453125,62,0,1,0,0,0,0,0,0,0,239.61603546142578,12.678816080093384,32.231135845184326,8.389597177505493,cache_bf16,large_h6_n10_s100_wikics_arxiv,73f671ca14fb033a30965114cc70e57d3d1dfb1a6b55042e803792c154bd1fb9,19.55392074584961,109.94982397556305,0,334.5296949148178,0,0,0,0
wikics,test,180,80,wikics:test:000080:0f184f1db0a996b5,1,961.897754,961.876708984375,859.648647,101.957643,71.59865647554398,26.448706164956093,6.978028453886509,506.29441533237696,128.70934295654297,376.1163520812988,55,0,1,0,0,0,0,0,0,0,92.40553569793701,4.606144070625305,28.196256160736084,3.501407027244568,cache_bf16,large_h6_n10_s100_wikics_arxiv,0f184f1db0a996b5c155f228291f962fece60e25c894ab8ac113bb00d919bc8f,19.326431274414062,98.31062400341034,0,297.13215935230255,0,0,0,0
wikics,test,181,81,wikics:test:000081:3ad691f9135ebeda,1,1155.787908,1155.7667236328125,1052.456316,102.974391,79.30768188089132,28.852706775069237,15.237260609865189,670.7021920010448,214.56678009033203,454.4790725708008,63,0,1,0,0,0,0,0,0,0,166.77251052856445,8.786368131637573,32.98147201538086,6.0264294147491455,cache_bf16,large_h6_n10_s100_wikics_arxiv,3ad691f9135ebeda351c27e4a5ed088b476ae0fa8fb08a1342134b594d9a827a,19.3624324798584,113.9986879825592,0,359.8428170681,0,0,0,0
wikics,test,182,82,wikics:test:000082:35f6d185e3b60583,1,1053.661159,1053.6392822265625,929.436127,123.924882,75.62598772346973,26.524637825787067,7.329047657549381,593.6946952715516,197.63648223876953,394.5174026489258,58,0,1,0,0,0,0,0,0,0,154.14905548095703,8.006495952606201,29.888224124908447,5.592706680297852,cache_bf16,large_h6_n10_s100_wikics_arxiv,35f6d185e3b605830d55bd84ce5ae6b1b83d3a2650aed066131a57f509390d3d,19.31760025024414,103.38380789756775,0,310.4511950016022,0,0,0,0
wikics,test,183,83,wikics:test:000083:77934391d49ed365,1,1104.064599,1104.043212890625,995.742171,108.019565,79.3927488848567,26.851405389606953,9.537646546959877,647.619353607297,208.82044982910156,437.13783264160156,64,0,1,0,0,0,0,0,0,0,161.32096099853516,8.430943965911865,33.21001577377319,5.858529090881348,cache_bf16,large_h6_n10_s100_wikics_arxiv,77934391d49ed3653879241637d8d8b001cacd53af052f115b2bb037763f5039,19.282207489013672,113.1054080426693,0,343.31463208794594,0,0,0,0
wikics,test,184,84,wikics:test:000084:c558903a01f41d75,1,1110.158984,1110.1376953125,1001.732082,108.054234,72.86310661584139,26.374079287052155,7.6832883059978485,631.7769261077046,215.27059173583984,414.8961639404297,61,0,1,0,0,0,0,0,0,0,168.3533763885498,8.884640097618103,31.978528022766113,6.054047226905823,cache_bf16,large_h6_n10_s100_wikics_arxiv,c558903a01f41d753914e796ba14e2931a6d80a582dc0814370dd761c259f2a7,19.372480392456055,108.33929616212845,0,325.9293481707573,0,0,0,0
wikics,test,185,85,wikics:test:000085:3ef7c5747bd481fb,1,1164.02722,1164.004150390625,1060.720188,102.984154,74.56204481422901,26.21608506888151,7.978357374668121,677.2193228825927,252.78678131103516,422.80352783203125,62,0,1,0,0,0,0,0,0,0,202.3182716369629,10.886560082435608,32.365439891815186,7.216509699821472,cache_bf16,large_h6_n10_s100_wikics_arxiv,3ef7c5747bd481fb781ef0c2cb0f24c3f560198245c327c89d36040b4c1ee9cc,19.266815185546875,110.03104016184807,0,332.03930285573006,0,0,0,0
wikics,test,186,86,wikics:test:000086:02f33170fe9a1014,1,1096.707032,1096.68603515625,994.1383,102.277625,74.81196150183678,26.20929479598999,8.116137236356735,631.6814124584198,199.08809280395508,430.9485778808594,63,0,1,0,0,0,0,0,0,0,152.7031364440918,7.928895950317383,32.89689588546753,5.559164524078369,cache_bf16,large_h6_n10_s100_wikics_arxiv,02f33170fe9a1014eaa7ab4fd2e7737c2cdef43b62f534ca66d6f930bea0f3d5,19.299360275268555,111.52767962217331,0,338.7202585339546,0,0,0,0
wikics,test,187,87,wikics:test:000087:5e99a11f6629116f,1,1047.972735,1047.9520263671875,940.902743,106.784315,66.81179162114859,26.368306018412113,7.068096660077572,606.4979089424014,222.8751983642578,382.1438446044922,56,0,1,0,0,0,0,0,0,0,178.46963119506836,9.395935893058777,28.63593578338623,6.373695492744446,cache_bf16,large_h6_n10_s100_wikics_arxiv,5e99a11f6629116fd08a82ba8d35c24398048b98ac3869fdfbaaaced09dd547e,19.35036849975586,99.97401589155197,0,301.5201972126961,0,0,0,0
wikics,test,188,88,wikics:test:000088:661719a5706d2798,1,1005.938786,1005.9165649414062,901.879593,103.601979,72.00225722044706,26.318508200347424,7.701697759330273,598.5018676146865,178.23856163024902,418.65411376953125,61,0,1,0,0,0,0,0,0,0,134.3955841064453,6.95523202419281,31.9552001953125,4.932545304298401,cache_bf16,large_h6_n10_s100_wikics_arxiv,661719a5706d2798e1832429597e7d4d8bc6495443836e96584a4620e3966597,19.33942413330078,108.34915208816528,0,329.64438581466675,0,0,0,0
wikics,test,189,89,wikics:test:000089:0811b581634c9202,1,1167.721812,1167.699951171875,1058.551044,108.785433,78.09695787727833,26.69337671250105,8.109085261821747,707.9312661662698,268.0330238342285,438.21644592285156,64,0,1,0,0,0,0,0,0,0,215.33010864257812,11.674720048904419,33.455872535705566,7.572322607040405,cache_bf16,large_h6_n10_s100_wikics_arxiv,0811b581634c9202754ef09bc06883c1deaacc1ec2345102e3cee23457a2eb14,19.465984344482422,113.26323211193085,0,344.41919815540314,0,0,0,0
wikics,test,190,90,wikics:test:000090:7a6f588c7960f99a,1,1107.071477,1107.0509033203125,982.39085,124.316548,81.24356530606747,26.73983946442604,7.875743322074413,636.2459035590291,211.1721649169922,423.4314956665039,62,0,1,0,0,0,0,0,0,0,164.3356475830078,8.647455930709839,32.2456955909729,5.943365812301636,cache_bf16,large_h6_n10_s100_wikics_arxiv,7a6f588c7960f99a36a1c6325dd09381821ed32292ec8ef9de564ccdc789c916,19.50704002380371,109.9455680847168,0,332.9929676055908,0,0,0,0
wikics,test,191,91,wikics:test:000091:048f77cea8bd8173,1,1043.870695,1043.8497314453125,935.247702,108.25892,76.97836682200432,26.59832499921322,7.7701229602098465,632.8338701277971,205.62288284301758,425.6255416870117,60,0,1,0,0,0,0,0,0,0,160.3440647125244,8.350688099861145,31.137279510498047,5.790850520133972,cache_bf16,large_h6_n10_s100_wikics_arxiv,048f77cea8bd8173479140b32200897a6931e78a836def05ad85382e9253fcce,19.388063430786133,106.51900786161423,0,338.4945972561836,0,0,0,0
wikics,test,192,92,wikics:test:000092:7d809617c6bd3e1e,1,1043.496182,1043.4759521484375,939.658664,103.476368,96.34621348232031,27.030110359191895,8.1484979018569,614.9379042908549,181.56246185302734,431.7076416015625,63,0,1,0,0,0,0,0,0,0,136.69644927978516,6.980319857597351,32.8502402305603,5.035452485084534,cache_bf16,large_h6_n10_s100_wikics_arxiv,7d809617c6bd3e1e57cc92bf7f69f76cb3ba72c0919f19f3316d1484b3e9841e,19.34614372253418,111.50851169228554,0,339.54527363181114,0,0,0,0
wikics,test,193,93,wikics:test:000093:322b3afcaa35f3c7,1,1082.049682,1082.0291748046875,973.60422,108.105095,76.92060247063637,26.432396844029427,7.988589815795422,640.4866492375731,216.85475158691406,421.9984588623047,62,0,1,0,0,0,0,0,0,0,169.55609703063965,8.947136044502258,32.21743965148926,6.134078860282898,cache_bf16,large_h6_n10_s100_wikics_arxiv,322b3afcaa35f3c71d509b1eaa067b1c9deb2f1fd9e38948dae3d548b5de4f83,19.349119186401367,109.89974391460419,0,331.44783413410187,0,0,0,0
wikics,test,194,94,wikics:test:000094:a005efdcd7c8715a,1,1025.637875,1025.615966796875,917.202867,108.069814,72.31969945132732,26.34224947541952,7.64505285769701,567.4006342887878,165.19145584106445,400.64998626708984,59,0,1,0,0,0,0,0,0,0,123.93465614318848,6.322751998901367,30.34656000137329,4.587487697601318,cache_bf16,large_h6_n10_s100_wikics_arxiv,a005efdcd7c8715aa8fad232b75159e3190c49386d6e22f9d83ff1ba334960c2,19.319072723388672,104.9141443669796,0,315.0549146234989,0,0,0,0
wikics,test,195,95,wikics:test:000095:d668389de14e05fb,1,996.363456,996.3421020507812,876.628661,119.365907,68.87137051671743,26.48076694458723,7.237682119011879,571.2503157556057,179.73164749145508,389.9936294555664,57,0,1,0,0,0,0,0,0,0,138.0719051361084,7.105311870574951,29.50710391998291,5.047326564788818,cache_bf16,large_h6_n10_s100_wikics_arxiv,d668389de14e05fb64f040eb1d30df390da23556d25ad8a665fb85d39595048c,19.395231246948242,101.73481595516205,0,307.6540447473526,0,0,0,0
wikics,test,196,96,wikics:test:000096:da21905a8cb96e44,1,1069.73117,1069.7100830078125,944.889829,124.482148,71.96255307644606,26.55069064348936,7.508409209549427,593.6295995488763,195.81933212280273,396.2544631958008,58,0,1,0,0,0,0,0,0,0,152.36377334594727,7.962112069129944,29.95043182373047,5.543014883995056,cache_bf16,large_h6_n10_s100_wikics_arxiv,da21905a8cb96e44856130f52c5c36dc7e212f58af78856eb7e3901a67b9533e,19.369728088378906,104.86851206421852,0,310.75567921996117,0,0,0,0
wikics,test,197,97,wikics:test:000097:322b174a79431b1f,1,1241.338009,1241.316650390625,1121.996395,118.972026,77.52006407827139,27.415615506470203,8.09263065457344,677.1780345588923,237.36793518066406,438.13260650634766,64,0,1,0,0,0,0,0,0,0,187.30217742919922,9.975775957107544,33.3788161277771,6.7111656665802,cache_bf16,large_h6_n10_s100_wikics_arxiv,322b174a79431b1fa466fe9d6c4146656cfc4021c19412a8ee526263102c0b0d,19.479135513305664,113.28048026561737,0,344.33126175403595,0,0,0,0
wikics,test,198,98,wikics:test:000098:23be48b489bd9fb1,1,1173.484239,1173.46240234375,1068.697525,104.428381,76.32979191839695,26.481440290808678,7.842591963708401,627.3710047826171,203.89308547973633,421.8291778564453,62,0,1,0,0,0,0,0,0,0,157.6206398010254,8.357439994812012,32.20313596725464,5.711869716644287,cache_bf16,large_h6_n10_s100_wikics_arxiv,23be48b489bd9fb14fe360697fdf38ded476b0d934c1ba487c6b7cd9272b87df,19.357248306274414,109.92617607116699,0,331.26025009155273,0,0,0,0
wikics,test,199,99,wikics:test:000099:25d922430a6078eb,1,1040.491283,1040.4688720703125,915.734867,124.392457,71.4288242161274,27.861428447067738,7.3927538469433784,556.8015892058611,158.51935958862305,396.73436737060547,58,0,1,0,0,0,0,0,0,0,118.29647827148438,6.049791932106018,29.78864097595215,4.384448409080505,cache_bf16,large_h6_n10_s100_wikics_arxiv,25d922430a6078eb827beb56e89fee9ffb162a0dff995eeecaf2bfa300f2b08d,20.587167739868164,104.13552010059357,0,313.18601500988007,0,0,0,0
wikics,val,0,0,wikics:val:000000:fef527b25a18161e,2,1290.667166,1290.6201171875,1162.170107,128.024018,166.87617730349302,231.92845191806555,7.203877903521061,546.8744058161974,160.10896110534668,384.9918403625488,54,0,1,0,0,0,0,0,0,0,116.9516487121582,5.552416026592255,33.219680309295654,4.385216057300568,cache_bf16,large_h6_n10_s100_wikics_arxiv,fef527b25a18161e02256c9a22a5fcb64ea189b88fbf1c593a16f7cef2386a5f,123.19161224365234,100.04467213153839,0,408.1387804746628,0,0,0,0
wikics,val,1,1,wikics:val:000001:800111c04191b913,2,1064.872952,1064.847412109375,962.844924,101.717786,111.14410031586885,27.78777200728655,7.092244923114777,567.2163190320134,168.7301139831543,396.9943313598633,57,0,1,0,0,0,0,0,0,0,128.30355072021484,6.58076798915863,29.141024112701416,4.704771161079407,cache_bf16,large_h6_n10_s100_wikics_arxiv,800111c04191b91313016b0068c7e73134e69c8f1fbc1fa3f47adef8e93827f2,19.05523109436035,101.38764795660973,0,314.6619144976139,0,0,0,0
wikics,val,2,2,wikics:val:000002:55b16141b752157a,2,1111.350602,1111.327392578125,1009.715914,101.322579,113.73562645167112,27.75727119296789,7.765854708850384,638.9088295400143,197.2489242553711,440.0318298339844,63,0,1,0,0,0,0,0,0,0,151.3485450744629,7.865759968757629,32.49887943267822,5.535739779472351,cache_bf16,large_h6_n10_s100_wikics_arxiv,55b16141b752157aa1fbd4558cf493bf5089fa23bda74c0284125c7c88e21247,19.10678482055664,111.25136002898216,0,347.88725462555885,0,0,0,0
wikics,val,3,3,wikics:val:000003:eb55f467ab494142,2,933.631475,933.60791015625,811.162699,122.169979,63.08113317936659,26.311230845749378,6.523578427731991,496.20106630027294,127.2047348022461,367.5960006713867,53,0,1,0,0,0,0,0,0,0,91.91817665100098,4.645344018936157,27.16054391860962,3.480670213699341,cache_bf16,large_h6_n10_s100_wikics_arxiv,eb55f467ab49414223cbb42727548425fb72d6d25ba1e2ef78c9b8b316f07388,19.084768295288086,94.7683837711811,0,291.9123851954937,0,0,0,0
wikics,val,4,4,wikics:val:000004:94369875875c7eda,2,1054.520311,1054.496826171875,952.658856,101.492515,69.4644097238779,26.35283675044775,7.119185291230679,546.5194284915924,141.48409461975098,403.50821685791016,58,0,1,0,0,0,0,0,0,0,102.93276786804199,5.222047984600067,29.443039894104004,3.8862388730049133,cache_bf16,large_h6_n10_s100_wikics_arxiv,94369875875c7eda426ac2e378c77a4b45c69b105d096621273459492e79a002,19.152063369750977,102.94288039207458,0,319.71739983558655,0,0,0,0
wikics,val,5,5,wikics:val:000005:2ea19046bdd6fc0b,2,1083.713449,1083.689453125,981.37432,101.994288,76.76833774894476,27.49098278582096,7.909135892987251,661.2578378990293,214.63833618164062,444.96544647216797,64,0,1,0,0,0,0,0,0,0,167.0212802886963,8.761088013648987,32.7674560546875,6.088511824607849,cache_bf16,large_h6_n10_s100_wikics_arxiv,2ea19046bdd6fc0b113221315bcbf4019385f97ac493ef3f6da0ff2ddbc69c2a,19.020544052124023,112.83171206712723,0,351.15427845716476,0,0,0,0
wikics,val,6,6,wikics:val:000006:deb97ed4b3c8ddd7,2,188.745784,188.7217559814453,82.162385,106.356246,2.8582578524947166,36.91059164702892,0.520540401339531,31.811113469302654,4.940063953399658,26.567327976226807,3,0,1,0,0,0,0,0,0,0,2.639327973127365,0.158464003354311,1.9164159893989563,0.2258559875190258,cache_bf16,large_h6_n10_s100_wikics_arxiv,deb97ed4b3c8ddd7bdb39f4af5fcaad656c9c608bfc05ecb40b7af499c9ba112,29.624223709106445,17.869631677865982,0,38.32192000746727,0,0,0,0
wikics,val,7,7,wikics:val:000007:d7f4428cc84938c0,2,1004.930742,1004.9064331054688,897.722632,106.884582,66.68369751423597,26.360563933849335,7.0578111335635185,565.4350519180298,167.88940620422363,396.03990936279297,57,0,1,0,0,0,0,0,0,0,127.43619346618652,6.584896087646484,29.152096271514893,4.716220378875732,cache_bf16,large_h6_n10_s100_wikics_arxiv,d7f4428cc84938c0ff422730accf1af7811fdbfe47c2a8963dc760c9d780173f,19.164703369140625,101.42371186614037,0,313.7809008657932,0,0,0,0
wikics,val,8,8,wikics:val:000008:a2de623bf3821acb,2,1113.030164,1113.0072021484375,988.531333,124.170591,72.36278895288706,26.541411876678467,7.6765865087509155,636.1413327977061,200.99625778198242,433.52137756347656,62,0,1,0,0,0,0,0,0,0,155.38950157165527,8.117696046829224,31.8221116065979,5.666948556900024,cache_bf16,large_h6_n10_s100_wikics_arxiv,a2de623bf3821acb00081deda324d566d32c497bd1f73e5fe2b363af6e34451e,19.17251205444336,109.48051205277443,0,343.2133775651455,0,0,0,0
wikics,val,9,9,wikics:val:000009:5ddc4ad1ca6bddb9,2,1078.743868,1078.719970703125,961.113525,117.307407,75.80846454948187,26.42231062054634,7.219232618808746,594.8693612590432,155.3020782470703,438.02388763427734,59,0,1,0,0,0,0,0,0,0,115.15097427368164,5.880384027957916,29.97388744354248,4.296832501888275,cache_bf16,large_h6_n10_s100_wikics_arxiv,5ddc4ad1ca6bddb9f2fbe2619a4cc5bfc948088c83072c92fb9968043dfe40b7,19.156959533691406,104.46339240670204,0,352.7174547612667,0,0,0,0
wikics,val,10,10,wikics:val:000010:a657f4dc57cb7b3b,2,183.978989,183.953857421875,82.300248,101.43998,3.1946972012519836,37.14931383728981,0.4916815087199211,31.44790604710579,4.618175983428955,26.52892827987671,3,0,1,0,0,0,0,0,0,0,2.363519996404648,0.15990399941802025,1.8838399648666382,0.21091202273964882,cache_bf16,large_h6_n10_s100_wikics_arxiv,a657f4dc57cb7b3bcdd5ce3c72500c507c0f17ae67e675802318c7fef9afe2d3,29.860383987426758,23.11273616552353,0,33.27657610177994,0,0,0,0
wikics,val,11,11,wikics:val:000011:dfa124f13dbb8595,2,1203.506595,1203.483154296875,1085.310113,117.87135,81.0030484572053,26.748551055788994,7.306085899472237,673.8331951200962,262.6297264099121,409.6480712890625,59,0,1,0,0,0,0,0,0,0,213.23881912231445,11.57203197479248,30.249311923980713,7.569563388824463,cache_bf16,large_h6_n10_s100_wikics_arxiv,dfa124f13dbb859594d45abc92fc99eb41ed65a49c8cb209db0ee462a00191e7,19.158239364624023,104.68684816360474,0,324.1194624900818,0,0,0,0
wikics,val,12,12,wikics:val:000012:b25c6bff127a88c6,2,1186.620438,1186.59716796875,1079.573152,106.751198,77.07102037966251,26.334920898079872,7.562975399196148,712.3339930549264,287.3812484741211,423.35826110839844,61,0,1,0,0,0,0,0,0,0,235.78825759887695,11.987200021743774,31.62828826904297,7.9775025844573975,cache_bf16,large_h6_n10_s100_wikics_arxiv,b25c6bff127a88c663a84dd45840dc6a75f4ae919fa79751a93982ca913e58f8,19.08883285522461,108.03100797533989,0,334.41608598828316,0,0,0,0
wikics,val,13,13,wikics:val:000013:f7ec35bb559bff78,2,1006.952281,1006.9281005859375,904.958162,101.710296,66.11312832683325,26.225688867270947,6.96178711950779,558.3621971309185,169.25459098815918,387.65093994140625,56,0,1,0,0,0,0,0,0,0,129.47814559936523,6.688543915748596,28.317343711853027,4.770557761192322,cache_bf16,large_h6_n10_s100_wikics_arxiv,f7ec35bb559bff78b63dfdea8a3808323d3557dd6b3c1c55ebd48800dabbb38e,19.052959442138672,99.62156766653061,0,307.0823317170143,0,0,0,0
wikics,val,14,14,wikics:val:000014:cd0465d485a7b221,2,1032.174735,1032.15087890625,930.807426,101.083012,66.00039638578892,26.198243722319603,7.03556090593338,568.6748139560223,172.26493072509766,394.9081344604492,57,0,1,0,0,0,0,0,0,0,131.43686294555664,6.770656108856201,29.20470380783081,4.852707862854004,cache_bf16,large_h6_n10_s100_wikics_arxiv,cd0465d485a7b2212f8c13a4132eb2ed270289c0ec06183ceead64db97a598de,19.053375244140625,101.45648008584976,0,312.5050296187401,0,0,0,0
wikics,val,15,15,wikics:val:000015:760ce76542a910c8,2,967.377682,967.3531494140625,845.193162,121.903201,66.8227206915617,26.28783229738474,7.17418547719717,560.4119850322604,156.5383071899414,402.3605041503906,58,0,1,0,0,0,0,0,0,0,116.75625419616699,5.96262389421463,29.460959434509277,4.358469665050507,cache_bf16,large_h6_n10_s100_wikics_arxiv,760ce76542a910c82715bdb1556e1b99c877f5e3ff11acfe5cdb9dec223f2bec,19.10313606262207,102.80153614282608,0,318.6621040701866,0,0,0,0
wikics,val,16,16,wikics:val:000016:ecc418214a33ddfc,2,1205.817175,1205.792724609375,1082.69685,122.771245,74.53366182744503,27.92377956211567,7.789618335664272,701.1816119775176,262.8548469543457,436.68006896972656,63,0,1,0,0,0,0,0,0,0,211.17030715942383,11.392063975334167,32.78547191619873,7.507003903388977,cache_bf16,large_h6_n10_s100_wikics_arxiv,ecc418214a33ddfc30aad81571b5ed75b95998d50ad30efd13d1a0853a4c7a97,19.119007110595703,111.15619215369225,0,344.64288392663,0,0,0,0
wikics,val,17,17,wikics:val:000017:30966d3fabbbe966,2,1171.940937,1171.916748046875,1065.327859,106.303346,74.08677972853184,26.233534328639507,7.833628915250301,652.5845546275377,214.33449935913086,436.61299896240234,63,0,1,0,0,0,0,0,0,0,166.90639877319336,8.771679997444153,32.59094429016113,6.065476298332214,cache_bf16,large_h6_n10_s100_wikics_arxiv,30966d3fabbbe96640c8cbdf2e720544bf71af0cd8c950c087a1a2db14bd743b,19.065439224243164,111.19110387563705,0,344.48733431100845,0,0,0,0
wikics,val,18,18,wikics:val:000018:40b87fe5b3865c25,2,1090.783469,1090.758056640625,967.656216,122.801018,68.58112383633852,26.267767883837223,7.408842444419861,607.729590497911,191.0335693359375,415.12207794189453,60,0,1,0,0,0,0,0,0,0,147.23219108581543,7.654304027557373,30.750240325927734,5.396833896636963,cache_bf16,large_h6_n10_s100_wikics_arxiv,40b87fe5b3865c25b0fea0abae1f6a31a4b30ceff215077141910a5c4cdb9017,19.090208053588867,106.0674240887165,0,328.1448619067669,0,0,0,0
wikics,val,19,19,wikics:val:000019:c948629294047854,2,1035.361804,1035.3370361328125,928.811087,106.267294,65.68010523915291,26.298120617866516,7.138716988265514,558.2446660846472,162.78313446044922,393.96131134033203,57,0,1,0,0,0,0,0,0,0,122.73190498352051,6.289152026176453,29.211968421936035,4.550109028816223,cache_bf16,large_h6_n10_s100_wikics_arxiv,c9486292940478548025bcd39f69bde038c73dc44280ada5e32b7ae0cd0c59c4,19.118431091308594,101.26620814204216,0,311.81353428959846,0,0,0,0
wikics,val,20,20,wikics:val:000020:e9a52cacfc1321d3,2,896.400703,896.3765869140625,758.145818,137.921377,57.80461151152849,26.23677533119917,6.3445912674069405,481.28807730972767,126.2955551147461,353.6247673034668,51,0,1,0,0,0,0,0,0,0,92.2957763671875,4.675103962421417,25.85520029067993,3.469474494457245,cache_bf16,large_h6_n10_s100_wikics_arxiv,e9a52cacfc1321d3be6f10a0439a054242d79fd11875bc865a4ea4dadbd64e1e,19.10905647277832,91.52486404776573,0,281.2089597284794,0,0,0,0
wikics,val,21,21,wikics:val:000021:f6fad06d0182fdac,2,1015.200829,1015.1759643554688,913.38315,101.521751,64.61317464709282,26.26452036201954,6.907776929438114,531.8218506872654,141.3382396697998,389.0216064453125,56,0,1,0,0,0,0,0,0,0,103.83839988708496,5.242528021335602,28.36307191848755,3.894239842891693,cache_bf16,large_h6_n10_s100_wikics_arxiv,f6fad06d0182fdac16ade7c80ae6ba48ecadf3df08778ef7a76990d17d09763f,19.105152130126953,99.64799997210503,0,308.4787586033344,0,0,0,0
wikics,val,22,22,wikics:val:000022:d785569b8bb4a8d7,2,1157.92709,1157.9019775390625,1049.807907,107.766258,72.95498810708523,26.154261082410812,7.899858057498932,652.6810545474291,214.5977554321289,436.4336929321289,63,0,1,0,0,0,0,0,0,0,167.11756896972656,8.801056027412415,32.61590385437012,6.063226580619812,cache_bf16,large_h6_n10_s100_wikics_arxiv,d785569b8bb4a8d717e83bb8c9fff3658fc9cccc846cdee9551cd8d56685150b,19.07961654663086,111.15305605530739,0,344.3602534234524,0,0,0,0
wikics,val,23,23,wikics:val:000023:30e8db22a669492e,2,1095.45116,1095.426513671875,972.960343,122.195544,71.938113309443,26.28665417432785,7.689879275858402,631.1108274385333,201.04767990112305,428.44690704345703,62,0,1,0,0,0,0,0,0,0,155.40563201904297,8.096447944641113,31.86464023590088,5.680959701538086,cache_bf16,large_h6_n10_s100_wikics_arxiv,30e8db22a669492e9181fdd4dfa056fe4fed95a4be6d84373feae62fc8032f91,19.03775978088379,109.38134399056435,0,338.1033228337765,0,0,0,0
wikics,val,24,24,wikics:val:000024:9c2eb6f46cefd34c,2,1253.473299,1253.447509765625,1151.244194,101.928127,73.6135458573699,26.178701780736446,7.932037115097046,795.7355380058289,357.8185272216797,436.2814254760742,63,0,1,0,0,0,0,0,0,0,298.4463996887207,16.289664030075073,32.85798406600952,10.22447943687439,cache_bf16,large_h6_n10_s100_wikics_arxiv,9c2eb6f46cefd34c6f201303a1ad616670a71668823f3b38a391df90dfd6daff,19.06265640258789,111.35011211037636,0,343.99396976828575,0,0,0,0
wikics,val,25,25,wikics:val:000025:c748180b049621a4,2,1155.12148,1155.096923828125,1031.54284,123.227405,72.85415288060904,26.235918514430523,7.687811739742756,691.6526332497597,259.6136932373047,430.41943359375,62,0,1,0,0,0,0,0,0,0,208.8764762878418,11.227359890937805,32.07379150390625,7.4360655546188354,cache_bf16,large_h6_n10_s100_wikics_arxiv,c748180b049621a4c7d3ed44f5609aeec104f7702d160cca2428f5a72b9841e5,19.086336135864258,109.54960012435913,0,339.9561696052551,0,0,0,0
wikics,val,26,26,wikics:val:000026:f66b2c37f14c407f,2,1077.120516,1077.09521484375,975.604077,101.217005,73.41953366994858,26.285693049430847,7.753441110253334,640.7514354214072,204.49478149414062,434.62181854248047,63,0,1,0,0,0,0,0,0,0,157.93571090698242,8.22432005405426,32.5830397605896,5.751710772514343,cache_bf16,large_h6_n10_s100_wikics_arxiv,f66b2c37f14c407f4410ff66afbbac91c836532c19438c2e5923e57377491908,19.138912200927734,110.95731192827225,0,342.80341881513596,0,0,0,0
wikics,val,27,27,wikics:val:000027:19b7a4b1069f0703,2,1152.077986,1152.053466796875,1045.34573,106.426725,70.89460827410221,26.204192079603672,7.651295512914658,638.1867695599794,207.68086624145508,428.896484375,62,0,1,0,0,0,0,0,0,0,161.46547317504883,8.465984106063843,31.87619161605835,5.873217344284058,cache_bf16,large_h6_n10_s100_wikics_arxiv,19b7a4b1069f0703e42e1662d1626fa830f58a56b61b61ac44a24e6ebe2d28c4,18.99718475341797,109.50723189115524,0,338.3864372372627,0,0,0,0
wikics,val,28,28,wikics:val:000028:6dcccc0dadc0f236,2,1099.773087,1099.747802734375,992.36423,106.838387,75.44080447405577,26.1057885363698,7.976338267326355,628.8138804957271,178.5804786682129,448.57183837890625,64,0,1,0,0,0,0,0,0,0,133.95043182373047,6.866176009178162,32.794015407562256,4.969855427742004,cache_bf16,large_h6_n10_s100_wikics_arxiv,6dcccc0dadc0f2368546ab77570060956e54caca780c3fae3797dd17561f56c2,18.98396873474121,112.5992001593113,0,354.95660695433617,0,0,0,0
wikics,val,29,29,wikics:val:000029:b57c0c6c616584fa,2,974.806868,974.782470703125,872.709446,101.765462,65.17040729522705,26.284776628017426,6.94204680621624,522.7410336956382,131.95049667358398,389.3198776245117,56,0,1,0,0,0,0,0,0,0,95.20947170257568,4.787295997142792,28.35929584503174,3.5944331288337708,cache_bf16,large_h6_n10_s100_wikics_arxiv,b57c0c6c616584fa3175a1053d4a5943c17cc66406ff67582d00320f05ece863,19.089439392089844,99.43462419509888,0,308.9746928215027,0,0,0,0
wikics,val,30,30,wikics:val:000030:46cf5a7590979b07,2,1080.706252,1080.6810302734375,973.28072,107.067179,76.17748808115721,27.505064383149147,7.9255979508161545,648.4110169112682,219.54595184326172,427.2140579223633,61,0,1,0,0,0,0,0,0,0,172.38329696655273,9.181056022644043,31.723519802093506,6.2580790519714355,cache_bf16,large_h6_n10_s100_wikics_arxiv,46cf5a7590979b072621f92b0e45b838461f0910879853929265a05ebd40704a,19.422687530517578,108.03347218036652,0,338.60327327251434,0,0,0,0
wikics,val,31,31,wikics:val:000031:2addc42d7b620b3e,2,1121.400519,1121.374755859375,1020.065034,101.008595,111.02711874991655,26.95319801568985,7.923454977571964,609.6203504130244,169.37372589111328,438.6025924682617,63,0,1,0,0,0,0,0,0,0,125.78867149353027,6.4052159786224365,32.49663972854614,4.683198690414429,cache_bf16,large_h6_n10_s100_wikics_arxiv,2addc42d7b620b3eafd7d208a11026fbe79e6857e28c706cb3b0e8c837b03eca,19.09244728088379,110.90624010562897,0,346.78879964351654,0,0,0,0
wikics,val,32,32,wikics:val:000032:57bb329b74f81197,2,1073.956037,1073.9306640625,967.076658,106.544447,73.12986347824335,26.289498433470726,7.681483402848244,613.8160768896341,190.49810981750488,421.721923828125,61,0,1,0,0,0,0,0,0,0,146.07478523254395,7.528800129890442,31.54739236831665,5.347132086753845,cache_bf16,large_h6_n10_s100_wikics_arxiv,57bb329b74f81197f5f742a2fa3620e0c9193252afe609c679c1e02045e2ac49,19.033248901367188,107.62425598502159,0,333.1309167444706,0,0,0,0
wikics,val,33,33,wikics:val:000033:894e26b9ae45c623,2,1074.362055,1074.3370361328125,967.648585,106.396767,69.0118633210659,26.240747421979904,7.526696659624577,635.4951141402125,209.57942962646484,424.3214797973633,61,0,1,0,0,0,0,0,0,0,163.43731117248535,8.609216094017029,31.602943897247314,5.929958462715149,cache_bf16,large_h6_n10_s100_wikics_arxiv,894e26b9ae45c623e068a70ab0e34df3ae778a61aa50d8aa35d698f67ec35e98,19.117952346801758,107.74412834644318,0,335.69530379772186,0,0,0,0
wikics,val,34,34,wikics:val:000034:65ae31af463d1b89,2,1065.671391,1065.6455078125,963.021076,102.291674,70.75642794370651,26.820851489901543,7.641274482011795,642.6540976390243,218.99494171142578,422.04095458984375,61,0,1,0,0,0,0,0,0,0,172.00095748901367,9.098368048667908,31.66431951522827,6.23129665851593,cache_bf16,large_h6_n10_s100_wikics_arxiv,65ae31af463d1b892011e51a76568ca922eeec0df8a5154042715bf1a7c494d9,19.284832000732422,107.84908804297447,0,333.4766985476017,0,0,0,0
wikics,val,35,35,wikics:val:000035:4693474df4e8fbf5,2,1258.569449,1258.5433349609375,1135.295908,122.892407,73.62580858170986,26.266921311616898,7.674158550798893,697.6845469325781,265.2292823791504,430.83663177490234,62,0,1,0,0,0,0,0,0,0,214.0906219482422,11.532575964927673,32.03446388244629,7.571620583534241,cache_bf16,large_h6_n10_s100_wikics_arxiv,4693474df4e8fbf5fdfd2d96bf57a7b6aabfe78ad448c8e80d959c4101a1f662,19.020416259765625,109.4492162168026,0,340.4078318178654,0,0,0,0
wikics,val,36,36,wikics:val:000036:0759714d0e26521e,2,1086.676605,1086.650146484375,969.810904,116.576206,70.27047779411077,26.13967377692461,7.40854162722826,599.7759466990829,182.14483070373535,416.06028747558594,60,0,1,0,0,0,0,0,0,0,139.06451225280762,7.156192064285278,30.814688682556152,5.109437704086304,cache_bf16,large_h6_n10_s100_wikics_arxiv,0759714d0e26521e91834222ac4f5b5afd29c0eff6aa294be5e1a3766dc065c1,19.02777671813965,106.09248000383377,0,328.9955841898918,0,0,0,0
wikics,val,37,37,wikics:val:000037:a7f56af4cb70732b,2,1156.669194,1156.643798828125,1049.666176,106.680418,72.21954874694347,26.92294493317604,7.691449485719204,642.6256587728858,207.99158096313477,433.0008544921875,62,0,1,0,0,0,0,0,0,0,161.7285442352295,8.479679822921753,31.911904335021973,5.871452569961548,cache_bf16,large_h6_n10_s100_wikics_arxiv,a7f56af4cb70732bb9074d50d48be472e73eaf5ac49d42d90c7fb997a871ce21,19.228927612304688,109.40611204504967,0,342.8236700594425,0,0,0,0
wikics,val,38,38,wikics:val:000038:dad46ac500c3e985,2,1136.638555,1136.6114501953125,1035.032996,101.274598,72.15288560837507,26.251230388879776,7.758648134768009,622.5015381351113,182.225248336792,438.6427230834961,63,0,1,0,0,0,0,0,0,0,137.58048248291016,7.0278719663619995,32.560287952423096,5.056605935096741,cache_bf16,large_h6_n10_s100_wikics_arxiv,dad46ac500c3e9857482209283c5f91bd4729e6956984bc291919024cf405ee8,19.029247283935547,110.93459224700928,0,346.73737812042236,0,0,0,0
wikics,val,39,39,wikics:val:000039:53e5be2b68e5930e,2,1190.807949,1190.781494140625,1068.588758,121.717934,67.46118608862162,26.29200369119644,7.373202592134476,674.4008120149374,263.2413101196289,409.6066207885742,59,0,1,0,0,0,0,0,0,0,213.66873931884766,11.597504019737244,30.387743949890137,7.58732283115387,cache_bf16,large_h6_n10_s100_wikics_arxiv,53e5be2b68e5930eb72e6abd780a479e5ec14029f6796037de28e272d8d08878,19.02332878112793,104.86025586724281,0,323.76969370245934,0,0,0,0
wikics,val,40,40,wikics:val:000040:f5c8ec8453d3a18e,2,955.626654,955.6007080078125,838.463736,116.843804,61.66015472263098,26.208018884062767,6.756179966032505,536.8633270263672,160.77229118347168,374.66175842285156,54,0,1,0,0,0,0,0,0,0,122.30896186828613,6.3320640325546265,27.60051155090332,4.5307537317276,cache_bf16,large_h6_n10_s100_wikics_arxiv,f5c8ec8453d3a18e3d258c2f5898202e9d148044b51ad92e9766efccc4a3c27c,19.089536666870117,96.44063991308212,0,297.31065517663956,0,0,0,0
wikics,val,41,41,wikics:val:000041:0a1aea6f2ab10ebb,2,1231.611413,1231.585693359375,1130.007247,101.301446,71.69245835393667,26.35209448635578,7.852417416870594,716.1237234249711,272.9324150085449,441.55277252197266,63,0,1,0,0,0,0,0,0,0,220.57596969604492,11.818175911903381,32.67910385131836,7.859165549278259,cache_bf16,large_h6_n10_s100_wikics_arxiv,0a1aea6f2ab10ebbb8741837ad5f8891fe42bfc4bfa6ca2c2c4141a32360b0e7,18.972543716430664,111.1143679022789,0,349.4109483361244,0,0,0,0
wikics,val,42,42,wikics:val:000042:6b1dd5c3859cc886,2,1076.119388,1076.093505859375,969.047685,106.759002,71.80974818766117,26.20745450258255,7.856306619942188,607.4508810415864,169.5300178527832,436.29125213623047,63,0,1,0,0,0,0,0,0,0,125.88614273071289,6.399711966514587,32.55638360977173,4.687779545783997,cache_bf16,large_h6_n10_s100_wikics_arxiv,6b1dd5c3859cc886d64cde0c7ecb8890de634840ab945555bc2408dbb9643e78,19.03696060180664,111.04137578606606,0,344.28683695197105,0,0,0,0
wikics,val,43,43,wikics:val:000043:5164e28991dfba94,2,1071.909415,1071.8826904296875,948.367709,123.161325,66.13339576870203,26.53137966990471,7.284879684448242,575.5279650911689,172.0543041229248,401.93199157714844,58,0,1,0,0,0,0,0,0,0,130.95087814331055,6.730208039283752,29.572128295898438,4.801089644432068,cache_bf16,large_h6_n10_s100_wikics_arxiv,5164e28991dfba940695c47609da38adb72fec7b962b72c3fc11f98b771028d1,19.17363166809082,102.78665578365326,0,318.318967461586,0,0,0,0
wikics,val,44,44,wikics:val:000044:a1e23c83773db96a,2,1097.821236,1097.7945556640625,975.29363,122.218821,71.54884561896324,26.23037062585354,7.805339060723782,631.6278837621212,200.61187362670898,429.39962005615234,62,0,1,0,0,0,0,0,0,0,155.01871871948242,8.064319968223572,31.870431900024414,5.658403038978577,cache_bf16,large_h6_n10_s100_wikics_arxiv,a1e23c83773db96a01bf838bf188e3dfb7ca66f39a28efe567f992bf99606076,18.991296768188477,109.35977578163147,0,339.03114104270935,0,0,0,0
wikics,val,45,45,wikics:val:000045:468961e707127957,2,1157.781318,1157.755615234375,1051.018432,106.466424,72.64551613479853,26.212851516902447,7.9771364107728004,693.3822287246585,248.72402954101562,443.00146484375,64,0,1,0,0,0,0,0,0,0,198.0066261291504,10.539072036743164,33.1365442276001,7.041787147521973,cache_bf16,large_h6_n10_s100_wikics_arxiv,468961e707127957b260758066a254430361fc6520124ac947aa20ec9ea66115,19.005311965942383,112.82758393883705,0,349.17919287085533,0,0,0,0
wikics,val,46,46,wikics:val:000046:f3cf1d41caa4c2d9,2,1044.925247,1044.899658203125,923.080813,121.545114,67.91549641638994,26.490150950849056,7.356390357017517,571.0722487419844,155.76736068725586,413.74794006347656,59,0,1,0,0,0,0,0,0,0,115.49811172485352,5.8807679414749146,30.090752124786377,4.297728896141052,cache_bf16,large_h6_n10_s100_wikics_arxiv,f3cf1d41caa4c2d9aee35e66e1b95d288a274a344aed7288a15b83678d0c9b0f,19.14975929260254,104.36902421712875,0,328.52867513895035,0,0,0,0
wikics,val,47,47,wikics:val:000047:bd32e929138a4b77,2,1076.13858,1076.113037109375,974.146491,101.692616,74.82352666556835,26.350882835686207,8.081658743321896,644.7471352294087,204.6777572631836,438.4260711669922,63,0,1,0,0,0,0,0,0,0,157.9869785308838,8.210208177566528,32.72639989852905,5.754170656204224,cache_bf16,large_h6_n10_s100_wikics_arxiv,bd32e929138a4b77bc048f77bd95b0ae2df40ec2142b7d96ce1fdf8f013783d6,19.12665557861328,111.03007999062538,0,346.5226467549801,0,0,0,0
wikics,val,48,48,wikics:val:000048:6eff2b19b7a04da7,2,1150.081415,1150.0550537109375,1043.456013,106.332646,65.5494499951601,26.4148386195302,7.113422267138958,558.6820850148797,149.4819507598877,407.6881866455078,57,0,1,0,0,0,0,0,0,0,110.43337631225586,5.62662398815155,29.280704021453857,4.141246438026428,cache_bf16,large_h6_n10_s100_wikics_arxiv,6eff2b19b7a04da79c3852b11623e45f5e95243bd84be5804a42f68214bedb34,19.11315155029297,101.20649600028992,0,325.59484219551086,0,0,0,0
wikics,val,49,49,wikics:val:000049:a710ed9d3274bc0d,2,1144.515059,1144.489013671875,1037.812103,106.4087,99.08327087759972,26.870680041611195,7.812834344804287,610.2699022740126,169.82255935668945,438.81036376953125,63,0,1,0,0,0,0,0,0,0,126.1104965209961,6.423935890197754,32.6145281791687,4.673598766326904,cache_bf16,large_h6_n10_s100_wikics_arxiv,a710ed9d3274bc0d9f0fb0ea4c32ba851c8bbe00839b9daed62e9d43b3352bf2,19.049951553344727,111.03171226382256,0,346.8286030590534,0,0,0,0
wikics,val,50,50,wikics:val:000050:1c058b8728feaf12,2,1067.158986,1067.1328125,963.698294,103.169675,69.19642724096775,26.247844099998474,7.594788447022438,614.550169557333,190.09804725646973,422.8603820800781,61,0,1,0,0,0,0,0,0,0,145.75391960144043,7.484671950340271,31.533055782318115,5.326399922370911,cache_bf16,large_h6_n10_s100_wikics_arxiv,1c058b8728feaf12cbe4ab8e03522106fc37295ec871564e5fc151a2fbb470d5,19.07846450805664,107.7063998579979,0,334.23244673013687,0,0,0,0
wikics,val,51,51,wikics:val:000051:d60eeaca25598834,2,1072.059248,1072.033203125,969.68073,102.038263,71.20294030755758,26.96874365210533,7.7105192467570305,617.8121455013752,191.18086433410645,425.0189514160156,61,0,1,0,0,0,0,0,0,0,146.57200050354004,7.571776032447815,31.670015811920166,5.367071986198425,cache_bf16,large_h6_n10_s100_wikics_arxiv,d60eeaca25598834706edcb52ebc7531cf2e17cfda9b41db2d8027815a0c0c09,19.255840301513672,107.87209624052048,0,336.4026954770088,0,0,0,0
wikics,val,52,52,wikics:val:000052:9d402c29e66ea4c0,2,1046.155822,1046.129150390625,912.502738,133.328874,68.64536367356777,26.321970857679844,7.306642830371857,554.1295567527413,156.47779273986816,396.1416320800781,57,0,1,0,0,0,0,0,0,0,116.87132835388184,5.9955520033836365,29.27465581893921,4.336256563663483,cache_bf16,large_h6_n10_s100_wikics_arxiv,9d402c29e66ea4c0512dc9a25029ae2df086560fbc652776c688794053e56213,19.0710391998291,101.32073599100113,0,313.8919352889061,0,0,0,0
wikics,val,53,53,wikics:val:000053:ed2693d240246643,2,1145.834603,1145.8072509765625,1044.171291,101.375045,70.41720487177372,26.455611921846867,7.633714936673641,677.5853773579001,251.66601181030273,424.3339538574219,61,0,1,0,0,0,0,0,0,0,201.88246154785156,10.77836787700653,31.80303955078125,7.202142834663391,cache_bf16,large_h6_n10_s100_wikics_arxiv,ed2693d240246643addf6808c0115c2eed9d294dd989ee0fdb3375681b9cf25d,19.080032348632812,107.90636798739433,0,335.50761821866035,0,0,0,0
wikics,val,54,54,wikics:val:000054:a8e2f7ed77837d4b,2,1146.096784,1146.070556640625,1028.736514,117.058802,71.56447973102331,26.270012371242046,7.847648113965988,692.0524463057518,260.0874900817871,430.3502731323242,62,0,1,0,0,0,0,0,0,0,209.1437110900879,11.287359952926636,32.2192006111145,7.437218427658081,cache_bf16,large_h6_n10_s100_wikics_arxiv,a8e2f7ed77837d4b652e18f0316c93d7e0ed16853eb7f80344c9fee1ffa7073d,19.11440086364746,109.59728014469147,0,339.8673938512802,0,0,0,0
wikics,val,55,55,wikics:val:000055:3c1e3f2074abd3c8,2,1120.274957,1120.2489013671875,1013.149977,106.791723,76.50766801089048,26.342498138546944,7.945847697556019,608.4167947992682,169.86051177978516,436.9175720214844,63,0,1,0,0,0,0,0,0,0,126.13206481933594,6.419295907020569,32.644991874694824,4.664159178733826,cache_bf16,large_h6_n10_s100_wikics_arxiv,3c1e3f2074abd3c877291529fd1f3d17d7985de2b8671dbb87cc71e5b84081c3,19.07030487060547,110.97212791442871,0,345.01574897766113,0,0,0,0
wikics,val,56,56,wikics:val:000056:efcb08cf59d1e854,2,957.039666,957.0135498046875,850.288553,106.462848,59.9192725494504,26.272217743098736,6.604941561818123,533.9353298768401,171.91500663757324,360.63465118408203,52,0,1,0,0,0,0,0,0,0,133.44400215148926,6.925951957702637,26.695424556732178,4.84962797164917,cache_bf16,large_h6_n10_s100_wikics_arxiv,efcb08cf59d1e85484c1341b5bc27bdb0c54c55af7ed792f8233e590836e90af,19.12499237060547,93.1968323290348,0,286.5628112256527,0,0,0,0
wikics,val,57,57,wikics:val:000057:a3c7f395d320220a,2,1116.649808,1116.6234130859375,1009.987488,106.361128,73.2842106372118,26.269848458468914,7.935975678265095,607.3230598121881,169.93139266967773,435.7515182495117,63,0,1,0,0,0,0,0,0,0,126.18774604797363,6.422176003456116,32.63663959503174,4.684831023216248,cache_bf16,large_h6_n10_s100_wikics_arxiv,a3c7f395d320220a49b18c10c43aaaf35b12e9f9b3cb44a936cd1bb76ea87e41,19.072351455688477,110.96623998880386,0,343.85762971639633,0,0,0,0
wikics,val,58,58,wikics:val:000058:8074f83a06f99a82,2,1085.141393,1085.1141357421875,967.867944,116.948833,69.52704396098852,26.099523529410362,7.5637949630618095,601.1122670024633,182.33718490600586,417.1997756958008,60,0,1,0,0,0,0,0,0,0,139.24028968811035,7.146783947944641,30.843071937561035,5.1070393323898315,cache_bf16,large_h6_n10_s100_wikics_arxiv,8074f83a06f99a823ad68d64ea27ab58e9d24ea96ba8e9704f5e2377f3caced5,19.00009536743164,106.02108833193779,0,330.17878273129463,0,0,0,0
wikics,val,59,59,wikics:val:000059:21f4f0d64380bdda,2,1224.723405,1224.697021484375,1102.154388,122.281118,71.32463902235031,26.33375395089388,7.814226672053337,644.6740888059139,205.15007781982422,437.8829803466797,63,0,1,0,0,0,0,0,0,0,158.4285774230957,8.228511929512024,32.73097610473633,5.762012362480164,cache_bf16,large_h6_n10_s100_wikics_arxiv,21f4f0d64380bdda046d4cc1db9002aca0956e7f0f93cad73d32b7c41fab9a1f,19.07302474975586,111.04223999381065,0,345.9137651026249,0,0,0,0
wikics,val,60,60,wikics:val:000060:9dd18ea1fcd0219b,2,1098.007754,1097.98046875,991.195447,106.513805,74.88558627665043,26.33354626595974,8.110812865197659,626.3157902285457,179.21087837219238,445.44163513183594,64,0,1,0,0,0,0,0,0,0,134.41056060791016,6.902207970619202,32.92518377304077,4.972926020622253,cache_bf16,large_h6_n10_s100_wikics_arxiv,9dd18ea1fcd0219b60d99cd4a59d6991950025d43145db4f4bb3fd8b8b79fa86,19.03308868408203,112.69299203157425,0,351.7817317843437,0,0,0,0
wikics,val,61,61,wikics:val:000061:59ffc0873b2736bd,2,1168.589242,1168.5621337890625,1049.634739,118.641503,72.87062332034111,26.749564334750175,7.86234624683857,619.6690509095788,188.21654510498047,429.83001708984375,62,0,1,0,0,0,0,0,0,0,143.6496639251709,7.375999927520752,31.922272205352783,5.268609046936035,cache_bf16,large_h6_n10_s100_wikics_arxiv,59ffc0873b2736bd1131d5f3759451a37bcf18ecedae90549af313f517e26f4f,19.195072174072266,109.39024004340172,0,339.6348492205143,0,0,0,0
wikics,val,62,62,wikics:val:000062:cd046bf69ef46f20,2,1088.332282,1088.3060302734375,986.224763,101.775285,69.66189574450254,26.208252646028996,7.7338190749287605,640.8731183037162,208.46220779418945,430.798583984375,62,0,1,0,0,0,0,0,0,0,162.11814308166504,8.507967948913574,31.9520001411438,5.884096622467041,cache_bf16,large_h6_n10_s100_wikics_arxiv,cd046bf69ef46f204090fdd4878f751b1f18829050a54ec040957e600ad3cc68,19.01638412475586,109.51654416322708,0,340.2984239459038,0,0,0,0
wikics,val,63,63,wikics:val:000063:fdccf80ac6d5ed10,2,1137.461096,1137.4339599609375,1035.328207,101.817479,72.43077177554369,26.180023327469826,7.859572768211365,672.0997830852866,232.5582046508789,437.9024887084961,63,0,1,0,0,0,0,0,0,0,183.45897483825684,9.718783974647522,32.78316783905029,6.597277998924255,cache_bf16,large_h6_n10_s100_wikics_arxiv,fdccf80ac6d5ed1031f1caf4ad0b8707e4063633f670534cc7316f4a63d581b6,19.029279708862305,111.28364825248718,0,345.6481201648712,0,0,0,0
wikics,val,64,64,wikics:val:000064:c21d83b7a925b1f1,2,1092.864178,1092.8377685546875,991.723307,100.814913,64.56186529248953,26.415622793138027,7.055285386741161,582.1058517321944,187.39846420288086,393.2031021118164,57,0,1,0,0,0,0,0,0,0,145.1258544921875,7.57151997089386,29.411968231201172,5.289121508598328,cache_bf16,large_h6_n10_s100_wikics_arxiv,c21d83b7a925b1f1e3bf58aa888458f37c3c7959cc0860b33d5364e471f3be69,19.110368728637695,101.23657578229904,0,311.07689505815506,0,0,0,0
wikics,val,65,65,wikics:val:000065:8018dabccc7a098b,2,1108.832126,1108.8046875,1001.923333,106.479931,71.35402131825686,26.191416196525097,7.865588180720806,643.2619588449597,200.9494743347168,440.6732406616211,63,0,1,0,0,0,0,0,0,0,154.57292556762695,8.032447934150696,32.70934438705444,5.634756445884705,cache_bf16,large_h6_n10_s100_wikics_arxiv,8018dabccc7a098b9082792cb6fdae67c3e451b13db77164ff6d6cbbfdbd5771,19.09667205810547,111.11721593141556,0,348.652696788311,0,0,0,0
wikics,val,66,66,wikics:val:000066:70258368f4491f0c,2,886.126678,886.1011962890625,763.560709,122.168141,58.82801581174135,26.176072657108307,6.530572660267353,483.89349319040775,126.7388801574707,355.7980499267578,51,0,1,0,0,0,0,0,0,0,92.65523147583008,4.673183977603912,25.93728017807007,3.4731845259666443,cache_bf16,large_h6_n10_s100_wikics_arxiv,70258368f4491f0c1f933e937a47280efcd886e3740f7d5b30af914ae2f65ae3,19.038944244384766,91.49907186627388,0,283.3379223048687,0,0,0,0
wikics,val,67,67,wikics:val:000067:7139754de7086e77,2,958.636228,958.6097412109375,841.815327,116.511385,66.2780785933137,26.45403239876032,7.269800640642643,559.7790973260999,157.18016052246094,401.07090759277344,58,0,1,0,0,0,0,0,0,0,117.19862365722656,5.976927995681763,29.627583980560303,4.37702488899231,cache_bf16,large_h6_n10_s100_wikics_arxiv,7139754de7086e7765da5a2bc4d08a7109fb268c05df038a524b37555f626219,19.26246452331543,102.84716802835464,0,317.4862040877342,0,0,0,0
wikics,val,68,68,wikics:val:000068:d09d5c84fefc31fa,2,1094.481696,1094.455322265625,972.842808,121.347271,70.2304532751441,26.193905621767044,7.779726758599281,635.7605969533324,201.44256591796875,432.70642852783203,62,0,1,0,0,0,0,0,0,0,155.6717758178711,8.100191950798035,31.99289560317993,5.67770254611969,cache_bf16,large_h6_n10_s100_wikics_arxiv,d09d5c84fefc31faa39227124c4a8196cf807ad304e4c22c39827c1e72c189a7,19.07689666748047,109.47110399603844,0,342.31222119927406,0,0,0,0
wikics,val,69,69,wikics:val:000069:da8713a1886318f3,2,1219.401087,1219.373291015625,1112.472034,106.628362,71.08346000313759,26.16828680038452,7.866032421588898,763.9562524855137,326.0302734375,436.29309844970703,63,0,1,0,0,0,0,0,0,0,269.1058540344238,14.679487943649292,32.95292806625366,9.292003393173218,cache_bf16,large_h6_n10_s100_wikics_arxiv,da8713a1886318f35bebbc1f6a260d9043f0f17461ca5357ede1eebbf97c39b9,18.976959228515625,111.28937613964081,0,343.98068153858185,0,0,0,0
wikics,val,70,70,wikics:val:000070:c07c01ab1d837bee,2,1090.998613,1090.9705810546875,983.409744,107.26532,72.32483010739088,26.39907132834196,7.7733732759952545,614.4358618184924,183.67132568359375,429.14725494384766,62,0,1,0,0,0,0,0,0,0,139.37209701538086,7.217312216758728,31.957248210906982,5.12466824054718,cache_bf16,large_h6_n10_s100_wikics_arxiv,c07c01ab1d837bee495fe549fb059614c21012d28950d436a260cad0b20e355e,19.014495849609375,109.37011235952377,0,338.79163843393326,0,0,0,0
wikics,val,71,71,wikics:val:000071:a33e3d4cce48fcc3,2,1067.745508,1067.718017578125,965.503414,101.91922,69.34910733252764,26.742825284600258,7.707186974585056,614.953282289207,190.7210865020752,422.62474060058594,61,0,1,0,0,0,0,0,0,0,146.1997127532959,7.5108479261398315,31.661791801452637,5.348734021186829,cache_bf16,large_h6_n10_s100_wikics_arxiv,a33e3d4cce48fcc3980549bc7f9e0f293f769fa36ec601986da634453cff0f01,19.17852783203125,107.89782419800758,0,333.9054442346096,0,0,0,0
wikics,val,72,72,wikics:val:000072:f1151d716149ae48,2,1226.340364,1226.3125,1124.062177,101.975896,70.89423388242722,26.21555235236883,7.783014327287674,710.0721867755055,275.03420639038086,433.3989791870117,63,0,1,0,0,0,0,0,0,0,222.27170944213867,11.954752087593079,32.913408279418945,7.894336581230164,cache_bf16,large_h6_n10_s100_wikics_arxiv,f1151d716149ae48dbc85a7874ec59788c1e359220abb0af2364121fabe8da24,19.070880889892578,111.13155180215836,0,341.33830827474594,0,0,0,0
wikics,val,73,73,wikics:val:000073:4b3154d00ed508a1,2,1155.665106,1155.6385498046875,1048.357944,106.98525,71.05393428355455,26.914216578006744,7.833888754248619,651.4328829944134,215.13478469848633,434.6547546386719,63,0,1,0,0,0,0,0,0,0,167.46985626220703,8.815711855888367,32.80953645706177,6.039680123329163,cache_bf16,large_h6_n10_s100_wikics_arxiv,4b3154d00ed508a163face2906b779bc860da600f6b41d6bca03a69eddd4dac0,18.98896026611328,111.02003175020218,0,342.623683154583,0,0,0,0
wikics,val,74,74,wikics:val:000074:63d8027fe96dbd40,2,1091.806318,1091.7789306640625,989.985983,101.527275,69.60777100175619,26.19772031903267,7.635918445885181,613.6695146560669,184.40447807312012,427.6549835205078,62,0,1,0,0,0,0,0,0,0,140.10668563842773,7.2127039432525635,31.926432609558105,5.158655881881714,cache_bf16,large_h6_n10_s100_wikics_arxiv,63d8027fe96dbd400c3253b6fea3dff229a9d059b23d14f1f2fd66ad5dc976a6,19.014144897460938,109.30479970574379,0,337.36432871222496,0,0,0,0
wikics,val,75,75,wikics:val:000075:205fb8181f3470fd,2,1011.565001,1011.5379028320312,903.485057,107.695296,65.24370051920414,26.794616132974625,7.145649753510952,565.5073588714004,168.66409492492676,395.3323440551758,57,0,1,0,0,0,0,0,0,0,128.0182399749756,6.593663930892944,29.345247745513916,4.7069432735443115,cache_bf16,large_h6_n10_s100_wikics_arxiv,205fb8181f3470fdbd1270150f71b5fca1cc9f81c402b312d394c3d904a0d37f,19.288511276245117,101.29004815220833,0,313.33080717921257,0,0,0,0
wikics,val,76,76,wikics:val:000076:ddb2213b21b70ae0,2,1074.843026,1074.8143310546875,971.842434,102.623883,78.20542063564062,26.965762488543987,7.978329434990883,662.1906403452158,216.27852630615234,444.2287292480469,64,0,1,0,0,0,0,0,0,0,168.218656539917,8.842623949050903,33.107168197631836,6.110077619552612,cache_bf16,large_h6_n10_s100_wikics_arxiv,ddb2213b21b70ae0608c1c092117830fd7e17b1a716dacdda024759397179a65,19.32307243347168,112.82227197289467,0,350.7295297086239,0,0,0,0
wikics,val,77,77,wikics:val:000077:f1913089890132b9,2,1066.188209,1066.156494140625,943.481901,122.37357,76.70971751213074,26.957307942211628,9.341399185359478,577.1515537053347,155.03670501708984,420.52674865722656,59,0,1,0,0,0,0,0,0,0,114.76115226745605,5.812543988227844,30.20195198059082,4.2610567808151245,cache_bf16,large_h6_n10_s100_wikics_arxiv,f1913089890132b93fdaffc173538a9f3a7d21ccce41a3e9e4c9795128d4bd45,19.31292724609375,106.5709119439125,0,333.2687639594078,0,0,0,0
wikics,val,78,78,wikics:val:000078:0761a00cafcc55ff,2,1138.788188,1138.76171875,1031.035287,107.434451,102.99087595194578,26.982826180756092,9.242632426321507,631.6075772047043,215.9877471923828,414.0628128051758,59,0,1,0,0,0,0,0,0,0,170.6140480041504,8.933152079582214,30.295968532562256,6.144578576087952,cache_bf16,large_h6_n10_s100_wikics_arxiv,0761a00cafcc55ff9fe63e26139f58aec60e88d6395fc46a23de2ad601161439,19.040128707885742,105.96240001916885,0,327.14054149389267,0,0,0,0
wikics,val,79,79,wikics:val:000079:2fe77eb4bcc2fb53,2,1072.763379,1072.736328125,967.478244,104.952672,71.51954714208841,26.783057488501072,9.340807795524597,638.4585164487362,210.64812850952148,426.21807861328125,61,0,1,0,0,0,0,0,0,0,164.2643222808838,8.665184020996094,31.77724838256836,5.941373825073242,cache_bf16,large_h6_n10_s100_wikics_arxiv,2fe77eb4bcc2fb53c2211e341bc094a3a30350f3b9232464ae3b32fe2ec8eddd,19.664575576782227,107.74975973367691,0,338.13289445638657,0,0,0,0
wikics,val,80,80,wikics:val:000080:78e4b73fcf74884b,2,1080.127485,1080.099609375,978.197674,101.532055,73.7197445705533,27.1594375371933,7.5661055743694305,617.2312311828136,191.52988815307617,424.08074951171875,61,0,1,0,0,0,0,0,0,0,146.86019134521484,7.57913613319397,31.73248052597046,5.358080148696899,cache_bf16,large_h6_n10_s100_wikics_arxiv,78e4b73fcf74884bd0f9d8224587705bf2a860666e91c84c032b4c3d0586467b,19.391616821289062,107.841952085495,0,335.6304142475128,0,0,0,0
wikics,val,81,81,wikics:val:000081:20ce9780b00f15b5,2,1081.975049,1081.948974609375,979.78336,101.858421,70.72672620415688,26.790129952132702,7.5370874255895615,634.6180494874716,209.6700782775879,423.3196105957031,62,0,1,0,0,0,0,0,0,0,163.05548667907715,8.606239914894104,32.10943937301636,5.898912310600281,cache_bf16,large_h6_n10_s100_wikics_arxiv,20ce9780b00f15b52811a677413a49886c9d562891b0f085e645f3da627331e0,19.18681526184082,109.37632021307945,0,333.1301056444645,0,0,0,0
wikics,val,82,82,wikics:val:000082:15505e4df399c749,2,1077.319809,1077.2921142578125,974.90874,102.095825,66.41476508229971,26.12965926527977,7.1635376662015915,619.6316564455628,216.5662078857422,401.51427459716797,59,0,1,0,0,0,0,0,0,0,171.02886199951172,9.001984000205994,30.371967792510986,6.163394093513489,cache_bf16,large_h6_n10_s100_wikics_arxiv,15505e4df399c7492f629e9c7965cca92311ad45c4e2d4f2a65ee42f5ca8ba25,19.08835220336914,104.42723205685616,0,316.17539474368095,0,0,0,0
wikics,val,83,83,wikics:val:000083:a7ba3d44aa7499fe,2,960.547144,960.5216674804688,857.801089,102.436616,62.069108709692955,26.170882396399975,6.812826730310917,517.1230267733335,132.51132774353027,383.12966537475586,56,0,1,0,0,0,0,0,0,0,95.6078405380249,4.794143974781036,28.499616146087646,3.6097270846366882,cache_bf16,large_h6_n10_s100_wikics_arxiv,a7ba3d44aa7499fee1445d9215d7a72b29cbdb6a49ba0da38d84ee982ee40490,19.065183639526367,99.56300806999207,0,302.63184094429016,0,0,0,0
wikics,val,84,84,wikics:val:000084:35732c8658931b86,2,1079.193361,1079.159912109375,977.151236,101.684186,65.74213411659002,26.08218416571617,7.170751690864563,620.8443213254213,216.342041015625,402.9526062011719,59,0,1,0,0,0,0,0,0,0,170.82614517211914,9.001216173171997,30.367583751678467,6.1470959186553955,cache_bf16,large_h6_n10_s100_wikics_arxiv,35732c8658931b8612504cc455b6580ea44423ed7f94899d50f3c900f855d03c,18.998720169067383,104.55539226531982,0,317.39593410491943,0,0,0,0
wikics,val,85,85,wikics:val:000085:39693add84393c3e,2,1007.126975,1007.0999145507812,904.210535,102.549129,63.42827249318361,26.08407847583294,6.894499063491821,572.7138090878725,168.73104095458984,402.46690368652344,57,0,1,0,0,0,0,0,0,0,128.04873657226562,6.590144038200378,29.374656200408936,4.717504143714905,cache_bf16,large_h6_n10_s100_wikics_arxiv,39693add84393c3e86597303a982f69e8c2c131c841d86b3540fc8836693ee22,19.033567428588867,101.15311986207962,0,320.3473512530327,0,0,0,0
wikics,val,86,86,wikics:val:000086:6154d20de82ca154,2,1069.893374,1069.8636474609375,952.664206,116.940048,104.62805442512035,26.98537241667509,7.1473196148872375,563.7842612341046,155.11574363708496,407.1224594116211,59,0,1,0,0,0,0,0,0,0,114.8187198638916,5.822464048862457,30.19865608215332,4.275903642177582,cache_bf16,large_h6_n10_s100_wikics_arxiv,6154d20de82ca154d31dc1757ffb5df0b6b9fab72293c3c0850611659ced11c3,19.09779167175293,104.41190457344055,0,321.8083465099335,0,0,0,0
wikics,val,87,87,wikics:val:000087:2d8e1c91732f7fc9,2,1089.631575,1089.6051025390625,971.341599,117.936915,67.83972959965467,26.7128674313426,7.327369414269924,602.5612950325012,178.65235328674316,422.3115768432617,61,0,1,0,0,0,0,0,0,0,135.1490249633789,6.918015956878662,31.59996795654297,4.985344409942627,cache_bf16,large_h6_n10_s100_wikics_arxiv,2d8e1c91732f7fc9dc9d186a2ca2f383b734021eb501adc5b8e0ed0ef87a507d,19.057247161865234,107.76540771126747,0,333.6034162938595,0,0,0,0
wikics,val,88,88,wikics:val:000088:edf1f65b0215397f,2,1158.804511,1158.7711181640625,1051.536101,106.924252,74.2372116073966,26.731460355222225,7.622049190104008,647.2034491598606,215.5057258605957,430.06101989746094,63,0,1,0,0,0,0,0,0,0,167.74963188171387,8.85804808139801,32.82569599151611,6.072349905967712,cache_bf16,large_h6_n10_s100_wikics_arxiv,edf1f65b0215397f7db64f2b0af499b296dd7db24bda5492ace4393562a0e0a3,19.042816162109375,110.9197119474411,0,338.1841241121292,0,0,0,0
wikics,val,89,89,wikics:val:000089:cc473da6146fe84a,2,1103.990862,1103.964111328125,1000.564206,103.129901,67.83688627183437,26.241174899041653,7.2189196944236755,629.5905224978924,213.02787017822266,414.9929885864258,60,0,1,0,0,0,0,0,0,0,167.109281539917,8.818624019622803,31.054687976837158,6.045276641845703,cache_bf16,large_h6_n10_s100_wikics_arxiv,cc473da6146fe84a261cfc81f796542bafb0eacffffc7c8a2c614f0834c25fc7,19.00543975830078,106.13708835840225,0,327.8613399863243,0,0,0,0
wikics,val,90,90,wikics:val:000090:04f10178109bc189,2,1182.579215,1182.5509033203125,1061.962692,119.95468,71.3183069601655,31.054316088557243,7.786727510392666,650.6642261520028,214.29014587402344,434.7068405151367,63,0,1,0,0,0,0,0,0,0,166.65081596374512,8.752096056938171,32.87120008468628,6.01603376865387,cache_bf16,large_h6_n10_s100_wikics_arxiv,04f10178109bc18987c0d161e505acc91bd5670d8f9419c8668ecccb3d4a4fea,23.75052833557129,111.31820765137672,0,347.1391611993313,0,0,0,0
wikics,val,91,91,wikics:val:000091:6005ecd7d5ac622d,2,980.342718,980.315185546875,872.871376,107.130187,63.55584133416414,26.901019737124443,6.822536699473858,537.1906869113445,157.58099174499512,378.14288330078125,55,0,1,0,0,0,0,0,0,0,119.01103973388672,6.102975845336914,28.077216625213623,4.389759540557861,cache_bf16,large_h6_n10_s100_wikics_arxiv,6005ecd7d5ac622de1a177d20f147dd9d8a3627c61c0d028b05dbd49891ee46f,19.265216827392578,97.86291190981865,0,299.5451882183552,0,0,0,0
wikics,val,92,92,wikics:val:000092:73a973d4261a61c9,2,1120.110733,1120.0828857421875,1002.300385,117.495698,68.03589966148138,26.225012727081776,7.488507777452469,684.4742335379124,260.21116638183594,422.6465377807617,62,0,1,0,0,0,0,0,0,0,209.3883171081543,11.220160007476807,32.1682243347168,7.434464931488037,cache_bf16,large_h6_n10_s100_wikics_arxiv,73a973d4261a61c9ab186d29b44931ed7c5bff0e00c5110bc7a221fbb62df03c,19.151424407958984,109.40444806218147,0,332.39351412653923,0,0,0,0
wikics,val,93,93,wikics:val:000093:d724956d62b3a7fc,2,1359.869947,1359.840576171875,1241.527967,117.986671,305.93749321997166,26.799533516168594,7.695641368627548,684.8406605422497,259.45410537719727,423.7461242675781,62,0,1,0,0,0,0,0,0,0,208.56678009033203,11.23747193813324,32.22812843322754,7.421724915504456,cache_bf16,large_h6_n10_s100_wikics_arxiv,d724956d62b3a7fcacd941394e399a7d05dc8293c6783e71baa7f6861404e482,19.188159942626953,109.39126428961754,0,333.54301992058754,0,0,0,0
wikics,val,94,94,wikics:val:000094:3184012ce3fd116b,2,1126.952391,1126.926025390625,1004.40189,122.233056,69.17000282555819,26.086858473718166,7.523128762841225,685.0182479247451,260.4580421447754,422.9490661621094,62,0,1,0,0,0,0,0,0,0,209.56912231445312,11.217056035995483,32.23052787780762,7.441335916519165,cache_bf16,large_h6_n10_s100_wikics_arxiv,3184012ce3fd116b5a1c75421824747786bb2b0fd93fb15f6e13f67525491820,19.032127380371094,109.4857277572155,0,332.49546578526497,0,0,0,0
wikics,val,95,95,wikics:val:000095:5896bd7e52cfe097,2,1168.592474,1168.5654296875,1050.561817,117.697605,70.77980972826481,26.62699017673731,7.608478888869286,695.8884140476584,263.98790740966797,430.2493438720703,63,0,1,0,0,0,0,0,0,0,212.15318298339844,11.35318410396576,32.95756769180298,7.5239726305007935,cache_bf16,large_h6_n10_s100_wikics_arxiv,5896bd7e52cfe097327cd8ed639653674c955ddf369bc55d1960b629703e361e,19.181087493896484,111.15216016769409,0,338.2782711982727,0,0,0,0
wikics,val,96,96,wikics:val:000096:e0d75fdd10f22e74,2,948.397406,948.3709106445312,841.759299,106.335094,66.9690864160657,26.342312805354595,6.679271347820759,552.3987216874957,174.0689296722412,376.8800354003906,55,0,1,0,0,0,0,0,0,0,134.06092643737793,6.9499839544296265,28.142048358917236,4.9159709215164185,cache_bf16,large_h6_n10_s100_wikics_arxiv,e0d75fdd10f22e74abcf3b05065d2374d4d1eeea4d96c2ce62fec18e8e1931fd,19.156095504760742,97.91670414805412,0,298.11942675709724,0,0,0,0
wikics,val,97,97,wikics:val:000097:4ecd8b7732146f0e,2,1201.80481,1201.7763671875,1099.328833,102.147896,101.06554999947548,27.080620639026165,7.224409841001034,589.181013405323,176.17987060546875,411.4288635253906,60,0,1,0,0,0,0,0,0,0,133.45046424865723,6.853055953979492,30.95996856689453,4.9163818359375,cache_bf16,large_h6_n10_s100_wikics_arxiv,4ecd8b7732146f0ead756c272e471e92c7481de63dcac7feb1ad635935de08c1,19.154399871826172,106.09449595212936,0,324.48876744508743,0,0,0,0
wikics,val,98,98,wikics:val:000098:255280efcfde1df9,2,1093.431624,1093.404052734375,986.10185,107.014235,71.68377935886383,26.336741633713245,7.219603285193443,625.7552141323686,213.63561630249023,410.5398254394531,60,0,1,0,0,0,0,0,0,0,167.6291847229004,8.869407892227173,31.080927848815918,6.056095838546753,cache_bf16,large_h6_n10_s100_wikics_arxiv,255280efcfde1df920001e1b4a297d5150dfa6e921b32d68249ba5b73836e939,19.134431838989258,106.25196799635887,0,323.4222892820835,0,0,0,0
wikics,val,99,99,wikics:val:000099:d4fd256fb5152e8f,2,1116.65977,1116.6326904296875,1008.233402,108.108386,69.55133844166994,26.282157748937607,7.559639401733875,615.0410659611225,183.13859367370605,430.2551727294922,63,0,1,0,0,0,0,0,0,0,138.19683265686035,7.076287865638733,32.795584201812744,5.069888949394226,cache_bf16,large_h6_n10_s100_wikics_arxiv,d4fd256fb5152e8f5140b8ef9594c080c5b38ea41b17aceb83bda8b99e776f76,19.083168029785156,110.88863971829414,0,338.4497010409832,0,0,0,0
wikics,test,100,0,wikics:test:000000:b39e9f309eb7b7ab,2,1163.87954,1163.7763671875,1056.781475,106.57598,166.75806138664484,31.43681399524212,7.336137816309929,617.458495311439,204.68777465820312,411.06266021728516,59,0,1,0,0,0,0,0,0,0,159.68953895568848,8.377824068069458,30.40006399154663,6.22034764289856,cache_bf16,large_h6_n10_s100_wikics_arxiv,b39e9f309eb7b7abbfb6ef032cc0f27946bd2af7f6ca83076ea40eb13bf61862,20.20137596130371,104.87545591592789,0,326.388580262661,0,0,0,0
wikics,test,101,1,wikics:test:000001:114baa3a3e60d438,2,1148.689279,1148.661865234375,1046.317252,102.067367,85.4759281501174,27.851509861648083,7.463800720870495,654.7025004401803,229.54687881469727,423.51548767089844,62,0,1,0,0,0,0,0,0,0,181.29961585998535,9.629055976867676,32.07491159439087,6.543295383453369,cache_bf16,large_h6_n10_s100_wikics_arxiv,114baa3a3e60d43877ff9471825f00544b60fc4b458c41f176d3a2b17a3e68ec,19.024383544921875,109.4322239458561,0,333.1076472699642,0,0,0,0
wikics,test,102,2,wikics:test:000002:5b151751c4684bba,2,1017.5423,1017.5162353515625,915.097788,102.101003,72.06548936665058,28.40500231832266,7.431073114275932,592.3785408958793,174.02208137512207,416.7475891113281,61,0,1,0,0,0,0,0,0,0,130.81411170959473,6.6994558572769165,31.671424388885498,4.837089419364929,cache_bf16,large_h6_n10_s100_wikics_arxiv,5b151751c4684bba603799d005ae26aae4aacdec132f6ce0e7224bc86c03f917,19.0350399017334,107.6581118106842,0,328.1245172023773,0,0,0,0
wikics,test,103,3,wikics:test:000003:122e1f58b400bded,2,1027.361964,1027.3353271484375,920.64805,106.426685,67.91524309664965,26.031321845948696,6.939733400940895,573.9806210622191,184.31644821166992,388.1617889404297,57,0,1,0,0,0,0,0,0,0,142.3057918548584,7.407232046127319,29.39564847946167,5.207775831222534,cache_bf16,large_h6_n10_s100_wikics_arxiv,122e1f58b400bdeddb1f6c0405804f1582b84056ad4f8eec0c0c0b813cd6b9d1,18.99247932434082,101.10547217726707,0,306.04879608750343,0,0,0,0
wikics,test,104,4,wikics:test:000004:c438a01544bd1b9c,2,1130.38244,1130.3551025390625,1028.972793,101.129435,67.76262912899256,26.088488288223743,7.479977793991566,655.938065610826,230.5506248474121,423.7815628051758,62,0,1,0,0,0,0,0,0,0,182.21135902404785,9.657888054847717,32.12662410736084,6.554753661155701,cache_bf16,large_h6_n10_s100_wikics_arxiv,c438a01544bd1b9cc5f15f45a32edd97056d0be72872e2ce33fee2f6660df03c,19.007936477661133,109.43404790759087,0,333.35545137524605,0,0,0,0
wikics,test,105,5,wikics:test:000005:b256e9b37f8f8b31,2,1050.570521,1050.543212890625,911.761726,138.490494,61.11103482544422,26.390070095658302,6.862562149763107,555.2229043096304,172.36544036865234,381.37756729125977,56,0,1,0,0,0,0,0,0,0,132.0854721069336,6.871839880943298,28.558751583099365,4.849376797676086,cache_bf16,large_h6_n10_s100_wikics_arxiv,b256e9b37f8f8b317821e74669f3f8f611b5cf3505734f75329e0e0252627528,19.110559463500977,99.45926383137703,0,301.0288629233837,0,0,0,0
wikics,test,106,6,wikics:test:000006:19b231ef2406ed8c,2,1048.225684,1048.1978759765625,925.200664,122.576414,62.819854356348515,26.370428502559662,6.942682899534702,579.7910606488585,186.63811111450195,391.6460494995117,57,0,1,0,0,0,0,0,0,0,144.38617706298828,7.486591935157776,29.4781436920166,5.287198424339294,cache_bf16,large_h6_n10_s100_wikics_arxiv,19b231ef2406ed8c583458561709494bbc1d7dae0c38f2245ae028dc2ffe7fa7,19.11520004272461,101.30278372764587,0,309.45846581459045,0,0,0,0
wikics,test,107,7,wikics:test:000007:c8e944e20f3aef4c,2,1075.693314,1075.6661376953125,957.816675,117.560105,65.6800102442503,26.157118380069733,7.185160182416439,594.2556010559201,189.80928230285645,402.89676666259766,59,0,1,0,0,0,0,0,0,0,146.58223915100098,7.6034239530563354,30.27903985977173,5.344579339027405,cache_bf16,large_h6_n10_s100_wikics_arxiv,c8e944e20f3aef4cfb52bf00e40496a22f24a1730839bd0d16e6d5fc47d43319,18.983295440673828,104.19584009051323,0,317.68422201275826,0,0,0,0
wikics,test,108,8,wikics:test:000008:80f4d51321480518,2,1145.193521,1145.1666259765625,1038.38097,106.514909,69.60168853402138,26.156891137361526,7.658670656383038,699.5966862887144,276.256290435791,421.72093200683594,62,0,1,0,0,0,0,0,0,0,223.86722564697266,12.157600045204163,32.3185920715332,7.912872672080994,cache_bf16,large_h6_n10_s100_wikics_arxiv,80f4d513214805184fc45f848c55366ad73f2d780b9e9fa1d3760718f24fe44f,19.045024871826172,109.4237117767334,0,331.3422451019287,0,0,0,0
wikics,test,109,9,wikics:test:000009:7fd456811cef22b6,2,1156.824782,1156.7978515625,1054.708236,101.803253,68.5237692669034,26.09303407371044,7.501370273530483,638.8620054349303,215.0738525390625,422.1724166870117,62,0,1,0,0,0,0,0,0,0,168.04009819030762,8.850367903709412,32.10531234741211,6.078074097633362,cache_bf16,large_h6_n10_s100_wikics_arxiv,7fd456811cef22b63a623796ffc6b064d8dc50e1731aaf1160cff91619785d8c,19.019392013549805,109.26464012265205,0,331.92716857790947,0,0,0,0
wikics,test,110,10,wikics:test:000010:3bcd951b5cb81ae3,2,1101.048039,1101.0203857421875,993.869534,106.868233,71.49133738130331,25.926707312464714,7.887211628258228,630.2607823163271,191.46220588684082,437.1344223022461,64,0,1,0,0,0,0,0,0,0,145.53164863586426,7.5108479261398315,33.07801628112793,5.341693043708801,cache_bf16,large_h6_n10_s100_wikics_arxiv,3bcd951b5cb81ae38ac9208e0fdf47eb902372cd8bdef981aa9f248046da9215,18.878976821899414,112.45548817515373,0,343.5579109489918,0,0,0,0
wikics,test,111,11,wikics:test:000011:926e4c10c89dc024,2,1070.446558,1070.4205322265625,947.299478,122.804931,65.17528928816319,26.33771114051342,7.181921042501926,595.7043254747987,194.6825294494629,399.48326873779297,58,0,1,0,0,0,0,0,0,0,151.64537620544434,7.82364809513092,29.692031860351562,5.521473288536072,cache_bf16,large_h6_n10_s100_wikics_arxiv,926e4c10c89dc02467e14a1cc74f902f663f97c9be62c39a2c5a637785f62540,19.067232131958008,102.77251216769218,0,315.7779887020588,0,0,0,0
wikics,test,112,12,wikics:test:000012:948f281fa8e149ed,2,922.43105,922.4053344726562,799.690611,122.408165,60.22499222308397,26.71775221824646,6.546527147293091,510.1393377408385,142.5262393951416,366.193058013916,53,0,1,0,0,0,0,0,0,0,105.82268714904785,5.3820160031318665,27.376863956451416,3.9446722865104675,cache_bf16,large_h6_n10_s100_wikics_arxiv,948f281fa8e149ed9febadd04e2e85b6e036139c74d1b69c8fe17fa0526eea7b,19.19148826599121,94.73775979876518,0,290.64678648114204,0,0,0,0
wikics,test,113,13,wikics:test:000013:872bb9df273ad109,2,1079.974218,1079.9461669921875,976.70222,102.939038,74.19291231781244,26.732021011412144,7.565023377537727,674.6408231556416,246.14860916137695,426.8616638183594,62,0,1,0,0,0,0,0,0,0,196.49024200439453,10.463680028915405,32.18614435195923,7.008542776107788,cache_bf16,large_h6_n10_s100_wikics_arxiv,872bb9df273ad1091abe85ef20ec42adedd38c5e9536cb98d6587aade4d6f979,19.27123260498047,109.49945613741875,0,336.6334402859211,0,0,0,0
wikics,test,114,14,wikics:test:000014:557ddebe91684e6e,2,986.517909,986.490478515625,863.493914,122.705236,61.187198385596275,26.094828732311726,6.566026248037815,569.4322669878602,198.44678497314453,369.55126571655273,54,0,1,0,0,0,0,0,0,0,156.68175888061523,8.256287932395935,27.82319974899292,5.685538411140442,cache_bf16,large_h6_n10_s100_wikics_arxiv,557ddebe91684e6e1d7adc8d5728380c715b186f05cc9e5b854bd8f140a2f512,19.0185604095459,96.45065596699715,0,292.1191701591015,0,0,0,0
wikics,test,115,15,wikics:test:000015:32677b4eee65e40a,2,823.293057,823.2666015625,715.470886,107.509824,51.05108115822077,26.38168726116419,5.701499059796333,428.8081871345639,108.82483291625977,318.73392486572266,46,0,1,0,0,0,0,0,0,0,78.0671033859253,3.953663945198059,23.838624000549316,2.965441584587097,cache_bf16,large_h6_n10_s100_wikics_arxiv,32677b4eee65e40ae6a165981814df6d211d2bbf09bed9be523649a4f29c7126,19.355104446411133,83.29679989814758,0,254.7922294139862,0,0,0,0
wikics,test,116,16,wikics:test:000016:c0475eb283dbd143,2,982.277808,982.2506713867188,874.218429,107.730186,70.98344806581736,27.029859833419323,6.850523874163628,549.4008520618081,152.62867164611816,395.2920379638672,56,0,1,0,0,0,0,0,0,0,114.05123329162598,5.798207938671112,28.53763198852539,4.241598427295685,cache_bf16,large_h6_n10_s100_wikics_arxiv,c0475eb283dbd1439a7826b0099b1b55085b16bdbb6d9c323473b401ba40a131,19.142847061157227,99.40268790721893,0,315.0321971178055,0,0,0,0
wikics,test,117,17,wikics:test:000017:4a1cc5182ee6a7b2,2,972.726609,972.6964721679688,865.127637,107.26229,76.33448392152786,27.33108215034008,6.866096518933773,535.5337336659431,152.63321495056152,381.41846466064453,56,0,1,0,0,0,0,0,0,0,114.06351852416992,5.8022080063819885,28.52995204925537,4.237536370754242,cache_bf16,large_h6_n10_s100_wikics_arxiv,4a1cc5182ee6a7b21bcc02e720e79abc58a3736448065e57d132aabb574e1ce0,19.29408073425293,99.41087993979454,0,301.3016654551029,0,0,0,0
wikics,test,118,18,wikics:test:000018:52ed896d72d1921f,2,1075.077011,1075.0489501953125,967.889994,106.852692,71.50219567120075,27.138336561620235,7.497983053326607,643.5920549556613,225.20406341552734,416.78271484375,61,0,1,0,0,0,0,0,0,0,177.5092487335205,9.434623956680298,31.870720863342285,6.389469861984253,cache_bf16,large_h6_n10_s100_wikics_arxiv,52ed896d72d1921f5bfad1ba37c773faef5be83e39838a0b7c5f273e111c94c2,19.18377685546875,107.73622408509254,0,328.2302676141262,0,0,0,0
wikics,test,119,19,wikics:test:000019:d818f5b8cb6d7e5d,2,1022.573245,1022.5462036132812,915.068001,107.170498,72.21070397645235,26.162460446357727,7.486059330403805,643.136665225029,224.87967681884766,416.6606674194336,61,0,1,0,0,0,0,0,0,0,177.21737670898438,9.430335998535156,31.857279300689697,6.374684810638428,cache_bf16,large_h6_n10_s100_wikics_arxiv,d818f5b8cb6d7e5debed18cf27d69c8839f643f32da6837d6996ba8668450d55,19.085311889648438,107.80691188573837,0,327.93906742334366,0,0,0,0
wikics,test,120,20,wikics:test:000020:ab0922f67c5fbbe5,2,1196.681247,1196.6527099609375,1094.181026,102.173077,75.2159720286727,26.128184981644154,7.614231668412685,739.3532320857048,307.7284469604492,429.98975372314453,63,0,1,0,0,0,0,0,0,0,252.16339111328125,13.728415966033936,33.052735805511475,8.783904075622559,cache_bf16,large_h6_n10_s100_wikics_arxiv,ab0922f67c5fbbe5719b9057d130d798ebe62c82eda3b9e6779d10b62a0ab03e,19.047391891479492,111.08335986733437,0,337.95378574728966,0,0,0,0
wikics,test,121,21,wikics:test:000021:5d453ee1cd5d59f9,2,1072.335639,1072.3079833984375,964.842693,107.172638,62.54345364868641,26.216469705104828,6.816443987190723,565.1065949350595,180.8566074371338,382.76540756225586,56,0,1,0,0,0,0,0,0,0,139.87615966796875,7.293216109275818,28.582047939300537,5.105183720588684,cache_bf16,large_h6_n10_s100_wikics_arxiv,5d453ee1cd5d59f93beec8e6bbfa80c2f22adbd82be2f4d0eac68cd4736cd8ab,19.058303833007812,99.47868779301643,0,302.34502360224724,0,0,0,0
wikics,test,122,22,wikics:test:000022:066e9ba55552f1f8,2,1272.020178,1271.9913330078125,1163.84608,107.820016,72.94758222997189,26.384521275758743,7.910050451755524,803.9311971515417,364.4030418395996,437.85459899902344,64,0,1,0,0,0,0,0,0,0,304.34182357788086,16.374431848526,33.34723138809204,10.339555025100708,cache_bf16,large_h6_n10_s100_wikics_arxiv,066e9ba55552f1f8a73072514a22f5d6757c92f4c0398e291fc015deb88b7b88,19.0633602142334,112.8808316886425,0,344.03712752461433,0,0,0,0
wikics,test,123,23,wikics:test:000023:f77a6bf6e6e7e71b,2,1000.348544,1000.3212280273438,897.552448,102.454092,68.07208806276321,26.781510561704636,7.308628410100937,565.8566802740097,160.58748817443848,403.7063980102539,59,0,1,0,0,0,0,0,0,0,119.8243522644043,6.086912035942078,30.235264778137207,4.440959095954895,cache_bf16,large_h6_n10_s100_wikics_arxiv,f77a6bf6e6e7e71b5e5ecd0307e4293065f4fee80788b61911368457a6d1a604,19.315744400024414,104.41315227746964,0,318.6089901328087,0,0,0,0
wikics,test,124,24,wikics:test:000024:000a2a73e51d5345,2,1064.252179,1064.2244873046875,925.272548,138.644605,63.65592963993549,26.606974191963673,6.947387009859085,558.6273241788149,172.48144149780273,384.6677780151367,56,0,1,0,0,0,0,0,0,0,132.16291046142578,6.863327980041504,28.586527824401855,4.868675231933594,cache_bf16,large_h6_n10_s100_wikics_arxiv,000a2a73e51d53459dc7e58576aaddb15d29ac4a73b00401f136569f75d2f6b8,19.196928024291992,99.50579196214676,0,304.35891407728195,0,0,0,0
wikics,test,125,25,wikics:test:000025:1424ce3b3bad84d4,2,1100.671828,1100.6434326171875,992.820391,107.513485,73.06740712374449,26.522074826061726,7.680256851017475,631.3714515417814,199.15650939941406,430.5662078857422,63,0,1,0,0,0,0,0,0,0,152.7991065979004,7.939231991767883,32.86377573013306,5.554395079612732,cache_bf16,large_h6_n10_s100_wikics_arxiv,1424ce3b3bad84d47085b76cd2ca72fa2d01ab4c8eb0cee9f0854c07ffcbbf64,19.100223541259766,110.90681582689285,0,338.7596156001091,0,0,0,0
wikics,test,126,26,wikics:test:000026:6fabdd7e6fa1c9b0,2,1127.219058,1127.191650390625,1019.698989,107.171291,72.88342621177435,26.707405224442482,7.452625781297684,658.1657566130161,237.69337463378906,418.8571243286133,61,0,1,0,0,0,0,0,0,0,188.94751739501953,10.0556800365448,31.966144561767578,6.724032640457153,cache_bf16,large_h6_n10_s100_wikics_arxiv,6fabdd7e6fa1c9b0791ff71909878258781591a7720f48a6507ad37df16a4ca1,19.138111114501953,107.91942378878593,0,330.0758116543293,0,0,0,0
wikics,test,127,27,wikics:test:000027:df55b940083f1bf1,2,1331.405233,1331.376953125,1223.182796,107.87059,72.27936666458845,26.759342290461063,7.496940903365612,783.320689573884,354.75097274780273,426.9347152709961,62,0,1,0,0,0,0,0,0,0,296.155330657959,16.102272033691406,32.465087890625,10.028282165527344,cache_bf16,large_h6_n10_s100_wikics_arxiv,df55b940083f1bf1f1f72918358a0a21b17b5b59208e8033f0571bcddd8aab82,19.212543487548828,109.6843518614769,0,336.462906897068,0,0,0,0
wikics,test,128,28,wikics:test:000028:bb2e0546b88fa929,2,1055.342954,1055.3154296875,931.891403,123.106374,66.27366598695517,26.562267914414406,6.971451453864574,576.623403467238,186.62502479553223,388.48626708984375,57,0,1,0,0,0,0,0,0,0,144.38848114013672,7.474720120429993,29.489503383636475,5.2723201513290405,cache_bf16,large_h6_n10_s100_wikics_arxiv,bb2e0546b88fa929e4ad473dbd223f632fce04a3717e5e2390426e3af27fddfb,19.156831741333008,101.14614388346672,0,306.49695494771004,0,0,0,0
wikics,test,129,29,wikics:test:000029:354b8d27549aa637,2,1115.539497,1115.5123291015625,1012.918402,102.266652,73.64329136908054,26.53538156300783,7.667663507163525,649.1857497021556,215.36281204223633,432.1767120361328,63,0,1,0,0,0,0,0,0,0,167.60614204406738,8.812960028648376,32.898752212524414,6.044957756996155,cache_bf16,large_h6_n10_s100_wikics_arxiv,354b8d27549aa637c29bd706bc1b1d4c8e164bb524dbb43ff574695c37d49b21,19.088640213012695,111.00499227643013,0,340.2603599727154,0,0,0,0
wikics,test,130,30,wikics:test:000030:4a41086e390dbe51,2,1023.834438,1023.80810546875,920.898369,102.580824,69.9672382324934,26.4182947576046,7.3247067630290985,609.3130391091108,203.0638084411621,404.68790435791016,59,0,1,0,0,0,0,0,0,0,158.51708793640137,8.302591919898987,30.479007244110107,5.765121340751648,cache_bf16,large_h6_n10_s100_wikics_arxiv,4a41086e390dbe51ecd9f27bdf84a1f2aed65d44410ce97f0e5f6a2d66d349b1,19.19443130493164,104.55388814210892,0,319.3284475207329,0,0,0,0
wikics,test,131,31,wikics:test:000031:cafc1e78b99470a1,2,1084.926262,1084.8994140625,981.932689,102.634054,77.91827246546745,26.51169430464506,7.7948374673724174,673.068598844111,234.21641159057617,437.17871856689453,64,0,1,0,0,0,0,0,0,0,184.58745574951172,9.758304119110107,33.22639989852905,6.644251823425293,cache_bf16,large_h6_n10_s100_wikics_arxiv,cafc1e78b99470a1de15d16216655833dd9034daaf7ae6b5386e2d52952fddae,19.22083282470703,112.59439998865128,0,343.8051514029503,0,0,0,0
wikics,test,132,32,wikics:test:000032:1f48965693a47551,2,1194.607441,1194.5794677734375,1091.397503,102.866504,73.59586842358112,26.57109498977661,7.657523266971111,686.3257773220539,253.50444793701172,431.17417907714844,63,0,1,0,0,0,0,0,0,0,202.4746551513672,10.824128031730652,33.02883291244507,7.176831841468811,cache_bf16,large_h6_n10_s100_wikics_arxiv,1f48965693a47551fb266cee941d275d7733d5e14d8bc4f0a241156e1e7f8f85,19.13222312927246,111.09046423435211,0,339.2159379720688,0,0,0,0
wikics,test,133,33,wikics:test:000033:97a6a0498a0658ed,2,1240.347593,1240.3177490234375,1132.294376,107.707488,75.07607713341713,26.501711457967758,7.719682529568672,677.9242595657706,244.42268753051758,431.8533706665039,63,0,1,0,0,0,0,0,0,0,194.06911849975586,10.384639978408813,33.03113603591919,6.937793016433716,cache_bf16,large_h6_n10_s100_wikics_arxiv,97a6a0498a0658edcac653eb0bb3210363bd9b07ca8d619186dbcfcbc0a2e8f5,19.101375579833984,111.12547212839127,0,339.8292741179466,0,0,0,0
wikics,test,134,34,wikics:test:000034:93dab44c974f61f3,2,1071.453275,1071.424560546875,964.093905,107.047279,70.93868870288134,26.14669594913721,7.465966045856476,641.4472479373217,224.82144165039062,415.0367889404297,61,0,1,0,0,0,0,0,0,0,177.17183876037598,9.407104015350342,31.86307191848755,6.379426956176758,cache_bf16,large_h6_n10_s100_wikics_arxiv,93dab44c974f61f37b82c3a55ac543c3cafa371b99f438f53d8df60d8b08da15,19.106367111206055,107.66476795077324,0,326.4783881008625,0,0,0,0
wikics,test,135,35,wikics:test:000035:e96a44872b159e58,2,1061.380422,1061.35302734375,954.17577,106.886795,69.54096537083387,26.723160408437252,7.066774182021618,573.3294878154993,174.47235107421875,397.3194351196289,58,0,1,0,0,0,0,0,0,0,132.9784984588623,6.87443208694458,29.73465585708618,4.884764671325684,cache_bf16,large_h6_n10_s100_wikics_arxiv,e96a44872b159e585dfc70f49945bedec7a8f682f7c98f1e2e240ff3a9cfb9a6,19.194015502929688,102.8144959807396,0,313.698954641819,0,0,0,0
wikics,test,136,36,wikics:test:000036:afbff186281a0e4e,2,1143.799999,1143.7724609375,1036.462457,107.041717,72.59875815361738,26.138623245060444,7.706882432103157,618.6179788783193,187.90281677246094,429.0715103149414,63,0,1,0,0,0,0,0,0,0,142.52383995056152,7.359296083450317,32.78803205490112,5.231648683547974,cache_bf16,large_h6_n10_s100_wikics_arxiv,afbff186281a0e4ef263695c2eae0d5605ba4b8d807b1a398463e79793b58c9e,19.03718376159668,110.81695991754532,0,337.29173415899277,0,0,0,0
wikics,test,137,37,wikics:test:000037:b3012d4981d56ea8,2,952.57825,952.5502319335938,845.390984,106.879632,64.02468495070934,26.078143157064915,6.768225692212582,504.2549194768071,128.35564994812012,374.4453125,55,0,1,0,0,0,0,0,0,0,92.16956806182861,4.59798401594162,28.101888179779053,3.4862096905708313,cache_bf16,large_h6_n10_s100_wikics_arxiv,b3012d4981d56ea820287d335a753a79cc4b4f1ef77ed486500ba06ecd246d4b,19.00214385986328,97.69574415683746,0,295.7517122030258,0,0,0,0
wikics,test,138,38,wikics:test:000038:d8d309dacda8c856,2,1022.92085,1022.8938598632812,920.963348,101.665379,71.8250423669815,26.122993789613247,7.678615860641003,612.9210302606225,181.2471046447754,430.0403289794922,63,0,1,0,0,0,0,0,0,0,136.46796798706055,6.952927947044373,32.79468774795532,5.031520962715149,cache_bf16,large_h6_n10_s100_wikics_arxiv,d8d309dacda8c8565011a8a5c4bd50703da0a89f4da3c8de139014c0f400b5e1,19.107391357421875,110.97007980942726,0,338.1776405274868,0,0,0,0
wikics,test,139,39,wikics:test:000039:3ef432bb200e1c4d,2,1071.921747,1071.8941650390625,965.027761,106.569929,64.27743192762136,26.227126829326153,6.729560904204845,565.972582437098,180.85404777526855,383.64546966552734,56,0,1,0,0,0,0,0,0,0,139.86931228637695,7.281792044639587,28.60051202774048,5.102431416511536,cache_bf16,large_h6_n10_s100_wikics_arxiv,3ef432bb200e1c4d10899e6d592c8c2970df591ebd929560ec4d6b50c138ea97,19.114784240722656,99.52137598395348,0,303.2388779222965,0,0,0,0
wikics,test,140,40,wikics:test:000040:9c16d6144ad4a191,2,1138.491043,1138.4637451171875,1036.289726,101.89719,71.75475358963013,26.319035328924656,7.591228932142258,619.8200611397624,188.20761489868164,429.9717712402344,63,0,1,0,0,0,0,0,0,0,142.78924751281738,7.370816111564636,32.80659246444702,5.2409588098526,cache_bf16,large_h6_n10_s100_wikics_arxiv,9c16d6144ad4a1917bc11fa59558e81b6ffc26842b37c5b649636e1bd6996d1c,19.15817642211914,110.92960008978844,0,338.2003475725651,0,0,0,0
wikics,test,141,41,wikics:test:000041:7fea338f8fa28367,2,1027.666175,1027.638671875,920.630798,106.722561,72.70187325775623,26.038626208901405,7.778460159897804,612.3646749183536,181.08988761901855,429.64012145996094,63,0,1,0,0,0,0,0,0,0,136.35484886169434,6.957279920578003,32.754560470581055,5.023198366165161,cache_bf16,large_h6_n10_s100_wikics_arxiv,7fea338f8fa28367962db97fb384e2e94a82f63cc2c2a58460bd13fa9d7532c6,19.012319564819336,110.9516479074955,0,337.7007931172848,0,0,0,0
wikics,test,142,42,wikics:test:000042:7e04af92ff942365,2,1132.617955,1132.589599609375,1029.833618,102.484217,71.64665032178164,26.301628910005093,7.5331078842282295,642.1117102727294,215.93903732299805,424.5549087524414,62,0,1,0,0,0,0,0,0,0,168.8281593322754,8.904608011245728,32.11824035644531,6.088029623031616,cache_bf16,large_h6_n10_s100_wikics_arxiv,7e04af92ff94236596a24d9e983dcc77cce54b5d00fe25a7752dadbdf0253c86,19.054943084716797,109.43193596601486,0,334.17791587114334,0,0,0,0
wikics,test,143,43,wikics:test:000043:7338a3bd818fbc61,2,1281.424824,1281.3966064453125,1159.043315,122.084151,73.48479982465506,26.615215465426445,7.820045575499535,772.3034033551812,332.91321563720703,437.72249603271484,64,0,1,0,0,0,0,0,0,0,275.14179611206055,14.91756796836853,33.414527893066406,9.439323663711548,cache_bf16,large_h6_n10_s100_wikics_arxiv,7338a3bd818fbc612b572517865a443cded9cc98f098cd47444fc0c70f038fa1,19.172224044799805,112.73468780517578,0,344.16003227233887,0,0,0,0
wikics,test,144,44,wikics:test:000044:e7e458e07c01abc7,2,1053.504541,1053.4764404296875,930.366119,122.840808,68.65191087126732,26.259430684149265,7.309074513614178,584.6687238663435,172.33846473693848,410.7597122192383,60,0,1,0,0,0,0,0,0,0,129.87078285217285,6.661279916763306,31.01081609725952,4.795585870742798,cache_bf16,large_h6_n10_s100_wikics_arxiv,e7e458e07c01abc73eac5d1f5b73ee274f45fe663453876d0498e3b21270f1db,19.08425521850586,106.05436769127846,0,323.7895997464657,0,0,0,0
wikics,test,145,45,wikics:test:000045:664f4ac17fac6612,2,1308.840931,1308.811279296875,1206.411579,102.126893,70.38236502557993,26.135718449950218,7.455362938344479,776.9666537642479,350.2320327758789,425.1250762939453,62,0,1,0,0,0,0,0,0,0,292.0335693359375,15.833152055740356,32.34931182861328,10.015999555587769,cache_bf16,large_h6_n10_s100_wikics_arxiv,664f4ac17fac66126dbf78db22d95ea89d4ccfe89013f9873465f1677a51a75f,18.989471435546875,109.54665619134903,0,334.56789153814316,0,0,0,0
wikics,test,146,46,wikics:test:000046:8880ab728d4d5032,2,1084.745748,1084.716796875,977.575583,106.862993,70.70855237543583,26.073160581290722,7.487873546779156,641.7631600052118,216.33718490600586,423.81024169921875,62,0,1,0,0,0,0,0,0,0,169.15894317626953,8.889119982719421,32.14070415496826,6.148417592048645,cache_bf16,large_h6_n10_s100_wikics_arxiv,8880ab728d4d503279b823be1914ee9902a040262614bf49e1872574b155fe91,19.025888442993164,109.40470418334007,0,333.43142595887184,0,0,0,0
wikics,test,147,47,wikics:test:000047:2642137ffa998c84,2,1091.841657,1091.8133544921875,984.280978,107.253474,73.95478896796703,26.136052794754505,7.770766504108906,631.1341589316726,199.65990447998047,429.83814239501953,63,0,1,0,0,0,0,0,0,0,153.19740676879883,8.004735946655273,32.8789439201355,5.578817844390869,cache_bf16,large_h6_n10_s100_wikics_arxiv,2642137ffa998c84dd63777375d8e0ade25fbd787901bdf3058101753a069020,18.96067237854004,110.96534380316734,0,337.8334709703922,0,0,0,0
wikics,test,148,48,wikics:test:000048:51b9971d8910d5e2,2,1025.956795,1025.9290771484375,908.029397,117.621807,72.5485710427165,26.06129925698042,7.756521925330162,586.5051839500666,154.63670349121094,430.23340606689453,63,0,1,0,0,0,0,0,0,0,112.04486465454102,5.618368029594421,32.77184009552002,4.201630711555481,cache_bf16,large_h6_n10_s100_wikics_arxiv,51b9971d8910d5e2e50bb2ce18041a1def0f52cc064e9c53428b6208b2325cec,19.042015075683594,110.89468783140182,0,338.3807333111763,0,0,0,0
wikics,test,149,49,wikics:test:000049:728df285513a7803,2,1134.969898,1134.9417724609375,1032.422788,102.248793,71.39298040419817,26.13347675651312,7.612185552716255,664.7000890225172,239.9775390625,423.10472869873047,62,0,1,0,0,0,0,0,0,0,190.8384952545166,10.116671919822693,32.17695999145508,6.845411896705627,cache_bf16,large_h6_n10_s100_wikics_arxiv,728df285513a7803b751f28b0959d82e759e2f545428d48a38d0f006a55bcc9a,19.021312713623047,109.40239995718002,0,332.7236414551735,0,0,0,0
wikics,test,150,50,wikics:test:000050:fe96b5b2a7c4af01,2,1152.71674,1152.68701171875,1030.109647,122.305905,70.9868622943759,26.19238756597042,7.623322308063507,664.6394748240709,241.42588806152344,421.60640716552734,62,0,1,0,0,0,0,0,0,0,192.0965461730957,10.214336037635803,32.26195240020752,6.853053450584412,cache_bf16,large_h6_n10_s100_wikics_arxiv,fe96b5b2a7c4af01943f25f9415335607ba1b330ad640aa2818bffc6db32e498,19.082975387573242,109.47619193792343,0,331.21319061517715,0,0,0,0
wikics,test,151,51,wikics:test:000051:6246382ad476e3b5,2,1112.312461,1112.284912109375,989.59604,122.434827,71.62493094801903,25.93809925019741,7.76186678558588,649.7642360627651,218.40655899047852,429.7221221923828,63,0,1,0,0,0,0,0,0,0,170.36457633972168,8.966912031173706,32.92934465408325,6.145725965499878,cache_bf16,large_h6_n10_s100_wikics_arxiv,6246382ad476e3b5f68b37aba9aa3566c47b169674446b7a4c924b1c74988d7f,18.900320053100586,111.01052814722061,0,337.6119140982628,0,0,0,0
wikics,test,152,52,wikics:test:000052:421b142bb389d9d1,2,1046.83148,1046.8040771484375,939.721989,106.809816,61.89203355461359,26.326019316911697,6.495222449302673,567.2920076176524,196.25263595581055,369.60887145996094,54,0,1,0,0,0,0,0,0,0,154.6558074951172,8.129663944244385,27.869791984558105,5.597372531890869,cache_bf16,large_h6_n10_s100_wikics_arxiv,421b142bb389d9d16aececb4211419686451d1184d50d2e5f8ea97ee81a79730,19.06118392944336,96.39350402355194,0,292.27655136585236,0,0,0,0
wikics,test,153,53,wikics:test:000053:31b24b95a70aea62,2,1022.273955,1022.24609375,919.999729,101.986319,69.99687664210796,26.290801353752613,7.5800735503435135,617.559670470655,193.78806686401367,422.15824127197266,62,0,1,0,0,0,0,0,0,0,148.52748680114746,7.716320037841797,32.12028789520264,5.423972129821777,cache_bf16,large_h6_n10_s100_wikics_arxiv,31b24b95a70aea62d73f3c5f5b796febb8ca98cc307497a826603ccfab0b45bb,19.121984481811523,109.2344961464405,0,332.0457296073437,0,0,0,0
wikics,test,154,54,wikics:test:000054:1492c0fd54704e8b,2,1189.517713,1189.4893798828125,1082.033173,107.184116,64.517792314291,26.215880177915096,7.101353257894516,631.9803511723876,219.59513092041016,410.8144989013672,60,0,1,0,0,0,0,0,0,0,172.9377613067627,9.183456182479858,31.24675178527832,6.227161645889282,cache_bf16,large_h6_n10_s100_wikics_arxiv,1492c0fd54704e8b3a028427a3f0afafbed89dfcff3af66979a2a0d84cdb94e6,19.07366371154785,106.13110387325287,0,323.75705873966217,0,0,0,0
wikics,test,155,55,wikics:test:000055:4c3a9cced3fdbabd,2,1022.529278,1022.5007934570312,920.593735,101.632129,66.3989195600152,26.10956411808729,7.604418322443962,616.752308793366,184.26678276062012,430.8504638671875,63,0,1,0,0,0,0,0,0,0,139.13942337036133,7.145983815193176,32.84835195541382,5.133023619651794,cache_bf16,large_h6_n10_s100_wikics_arxiv,4c3a9cced3fdbabd0d34163f06734c93b30f546193a2e36fcf5442c43864448d,19.067712783813477,111.06998389959335,0,338.8481927514076,0,0,0,0
wikics,test,156,56,wikics:test:000056:a5bcd1251e1f47d6,2,1108.296811,1108.2686767578125,1000.977382,107.012504,67.69074685871601,26.042642071843147,7.626631297171116,655.3095616400242,222.93161392211914,430.742431640625,63,0,1,0,0,0,0,0,0,0,174.4609603881836,9.21068799495697,32.975647926330566,6.28431761264801,cache_bf16,large_h6_n10_s100_wikics_arxiv,a5bcd1251e1f47d65b8e0c3b3de076d9f301f0643172bda73691e60b9cdddd5c,18.990623474121094,111.07977616786957,0,338.6532789468765,0,0,0,0
wikics,test,157,57,wikics:test:000057:c76d1190b26d012d,2,1149.917411,1149.8883056640625,1041.929502,107.655917,68.01942456513643,26.688107289373875,7.839725352823734,707.8749546781182,266.7668113708496,439.4268798828125,64,0,1,0,0,0,0,0,0,0,214.22748565673828,11.592383980751038,33.35827159881592,7.588670134544373,cache_bf16,large_h6_n10_s100_wikics_arxiv,c76d1190b26d012d091c00559c3a0425c20ebef1e538e567c96c216e9d813ae8,19.233760833740234,112.78816011548042,0,345.8724806010723,0,0,0,0
wikics,test,158,58,wikics:test:000058:a45285bcd1949205,2,1023.883214,1023.8551025390625,922.493584,101.094858,61.41581665724516,26.219024322926998,7.019880227744579,574.1016175597906,176.38332748413086,396.1965103149414,58,0,1,0,0,0,0,0,0,0,134.73958206176758,6.930304050445557,29.75766372680664,4.955777645111084,cache_bf16,large_h6_n10_s100_wikics_arxiv,a45285bcd19492055ac80246f60bb0fb2ed4e504e079a5cd3200cdbdb7b891b5,19.059711456298828,102.8096961081028,0,312.44652566313744,0,0,0,0
wikics,test,159,59,wikics:test:000059:1b94d315dc4e5555,2,1023.053614,1023.0260620117188,916.330799,106.407962,64.07583225518465,26.400907896459103,7.454794831573963,583.1784205511212,165.26489448547363,416.32322692871094,61,0,1,0,0,0,0,0,0,0,122.77408027648926,6.203903913497925,31.734911918640137,4.5519983768463135,cache_bf16,large_h6_n10_s100_wikics_arxiv,1b94d315dc4e55559bb69eeacb678f2d308eb5396713d6fa6fa7259031e7a970,19.190624237060547,107.58604788780212,0,327.92780327796936,0,0,0,0
wikics,test,160,60,wikics:test:000060:38930b7d326ce516,2,1171.756525,1171.7281494140625,1065.66907,105.783254,64.4118981435895,26.064010336995125,7.529451511800289,629.0242858231068,203.9382095336914,423.47274017333984,62,0,1,0,0,0,0,0,0,0,157.68067359924316,8.369087934494019,32.179200172424316,5.709247827529907,cache_bf16,large_h6_n10_s100_wikics_arxiv,38930b7d326ce5164a9e65e9f30bcdbf435b09460c7f0beaf0babbcac90226b4,18.96067237854004,109.30249574780464,0,333.13091680407524,0,0,0,0
wikics,test,161,61,wikics:test:000061:92c5bd90d0baeb93,2,1029.722804,1029.6951904296875,912.383058,117.042606,61.342290602624416,26.254625990986824,7.0525892078876495,556.9660849869251,158.45693016052246,396.9892120361328,58,0,1,0,0,0,0,0,0,0,118.2969913482666,6.040992021560669,29.724960327148438,4.393986463546753,cache_bf16,large_h6_n10_s100_wikics_arxiv,92c5bd90d0baeb9304f2a19cafff8d354c181be05d34b15cf570e210c30adb5c,19.08233642578125,102.77238410711288,0,313.2991643548012,0,0,0,0
wikics,test,162,62,wikics:test:000062:863d427861ff80dc,2,1102.285646,1102.2567138671875,983.758121,118.194954,67.10977479815483,26.2695774435997,7.816242054104805,631.8635242059827,194.13344192504883,436.0679473876953,64,0,1,0,0,0,0,0,0,0,147.9837131500244,7.628223896026611,33.103840827941895,5.417664051055908,cache_bf16,large_h6_n10_s100_wikics_arxiv,863d427861ff80dc849d2dfdc72906f1f2449ab7e6ed0e64e58e7235c0805796,19.09404754638672,112.43683204054832,0,342.7251628935337,0,0,0,0
wikics,test,163,63,wikics:test:000063:0a5a1c3308a40395,2,1362.950463,1362.9207763671875,1255.041076,107.582602,65.87600614875555,26.255342178046703,7.5845010578632355,890.4779208824039,464.9439392089844,423.9115219116211,62,0,1,0,0,0,0,0,0,0,397.9589157104492,21.392704010009766,32.40131139755249,13.1910080909729,cache_bf16,large_h6_n10_s100_wikics_arxiv,0a5a1c3308a40395b8520808200d136321b9db8233aa40c04be89539c97844d5,19.017215728759766,109.65542429685593,0,333.27331334352493,0,0,0,0
wikics,test,164,64,wikics:test:000064:84d2bb6fbbf2efc7,2,1278.381309,1278.3516845703125,1160.081811,117.978418,70.26480976492167,26.229867711663246,7.91005976498127,774.4740666821599,333.16431427001953,439.6487121582031,64,0,1,0,0,0,0,0,0,0,275.2675476074219,14.99456000328064,33.447936058044434,9.454270601272583,cache_bf16,large_h6_n10_s100_wikics_arxiv,84d2bb6fbbf2efc74543bfef829a471311b878c855f94ba54357da859b1dead5,19.097856521606445,112.7967358827591,0,345.9498327970505,0,0,0,0
wikics,test,165,65,wikics:test:000065:14afb2e221d1c808,2,1069.677365,1069.64990234375,967.103617,102.258847,61.856240034103394,26.58265084028244,6.871500983834267,567.6112500950694,181.41103744506836,384.7189064025879,56,0,1,0,0,0,0,0,0,0,140.28985595703125,7.3242878913879395,28.684704780578613,5.112188816070557,cache_bf16,large_h6_n10_s100_wikics_arxiv,14afb2e221d1c808d81f675640e726fc6c53da6b5558b9ab547f3f4e99214fb4,19.11689567565918,99.5971522629261,0,304.23864981532097,0,0,0,0
wikics,test,166,66,wikics:test:000066:cbfb38b24c9cd09f,2,1015.286226,1015.2586669921875,907.742026,107.229206,68.57384648174047,26.287847198545933,7.30304978787899,619.2942513152957,206.1286735534668,411.5907287597656,60,0,1,0,0,0,0,0,0,0,160.72393608093262,8.40281593799591,31.196223735809326,5.805697798728943,cache_bf16,large_h6_n10_s100_wikics_arxiv,cbfb38b24c9cd09feb274e275c5fa9b2ac59e47d5e2b01a2e0142792e6f92a00,19.101280212402344,106.20355215668678,0,324.4884568154812,0,0,0,0
wikics,test,167,67,wikics:test:000067:3368959dda51b804,2,1033.700486,1033.6729736328125,926.737187,106.660094,69.47277393192053,26.30762569606304,7.582551799714565,621.8924196437001,193.94895935058594,426.31922912597656,62,0,1,0,0,0,0,0,0,0,148.63068771362305,7.7282878160476685,32.149407386779785,5.440576434135437,cache_bf16,large_h6_n10_s100_wikics_arxiv,3368959dda51b804b9feaf3927fc8b63a4fe3efbd71e66e91bdae5790a4896e9,19.088607788085938,109.34691172838211,0,336.0609251856804,0,0,0,0
wikics,test,168,68,wikics:test:000068:c1f159a73fe7d15a,2,1027.876586,1027.846435546875,910.024766,117.556401,68.0403159931302,26.450786739587784,7.749522104859352,588.9288242906332,154.3693447113037,432.9141159057617,63,0,1,0,0,0,0,0,0,0,111.83897590637207,5.600799977779388,32.7454719543457,4.184096872806549,cache_bf16,large_h6_n10_s100_wikics_arxiv,c1f159a73fe7d15a2942f5fa44ebf6d2f9aa043b0006bc1c657334d82d242907,19.153888702392578,110.97235223650932,0,341.095652371645,0,0,0,0
wikics,test,169,69,wikics:test:000069:c5c6eb8bc69150d0,2,990.328094,990.2996826171875,888.114143,101.922352,63.60961589962244,26.10570937395096,7.426180876791477,596.6406567022204,177.65807914733887,417.3937301635742,61,0,1,0,0,0,0,0,0,0,133.9866237640381,6.915359973907471,31.828288078308105,4.927807331085205,cache_bf16,large_h6_n10_s100_wikics_arxiv,c5c6eb8bc69150d0f6f058cf2a8f0b19714a3b9e64ec85c634f36a2f6d435940,19.060768127441406,107.76108804345131,0,328.6934102475643,0,0,0,0
wikics,test,170,70,wikics:test:000070:15a487f6022e80ae,2,1033.362425,1033.3343505859375,925.740317,107.319921,62.65611946582794,26.203294284641743,7.301820442080498,585.1559331640601,172.77984237670898,410.79817962646484,60,0,1,0,0,0,0,0,0,0,130.19945526123047,6.678719878196716,31.09011220932007,4.811555027961731,cache_bf16,large_h6_n10_s100_wikics_arxiv,15a487f6022e80aeea9398891795f58d139b42b0803269478d8b34dea8a73425,19.06015968322754,105.96550393104553,0,323.89283537864685,0,0,0,0
wikics,test,171,71,wikics:test:000071:80de2ffba43febdb,2,1361.427045,1361.39697265625,1258.77733,102.325576,65.97162038087845,26.123378425836563,7.533198222517967,892.0582616701722,464.3678283691406,426.07176971435547,62,0,1,0,0,0,0,0,0,0,397.80844497680664,21.110431671142578,32.281375885009766,13.16757583618164,cache_bf16,large_h6_n10_s100_wikics_arxiv,80de2ffba43febdbe62c72ec696d6b17833aa5deda2322b1e87c46fc212d2618,19.05936050415039,109.4455361366272,0,335.68559408187866,0,0,0,0
wikics,test,172,72,wikics:test:000072:0a2ccdf11d68011b,2,1081.682798,1081.6544189453125,980.77195,100.617425,70.23324724286795,26.05762891471386,7.6607391238212585,631.1688022688031,199.67235565185547,429.86297607421875,63,0,1,0,0,0,0,0,0,0,153.20915031433105,7.970111966133118,32.92543935775757,5.567654013633728,cache_bf16,large_h6_n10_s100_wikics_arxiv,0a2ccdf11d68011bbe9b80610fa460e6d9cd02f79ccb2fe70c6d7122404939fe,18.97907257080078,110.9133121073246,0,337.92873653769493,0,0,0,0
wikics,test,173,73,wikics:test:000073:af4e3768afe7929b,2,1147.658642,1147.630859375,1040.496592,106.873194,71.86771370470524,25.99495742470026,7.763971574604511,704.5006211847067,266.9420471191406,435.9051208496094,64,0,1,0,0,0,0,0,0,0,214.35555267333984,11.628352046012878,33.38134431838989,7.57679808139801,cache_bf16,large_h6_n10_s100_wikics_arxiv,af4e3768afe7929b1e8e837cec1be78bf565feb6d8bdc034a26e3ac263f1fcb5,19.01055908203125,112.5283200442791,0,342.3873598873615,0,0,0,0
wikics,test,174,74,wikics:test:000074:26717eeb6c2c73ce,2,1275.730242,1275.700927734375,1152.983224,122.453423,70.78932970762253,26.02224238216877,7.88824912160635,770.6156773492694,332.2195854187012,436.742431640625,64,0,1,0,0,0,0,0,0,0,274.3238716125488,15.02019214630127,33.4518723487854,9.423649311065674,cache_bf16,large_h6_n10_s100_wikics_arxiv,26717eeb6c2c73ce0d419b3d77803154393a8d6999b43700154e75f75b854f0c,18.987712860107422,112.67500776052475,0,343.0551367402077,0,0,0,0
wikics,test,175,75,wikics:test:000075:c9441b3207b4d7bb,2,1061.374302,1061.3458251953125,959.608987,101.458528,63.5714428499341,26.05817560106516,7.395012304186821,624.5055068284273,211.61292266845703,411.321533203125,60,0,1,0,0,0,0,0,0,0,165.8071060180664,8.687744140625,31.13487958908081,5.9831929206848145,cache_bf16,large_h6_n10_s100_wikics_arxiv,c9441b3207b4d7bb23a3a8eb71a0e5d4956ccf9de45afef45b0119f4aa0c5ec8,18.970304489135742,106.1263681948185,0,324.16546949744225,0,0,0,0
wikics,test,176,76,wikics:test:000076:823cb40fd26b0064,2,1127.463847,1127.43505859375,1025.32678,101.842852,64.80919755995274,26.001478545367718,7.495022378861904,654.2565617710352,231.06869888305664,421.5823059082031,62,0,1,0,0,0,0,0,0,0,182.47670364379883,9.72595202922821,32.31401586532593,6.552027344703674,cache_bf16,large_h6_n10_s100_wikics_arxiv,823cb40fd26b0064a8aea01490743a82038eff8ef6b79e7478a5c1a8ab7509a2,18.967967987060547,109.27891218662262,0,331.27136170864105,0,0,0,0
wikics,test,177,77,wikics:test:000077:a6e66f96093de6ce,2,1015.999696,1015.9719848632812,914.168937,101.546506,61.998563818633556,26.00930631160736,7.187258452177048,567.3244222998619,165.10211372375488,400.68054962158203,59,0,1,0,0,0,0,0,0,0,123.89254570007324,6.320543885231018,30.303871631622314,4.585152506828308,cache_bf16,large_h6_n10_s100_wikics_arxiv,a6e66f96093de6ce1bd052d598cfac37c91f2fadb62e6500edf9e062a1601f5a,18.978336334228516,104.22924795746803,0,315.4296379983425,0,0,0,0
wikics,test,178,78,wikics:test:000078:906d5a2fc7b88169,2,1135.402469,1135.3743896484375,1033.479358,101.618033,70.50434593111277,26.086952537298203,7.681950926780701,619.4606702774763,188.38991928100586,429.44537353515625,63,0,1,0,0,0,0,0,0,0,142.90111923217773,7.380831956863403,32.86179161071777,5.246176481246948,cache_bf16,large_h6_n10_s100_wikics_arxiv,906d5a2fc7b881693e5654ad9a5ce6752da4ff09d9249413c6dfc7bd03c376dd,19.03183937072754,110.91980814933777,0,337.557404756546,0,0,0,0
wikics,test,179,79,wikics:test:000079:73f671ca14fb033a,2,1087.204055,1087.176025390625,980.414235,106.50025,69.37295105308294,25.979035533964634,7.505279965698719,720.6571940332651,296.1691474914551,422.8800964355469,62,0,1,0,0,0,0,0,0,0,242.78972625732422,12.74671983718872,32.25164842605591,8.38105297088623,cache_bf16,large_h6_n10_s100_wikics_arxiv,73f671ca14fb033a30965114cc70e57d3d1dfb1a6b55042e803792c154bd1fb9,18.96985626220703,109.42793610692024,0,332.42201659083366,0,0,0,0
wikics,test,180,80,wikics:test:000080:0f184f1db0a996b5,2,947.387279,947.3595581054688,845.080379,102.024184,62.972684390842915,26.356159709393978,6.679242476820946,505.6225834414363,128.75046157836914,375.42371368408203,55,0,1,0,0,0,0,0,0,0,92.46364879608154,4.601888000965118,28.176031589508057,3.5088931918144226,cache_bf16,large_h6_n10_s100_wikics_arxiv,0f184f1db0a996b5c155f228291f962fece60e25c894ab8ac113bb00d919bc8f,19.11974334716797,97.84118404984474,0,296.70227298140526,0,0,0,0
wikics,test,181,81,wikics:test:000081:3ad691f9135ebeda,2,1103.622303,1103.5927734375,1001.485298,101.852167,66.84649735689163,26.09518449753523,7.742294110357761,646.7179181054235,214.19910430908203,430.8818893432617,63,0,1,0,0,0,0,0,0,0,166.46492767333984,8.745376110076904,32.956767559051514,6.0320329666137695,cache_bf16,large_h6_n10_s100_wikics_arxiv,3ad691f9135ebeda351c27e4a5ed088b476ae0fa8fb08a1342134b594d9a827a,18.994783401489258,110.96323183178902,0,338.91344091296196,0,0,0,0
wikics,test,182,82,wikics:test:000082:35f6d185e3b60583,2,1031.833859,1031.8057861328125,909.306962,122.247643,59.258097782731056,26.117063127458096,7.019245065748692,597.7701609954238,199.6543960571289,396.59039306640625,58,0,1,0,0,0,0,0,0,0,155.80291175842285,8.197376132011414,30.051583290100098,5.6025248765945435,cache_bf16,large_h6_n10_s100_wikics_arxiv,35f6d185e3b605830d55bd84ce5ae6b1b83d3a2650aed066131a57f509390d3d,19.01046371459961,102.98883193731308,0,312.6120248436928,0,0,0,0
wikics,test,183,83,wikics:test:000083:77934391d49ed365,2,1082.037816,1082.009521484375,975.275675,106.478918,65.4784357175231,25.988510809838772,7.748759351670742,648.5539991408587,209.5278434753418,437.37635803222656,64,0,1,0,0,0,0,0,0,0,161.9119701385498,8.483008027076721,33.252960205078125,5.879905104637146,cache_bf16,large_h6_n10_s100_wikics_arxiv,77934391d49ed3653879241637d8d8b001cacd53af052f115b2bb037763f5039,18.979679107666016,112.53571200370789,0,343.8203251361847,0,0,0,0
wikics,test,184,84,wikics:test:000084:c558903a01f41d75,2,1098.268687,1098.2410888671875,991.030603,106.922267,65.04911463707685,26.065736077725887,7.447920739650726,634.2104263603687,214.4068145751953,418.2064971923828,61,0,1,0,0,0,0,0,0,0,167.6343994140625,8.786335706710815,31.937312126159668,6.048767328262329,cache_bf16,large_h6_n10_s100_wikics_arxiv,c558903a01f41d753914e796ba14e2931a6d80a582dc0814370dd761c259f2a7,19.03468894958496,107.76671966910362,0,329.47446647286415,0,0,0,0
wikics,test,185,85,wikics:test:000085:3ef7c5747bd481fb,2,1152.427382,1152.3980712890625,1050.38245,101.758051,66.47419463843107,25.98150260746479,7.536009885370731,678.3171370625496,252.8650245666504,423.83756256103516,62,0,1,0,0,0,0,0,0,0,202.41964721679688,10.904799938201904,32.346335887908936,7.194241523742676,cache_bf16,large_h6_n10_s100_wikics_arxiv,3ef7c5747bd481fb781ef0c2cb0f24c3f560198245c327c89d36040b4c1ee9cc,18.959360122680664,109.58326423168182,0,333.213658452034,0,0,0,0
wikics,test,186,86,wikics:test:000086:02f33170fe9a1014,2,1084.995631,1084.966796875,983.694973,100.989565,67.21414718776941,26.20859071612358,7.78559222817421,630.7507380843163,198.95004272460938,430.16732025146484,63,0,1,0,0,0,0,0,0,0,152.63520050048828,7.888352036476135,32.87452745437622,5.551962733268738,cache_bf16,large_h6_n10_s100_wikics_arxiv,02f33170fe9a1014eaa7ab4fd2e7737c2cdef43b62f534ca66d6f930bea0f3d5,18.988351821899414,110.807776004076,0,338.34789606928825,0,0,0,0
wikics,test,187,87,wikics:test:000087:5e99a11f6629116f,2,1039.493675,1039.4658203125,932.317717,106.853608,58.86791832745075,26.11388172954321,6.887889467179775,608.0957818776369,223.42303848266602,383.19945907592773,56,0,1,0,0,0,0,0,0,0,178.83315086364746,9.464831948280334,28.706751346588135,6.4183043241500854,cache_bf16,large_h6_n10_s100_wikics_arxiv,5e99a11f6629116fd08a82ba8d35c24398048b98ac3869fdfbaaaced09dd547e,19.051584243774414,99.5487357378006,0,302.70230758190155,0,0,0,0
wikics,test,188,88,wikics:test:000088:661719a5706d2798,2,986.137185,986.1083374023438,884.164672,101.672654,61.98230292648077,26.150990277528763,7.438115775585175,595.2841360121965,177.216064453125,416.47740173339844,61,0,1,0,0,0,0,0,0,0,133.6565761566162,6.8543360233306885,31.774816513061523,4.930335760116577,cache_bf16,large_h6_n10_s100_wikics_arxiv,661719a5706d2798e1832429597e7d4d8bc6495443836e96584a4620e3966597,19.09699249267578,107.62246370315552,0,327.9519305229187,0,0,0,0
wikics,test,189,89,wikics:test:000089:0811b581634c9202,2,1142.721706,1142.6934814453125,1035.321532,107.061482,65.7916683703661,26.056871749460697,7.765141315758228,705.8212365955114,267.2468490600586,436.9164505004883,64,0,1,0,0,0,0,0,0,0,214.60393524169922,11.646944046020508,33.41481685638428,7.58115291595459,cache_bf16,large_h6_n10_s100_wikics_arxiv,0811b581634c9202754ef09bc06883c1deaacc1ec2345102e3cee23457a2eb14,19.003456115722656,112.67331191897392,0,343.246594697237,0,0,0,0
wikics,test,190,90,wikics:test:000090:7a6f588c7960f99a,2,1080.83621,1080.8082275390625,958.710785,121.834122,64.38031978905201,26.08476299792528,7.549150846898556,634.3713337555528,210.59164810180664,422.17247772216797,62,0,1,0,0,0,0,0,0,0,163.84627151489258,8.594496011734009,32.206016063690186,5.944864511489868,cache_bf16,large_h6_n10_s100_wikics_arxiv,7a6f588c7960f99a36a1c6325dd09381821ed32292ec8ef9de564ccdc789c916,18.982847213745117,109.30995190143585,0,331.84537303447723,0,0,0,0
wikics,test,191,91,wikics:test:000091:048f77cea8bd8173,2,1004.087365,1004.0590209960938,897.279915,106.500174,64.37593325972557,26.07830334454775,7.491681724786758,616.1514855921268,205.24419403076172,409.3407974243164,60,0,1,0,0,0,0,0,0,0,159.98857498168945,8.334303975105286,31.122015953063965,5.799299120903015,cache_bf16,large_h6_n10_s100_wikics_arxiv,048f77cea8bd8173479140b32200897a6931e78a836def05ad85382e9253fcce,19.058176040649414,105.99212774634361,0,322.4068457186222,0,0,0,0
wikics,test,192,92,wikics:test:000092:7d809617c6bd3e1e,2,1003.785761,1003.7572021484375,901.761285,101.729553,66.24296493828297,25.979461148381233,7.755449041724205,612.2334497049451,181.71407890319824,428.8886413574219,63,0,1,0,0,0,0,0,0,0,136.8738250732422,6.9762879610061646,32.82915163040161,5.034814238548279,cache_bf16,large_h6_n10_s100_wikics_arxiv,7d809617c6bd3e1e57cc92bf7f69f76cb3ba72c0919f19f3316d1484b3e9841e,19.031391143798828,110.80710366368294,0,337.11292883753777,0,0,0,0
wikics,test,193,93,wikics:test:000093:322b3afcaa35f3c7,2,1059.189119,1059.16015625,951.932151,106.942104,62.59436719119549,26.32841933518648,7.473405450582504,641.7196979746222,217.6072654724121,422.5018539428711,62,0,1,0,0,0,0,0,0,0,170.2103977203369,8.986719846725464,32.24985599517822,6.160291910171509,cache_bf16,large_h6_n10_s100_wikics_arxiv,322b3afcaa35f3c71d509b1eaa067b1c9deb2f1fd9e38948dae3d548b5de4f83,19.035200119018555,109.34620767831802,0,332.1908463835716,0,0,0,0
wikics,test,194,94,wikics:test:000094:a005efdcd7c8715a,2,1005.40051,1005.3722534179688,898.417452,106.698144,59.361387975513935,26.165968738496304,7.202746346592903,568.0457167327404,165.27846336364746,401.2238464355469,59,0,1,0,0,0,0,0,0,0,124.01459121704102,6.328512191772461,30.331200122833252,4.604159832000732,cache_bf16,large_h6_n10_s100_wikics_arxiv,a005efdcd7c8715aa8fad232b75159e3190c49386d6e22f9d83ff1ba334960c2,19.0765438079834,104.34463998675346,0,315.9557502567768,0,0,0,0
wikics,test,195,95,wikics:test:000095:d668389de14e05fb,2,982.791113,982.7630004882812,865.041316,117.459431,58.896773494780064,26.204154826700687,6.95060845464468,572.002936154604,179.9516487121582,390.54467010498047,57,0,1,0,0,0,0,0,0,0,138.22336387634277,7.144767880439758,29.530495643615723,5.053021311759949,cache_bf16,large_h6_n10_s100_wikics_arxiv,d668389de14e05fb64f040eb1d30df390da23556d25ad8a665fb85d39595048c,19.09833526611328,101.23977607488632,0,308.4032292962074,0,0,0,0
wikics,test,196,96,wikics:test:000096:da21905a8cb96e44,2,1049.26827,1049.2401123046875,927.085574,121.894877,59.80394780635834,26.098404079675674,7.17062596231699,594.0726464614272,195.06092834472656,397.4911346435547,58,0,1,0,0,0,0,0,0,0,151.92975997924805,7.835583925247192,29.769792079925537,5.525792360305786,cache_bf16,large_h6_n10_s100_wikics_arxiv,da21905a8cb96e44856130f52c5c36dc7e212f58af78856eb7e3901a67b9533e,19.013343811035156,102.82313585281372,0,313.6813426017761,0,0,0,0
wikics,test,197,97,wikics:test:000097:322b174a79431b1f,2,1213.794647,1213.7666015625,1095.503011,117.984044,64.22770861536264,25.94352327287197,7.712985388934612,675.1082194969058,236.7834243774414,436.6741485595703,64,0,1,0,0,0,0,0,0,0,186.81247901916504,9.939776062965393,33.34188795089722,6.689281344413757,cache_bf16,large_h6_n10_s100_wikics_arxiv,322b174a79431b1fa466fe9d6c4146656cfc4021c19412a8ee526263102c0b0d,18.95142364501953,112.73343995213509,0,342.89213225245476,0,0,0,0
wikics,test,198,98,wikics:test:000098:23be48b489bd9fb1,2,1150.139218,1150.11083984375,1048.181897,101.649285,63.732448033988476,26.05176903307438,7.483134977519512,628.1936829909682,203.8881607055664,422.6929626464844,62,0,1,0,0,0,0,0,0,0,157.59679985046387,8.367968082427979,32.20703983306885,5.716352939605713,cache_bf16,large_h6_n10_s100_wikics_arxiv,23be48b489bd9fb14fe360697fdf38ded476b0d934c1ba487c6b7cd9272b87df,19.003711700439453,109.35852810740471,0,332.3381462395191,0,0,0,0
wikics,test,199,99,wikics:test:000099:25d922430a6078eb,2,1019.580601,1019.552978515625,896.715467,122.567863,60.3878740221262,26.114266365766525,7.18024093657732,555.2139859646559,158.63929557800293,395.05443572998047,58,0,1,0,0,0,0,0,0,0,118.43510437011719,6.053600072860718,29.75971221923828,4.390878915786743,cache_bf16,large_h6_n10_s100_wikics_arxiv,25d922430a6078eb827beb56e89fee9ffb162a0dff995eeecaf2bfa300f2b08d,19.037887573242188,102.59900805354118,0,311.4933152496815,0,0,0,0
