task,split,trace_order,query_index,query_uid,rep,query_wall_ms,query_gpu_ms,encoder_wall_ms,decoder_wall_ms,cache_load_wall_ms,online_nog_prefix_wall_ms,cache_assembly_wall_ms,suffix_wall_ms,suffix_gnn_gpu_ms,suffix_transformer_gpu_ms,cache_hits,cache_misses,cache_skips,quant_kv_attention_calls,fallback_count,quant_kv_attention_gpu_ms,kv_prepare_gpu_ms,int_qk_gpu_ms,softmax_prob_quant_gpu_ms,int_pv_gpu_ms,gnn_score_gpu_ms,gnn_message_gpu_ms,gnn_update_gpu_ms,gnn_other_gpu_ms,profile_mode,workload_profile,graph_signature,prefix_transformer_gpu_ms,dense_fc_gpu_ms,attention_gpu_ms,norm_residual_other_gpu_ms,logical_memory_loaded_bytes,logical_key_loaded_bytes,logical_value_loaded_bytes,int_gemm_call_count
cora_link,val,0,0,cora_link:val:000000:2b8559f934ffd5af,0,2081.719219,2081.64453125,1990.848044,90.318268,382.51503091305494,217.04611834138632,17.370309680700302,1242.736279964447,306.9624671936035,931.9465026855469,140,0,1,0,0,0,0,0,0,0,214.6136016845703,10.362815976142883,73.96057510375977,8.025474429130554,cache_bf16,large_h6_n32_s100,2b8559f934ffd5af71532c7b206da87da447aa51e1383cb7c327aed52b4ca12b,122.88787078857422,239.36617559194565,0,815.4681978821754,0,0,0,0
cora_link,val,1,1,cora_link:val:000001:011b6065bdfc4d99,0,1547.725477,1547.68505859375,1478.931524,68.418745,268.4430256485939,27.853298000991344,14.863895252346992,1066.7933085933328,271.33836364746094,792.4922332763672,121,0,1,0,0,0,0,0,0,0,191.9489917755127,9.707008004188538,62.51670455932617,7.165659308433533,cache_bf16,large_h6_n32_s100,011b6065bdfc4d997d47768dc671606054c518c7b876196bd40626bbb696d039,19.368640899658203,205.15600040555,0,606.7048737704754,0,0,0,0
cora_link,val,2,2,cora_link:val:000002:7087803365c344f7,0,1671.471373,1671.42919921875,1603.441329,67.641973,308.02048929035664,27.8751403093338,16.07462950050831,1141.870541498065,280.29733657836914,858.3840179443359,131,0,1,0,0,0,0,0,0,0,194.72275161743164,9.816928029060364,68.48006439208984,7.2775925397872925,cache_bf16,large_h6_n32_s100,7087803365c344f71c5a4d25ae7ab9d82ccdce35f66b51cb45e827491e8c111f,19.36502456665039,221.47155192494392,0,656.2774905860424,0,0,0,0
cora_link,val,3,3,cora_link:val:000003:54eb24a89dd1709d,0,1234.763489,1234.7255859375,1167.210236,67.219964,139.52541444450617,26.027604937553406,12.801555916666985,904.7635402530432,221.8674201965332,680.3305892944336,104,0,1,0,0,0,0,0,0,0,154.491455078125,7.6635520458221436,53.86335849761963,5.849054574966431,cache_bf16,large_h6_n32_s100,54eb24a89dd1709dc1bf27362cd73114c8e1213fd8bcd3ab3cb7537d886a6e38,19.33625602722168,177.38652801513672,0,522.2803173065186,0,0,0,0
cora_link,val,4,4,cora_link:val:000004:7facdc7ac2dda863,0,1655.781158,1655.7398681640625,1586.916911,68.499991,676.0682631283998,26.906445622444153,11.37982401996851,799.4830124080181,197.7674217224121,599.3940811157227,92,0,1,0,0,0,0,0,0,0,138.66067123413086,6.8675841093063354,46.96188735961914,5.277279019355774,cache_bf16,large_h6_n32_s100,7facdc7ac2dda86307197ac9037d5297767ace8cfabe65037533b9ebb49239e5,19.58915138244629,158.10064017772675,0,460.8825923204422,0,0,0,0
cora_link,val,5,5,cora_link:val:000005:0b661dd709e9ec4e,0,1933.229239,1933.18505859375,1865.63308,67.175402,655.3088882938027,26.75316296517849,14.84084315598011,1065.5399626120925,276.5094413757324,786.06640625,120,0,1,0,0,0,0,0,0,0,196.89401626586914,9.97657597064972,62.3405122756958,7.298336863517761,cache_bf16,large_h6_n32_s100,0b661dd709e9ec4edfd97695dc426a5fd962e8c1aa98b5a9f16ad223d296b28a,19.538944244384766,203.3718401491642,0,602.2335103452206,0,0,0,0
cora_link,val,6,6,cora_link:val:000006:7ba47eddfdef13fd,0,2981.111011,2981.054443359375,2913.939267,66.722306,1554.414076730609,26.977784000337124,16.89621340483427,1213.2721096277237,326.3657913208008,883.6084899902344,134,0,1,0,0,0,0,0,0,0,236.15846252441406,12.101824164390564,69.35219192504883,8.753312706947327,cache_bf16,large_h6_n32_s100,7ba47eddfdef13fd4febfd6ca7abdd57842f1b9630de8e4af6f2495d40cc319b,19.553823471069336,226.5775362253189,0,676.5847772359848,0,0,0,0
cora_link,val,7,7,cora_link:val:000007:34b1ca300d75b85d,0,3087.090499,3087.033447265625,3017.668802,68.906574,1669.3589435890317,27.551653794944286,16.36566687375307,1199.3821309879422,307.4172134399414,888.7060852050781,131,0,1,0,0,0,0,0,0,0,219.7207374572754,11.272448062896729,68.40956783294678,8.01446008682251,cache_bf16,large_h6_n32_s100,34b1ca300d75b85d8274b103f2dbe7b8d72eb74e789c8534272987a6050a37a5,19.753440856933594,221.58735978603363,0,686.8721662759781,0,0,0,0
cora_link,val,8,8,cora_link:val:000008:882249f597dda3f5,0,2723.452144,2723.399658203125,2655.347881,67.672323,1369.8582910001278,27.730990201234818,15.984995290637016,1148.8599441945553,305.31853103637695,840.3912963867188,128,0,1,0,0,0,0,0,0,0,220.04374313354492,11.226367950439453,65.93667125701904,8.111748695373535,cache_bf16,large_h6_n32_s100,882249f597dda3f5e2320c6defbacc429761416b937dc27d8b634dc74f46b924,19.559648513793945,216.2397122681141,0,643.7112326323986,0,0,0,0
cora_link,val,9,9,cora_link:val:000009:9a6646f6eee7207c,0,2767.585909,2767.531982421875,2699.6951,67.460129,1502.3111533373594,27.76199020445347,14.599950984120369,1058.260834775865,271.2159080505371,784.1050872802734,119,0,1,0,0,0,0,0,0,0,191.60819244384766,9.62934410572052,62.8111686706543,7.167202830314636,cache_bf16,large_h6_n32_s100,9a6646f6eee7207c72c36e0851e0f8e3dfb25caa51e443cc88f95b29699068e1,19.51625633239746,201.9946880042553,0,601.6266556084156,0,0,0,0
cora_link,val,10,10,cora_link:val:000010:a877be82fffc1679,0,2369.901196,2369.85205078125,2302.789214,66.710643,1243.4426061809063,27.02808752655983,13.139933347702026,926.0438531637192,230.3293113708496,693.0988464355469,105,0,1,0,0,0,0,0,0,0,161.20876693725586,8.032800078392029,54.98937511444092,6.098369240760803,cache_bf16,large_h6_n32_s100,a877be82fffc1679db7a5dd2ad1e6288d99e52e1fc64853008fa8d7cbc01ee5b,19.500192642211914,179.09500801563263,0,533.5040310621262,0,0,0,0
cora_link,val,11,11,cora_link:val:000011:4ca428a923952166,0,3081.228607,3081.172607421875,3012.228345,68.576268,1661.125530488789,27.677240781486034,17.048286274075508,1209.0127766132355,303.4021415710449,902.2628173828125,137,0,1,0,0,0,0,0,0,0,213.14268493652344,10.773056149482727,71.50198459625244,7.984415888786316,cache_bf16,large_h6_n32_s100,4ca428a9239521667895a0d1fca9e7b6b6416fa31ee6a8da7b499615fecf6b33,19.541696548461914,230.85811179876328,0,690.9464021325111,0,0,0,0
cora_link,val,12,12,cora_link:val:000012:30303f715c02d062,0,3220.000204,3219.94189453125,3152.893567,66.651267,1737.9021253436804,28.523847460746765,17.220734618604183,1255.1507409662008,340.4562301635742,911.3200378417969,138,0,1,0,0,0,0,0,0,0,246.6429443359375,12.802303552627563,71.98943996429443,9.021542310714722,cache_bf16,large_h6_n32_s100,30303f715c02d062b2fb41223c57410f880dc10408c71804b47fe98d40dcc361,19.5534725189209,232.85145649313927,0,698.0220538675785,0,0,0,0
cora_link,val,13,13,cora_link:val:000013:009cfc94b2af7f85,0,3008.174759,3008.11962890625,2939.171037,68.575811,1609.1892858967185,28.355169110000134,16.799437813460827,1178.6532048135996,289.48022842407227,885.9149475097656,133,0,1,0,0,0,0,0,0,0,201.99997329711914,10.218623995780945,69.70688056945801,7.554750561714172,cache_bf16,large_h6_n32_s100,009cfc94b2af7f855abb8babed43132b9d42203f46472b3a8f6d6473acf2d5ba,20.917407989501953,224.67014408111572,0,682.1622114181519,0,0,0,0
cora_link,val,14,14,cora_link:val:000014:90e3a407f5324226,0,2658.624503,2658.57275390625,2589.624072,68.556987,1381.3854428008199,26.98494214564562,15.26782475411892,1065.7633300870657,256.31993865966797,806.453857421875,121,0,1,0,0,0,0,0,0,0,178.13267135620117,8.961311936378479,62.49718475341797,6.728770613670349,cache_bf16,large_h6_n32_s100,90e3a407f5324226f418f684ad6f829311c5f09b42be293339795aba22fd8775,19.545536041259766,206.58275255560875,0,619.416640907526,0,0,0,0
cora_link,val,15,15,cora_link:val:000015:b8e52771f5e78e95,0,2985.801667,2985.743896484375,2916.516666,68.769548,1556.939241476357,27.371788397431374,16.53911080211401,1201.6680017113686,320.8199348449707,877.6243133544922,131,0,1,0,0,0,0,0,0,0,231.2802505493164,12.440671682357788,68.58582401275635,8.513188600540161,cache_bf16,large_h6_n32_s100,b8e52771f5e78e95aba8975582536f1989cd245cbc306144b39cdccc0000664a,19.641664505004883,221.4767040014267,0,675.7892738580704,0,0,0,0
cora_link,val,16,16,cora_link:val:000016:f128401ffc48b63f,0,182.026101,181.99993896484375,114.688186,67.10523,38.86337857693434,26.667973026633263,0.647449865937233,39.89676386117935,7.445599913597107,32.13433599472046,4,0,1,0,0,0,0,0,0,0,4.796319961547852,0.20019200257956982,2.1922560036182404,0.2568319458514452,cache_bf16,large_h6_n32_s100,f128401ffc48b63f6e7ad13c7fc491b364368f2c6211fa1e771004a329ce6ccb,19.409055709838867,15.564352005720139,0,35.97903969883919,0,0,0,0
cora_link,val,17,17,cora_link:val:000017:71b15a1b4dee3b75,0,2629.717069,2629.665283203125,2560.727999,68.535113,1133.9512215927243,26.966849341988564,17.05049630254507,1266.5448691695929,342.3843231201172,919.6952209472656,138,0,1,0,0,0,0,0,0,0,248.28828811645508,12.775871992111206,72.27235126495361,9.04781174659729,cache_bf16,large_h6_n32_s100,71b15a1b4dee3b75450fcb3d4e0030bd4e8ac3e7ed127ec4949c390a34278983,19.500736236572266,232.67827200889587,0,706.517685174942,0,0,0,0
cora_link,val,18,18,cora_link:val:000018:75d89384a041ca75,0,1485.53798,1485.498291015625,1416.996945,68.174563,228.9028111845255,26.840053498744965,14.63652029633522,1051.1615788564086,272.9251518249512,775.3282928466797,118,0,1,0,0,0,0,0,0,0,194.3535385131836,9.889631986618042,61.449889183044434,7.2320921421051025,cache_bf16,large_h6_n32_s100,75d89384a041ca7572f2fbf7859f62c66582c0bdcf52d09f65362485f4860523,19.412704467773438,200.27459225058556,0,594.4664050638676,0,0,0,0
cora_link,val,19,19,cora_link:val:000019:28ca07dd976737ec,0,1344.023537,1343.9862060546875,1277.257347,66.444983,154.9035981297493,26.111370883882046,13.771377503871918,996.5203516185284,254.3817596435547,739.3601226806641,113,0,1,0,0,0,0,0,0,0,180.3067855834961,9.002655982971191,58.28627109527588,6.786046981811523,cache_bf16,large_h6_n32_s100,28ca07dd976737ec27488b016c342b02e095e9c358d70c8e701365e338fb1d40,19.361888885498047,191.97590392827988,0,566.7461076378822,0,0,0,0
cora_link,val,20,20,cora_link:val:000020:c6704a18b203d90c,0,1459.841912,1459.8033447265625,1392.70475,66.666027,182.6898930594325,26.72156784683466,14.959433116018772,1066.9797621667385,270.57030868530273,793.4314422607422,121,0,1,0,0,0,0,0,0,0,191.3303985595703,9.603040099143982,62.46428871154785,7.172581315040588,cache_bf16,large_h6_n32_s100,c6704a18b203d90c2d312363232b64e1eabf436fe15a7e8eb0e1e558180d1560,19.356672286987305,204.98819202184677,0,607.7999225258827,0,0,0,0
cora_link,val,21,21,cora_link:val:000021:c96cebb59553ba1b,0,940.640191,940.6060180664062,873.884939,66.441793,87.20593899488449,26.00865438580513,9.498443454504013,687.0522685348988,187.14992141723633,497.96435546875,76,0,1,0,0,0,0,0,0,0,136.04835319519043,6.871424078941345,39.11577606201172,5.1143680810928345,cache_bf16,large_h6_n32_s100,c96cebb59553ba1b4cf05fb068a381b87603673fdee2e551eb221803ff72ddb0,19.279071807861328,131.92243206501007,0,385.32099521160126,0,0,0,0
cora_link,val,22,22,cora_link:val:000022:a11051d5700a6f06,0,2035.843724,2035.798583984375,1966.803362,68.508512,524.4931122288108,27.38259080797434,17.43466407060623,1295.2818339690566,339.7776641845703,952.042236328125,142,0,1,0,0,0,0,0,0,0,244.2444190979004,12.654783964157104,73.9949426651001,8.88351845741272,cache_bf16,large_h6_n32_s100,a11051d5700a6f061c91179fa86f12fe8773c3c69d663755dead3134bd8f028b,19.54921531677246,240.02748745679855,0,731.5639641880989,0,0,0,0
cora_link,val,23,23,cora_link:val:000023:b4b3cf71c3b6cb4f,0,2619.971088,2619.919677734375,2552.786216,66.766488,1332.0008730515838,26.916061528027058,15.568072907626629,1074.0574225783348,253.69142532348633,817.3300628662109,123,0,1,0,0,0,0,0,0,0,173.3889923095703,8.616671919822693,65.12009525299072,6.5656658411026,cache_bf16,large_h6_n32_s100,b4b3cf71c3b6cb4fa51cca9d396f4cef6dec256597e34c09b57746adcc349080,19.548063278198242,209.98784005641937,0,626.8902860879898,0,0,0,0
cora_link,val,24,24,cora_link:val:000024:f904e319fa7ea1b3,0,2435.953115,2435.904296875,2368.567102,66.860663,1173.663705587387,27.388333342969418,14.894376508891582,1050.6970062851906,272.1908531188965,775.5848388671875,117,0,1,0,0,0,0,0,0,0,193.80758666992188,9.958048105239868,61.202688217163086,7.222530126571655,cache_bf16,large_h6_n32_s100,f904e319fa7ea1b38a7c902f3f96aed874f28cab8e8b5e136402f7fcf35eee82,19.68275260925293,198.72339192032814,0,596.5441995561123,0,0,0,0
cora_link,val,25,25,cora_link:val:000025:edd3e400bce9ebe9,0,2117.680421,2117.634033203125,2049.664943,67.606013,1171.2129963561893,26.88083052635193,11.082681827247143,765.8052891492844,184.91468811035156,578.6795272827148,87,0,1,0,0,0,0,0,0,0,128.7722873687744,6.335520029067993,44.91929626464844,4.887584447860718,cache_bf16,large_h6_n32_s100,edd3e400bce9ebe91bf5bb3b61b67803452cc1e9ab70f51ec27b21dc2e9d9f26,19.520383834838867,149.85862404108047,0,448.34128707647324,0,0,0,0
cora_link,val,26,26,cora_link:val:000026:cc59ad5e71a76cf2,0,2947.535793,2947.481689453125,2880.28681,66.789213,1547.269749455154,26.956296525895596,18.53376440703869,1179.4254174456,271.97814178466797,904.1667785644531,134,0,1,0,0,0,0,0,0,0,186.22300720214844,9.29043197631836,69.45324802398682,7.0114545822143555,cache_bf16,large_h6_n32_s100,cc59ad5e71a76cf2bab98beca029ca5d0d3e710b7e1eed84701ad18aaed1d231,19.49065589904785,226.32940822839737,0,697.3280262351036,0,0,0,0
cora_link,val,27,27,cora_link:val:000027:b9ed7970fb0d7ecd,0,2347.248452,2347.2001953125,2278.39205,68.494453,1284.8846381530166,27.03855186700821,11.992759071290493,875.5952175706625,243.70486450195312,629.5209655761719,94,0,1,0,0,0,0,0,0,0,179.62003135681152,9.239807844161987,48.21680021286011,6.628225088119507,cache_bf16,large_h6_n32_s100,b9ed7970fb0d7ecddcaaf3bcb9d779bd6006728a31bcbbabdeac84deda555adc,19.563583374023438,161.49878376722336,0,487.58576518297195,0,0,0,0
cora_link,val,28,28,cora_link:val:000028:8fa2fe8f766fa43d,0,2999.677158,2999.62255859375,2930.649234,68.583397,1600.2065567299724,27.089952491223812,16.832455061376095,1187.052832916379,293.194881439209,890.6009216308594,133,0,1,0,0,0,0,0,0,0,205.6077117919922,10.339136004447937,69.58031940460205,7.667714238166809,cache_bf16,large_h6_n32_s100,8fa2fe8f766fa43d042d151cadd12585d9f084bb9bded25bf440b15aa8c94f18,19.605791091918945,224.65228813886642,0,685.5544245839119,0,0,0,0
cora_link,val,29,29,cora_link:val:000029:c46e86fafdd06e6b,0,1984.068294,1984.0235595703125,1915.065777,68.596759,995.9929371252656,27.698914520442486,11.725292541086674,807.5246373191476,197.91458892822266,607.2885131835938,92,0,1,0,0,0,0,0,0,0,138.69827270507812,6.882272005081177,47.08192014694214,5.252124071121216,cache_bf16,large_h6_n32_s100,c46e86fafdd06e6b414f8a20746f1e04edd179183f42d720de443b41e89ab030,19.514911651611328,158.1880640089512,0,468.6153608262539,0,0,0,0
cora_link,val,30,30,cora_link:val:000030:ee440cc74300cb93,0,3036.055242,3036.0009765625,2967.028412,68.576979,1561.1225916072726,27.57575549185276,17.671878449618816,1254.8983050510287,323.72354888916016,927.7638702392578,140,0,1,0,0,0,0,0,0,0,230.43120574951172,11.762751936912537,73.02819156646729,8.501399636268616,cache_bf16,large_h6_n32_s100,ee440cc74300cb93c8b3a5a8865d69bbbd77ccc07aa65a7d6d87b525c15dd9f8,19.468767166137695,236.1184320449829,0,711.1142053604126,0,0,0,0
cora_link,val,31,31,cora_link:val:000031:efd7dbeeabd82794,0,2515.807924,2515.75732421875,2446.688759,68.675976,1379.6201553195715,26.98853239417076,13.369901105761528,937.6154355704784,234.19923400878906,700.7728652954102,106,0,1,0,0,0,0,0,0,0,165.16937446594238,8.279071927070618,54.54323196411133,6.207555651664734,cache_bf16,large_h6_n32_s100,efd7dbeeabd827942e9e8728f40e10ef5b04152827b047336947fb6a9ef93de4,19.547487258911133,180.72243228554726,0,539.597920268774,0,0,0,0
cora_link,val,32,32,cora_link:val:000032:bfc61ef51cd53890,0,3094.889277,3094.8330078125,3025.888012,68.55465,1651.7474930733442,26.96992550045252,16.6993560269475,1224.916267208755,328.35536193847656,893.2562255859375,135,0,1,0,0,0,0,0,0,0,237.53478240966797,12.207232117652893,69.95667266845703,8.65667474269867,cache_bf16,large_h6_n32_s100,bfc61ef51cd5389038d43b88bb77692a0eb9dd9882a6340a004ab29141790383,19.530975341796875,227.8736642897129,0,684.9135366380215,0,0,0,0
cora_link,val,33,33,cora_link:val:000033:f66c9799e03a5002,0,2582.762972,2582.712646484375,2515.642961,66.763818,1314.3642749637365,26.979053393006325,15.266038477420807,1059.6074555069208,256.62112045288086,799.9862976074219,121,0,1,0,0,0,0,0,0,0,178.5024356842041,8.946272015571594,62.44345569610596,6.7289570569992065,cache_bf16,large_h6_n32_s100,f66c9799e03a5002fe61a1df5626934986ef244c678178c7b9a0e8084bdb2ef4,19.56492805480957,205.15884801745415,0,614.3923776447773,0,0,0,0
cora_link,val,34,34,cora_link:val:000034:2f331eb995c9da42,0,3377.638406,3377.580322265625,3308.24327,68.83632,1760.7286246493459,28.44945155084133,19.352872855961323,1382.6118353754282,356.27510833740234,1022.5617523193359,156,0,1,0,0,0,0,0,0,0,252.9237403869629,12.726239919662476,81.32915306091309,9.295974969863892,cache_bf16,large_h6_n32_s100,2f331eb995c9da425b197c37edce6f8f86471fa729daaaf6a494bad14411e3ed,19.566879272460938,263.0328640639782,0,779.0957675278187,0,0,0,0
cora_link,val,35,35,cora_link:val:000035:21ad334cd0120105,0,2919.103934,2919.05078125,2851.211023,67.441368,1614.7945644333959,26.937603019177914,15.559102408587933,1089.1629680991173,268.59497451782227,817.4922637939453,125,0,1,0,0,0,0,0,0,0,187.38105392456055,9.255648016929626,64.93532848358154,7.022944092750549,cache_bf16,large_h6_n32_s100,21ad334cd012010564b63e2dfd3b310cbda4c8bc54234f6e18ce1dc9acdbc894,19.579872131347656,210.98038429021835,0,626.0917516350746,0,0,0,0
cora_link,val,36,36,cora_link:val:000036:306aff86209143d2,0,2877.060876,2877.008056640625,2808.14375,68.466964,1498.1963783502579,26.942376978695393,16.290043480694294,1163.5462287813425,301.1335678100586,859.1956024169922,131,0,1,0,0,0,0,0,0,0,213.89187622070312,10.828960061073303,68.52348899841309,7.88924252986908,cache_bf16,large_h6_n32_s100,306aff86209143d2b767e1c7e00124776aeabf44668506eac00257e8ddc2ea5e,19.57004737854004,221.2053121328354,0,657.5603376626968,0,0,0,0
cora_link,val,37,37,cora_link:val:000037:d5b4f04791aacc68,0,2687.159891,2687.109130859375,2620.05153,66.678116,1435.4511313140392,27.42171660065651,14.714089222252369,1044.9848249554634,271.914981842041,770.1540069580078,118,0,1,0,0,0,0,0,0,0,193.25609588623047,9.88592004776001,61.55552005767822,7.2174458503723145,cache_bf16,large_h6_n32_s100,d5b4f04791aacc681254fcd3fda95be29f9b160ee38a182cf27cdecc31c6448c,20.10153579711914,199.94502386450768,0,590.3105188906193,0,0,0,0
cora_link,val,38,38,cora_link:val:000038:87bc06845e57ba2e,0,2565.255279,2565.2060546875,2497.432511,67.461414,1439.0726033598185,28.64133007824421,13.135259039700031,922.9334881529212,231.2889862060547,689.0220184326172,105,0,1,0,0,0,0,0,0,0,161.90006256103516,8.088576078414917,55.20707321166992,6.093274354934692,cache_bf16,large_h6_n32_s100,87bc06845e57ba2e5d3602988f8ad1fee9b90d66b502fadd15a2e820c85792cc,21.22003173828125,179.2456320822239,0,530.9964180886745,0,0,0,0
cora_link,val,39,39,cora_link:val:000039:0fcb5f5b455526b5,0,2375.715102,2375.668212890625,2307.722247,67.615735,1143.0250518023968,26.777246966958046,11.482181958854198,1052.9336966574192,197.54415893554688,853.0602798461914,92,0,1,0,0,0,0,0,0,0,138.47078323364258,6.834176063537598,46.99401617050171,5.24518346786499,cache_bf16,large_h6_n32_s100,0fcb5f5b455526b5b89f834c58659921681d4dc2d7c0312ea991de940f94fed6,19.464160919189453,157.93091210722923,0,714.5935286581516,0,0,0,0
cora_link,val,40,40,cora_link:val:000040:22416074999ec212,0,2408.543016,2408.49609375,2339.353797,68.713116,1266.906720586121,27.040128596127033,13.317618519067764,948.5873384401202,252.9911651611328,692.9797744750977,105,0,1,0,0,0,0,0,0,0,181.8666877746582,9.230784058570862,55.10217571258545,6.791517615318298,cache_bf16,large_h6_n32_s100,22416074999ec21294f0500bf30a6daaf1d9ba619d9422bf263c63b81ea27256,19.66352081298828,179.21129593253136,0,533.4319993555546,0,0,0,0
cora_link,val,41,41,cora_link:val:000041:a7c44456fc52b019,0,3017.012361,3016.958984375,2949.664645,66.896125,1593.729143962264,26.853296905755997,17.33007188886404,1212.8507485613227,303.251522064209,906.2501220703125,137,0,1,0,0,0,0,0,0,0,212.78179550170898,10.886048078536987,71.63151931762695,7.95215916633606,cache_bf16,large_h6_n32_s100,a7c44456fc52b019e7eaf4f2f254215c641d9595132c5067937173235b31bd2b,19.464448928833008,231.00003269314766,0,694.7145383059978,0,0,0,0
cora_link,val,42,42,cora_link:val:000042:856f48518ba56b6c,0,2838.829184,2838.776611328125,2769.895839,68.532028,1516.1163415759802,26.978611946105957,15.9062584862113,1112.5797713175416,273.28032302856445,836.2071228027344,125,0,1,0,0,0,0,0,0,0,191.2959690093994,9.563999891281128,65.28038215637207,7.139971971511841,cache_bf16,large_h6_n32_s100,856f48518ba56b6c880e097d81ff5a59e1a3ea62c696e0036e2159086f354737,19.562719345092773,211.66537606716156,0,644.1044660806656,0,0,0,0
cora_link,val,43,43,cora_link:val:000043:8e138fbc3a9bb1c5,0,3176.666521,3176.611083984375,3107.588708,68.617643,1670.793336816132,27.058257721364498,17.982427030801773,1288.7083562090993,339.1723861694336,946.0629119873047,142,0,1,0,0,0,0,0,0,0,243.7710075378418,12.359903812408447,74.1113920211792,8.93008279800415,cache_bf16,large_h6_n32_s100,8e138fbc3a9bb1c5a9eecf926388224c47e789ced667bc7ad020e98338cc427d,19.57708740234375,239.2929281592369,0,726.3470712304115,0,0,0,0
cora_link,val,44,44,cora_link:val:000044:1e64e0e7921a819a,0,2288.055138,2288.009033203125,2219.913808,67.737592,1176.0791558772326,27.052232064306736,13.201568275690079,919.5820214226842,221.88550186157227,695.0958099365234,104,0,1,0,0,0,0,0,0,0,154.4234218597412,7.648960113525391,53.97820854187012,5.834911346435547,cache_bf16,large_h6_n32_s100,1e64e0e7921a819ac1443fcf6ec7f8529c56962d5aab9160f6d8d87c38a7787f,19.678720474243164,177.53785622119904,0,537.2366741895676,0,0,0,0
cora_link,val,45,45,cora_link:val:000045:8e81753da356275e,0,2374.880701,2374.8330078125,2307.637637,66.817396,1131.9529339671135,26.947411708533764,14.352540485560894,1035.8062125742435,274.37439727783203,758.571907043457,115,0,1,0,0,0,0,0,0,0,197.69878005981445,10.061375975608826,59.32102394104004,7.293217301368713,cache_bf16,large_h6_n32_s100,8e81753da356275e3dd992810b1704821c027df4a262acd050ef1dd2f10c5111,19.552959442138672,195.47510394454002,0,582.6497625410557,0,0,0,0
cora_link,val,46,46,cora_link:val:000046:19ce054c2f58ec33,0,3426.753787,3426.6962890625,3356.612236,69.559474,1739.681227132678,28.8673872128129,36.01077292114496,1433.6772337555885,347.3595848083496,1082.5278015136719,157,0,1,0,0,0,0,0,0,0,244.23449325561523,12.701183795928955,81.49683284759521,8.927074909210205,cache_bf16,large_h6_n32_s100,19ce054c2f58ec33acaa5bb3ee7243f4f01f34e4542f2c57534fa8d7494066bf,19.567712783813477,263.9042561352253,0,838.19125816226,0,0,0,0
cora_link,val,47,47,cora_link:val:000047:ca0735c39f991c84,0,2540.728265,2540.6796875,2470.925855,69.205402,1383.837609551847,26.90324652940035,13.194703496992588,953.7384063005447,234.5770606994629,716.5060729980469,106,0,1,0,0,0,0,0,0,0,165.45609664916992,8.326751828193665,54.59628868103027,6.197923541069031,cache_bf16,large_h6_n32_s100,ca0735c39f991c848da51e44d0c31fc073f2aba4c1f93e223827184f7ee9c621,19.526592254638672,180.82214397192,0,555.2105212807655,0,0,0,0
cora_link,val,48,48,cora_link:val:000048:ce74410e2f8cfd91,0,2036.504525,2036.461181640625,1967.467271,68.656344,1076.6362268477678,26.915312744677067,10.957542806863785,779.2438650503755,184.6578884124756,592.3863372802734,87,0,1,0,0,0,0,0,0,0,128.5485439300537,6.312575936317444,44.90886354446411,4.88790500164032,cache_bf16,large_h6_n32_s100,ce74410e2f8cfd91168f201a5fba99adf3a3690ae6287d0c95e80f5b870a79bd,19.49964714050293,149.87536004185677,0,462.0106243789196,0,0,0,0
cora_link,val,49,49,cora_link:val:000049:9997e4d6c6e4f5a5,0,2305.306328,2305.26123046875,2236.360929,68.546762,1197.689726948738,27.61234901845455,15.151413157582283,911.8334837257862,221.29731369018555,687.9474868774414,104,0,1,0,0,0,0,0,0,0,153.97993850708008,7.624927997589111,53.86089611053467,5.8315510749816895,cache_bf16,large_h6_n32_s100,9997e4d6c6e4f5a56d61072ad5d792665478a46aeca278516aa2f4e177bd313a,19.54400062561035,177.27721577882767,0,530.2142717242241,0,0,0,0
cora_link,val,50,50,cora_link:val:000050:99b04c2860a8fc1c,0,2564.933619,2564.885498046875,2495.948404,68.563391,1314.5878156647086,27.634290978312492,14.32811003178358,1041.17829259485,273.80713272094727,764.5253448486328,115,0,1,0,0,0,0,0,0,0,197.18291091918945,10.034655928611755,59.29023838043213,7.299327492713928,cache_bf16,large_h6_n32_s100,99b04c2860a8fc1ca3d9b82c0916c07b3e4eb2dbb4844e840a63a3600f3037df,19.560991287231445,195.525728225708,0,588.5606079101562,0,0,0,0
cora_link,val,51,51,cora_link:val:000051:e4518ad184b1157e,0,2812.312465,2812.26171875,2744.720641,67.073904,1532.8942583873868,27.685263194143772,15.297122299671173,1069.0971510484815,257.391902923584,808.7208251953125,121,0,1,0,0,0,0,0,0,0,179.08028984069824,9.015872120857239,62.54835319519043,6.747387766838074,cache_bf16,large_h6_n32_s100,e4518ad184b1157e50432634aa4cf0035cf4c87f503b1dfed0a08a5ba06b20b6,19.58515167236328,207.1782078742981,0,621.1277689933777,0,0,0,0
cora_link,val,52,52,cora_link:val:000052:74c3a518c82ef7d3,0,2299.117476,2299.07275390625,2230.072258,68.606966,971.0634313523769,27.09076926112175,15.37543348968029,1117.8317265585065,272.2799987792969,842.4511108398438,126,0,1,0,0,0,0,0,0,0,190.07872200012207,9.493056058883667,65.57507133483887,7.1331493854522705,cache_bf16,large_h6_n32_s100,74c3a518c82ef7d34d7d0a0f17bf64bd169a5c0362f9e9e02a194fdc0f4e4225,19.64044761657715,213.26150408387184,0,648.8300543725491,0,0,0,0
cora_link,val,53,53,cora_link:val:000053:99bb20731964febc,0,1945.469166,1945.426513671875,1878.216128,66.805157,555.7721480727196,26.88861358910799,16.622171737253666,1169.0588761121035,271.9620780944824,893.821044921875,134,0,1,0,0,0,0,0,0,0,186.18985748291016,9.220800042152405,69.48819255828857,7.063228011131287,cache_bf16,large_h6_n32_s100,99bb20731964febc6f0ef40f519fe43732dc994fe18dab83c68734989042647f,19.527999877929688,226.1393924355507,0,687.209652364254,0,0,0,0
cora_link,val,54,54,cora_link:val:000054:4f5321a751092fd2,0,1509.562722,1509.52490234375,1440.862135,68.321058,222.68844675272703,26.805820874869823,14.904341660439968,1072.7245891466737,276.89126205444336,792.8948822021484,120,0,1,0,0,0,0,0,0,0,196.71952056884766,10.106752038002014,62.75676918029785,7.308220267295837,cache_bf16,large_h6_n32_s100,4f5321a751092fd2d4bedab3985e21b9f37a975142f604891b62d06534613c6c,19.40332794189453,203.63788828253746,0,608.6603218615055,0,0,0,0
cora_link,val,55,55,cora_link:val:000055:78b4169d065f9434,0,2729.946884,2729.896728515625,2661.995222,67.504716,1358.2831639796495,27.439163997769356,16.470203176140785,1153.5271275788546,271.27624893188477,878.9815521240234,134,0,1,0,0,0,0,0,0,0,185.6485424041748,9.22275197505951,69.3755521774292,7.029402375221252,cache_bf16,large_h6_n32_s100,78b4169d065f9434160ffc79e79b361d27020f2b2c4d05630ffae7d1e4282aa8,19.43212890625,226.19401594996452,0,672.2196650803089,0,0,0,0
cora_link,val,56,56,cora_link:val:000056:07e31b9886c209c9,0,3255.936855,3255.8828125,3188.766379,66.711024,1763.9926355332136,27.688343077898026,17.684019170701504,1273.8807760179043,340.54057693481445,929.8819580078125,142,0,1,0,0,0,0,0,0,0,245.02306747436523,12.498111963272095,74.14038372039795,8.879013776779175,cache_bf16,large_h6_n32_s100,07e31b9886c209c9fb9beef0b5a938fa9ba583424d7e6a39a2c16313af564173,19.57200050354004,238.8572478890419,0,710.5967106223106,0,0,0,0
cora_link,val,57,57,cora_link:val:000057:bb3939a3f36beaae,0,2915.948781,2915.89794921875,2848.504489,66.97591,1603.8801949471235,26.868756860494614,17.77638029307127,1095.5966347828507,270.33010482788086,822.1864624023438,125,0,1,0,0,0,0,0,0,0,188.412446975708,9.458016157150269,65.4321928024292,7.027448892593384,cache_bf16,large_h6_n32_s100,bb3939a3f36beaae341de2293cdd3e4e6d8d608088769146f5f9babefb74bead,19.47542381286621,211.50892734527588,0,630.1529588699341,0,0,0,0
cora_link,val,58,58,cora_link:val:000058:cc25c00900e1af5e,0,2974.522703,2974.47119140625,2906.772508,67.09197,1628.253223374486,28.54782622307539,15.930325724184513,1122.2747582942247,268.46800231933594,850.7147674560547,126,0,1,0,0,0,0,0,0,0,186.49999809265137,9.364000082015991,65.5318078994751,7.0721962451934814,cache_bf16,large_h6_n32_s100,cc25c00900e1af5ee8533ff1c0e04beca06836388cbce333a000ccd4336eaea2,19.553152084350586,213.3979200720787,0,656.8699994683266,0,0,0,0
cora_link,val,59,59,cora_link:val:000059:21f418d025a46634,0,3188.276661,3188.223876953125,3120.74914,67.040834,1747.7199919521809,28.880562633275986,19.030041992664337,1215.4644168913364,279.97868728637695,932.2675323486328,131,0,1,0,0,0,0,0,0,0,194.59452629089355,9.671808123588562,68.45721626281738,7.255136609077454,cache_bf16,large_h6_n32_s100,21f418d025a466349b899c6fefd4dad18c3584c5125fdf82ad78889711ab8351,19.556415557861328,222.83126389980316,0,728.992684006691,0,0,0,0
cora_link,val,60,60,cora_link:val:000060:00b755dc368b3240,0,3137.069944,3137.0166015625,3069.837894,66.757146,1700.5844851955771,27.405574917793274,17.529768869280815,1215.759471990168,294.06733322143555,918.3545532226562,137,0,1,0,0,0,0,0,0,0,204.11933135986328,10.339392066001892,72.00687885284424,7.601730942726135,cache_bf16,large_h6_n32_s100,00b755dc368b3240fd5e8f2d1313a1d74003a0d62b58886de1834bdb2dfd225d,19.501567840576172,232.70105558633804,0,705.1550654768944,0,0,0,0
cora_link,val,61,61,cora_link:val:000061:180e60cb6aa62100,0,2800.655052,2800.60498046875,2730.063223,70.175366,1465.5495574697852,27.06499770283699,16.0181587561965,1122.8153062984347,279.4306221008301,840.3071746826172,125,0,1,0,0,0,0,0,0,0,196.85894393920898,9.91097605228424,65.30992031097412,7.350781798362732,cache_bf16,large_h6_n32_s100,180e60cb6aa621006271e0bd96e70a5f45a6c514f1780d5001f73d4414a39408,19.545856475830078,211.77737590670586,0,648.0756552517414,0,0,0,0
cora_link,val,62,62,cora_link:val:000062:4248d7e9fddf4027,0,2491.340504,2491.293701171875,2421.847745,68.928844,1304.5030990615487,27.152536436915398,13.770166784524918,982.0042159408331,244.93091201782227,734.3463668823242,109,0,1,0,0,0,0,0,0,0,172.80400276184082,8.685439944267273,56.95612812042236,6.485341191291809,cache_bf16,large_h6_n32_s100,4248d7e9fddf40275e0fc427fa46e6bb00032dedb56e4d6ebefbc74bb247eaeb,19.56991958618164,185.81782403588295,0,568.0984624326229,0,0,0,0
cora_link,val,63,63,cora_link:val:000063:e9a79ca3b5e76e46,0,2313.096123,2313.051025390625,2244.016137,68.586111,857.9389490187168,27.007341384887695,19.338748417794704,1228.9149248972535,293.68591690063477,931.8625640869141,137,0,1,0,0,0,0,0,0,0,204.0208625793457,10.225344061851501,71.80748748779297,7.632222771644592,cache_bf16,large_h6_n32_s100,e9a79ca3b5e76e46d96a7a22552b6442a03a13ecda3022daddd39f6347d7e3d9,19.553407669067383,231.09020772576332,0,720.3257640302181,0,0,0,0
cora_link,val,64,64,cora_link:val:000064:2c66ba8673993d3f,0,1799.48711,1799.447265625,1732.301128,66.808339,575.3348283469677,30.728090554475784,27.292368933558464,1004.8298127949238,245.26374435424805,756.8604736328125,109,0,1,0,0,0,0,0,0,0,173.00864028930664,8.713855981826782,57.06281566619873,6.4784324169158936,cache_bf16,large_h6_n32_s100,2c66ba8673993d3f3b3d1223639ac74c3554eb63194d336f234f97f1971d9588,19.54435157775879,185.96012797951698,0,590.4446972310543,0,0,0,0
cora_link,val,65,65,cora_link:val:000065:c06f28321b3d287d,0,1405.516709,1405.4801025390625,1338.599702,66.51954,147.62276876717806,26.24892070889473,14.957316219806671,1045.1479014009237,262.1149139404297,780.1455993652344,117,0,1,0,0,0,0,0,0,0,184.63958358764648,9.285183906555176,61.28495979309082,6.905186653137207,cache_bf16,large_h6_n32_s100,c06f28321b3d287dc3f9a7007e76a493edf5e641b9f5a3edca4513b3ad0c57c0,19.339168548583984,200.1972477734089,0,599.2875201404095,0,0,0,0
cora_link,val,66,66,cora_link:val:000066:e7c55b0e8e5bfbc8,0,1666.230864,1666.1917724609375,1595.785706,70.012038,193.49329452961683,26.93584468215704,17.393522895872593,1259.2505579814315,333.2912940979004,922.5858459472656,139,0,1,0,0,0,0,0,0,0,239.0556526184082,12.407711863517761,73.0607681274414,8.76716148853302,cache_bf16,large_h6_n32_s100,e7c55b0e8e5bfbc80602007c4f8bc690d7fc805ce40e677637c547d31c92576b,19.324512481689453,234.90153601765633,0,707.0088224112988,0,0,0,0
cora_link,val,67,67,cora_link:val:000067:69b79c0bd6739fa8,0,1449.769315,1449.73095703125,1382.589832,66.814881,290.77725019305944,26.711870916187763,13.476770371198654,968.9456215128303,260.92956924438477,705.4045181274414,105,0,1,0,0,0,0,0,0,0,188.71673774719238,9.730463981628418,55.56460666656494,6.917760848999023,cache_bf16,large_h6_n32_s100,69b79c0bd6739fa88d087abff52cb42ff255c0699306c5363c776bd70a9f7772,19.47110366821289,179.5352002978325,0,545.3404214978218,0,0,0,0
cora_link,val,68,68,cora_link:val:000068:67f9bb3075d55151,0,1922.470304,1922.4278564453125,1854.412363,67.559785,266.73894096165895,27.804922312498093,19.86274216324091,1419.889323413372,380.72668075561523,1035.4156494140625,156,0,1,0,0,0,0,0,0,0,277.3230667114258,12.681504011154175,81.43228816986084,9.289821863174438,cache_bf16,large_h6_n32_s100,67f9bb3075d551516558177f84f5725a7fa37779c226c7f40b06fa8855b948d3,19.271135330200195,261.86694398522377,0,792.8198407590389,0,0,0,0
cora_link,val,69,69,cora_link:val:000069:be1a4d1d56c2dd01,0,1525.271167,1525.23388671875,1457.32523,67.56134,257.46941566467285,26.62447653710842,14.872318133711815,1064.4460823386908,274.39299392700195,787.1468963623047,118,0,1,0,0,0,0,0,0,0,195.49388885498047,9.919136047363281,61.716288566589355,7.263680458068848,cache_bf16,large_h6_n32_s100,be1a4d1d56c2dd0182bf6a0ae76e72617633c70cef963f646fbb7e857542cf23,19.454944610595703,200.6172479391098,0,605.9845930337906,0,0,0,0
cora_link,val,70,70,cora_link:val:000070:7494de7fb5d2c86c,0,1436.395159,1436.3585205078125,1368.884043,66.950297,178.0560277402401,26.263168081641197,14.67935647815466,1048.9392783492804,261.8498229980469,784.2141723632812,117,0,1,0,0,0,0,0,0,0,184.35488319396973,9.25216007232666,61.34291172027588,6.899868011474609,cache_bf16,large_h6_n32_s100,7494de7fb5d2c86c021c295647016deac09f879ddb80ad15b1ffeaf925f47b16,19.331775665283203,198.94377636909485,0,604.6021716594696,0,0,0,0
cora_link,val,71,71,cora_link:val:000071:804d97dc6eba92a0,0,1241.705587,1241.670654296875,1173.609625,67.664031,130.30945044010878,26.162282563745975,13.372777961194515,918.8225995749235,222.5108757019043,693.7260818481445,104,0,1,0,0,0,0,0,0,0,154.85321617126465,7.6878721714019775,54.11372756958008,5.856059789657593,cache_bf16,large_h6_n32_s100,804d97dc6eba92a07059f4fbdc29f9a8135ed7f73e4dd1a85404ddab664b51c2,19.31599998474121,177.59036815166473,0,535.451713681221,0,0,0,0
cora_link,val,72,72,cora_link:val:000072:01a00f69b8c197c4,0,154.315274,154.289306640625,87.41817,66.668502,3.529598005115986,36.46299708634615,0.6701769307255745,38.74443843960762,6.344800114631653,32.083712100982666,4,0,1,0,0,0,0,0,0,0,3.8279359936714172,0.16131200082600117,2.1193920373916626,0.23616008274257183,cache_bf16,large_h6_n32_s100,01a00f69b8c197c457a36f24d17963982f182e2d7844e78f8b200611c3b29ab8,29.6015682220459,25.328863590955734,0,36.35641673207283,0,0,0,0
cora_link,val,73,73,cora_link:val:000073:d51f2cbea514828c,0,2209.685094,2209.64111328125,2142.581744,66.676115,704.2241711169481,26.96303091943264,15.019652433693409,1294.1898219287395,261.3370246887207,1029.9445343017578,117,0,1,0,0,0,0,0,0,0,183.96697616577148,9.175647974014282,61.31721591949463,6.877184629440308,cache_bf16,large_h6_n32_s100,d51f2cbea514828c645b8cd11b5195994f6f868fd44051a8fd0a0e27cf3fd0a4,19.54800033569336,198.84966388344765,0,850.6428707540035,0,0,0,0
cora_link,val,74,74,cora_link:val:000074:23e5299f59ea1c04,0,1850.388912,1850.3477783203125,1781.628348,68.312733,215.575048699975,27.744819410145283,19.559286534786224,1401.4135729521513,358.5488967895508,1039.1271362304688,156,0,1,0,0,0,0,0,0,0,254.84255599975586,12.837727785110474,81.58451175689697,9.284101247787476,cache_bf16,large_h6_n32_s100,23e5299f59ea1c046f290053b9d7ac129483f98af963ed169c9e7afa48ae7687,19.25257682800293,262.1581760942936,0,796.2215369641781,0,0,0,0
cora_link,val,75,75,cora_link:val:000075:21bdf6481ba7b6ca,0,1523.382461,1523.3443603515625,1454.539747,68.429307,154.30070646107197,26.20938140898943,16.004260629415512,1156.2383556738496,295.17235565185547,858.0085144042969,125,0,1,0,0,0,0,0,0,0,211.06988906860352,10.779040098190308,65.50131034851074,7.822116136550903,cache_bf16,large_h6_n32_s100,21bdf6481ba7b6caa5cebb8e6e5a6f19538d0a95dab9550412f220f1c73dfcf6,19.351743698120117,214.4001285135746,0,662.9601295888424,0,0,0,0
cora_link,val,76,76,cora_link:val:000076:6e379b07edefacb6,0,1460.292196,1460.2457275390625,1393.288371,66.56096,181.28771241754293,27.024985291063786,15.15972800552845,1068.0229123681784,257.83033752441406,807.2261199951172,121,0,1,0,0,0,0,0,0,0,179.2690887451172,9.021023869514465,62.802048683166504,6.738176226615906,cache_bf16,large_h6_n32_s100,6e379b07edefacb6306d08761e2329ef732331742663703760a6f27bf9ca07fa,19.310623168945312,205.23155200481415,0,621.3051911592484,0,0,0,0
cora_link,val,77,77,cora_link:val:000077:174778754f52d474,0,952.578299,952.5457153320312,885.725994,66.537441,87.86338102072477,26.091663166880608,9.814292192459106,697.5508611649275,187.6480312347412,507.96832275390625,76,0,1,0,0,0,0,0,0,0,136.4019832611084,6.880576014518738,39.2520637512207,5.113408207893372,cache_bf16,large_h6_n32_s100,174778754f52d4749c483dbb170edc8e1d75b410f5044b57a82301510dcfffc8,19.268447875976562,132.18502408266068,0,395.05174654722214,0,0,0,0
cora_link,val,78,78,cora_link:val:000078:8e1f5ff2384b6299,0,1323.589652,1323.5535888671875,1254.904728,68.332914,134.74140875041485,26.140364818274975,14.308067969977856,987.3211951926351,241.56649780273438,742.9941177368164,112,0,1,0,0,0,0,0,0,0,168.56867027282715,8.384992122650146,58.24054431915283,6.372291088104248,cache_bf16,large_h6_n32_s100,8e1f5ff2384b6299a808f74848f6cda2ec30ff79476242af1100e1e03fadd469,19.26246452331543,190.64438390731812,0,571.6121983528137,0,0,0,0
cora_link,val,79,79,cora_link:val:000079:b31ae9e8672d99d3,0,1444.037584,1444.000244140625,1377.04881,66.618,163.89602795243263,26.188727468252182,15.319663099944592,1071.7143518850207,259.5072326660156,809.2247009277344,122,0,1,0,0,0,0,0,0,0,180.89839935302734,8.948256015777588,62.820993423461914,6.839583873748779,cache_bf16,large_h6_n32_s100,b31ae9e8672d99d3c4abc278a34cb64a3ae6b8671490737ac65bc392888ad281,19.303455352783203,206.94336023926735,0,621.5847960412502,0,0,0,0
cora_link,val,80,80,cora_link:val:000080:7f359707f1ed22da,0,1050.056665,1050.022705078125,982.959334,66.728174,184.86063461750746,26.810663752257824,9.821264073252678,696.8679986894131,187.72707176208496,507.1871643066406,76,0,1,0,0,0,0,0,0,0,136.47247886657715,6.877920150756836,39.26569604873657,5.110976696014404,cache_bf16,large_h6_n32_s100,7f359707f1ed22da8faab892c9f0c4e550944bae7d2edc3e3a20aeba4230bf60,19.50150489807129,132.11548826098442,0,394.5731809437275,0,0,0,0
cora_link,val,81,81,cora_link:val:000081:5ad2fd21fa8b652a,0,1560.260263,1560.22119140625,1491.494166,68.393496,171.89556919038296,26.32182277739048,16.460388898849487,1174.663120880723,311.5744323730469,859.9412536621094,129,0,1,0,0,0,0,0,0,0,224.91065216064453,11.473920106887817,66.9520959854126,8.237764120101929,cache_bf16,large_h6_n32_s100,5ad2fd21fa8b652a2049a86f654a3e93378d805fc49cae2c8eeb775b131d65c5,19.33932876586914,218.4210240840912,0,660.8595583438873,0,0,0,0
cora_link,val,82,82,cora_link:val:000082:fd7f45bfb7e73442,0,1745.484792,1745.444580078125,1676.754422,68.313614,215.13061597943306,26.854244992136955,18.555584363639355,1301.172237843275,329.8068161010742,967.8475494384766,146,0,1,0,0,0,0,0,0,0,232.9443817138672,11.86294412612915,76.41372776031494,8.58576250076294,cache_bf16,large_h6_n32_s100,fd7f45bfb7e73442826b14a3a81426866b4db698503383acbc493b42430b543a,19.259424209594727,245.89836862683296,0,741.2086050212383,0,0,0,0
cora_link,val,83,83,cora_link:val:000083:e44b2e90a9c51d7c,0,1539.239037,1539.1998291015625,1472.121406,66.697486,183.57119988650084,26.295844465494156,15.99911879748106,1152.211251668632,295.8284149169922,853.2021789550781,130,0,1,0,0,0,0,0,0,0,210.22175979614258,10.677280068397522,67.13731288909912,7.792062163352966,cache_bf16,large_h6_n32_s100,e44b2e90a9c51d7c3c35622e72b9a21b0efe7cf5ae800ea7056cd060bc77d86b,19.37424087524414,219.69292798638344,0,652.8834918439388,0,0,0,0
cora_link,val,84,84,cora_link:val:000084:f1d9432decd47702,0,1679.784206,1679.7435302734375,1609.609533,69.453998,193.7209414318204,26.06409788131714,17.320970073342323,1258.8763441890478,344.27369689941406,911.2548217773438,138,0,1,0,0,0,0,0,0,0,250.2386245727539,12.7151358127594,72.27952003479004,9.040416479110718,cache_bf16,large_h6_n32_s100,f1d9432decd4770232963f43964482d5bb9e9d8b8c6cf0ad13f69125fa1ba7dd,19.2258243560791,232.90480002760887,0,697.575846105814,0,0,0,0
cora_link,val,85,85,cora_link:val:000085:53e8473ba934884e,0,1821.485335,1821.44189453125,1752.623205,68.105193,216.3086300715804,28.94594520330429,22.593678906559944,1361.8723200634122,336.7043876647949,1021.6058654785156,146,0,1,0,0,0,0,0,0,0,239.19235229492188,12.295743942260742,76.49881553649902,8.717475891113281,cache_bf16,large_h6_n32_s100,53e8473ba934884e0887f2ba95ba400bf9bec4d77cf74955ee274d647543a372,19.310848236083984,246.44307279586792,0,794.4736409187317,0,0,0,0
cora_link,val,86,86,cora_link:val:000086:cf8c6d684a64eeda,0,1224.494345,1224.4591064453125,1157.417109,66.692497,145.67053504288197,26.30618494004011,11.804267764091492,892.1673204749823,243.65635299682617,646.1609268188477,94,0,1,0,0,0,0,0,0,0,179.5343017578125,9.152159929275513,48.33305644989014,6.6368348598480225,cache_bf16,large_h6_n32_s100,cf8c6d684a64eedafbc9b42ca68fa90eeae373c5ac18f15c95110b42f5a244ef,19.342880249023438,161.58470413088799,0,503.9191029369831,0,0,0,0
cora_link,val,87,87,cora_link:val:000087:c6bd8e7cebeade5f,0,1706.526788,1706.487060546875,1638.807119,67.329083,234.24313869327307,27.78478991240263,17.488925717771053,1247.5067730993032,325.4527702331543,918.7294006347656,137,0,1,0,0,0,0,0,0,0,232.98054885864258,11.890048027038574,72.04419136047363,8.537981986999512,cache_bf16,large_h6_n32_s100,c6bd8e7cebeade5f47abd14366633bb1cf69e653fbe814fc89723b74ae0b3b36,19.344512939453125,231.33225598931313,0,706.7416575849056,0,0,0,0
cora_link,val,88,88,cora_link:val:000088:0d48200e9b1f3f3d,0,1580.903919,1580.865478515625,1512.191009,68.348945,178.34332771599293,26.28560923039913,16.398283652961254,1192.3132548108697,308.1795883178711,880.9396209716797,131,0,1,0,0,0,0,0,0,0,220.24665451049805,11.176576018333435,68.74348735809326,8.01287043094635,cache_bf16,large_h6_n32_s100,0d48200e9b1f3f3dcfc330cd785967b078be3ad1a286bcdb7fc01f60f2606226,19.336383819580078,224.3824642598629,0,675.8935405313969,0,0,0,0
cora_link,val,89,89,cora_link:val:000089:e135e8bdc2ae5355,0,1544.599038,1544.560546875,1475.133744,68.884996,169.38056703656912,26.057123206555843,16.321045346558094,1170.1057199388742,306.86431884765625,860.1152496337891,128,0,1,0,0,0,0,0,0,0,220.92339324951172,11.375647902488708,66.41551876068115,8.14975893497467,cache_bf16,large_h6_n32_s100,e135e8bdc2ae5355e65c913f904a6b1c092e152ec90f2c8bf62df9e24b683562,19.246784210205078,216.681471824646,0,662.6805620193481,0,0,0,0
cora_link,val,90,90,cora_link:val:000090:ebd242537a202816,0,1847.09693,1847.0560302734375,1777.998773,68.641378,611.1869560554624,27.033173479139805,14.490390196442604,1024.092674255371,249.17724609375,772.1165161132812,113,0,1,0,0,0,0,0,0,0,175.2240333557129,8.79804801940918,58.59923076629639,6.555933952331543,cache_bf16,large_h6_n32_s100,ebd242537a2028165edb083fbe81f037cdbf9812ef87d2495eb3586a5a9a36ee,19.511743545532227,194.44668808579445,0,597.181571573019,0,0,0,0
cora_link,val,91,91,cora_link:val:000091:f558e519d1940289,0,2396.450828,2396.404541015625,2327.311658,68.664986,954.5877370983362,26.99391543865204,16.96850173175335,1223.9459827542305,307.7277145385742,912.9221649169922,135,0,1,0,0,0,0,0,0,0,218.21494674682617,11.171776056289673,70.34371185302734,7.99727988243103,cache_bf16,large_h6_n32_s100,f558e519d1940289e9ecf4719746f0617fd583d65914b241ebe12a8cd0a81236,19.56528091430664,227.88924825191498,0,704.5981975793839,0,0,0,0
cora_link,val,92,92,cora_link:val:000092:e5df4d02d0e7b380,0,1712.870108,1712.8304443359375,1644.895878,67.55724,383.3041936159134,27.346991933882236,15.911554917693138,1128.983256407082,292.9628791809082,832.9275665283203,126,0,1,0,0,0,0,0,0,0,208.60723114013672,10.613215923309326,66.02364826202393,7.718783855438232,cache_bf16,large_h6_n32_s100,e5df4d02d0e7b380179b6966802525cfd72eb9a4a9a8ef28cfae11b431d047b6,19.578208923339844,213.366623878479,0,639.1391515731812,0,0,0,0
cora_link,val,93,93,cora_link:val:000093:f735369324c31e69,0,1696.71206,1696.672119140625,1629.617494,66.673257,168.14564540982246,26.70105081051588,17.85035151988268,1323.6478129401803,367.13683319091797,953.0099792480469,145,0,1,0,0,0,0,0,0,0,268.17657470703125,13.319008350372314,76.05967998504639,9.581570148468018,cache_bf16,large_h6_n32_s100,f735369324c31e693a850ab7ba020b89daa490b49f893f572391f34fa519cb88,19.284128189086914,244.20323207974434,0,728.0908753573895,0,0,0,0
cora_link,val,94,94,cora_link:val:000094:9593ceb59f0fcf1e,0,1359.753148,1359.71630859375,1291.094098,68.297929,141.02019742131233,26.14905685186386,14.081336557865143,1029.724771156907,273.39187240600586,753.5298233032227,114,0,1,0,0,0,0,0,0,0,196.93286514282227,10.080352067947388,59.08582305908203,7.292832136154175,cache_bf16,large_h6_n32_s100,9593ceb59f0fcf1ec9fe9bdb0545d895b3f52d3330b5641998b1e360a9791da1,19.31827163696289,193.76726418733597,0,579.0808307528496,0,0,0,0
cora_link,val,95,95,cora_link:val:000095:f00843a8acab5da3,0,1525.031748,1524.9942626953125,1457.987112,66.623526,160.60532722622156,26.094013825058937,16.12246036529541,1176.9884061068296,313.0409622192383,860.7581939697266,131,0,1,0,0,0,0,0,0,0,224.26601791381836,11.444959878921509,69.15926265716553,8.170721769332886,cache_bf16,large_h6_n32_s100,f00843a8acab5da3e805f0694b07b80959cfd68542ed31348195524e1fcc3ebb,19.282400131225586,221.48656010627747,0,658.5540339946747,0,0,0,0
cora_link,val,96,96,cora_link:val:000096:2ef8f94e1511e956,0,145.627505,145.60272216796875,79.239691,66.155929,3.456314094364643,26.081797666847706,0.6586136296391487,38.85071165859699,6.366111993789673,32.17737627029419,4,0,1,0,0,0,0,0,0,0,3.859552025794983,0.16003199853003025,2.112319976091385,0.2342079933732748,cache_bf16,large_h6_n32_s100,2ef8f94e1511e9560566504efa7f3478c8055e4fdde9ba820071ccf7a58b2bf4,19.325599670410156,15.558368116617203,0,35.94460782408714,0,0,0,0
cora_link,val,97,97,cora_link:val:000097:2bebad65143879eb,0,1497.783064,1497.744384765625,1429.139222,68.277279,152.39588916301727,26.14971436560154,15.772086568176746,1153.8815712556243,308.36902236938477,842.3929595947266,128,0,1,0,0,0,0,0,0,0,222.34508895874023,11.404192209243774,66.45446395874023,8.165277242660522,cache_bf16,large_h6_n32_s100,2bebad65143879ebaf1c5996f266e59ab5dc245fbdb536098e14d0ecf407e384,19.366464614868164,216.61318415403366,0,645.1462400555611,0,0,0,0
cora_link,val,98,98,cora_link:val:000098:ce9b1af93608dee4,0,1538.506712,1538.46875,1471.161733,66.797861,155.27195297181606,26.764583773911,16.405731439590454,1180.0911957398057,292.0814743041992,884.7880554199219,133,0,1,0,0,0,0,0,0,0,203.95872116088867,10.354719996452332,70.20528030395508,7.562752842903137,cache_bf16,large_h6_n32_s100,ce9b1af93608dee4182257df99e501dcc4e4ef9bc9034aab3b3e5fb473bce3d1,19.300928115844727,224.8483200967312,0,679.2406634390354,0,0,0,0
cora_link,val,99,99,cora_link:val:000099:2450ed437ff94702,0,1577.470273,1577.432373046875,1508.503018,68.508924,157.3620419949293,26.1812973767519,16.836151480674744,1214.7133247926831,315.8567695617676,895.5494537353516,136,0,1,0,0,0,0,0,0,0,225.67440032958984,11.460608005523682,70.54102420806885,8.180737018585205,cache_bf16,large_h6_n32_s100,2450ed437ff947028c2c2834f4c40c0a89c50b42fb291ba6ccfd962e0e7c0ac0,19.29033660888672,229.42624020576477,0,685.4135501384735,0,0,0,0
cora_link,test,100,0,cora_link:test:000000:a92a49577d9aaaf9,0,3061.93032,3061.841796875,2991.941004,69.367646,1502.3607853800058,34.20777805149555,19.119467586278915,1311.6602543741465,310.05884552001953,997.8530426025391,139,0,1,0,0,0,0,0,0,0,217.4722900390625,11.042272090911865,73.01961612701416,8.524667263031006,cache_bf16,large_h6_n32_s100,a92a49577d9aaaf95325fcc562b287774d230a1f7b54dbc314a6d5f0755e6cb4,20.811840057373047,235.91462424397469,0,782.7502584159374,0,0,0,0
cora_link,test,101,1,cora_link:test:000001:47761966a95f3eb6,0,3205.949231,3205.896240234375,3136.35228,69.044538,1685.9637340530753,27.93405018746853,18.851246684789658,1295.2516619116068,307.23398208618164,984.6011199951172,140,0,1,0,0,0,0,0,0,0,215.0231056213379,10.89407992362976,73.28879928588867,8.027997255325317,cache_bf16,large_h6_n32_s100,47761966a95f3eb62cbe0fba0d2d11c16a3ab6581015304ae9c32ecdc9d2b046,19.733280181884766,237.27139222621918,0,767.0630079507828,0,0,0,0
cora_link,test,102,2,cora_link:test:000002:248adbffa3013319,0,2766.108793,2766.060302734375,2697.754638,67.831616,1477.2288426756859,27.74250879883766,15.093083493411541,1075.68977214396,261.1227569580078,811.6766815185547,116,0,1,0,0,0,0,0,0,0,185.14860916137695,9.36025595664978,59.73363208770752,6.88025975227356,cache_bf16,large_h6_n32_s100,248adbffa30133190208abb5aaef4e46c669cd48341ea54f59ea642c7d0af321,19.6276798248291,197.89385625720024,0,633.4105050861835,0,0,0,0
cora_link,test,103,3,cora_link:test:000003:733f9ec4809d19f5,0,2102.177889,2102.135009765625,2034.703325,67.005148,775.7959477603436,27.608291245996952,18.111049197614193,1108.1226840615273,279.01869201660156,826.0807647705078,122,0,1,0,0,0,0,0,0,0,198.48841857910156,10.099071979522705,63.0280647277832,7.403136730194092,cache_bf16,large_h6_n32_s100,733f9ec4809d19f5681aaaad9301c87204e8a819ff44f4b4ace559f1631f941b,19.964384078979492,207.23590421676636,0,638.809244632721,0,0,0,0
cora_link,test,104,4,cora_link:test:000004:38570c1b93d605c5,0,2278.761279,2278.718017578125,2209.440319,68.742407,872.8942442685366,27.21187099814415,19.322840496897697,1182.732056826353,292.4596862792969,887.0649261474609,131,0,1,0,0,0,0,0,0,0,205.61289596557617,10.410080075263977,68.81759929656982,7.619110941886902,cache_bf16,large_h6_n32_s100,38570c1b93d605c599078d8cc2737659926fc60e7ad65141703083a1b65caf0b,19.639808654785156,221.61843225359917,0,685.0863025486469,0,0,0,0
cora_link,test,105,5,cora_link:test:000005:595c0c9fc1ff6618,0,1908.398836,1908.357177734375,1840.039461,67.860573,620.5316493287683,27.17283833771944,18.172376789152622,1084.3246318399906,289.6318702697754,791.7849884033203,117,0,1,0,0,0,0,0,0,0,210.3404769897461,10.538847923278809,61.06991958618164,7.682625770568848,cache_bf16,large_h6_n32_s100,595c0c9fc1ff6618ebb5a8f51b6466afc6c85a0c7a445a132efc20f10f865f57,19.635744094848633,199.0737923681736,0,612.3469401299953,0,0,0,0
cora_link,test,106,6,cora_link:test:000006:31831ee8abbeea66,0,1768.029439,1767.9891357421875,1698.642518,68.916947,406.97045996785164,27.215410955250263,18.91882624477148,1143.8984582200646,276.018497467041,864.7428131103516,128,0,1,0,0,0,0,0,0,0,193.0237102508545,9.587615966796875,66.14294338226318,7.264227867126465,cache_bf16,large_h6_n32_s100,31831ee8abbeea66cd0c7b1800211799e2834e0c0c923608d8bf9ca65eee4cd1,19.60089683532715,216.61609610915184,0,667.7276138365269,0,0,0,0
cora_link,test,107,7,cora_link:test:000007:f9f2e5b62d2ac8de,0,1849.350064,1849.3096923828125,1779.916902,68.920177,470.8384061232209,27.4629108607769,20.587637089192867,1164.123810827732,258.3593292236328,902.7319946289062,121,0,1,0,0,0,0,0,0,0,179.99456024169922,8.929728031158447,62.61689567565918,6.818145275115967,cache_bf16,large_h6_n32_s100,f9f2e5b62d2ac8ded6e6797e2ed90689e5eeb9d491a0f1d297032aa5fea072d7,19.673471450805664,205.67216047644615,0,716.7333056032658,0,0,0,0
cora_link,test,108,8,cora_link:test:000008:c79461d98b773e5c,0,1540.749179,1540.7117919921875,1471.757818,68.501122,181.6409919410944,26.239195838570595,16.653253696858883,1147.3545031622052,260.10646057128906,884.3866119384766,116,0,1,0,0,0,0,0,0,0,184.20236778259277,9.276992082595825,59.759711265563965,6.867389440536499,cache_bf16,large_h6_n32_s100,c79461d98b773e5c9ff91d981a1cec73c273981819e850b00eff1d3b65ec8600,19.28678321838379,197.44620802998543,0,706.2271871268749,0,0,0,0
cora_link,test,109,9,cora_link:test:000009:d2ee76e5e84eec35,0,187.920243,187.89471435546875,121.366599,66.326767,20.47866303473711,26.146589778363705,1.0493462905287743,64.16965369135141,12.343519687652588,51.45423984527588,7,0,1,0,0,0,0,0,0,0,8.303775906562805,0.40083200484514236,3.243712067604065,0.3951997086405754,cache_bf16,large_h6_n32_s100,d2ee76e5e84eec3564f795fcd6b2f7254c94efd70155a704ad0925a4965c92ab,19.357343673706055,20.379872053861618,0,50.431711465120316,0,0,0,0
cora_link,test,110,10,cora_link:test:000010:8d14e1da56065451,0,1935.295933,1935.254638671875,1866.322668,68.526358,311.24503817409277,26.460258290171623,19.310319796204567,1390.093288384378,367.61539459228516,1018.7960968017578,153,0,1,0,0,0,0,0,0,0,265.8595848083496,12.496512413024902,80.1622085571289,9.097088813781738,cache_bf16,large_h6_n32_s100,8d14e1da5606545155fe5956d5cb8329e8cfde8193f8888f4dd0928477723548,19.393695831298828,257.6125127673149,0,780.5772798657417,0,0,0,0
cora_link,test,111,11,cora_link:test:000011:fad03a0158e504b3,0,2347.538697,2347.4951171875,2280.082362,66.945096,750.2684574574232,26.91349759697914,19.314490258693695,1364.8453149944544,350.3283805847168,1010.8095245361328,153,0,1,0,0,0,0,0,0,0,248.27196884155273,12.656927824020386,80.27385520935059,9.12562870979309,cache_bf16,large_h6_n32_s100,fad03a0158e504b32650d140461ea86cb962b0822bff8f4520831a83cd1248e4,19.553695678710938,257.13180789351463,0,773.2314123213291,0,0,0,0
cora_link,test,112,12,cora_link:test:000012:aca91543227984e3,0,1408.028052,1407.991455078125,1338.968995,68.666601,560.9034607186913,27.265568263828754,9.678978472948074,672.7359117940068,165.18934631347656,505.5907211303711,76,0,1,0,0,0,0,0,0,0,115.86857604980469,5.70662397146225,39.22150373458862,4.392642557621002,cache_bf16,large_h6_n32_s100,aca91543227984e385271d7b6624f3488a279bb046c26f2b6068426fcddd5418,19.57196807861328,132.04419204592705,0,393.1184971630573,0,0,0,0
cora_link,test,113,13,cora_link:test:000013:c6319e2e394c55b4,0,2760.186601,2760.1396484375,2692.985758,66.777238,1421.3998168706894,26.90284326672554,15.79306274652481,1132.998738437891,286.48729705810547,843.4053039550781,127,0,1,0,0,0,0,0,0,0,202.6360321044922,10.263359904289246,66.06828880310059,7.51961624622345,cache_bf16,large_h6_n32_s100,c6319e2e394c55b41806cfecd8da702ae32db387f3cb5a4f8f8eef4694f73a95,19.514591217041016,215.2476162314415,0,647.6722789406776,0,0,0,0
cora_link,test,114,14,cora_link:test:000014:7bf3e2dde2798014,0,1759.549581,1759.5108642578125,1690.747451,68.474808,895.6455215811729,26.8181124702096,9.84798651188612,689.8911343887448,160.0685749053955,527.7828216552734,80,0,1,0,0,0,0,0,0,0,109.79011344909668,5.336000025272369,40.730175495147705,4.212285935878754,cache_bf16,large_h6_n32_s100,7bf3e2dde2798014ceb5d40da68647c5153090960f695abd29526791495aae0b,19.482271194458008,138.6746561229229,0,408.59043672680855,0,0,0,0
cora_link,test,115,15,cora_link:test:000015:987bc8c1450d4de6,0,3071.24164,3071.192138671875,3004.169151,66.681572,1627.1777525544167,26.987047865986824,17.193864099681377,1223.637475632131,309.45785903930664,910.8036651611328,138,0,1,0,0,0,0,0,0,0,217.9747543334961,11.062304019927979,72.3586254119873,8.062175273895264,cache_bf16,large_h6_n32_s100,987bc8c1450d4de64eef125a17107f6448f2d1b5185316d809ae6a6c0f0195e1,19.631488800048828,232.79638409614563,0,697.638769865036,0,0,0,0
cora_link,test,116,16,cora_link:test:000016:5b221701d91b2a5f,0,2610.180852,2610.135498046875,2541.186002,68.587221,1343.2423640042543,26.774358935654163,15.229207463562489,1058.267394080758,251.41993713378906,803.8466949462891,122,0,1,0,0,0,0,0,0,0,173.2586555480957,8.605408072471619,63.009568214416504,6.546305298805237,cache_bf16,large_h6_n32_s100,5b221701d91b2a5f8038b3865bbb9fcedfa54c0a8fded06e49662e9b7d10eeca,19.467744827270508,206.60937586426735,0,616.7050639092922,0,0,0,0
cora_link,test,117,17,cora_link:test:000017:d481cb116e8ae8b8,0,3150.156245,3150.1064453125,3081.016055,68.683002,1700.9435473009944,26.869796216487885,17.45727937668562,1230.443561449647,305.11967849731445,921.9226837158203,140,0,1,0,0,0,0,0,0,0,213.3079376220703,10.72761595249176,73.06128025054932,8.022844672203064,cache_bf16,large_h6_n32_s100,d481cb116e8ae8b85fd7c852582357b1bd5b2f42c37be8d533de0caed2e3600d,19.574623107910156,236.0333443582058,0,705.4639624655247,0,0,0,0
cora_link,test,118,18,cora_link:test:000018:48808d259fed35be,0,2790.812502,2790.766357421875,2721.427114,68.769775,1458.868601359427,26.982850395143032,16.084409318864346,1119.7325130924582,266.9069137573242,849.6997375488281,127,0,1,0,0,0,0,0,0,0,184.78579139709473,9.233824014663696,65.93657493591309,6.95072340965271,cache_bf16,large_h6_n32_s100,48808d259fed35be2922a2257ced6e69b7f3efdea3984cd9e3e45a0b1fcaac34,19.570079803466797,215.2096960246563,0,654.0601213276386,0,0,0,0
cora_link,test,119,19,cora_link:test:000019:12f4d9e1dc287b85,0,2777.995123,2777.948974609375,2708.661627,68.852348,1422.1286633983254,27.012777514755726,15.66852256655693,1142.4221498891711,300.0766067504883,839.2889709472656,124,0,1,0,0,0,0,0,0,0,216.03359603881836,11.228800177574158,64.84387111663818,7.970339417457581,cache_bf16,large_h6_n32_s100,12f4d9e1dc287b85cf1cb6e0b0a5d7b49bdd9bfc17e5c97e854d6b893dd93fd7,19.58572769165039,210.21859246492386,0,648.6561061739922,0,0,0,0
cora_link,test,120,20,cora_link:test:000020:a41d96c929bbaea4,0,2750.248927,2750.2021484375,2683.01698,66.821743,1348.2596147805452,26.890689507126808,16.807121224701405,1180.9761533513665,293.13007736206055,884.574951171875,134,0,1,0,0,0,0,0,0,0,205.47481536865234,10.410560011863708,69.61343955993652,7.631262421607971,cache_bf16,large_h6_n32_s100,a41d96c929bbaea468aaad7fdcd5d180accbcd9f4277b2d1ca7740cdd52be7cd,19.511072158813477,226.23084783554077,0,677.8551754951477,0,0,0,0
cora_link,test,121,21,cora_link:test:000021:021cc6c6d71b868e,0,1399.402156,1399.3673095703125,1330.594263,68.422446,153.76420132815838,26.30174718797207,14.601420611143112,1035.940540023148,260.88713455200195,772.2031784057617,116,0,1,0,0,0,0,0,0,0,184.90185546875,9.334527969360352,59.75379276275635,6.896958351135254,cache_bf16,large_h6_n32_s100,021cc6c6d71b868ee32b5ec18999125272fe8f3b8e770b9b2ade266358591a09,19.415103912353516,197.37644791603088,0,594.2418344020844,0,0,0,0
cora_link,test,122,22,cora_link:test:000022:7ebf8fd29faab399,0,1311.352609,1311.31884765625,1243.589147,67.412147,136.56000792980194,26.18836984038353,13.544159941375256,983.0795451998711,237.18511962890625,743.1813735961914,110,0,1,0,0,0,0,0,0,0,165.30963325500488,8.270304203033447,57.37523174285889,6.229950428009033,cache_bf16,large_h6_n32_s100,7ebf8fd29faab399aae704e7cf9151ceb11e4f315cbbea54d10385c82d339425,19.33513641357422,187.2464960515499,0,575.2700139582157,0,0,0,0
cora_link,test,123,23,cora_link:test:000023:3362a73a111bacec,0,439.304926,439.276611328125,371.119126,67.935432,48.59427362680435,26.357363909482956,3.7176497280597687,264.9511955678463,68.43424129486084,195.64213943481445,29,0,1,0,0,0,0,0,0,0,48.73753643035889,2.442815989255905,15.365983963012695,1.8879049122333527,cache_bf16,large_h6_n32_s100,3362a73a111bacec5618dfa5720e7a98689f6b00361568e5bab3750d7a69ddeb,19.40496063232422,55.95075210928917,0,159.0963479578495,0,0,0,0
cora_link,test,124,24,cora_link:test:000024:85adf0fcce383d9c,0,2405.664399,2405.62109375,2336.758793,68.475161,1098.0336591601372,27.620550245046616,14.598567970097065,1098.7189132720232,310.40614318847656,785.3979797363281,118,0,1,0,0,0,0,0,0,0,228.6099853515625,11.755647897720337,61.67468738555908,8.365822553634644,cache_bf16,large_h6_n32_s100,85adf0fcce383d9cb482d4bb8e481933359ac38902568f0b242a66bf714286fe,19.519071578979492,200.44528004527092,0,604.4717712700367,0,0,0,0
cora_link,test,125,25,cora_link:test:000025:9d9567e93f366061,0,2891.726008,2891.67822265625,2824.246668,66.995218,1286.4183159545064,27.640153653919697,18.758405931293964,1369.4802671670914,351.2850570678711,1014.4922790527344,153,0,1,0,0,0,0,0,0,0,249.13024139404297,12.740864038467407,80.30352020263672,9.110431432723999,cache_bf16,large_h6_n32_s100,9d9567e93f366061cd925a7a7ea1c1641d8e50bb824f0e37e4338dcd7ae6bc6d,19.562719345092773,257.1751676797867,0,776.8798307180405,0,0,0,0
cora_link,test,126,26,cora_link:test:000026:585463fc562fdee5,0,3345.11436,3345.0634765625,3277.788116,66.810713,1738.6906491592526,26.96439065039158,19.53523326665163,1368.2723985984921,337.2493782043457,1027.2767791748047,155,0,1,0,0,0,0,0,0,0,235.81977462768555,11.968607902526855,80.75372791290283,8.707267761230469,cache_bf16,large_h6_n32_s100,585463fc562fdee5d1a69d189fef63b474daea272c901560a9fabd71463a1f50,19.5850887298584,260.6671678721905,0,786.1947000324726,0,0,0,0
cora_link,test,127,27,cora_link:test:000027:2eaf82e718529d61,0,1933.061936,1933.0225830078125,1865.747208,66.854099,364.9458335712552,26.883604936301708,18.787085078656673,1340.78233782202,346.2909164428711,990.8845977783203,149,0,1,0,0,0,0,0,0,0,246.53756713867188,12.624127984046936,78.10067176818848,9.028549551963806,cache_bf16,large_h6_n32_s100,2eaf82e718529d613e0de6749a0bff9e8cb957e16d67c4b78d6d6721f8f7f677,19.58233642578125,250.96780839562416,0,759.4991258084774,0,0,0,0
cora_link,test,128,28,cora_link:test:000028:c1dc2bd37c203ab9,0,1633.450799,1633.4136962890625,1564.900441,68.02954,306.631644256413,26.81074757128954,15.84690436720848,1115.2072986587882,281.3099479675293,830.8204956054688,125,0,1,0,0,0,0,0,0,0,198.26671981811523,10.082656145095825,65.53987216949463,7.420699834823608,cache_bf16,large_h6_n32_s100,c1dc2bd37c203ab9665b777173926fd67a29c32500d594fa60caed2d1f270794,19.53865623474121,211.9510081410408,0,638.4081436991692,0,0,0,0
cora_link,test,129,29,cora_link:test:000029:7480b14103945b84,0,1417.14271,1417.1058349609375,1348.341976,68.403538,149.1427579894662,26.288901455700397,14.971536584198475,1065.0223037227988,259.7782402038574,802.2785186767578,121,0,1,0,0,0,0,0,0,0,181.0780487060547,9.091328144073486,62.80147171020508,6.80739164352417,cache_bf16,large_h6_n32_s100,7480b14103945b842a9ba14187b3872f2fc3bcc05877d034c1bc4e899de8d936,19.37753677368164,205.33347234129906,0,616.3225831091404,0,0,0,0
cora_link,test,130,30,cora_link:test:000030:5400903d50457875,0,1557.095028,1557.0582275390625,1488.27026,68.424031,154.09072302281857,26.34024526923895,17.347369343042374,1181.4385149627924,302.18249893188477,876.0935516357422,130,0,1,0,0,0,0,0,0,0,215.9077491760254,11.038432121276855,67.28256034851074,7.953757286071777,cache_bf16,large_h6_n32_s100,5400903d50457875c14c0b9a3c0a10d4dced003e34216211d87925f2c132ce0a,19.38582420349121,220.01843240857124,0,675.4609434306622,0,0,0,0
cora_link,test,131,31,cora_link:test:000031:63aea78df371a953,0,1763.847361,1763.809326171875,1694.872981,68.537664,495.11692952364683,26.81334037333727,15.029185451567173,1061.5872740745544,252.4409637451172,806.1445770263672,122,0,1,0,0,0,0,0,0,0,174.20889472961426,8.66217589378357,62.99727916717529,6.572613954544067,cache_bf16,large_h6_n32_s100,63aea78df371a953e2aba90e752f82d6a7fd4d6d701ec5a481f69b45a8204852,19.51683235168457,207.02534425258636,0,618.6360651254654,0,0,0,0
cora_link,test,132,32,cora_link:test:000032:1f2a998b4dbd6639,0,2693.374148,2693.3291015625,2624.299527,68.565256,1227.04675514251,26.822490617632866,17.70858559757471,1235.6896800920367,307.39151763916016,924.8890228271484,140,0,1,0,0,0,0,0,0,0,215.20149993896484,10.80406391620636,73.36787128448486,8.01808249950409,cache_bf16,large_h6_n32_s100,1f2a998b4dbd663942c37acfb051c8449b7e7afbb4c5b001bc643c15a46266d1,19.45680046081543,236.09039971232414,0,708.2554235756397,0,0,0,0
cora_link,test,133,33,cora_link:test:000033:14d615d89a1b41e3,0,2504.007049,2503.962646484375,2436.661394,66.90121,1279.3254386633635,26.827307417988777,14.544782228767872,1017.0453786849976,247.42626953125,766.7668762207031,115,0,1,0,0,0,0,0,0,0,173.0950412750244,8.580351829528809,59.251070976257324,6.499805450439453,cache_bf16,large_h6_n32_s100,14d615d89a1b41e3816c7e8f4b762e6f09730c867962c7aa144a1cd0e0acbc86,19.494495391845703,195.6534079015255,0,590.6079637110233,0,0,0,0
cora_link,test,134,34,cora_link:test:000034:63e24931f3b2ac99,0,2759.656832,2759.611083984375,2690.572303,68.631524,1219.0041923895478,26.973046362400055,19.033201038837433,1313.8601956889033,313.7189750671387,996.4789886474609,151,0,1,0,0,0,0,0,0,0,215.1216926574707,10.767135858535767,79.7193603515625,8.110786199569702,cache_bf16,large_h6_n32_s100,63e24931f3b2ac9976abff488fc1f0cbad1d106c8a270a4abc94c20d231a9fc1,19.61257553100586,254.17897576093674,0,761.9125884175301,0,0,0,0
cora_link,test,135,35,cora_link:test:000035:7c0b00c12372333f,0,1343.150536,1343.1168212890625,1276.340201,66.463317,134.31598711758852,26.166170835494995,14.382033608853817,1009.9750626832247,245.0227508544922,762.1505889892578,114,0,1,0,0,0,0,0,0,0,171.17910385131836,8.511391997337341,58.88860893249512,6.44364607334137,cache_bf16,large_h6_n32_s100,7c0b00c12372333fd1727af7ceb3fe9c7ce9d78f337f1a6d64b62ed10b83740e,19.342336654663086,194.00006410479546,0,587.4928615391254,0,0,0,0
cora_link,test,136,36,cora_link:test:000036:6084688f7bbdf65d,0,2309.791522,2309.75048828125,2240.737405,68.620864,865.2267642319202,27.95128244906664,29.909112490713596,1218.9513193443418,306.64240646362305,909.0321502685547,134,0,1,0,0,0,0,0,0,0,217.84291458129883,11.089760065078735,69.690016746521,8.019715070724487,cache_bf16,large_h6_n32_s100,6084688f7bbdf65d904c5e7def98fdc045cf685b38eb265b4b265a6721532ba5,19.818336486816406,226.47142380475998,0,702.3790629506111,0,0,0,0
cora_link,test,137,37,cora_link:test:000037:da07c8f84e6a36a9,0,2389.33397,2389.29150390625,2320.232381,68.686444,1076.9827840849757,27.534883469343185,15.2702322229743,1096.7195928096771,275.1641311645508,818.4951629638672,124,0,1,0,0,0,0,0,0,0,193.09871292114258,9.752671957015991,65.06790447235107,7.244841814041138,cache_bf16,large_h6_n32_s100,da07c8f84e6a36a993088066dce943abb672c1f798464c00e59cad3caa720537,19.598623275756836,210.42627197504044,0,627.6675142645836,0,0,0,0
cora_link,test,138,38,cora_link:test:000038:a34151466e92759c,0,1732.630425,1732.5928955078125,1663.607008,68.669132,865.294630639255,28.991631232202053,10.049604810774326,691.0783555358648,160.17795181274414,528.8541717529297,80,0,1,0,0,0,0,0,0,0,109.84694290161133,5.341760039329529,40.770463943481445,4.218784928321838,cache_bf16,large_h6_n32_s100,a34151466e92759c74de7d0f87e311f95d733aa0bd5d52e80561031048db934c,21.61408042907715,138.78387236595154,0,411.6843798160553,0,0,0,0
cora_link,test,139,39,cora_link:test:000039:8c051e3c3f1eac2f,0,2782.904768,2782.85888671875,2713.985062,68.50489,1477.3621382191777,27.06670854240656,15.478605404496193,1093.0899428203702,274.7388458251953,815.3153533935547,123,0,1,0,0,0,0,0,0,0,192.61331367492676,9.700639963150024,65.28284931182861,7.142042875289917,cache_bf16,large_h6_n32_s100,8c051e3c3f1eac2fbb5106a981df606b9c7f62e6d30e378dd9cf19600d1f69e4,19.578304290771484,208.58304059505463,0,626.3106170892715,0,0,0,0
cora_link,test,140,40,cora_link:test:000040:0c4e1b16e7f6d32e,0,2834.727453,2834.681884765625,2767.495043,66.857813,1450.43586473912,27.622057124972343,16.000299714505672,1174.4935307651758,311.5406379699707,859.7719573974609,130,0,1,0,0,0,0,0,0,0,224.47846221923828,11.651520013809204,67.19529628753662,8.215359449386597,cache_bf16,large_h6_n32_s100,0c4e1b16e7f6d32e5da80273adc54aca607610739bfc2682e89dac848332874a,19.54128074645996,221.1582083106041,0,658.1550298333168,0,0,0,0
cora_link,test,141,41,cora_link:test:000041:94823266d74a6d48,0,3038.549449,3038.502685546875,2970.603972,67.495651,1614.1910087317228,26.86452679336071,17.053615301847458,1204.31534294039,284.49683380126953,916.4402618408203,139,0,1,0,0,0,0,0,0,0,194.4684829711914,9.720895886421204,72.94294261932373,7.364512324333191,cache_bf16,large_h6_n32_s100,94823266d74a6d48a3ebb0e739cc6b9a001e36bc6d4378d466e605e013136a1e,19.527679443359375,234.69280025362968,0,701.27514103055,0,0,0,0
cora_link,test,142,42,cora_link:test:000042:3043386de9eb5a17,0,3082.032384,3081.984130859375,3013.080094,68.479623,1466.3543114438653,26.830745860934258,16.030700877308846,1398.668460547924,301.95612716674805,1093.5295104980469,130,0,1,0,0,0,0,0,0,0,215.86057662963867,10.998847961425781,67.17420768737793,7.922494888305664,cache_bf16,large_h6_n32_s100,3043386de9eb5a174134a7e339dde5f554850f3be3e476a139a3e6620f9e94ff,19.552640914916992,219.94441571831703,0,893.1377356946468,0,0,0,0
cora_link,test,143,43,cora_link:test:000043:a61dd8a6124feaf5,0,2554.939901,2554.895751953125,2485.864391,68.595006,1124.4151769205928,26.86562668532133,17.03845150768757,1206.5128646790981,292.766845703125,910.3955841064453,138,0,1,0,0,0,0,0,0,0,202.49072265625,10.167168021202087,72.49868774414062,7.610267281532288,cache_bf16,large_h6_n32_s100,a61dd8a6124feaf55c666b0ed451d4b59b3548088c16c62153daa0eeed988780,19.529375076293945,232.85209581255913,0,697.0728633701801,0,0,0,0
cora_link,test,144,44,cora_link:test:000044:90d883bbff1b482c,0,1817.354294,1817.3155517578125,1748.330167,68.618316,321.57410867512226,26.745510287582874,17.21818745136261,1276.1781308799982,345.980224609375,926.7943725585938,140,0,1,0,0,0,0,0,0,0,250.50815963745117,12.8471360206604,73.49782276153564,9.127106189727783,cache_bf16,large_h6_n32_s100,90d883bbff1b482ce1b0f86688ef07df0ad211ec8eff530394d1e198d8430b26,19.532672882080078,236.45161619782448,0,709.8754292428493,0,0,0,0
cora_link,test,145,45,cora_link:test:000045:bae37ede4a3de9b1,0,2467.370925,2467.32861328125,2398.18957,68.73302,1070.1144523918629,26.8371244892478,16.773296520113945,1183.0463577061892,293.7652473449707,886.0220184326172,133,0,1,0,0,0,0,0,0,0,205.4848289489746,10.375392079353333,70.2515516281128,7.653474688529968,cache_bf16,large_h6_n32_s100,bae37ede4a3de9b1b112273365558ac2d3c01eba152028941b820629cb36f666,19.500320434570312,225.19206407666206,0,680.3302747905254,0,0,0,0
cora_link,test,146,46,cora_link:test:000046:a3fb53fd45897eed,0,2670.5213,2670.476806640625,2603.244881,66.877195,1262.0320273563266,27.12907176464796,16.95732492953539,1187.0700009167194,294.60617446899414,889.1926727294922,134,0,1,0,0,0,0,0,0,0,206.89014053344727,10.451232075691223,69.62201595306396,7.642785906791687,cache_bf16,large_h6_n32_s100,a3fb53fd45897eed4bb12c5192d2091db1a22b1a781d299d9837a5f36024d63f,19.523168563842773,226.39068838953972,0,682.3251529037952,0,0,0,0
cora_link,test,147,47,cora_link:test:000047:e806f17c15aa686b,0,2012.342843,2012.3028564453125,1943.183269,68.661214,701.6554372385144,26.912455447018147,16.563852317631245,1095.0016798451543,279.94336318969727,812.0589141845703,122,0,1,0,0,0,0,0,0,0,199.15926361083984,10.14303994178772,63.236639976501465,7.404419660568237,cache_bf16,large_h6_n32_s100,e806f17c15aa686b060e0ed51edf41cd755ff4e9f4ba115925f5000037240c8f,19.559328079223633,207.23132807016373,0,624.3869141936302,0,0,0,0
cora_link,test,148,48,cora_link:test:000048:c713ee4fd107b98c,0,1402.69073,1402.65576171875,1333.4379,68.748693,126.66945904493332,26.192620396614075,15.347299166023731,1067.707478068769,253.09030151367188,811.6235961914062,122,0,1,0,0,0,0,0,0,0,174.69689750671387,8.673439979553223,63.15513515472412,6.564828872680664,cache_bf16,large_h6_n32_s100,c713ee4fd107b98c450cce5e01dd3bcf642b3fd16862c42ce9c070d74d4e7f36,19.325376510620117,207.37491211295128,0,623.5740605890751,0,0,0,0
cora_link,test,149,49,cora_link:test:000049:4875f0d1278f893a,0,1468.68196,1468.6478271484375,1400.844348,67.423246,183.78160241991282,26.568569242954254,15.231875702738762,1087.0825918391347,279.0944290161133,805.0051879882812,122,0,1,0,0,0,0,0,0,0,199.07212829589844,9.9235520362854,62.6628475189209,7.435901165008545,cache_bf16,large_h6_n32_s100,4875f0d1278f893adb29afed4c489723a9c4bf4cff2155264658735ae2a78b4a,19.4683837890625,206.51462396979332,0,617.9589478075504,0,0,0,0
cora_link,test,150,50,cora_link:test:000050:edd01bf99d59d0d3,0,1479.262106,1479.2269287109375,1412.280449,66.603738,155.88209219276905,26.20195411145687,15.582543797791004,1113.4108854457736,288.92342376708984,821.4615325927734,124,0,1,0,0,0,0,0,0,0,205.96697998046875,10.378687858581543,64.95526313781738,7.622492790222168,cache_bf16,large_h6_n32_s100,edd01bf99d59d0d3183fe96945c7ab77e925a18783b97396e292410a726326e4,19.360063552856445,210.33548805117607,0,630.4861080944538,0,0,0,0
cora_link,test,151,51,cora_link:test:000051:50ba04ac7a5538a1,0,1341.772211,1341.7392578125,1273.093489,68.321683,120.35800516605377,26.17562096565962,14.563092961907387,1017.3117406666279,242.78361892700195,771.6490173339844,117,0,1,0,0,0,0,0,0,0,166.7459201812744,8.277184009552002,61.45011234283447,6.3104023933410645,cache_bf16,large_h6_n32_s100,50ba04ac7a5538a1d58a96d93c24da81af646af9e7cf91d4812ed58a4076106e,19.307424545288086,198.72150388360023,0,592.2349379956722,0,0,0,0
cora_link,test,152,52,cora_link:test:000052:3d056eca91a9a836,0,1798.111641,1798.0748291015625,1730.926183,66.757532,370.3044047579169,26.817250065505505,17.26717036217451,1208.46161339432,289.1231384277344,915.96142578125,139,0,1,0,0,0,0,0,0,0,198.48432159423828,9.931359887123108,73.27734375,7.430113196372986,cache_bf16,large_h6_n32_s100,3d056eca91a9a83670c06713bbe83ebf3e1072c5493ac4c40eaad5ff9be5dac4,19.469696044921875,234.33824089169502,0,701.0928809344769,0,0,0,0
cora_link,test,153,53,cora_link:test:000053:afffb12d2f835989,0,1213.43227,1213.399169921875,1146.585701,66.524468,117.66723357141018,26.21719054877758,12.8984609618783,904.2662708088756,215.47072219848633,686.2165451049805,104,0,1,0,0,0,0,0,0,0,148.53497695922852,7.267711877822876,53.9903678894043,5.67766547203064,cache_bf16,large_h6_n32_s100,afffb12d2f8359894144ea1011bb00a1beddec2d1e8e2a96f0a23197bd320ad7,19.355072021484375,177.52860841155052,0,528.0430087149143,0,0,0,0
cora_link,test,154,54,cora_link:test:000054:30c26c12e5ad1acc,0,1729.878862,1729.8421630859375,1662.407105,66.975851,346.6157652437687,26.802631095051765,16.558516770601273,1165.2635028585792,292.70025634765625,869.3632202148438,131,0,1,0,0,0,0,0,0,0,205.69452285766602,10.43942391872406,68.96057605743408,7.605733513832092,cache_bf16,large_h6_n32_s100,30c26c12e5ad1acc921d6007d96b5414db7a451770e578c7ec38deb32d74ab94,19.441408157348633,221.52505642175674,0,667.2795719504356,0,0,0,0
cora_link,test,155,55,cora_link:test:000055:71bf8a9463858055,0,1291.253403,1291.2198486328125,1223.56728,67.319315,119.98340208083391,26.2314286082983,13.819156214594841,970.0696980580688,222.3163833618164,744.9923934936523,112,0,1,0,0,0,0,0,0,0,150.70796585083008,7.398111939430237,58.46339225769043,5.746913313865662,cache_bf16,large_h6_n32_s100,71bf8a94638580552fec335174e5be8a4d64bac73d5c7f16af740198f9557854,19.35456085205078,190.77648028731346,0,573.5704740583897,0,0,0,0
cora_link,test,156,56,cora_link:test:000056:a45fd9c8fbaeda83,0,1819.912656,1819.8748779296875,1752.016166,67.452267,230.89316207915545,26.71025786548853,19.087040796875954,1359.144856221974,353.5294418334961,1001.9715423583984,151,0,1,0,0,0,0,0,0,0,251.85580825805664,12.755167961120605,79.67932605743408,9.239139556884766,cache_bf16,large_h6_n32_s100,a45fd9c8fbaeda83f996b5c5134233e343c2330cd97543af1dc4aa469895b57a,19.5196475982666,255.47679975628853,0,766.0143902003765,0,0,0,0
cora_link,test,157,57,cora_link:test:000057:8cce888c9b65f06a,0,1888.206282,1888.1683349609375,1819.193952,68.611918,531.2827313318849,26.86009742319584,16.15684013813734,1135.2385431528091,281.82336044311523,850.2826080322266,128,0,1,0,0,0,0,0,0,0,197.85001754760742,10.035359978675842,66.51929664611816,7.418686270713806,cache_bf16,large_h6_n32_s100,8cce888c9b65f06a5282b21227395865b0021e9e80a7f06a26231ebce5e682bd,19.49849510192871,216.77622416615486,0,653.0048789680004,0,0,0,0
cora_link,test,158,58,cora_link:test:000058:0a15699abbc7bdfe,0,1892.767852,1892.7291259765625,1825.62276,66.699855,328.61469872295856,26.784383691847324,18.672254867851734,1338.3069951087236,347.0637741088867,987.6242218017578,149,0,1,0,0,0,0,0,0,0,247.11437225341797,12.646336078643799,78.26383972167969,9.039226055145264,cache_bf16,large_h6_n32_s100,0a15699abbc7bdfe11e1545398d656d9a071b62cdfa31f06fcff39dc96d7d97f,19.521120071411133,251.02240025997162,0,756.1229416131973,0,0,0,0
cora_link,test,159,59,cora_link:test:000059:7ad4f13634e65d42,0,1464.669847,1464.6348876953125,1397.679315,66.617476,132.5387991964817,26.122267358005047,15.723050571978092,1126.9667204469442,286.5550079345703,837.3143157958984,127,0,1,0,0,0,0,0,0,0,202.63788986206055,10.232127904891968,66.14099216461182,7.5439980030059814,cache_bf16,large_h6_n32_s100,7ad4f13634e65d42696f55ae561430fda053895ac5a173d4c38046f329f65662,19.341663360595703,215.02527993917465,0,641.6306992173195,0,0,0,0
cora_link,test,160,60,cora_link:test:000060:947ecd7092b60d75,0,185.973806,185.9486083984375,118.543619,67.211234,6.940045394003391,37.28297259658575,1.0429983958601952,63.789449632167816,12.4585280418396,50.96294593811035,7,0,1,0,0,0,0,0,0,0,8.385823965072632,0.40003199130296707,3.276032030582428,0.3966400548815727,cache_bf16,large_h6_n32_s100,947ecd7092b60d753dd719552fce7c384a6830ffd76e25155af36e9e9adf3896,30.5350399017334,20.41235199570656,0,61.08563384413719,0,0,0,0
cora_link,test,161,61,cora_link:test:000061:1acb49af271f9d61,0,1736.631042,1736.59375,1667.4923,68.699665,290.55182728916407,26.72900538891554,17.116685397922993,1231.099401600659,328.0618209838867,899.7178649902344,136,0,1,0,0,0,0,0,0,0,236.62803268432617,12.184160113334656,70.63942337036133,8.610204815864563,cache_bf16,large_h6_n32_s100,1acb49af271f9d61b24aa48362d2b853908b399d03bd39d8cc98f9d1f081985a,19.533824920654297,229.77372804284096,0,689.4779618680477,0,0,0,0
cora_link,test,162,62,cora_link:test:000062:6cfbf15b798236a5,0,1493.345451,1493.309814453125,1424.469945,68.474152,147.01533876359463,26.205161586403847,16.08321350067854,1129.859815351665,258.2242889404297,868.4634704589844,130,0,1,0,0,0,0,0,0,0,175.5650234222412,8.71017599105835,67.25859260559082,6.690496921539307,cache_bf16,large_h6_n32_s100,6cfbf15b798236a54090cd19df3719c67a389fc2e3dee5ac50bda445d2aaee96,19.331552505493164,219.7305282652378,0,668.0644946992397,0,0,0,0
cora_link,test,163,63,cora_link:test:000063:9ace740bce59e5eb,0,1292.149903,1292.11669921875,1225.265001,66.535914,132.35421758145094,26.068441569805145,13.86442594230175,969.3319341167808,237.88227081298828,728.7394561767578,110,0,1,0,0,0,0,0,0,0,165.7690887451172,8.30076801776886,57.55337619781494,6.2590378522872925,cache_bf16,large_h6_n32_s100,9ace740bce59e5ebac4f83ca36118d0f76b772a4250fc122be277a75341046da,19.27552032470703,187.84188809990883,0,560.173088401556,0,0,0,0
cora_link,test,164,64,cora_link:test:000064:e6ca9e4062a35662,0,1797.638313,1797.6014404296875,1729.039116,68.194945,216.62842389196157,26.855585165321827,18.656724132597446,1344.3169314414263,341.16323471069336,999.5069580078125,151,0,1,0,0,0,0,0,0,0,240.44975662231445,12.225120067596436,79.58800029754639,8.900357723236084,cache_bf16,large_h6_n32_s100,e6ca9e4062a3566245ff7a1135ef3f44abbec6aed0dcdc1ea3ca402b6611e5f3,19.286752700805664,254.12025618553162,0,764.6734545230865,0,0,0,0
cora_link,test,165,65,cora_link:test:000065:7b22040be3ab19bb,0,195.861912,195.83602905273438,129.307322,66.335538,19.09530721604824,26.217964477837086,1.1698165908455849,69.80217806994915,11.410655975341797,57.999616622924805,8,0,1,0,0,0,0,0,0,0,7.276032090187073,0.3568960018455982,3.4043840765953064,0.3733438067138195,cache_bf16,large_h6_n32_s100,7b22040be3ab19bbcfa9198d7350cc1a126591686908e34ef3b5a920fd636caa,19.49225616455078,22.016576051712036,0,55.47529673576355,0,0,0,0
cora_link,test,166,66,cora_link:test:000066:bc7f1918aa925803,0,1828.229591,1828.19189453125,1760.155359,67.603234,190.4377844184637,26.134305633604527,19.304082728922367,1408.7765337899327,375.0575714111328,1029.9761352539062,156,0,1,0,0,0,0,0,0,0,269.5025939941406,13.732383966445923,82.09727954864502,9.725313901901245,cache_bf16,large_h6_n32_s100,bc7f1918aa925803f1d7036ade0510d3686fbe78b3908d95997a2747ae85b5dd,19.33513641357422,262.17007997632027,0,787.1411916911602,0,0,0,0
cora_link,test,167,67,cora_link:test:000067:111f661608b76851,0,2157.367513,2157.326904296875,2088.449829,68.462722,653.0082393437624,26.864795945584774,17.950445413589478,1270.9942683577538,321.91183853149414,945.5735015869141,145,0,1,0,0,0,0,0,0,0,225.99229049682617,11.384223937988281,76.17536067962646,8.359963417053223,cache_bf16,large_h6_n32_s100,111f661608b76851f9a56159eadc34c3e40962055823a3029b4903a09f3bd9b8,19.60361671447754,243.86812803149223,0,721.3089902698994,0,0,0,0
cora_link,test,168,68,cora_link:test:000068:c05c7b87fd0cda19,0,1365.20422,1365.1702880859375,1296.3609,68.467475,300.72077829390764,26.617937721312046,12.127225287258625,872.501497156918,227.20716857910156,642.8505935668945,98,0,1,0,0,0,0,0,0,0,161.85391998291016,8.176672101020813,51.12694454193115,6.049631953239441,cache_bf16,large_h6_n32_s100,c05c7b87fd0cda19478eece624809a5919473f036800f1e4b036d40d7b5aac07,19.48691177368164,167.96137592196465,0,494.3761294186115,0,0,0,0
cora_link,test,169,69,cora_link:test:000069:a591447a76a23f33,0,1404.35469,1404.3206787109375,1336.395341,67.553665,137.43513450026512,26.100901886820793,14.747672714293003,1057.5758758932352,263.3384666442871,791.2795562744141,121,0,1,0,0,0,0,0,0,0,184.23548698425293,9.252352118492126,62.97558403015137,6.875043511390686,cache_bf16,large_h6_n32_s100,a591447a76a23f33910d5c7059da320f0fabc4b0dbd677fc99b0287262664a94,19.39910316467285,205.15587201714516,0,605.5227874219418,0,0,0,0
cora_link,test,170,70,cora_link:test:000070:b5db190fcc93371e,0,1212.465743,1212.4329833984375,1143.942297,68.209324,111.30013596266508,26.071082800626755,12.595370411872864,909.0641709044576,240.3539810180664,666.1881866455078,102,0,1,0,0,0,0,0,0,0,172.28339195251465,8.725088000297546,52.9299201965332,6.415580868721008,cache_bf16,large_h6_n32_s100,b5db190fcc93371e6fd6c7b19e7d92fe572c469bbaf76e6fa6c6db2eddb8a366,19.373727798461914,174.27228811383247,0,511.28962633013725,0,0,0,0
cora_link,test,171,71,cora_link:test:000071:32de58fd2a55623a,0,1410.078336,1410.04443359375,1342.534485,67.210316,131.3163824379444,26.124955154955387,14.91226814687252,1069.6337521076202,260.5633316040039,806.0707550048828,123,0,1,0,0,0,0,0,0,0,179.40867233276367,8.92246401309967,65.47775936126709,6.754435896873474,cache_bf16,large_h6_n32_s100,32de58fd2a55623a8a4fdbc4c85baf53a112f8c483bc706efcdfff3fa11b82a6,19.349151611328125,208.5843844115734,0,616.8355222046375,0,0,0,0
cora_link,test,172,72,cora_link:test:000072:997a47a4073e41df,0,1625.52033,1625.4842529296875,1556.808046,68.343709,162.37175092101097,28.127890080213547,16.995493322610855,1238.6632654815912,333.5471382141113,901.7792510986328,138,0,1,0,0,0,0,0,0,0,240.08393478393555,12.237632036209106,72.47203159332275,8.753539800643921,cache_bf16,large_h6_n32_s100,997a47a4073e41dfbdd26b79f2cdf9d91d113ac9c163ec5b4518845d9c1a14ff,19.31884765625,232.72518381476402,0,688.3729149401188,0,0,0,0
cora_link,test,173,73,cora_link:test:000073:4a2d121a0ac5d0e8,0,184.773405,184.74847412109375,116.645548,67.911711,6.238322705030441,36.58147156238556,1.027129590511322,63.4889081120491,12.499839782714844,50.634334564208984,7,0,1,0,0,0,0,0,0,0,8.391712069511414,0.3999040052294731,3.312991976737976,0.395231731235981,cache_bf16,large_h6_n32_s100,4a2d121a0ac5d0e8947e6f1cc3538e7b0618cf9bc060786f6c613eb7f23877b6,29.975839614868164,30.24876829981804,0,50.36140587925911,0,0,0,0
cora_link,test,174,74,cora_link:test:000074:f2f5a19ab342cae0,0,2083.601583,2083.561767578125,2016.570732,66.632452,583.2942919805646,26.824344880878925,17.714847810566425,1277.5910776108503,336.5701103210449,937.5535583496094,143,0,1,0,0,0,0,0,0,0,240.88912200927734,12.338143825531006,74.57113552093506,8.771708965301514,cache_bf16,large_h6_n32_s100,f2f5a19ab342cae01e5ec98ce3eef6abef032ebc47f51ffe574d4781fc8b3557,19.565696716308594,240.7889597415924,0,716.3302953243256,0,0,0,0
cora_link,test,175,75,cora_link:test:000075:a22fb2ea2f9d29a0,0,1164.731098,1164.6988525390625,1097.18113,67.237507,108.40521194040775,26.07286348938942,11.564274318516254,873.2789792120457,260.22969818115234,610.7348480224609,93,0,1,0,0,0,0,0,0,0,194.77376174926758,10.124896049499512,48.22105693817139,7.109983444213867,cache_bf16,large_h6_n32_s100,a22fb2ea2f9d29a06305b4c510f2c3e4bbd2b99fd56ecec2d068c4cc9f07167e,19.288192749023438,159.82608035206795,0,470.1969604194164,0,0,0,0
cora_link,test,176,76,cora_link:test:000076:1e647e3fbb4a5d43,0,1419.247154,1419.2125244140625,1350.638305,68.239358,143.48367415368557,26.063350029289722,14.924289658665657,1079.5788168907166,279.5162239074707,797.0784454345703,122,0,1,0,0,0,0,0,0,0,199.27804946899414,9.936607956886292,62.85366344451904,7.447903037071228,cache_bf16,large_h6_n32_s100,1e647e3fbb4a5d4311b381ebfb3b2b8705e1fbb6111d584d7688cb1d1792d2ca,19.290464401245117,206.51228779554367,0,609.8566220402718,0,0,0,0
cora_link,test,177,77,cora_link:test:000077:57987e30b21585ac,0,1885.841712,1885.8035888671875,1816.905256,68.479522,386.63883227854967,26.73687506467104,17.48637016862631,1275.9025916457176,336.1448631286621,936.2725830078125,143,0,1,0,0,0,0,0,0,0,240.6080665588379,12.175359964370728,74.56447887420654,8.796957731246948,cache_bf16,large_h6_n32_s100,57987e30b21585ac890d144276d72d0f418ba5cdd81ab0c30b1a21f8e9d6075b,19.52035140991211,240.79772806167603,0,714.9952063560486,0,0,0,0
cora_link,test,178,78,cora_link:test:000078:9bdde5920f8b0a51,0,2159.530298,2159.49072265625,2090.599162,68.508676,876.3514747843146,26.83061081916094,17.332532443106174,1067.839209921658,254.20425415039062,810.5778198242188,124,0,1,0,0,0,0,0,0,0,174.06486129760742,8.578400135040283,64.98025608062744,6.5807366371154785,cache_bf16,large_h6_n32_s100,9bdde5920f8b0a513e78a303aba8691885dbdd99b194f26bbf3580c295636ba3,19.5446720123291,209.72278475761414,0,620.3997070789337,0,0,0,0
cora_link,test,179,79,cora_link:test:000079:0be9ee67b25a5ac7,0,2298.035225,2297.994384765625,2229.264918,68.379896,1027.0763337612152,26.835679076611996,14.749237336218357,1063.7152288109064,271.51612854003906,789.2209930419922,121,0,1,0,0,0,0,0,0,0,191.89049911499023,9.629568099975586,62.89049530029297,7.105566024780273,cache_bf16,large_h6_n32_s100,0be9ee67b25a5ac77fd325a65d625b85dfb3a5de371af07b0487aef00427b48a,19.461503982543945,204.6455357670784,0,604.0369612574577,0,0,0,0
cora_link,test,180,80,cora_link:test:000080:6852c56d89f072d5,0,256.655366,256.6299743652344,188.524249,67.904927,78.87385226786137,26.300378143787384,1.117173582315445,68.90161149203777,11.375680088996887,57.12460803985596,8,0,1,0,0,0,0,0,0,0,7.264959931373596,0.35702400282025337,3.3793280720710754,0.3743680827319622,cache_bf16,large_h6_n32_s100,6852c56d89f072d51f4aca826c10a83c549fdeadf267146bd458c6d8a0248d79,19.50476837158203,21.980864137411118,0,54.64851227402687,0,0,0,0
cora_link,test,181,81,cora_link:test:000081:7ade712ace234fe2,0,3161.787308,3161.739990234375,3092.78615,68.531631,1590.9041790291667,26.813503354787827,18.1520888581872,1339.5036039873958,359.97996520996094,975.9057006835938,149,0,1,0,0,0,0,0,0,0,259.1684150695801,13.225728273391724,78.23516750335693,9.350654363632202,cache_bf16,large_h6_n32_s100,7ade712ace234fe217bed41b8f28f589a52ed66375290776d19b6a03af51cc3a,19.543840408325195,250.51897597312927,0,744.9305651187897,0,0,0,0
cora_link,test,182,82,cora_link:test:000082:609a3b47d7b0b3e3,0,2825.220586,2825.175537109375,2757.005308,67.707474,1430.403320118785,26.853235438466072,16.452417708933353,1184.8375964909792,308.12710189819336,873.445068359375,134,0,1,0,0,0,0,0,0,0,218.95478439331055,11.146591901779175,69.97612762451172,8.049597978591919,cache_bf16,large_h6_n32_s100,609a3b47d7b0b3e3b9ce4442fde0daf9705270c755b903e6cdb46302ceccd799,19.548864364624023,226.03830379247665,0,666.9556289315224,0,0,0,0
cora_link,test,183,83,cora_link:test:000083:d4efc39aa4d8bd04,0,2341.743415,2341.702392578125,2273.800196,67.533149,1068.7580043449998,26.857255026698112,14.883661642670631,1076.130741275847,288.9376335144043,784.2359008789062,120,0,1,0,0,0,0,0,0,0,207.8433952331543,10.54313600063324,62.81161689758301,7.739485383033752,cache_bf16,large_h6_n32_s100,d4efc39aa4d8bd043bf53de050b146bf9e4fbe3fbe2b1850fd7f4475af59a4d2,19.552736282348633,203.52051210403442,0,600.2681250572205,0,0,0,0
cora_link,test,184,84,cora_link:test:000084:8fff9e642d26fa46,0,2525.511846,2525.468505859375,2458.276538,66.812023,1300.6480801850557,26.895219460129738,14.384593814611435,1020.326241850853,256.63894271850586,760.8103408813477,116,0,1,0,0,0,0,0,0,0,180.9472312927246,9.053792119026184,59.857439041137695,6.780480265617371,cache_bf16,large_h6_n32_s100,8fff9e642d26fa462328014578b8844e354d3af16655da0a5a04c04a27f5579f,19.53811264038086,196.77075219154358,0,583.5777013301849,0,0,0,0
cora_link,test,185,85,cora_link:test:000085:406c175ea3120aa1,0,2759.197019,2759.152587890625,2691.190812,67.5501,1365.618442185223,26.888132095336914,16.64740312844515,1182.875368744135,305.5035514831543,874.0939788818359,134,0,1,0,0,0,0,0,0,0,216.9118423461914,10.970111846923828,69.6144962310791,8.007101058959961,cache_bf16,large_h6_n32_s100,406c175ea3120aa178c1257c0c380892ef5a372f750596f6690cbf05fd393df0,19.541536331176758,225.7915841639042,0,667.8439310491085,0,0,0,0
cora_link,test,186,86,cora_link:test:000086:e8f1bc59186b6765,0,3044.80023,3044.7548828125,2975.870675,68.495598,1609.1509722173214,26.906265877187252,16.830078326165676,1221.4840603992343,327.2907180786133,890.8761596679688,136,0,1,0,0,0,0,0,0,0,236.0070686340332,12.13103997707367,70.56751918792725,8.585090279579163,cache_bf16,large_h6_n32_s100,e8f1bc59186b6765eac4cb99e2d2c00bf502e2950a0cf41c6a002c97d1c9cb24,19.577983856201172,229.44521608948708,0,681.0089274346828,0,0,0,0
cora_link,test,187,87,cora_link:test:000087:c7011ca75dd0b78f,0,2206.235372,2206.1953125,2137.201369,68.581467,1017.1669162809849,26.904255151748657,14.015044085681438,989.4739044830203,248.38988876342773,738.2857818603516,113,0,1,0,0,0,0,0,0,0,174.3649616241455,8.758911967277527,58.69488048553467,6.571134686470032,cache_bf16,large_h6_n32_s100,c7011ca75dd0b78f09ba8ae4b7c2f705cff0ebb4dc7bb057164a17ee3be1fe92,19.54275131225586,192.0299519598484,0,565.798581212759,0,0,0,0
cora_link,test,188,88,cora_link:test:000088:18b968107306c332,0,1926.58893,1926.5513916015625,1857.469539,68.625748,581.1007050797343,26.891429908573627,15.88757336139679,1129.5528933405876,285.1361312866211,841.2793731689453,128,0,1,0,0,0,0,0,0,0,201.08978652954102,10.171072006225586,66.38073635101318,7.494536399841309,cache_bf16,large_h6_n32_s100,18b968107306c332ca1e70e6d5db1379de839112c753882716a7136eea894167,19.56048011779785,216.28108835220337,0,644.5587649345398,0,0,0,0
cora_link,test,189,89,cora_link:test:000089:e368f47a88b67f89,0,1788.923509,1788.887451171875,1719.992813,68.555689,408.9709473773837,26.735901832580566,16.078634187579155,1158.6651299148798,300.9173812866211,854.5765533447266,130,0,1,0,0,0,0,0,0,0,214.83074951171875,10.9339839220047,67.22464084625244,7.928007006645203,cache_bf16,large_h6_n32_s100,e368f47a88b67f8984608eb37010339b6a995fff45a1de23ea9fd575be8f3b34,19.50054359436035,220.98057579994202,0,653.0965211391449,0,0,0,0
cora_link,test,190,90,cora_link:test:000090:5d9c13ae1a649560,0,2269.817259,2269.77734375,2200.742378,68.640207,1104.5024320483208,26.803944259881973,13.540170155465603,973.2496440410614,259.49779510498047,711.04931640625,109,0,1,0,0,0,0,0,0,0,185.95932579040527,9.405855894088745,57.21974468231201,6.9128687381744385,cache_bf16,large_h6_n32_s100,5d9c13ae1a6495607b4a8df6b8a509ca6d72616cc25333b376913fd59240b312,19.481664657592773,185.71315205097198,0,544.8178290128708,0,0,0,0
cora_link,test,191,91,cora_link:test:000091:3fcc197a36801b0b,0,1440.866136,1440.8323974609375,1373.792333,66.621509,182.6514359563589,26.21899824589491,14.473133720457554,1060.7179114595056,290.30163192749023,767.5432968139648,117,0,1,0,0,0,0,0,0,0,210.09936141967773,10.81551992893219,61.648799896240234,7.737950682640076,cache_bf16,large_h6_n32_s100,3fcc197a36801b0b1e47743d520e7e174ef2f3b6400d9545bb21c63544115193,19.383615493774414,198.82099172472954,0,588.1059205830097,0,0,0,0
cora_link,test,192,92,cora_link:test:000092:4d7a0254c3823983,0,1577.204097,1577.169189453125,1510.04772,66.777834,215.99150355905294,26.220861822366714,16.121343709528446,1164.365922100842,292.23078536987305,868.9001007080078,133,0,1,0,0,0,0,0,0,0,204.14723587036133,10.290528059005737,70.17203140258789,7.620990037918091,cache_bf16,large_h6_n32_s100,4d7a0254c38239838679798d0a79a6660d2e5d48555e626de4d0360dff851265,19.320703506469727,224.58556824922562,0,663.6352359652519,0,0,0,0
cora_link,test,193,93,cora_link:test:000093:919b65144e1f3589,0,1623.90079,1623.8651123046875,1555.783772,67.68709,244.23798359930515,26.458478532731533,16.283174976706505,1183.4600577130914,307.74233627319336,872.4638214111328,134,0,1,0,0,0,0,0,0,0,218.71382904052734,11.1457279920578,69.85119819641113,8.031581044197083,cache_bf16,large_h6_n32_s100,919b65144e1f358963da7fc4b4eac623d1f901a9a675f43cd7783f592c375d5e,19.385887145996094,226.22902411222458,0,665.6206844449043,0,0,0,0
cora_link,test,194,94,cora_link:test:000094:1650307c89f359b4,0,1311.739262,1311.706298828125,1244.883774,66.49049,176.39169748872519,26.344148442149162,13.602720573544502,958.5920283570886,238.1327362060547,717.7487945556641,110,0,1,0,0,0,0,0,0,0,165.9011516571045,8.32096004486084,57.64896011352539,6.261664390563965,cache_bf16,large_h6_n32_s100,1650307c89f359b4b89afb869c40991166a652ccf9193175d8cbaca7f8f77e53,19.475360870361328,187.78067195415497,0,549.4434834718704,0,0,0,0
cora_link,test,195,95,cora_link:test:000095:b25ee3cbd55f1424,0,183.339185,183.31446838378906,116.809228,66.302055,7.552992552518845,26.036870665848255,1.1249752715229988,69.00458037853241,11.4236159324646,57.20191955566406,8,0,1,0,0,0,0,0,0,0,7.283199906349182,0.3576960004866123,3.4079360365867615,0.3747839890420437,cache_bf16,large_h6_n32_s100,b25ee3cbd55f142432c4ba3b795de91eb7f40b98074edbc5c62a3715a28617d9,19.393152236938477,22.012608021497726,0,54.58246377110481,0,0,0,0
cora_link,test,196,96,cora_link:test:000096:2e55047c7ac6960a,0,1612.751965,1612.716796875,1545.374583,66.922983,302.0850345492363,26.845674961805344,16.022727824747562,1107.750866562128,275.0392951965332,829.5907592773438,127,0,1,0,0,0,0,0,0,0,191.8169937133789,9.724095940589905,66.28524780273438,7.212957739830017,cache_bf16,large_h6_n32_s100,2e55047c7ac6960aa9e5574e5b2a92324f35c4a36c054647daf56eef90282162,19.5446720123291,214.75996807217598,0,634.3754632174969,0,0,0,0
cora_link,test,197,97,cora_link:test:000097:37f8cf0047f769ff,0,1728.038655,1728.0025634765625,1659.994589,67.662202,660.0044136866927,26.8255528062582,12.441011145710945,889.1380773857236,225.6547508239746,660.9496994018555,101,0,1,0,0,0,0,0,0,0,158.23702239990234,7.880927920341492,53.59891319274902,5.9378873109817505,cache_bf16,large_h6_n32_s100,37f8cf0047f769ffed7de0cc67c79a75bc649ae54f38b3df1131698b10fcb203,19.556640625,172.81068819761276,0,507.6956518292427,0,0,0,0
cora_link,test,198,98,cora_link:test:000098:1005670891a61f07,0,1629.772774,1629.7373046875,1561.019162,68.339677,183.131143450737,26.141438633203506,16.827145591378212,1230.5975332856178,309.73926544189453,917.4816284179688,139,0,1,0,0,0,0,0,0,0,217.2916145324707,10.97878384590149,73.3785924911499,8.090274572372437,cache_bf16,large_h6_n32_s100,1005670891a61f07fc17e6f908c08e9eaec28e308abc6d3c192c70449fcb154a,19.320768356323242,234.3501757979393,0,702.4522209763527,0,0,0,0
cora_link,test,199,99,cora_link:test:000099:6abeb4741887a3af,0,173.730338,173.7052459716797,107.469983,66.031523,6.955066695809364,26.135983876883984,1.0113967582583427,63.81936930119991,12.467648029327393,50.99568176269531,7,0,1,0,0,0,0,0,0,0,8.361760020256042,0.4022720009088516,3.306719958782196,0.39689604938030243,cache_bf16,large_h6_n32_s100,6abeb4741887a3af9d800c1720a73890be3be686e786fc8b973fd3df5de75bd1,19.3855037689209,20.39500805735588,0,49.98617747426033,0,0,0,0
cora_link,val,0,0,cora_link:val:000000:2b8559f934ffd5af,1,2170.22585,2170.171875,2078.194246,91.405842,353.81459817290306,274.8513435944915,17.863266170024872,1283.076194114983,337.08451080322266,942.1681823730469,140,0,1,0,0,0,0,0,0,0,244.01702117919922,10.305343985557556,74.67603206634521,8.086113572120667,cache_bf16,large_h6_n32_s100,2b8559f934ffd5af71532c7b206da87da447aa51e1383cb7c327aed52b4ca12b,124.69920349121094,238.60604774951935,0,828.2613381147385,0,0,0,0
cora_link,val,1,1,cora_link:val:000001:011b6065bdfc4d99,1,1513.549643,1513.5140380859375,1445.511687,67.606629,217.6930457353592,28.08309718966484,14.720835722982883,1072.9959243908525,268.5387496948242,801.5182952880859,121,0,1,0,0,0,0,0,0,0,189.67004776000977,9.509056091308594,62.20748805999756,7.152157783508301,cache_bf16,large_h6_n32_s100,011b6065bdfc4d997d47768dc671606054c518c7b876196bd40626bbb696d039,19.135679244995117,204.62617594003677,0,616.0277985930443,0,0,0,0
cora_link,val,2,2,cora_link:val:000002:7087803365c344f7,1,1629.179925,1629.148681640625,1561.834327,66.944126,242.2445798292756,28.304426930844784,16.13741274923086,1152.0937532186508,278.8478660583496,870.0773620605469,131,0,1,0,0,0,0,0,0,0,193.62835121154785,9.703359961509705,68.23321628570557,7.282938599586487,cache_bf16,large_h6_n32_s100,7087803365c344f71c5a4d25ae7ab9d82ccdce35f66b51cb45e827491e8c111f,19.231807708740234,220.67961597442627,0,668.6295537948608,0,0,0,0
cora_link,val,3,3,cora_link:val:000003:54eb24a89dd1709d,1,1279.706544,1279.6793212890625,1212.917532,66.381852,168.24097093194723,27.649009600281715,12.690183706581593,913.0981862545013,221.45228576660156,689.1010894775391,104,0,1,0,0,0,0,0,0,0,154.17539024353027,7.634655833244324,53.78540897369385,5.856830716133118,cache_bf16,large_h6_n32_s100,54eb24a89dd1709dc1bf27362cd73114c8e1213fd8bcd3ab3cb7537d886a6e38,19.035615921020508,177.15737608075142,0,530.9793293178082,0,0,0,0
cora_link,val,4,4,cora_link:val:000004:7facdc7ac2dda863,1,1575.909406,1575.8812255859375,1507.735626,67.738132,564.6462785080075,28.84729579091072,11.380607262253761,824.9015202745795,197.73018264770508,624.8733139038086,92,0,1,0,0,0,0,0,0,0,138.66806602478027,6.861792087554932,46.92300748825073,5.277317047119141,cache_bf16,large_h6_n32_s100,7facdc7ac2dda86307197ac9037d5297767ace8cfabe65037533b9ebb49239e5,19.382495880126953,157.37180814146996,0,486.8840016424656,0,0,0,0
cora_link,val,5,5,cora_link:val:000005:0b661dd709e9ec4e,1,2312.942227,2312.909912109375,2243.941905,68.572516,1016.3837047293782,28.58756110072136,15.039796009659767,1071.250231936574,274.7248954772949,793.5776062011719,120,0,1,0,0,0,0,0,0,0,195.3728904724121,9.853920102119446,62.195518493652344,7.302566409111023,cache_bf16,large_h6_n32_s100,0b661dd709e9ec4edfd97695dc426a5fd962e8c1aa98b5a9f16ad223d296b28a,19.347936630249023,202.49337592720985,0,610.432166904211,0,0,0,0
cora_link,val,6,6,cora_link:val:000006:7ba47eddfdef13fd,1,1651.928703,1651.8990478515625,1585.921053,65.638518,231.86923377215862,27.643634006381035,16.37374237179756,1204.2316319420934,323.93814849853516,877.0753631591797,134,0,1,0,0,0,0,0,0,0,234.46387100219727,11.807392120361328,68.95407962799072,8.71280574798584,cache_bf16,large_h6_n32_s100,7ba47eddfdef13fd4febfd6ca7abdd57842f1b9630de8e4af6f2495d40cc319b,19.049535751342773,225.14665618538857,0,670.9782427251339,0,0,0,0
cora_link,val,7,7,cora_link:val:000007:34b1ca300d75b85d,1,1619.670139,1619.6405029296875,1552.73698,66.521461,191.22133869677782,27.521317824721336,16.299801878631115,1209.7471244633198,304.6088981628418,901.9788818359375,131,0,1,0,0,0,0,0,0,0,217.35862350463867,10.970783948898315,68.26889610290527,8.010594606399536,cache_bf16,large_h6_n32_s100,34b1ca300d75b85d8274b103f2dbe7b8d72eb74e789c8534272987a6050a37a5,19.004703521728516,223.0047676563263,0,697.9788177013397,0,0,0,0
cora_link,val,8,8,cora_link:val:000008:882249f597dda3f5,1,1780.06084,1780.0308837890625,1713.117368,66.53003,416.5420327335596,28.30573171377182,16.18519052863121,1155.22706694901,306.2058868408203,845.9217376708984,128,0,1,0,0,0,0,0,0,0,220.61286163330078,11.288127899169922,66.13807964324951,8.166817665100098,cache_bf16,large_h6_n32_s100,882249f597dda3f5e2320c6defbacc429761416b937dc27d8b634dc74f46b924,19.20639991760254,215.62156796455383,0,649.5065696239471,0,0,0,0
cora_link,val,9,9,cora_link:val:000009:9a6646f6eee7207c,1,1441.572175,1441.543212890625,1374.764517,66.42553,169.2706197500229,27.65402290970087,14.736250974237919,1061.8708543479443,272.35567474365234,786.6290740966797,119,0,1,0,0,0,0,0,0,0,192.6217918395996,9.708672046661377,62.84249687194824,7.182713985443115,cache_bf16,large_h6_n32_s100,9a6646f6eee7207c72c36e0851e0f8e3dfb25caa51e443cc88f95b29699068e1,19.04751968383789,201.18713587522507,0,604.4894579052925,0,0,0,0
cora_link,val,10,10,cora_link:val:000010:a877be82fffc1679,1,1266.275275,1266.246826171875,1200.512422,65.416491,137.0280785486102,27.51061972230673,13.224116526544094,927.6517694815993,230.69026947021484,694.3958053588867,105,0,1,0,0,0,0,0,0,0,161.3944320678711,8.086207866668701,55.09577655792236,6.1138529777526855,cache_bf16,large_h6_n32_s100,a877be82fffc1679db7a5dd2ad1e6288d99e52e1fc64853008fa8d7cbc01ee5b,19.03468894958496,178.60310408473015,0,534.8273902237415,0,0,0,0
cora_link,val,11,11,cora_link:val:000011:4ca428a923952166,1,1624.832459,1624.802734375,1557.074021,67.364185,197.86233641207218,27.89047174155712,16.977468505501747,1212.0313355699182,301.6512641906738,907.1002807617188,137,0,1,0,0,0,0,0,0,0,211.52735900878906,10.415008068084717,71.7254409790039,7.983456134796143,cache_bf16,large_h6_n32_s100,4ca428a9239521667895a0d1fca9e7b6b6416fa31ee6a8da7b499615fecf6b33,19.11574363708496,230.37407967448235,0,695.8419447243214,0,0,0,0
cora_link,val,12,12,cora_link:val:000012:30303f715c02d062,1,1685.853861,1685.8238525390625,1619.88612,65.580522,206.66536130011082,27.66230423003435,17.048968002200127,1256.9061946123838,341.1512680053711,912.4478149414062,138,0,1,0,0,0,0,0,0,0,247.77072525024414,12.499551773071289,71.8797435760498,9.00124740600586,cache_bf16,large_h6_n32_s100,30303f715c02d062b2fb41223c57410f880dc10408c71804b47fe98d40dcc361,19.02774429321289,231.73113545775414,0,699.744423776865,0,0,0,0
cora_link,val,13,13,cora_link:val:000013:009cfc94b2af7f85,1,1638.66405,1638.6328125,1570.755838,67.493049,240.17689935863018,26.207071729004383,16.682665795087814,1174.7106919065118,290.0887031555176,881.4247131347656,133,0,1,0,0,0,0,0,0,0,202.52178955078125,10.278655886650085,69.75283145904541,7.5354262590408325,cache_bf16,large_h6_n32_s100,009cfc94b2af7f855abb8babed43132b9d42203f46472b3a8f6d6473acf2d5ba,19.113536834716797,223.85398402810097,0,676.6842659413815,0,0,0,0
cora_link,val,14,14,cora_link:val:000014:90e3a407f5324226,1,1457.722945,1457.6932373046875,1389.931018,67.4184,180.4347187280655,27.707341127097607,14.974629506468773,1061.8882849812508,257.54220962524414,801.4191741943359,121,0,1,0,0,0,0,0,0,0,179.23433685302734,9.03548800945282,62.52537536621094,6.7470093965530396,cache_bf16,large_h6_n32_s100,90e3a407f5324226f418f684ad6f829311c5f09b42be293339795aba22fd8775,19.0413761138916,204.49001628160477,0,615.9705340266228,0,0,0,0
cora_link,val,15,15,cora_link:val:000015:b8e52771f5e78e95,1,1619.573191,1619.5426025390625,1551.665842,67.506678,189.78907633572817,27.449178509414196,16.372238285839558,1199.0555357187986,329.37043380737305,866.5327301025391,131,0,1,0,0,0,0,0,0,0,239.95245361328125,12.378623962402344,68.4969596862793,8.542396545410156,cache_bf16,large_h6_n32_s100,b8e52771f5e78e95aba8975582536f1989cd245cbc306144b39cdccc0000664a,18.91948890686035,220.6763516664505,0,664.7758673429489,0,0,0,0
cora_link,val,16,16,cora_link:val:000016:f128401ffc48b63f,1,154.182361,154.1582794189453,87.980609,65.976649,3.661520779132843,35.41635908186436,0.6726225838065147,39.71873223781586,7.321760058403015,32.0796480178833,4,0,1,0,0,0,0,0,0,0,4.739871978759766,0.19651200249791145,2.1350400149822235,0.25033606216311455,cache_bf16,large_h6_n32_s100,f128401ffc48b63f6e7ad13c7fc491b364368f2c6211fa1e771004a329ce6ccb,28.653024673461914,15.545376062393188,0,45.187296628952026,0,0,0,0
cora_link,val,17,17,cora_link:val:000017:71b15a1b4dee3b75,1,2192.59367,2192.560546875,2124.45088,67.708468,698.0319665744901,28.050551190972328,17.13106594979763,1262.1665317565203,343.26822662353516,915.5712890625,138,0,1,0,0,0,0,0,0,0,249.58172607421875,12.720287799835205,71.9652156829834,9.000997066497803,cache_bf16,large_h6_n32_s100,71b15a1b4dee3b75450fcb3d4e0030bd4e8ac3e7ed127ec4949c390a34278983,19.27356719970703,232.06780764460564,0,702.7770486176014,0,0,0,0
cora_link,val,18,18,cora_link:val:000018:75d89384a041ca75,1,2162.650937,2162.6181640625,2094.797282,67.436827,893.7707412987947,28.312272392213345,14.650138095021248,1058.4095865488052,272.4131202697754,783.1121063232422,118,0,1,0,0,0,0,0,0,0,193.99651527404785,9.789183974266052,61.40508842468262,7.22233259677887,cache_bf16,large_h6_n32_s100,75d89384a041ca7572f2fbf7859f62c66582c0bdcf52d09f65362485f4860523,19.19340705871582,199.85811227560043,0,602.4474011063576,0,0,0,0
cora_link,val,19,19,cora_link:val:000019:28ca07dd976737ec,1,1350.849787,1350.8201904296875,1284.938873,65.555362,147.26964198052883,27.51154825091362,13.942052610218525,1005.07786963135,254.7832374572754,747.551139831543,113,0,1,0,0,0,0,0,0,0,180.38025665283203,9.17248010635376,58.444607734680176,6.785892963409424,cache_bf16,large_h6_n32_s100,28ca07dd976737ec27488b016c342b02e095e9c358d70c8e701365e338fb1d40,18.984960556030273,191.48425632715225,0,575.051844060421,0,0,0,0
cora_link,val,20,20,cora_link:val:000020:c6704a18b203d90c,1,1458.674808,1458.6455078125,1392.614944,65.650006,166.62852745503187,27.231299318373203,14.980844222009182,1080.5808827280998,269.59615325927734,808.0503692626953,121,0,1,0,0,0,0,0,0,0,190.8559684753418,9.454591989517212,62.139265060424805,7.14632773399353,cache_bf16,large_h6_n32_s100,c6704a18b203d90c2d312363232b64e1eabf436fe15a7e8eb0e1e558180d1560,18.93564796447754,204.07862409949303,0,622.9073931276798,0,0,0,0
cora_link,val,21,21,cora_link:val:000021:c96cebb59553ba1b,1,1498.4102,1498.3804931640625,1432.003252,66.042169,634.2236436903477,26.750759221613407,9.48544405400753,698.176366277039,187.410493850708,508.8340377807617,76,0,1,0,0,0,0,0,0,0,136.26396942138672,6.8852479457855225,39.16332817077637,5.097948312759399,cache_bf16,large_h6_n32_s100,c96cebb59553ba1b4cf05fb068a381b87603673fdee2e551eb221803ff72ddb0,19.242624282836914,131.60499188303947,0,396.47167018055916,0,0,0,0
cora_link,val,22,22,cora_link:val:000022:a11051d5700a6f06,1,2711.269364,2711.2333984375,2642.731987,67.971187,1182.3507063090801,28.765165247023106,17.62622408568859,1302.4815004318953,340.75407791137695,958.3052215576172,142,0,1,0,0,0,0,0,0,0,245.40300369262695,12.505759954452515,73.94361686706543,8.901697397232056,cache_bf16,large_h6_n32_s100,a11051d5700a6f061c91179fa86f12fe8773c3c69d663755dead3134bd8f028b,19.375551223754883,238.51798379421234,0,739.1627889871597,0,0,0,0
cora_link,val,23,23,cora_link:val:000023:b4b3cf71c3b6cb4f,1,1483.106597,1483.0771484375,1417.105032,65.576213,192.8329123184085,27.507517486810684,15.026349574327469,1074.2870522662997,251.94143676757812,819.3668823242188,123,0,1,0,0,0,0,0,0,0,171.98476791381836,8.431039810180664,64.97152042388916,6.554108619689941,cache_bf16,large_h6_n32_s100,b4b3cf71c3b6cb4fa51cca9d396f4cef6dec256597e34c09b57746adcc349080,18.967487335205078,207.27808040380478,0,631.056289255619,0,0,0,0
cora_link,val,24,24,cora_link:val:000024:f904e319fa7ea1b3,1,1454.796659,1454.7679443359375,1388.877873,65.557658,191.77720230072737,27.397328056395054,14.224502258002758,1051.332538947463,274.8776321411133,773.6106185913086,117,0,1,0,0,0,0,0,0,0,196.2368621826172,10.032063961029053,61.36262512207031,7.2460808753967285,cache_bf16,large_h6_n32_s100,f904e319fa7ea1b38a7c902f3f96aed874f28cab8e8b5e136402f7fcf35eee82,18.95871925354004,197.81644785404205,0,594.7528899908066,0,0,0,0
cora_link,val,25,25,cora_link:val:000025:edd3e400bce9ebe9,1,1029.346477,1029.319091796875,962.948802,66.101245,93.67241896688938,27.454262599349022,10.79802680760622,759.3305921182036,185.3175983428955,571.8517456054688,87,0,1,0,0,0,0,0,0,0,129.03292846679688,6.354976058006287,45.02182388305664,4.907869935035706,cache_bf16,large_h6_n32_s100,edd3e400bce9ebe91bf5bb3b61b67803452cc1e9ab70f51ec27b21dc2e9d9f26,19.03433609008789,150.5757119655609,0,440.3103697299957,0,0,0,0
cora_link,val,26,26,cora_link:val:000026:cc59ad5e71a76cf2,1,1629.161,1629.131103515625,1563.055493,65.667696,251.02007761597633,27.728783898055553,16.31729956716299,1154.4427452608943,271.4575653076172,879.7636566162109,134,0,1,0,0,0,0,0,0,0,185.89123153686523,9.189216136932373,69.34777545928955,7.029342174530029,cache_bf16,large_h6_n32_s100,cc59ad5e71a76cf2bab98beca029ca5d0d3e710b7e1eed84701ad18aaed1d231,19.094144821166992,224.92127975821495,0,673.936521679163,0,0,0,0
cora_link,val,27,27,cora_link:val:000027:b9ed7970fb0d7ecd,1,1166.959607,1166.9305419921875,1099.324617,67.317513,117.05923825502396,27.363769710063934,11.468887329101562,864.5804887637496,243.48204803466797,618.7792358398438,94,0,1,0,0,0,0,0,0,0,179.42627143859863,9.175103902816772,48.259583950042725,6.621088743209839,cache_bf16,large_h6_n32_s100,b9ed7970fb0d7ecddcaaf3bcb9d779bd6006728a31bcbbabdeac84deda555adc,18.910335540771484,160.65100821852684,0,477.0385631620884,0,0,0,0
cora_link,val,28,28,cora_link:val:000028:8fa2fe8f766fa43d,1,1566.287653,1566.257568359375,1498.472793,67.410885,181.15149810910225,28.285683132708073,16.136270947754383,1170.5771824344993,296.2010841369629,871.1802978515625,133,0,1,0,0,0,0,0,0,0,208.07487869262695,10.540064096450806,69.88355159759521,7.702589750289917,cache_bf16,large_h6_n32_s100,8fa2fe8f766fa43d042d151cadd12585d9f084bb9bded25bf440b15aa8c94f18,19.720352172851562,223.5754877924919,0,667.3251622319221,0,0,0,0
cora_link,val,29,29,cora_link:val:000029:c46e86fafdd06e6b,1,1076.766356,1076.738037109375,1008.100431,68.349474,92.07404498010874,27.154329232871532,11.455807834863663,805.8623634278774,198.06742095947266,605.5305938720703,92,0,1,0,0,0,0,0,0,0,138.83065605163574,6.868319869041443,47.08761644363403,5.280828595161438,cache_bf16,large_h6_n32_s100,c46e86fafdd06e6b414f8a20746f1e04edd179183f42d720de443b41e89ab030,18.987199783325195,157.29049599170685,0,467.22729766368866,0,0,0,0
cora_link,val,30,30,cora_link:val:000030:ee440cc74300cb93,1,1675.723965,1675.6932373046875,1607.483208,67.735444,201.64527464658022,27.432515285909176,17.020870000123978,1250.8475966751575,326.18829345703125,921.3122100830078,140,0,1,0,0,0,0,0,0,0,232.52531051635742,11.830367922782898,73.26243305206299,8.570181965827942,cache_bf16,large_h6_n32_s100,ee440cc74300cb93c8b3a5a8865d69bbbd77ccc07aa65a7d6d87b525c15dd9f8,18.998239517211914,235.12886360287666,0,705.1815859973431,0,0,0,0
cora_link,val,31,31,cora_link:val:000031:efd7dbeeabd82794,1,1271.743596,1271.711181640625,1203.973898,67.38942,140.30370116233826,27.54849661141634,12.859045527875423,930.7048954069614,234.6087989807129,693.5116195678711,106,0,1,0,0,0,0,0,0,0,165.46707153320312,8.294368028640747,54.63004779815674,6.21731162071228,cache_bf16,large_h6_n32_s100,efd7dbeeabd827942e9e8728f40e10ef5b04152827b047336947fb6a9ef93de4,19.037023544311523,179.81020802259445,0,532.7384350895882,0,0,0,0
cora_link,val,32,32,cora_link:val:000032:bfc61ef51cd53890,1,1644.685615,1644.654296875,1576.918378,67.370731,197.46858160942793,27.68937684595585,16.43931306898594,1228.3796668052673,327.4171485900879,897.7190246582031,135,0,1,0,0,0,0,0,0,0,236.70893096923828,12.080480098724365,69.95680046081543,8.670937061309814,cache_bf16,large_h6_n32_s100,bfc61ef51cd5389038d43b88bb77692a0eb9dd9882a6340a004ab29141790383,18.984928131103516,226.88140812516212,0,689.8225446641445,0,0,0,0
cora_link,val,33,33,cora_link:val:000033:f66c9799e03a5002,1,1448.84464,1448.814208984375,1382.765485,65.673689,169.63372938334942,29.496775940060616,14.727333560585976,1066.4730733260512,257.1755485534668,806.3545227050781,121,0,1,0,0,0,0,0,0,0,178.8799991607666,8.964063882827759,62.596224784851074,6.735260725021362,cache_bf16,large_h6_n32_s100,f66c9799e03a5002fe61a1df5626934986ef244c678178c7b9a0e8084bdb2ef4,20.915136337280273,204.2104964852333,0,623.0591625571251,0,0,0,0
cora_link,val,34,34,cora_link:val:000034:2f331eb995c9da42,1,2101.472175,2101.43896484375,2033.283189,67.702536,473.167959600687,28.210132382810116,19.126294180750847,1389.1167603433132,358.76751708984375,1026.6229705810547,156,0,1,0,0,0,0,0,0,0,254.79910278320312,13.062400102615356,81.61510372161865,9.290910482406616,cache_bf16,large_h6_n32_s100,2f331eb995c9da425b197c37edce6f8f86471fa729daaaf6a494bad14411e3ed,19.17852783203125,260.84700870513916,0,784.9544897079468,0,0,0,0
cora_link,val,35,35,cora_link:val:000035:21ad334cd0120105,1,1514.810333,1514.780029296875,1448.122717,66.318318,204.29486595094204,27.434307150542736,15.228643082082272,1094.4944266229868,270.4019432067871,821.0753784179688,125,0,1,0,0,0,0,0,0,0,188.5874900817871,9.397055983543396,65.39116859436035,7.026228547096252,cache_bf16,large_h6_n32_s100,21ad334cd012010564b63e2dfd3b310cbda4c8bc54234f6e18ce1dc9acdbc894,18.931583404541016,210.52422359585762,0,629.4827382266521,0,0,0,0
cora_link,val,36,36,cora_link:val:000036:306aff86209143d2,1,1622.855515,1622.8253173828125,1555.023595,67.410927,237.89484705775976,27.647665701806545,16.00987184792757,1165.016645565629,301.49135971069336,860.3674926757812,131,0,1,0,0,0,0,0,0,0,214.03981018066406,10.852191925048828,68.70521545410156,7.894142150878906,cache_bf16,large_h6_n32_s100,306aff86209143d2b767e1c7e00124776aeabf44668506eac00257e8ddc2ea5e,19.03865623474121,220.43782436847687,0,658.9683245420456,0,0,0,0
cora_link,val,37,37,cora_link:val:000037:d5b4f04791aacc68,1,1417.815955,1417.786376953125,1351.906749,65.559497,160.1879009976983,27.459900826215744,14.393674209713936,1052.0928660407662,273.8824653625488,775.3463592529297,118,0,1,0,0,0,0,0,0,0,194.9253807067871,9.92304003238678,61.80089569091797,7.23314893245697,cache_bf16,large_h6_n32_s100,d5b4f04791aacc681254fcd3fda95be29f9b160ee38a182cf27cdecc31c6448c,19.019136428833008,199.3399039208889,0,595.0255917608738,0,0,0,0
cora_link,val,38,38,cora_link:val:000038:87bc06845e57ba2e,1,1253.916732,1253.887939453125,1187.423383,66.183167,129.0516434237361,27.333623729646206,12.818771414458752,923.5929735004902,231.3520965576172,689.676872253418,105,0,1,0,0,0,0,0,0,0,161.84745407104492,8.083552122116089,55.31500816345215,6.106082201004028,cache_bf16,large_h6_n32_s100,87bc06845e57ba2e5d3602988f8ad1fee9b90d66b502fadd15a2e820c85792cc,18.95756721496582,178.39299216866493,0,530.2414472997189,0,0,0,0
cora_link,val,39,39,cora_link:val:000039:0fcb5f5b455526b5,1,1069.565351,1069.5367431640625,1003.059524,66.214638,89.723183773458,27.08276454359293,11.21414266526699,803.9646241813898,198.41331100463867,603.2803573608398,92,0,1,0,0,0,0,0,0,0,139.09824180603027,6.884063959121704,47.158016204833984,5.27298903465271,cache_bf16,large_h6_n32_s100,0fcb5f5b455526b5b89f834c58659921681d4dc2d7c0312ea991de940f94fed6,18.989791870117188,157.2918078303337,0,464.9783414006233,0,0,0,0
cora_link,val,40,40,cora_link:val:000040:22416074999ec212,1,1258.66459,1258.6353759765625,1190.790252,67.511892,120.26833463460207,27.51792035996914,12.72108405828476,946.5321255847812,255.5200653076172,688.4475860595703,105,0,1,0,0,0,0,0,0,0,183.99145698547363,9.345247983932495,55.389601707458496,6.7937586307525635,cache_bf16,large_h6_n32_s100,22416074999ec21294f0500bf30a6daaf1d9ba619d9422bf263c63b81ea27256,18.957088470458984,178.41135969758034,0,528.993314832449,0,0,0,0
cora_link,val,41,41,cora_link:val:000041:a7c44456fc52b019,1,1610.209378,1610.1788330078125,1544.22407,65.588405,192.59746186435223,27.488291263580322,16.66124165058136,1205.0301134586334,304.5753593444824,897.1637573242188,137,0,1,0,0,0,0,0,0,0,214.50268936157227,10.547135949134827,71.5596809387207,7.9658530950546265,cache_bf16,large_h6_n32_s100,a7c44456fc52b019e7eaf4f2f254215c641d9595132c5067937173235b31bd2b,18.959903717041016,230.00086385011673,0,686.122797191143,0,0,0,0
cora_link,val,42,42,cora_link:val:000042:856f48518ba56b6c,1,1478.429351,1478.398681640625,1410.588257,67.430454,166.3182256743312,27.569529600441456,15.257945284247398,1098.819880746305,273.6358108520508,822.1665649414062,125,0,1,0,0,0,0,0,0,0,191.4661102294922,9.58732807636261,65.404128074646,7.178244471549988,cache_bf16,large_h6_n32_s100,856f48518ba56b6c880e097d81ff5a59e1a3ea62c696e0036e2159086f354737,19.03638458251953,210.86329582333565,0,630.3396537005901,0,0,0,0
cora_link,val,43,43,cora_link:val:000043:8e138fbc3a9bb1c5,1,1703.765302,1703.7344970703125,1635.937731,67.417582,206.24929387122393,27.49582566320896,17.250808887183666,1276.675839908421,340.46956634521484,932.8220520019531,142,0,1,0,0,0,0,0,0,0,244.91772842407227,12.489984035491943,74.13199996948242,8.929853916168213,cache_bf16,large_h6_n32_s100,8e138fbc3a9bb1c5a9eecf926388224c47e789ced667bc7ad020e98338cc427d,18.993408203125,238.3721923828125,0,713.4432678222656,0,0,0,0
cora_link,val,44,44,cora_link:val:000044:1e64e0e7921a819a,1,1255.058993,1255.02978515625,1188.311587,66.411111,152.74721290916204,27.60304883122444,12.705127708613873,909.5475068315864,222.71465301513672,684.2865600585938,104,0,1,0,0,0,0,0,0,0,155.0160026550293,7.677471995353699,54.151360511779785,5.869817852973938,cache_bf16,large_h6_n32_s100,1e64e0e7921a819ac1443fcf6ec7f8529c56962d5aab9160f6d8d87c38a7787f,19.12486457824707,176.7809917330742,0,526.6304329037666,0,0,0,0
cora_link,val,45,45,cora_link:val:000045:8e81753da356275e,1,1610.250418,1610.2191162109375,1544.150399,65.694252,365.9459203481674,28.290345333516598,14.347534626722336,1036.2482285127044,275.0802879333496,758.3509750366211,115,0,1,0,0,0,0,0,0,0,198.1137237548828,10.121119976043701,59.54905605316162,7.296388149261475,cache_bf16,large_h6_n32_s100,8e81753da356275e3dd992810b1704821c027df4a262acd050ef1dd2f10c5111,19.183135986328125,194.76819249987602,0,582.7659185230732,0,0,0,0
cora_link,val,46,46,cora_link:val:000046:19ce054c2f58ec33,1,1863.300018,1863.2681884765625,1796.403667,66.446892,249.73770044744015,27.542379684746265,19.06454749405384,1380.8013135567307,348.0391960144043,1029.0404815673828,157,0,1,0,0,0,0,0,0,0,245.0298843383789,12.320831894874573,81.74086284637451,8.947616934776306,cache_bf16,large_h6_n32_s100,19ce054c2f58ec33acaa5bb3ee7243f4f01f34e4542f2c57534fa8d7494066bf,18.990720748901367,262.55168053507805,0,785.4795217812061,0,0,0,0
cora_link,val,47,47,cora_link:val:000047:ca0735c39f991c84,1,1261.778373,1261.74951171875,1193.698415,67.582509,121.52713816612959,27.495941147208214,13.022400438785553,939.6555023267865,234.16592025756836,702.9000930786133,106,0,1,0,0,0,0,0,0,0,165.09232139587402,8.224224090576172,54.634400367736816,6.214974403381348,cache_bf16,large_h6_n32_s100,ca0735c39f991c848da51e44d0c31fc073f2aba4c1f93e223827184f7ee9c621,19.021312713623047,180.0923838019371,0,541.8290219902992,0,0,0,0
cora_link,val,48,48,cora_link:val:000048:ce74410e2f8cfd91,1,1034.507576,1034.4791259765625,966.803756,67.39397,97.98590932041407,27.4253124371171,10.64522285014391,759.6449069678783,185.6417636871338,571.8377838134766,87,0,1,0,0,0,0,0,0,0,129.2150115966797,6.342112183570862,45.17692852020264,4.907711386680603,cache_bf16,large_h6_n32_s100,ce74410e2f8cfd91168f201a5fba99adf3a3690ae6287d0c95e80f5b870a79bd,18.979328155517578,149.37017595767975,0,441.4469360113144,0,0,0,0
cora_link,val,49,49,cora_link:val:000049:9997e4d6c6e4f5a5,1,1226.563474,1226.535400390625,1158.994668,67.25323,131.3594989478588,27.457899414002895,12.734801508486271,906.1882430687547,222.04861068725586,681.6050186157227,104,0,1,0,0,0,0,0,0,0,154.52636909484863,7.625855922698975,54.0501127243042,5.846272945404053,cache_bf16,large_h6_n32_s100,9997e4d6c6e4f5a56d61072ad5d792665478a46aeca278516aa2f4e177bd313a,18.97884750366211,176.69263991713524,0,523.8912262022495,0,0,0,0
cora_link,val,50,50,cora_link:val:000050:99b04c2860a8fc1c,1,1374.139351,1374.10986328125,1306.436845,67.349305,135.42398996651173,27.57898811250925,13.995755463838577,1029.6582849696279,274.9838066101074,751.8726348876953,115,0,1,0,0,0,0,0,0,0,198.04467391967773,10.09769594669342,59.549920082092285,7.291516661643982,cache_bf16,large_h6_n32_s100,99b04c2860a8fc1ca3d9b82c0916c07b3e4eb2dbb4844e840a63a3600f3037df,18.977983474731445,194.62736025452614,0,576.2232581079006,0,0,0,0
cora_link,val,51,51,cora_link:val:000051:e4518ad184b1157e,1,1455.207696,1455.1773681640625,1389.177424,65.625217,173.7571218982339,28.065545484423637,15.799807384610176,1067.4982871860266,258.5477752685547,806.00537109375,121,0,1,0,0,0,0,0,0,0,179.97980499267578,8.970976114273071,62.852224349975586,6.744769811630249,cache_bf16,large_h6_n32_s100,e4518ad184b1157e50432634aa4cf0035cf4c87f503b1dfed0a08a5ba06b20b6,19.546432495117188,204.32947224378586,0,621.2223313450813,0,0,0,0
cora_link,val,52,52,cora_link:val:000052:74c3a518c82ef7d3,1,1498.792835,1498.761962890625,1430.980961,67.425594,177.86245606839657,27.455436065793037,15.316466800868511,1112.713006325066,273.1771812438965,836.4947967529297,126,0,1,0,0,0,0,0,0,0,190.7788486480713,9.476224064826965,65.77308654785156,7.1490219831466675,cache_bf16,large_h6_n32_s100,74c3a518c82ef7d34d7d0a0f17bf64bd169a5c0362f9e9e02a194fdc0f4e4225,18.967199325561523,212.41424030065536,0,643.0477557778358,0,0,0,0
cora_link,val,53,53,cora_link:val:000053:99bb20731964febc,1,2571.880096,2571.843505859375,2505.524139,65.824693,1183.1376468762755,28.34461908787489,18.72517354786396,1163.6269632726908,272.66986083984375,887.7083129882812,134,0,1,0,0,0,0,0,0,0,186.7528018951416,9.212960004806519,69.6555528640747,7.048546075820923,cache_bf16,large_h6_n32_s100,99bb20731964febc6f0ef40f519fe43732dc994fe18dab83c68734989042647f,19.212352752685547,225.35955223441124,0,681.5611135065556,0,0,0,0
cora_link,val,54,54,cora_link:val:000054:4f5321a751092fd2,1,2136.85389,2136.820068359375,2068.837714,67.589178,848.7337995320559,28.641161508858204,15.016566962003708,1071.2555721402168,279.06646728515625,789.255859375,120,0,1,0,0,0,0,0,0,0,198.7426300048828,10.150304079055786,62.84060764312744,7.33292555809021,cache_bf16,large_h6_n32_s100,4f5321a751092fd2d4bedab3985e21b9f37a975142f604891b62d06534613c6c,19.377695083618164,202.75500813126564,0,605.8785463273525,0,0,0,0
cora_link,val,55,55,cora_link:val:000055:78b4169d065f9434,1,1562.524646,1562.4942626953125,1495.46767,66.613366,187.6919725909829,27.488826774060726,16.37430489063263,1151.3677360489964,271.62086486816406,876.5317840576172,134,0,1,0,0,0,0,0,0,0,185.8157138824463,9.164096117019653,69.59123229980469,7.049822568893433,cache_bf16,large_h6_n32_s100,78b4169d065f9434160ffc79e79b361d27020f2b2c4d05630ffae7d1e4282aa8,18.95030403137207,225.358048081398,0,670.1240400075912,0,0,0,0
cora_link,val,56,56,cora_link:val:000056:07e31b9886c209c9,1,1735.267873,1735.236083984375,1669.082568,65.748147,211.3105021417141,27.536893263459206,17.292750999331474,1304.7094773501158,341.1482620239258,960.160400390625,142,0,1,0,0,0,0,0,0,0,245.38739013671875,12.543807864189148,74.29497528076172,8.922088742256165,cache_bf16,large_h6_n32_s100,07e31b9886c209c9fb9beef0b5a938fa9ba583424d7e6a39a2c16313af564173,19.042911529541016,238.14732784032822,0,741.0559840798378,0,0,0,0
cora_link,val,57,57,cora_link:val:000057:bb3939a3f36beaae,1,1552.40089,1552.36962890625,1486.379329,65.631366,233.5518067702651,27.561667375266552,18.131189979612827,1100.1528576016426,269.45238494873047,827.6762847900391,125,0,1,0,0,0,0,0,0,0,187.6685733795166,9.284159898757935,65.4527997970581,7.046851873397827,cache_bf16,large_h6_n32_s100,bb3939a3f36beaae341de2293cdd3e4e6d8d608088769146f5f9babefb74bead,19.04515266418457,210.64268800616264,0,636.078749448061,0,0,0,0
cora_link,val,58,58,cora_link:val:000058:cc25c00900e1af5e,1,1502.586103,1502.548583984375,1436.801273,65.409231,183.1216486170888,27.383366599678993,15.34095499664545,1100.7235841825604,271.27750396728516,826.4122161865234,126,0,1,0,0,0,0,0,0,0,188.78937339782715,9.502303838729858,65.89440059661865,7.091426134109497,cache_bf16,large_h6_n32_s100,cc25c00900e1af5ee8533ff1c0e04beca06836388cbce333a000ccd4336eaea2,18.988800048828125,212.29935973882675,0,633.1016564965248,0,0,0,0
cora_link,val,59,59,cora_link:val:000059:21f418d025a46634,1,1554.509743,1554.4788818359375,1488.508189,65.620283,187.54548951983452,27.4763572961092,16.27348270267248,1147.767037153244,280.89526748657227,863.7240142822266,131,0,1,0,0,0,0,0,0,0,194.9183349609375,9.73030424118042,68.9529275894165,7.293700695037842,cache_bf16,large_h6_n32_s100,21f418d025a466349b899c6fefd4dad18c3584c5125fdf82ad78889711ab8351,19.026016235351562,220.25913590192795,0,662.4908946156502,0,0,0,0
cora_link,val,60,60,cora_link:val:000060:00b755dc368b3240,1,1591.347871,1591.3165283203125,1525.441897,65.50968,179.25927508622408,27.399631217122078,16.675736755132675,1194.1646207123995,292.91212463378906,897.9643249511719,137,0,1,0,0,0,0,0,0,0,203.17330932617188,10.104864001274109,71.98623943328857,7.647711873054504,cache_bf16,large_h6_n32_s100,00b755dc368b3240fd5e8f2d1313a1d74003a0d62b58886de1834bdb2dfd225d,19.015743255615234,230.15273588895798,0,686.8273323178291,0,0,0,0
cora_link,val,61,61,cora_link:val:000061:180e60cb6aa62100,1,1475.024294,1474.993896484375,1407.343459,67.324154,167.39497054368258,27.34597958624363,15.213266015052795,1104.255267418921,280.6572151184082,820.5796203613281,125,0,1,0,0,0,0,0,0,0,197.83993911743164,9.950047969818115,65.52639961242676,7.3408284187316895,cache_bf16,large_h6_n32_s100,180e60cb6aa621006271e0bd96e70a5f45a6c514f1780d5001f73d4414a39408,19.006784439086914,210.75827211141586,0,628.8281326889992,0,0,0,0
cora_link,val,62,62,cora_link:val:000062:4248d7e9fddf4027,1,1276.134932,1276.1048583984375,1208.369563,67.4118,115.21484516561031,25.682331062853336,13.523061759769917,962.5083087012172,243.8441276550293,716.0032958984375,109,0,1,0,0,0,0,0,0,0,172.0582103729248,8.515008091926575,56.82729721069336,6.443611979484558,cache_bf16,large_h6_n32_s100,4248d7e9fddf40275e0fc427fa46e6bb00032dedb56e4d6ebefbc74bb247eaeb,18.950016021728516,184.33075216412544,0,550.6225597560406,0,0,0,0
cora_link,val,63,63,cora_link:val:000063:e9a79ca3b5e76e46,1,1572.350271,1572.319580078125,1504.46682,67.450813,159.63839925825596,27.397623285651207,17.025955952703953,1195.560920983553,293.3306579589844,898.9502258300781,137,0,1,0,0,0,0,0,0,0,203.58902740478516,10.10099196434021,71.99155139923096,7.649087190628052,cache_bf16,large_h6_n32_s100,e9a79ca3b5e76e46d96a7a22552b6442a03a13ecda3022daddd39f6347d7e3d9,18.983295440673828,230.0400638282299,0,687.893457442522,0,0,0,0
cora_link,val,64,64,cora_link:val:000064:2c66ba8673993d3f,1,1275.465106,1275.434814453125,1209.83446,65.305001,117.87956580519676,25.764817371964455,13.31908255815506,962.554813362658,243.75964736938477,716.1439437866211,109,0,1,0,0,0,0,0,0,0,172.0387840270996,8.518848061561584,56.778175354003906,6.4238399267196655,cache_bf16,large_h6_n32_s100,2c66ba8673993d3f3b3d1223639ac74c3554eb63194d336f234f97f1971d9588,18.97750473022461,184.44390377402306,0,550.6775447428226,0,0,0,0
cora_link,val,65,65,cora_link:val:000065:c06f28321b3d287d,1,2554.843216,2554.80712890625,2488.671836,65.785206,1317.809797823429,26.552869006991386,14.633966609835625,1032.1367168799043,261.7790718078613,767.4919357299805,117,0,1,0,0,0,0,0,0,0,184.19811248779297,9.24454402923584,61.44419288635254,6.8922224044799805,cache_bf16,large_h6_n32_s100,c06f28321b3d287dc3f9a7007e76a493edf5e641b9f5a3edca4513b3ad0c57c0,19.230079650878906,197.74582388997078,0,588.9761914908886,0,0,0,0
cora_link,val,66,66,cora_link:val:000066:e7c55b0e8e5bfbc8,1,2941.211571,2941.1728515625,2873.442438,67.31269,1248.5821573063731,26.59055031836033,17.32944417744875,1480.9784032404423,333.0049591064453,1144.6311798095703,139,0,1,0,0,0,0,0,0,0,238.6248016357422,12.312640309333801,73.31247997283936,8.755037188529968,cache_bf16,large_h6_n32_s100,e7c55b0e8e5bfbc80602007c4f8bc690d7fc805ce40e677637c547d31c92576b,19.245344161987305,233.58444818854332,0,930.2920757830143,0,0,0,0
cora_link,val,67,67,cora_link:val:000067:69b79c0bd6739fa8,1,1251.383732,1251.3541259765625,1185.693237,65.359629,112.73544002324343,25.800415314733982,12.870986014604568,952.9882920905948,258.44783782958984,691.9743957519531,105,0,1,0,0,0,0,0,0,0,186.56694221496582,9.482112050056458,55.47449588775635,6.924287676811218,cache_bf16,large_h6_n32_s100,69b79c0bd6739fa88d087abff52cb42ff255c0699306c5363c776bd70a9f7772,19.0611515045166,178.61654418706894,0,532.4190030694008,0,0,0,0
cora_link,val,68,68,cora_link:val:000068:67f9bb3075d55151,1,1799.443312,1799.4100341796875,1732.508877,66.469331,184.00557339191437,27.496463619172573,18.988410010933876,1382.9023987054825,358.8512306213379,1020.3404235839844,156,0,1,0,0,0,0,0,0,0,254.58576202392578,12.98147177696228,81.96463871002197,9.319358110427856,cache_bf16,large_h6_n32_s100,67f9bb3075d551516558177f84f5725a7fa37779c226c7f40b06fa8855b948d3,19.018720626831055,260.7276164293289,0,778.6315277814865,0,0,0,0
cora_link,val,69,69,cora_link:val:000069:be1a4d1d56c2dd01,1,1951.200828,1951.16796875,1884.315766,66.513794,702.9196675866842,26.531655341386795,14.671506360173225,1048.2326839119196,274.6723213195801,770.6750717163086,118,0,1,0,0,0,0,0,0,0,195.65427017211914,9.85647988319397,61.934431076049805,7.227140188217163,cache_bf16,large_h6_n32_s100,be1a4d1d56c2dd0182bf6a0ae76e72617633c70cef963f646fbb7e857542cf23,19.217824935913086,199.01577627658844,0,590.8771203756332,0,0,0,0
cora_link,val,70,70,cora_link:val:000070:7494de7fb5d2c86c,1,2539.275788,2539.239501953125,2473.065237,65.747228,1302.504443563521,26.593538001179695,14.498831704258919,1029.4238366186619,261.80028915405273,764.7637710571289,117,0,1,0,0,0,0,0,0,0,184.30163383483887,9.178015947341919,61.42118263244629,6.899456739425659,cache_bf16,large_h6_n32_s100,7494de7fb5d2c86c021c295647016deac09f879ddb80ad15b1ffeaf925f47b16,19.252063751220703,197.60720053315163,0,586.408634275198,0,0,0,0
cora_link,val,71,71,cora_link:val:000071:804d97dc6eba92a0,1,1683.130337,1683.0986328125,1615.235406,67.523388,586.7988346144557,26.533903554081917,12.934103608131409,905.8972615748644,223.05065536499023,680.2755813598633,104,0,1,0,0,0,0,0,0,0,155.37235069274902,7.652511954307556,54.1662712097168,5.859521508216858,cache_bf16,large_h6_n32_s100,804d97dc6eba92a07059f4fbdc29f9a8135ed7f73e4dd1a85404ddab664b51c2,19.22047996520996,176.66268882155418,0,522.8333725035191,0,0,0,0
cora_link,val,72,72,cora_link:val:000072:01a00f69b8c197c4,1,149.977995,149.95458984375,84.627717,65.137125,2.937963232398033,35.072220489382744,0.6461385637521744,38.22040557861328,6.261567950248718,31.64832067489624,4,0,1,0,0,0,0,0,0,0,3.788960039615631,0.15692799910902977,2.0809280276298523,0.2347518838942051,cache_bf16,large_h6_n32_s100,01a00f69b8c197c457a36f24d17963982f182e2d7844e78f8b200611c3b29ab8,28.40083122253418,15.510528057813644,0,44.538623839616776,0,0,0,0
cora_link,val,73,73,cora_link:val:000073:d51f2cbea514828c,1,1350.885658,1350.855224609375,1285.172359,65.39758,120.37942837923765,25.70087742060423,14.431837946176529,1026.1593973264098,261.47984313964844,761.8382034301758,117,0,1,0,0,0,0,0,0,0,184.027681350708,9.145472049713135,61.41462421417236,6.892065525054932,cache_bf16,large_h6_n32_s100,d51f2cbea514828c645b8cd11b5195994f6f868fd44051a8fd0a0e27cf3fd0a4,18.961856842041016,197.57628774642944,0,583.2237725257874,0,0,0,0
cora_link,val,74,74,cora_link:val:000074:23e5299f59ea1c04,1,1812.473204,1812.4404296875,1740.279323,71.63841,194.1680433228612,27.52731740474701,18.766142427921295,1382.8298337757587,359.45520401000977,1019.6635589599609,156,0,1,0,0,0,0,0,0,0,255.22710037231445,13.032096147537231,81.88089561462402,9.315111875534058,cache_bf16,large_h6_n32_s100,23e5299f59ea1c046f290053b9d7ac129483f98af963ed169c9e7afa48ae7687,19.08742332458496,260.71545547246933,0,778.0355268120766,0,0,0,0
cora_link,val,75,75,cora_link:val:000075:21bdf6481ba7b6ca,1,2750.739922,2750.701904296875,2682.837422,67.532166,1413.7316970154643,28.244039975106716,15.377888455986977,1120.2880879864097,296.6929931640625,820.5426025390625,125,0,1,0,0,0,0,0,0,0,212.25173950195312,10.873792052268982,65.74060726165771,7.826854348182678,cache_bf16,large_h6_n32_s100,21bdf6481ba7b6caa5cebb8e6e5a6f19538d0a95dab9550412f220f1c73dfcf6,19.282527923583984,210.82598441839218,0,628.9991460442543,0,0,0,0
cora_link,val,76,76,cora_link:val:000076:6e379b07edefacb6,1,2236.637723,2236.602783203125,2170.505425,65.724738,966.957631520927,28.199251741170883,15.007535926997662,1056.6511964425445,258.6485786437988,795.0441284179688,121,0,1,0,0,0,0,0,0,0,179.81961631774902,9.084256052970886,62.98630332946777,6.758402943611145,cache_bf16,large_h6_n32_s100,6e379b07edefacb6306d08761e2329ef732331742663703760a6f27bf9ca07fa,19.22649574279785,204.4684482216835,0,609.8021759390831,0,0,0,0
cora_link,val,77,77,cora_link:val:000077:174778754f52d474,1,930.737886,930.7100219726562,864.952731,65.502245,80.65972477197647,25.802817195653915,9.270676411688328,686.3561188802123,188.0785903930664,496.3618621826172,76,0,1,0,0,0,0,0,0,0,136.7446403503418,6.885312080383301,39.32905578613281,5.119582176208496,cache_bf16,large_h6_n32_s100,174778754f52d4749c483dbb170edc8e1d75b410f5044b57a82301510dcfffc8,19.057056427001953,131.4260477721691,0,383.99287083745,0,0,0,0
cora_link,val,78,78,cora_link:val:000078:8e1f5ff2384b6299,1,1325.496596,1325.466796875,1257.932067,67.221537,152.30501350015402,27.35582645982504,13.555070385336876,975.0282438471913,242.44469833374023,729.8570938110352,112,0,1,0,0,0,0,0,0,0,169.11753463745117,8.442335963249207,58.507840156555176,6.37698757648468,cache_bf16,large_h6_n32_s100,8e1f5ff2384b6299a808f74848f6cda2ec30ff79476242af1100e1e03fadd469,19.002944946289062,189.73468789458275,0,559.1253508627415,0,0,0,0
cora_link,val,79,79,cora_link:val:000079:b31ae9e8672d99d3,1,1519.067261,1519.036376953125,1453.044547,65.624123,246.43297772854567,27.612649835646152,15.075006522238255,1063.7982925400138,261.65951919555664,799.1868438720703,122,0,1,0,0,0,0,0,0,0,182.3216323852539,9.18499207496643,63.31344032287598,6.839454412460327,cache_bf16,large_h6_n32_s100,b31ae9e8672d99d3c4abc278a34cb64a3ae6b8671490737ac65bc392888ad281,19.048992156982422,206.11318415403366,0,612.1226518750191,0,0,0,0
cora_link,val,80,80,cora_link:val:000080:7f359707f1ed22da,1,1743.95292,1743.9208984375,1677.827748,65.806502,886.4107094705105,26.641261763870716,9.478412568569183,691.1127706989646,188.09088134765625,501.0823287963867,76,0,1,0,0,0,0,0,0,0,136.77033615112305,6.876447916030884,39.32092809677124,5.123169183731079,cache_bf16,large_h6_n32_s100,7f359707f1ed22da8faab892c9f0c4e550944bae7d2edc3e3a20aeba4230bf60,19.268447875976562,133.17756786942482,0,387.17320880293846,0,0,0,0
cora_link,val,81,81,cora_link:val:000081:5ad2fd21fa8b652a,1,2288.541129,2288.50634765625,2220.661885,67.445274,904.181620106101,28.042515739798546,15.723299235105515,1166.1237115040421,312.5287055969238,850.4752044677734,129,0,1,0,0,0,0,0,0,0,225.8439064025879,11.465696096420288,66.98736000061035,8.231743097305298,cache_bf16,large_h6_n32_s100,5ad2fd21fa8b652a2049a86f654a3e93378d805fc49cae2c8eeb775b131d65c5,19.19161605834961,217.45027169585228,0,652.2165488302708,0,0,0,0
cora_link,val,82,82,cora_link:val:000082:fd7f45bfb7e73442,1,1740.186619,1740.1544189453125,1672.023354,67.614025,212.8044255077839,27.595420368015766,17.63631496578455,1293.0177878588438,332.1128959655762,957.4257354736328,146,0,1,0,0,0,0,0,0,0,234.85725021362305,11.999839901924133,76.6614408493042,8.594365000724792,cache_bf16,large_h6_n32_s100,fd7f45bfb7e73442826b14a3a81426866b4db698503383acbc493b42430b543a,19.150848388671875,244.75542414188385,0,731.8211597204208,0,0,0,0
cora_link,val,83,83,cora_link:val:000083:e44b2e90a9c51d7c,1,1526.587589,1526.5570068359375,1460.715622,65.520876,170.45498546212912,27.29979157447815,15.76333213597536,1149.5299749076366,297.90713119506836,848.4929656982422,130,0,1,0,0,0,0,0,0,0,211.94543838500977,10.730527877807617,67.43388843536377,7.797276496887207,cache_bf16,large_h6_n32_s100,e44b2e90a9c51d7c3c35622e72b9a21b0efe7cf5ae800ea7056cd060bc77d86b,18.967679977416992,218.72963190078735,0,648.7310137748718,0,0,0,0
cora_link,val,84,84,cora_link:val:000084:f1d9432decd47702,1,2630.784923,2630.748046875,2562.906086,67.432025,1147.0542401075363,28.263883665204048,17.145298421382904,1250.9817769750953,343.99001693725586,903.6708068847656,138,0,1,0,0,0,0,0,0,0,249.71526718139648,12.793343782424927,72.43504047393799,9.04636549949646,cache_bf16,large_h6_n32_s100,f1d9432decd4770232963f43964482d5bb9e9d8b8c6cf0ad13f69125fa1ba7dd,19.261791229248047,231.76719960570335,0,691.1653985083103,0,0,0,0
cora_link,val,85,85,cora_link:val:000085:53e8473ba934884e,1,3195.289866,3195.25048828125,3128.251085,66.569286,1662.9168167710304,28.273864649236202,18.07403564453125,1301.8618747591972,335.8643493652344,962.4955444335938,146,0,1,0,0,0,0,0,0,0,238.37030792236328,12.180288076400757,76.59539222717285,8.718361139297485,cache_bf16,large_h6_n32_s100,53e8473ba934884e0887f2ba95ba400bf9bec4d77cf74955ee274d647543a372,19.31590461730957,244.77747213840485,0,737.0339769124985,0,0,0,0
cora_link,val,86,86,cora_link:val:000086:cf8c6d684a64eeda,1,1706.1631,1706.131103515625,1640.04498,65.753238,653.9454832673073,26.56763605773449,11.704189702868462,863.0014397203922,244.53046417236328,616.1282501220703,94,0,1,0,0,0,0,0,0,0,180.2256317138672,9.2046400308609,48.45184135437012,6.648351073265076,cache_bf16,large_h6_n32_s100,cf8c6d684a64eedafbc9b42ca68fa90eeae373c5ac18f15c95110b42f5a244ef,19.206783294677734,160.6736642718315,0,474.66136914491653,0,0,0,0
cora_link,val,87,87,cora_link:val:000087:c6bd8e7cebeade5f,1,1663.559378,1663.5269775390625,1596.63968,66.480438,203.97171657532454,27.25913282483816,16.58227015286684,1233.5337242111564,325.34211349487305,904.9051055908203,137,0,1,0,0,0,0,0,0,0,232.66966247558594,11.88758397102356,72.24262428283691,8.542242765426636,cache_bf16,large_h6_n32_s100,c6bd8e7cebeade5f47abd14366633bb1cf69e653fbe814fc89723b74ae0b3b36,18.997024536132812,230.04607957601547,0,693.8560505509377,0,0,0,0
cora_link,val,88,88,cora_link:val:000088:0d48200e9b1f3f3d,1,1575.101989,1575.0701904296875,1507.362567,67.377163,194.13056690245867,27.37308479845524,16.09186176210642,1164.9592323228717,306.1101493835449,855.6946868896484,131,0,1,0,0,0,0,0,0,0,217.93976974487305,11.12831997871399,69.00675392150879,8.035305738449097,cache_bf16,large_h6_n32_s100,0d48200e9b1f3f3dcfc330cd785967b078be3ad1a286bcdb7fc01f60f2606226,19.016416549682617,220.42976024746895,0,654.2813431918621,0,0,0,0
cora_link,val,89,89,cora_link:val:000089:e135e8bdc2ae5355,1,2308.102651,2308.066650390625,2239.946432,67.730033,952.893846668303,28.160071931779385,15.883837826550007,1157.222012989223,309.37724685668945,844.7450714111328,128,0,1,0,0,0,0,0,0,0,223.15148162841797,11.500640034675598,66.57692813873291,8.148197054862976,cache_bf16,large_h6_n32_s100,e135e8bdc2ae5355e65c913f904a6b1c092e152ec90f2c8bf62df9e24b683562,19.25222396850586,215.53910392522812,0,648.4581914544106,0,0,0,0
cora_link,val,90,90,cora_link:val:000090:ebd242537a202816,1,2020.089642,2020.05517578125,1952.244673,67.433497,817.8003458306193,28.233579359948635,13.920011930167675,992.6889315247536,248.0402946472168,741.8848342895508,113,0,1,0,0,0,0,0,0,0,174.31683349609375,8.649312019348145,58.52409553527832,6.550053596496582,cache_bf16,large_h6_n32_s100,ebd242537a2028165edb083fbe81f037cdbf9812ef87d2495eb3586a5a9a36ee,19.236703872680664,191.24883195757866,0,569.8727062046528,0,0,0,0
cora_link,val,91,91,cora_link:val:000091:f558e519d1940289,1,1599.079758,1599.0478515625,1531.390637,67.288794,189.60009701550007,27.30409801006317,16.35065209120512,1195.606753230095,303.8144989013672,888.5578460693359,135,0,1,0,0,0,0,0,0,0,214.72784042358398,10.808351993560791,70.25382423400879,8.024482250213623,cache_bf16,large_h6_n32_s100,f558e519d1940289e9ecf4719746f0617fd583d65914b241ebe12a8cd0a81236,18.9967041015625,226.86131155490875,0,680.6932386159897,0,0,0,0
cora_link,val,92,92,cora_link:val:000092:e5df4d02d0e7b380,1,1508.1729,1508.141357421875,1441.391151,66.395504,184.97416656464338,27.473529800772667,15.212559141218662,1121.5463681146502,292.4612464904785,826.0405731201172,126,0,1,0,0,0,0,0,0,0,208.34816360473633,10.602656126022339,65.80153560638428,7.708891153335571,cache_bf16,large_h6_n32_s100,e5df4d02d0e7b380179b6966802525cfd72eb9a4a9a8ef28cfae11b431d047b6,19.021120071411133,212.44188848137856,0,632.6198047101498,0,0,0,0
cora_link,val,93,93,cora_link:val:000093:f735369324c31e69,1,1724.191106,1724.1590576171875,1657.934314,65.838075,199.12549015134573,27.437920682132244,17.567229457199574,1316.4237206801772,363.71385955810547,949.2329559326172,145,0,1,0,0,0,0,0,0,0,263.75247955322266,13.983039855957031,76.39398288726807,9.584357261657715,cache_bf16,large_h6_n32_s100,f735369324c31e693a850ab7ba020b89daa490b49f893f572391f34fa519cb88,19.0119686126709,243.1974402666092,0,725.0474842786789,0,0,0,0
cora_link,val,94,94,cora_link:val:000094:9593ceb59f0fcf1e,1,1381.402749,1381.3726806640625,1313.705856,67.347577,161.59601882100105,27.234149165451527,13.808486051857471,1027.329932898283,275.1652145385742,749.3902969360352,114,0,1,0,0,0,0,0,0,0,198.5115203857422,10.174751877784729,59.17526340484619,7.303678870201111,cache_bf16,large_h6_n32_s100,9593ceb59f0fcf1ec9fe9bdb0545d895b3f52d3330b5641998b1e360a9791da1,18.960927963256836,193.03689590096474,0,575.3143289983273,0,0,0,0
cora_link,val,95,95,cora_link:val:000095:f00843a8acab5da3,1,1532.947617,1532.916748046875,1466.901282,65.643091,172.85594251006842,27.193658985197544,15.856006182730198,1171.2065869942307,311.7170524597168,856.3395843505859,131,0,1,0,0,0,0,0,0,0,223.2638702392578,11.388287901878357,68.94764804840088,8.117246270179749,cache_bf16,large_h6_n32_s100,f00843a8acab5da3e805f0694b07b80959cfd68542ed31348195524e1fcc3ebb,18.944576263427734,220.46505612134933,0,654.8191044926643,0,0,0,0
cora_link,val,96,96,cora_link:val:000096:2ef8f94e1511e956,1,143.997056,143.97354125976562,78.631413,65.149871,3.5476787015795708,25.981109589338303,0.6441446021199226,38.560230284929276,6.280704140663147,31.974591732025146,4,0,1,0,0,0,0,0,0,0,3.816127896308899,0.15798400156199932,2.0743680000305176,0.23222424276173115,cache_bf16,large_h6_n32_s100,2ef8f94e1511e9560566504efa7f3478c8055e4fdde9ba820071ccf7a58b2bf4,19.074304580688477,15.502463966608047,0,35.546432346105576,0,0,0,0
cora_link,val,97,97,cora_link:val:000097:2bebad65143879eb,1,1500.498807,1500.467529296875,1432.798126,67.333007,166.235844604671,27.3074172437191,15.52446186542511,1142.3315582796931,307.1531219482422,832.0955505371094,128,0,1,0,0,0,0,0,0,0,221.56793594360352,11.100063920021057,66.35599994659424,8.129122138023376,cache_bf16,large_h6_n32_s100,2bebad65143879ebaf1c5996f266e59ab5dc245fbdb536098e14d0ecf407e384,18.999839782714844,215.37612786889076,0,635.7192624509335,0,0,0,0
cora_link,val,98,98,cora_link:val:000098:ce9b1af93608dee4,1,1577.142385,1577.110595703125,1511.226254,65.50669,190.02383947372437,27.32839435338974,16.13748725503683,1180.4171204566956,291.83964920043945,885.3785705566406,133,0,1,0,0,0,0,0,0,0,203.92092514038086,10.26198399066925,70.10319900512695,7.55354106426239,cache_bf16,large_h6_n32_s100,ce9b1af93608dee4182257df99e501dcc4e4ef9bc9034aab3b3e5fb473bce3d1,18.99203109741211,223.56483209133148,0,680.8057695627213,0,0,0,0
cora_link,val,99,99,cora_link:val:000099:2450ed437ff94702,1,1619.441525,1619.410400390625,1551.613615,67.416619,210.6013409793377,27.272041887044907,16.43822994083166,1200.4356337711215,307.84994888305664,889.3326416015625,136,0,1,0,0,0,0,0,0,0,218.71401596069336,10.799552083015442,70.17168045043945,8.164700388908386,cache_bf16,large_h6_n32_s100,2450ed437ff947028c2c2834f4c40c0a89c50b42fb291ba6ccfd962e0e7c0ac0,19.02022361755371,228.656416118145,0,679.6964491009712,0,0,0,0
cora_link,test,100,0,cora_link:test:000000:a92a49577d9aaaf9,1,2207.295948,2207.2255859375,2138.811817,67.86207,390.7580180093646,30.711647123098373,17.519675195217133,1541.36972874403,340.540828704834,1197.1558685302734,139,0,1,0,0,0,0,0,0,0,248.4694366455078,10.870432019233704,72.87545490264893,8.325505137443542,cache_bf16,large_h6_n32_s100,a92a49577d9aaaf95325fcc562b287774d230a1f7b54dbc314a6d5f0755e6cb4,20.00054359436035,233.548768222332,0,983.6076439023018,0,0,0,0
cora_link,test,101,1,cora_link:test:000001:47761966a95f3eb6,1,1641.124798,1641.0938720703125,1573.505066,67.241612,200.65768901258707,27.8354212641716,17.003283835947514,1224.247058853507,305.63868713378906,915.2619171142578,140,0,1,0,0,0,0,0,0,0,213.40755081176758,10.831584095954895,73.38329601287842,8.016256213188171,cache_bf16,large_h6_n32_s100,47761966a95f3eb62cbe0fba0d2d11c16a3ab6581015304ae9c32ecdc9d2b046,19.045087814331055,234.91516807675362,0,699.3918368518353,0,0,0,0
cora_link,test,102,2,cora_link:test:000002:248adbffa3013319,1,1384.082474,1384.052978515625,1318.259472,65.462792,152.70817186683416,27.099273167550564,14.114493504166603,1026.901014149189,260.8447685241699,763.2407379150391,116,0,1,0,0,0,0,0,0,0,184.8665599822998,9.27619206905365,59.82575988769531,6.876256585121155,cache_bf16,large_h6_n32_s100,248adbffa30133190208abb5aaef4e46c669cd48341ea54f59ea642c7d0af321,19.005279541015625,196.44771200418472,0,585.79830545187,0,0,0,0
cora_link,test,103,3,cora_link:test:000003:733f9ec4809d19f5,1,1428.118135,1428.087890625,1362.047331,65.671427,137.9403229802847,25.726936757564545,15.048859640955925,1083.4540398791432,281.7220764160156,798.7783203125,122,0,1,0,0,0,0,0,0,0,200.47452926635742,10.36297607421875,63.48454284667969,7.400028228759766,cache_bf16,large_h6_n32_s100,733f9ec4809d19f5681aaaad9301c87204e8a819ff44f4b4ace559f1631f941b,18.984447479248047,205.9430719614029,0,611.8196958303452,0,0,0,0
cora_link,test,104,4,cora_link:test:000004:38570c1b93d605c5,1,1508.387627,1508.357421875,1440.596563,67.386916,141.18592254817486,25.654742494225502,15.884294174611568,1154.5610968023539,292.41375732421875,858.9990997314453,131,0,1,0,0,0,0,0,0,0,205.4018898010254,10.411424040794373,68.97487831115723,7.62556517124176,cache_bf16,large_h6_n32_s100,38570c1b93d605c599078d8cc2737659926fc60e7ad65141703083a1b65caf0b,18.92972755432129,220.38803181052208,0,657.5407954752445,0,0,0,0
cora_link,test,105,5,cora_link:test:000005:595c0c9fc1ff6618,1,2291.857442,2291.82373046875,2224.918193,66.566618,1035.7221337035298,26.56854595988989,14.517051167786121,1060.2060370147228,290.7658576965332,766.5721206665039,117,0,1,0,0,0,0,0,0,0,210.76131057739258,10.782976150512695,61.50704002380371,7.714530944824219,cache_bf16,large_h6_n32_s100,595c0c9fc1ff6618ebb5a8f51b6466afc6c85a0c7a445a132efc20f10f865f57,19.25971221923828,197.83872014284134,0,587.9931127429008,0,0,0,0
cora_link,test,106,6,cora_link:test:000006:31831ee8abbeea66,1,2309.537943,2309.50390625,2241.523257,67.582984,982.2631198912859,26.549026370048523,15.618576668202877,1121.5215092524886,277.3031120300293,841.1092834472656,128,0,1,0,0,0,0,0,0,0,193.91721725463867,9.754719972610474,66.35046482086182,7.280709981918335,cache_bf16,large_h6_n32_s100,31831ee8abbeea66cd0c7b1800211799e2834e0c0c923608d8bf9ca65eee4cd1,19.205568313598633,215.60364839434624,0,644.711203366518,0,0,0,0
cora_link,test,107,7,cora_link:test:000007:f9f2e5b62d2ac8de,1,1381.391463,1381.3609619140625,1313.768482,67.245999,131.36298768222332,25.666682980954647,14.688837341964245,1050.689504481852,259.58681869506836,788.1689453125,121,0,1,0,0,0,0,0,0,0,180.89571380615234,9.005151867866516,62.87699222564697,6.808960795402527,cache_bf16,large_h6_n32_s100,f9f2e5b62d2ac8ded6e6797e2ed90689e5eeb9d491a0f1d297032aa5fea072d7,18.963167190551758,204.11756813526154,0,603.0145443677902,0,0,0,0
cora_link,test,108,8,cora_link:test:000008:c79461d98b773e5c,1,1357.881694,1357.852294921875,1290.361012,67.198854,128.32242529839277,25.66711325198412,14.31179977953434,1025.0867679715157,259.93161392211914,762.3376312255859,116,0,1,0,0,0,0,0,0,0,183.97910499572754,9.19100797176361,59.87241554260254,6.889085412025452,cache_bf16,large_h6_n32_s100,c79461d98b773e5c9ff91d981a1cec73c273981819e850b00eff1d3b65ec8600,18.96601676940918,196.081728130579,0,585.2219198644161,0,0,0,0
cora_link,test,109,9,cora_link:test:000009:d2ee76e5e84eec35,1,182.364174,182.3408660888672,116.784994,65.364817,6.275624968111515,36.86587046831846,1.0318132117390633,63.230980187654495,12.337791800498962,50.53715229034424,7,0,1,0,0,0,0,0,0,0,8.309311985969543,0.39660800248384476,3.2359359860420227,0.3959358260035515,cache_bf16,large_h6_n32_s100,d2ee76e5e84eec3564f795fcd6b2f7254c94efd70155a704ad0925a4965c92ab,30.2076473236084,20.331743955612183,0,60.413055658340454,0,0,0,0
cora_link,test,110,10,cora_link:test:000010:8d14e1da56065451,1,2318.099509,2318.06591796875,2250.05756,67.587637,727.8697118163109,26.46186575293541,18.65292154252529,1359.2831706628203,350.5494384765625,1005.0726928710938,153,0,1,0,0,0,0,0,0,0,248.60355377197266,12.47599983215332,80.35955238342285,9.110332489013672,cache_bf16,large_h6_n32_s100,8d14e1da5606545155fe5956d5cb8329e8cfde8193f8888f4dd0928477723548,19.139551162719727,256.303520321846,0,767.9087237119675,0,0,0,0
cora_link,test,111,11,cora_link:test:000011:fad03a0158e504b3,1,2787.170171,2787.133544921875,2720.863591,65.839156,1198.7006841227412,26.59562136977911,18.970723263919353,1357.9640425741673,352.0740165710449,1002.2274475097656,153,0,1,0,0,0,0,0,0,0,250.02428817749023,12.57753586769104,80.36432075500488,9.107871770858765,cache_bf16,large_h6_n32_s100,fad03a0158e504b32650d140461ea86cb962b0822bff8f4520831a83cd1248e4,19.21491241455078,255.80467173457146,0,765.637688189745,0,0,0,0
cora_link,test,112,12,cora_link:test:000012:aca91543227984e3,1,955.440428,955.41357421875,887.899461,67.248257,119.77723333984613,26.074206456542015,9.49193723499775,664.9053087458014,165.31337547302246,497.66905212402344,76,0,1,0,0,0,0,0,0,0,115.97686576843262,5.704320013523102,39.24460792541504,4.387581765651703,cache_bf16,large_h6_n32_s100,aca91543227984e385271d7b6624f3488a279bb046c26f2b6068426fcddd5418,19.061344146728516,131.28239998221397,0,385.447996288538,0,0,0,0
cora_link,test,113,13,cora_link:test:000013:c6319e2e394c55b4,1,1453.912171,1453.8818359375,1388.008747,65.517528,135.97849011421204,25.742397643625736,15.678598545491695,1116.9593939557672,287.15382385253906,826.7478179931641,127,0,1,0,0,0,0,0,0,0,203.1231346130371,10.310432076454163,66.18755149841309,7.532705664634705,cache_bf16,large_h6_n32_s100,c6319e2e394c55b41806cfecd8da702ae32db387f3cb5a4f8f8eef4694f73a95,18.978271484375,213.70236778259277,0,632.0237216949463,0,0,0,0
cora_link,test,114,14,cora_link:test:000014:7bf3e2dde2798014,1,940.067158,940.0399169921875,872.669039,67.122073,85.76979674398899,25.697248056530952,9.768201038241386,685.3265231475234,160.2044162750244,523.1231002807617,80,0,1,0,0,0,0,0,0,0,109.89910125732422,5.335423946380615,40.751872539520264,4.218018531799316,cache_bf16,large_h6_n32_s100,7bf3e2dde2798014ceb5d40da68647c5153090960f695abd29526791495aae0b,18.988191604614258,137.92822369933128,0,404.1830681860447,0,0,0,0
cora_link,test,115,15,cora_link:test:000015:987bc8c1450d4de6,1,1586.965163,1586.9287109375,1521.004481,65.578805,152.06374321132898,25.75798239558935,17.017205245792866,1219.512845389545,311.84566497802734,904.3569183349609,138,0,1,0,0,0,0,0,0,0,219.91027069091797,11.23088014125824,72.60771179199219,8.096802353858948,cache_bf16,large_h6_n32_s100,987bc8c1450d4de64eef125a17107f6448f2d1b5185316d809ae6a6c0f0195e1,19.011327743530273,231.81113612651825,0,691.557109951973,0,0,0,0
cora_link,test,116,16,cora_link:test:000016:5b221701d91b2a5f,1,1391.021934,1390.99267578125,1323.078658,67.542766,132.5377682223916,25.963992811739445,14.82972502708435,1056.2593350186944,252.66338729858398,800.6400299072266,122,0,1,0,0,0,0,0,0,0,174.32201766967773,8.636831998825073,63.13295841217041,6.571579217910767,cache_bf16,large_h6_n32_s100,5b221701d91b2a5f8038b3865bbb9fcedfa54c0a8fded06e49662e9b7d10eeca,19.05353546142578,205.87708812952042,0,613.8164772391319,0,0,0,0
cora_link,test,117,17,cora_link:test:000017:d481cb116e8ae8b8,1,1595.555053,1595.5250244140625,1527.878068,67.311138,151.1751227080822,25.784103199839592,16.983800567686558,1229.0386566892266,308.7600288391113,916.9270629882812,140,0,1,0,0,0,0,0,0,0,216.2571563720703,10.969088196754456,73.50864028930664,8.02514398097992,cache_bf16,large_h6_n32_s100,d481cb116e8ae8b85fd7c852582357b1bd5b2f42c37be8d533de0caed2e3600d,19.007455825805664,235.0461437702179,0,700.888375043869,0,0,0,0
cora_link,test,118,18,cora_link:test:000018:48808d259fed35be,1,1443.116691,1443.08740234375,1375.437243,67.288945,135.853155516088,25.772674940526485,15.425750985741615,1101.3309992849827,267.67309188842773,830.5960693359375,127,0,1,0,0,0,0,0,0,0,185.33283042907715,9.224608063697815,66.15011310577393,6.965540289878845,cache_bf16,large_h6_n32_s100,48808d259fed35be2922a2257ced6e69b7f3efdea3984cd9e3e45a0b1fcaac34,19.023839950561523,214.19132804870605,0,635.428581237793,0,0,0,0
cora_link,test,119,19,cora_link:test:000019:12f4d9e1dc287b85,1,1459.890988,1459.861328125,1392.173894,67.332016,135.70474181324244,25.637786835432053,15.307297930121422,1115.9879844635725,301.733154296875,811.2644805908203,124,0,1,0,0,0,0,0,0,0,217.48735809326172,11.207584023475647,65.06534481048584,7.972867369651794,cache_bf16,large_h6_n32_s100,12f4d9e1dc287b85cf1cb6e0b0a5d7b49bdd9bfc17e5c97e854d6b893dd93fd7,18.963424682617188,208.96441635489464,0,621.2634889185429,0,0,0,0
cora_link,test,120,20,cora_link:test:000020:a41d96c929bbaea4,1,1527.58384,1527.551513671875,1461.623985,65.583266,142.16290321201086,25.734348222613335,16.2296025082469,1171.336361207068,294.4280319213867,873.6951599121094,134,0,1,0,0,0,0,0,0,0,206.37337493896484,10.46940803527832,69.92547225952148,7.65977668762207,cache_bf16,large_h6_n32_s100,a41d96c929bbaea468aaad7fdcd5d180accbcd9f4277b2d1ca7740cdd52be7cd,18.977920532226562,225.15193635225296,0,667.521144092083,0,0,0,0
cora_link,test,121,21,cora_link:test:000021:021cc6c6d71b868e,1,1356.347729,1356.3182373046875,1288.558416,67.41692,128.0966391786933,25.69369040429592,14.078478328883648,1024.6461620554328,261.0077095031738,760.826301574707,116,0,1,0,0,0,0,0,0,0,184.9417610168457,9.287263989448547,59.895774841308594,6.882909655570984,cache_bf16,large_h6_n32_s100,021cc6c6d71b868ee32b5ec18999125272fe8f3b8e770b9b2ade266358591a09,18.97964859008789,196.36800000071526,0,583.4379501640797,0,0,0,0
cora_link,test,122,22,cora_link:test:000022:7ebf8fd29faab399,1,1262.324502,1262.295654296875,1195.389589,66.545993,114.78134617209435,25.697783567011356,13.352803885936737,960.3777136653662,237.30463790893555,720.3873519897461,110,0,1,0,0,0,0,0,0,0,165.2099838256836,8.29151999950409,57.54716873168945,6.255965352058411,cache_bf16,large_h6_n32_s100,7ebf8fd29faab399aae704e7cf9151ceb11e4f315cbbea54d10385c82d339425,18.993568420410156,186.56134364008904,0,552.8195767700672,0,0,0,0
cora_link,test,123,23,cora_link:test:000023:3362a73a111bacec,1,429.963263,429.9388122558594,362.720984,66.989125,31.268510036170483,25.714943185448647,3.719685599207878,263.4096276015043,68.44243240356445,194.10861206054688,29,0,1,0,0,0,0,0,0,0,48.765825271606445,2.4390400052070618,15.356703996658325,1.8808631300926208,cache_bf16,large_h6_n32_s100,3362a73a111bacec5618dfa5720e7a98689f6b00361568e5bab3750d7a69ddeb,18.998048782348633,55.66265594959259,0,157.44400489330292,0,0,0,0
cora_link,test,124,24,cora_link:test:000024:85adf0fcce383d9c,1,1415.028756,1414.999267578125,1347.403312,67.273932,126.1008596047759,25.782929733395576,14.338575303554535,1084.192767739296,308.45558166503906,772.8744354248047,118,0,1,0,0,0,0,0,0,0,226.9332504272461,11.553568124771118,61.619712829589844,8.349050283432007,cache_bf16,large_h6_n32_s100,85adf0fcce383d9cb482d4bb8e481933359ac38902568f0b242a66bf714286fe,18.977888107299805,199.48086455464363,0,592.3714589774609,0,0,0,0
cora_link,test,125,25,cora_link:test:000025:9d9567e93f366061,1,1741.619339,1741.5880126953125,1675.667093,65.569697,161.338796839118,25.676008313894272,18.581862561404705,1354.078309610486,352.4969291687012,997.9447021484375,153,0,1,0,0,0,0,0,0,0,250.10758209228516,12.719327926635742,80.56249618530273,9.107522964477539,cache_bf16,large_h6_n32_s100,9d9567e93f366061cd925a7a7ea1c1641d8e50bb824f0e37e4338dcd7ae6bc6d,18.93984031677246,255.73843187093735,0,761.1461105942726,0,0,0,0
cora_link,test,126,26,cora_link:test:000026:585463fc562fdee5,1,1810.290971,1810.25341796875,1743.783097,65.948743,162.68969420343637,25.829660706222057,18.818209879100323,1414.326966740191,338.7960319519043,1071.8426361083984,155,0,1,0,0,0,0,0,0,0,237.17625427246094,11.89302408695221,81.01561546325684,8.711138129234314,cache_bf16,large_h6_n32_s100,585463fc562fdee5d1a69d189fef63b474daea272c901560a9fabd71463a1f50,19.02390480041504,259.17827197909355,0,831.6882689297199,0,0,0,0
cora_link,test,127,27,cora_link:test:000027:2eaf82e718529d61,1,2232.261239,2232.22705078125,2166.101923,65.726594,683.4647422656417,26.544680818915367,18.18210445344448,1326.5022905543447,346.4715881347656,976.4567260742188,149,0,1,0,0,0,0,0,0,0,247.26185607910156,12.209440231323242,77.97948837280273,9.020803451538086,cache_bf16,large_h6_n32_s100,2eaf82e718529d613e0de6749a0bff9e8cb957e16d67c4b78d6d6721f8f7f677,19.244640350341797,249.58236828446388,0,746.1189981400967,0,0,0,0
cora_link,test,128,28,cora_link:test:000028:c1dc2bd37c203ab9,1,1651.272267,1651.2421875,1584.392449,66.456074,336.91595029085875,26.43964160233736,15.496945008635521,1105.6769574061036,283.1212501525879,819.5131072998047,125,0,1,0,0,0,0,0,0,0,199.9422378540039,10.078847885131836,65.68931293487549,7.41085147857666,cache_bf16,large_h6_n32_s100,c1dc2bd37c203ab9665b777173926fd67a29c32500d594fa60caed2d1f270794,19.185407638549805,210.7622720003128,0,627.9362429380417,0,0,0,0
cora_link,test,129,29,cora_link:test:000029:7480b14103945b84,1,2268.051108,2268.01708984375,2200.111966,67.517538,1013.5375410318375,26.558357290923595,14.721393585205078,1052.3236654698849,260.92160415649414,788.4574279785156,121,0,1,0,0,0,0,0,0,0,182.08486366271973,9.119743943214417,62.91772747039795,6.799269080162048,cache_bf16,large_h6_n32_s100,7480b14103945b842a9ba14187b3872f2fc3bcc05877d034c1bc4e899de8d936,19.21558380126953,204.0815044939518,0,603.5915072858334,0,0,0,0
cora_link,test,130,30,cora_link:test:000030:5400903d50457875,1,1516.781408,1516.75146484375,1448.991122,67.417036,139.2959775403142,25.780540890991688,15.793674625456333,1160.7362469658256,303.48303985595703,854.1227569580078,130,0,1,0,0,0,0,0,0,0,217.00345993041992,11.087839961051941,67.44249534606934,7.9492446184158325,cache_bf16,large_h6_n32_s100,5400903d50457875c14c0b9a3c0a10d4dced003e34216211d87925f2c132ce0a,18.960800170898438,219.03596830368042,0,654.0475888252258,0,0,0,0
cora_link,test,131,31,cora_link:test:000031:63aea78df371a953,1,1385.256303,1385.22607421875,1317.676339,67.219486,130.14180026948452,25.725198909640312,14.74915910512209,1053.249997086823,252.44451141357422,797.8596038818359,122,0,1,0,0,0,0,0,0,0,174.07276725769043,8.606112003326416,63.17497634887695,6.59065580368042,cache_bf16,large_h6_n32_s100,63aea78df371a953e2aba90e752f82d6a7fd4d6d701ec5a481f69b45a8204852,19.021503448486328,205.90492779016495,0,610.9761795401573,0,0,0,0
cora_link,test,132,32,cora_link:test:000032:1f2a998b4dbd6639,1,1601.449893,1601.41845703125,1533.005088,67.980609,149.15926661342382,25.77038574963808,16.96290820837021,1226.918863132596,307.92919158935547,915.6321868896484,140,0,1,0,0,0,0,0,0,0,215.69843292236328,10.863136053085327,73.35209655761719,8.015526056289673,cache_bf16,large_h6_n32_s100,1f2a998b4dbd663942c37acfb051c8449b7e7afbb4c5b001bc643c15a46266d1,18.979999542236328,235.03622388839722,0,699.5759625434875,0,0,0,0
cora_link,test,133,33,cora_link:test:000033:14d615d89a1b41e3,1,1427.73441,1427.69921875,1361.479335,65.859777,155.2219009026885,26.49132627993822,17.910754308104515,1060.230541974306,248.9412498474121,808.4734039306641,115,0,1,0,0,0,0,0,0,0,174.17673683166504,8.694591999053955,59.53689670562744,6.533024311065674,cache_bf16,large_h6_n32_s100,14d615d89a1b41e3816c7e8f4b762e6f09730c867962c7aa144a1cd0e0acbc86,19.087007522583008,195.56278416514397,0,631.9976272881031,0,0,0,0
cora_link,test,134,34,cora_link:test:000034:63e24931f3b2ac99,1,2005.025938,2004.9918212890625,1936.895913,67.658193,191.64355285465717,26.43103338778019,23.793837055563927,1584.9987771362066,315.05967712402344,1266.3260345458984,151,0,1,0,0,0,0,0,0,0,216.17008209228516,10.92473590373993,79.88812828063965,8.076730847358704,cache_bf16,large_h6_n32_s100,63e24931f3b2ac9976abff488fc1f0cbad1d106c8a270a4abc94c20d231a9fc1,19.11123275756836,253.25891208648682,0,1032.17835521698,0,0,0,0
cora_link,test,135,35,cora_link:test:000035:7c0b00c12372333f,1,1330.63039,1330.600341796875,1264.624933,65.624522,129.65057604014874,25.920498184859753,14.270997606217861,1005.3128665313125,245.34102249145508,757.1925964355469,114,0,1,0,0,0,0,0,0,0,171.40854263305664,8.531008124351501,58.957247734069824,6.444223999977112,cache_bf16,large_h6_n32_s100,7c0b00c12372333fd1727af7ceb3fe9c7ce9d78f337f1a6d64b62ed10b83740e,19.098751068115234,193.08748769760132,0,583.2038598060608,0,0,0,0
cora_link,test,136,36,cora_link:test:000036:6084688f7bbdf65d,1,1546.021399,1545.990234375,1477.809297,67.772428,140.12912195175886,25.775949470698833,16.702279448509216,1199.0183647722006,311.5874900817871,884.2059020996094,134,0,1,0,0,0,0,0,0,0,222.55049896240234,11.274911999702454,69.72966289520264,8.032416224479675,cache_bf16,large_h6_n32_s100,6084688f7bbdf65d904c5e7def98fdc045cf685b38eb265b4b265a6721532ba5,18.975200653076172,225.71631973981857,0,677.464783012867,0,0,0,0
cora_link,test,137,37,cora_link:test:000037:da07c8f84e6a36a9,1,1439.258164,1439.2271728515625,1371.592515,67.268484,131.32224138826132,25.83164069801569,15.50464890897274,1098.1555385515094,276.38111877441406,818.7796478271484,124,0,1,0,0,0,0,0,0,0,194.0742073059082,9.81436800956726,65.24844741821289,7.244096040725708,cache_bf16,large_h6_n32_s100,da07c8f84e6a36a993088066dce943abb672c1f798464c00e59cad3caa720537,19.03571128845215,209.6879040002823,0,628.1274551153183,0,0,0,0
cora_link,test,138,38,cora_link:test:000038:a34151466e92759c,1,940.308292,940.2805786132812,872.749255,67.249434,79.83105443418026,25.73317661881447,10.052443481981754,690.0966223329306,160.31494331359863,527.7755584716797,80,0,1,0,0,0,0,0,0,0,109.95667266845703,5.324672043323517,40.82201623916626,4.211582362651825,cache_bf16,large_h6_n32_s100,a34151466e92759c74de7d0f87e311f95d733aa0bd5d52e80561031048db934c,18.965024948120117,137.93785598874092,0,408.8027274310589,0,0,0,0
cora_link,test,139,39,cora_link:test:000039:8c051e3c3f1eac2f,1,1421.927827,1421.8983154296875,1354.158895,67.36714,128.14028933644295,25.73577594012022,15.369520522654057,1089.488159865141,272.1154556274414,814.3927307128906,123,0,1,0,0,0,0,0,0,0,190.02252578735352,9.529632091522217,65.40857601165771,7.154721736907959,cache_bf16,large_h6_n32_s100,8c051e3c3f1eac2fbb5106a981df606b9c7f62e6d30e378dd9cf19600d1f69e4,19.009023666381836,208.06726428866386,0,625.3344900906086,0,0,0,0
cora_link,test,140,40,cora_link:test:000040:0c4e1b16e7f6d32e,1,1515.482348,1515.45068359375,1449.336335,65.773908,135.2079752832651,25.804118253290653,15.941205434501171,1175.1595418900251,312.78793716430664,859.2472534179688,130,0,1,0,0,0,0,0,0,0,225.56322860717773,11.601632118225098,67.37539100646973,8.247685432434082,cache_bf16,large_h6_n32_s100,0c4e1b16e7f6d32e5da80273adc54aca607610739bfc2682e89dac848332874a,19.012191772460938,219.0196475982666,0,659.2397975921631,0,0,0,0
cora_link,test,141,41,cora_link:test:000041:94823266d74a6d48,1,1565.063605,1565.0321044921875,1498.333648,66.319294,141.15207083523273,25.83424001932144,17.06218346953392,1209.0090308338404,289.88550186157227,915.7902069091797,139,0,1,0,0,0,0,0,0,0,199.66988372802734,9.859519958496094,72.95459175109863,7.401506423950195,cache_bf16,large_h6_n32_s100,94823266d74a6d48a3ebb0e739cc6b9a001e36bc6d4378d466e605e013136a1e,19.015039443969727,233.3996157348156,0,701.4056306183338,0,0,0,0
cora_link,test,142,42,cora_link:test:000042:3043386de9eb5a17,1,1525.083124,1525.05224609375,1457.09638,67.554952,139.29032906889915,25.867309421300888,15.937701798975468,1167.821285314858,302.0004463195801,862.6858520507812,130,0,1,0,0,0,0,0,0,0,215.61974716186523,11.06550395488739,67.36470413208008,7.9504910707473755,cache_bf16,large_h6_n32_s100,3043386de9eb5a174134a7e339dde5f554850f3be3e476a139a3e6620f9e94ff,19.03276824951172,219.45251220464706,0,662.2661080956459,0,0,0,0
cora_link,test,143,43,cora_link:test:000043:a61dd8a6124feaf5,1,1578.200835,1578.169921875,1510.398568,67.409705,146.5466544032097,25.817519053816795,17.014186829328537,1210.3090286254883,293.5917778015137,913.4113464355469,138,0,1,0,0,0,0,0,0,0,202.8617286682129,10.268160223960876,72.82646465301514,7.635424256324768,cache_bf16,large_h6_n32_s100,a61dd8a6124feaf55c666b0ed451d4b59b3548088c16c62153daa0eeed988780,19.01702308654785,232.22444832324982,0,700.2039211988449,0,0,0,0
cora_link,test,144,44,cora_link:test:000044:90d883bbff1b482c,1,1679.441689,1679.4100341796875,1611.368688,67.644024,155.27081582695246,26.19317639619112,17.153531312942505,1304.2343314737082,346.74095916748047,954.1287536621094,140,0,1,0,0,0,0,0,0,0,251.31554794311523,12.791679859161377,73.53216075897217,9.10157060623169,cache_bf16,large_h6_n32_s100,90d883bbff1b482ce1b0f86688ef07df0ad211ec8eff530394d1e198d8430b26,19.097440719604492,235.22412765026093,0,738.0020667314529,0,0,0,0
cora_link,test,145,45,cora_link:test:000045:bae37ede4a3de9b1,1,1602.912883,1602.88232421875,1534.94138,67.550974,168.60662400722504,26.09475888311863,28.049219399690628,1209.100527688861,290.3381767272949,915.5634613037109,133,0,1,0,0,0,0,0,0,0,202.5373420715332,10.13647997379303,70.03676795959473,7.627586722373962,cache_bf16,large_h6_n32_s100,bae37ede4a3de9b1b112273365558ac2d3c01eba152028941b820629cb36f666,19.09516716003418,224.0665598809719,0,710.5920685827732,0,0,0,0
cora_link,test,146,46,cora_link:test:000046:a3fb53fd45897eed,1,1566.789688,1566.75927734375,1500.901615,65.511389,169.0551182255149,26.582561433315277,16.758263111114502,1181.4564326778054,294.00467681884766,884.2340087890625,134,0,1,0,0,0,0,0,0,0,206.0714874267578,10.423871994018555,69.84019088745117,7.669126510620117,cache_bf16,large_h6_n32_s100,a3fb53fd45897eed4bb12c5192d2091db1a22b1a781d299d9837a5f36024d63f,19.05254364013672,225.41551956534386,0,677.8710328638554,0,0,0,0
cora_link,test,147,47,cora_link:test:000047:e806f17c15aa686b,1,1439.739122,1439.707275390625,1371.9223,67.407665,137.30925414711237,26.48881357163191,15.23628830909729,1093.4460135176778,281.62173080444336,808.8601226806641,122,0,1,0,0,0,0,0,0,0,200.75446319580078,10.229631900787354,63.232351303100586,7.405284404754639,cache_bf16,large_h6_n32_s100,e806f17c15aa686b060e0ed51edf41cd755ff4e9f4ba115925f5000037240c8f,18.979999542236328,205.94297564029694,0,621.8971465826035,0,0,0,0
cora_link,test,148,48,cora_link:test:000048:c713ee4fd107b98c,1,1407.155402,1407.125244140625,1339.430892,67.335444,132.64116365462542,26.478251442313194,15.00809472054243,1068.7207598239183,254.54793167114258,811.2156524658203,122,0,1,0,0,0,0,0,0,0,174.93555068969727,8.701183915138245,63.27619171142578,7.635005354881287,cache_bf16,large_h6_n32_s100,c713ee4fd107b98c450cce5e01dd3bcf642b3fd16862c42ce9c070d74d4e7f36,19.037504196166992,206.029375821352,0,624.2237808406353,0,0,0,0
cora_link,test,149,49,cora_link:test:000049:4875f0d1278f893a,1,1431.058847,1431.029296875,1364.44418,66.256823,137.42226921021938,25.720286183059216,15.250056982040405,1095.1644722372293,280.4070701599121,811.8092193603516,122,0,1,0,0,0,0,0,0,0,199.7900161743164,10.06547200679779,63.09702491760254,7.4545570611953735,cache_bf16,large_h6_n32_s100,4875f0d1278f893adb29afed4c489723a9c4bf4cff2155264658735ae2a78b4a,18.9215030670166,205.81635186076164,0,624.9143705666065,0,0,0,0
cora_link,test,150,50,cora_link:test:000050:edd01bf99d59d0d3,1,1474.796645,1474.7664794921875,1408.208024,66.044223,147.69685827195644,26.37194935232401,15.520574524998665,1121.0145093500614,290.2568016052246,827.7600860595703,124,0,1,0,0,0,0,0,0,0,206.7673568725586,10.574048042297363,65.28313636779785,7.632260322570801,cache_bf16,large_h6_n32_s100,edd01bf99d59d0d3183fe96945c7ab77e925a18783b97396e292410a726326e4,19.018272399902344,209.3793284893036,0,637.3990299701691,0,0,0,0
cora_link,test,151,51,cora_link:test:000051:50ba04ac7a5538a1,1,1376.389114,1376.358642578125,1308.675372,67.327429,139.48810379952192,25.930519215762615,14.352765865623951,1031.3376504927874,242.97177505493164,785.5147552490234,117,0,1,0,0,0,0,0,0,0,166.9685115814209,8.246976017951965,61.44675159454346,6.30953586101532,cache_bf16,large_h6_n32_s100,50ba04ac7a5538a1d58a96d93c24da81af646af9e7cf91d4812ed58a4076106e,19.03558349609375,197.91091215610504,0,606.6394265890121,0,0,0,0
cora_link,test,152,52,cora_link:test:000052:3d056eca91a9a836,1,1589.628856,1589.5980224609375,1521.06091,68.1297,155.34617006778717,25.767117738723755,17.064258456230164,1216.2290373817086,289.7103385925293,923.1871032714844,139,0,1,0,0,0,0,0,0,0,198.90156936645508,9.93833601474762,73.4271354675293,7.443297743797302,cache_bf16,large_h6_n32_s100,3d056eca91a9a83670c06713bbe83ebf3e1072c5493ac4c40eaad5ff9be5dac4,18.933151245117188,233.28889632225037,0,708.8313581943512,0,0,0,0
cora_link,test,153,53,cora_link:test:000053:afffb12d2f835989,1,1254.492843,1254.463623046875,1188.695765,65.46088,153.20019517093897,26.258827187120914,13.018726371228695,910.4691967368126,215.9450912475586,691.968864440918,104,0,1,0,0,0,0,0,0,0,148.80960273742676,7.283712029457092,54.175265312194824,5.676511168479919,cache_bf16,large_h6_n32_s100,afffb12d2f8359894144ea1011bb00a1beddec2d1e8e2a96f0a23197bd320ad7,19.010047912597656,176.87148788571358,0,534.107424467802,0,0,0,0
cora_link,test,154,54,cora_link:test:000054:30c26c12e5ad1acc,1,1539.816888,1539.785888671875,1473.715672,65.672062,165.70476070046425,26.280307210981846,16.35847706347704,1161.3270714879036,292.7103042602539,865.4597778320312,131,0,1,0,0,0,0,0,0,0,205.5630111694336,10.406047940254211,69.11824035644531,7.623004794120789,cache_bf16,large_h6_n32_s100,30c26c12e5ad1acc921d6007d96b5414db7a451770e578c7ec38deb32d74ab94,18.9256649017334,220.45884782075882,0,663.9265949130058,0,0,0,0
cora_link,test,155,55,cora_link:test:000055:71bf8a9463858055,1,1281.941039,1281.9117431640625,1215.45382,66.108689,118.14189329743385,25.79033374786377,13.991453684866428,966.5029793977737,222.0470733642578,741.7297897338867,112,0,1,0,0,0,0,0,0,0,150.36780738830566,7.384608030319214,58.55600070953369,5.738657236099243,cache_bf16,large_h6_n32_s100,71bf8a94638580552fec335174e5be8a4d64bac73d5c7f16af740198f9557854,19.010496139526367,190.01171255111694,0,570.7285733222961,0,0,0,0
cora_link,test,156,56,cora_link:test:000056:a45fd9c8fbaeda83,1,1764.079552,1764.0472412109375,1697.082476,66.522485,183.3802219480276,26.535692624747753,18.49058922380209,1355.6079808622599,353.956485748291,998.0438385009766,151,0,1,0,0,0,0,0,0,0,252.0390739440918,12.793600082397461,79.88748836517334,9.236323356628418,cache_bf16,large_h6_n32_s100,a45fd9c8fbaeda83f996b5c5134233e343c2330cd97543af1dc4aa469895b57a,18.95961570739746,252.6412157714367,0,764.3622384369373,0,0,0,0
cora_link,test,157,57,cora_link:test:000057:8cce888c9b65f06a,1,1502.911783,1502.881103515625,1435.245408,67.289259,151.06681920588017,27.565992437303066,15.975781716406345,1131.1144288629293,281.9955825805664,846.0336303710938,128,0,1,0,0,0,0,0,0,0,198.00601196289062,9.982400059700012,66.59376049041748,7.413410067558289,cache_bf16,large_h6_n32_s100,8cce888c9b65f06a5282b21227395865b0021e9e80a7f06a26231ebce5e682bd,20.745248794555664,215.79267212748528,0,650.9862070381641,0,0,0,0
cora_link,test,158,58,cora_link:test:000058:0a15699abbc7bdfe,1,1725.515976,1725.4844970703125,1659.040916,65.981661,160.41839867830276,25.803834199905396,18.279018811881542,1340.7457927241921,348.93692779541016,988.2359161376953,149,0,1,0,0,0,0,0,0,0,248.96582412719727,12.681023836135864,78.26259231567383,9.027487516403198,cache_bf16,large_h6_n32_s100,0a15699abbc7bdfe11e1545398d656d9a071b62cdfa31f06fcff39dc96d7d97f,19.005695343017578,251.5561920106411,0,755.6854194700718,0,0,0,0
cora_link,test,159,59,cora_link:test:000059:7ad4f13634e65d42,1,1474.464639,1474.43408203125,1407.952216,65.981457,136.45575661212206,25.830156169831753,15.897329896688461,1131.819711998105,287.4080009460449,841.3339996337891,127,0,1,0,0,0,0,0,0,0,203.3007049560547,10.255008101463318,66.29372787475586,7.558560013771057,cache_bf16,large_h6_n32_s100,7ad4f13634e65d42696f55ae561430fda053895ac5a173d4c38046f329f65662,18.9979190826416,217.74745601415634,0,642.5844627022743,0,0,0,0
cora_link,test,160,60,cora_link:test:000060:947ecd7092b60d75,1,184.327753,184.30397033691406,117.927681,66.157184,17.74093694984913,25.80215223133564,1.02331954985857,63.90820723026991,12.369920253753662,51.17638397216797,7,0,1,0,0,0,0,0,0,0,8.350080132484436,0.39686399698257446,3.2284160256385803,0.3945600986480713,cache_bf16,large_h6_n32_s100,947ecd7092b60d753dd719552fce7c384a6830ffd76e25155af36e9e9adf3896,19.03775978088379,20.32150399684906,0,49.8926397562027,0,0,0,0
cora_link,test,161,61,cora_link:test:000061:1acb49af271f9d61,1,1601.857508,1601.82568359375,1533.668792,67.724175,145.73498163372278,25.772028602659702,18.732312135398388,1243.0894458666444,327.2966423034668,912.4745788574219,136,0,1,0,0,0,0,0,0,0,235.89321517944336,12.102656126022339,70.68998432159424,8.61078667640686,cache_bf16,large_h6_n32_s100,1acb49af271f9d61b24aa48362d2b853908b399d03bd39d8cc98f9d1f081985a,18.972959518432617,228.93036818504333,0,702.5171701908112,0,0,0,0
cora_link,test,162,62,cora_link:test:000062:6cfbf15b798236a5,1,1499.025013,1498.9945068359375,1430.921429,67.667833,148.82932603359222,25.900134816765785,17.698572017252445,1133.9556463062763,258.4790725708008,872.3276672363281,130,0,1,0,0,0,0,0,0,0,175.78668785095215,8.645056009292603,67.34323215484619,6.704096555709839,cache_bf16,large_h6_n32_s100,6cfbf15b798236a54090cd19df3719c67a389fc2e3dee5ac50bda445d2aaee96,19.04515266418457,218.91961574554443,0,672.4532041549683,0,0,0,0
cora_link,test,163,63,cora_link:test:000063:9ace740bce59e5eb,1,1270.725325,1270.69482421875,1204.698236,65.646452,119.63998898863792,25.868427939713,13.7778390198946,962.2399182990193,239.47184371948242,720.0865936279297,110,0,1,0,0,0,0,0,0,0,167.32595252990723,8.344223976135254,57.549856185913086,6.2518110275268555,cache_bf16,large_h6_n32_s100,9ace740bce59e5ebac4f83ca36118d0f76b772a4250fc122be277a75341046da,19.014272689819336,186.47503980994225,0,552.6258265078068,0,0,0,0
cora_link,test,164,64,cora_link:test:000064:e6ca9e4062a35662,1,1750.323135,1750.29150390625,1682.588832,67.306406,165.5235504731536,25.715145282447338,18.895207904279232,1348.9279160276055,341.77939224243164,1003.5558013916016,151,0,1,0,0,0,0,0,0,0,240.94988632202148,12.185696125030518,79.75308895111084,8.890720844268799,cache_bf16,large_h6_n32_s100,e6ca9e4062a3566245ff7a1135ef3f44abbec6aed0dcdc1ea3ca402b6611e5f3,18.92313575744629,254.68265634775162,0,767.7962808012962,0,0,0,0
cora_link,test,165,65,cora_link:test:000065:7b22040be3ab19bb,1,193.590662,193.5661163330078,127.955438,65.411712,18.727116286754608,25.883478112518787,1.1647343635559082,69.21110488474369,11.327967882156372,57.50630474090576,8,0,1,0,0,0,0,0,0,0,7.233695864677429,0.3524799980223179,3.3695679903030396,0.37222402915358543,cache_bf16,large_h6_n32_s100,7b22040be3ab19bbcfa9198d7350cc1a126591686908e34ef3b5a920fd636caa,19.082592010498047,21.959807991981506,0,54.6290887594223,0,0,0,0
cora_link,test,166,66,cora_link:test:000066:bc7f1918aa925803,1,1870.990457,1870.9578857421875,1804.156969,66.421281,212.84861862659454,25.662829168140888,19.46410723030567,1431.9432582706213,377.69110107421875,1050.5379486083984,156,0,1,0,0,0,0,0,0,0,272.1759338378906,13.781919717788696,82.00940799713135,9.723839521408081,cache_bf16,large_h6_n32_s100,bc7f1918aa925803f1d7036ade0510d3686fbe78b3908d95997a2747ae85b5dd,18.900192260742188,261.1248957514763,0,808.3132451176643,0,0,0,0
cora_link,test,167,67,cora_link:test:000067:111f661608b76851,1,1947.52952,1947.4971923828125,1879.578474,67.489711,433.18053893744946,26.45929343998432,18.162340857088566,1283.7448874488473,322.28185653686523,957.9761047363281,145,0,1,0,0,0,0,0,0,0,226.21782302856445,11.463647961616516,76.25030422210693,8.350081324577332,cache_bf16,large_h6_n32_s100,111f661608b76851f9a56159eadc34c3e40962055823a3029b4903a09f3bd9b8,19.176799774169922,243.0453439950943,0,734.1075605154037,0,0,0,0
cora_link,test,168,68,cora_link:test:000068:c05c7b87fd0cda19,1,1170.786749,1170.75732421875,1103.214021,67.253551,106.49134498089552,25.753785856068134,12.271896004676819,874.9711308628321,226.65277099609375,645.9121627807617,98,0,1,0,0,0,0,0,0,0,161.43712043762207,8.127807974815369,51.03164768218994,6.05619490146637,cache_bf16,large_h6_n32_s100,c05c7b87fd0cda19478eece624809a5919473f036800f1e4b036d40d7b5aac07,18.969823837280273,167.26924821734428,0,497.6127384006977,0,0,0,0
cora_link,test,169,69,cora_link:test:000069:a591447a76a23f33,1,1404.409646,1404.3797607421875,1337.868711,66.14696,132.40155950188637,26.406025514006615,14.86414484679699,1066.0509606823325,262.0465316772461,801.0751190185547,121,0,1,0,0,0,0,0,0,0,182.9667510986328,9.22764801979065,62.998080253601074,6.854052305221558,cache_bf16,large_h6_n32_s100,a591447a76a23f33910d5c7059da320f0fabc4b0dbd677fc99b0287262664a94,19.038816452026367,204.64390361309052,0,615.4700318574905,0,0,0,0
cora_link,test,170,70,cora_link:test:000070:b5db190fcc93371e,1,1215.213195,1215.1844482421875,1147.55586,67.308263,106.0737194493413,25.744793005287647,12.753443792462349,917.8168391808867,241.3343963623047,673.9865570068359,102,0,1,0,0,0,0,0,0,0,172.95251274108887,8.834911942481995,53.130592346191406,6.416379332542419,cache_bf16,large_h6_n32_s100,b5db190fcc93371e6fd6c7b19e7d92fe572c469bbaf76e6fa6c6db2eddb8a366,18.968191146850586,173.78073596954346,0,519.1740121841431,0,0,0,0
cora_link,test,171,71,cora_link:test:000071:32de58fd2a55623a,1,1415.451515,1415.42138671875,1348.724539,66.34301,135.15599258244038,25.800871662795544,15.16040787100792,1074.5295649394393,259.1157760620117,812.4348449707031,123,0,1,0,0,0,0,0,0,0,178.1739845275879,8.86620807647705,65.33324813842773,6.742335319519043,cache_bf16,large_h6_n32_s100,32de58fd2a55623a8a4fdbc4c85baf53a112f8c483bc706efcdfff3fa11b82a6,18.976959228515625,207.89321646094322,0,623.5185877382755,0,0,0,0
cora_link,test,172,72,cora_link:test:000072:997a47a4073e41df,1,1632.7991,1632.7669677734375,1565.120592,67.292248,156.0046710073948,25.775392539799213,17.235184088349342,1253.0029071494937,335.1967010498047,914.4953308105469,138,0,1,0,0,0,0,0,0,0,241.34946823120117,12.401376247406006,72.69359970092773,8.752256870269775,cache_bf16,large_h6_n32_s100,997a47a4073e41dfbdd26b79f2cdf9d91d113ac9c163ec5b4518845d9c1a14ff,18.992416381835938,232.1325123012066,0,701.3552348911762,0,0,0,0
cora_link,test,173,73,cora_link:test:000073:4a2d121a0ac5d0e8,1,184.494359,184.4705352783203,117.353667,66.921098,6.378789432346821,37.04588208347559,1.0433131828904152,63.719868659973145,12.430559873580933,50.934752464294434,7,0,1,0,0,0,0,0,0,0,8.360032081604004,0.39504000544548035,3.2804800271987915,0.39500775933265686,cache_bf16,large_h6_n32_s100,4a2d121a0ac5d0e8947e6f1cc3538e7b0618cf9bc060786f6c613eb7f23877b6,30.31167984008789,30.77993604540825,0,50.466496258974075,0,0,0,0
cora_link,test,174,74,cora_link:test:000074:f2f5a19ab342cae0,1,1655.378383,1655.3463134765625,1589.282366,65.621328,153.29386480152607,25.90086404234171,17.518533393740654,1284.427779726684,336.5642852783203,944.4470062255859,143,0,1,0,0,0,0,0,0,0,240.83516693115234,12.41206407546997,74.54675197601318,8.770302295684814,cache_bf16,large_h6_n32_s100,f2f5a19ab342cae01e5ec98ce3eef6abef032ebc47f51ffe574d4781fc8b3557,19.08153533935547,240.02172815799713,0,723.5068134069443,0,0,0,0
cora_link,test,175,75,cora_link:test:000075:a22fb2ea2f9d29a0,1,1155.976149,1155.9471435546875,1089.380481,66.27012,99.61519856005907,25.739900767803192,11.655083857476711,877.2272421047091,260.31238174438477,614.6210632324219,93,0,1,0,0,0,0,0,0,0,194.82950592041016,10.16435194015503,48.196736335754395,7.1217875480651855,cache_bf16,large_h6_n32_s100,a22fb2ea2f9d29a06305b4c510f2c3e4bbd2b99fd56ecec2d068c4cc9f07167e,18.97599983215332,161.47881615161896,0,472.11824691295624,0,0,0,0
cora_link,test,176,76,cora_link:test:000076:1e647e3fbb4a5d43,1,1419.050982,1419.0208740234375,1351.483765,67.22594,135.11356990784407,25.730484165251255,15.2168869972229,1088.701857253909,281.12790298461914,804.618896484375,122,0,1,0,0,0,0,0,0,0,200.0230369567871,10.213727951049805,63.40262413024902,7.488513946533203,cache_bf16,large_h6_n32_s100,1e647e3fbb4a5d4311b381ebfb3b2b8705e1fbb6111d584d7688cb1d1792d2ca,18.97052764892578,206.26409602165222,0,617.3253281116486,0,0,0,0
cora_link,test,177,77,cora_link:test:000077:57987e30b21585ac,1,1659.198171,1659.1658935546875,1591.461034,67.351758,155.10952286422253,25.825719349086285,17.549731768667698,1285.1504376158118,335.0652770996094,946.6572875976562,143,0,1,0,0,0,0,0,0,0,239.53529357910156,12.29315197467804,74.46134376525879,8.775487780570984,cache_bf16,large_h6_n32_s100,57987e30b21585ac890d144276d72d0f418ba5cdd81ab0c30b1a21f8e9d6075b,19.0166072845459,240.01497557759285,0,725.6589193046093,0,0,0,0
cora_link,test,178,78,cora_link:test:000078:9bdde5920f8b0a51,1,1417.630076,1417.5989990234375,1350.000326,67.260965,130.73989935219288,25.80894809216261,15.490218997001648,1076.9617017358541,254.9673194885254,818.9912567138672,124,0,1,0,0,0,0,0,0,0,174.84531211853027,8.605696082115173,64.95478343963623,6.561527848243713,cache_bf16,large_h6_n32_s100,9bdde5920f8b0a513e78a303aba8691885dbdd99b194f26bbf3580c295636ba3,19.052352905273438,209.02479988336563,0,629.018809735775,0,0,0,0
cora_link,test,179,79,cora_link:test:000079:0be9ee67b25a5ac7,1,1410.526775,1410.49609375,1342.695626,67.457297,126.97215843945742,25.774954818189144,14.866441488265991,1079.5025685802102,274.1835250854492,802.3917388916016,121,0,1,0,0,0,0,0,0,0,193.84274864196777,9.955039978027344,63.25228786468506,7.133448600769043,cache_bf16,large_h6_n32_s100,0be9ee67b25a5ac77fd325a65d625b85dfb3a5de371af07b0487aef00427b48a,18.937408447265625,204.36457630991936,0,616.9645710289478,0,0,0,0
cora_link,test,180,80,cora_link:test:000080:6852c56d89f072d5,1,195.206687,195.18252563476562,127.979873,67.00712,18.480625934898853,25.91666951775551,1.148526556789875,69.36021242290735,11.339104056358337,57.63670349121094,8,0,1,0,0,0,0,0,0,0,7.244608044624329,0.35600000247359276,3.365504026412964,0.37299198284745216,cache_bf16,large_h6_n32_s100,6852c56d89f072d51f4aca826c10a83c549fdeadf267146bd458c6d8a0248d79,19.169727325439453,21.937503933906555,0,54.868926882743835,0,0,0,0
cora_link,test,181,81,cora_link:test:000081:7ade712ace234fe2,1,1737.114196,1737.082275390625,1668.997624,67.542112,157.7393440529704,26.02860238403082,18.226384185254574,1350.913722999394,359.7037353515625,987.6402130126953,149,0,1,0,0,0,0,0,0,0,258.8263969421387,13.171456098556519,78.35862445831299,9.347257852554321,cache_bf16,large_h6_n32_s100,7ade712ace234fe217bed41b8f28f589a52ed66375290776d19b6a03af51cc3a,19.06991958618164,249.79472053050995,0,756.915412068367,0,0,0,0
cora_link,test,182,82,cora_link:test:000082:609a3b47d7b0b3e3,1,1535.804272,1535.7735595703125,1469.141557,66.275291,140.89243486523628,25.793835520744324,16.688036732375622,1188.2339268922806,305.00537872314453,880.0089874267578,134,0,1,0,0,0,0,0,0,0,216.1168670654297,10.985600113868713,69.86051177978516,8.042399764060974,cache_bf16,large_h6_n32_s100,609a3b47d7b0b3e3b9ce4442fde0daf9705270c755b903e6cdb46302ceccd799,19.017120361328125,225.28127989172935,0,673.7448278963566,0,0,0,0
cora_link,test,183,83,cora_link:test:000083:d4efc39aa4d8bd04,1,1410.199439,1410.1693115234375,1343.482037,66.357166,127.20438372343779,25.863902643322945,14.98045027256012,1088.0525726824999,289.2228813171387,795.9084014892578,120,0,1,0,0,0,0,0,0,0,207.96249771118164,10.623679876327515,62.888383865356445,7.748319864273071,cache_bf16,large_h6_n32_s100,d4efc39aa4d8bd043bf53de050b146bf9e4fbe3fbe2b1850fd7f4475af59a4d2,19.09766387939453,202.97647964954376,0,612.0295857191086,0,0,0,0
cora_link,test,184,84,cora_link:test:000084:8fff9e642d26fa46,1,1369.06734,1369.0377197265625,1303.208366,65.522915,136.98388636112213,25.874639861285686,14.509106986224651,1031.8137388676405,258.07827377319336,770.9002304077148,116,0,1,0,0,0,0,0,0,0,181.82399940490723,9.30566394329071,60.14297580718994,6.805634617805481,cache_bf16,large_h6_n32_s100,8fff9e642d26fa462328014578b8844e354d3af16655da0a5a04c04a27f5579f,19.05232048034668,196.44368016719818,0,593.5088707208633,0,0,0,0
cora_link,test,185,85,cora_link:test:000085:406c175ea3120aa1,1,1548.877817,1548.8470458984375,1482.143488,66.344271,151.13346371799707,25.798152200877666,16.41952432692051,1192.2365836799145,308.2920265197754,880.7166595458984,134,0,1,0,0,0,0,0,0,0,219.2930908203125,11.130079865455627,69.82691287994385,8.041942954063416,cache_bf16,large_h6_n32_s100,406c175ea3120aa178c1257c0c380892ef5a372f750596f6690cbf05fd393df0,18.97020721435547,225.32700806856155,0,674.3598586916924,0,0,0,0
cora_link,test,186,86,cora_link:test:000086:e8f1bc59186b6765,1,1598.608637,1598.576904296875,1530.866533,67.351192,158.57858583331108,25.790361687541008,16.65528677403927,1228.2924726605415,328.49747467041016,896.5295257568359,136,0,1,0,0,0,0,0,0,0,237.04019165039062,12.204000115394592,70.63788795471191,8.615394949913025,cache_bf16,large_h6_n32_s100,e8f1bc59186b6765eac4cb99e2d2c00bf502e2950a0cf41c6a002c97d1c9cb24,18.96112060546875,228.70889580249786,0,686.7817505598068,0,0,0,0
cora_link,test,187,87,cora_link:test:000087:c7011ca75dd0b78f,1,1313.941811,1313.9127197265625,1246.300252,67.297578,124.72006306052208,25.799079798161983,14.114977791905403,993.5624813660979,248.64227294921875,742.1674575805664,113,0,1,0,0,0,0,0,0,0,174.49142456054688,8.800863981246948,58.77603244781494,6.573951959609985,cache_bf16,large_h6_n32_s100,c7011ca75dd0b78f09ba8ae4b7c2f705cff0ebb4dc7bb057164a17ee3be1fe92,19.006624221801758,191.445984095335,0,569.7280977070332,0,0,0,0
cora_link,test,188,88,cora_link:test:000088:18b968107306c332,1,1490.164161,1490.134033203125,1422.338105,67.430826,144.3211045116186,25.792047381401062,15.982958488166332,1133.570640347898,285.2661437988281,845.2209625244141,128,0,1,0,0,0,0,0,0,0,201.0292510986328,10.134687900543213,66.57785606384277,7.524348735809326,cache_bf16,large_h6_n32_s100,18b968107306c332ca1e70e6d5db1379de839112c753882716a7136eea894167,19.01897621154785,215.66681638360023,0,648.5731223523617,0,0,0,0
cora_link,test,189,89,cora_link:test:000089:e368f47a88b67f89,1,1534.965437,1534.9345703125,1467.286296,67.310208,150.94469022005796,25.802619755268097,18.794070929288864,1165.2400940656662,302.0697021484375,860.0335998535156,130,0,1,0,0,0,0,0,0,0,215.70822525024414,11.007551908493042,67.40531158447266,7.948613405227661,cache_bf16,large_h6_n32_s100,e368f47a88b67f8984608eb37010339b6a995fff45a1de23ea9fd575be8f3b34,19.054399490356445,218.9244158565998,0,660.1635834872723,0,0,0,0
cora_link,test,190,90,cora_link:test:000090:5d9c13ae1a649560,1,1302.592138,1302.5626220703125,1235.018997,67.225592,120.24490721523762,25.800449773669243,13.410335406661034,996.1560992524028,261.86416244506836,731.6307220458984,109,0,1,0,0,0,0,0,0,0,187.84393882751465,9.604640007019043,57.4605770111084,6.9550065994262695,cache_bf16,large_h6_n32_s100,5d9c13ae1a6495607b4a8df6b8a509ca6d72616cc25333b376913fd59240b312,19.01411247253418,185.21955224871635,0,565.4252822697163,0,0,0,0
cora_link,test,191,91,cora_link:test:000091:3fcc197a36801b0b,1,1404.491634,1404.4610595703125,1338.533732,65.609083,135.71467157453299,26.24561730772257,14.35142196714878,1076.0479103773832,294.4430732727051,778.7606964111328,117,0,1,0,0,0,0,0,0,0,213.7698211669922,11.141535878181458,61.80671977996826,7.724996447563171,cache_bf16,large_h6_n32_s100,3fcc197a36801b0b1e47743d520e7e174ef2f3b6400d9545bb21c63544115193,18.89936065673828,197.90214389562607,0,599.757913172245,0,0,0,0
cora_link,test,192,92,cora_link:test:000092:4d7a0254c3823983,1,1529.164426,1529.133544921875,1463.068231,65.646606,160.48625018447638,26.512209326028824,16.266677528619766,1173.6499778926373,293.8510398864746,876.5942687988281,133,0,1,0,0,0,0,0,0,0,205.5222053527832,10.42579197883606,70.25936031341553,7.643682241439819,cache_bf16,large_h6_n32_s100,4d7a0254c38239838679798d0a79a6660d2e5d48555e626de4d0360dff851265,19.056224822998047,224.01257634162903,0,671.6379172801971,0,0,0,0
cora_link,test,193,93,cora_link:test:000093:919b65144e1f3589,1,1534.085614,1534.0548095703125,1467.28722,66.409994,151.6431551426649,26.442897506058216,16.683938913047314,1188.016626983881,304.2679023742676,880.5246734619141,134,0,1,0,0,0,0,0,0,0,215.19862365722656,11.042752027511597,69.97849655151367,8.048030138015747,cache_bf16,large_h6_n32_s100,919b65144e1f358963da7fc4b4eac623d1f901a9a675f43cd7783f592c375d5e,18.97305679321289,225.34150382876396,0,674.156226426363,0,0,0,0
cora_link,test,194,94,cora_link:test:000094:1650307c89f359b4,1,1256.069431,1256.0406494140625,1190.30736,65.416817,116.54613260179758,25.79919807612896,13.490869663655758,965.6633110716939,238.93292617797852,724.0594863891602,110,0,1,0,0,0,0,0,0,0,166.95283317565918,8.261599898338318,57.47372817993164,6.244764924049377,cache_bf16,large_h6_n32_s100,1650307c89f359b4b89afb869c40991166a652ccf9193175d8cbaca7f8f77e53,19.040800094604492,186.46150368452072,0,556.6387827992439,0,0,0,0
cora_link,test,195,95,cora_link:test:000095:b25ee3cbd55f1424,1,182.276824,182.25267028808594,117.073821,64.975617,7.743792608380318,25.750205852091312,1.1664889752864838,69.48670465499163,11.33238399028778,57.774335861206055,8,0,1,0,0,0,0,0,0,0,7.239392042160034,0.352512001991272,3.369760036468506,0.37071990966796875,cache_bf16,large_h6_n32_s100,b25ee3cbd55f142432c4ba3b795de91eb7f40b98074edbc5c62a3715a28617d9,19.02908706665039,21.928288012742996,0,54.87513491511345,0,0,0,0
cora_link,test,196,96,cora_link:test:000096:2e55047c7ac6960a,1,1463.048951,1463.0189208984375,1396.885259,65.787444,146.57531306147575,26.477985084056854,15.85000567138195,1117.2919860109687,275.099422454834,839.1246643066406,127,0,1,0,0,0,0,0,0,0,192.07328033447266,9.676575899124146,66.17187118530273,7.177695035934448,cache_bf16,large_h6_n32_s100,2e55047c7ac6960aa9e5574e5b2a92324f35c4a36c054647daf56eef90282162,19.009632110595703,214.11295992136002,0,644.0213364958763,0,0,0,0
cora_link,test,197,97,cora_link:test:000097:37f8cf0047f769ff,1,1182.546844,1182.518310546875,1116.050108,66.182926,112.90191765874624,25.84500703960657,12.419572100043297,894.8239153251052,225.68531036376953,666.6569595336914,101,0,1,0,0,0,0,0,0,0,158.21737480163574,7.885151982307434,53.646623611450195,5.93615996837616,cache_bf16,large_h6_n32_s100,37f8cf0047f769ffed7de0cc67c79a75bc649ae54f38b3df1131698b10fcb203,19.039424896240234,172.22035187482834,0,513.4760325551033,0,0,0,0
cora_link,test,198,98,cora_link:test:000098:1005670891a61f07,1,1611.930586,1611.9005126953125,1544.339212,67.206711,164.97254837304354,26.502867229282856,16.96980744600296,1233.4219655022025,309.11366271972656,920.9828796386719,139,0,1,0,0,0,0,0,0,0,216.7149429321289,10.98086392879486,73.3598403930664,8.05801546573639,cache_bf16,large_h6_n32_s100,1005670891a61f07fc17e6f908c08e9eaec28e308abc6d3c192c70449fcb154a,18.974048614501953,233.81571221351624,0,706.1412160396576,0,0,0,0
cora_link,test,199,99,cora_link:test:000099:6abeb4741887a3af,1,173.731308,173.7071990966797,108.138887,65.367217,6.174723617732525,25.749819353222847,1.013665460050106,65.73598925024271,12.366975903511047,53.015936851501465,7,0,1,0,0,0,0,0,0,0,8.297056078910828,0.39683200418949127,3.2777920365333557,0.39529578387737274,cache_bf16,large_h6_n32_s100,6abeb4741887a3af9d800c1720a73890be3be686e786fc8b973fd3df5de75bd1,19.044992446899414,20.356032073497772,0,51.70489722490311,0,0,0,0
cora_link,val,0,0,cora_link:val:000000:2b8559f934ffd5af,2,2069.402773,2069.353759765625,1978.891323,89.962857,346.4545635506511,217.72639639675617,17.754854634404182,1247.3721010610461,306.4567985534668,935.9579162597656,140,0,1,0,0,0,0,0,0,0,213.65708923339844,10.238944053649902,74.20851230621338,8.352252960205078,cache_bf16,large_h6_n32_s100,2b8559f934ffd5af71532c7b206da87da447aa51e1383cb7c327aed52b4ca12b,122.670654296875,239.4173118174076,0,819.211258739233,0,0,0,0
cora_link,val,1,1,cora_link:val:000001:011b6065bdfc4d99,2,1705.427274,1705.399658203125,1636.379168,68.639504,211.05957962572575,27.90635544806719,14.838124625384808,1270.4388098791242,270.6053123474121,996.8658599853516,121,0,1,0,0,0,0,0,0,0,191.45811080932617,9.653600096702576,62.32854461669922,7.165056824684143,cache_bf16,large_h6_n32_s100,011b6065bdfc4d997d47768dc671606054c518c7b876196bd40626bbb696d039,19.32784080505371,205.01279985904694,0,811.1809009313583,0,0,0,0
cora_link,val,2,2,cora_link:val:000002:7087803365c344f7,2,1621.336545,1621.308837890625,1553.297616,67.653751,242.60617699474096,27.87497267127037,15.884335152804852,1144.318732433021,279.3546829223633,861.777587890625,131,0,1,0,0,0,0,0,0,0,193.99522972106934,9.666303992271423,68.40223979949951,7.29090940952301,cache_bf16,large_h6_n32_s100,7087803365c344f71c5a4d25ae7ab9d82ccdce35f66b51cb45e827491e8c111f,19.370208740234375,221.3823679983616,0,659.7654286324978,0,0,0,0
cora_link,val,3,3,cora_link:val:000003:54eb24a89dd1709d,2,1274.227387,1274.20068359375,1206.75228,67.153068,174.222307279706,27.68474631011486,12.980770319700241,908.841541968286,221.69302368164062,684.5869064331055,104,0,1,0,0,0,0,0,0,0,154.4100799560547,7.651328086853027,53.78220844268799,5.849407196044922,cache_bf16,large_h6_n32_s100,54eb24a89dd1709dc1bf27362cd73114c8e1213fd8bcd3ab3cb7537d886a6e38,19.25551986694336,177.62518402934074,0,526.2172422707081,0,0,0,0
cora_link,val,4,4,cora_link:val:000004:7facdc7ac2dda863,2,1118.741887,1118.7164306640625,1050.201337,68.23944,135.30979957431555,27.91836205869913,11.239249259233475,801.8989404663444,197.4074592590332,602.1927642822266,92,0,1,0,0,0,0,0,0,0,138.45702362060547,6.836991906166077,46.83145618438721,5.281987547874451,cache_bf16,large_h6_n32_s100,7facdc7ac2dda86307197ac9037d5297767ace8cfabe65037533b9ebb49239e5,19.31177520751953,157.86873587965965,0,463.63580361008644,0,0,0,0
cora_link,val,5,5,cora_link:val:000005:0b661dd709e9ec4e,2,1505.208653,1505.1822509765625,1438.015129,66.792581,210.18825843930244,28.078947216272354,14.483355917036533,1070.7166697829962,276.94102478027344,790.8248291015625,120,0,1,0,0,0,0,0,0,0,197.17535781860352,10.022688031196594,62.42214393615723,7.320834994316101,cache_bf16,large_h6_n32_s100,0b661dd709e9ec4edfd97695dc426a5fd962e8c1aa98b5a9f16ad223d296b28a,19.406335830688477,203.3370244204998,0,606.8941405117512,0,0,0,0
cora_link,val,6,6,cora_link:val:000006:7ba47eddfdef13fd,2,1669.104775,1669.0780029296875,1601.955134,66.749125,230.22570181638002,27.806797064840794,16.35701023042202,1213.175336830318,332.0339241027832,877.8912200927734,134,0,1,0,0,0,0,0,0,0,241.84077072143555,12.299776077270508,69.15030288696289,8.743074417114258,cache_bf16,large_h6_n32_s100,7ba47eddfdef13fd4febfd6ca7abdd57842f1b9630de8e4af6f2495d40cc319b,19.314655303955078,226.05388793349266,0,671.1519874632359,0,0,0,0
cora_link,val,7,7,cora_link:val:000007:34b1ca300d75b85d,2,1669.514592,1669.488037109375,1601.067368,67.88895,225.04650056362152,28.38859148323536,15.835470519959927,1217.1142920851707,303.46803283691406,910.4076538085938,131,0,1,0,0,0,0,0,0,0,215.70236587524414,11.234848022460938,68.48780632019043,8.043012619018555,cache_bf16,large_h6_n32_s100,34b1ca300d75b85d8274b103f2dbe7b8d72eb74e789c8534272987a6050a37a5,19.327999114990234,221.1894399523735,0,708.5462129712105,0,0,0,0
cora_link,val,8,8,cora_link:val:000008:882249f597dda3f5,2,1580.967444,1580.941162109375,1513.120436,67.47866,217.3872273415327,27.79964916408062,15.726333484053612,1149.3290327489376,306.83110427856445,839.3776397705078,128,0,1,0,0,0,0,0,0,0,221.47715377807617,11.295711994171143,65.90262413024902,8.155614376068115,cache_bf16,large_h6_n32_s100,882249f597dda3f5e2320c6defbacc429761416b937dc27d8b634dc74f46b924,19.345407485961914,216.0434238910675,0,642.6796233654022,0,0,0,0
cora_link,val,9,9,cora_link:val:000009:9a6646f6eee7207c,2,1477.685906,1477.658447265625,1409.722092,67.542872,201.18059311062098,27.76581607758999,14.527923427522182,1057.7771058306098,271.7382392883301,783.1197052001953,119,0,1,0,0,0,0,0,0,0,192.07990074157715,9.724447965621948,62.7520637512207,7.181826829910278,cache_bf16,large_h6_n32_s100,9a6646f6eee7207c72c36e0851e0f8e3dfb25caa51e443cc88f95b29699068e1,19.248863220214844,201.91760018467903,0,600.4509682357311,0,0,0,0
cora_link,val,10,10,cora_link:val:000010:a877be82fffc1679,2,1295.529117,1295.5032958984375,1228.754802,66.405869,174.17222540825605,27.723842300474644,12.912104837596416,919.667249545455,231.0207405090332,686.0578155517578,105,0,1,0,0,0,0,0,0,0,161.79446029663086,8.074944019317627,55.04243183135986,6.1089043617248535,cache_bf16,large_h6_n32_s100,a877be82fffc1679db7a5dd2ad1e6288d99e52e1fc64853008fa8d7cbc01ee5b,19.25574493408203,178.61628782749176,0,526.6972726583481,0,0,0,0
cora_link,val,11,11,cora_link:val:000011:4ca428a923952166,2,1650.63147,1650.6048583984375,1581.843659,68.39002,229.8780344426632,28.06572150439024,16.687613911926746,1199.1187054663897,304.3132438659668,891.4866027832031,137,0,1,0,0,0,0,0,0,0,213.5584602355957,10.875392079353333,71.88492774963379,7.994463801383972,cache_bf16,large_h6_n32_s100,4ca428a9239521667895a0d1fca9e7b6b6416fa31ee6a8da7b499615fecf6b33,19.371200561523438,230.67484799027443,0,680.1829553544521,0,0,0,0
cora_link,val,12,12,cora_link:val:000012:30303f715c02d062,2,1760.93445,1760.9071044921875,1693.963169,66.509886,244.99702267348766,27.762449346482754,17.154266126453876,1277.7733644470572,360.40541076660156,914.0231323242188,138,0,1,0,0,0,0,0,0,0,266.7711067199707,12.690592050552368,71.90284729003906,9.040864706039429,cache_bf16,large_h6_n32_s100,30303f715c02d062b2fb41223c57410f880dc10408c71804b47fe98d40dcc361,19.30499267578125,233.7150720655918,0,699.6130529344082,0,0,0,0
cora_link,val,13,13,cora_link:val:000013:009cfc94b2af7f85,2,1656.851998,1656.8255615234375,1587.381073,68.866215,232.23259765654802,27.84952148795128,16.255171969532967,1188.0729775875807,290.6282844543457,894.2071380615234,133,0,1,0,0,0,0,0,0,0,202.7943344116211,10.31548810005188,69.94220733642578,7.576254606246948,cache_bf16,large_h6_n32_s100,009cfc94b2af7f855abb8babed43132b9d42203f46472b3a8f6d6473acf2d5ba,19.364959716796875,224.2490885257721,0,689.3230092525482,0,0,0,0
cora_link,val,14,14,cora_link:val:000014:90e3a407f5324226,2,1516.163001,1516.13671875,1447.390985,68.334449,232.19773545861244,27.981615625321865,14.73178993910551,1059.0047100558877,257.4548797607422,798.5957336425781,121,0,1,0,0,0,0,0,0,0,179.19248008728027,9.001568078994751,62.51910400390625,6.741727590560913,cache_bf16,large_h6_n32_s100,90e3a407f5324226f418f684ad6f829311c5f09b42be293339795aba22fd8775,19.357952117919922,204.59622424840927,0,613.3574615120888,0,0,0,0
cora_link,val,15,15,cora_link:val:000015:b8e52771f5e78e95,2,1677.917118,1677.8895263671875,1608.352948,69.041319,232.18590579926968,29.40455637872219,16.000588424503803,1203.014806844294,330.10643005371094,869.7272186279297,131,0,1,0,0,0,0,0,0,0,240.20905303955078,12.415808200836182,68.95004749298096,8.531521320343018,cache_bf16,large_h6_n32_s100,b8e52771f5e78e95aba8975582536f1989cd245cbc306144b39cdccc0000664a,19.30521583557129,224.02486392855644,0,665.0075705349445,0,0,0,0
cora_link,val,16,16,cora_link:val:000016:f128401ffc48b63f,2,156.629823,156.6056671142578,89.163373,67.203394,3.580247052013874,36.53399087488651,0.6670644506812096,39.76545576006174,7.50879979133606,31.950016021728516,4,0,1,0,0,0,0,0,0,0,4.844672083854675,0.21238400042057037,2.184159994125366,0.2675837129354477,cache_bf16,large_h6_n32_s100,f128401ffc48b63f6e7ad13c7fc491b364368f2c6211fa1e771004a329ce6ccb,29.390432357788086,15.586687952280045,0,45.75376042723656,0,0,0,0
cora_link,val,17,17,cora_link:val:000017:71b15a1b4dee3b75,2,1812.119291,1812.090576171875,1743.203382,68.456368,259.73964389413595,28.08524388819933,17.72763393819332,1311.099856160581,343.4775695800781,964.2778930664062,138,0,1,0,0,0,0,0,0,0,249.23772811889648,12.952288150787354,72.22928047180176,9.05827283859253,cache_bf16,large_h6_n32_s100,71b15a1b4dee3b75450fcb3d4e0030bd4e8ac3e7ed127ec4949c390a34278983,19.40297508239746,232.48473638296127,0,751.1961317658424,0,0,0,0
cora_link,val,18,18,cora_link:val:000018:75d89384a041ca75,2,1483.30018,1483.2728271484375,1414.372822,68.497201,209.907753393054,27.99357660114765,15.937567688524723,1053.1120905652642,272.23868560791016,777.9784088134766,118,0,1,0,0,0,0,0,0,0,193.47497749328613,9.931903958320618,61.59696006774902,7.234844088554382,cache_bf16,large_h6_n32_s100,75d89384a041ca7572f2fbf7859f62c66582c0bdcf52d09f65362485f4860523,19.412160873413086,199.89664015173912,0,597.4939295351505,0,0,0,0
cora_link,val,19,19,cora_link:val:000019:28ca07dd976737ec,2,1400.467874,1400.4405517578125,1332.305866,67.819185,194.52354311943054,27.705153450369835,14.056051149964333,1006.1248755082488,255.1721954345703,748.1794509887695,113,0,1,0,0,0,0,0,0,0,180.93817329406738,9.058176159858704,58.401535987854004,6.774309992790222,cache_bf16,large_h6_n32_s100,28ca07dd976737ec27488b016c342b02e095e9c358d70c8e701365e338fb1d40,19.25766372680664,191.6784641444683,0,575.7586505711079,0,0,0,0
cora_link,val,20,20,cora_link:val:000020:c6704a18b203d90c,2,1531.633506,1531.606201171875,1463.255914,67.802955,212.61374838650227,28.49704772233963,15.131586231291294,1088.9141289517283,271.0898895263672,814.8361358642578,121,0,1,0,0,0,0,0,0,0,192.123140335083,9.548864126205444,62.26784038543701,7.150044679641724,cache_bf16,large_h6_n32_s100,c6704a18b203d90c2d312363232b64e1eabf436fe15a7e8eb0e1e558180d1560,19.770143508911133,204.60940816998482,0,629.9968712031841,0,0,0,0
cora_link,val,21,21,cora_link:val:000021:c96cebb59553ba1b,2,987.27011,987.2426147460938,920.413098,66.538602,127.8283279389143,28.453770093619823,9.077181108295918,690.9586954861879,187.61049461364746,501.4099578857422,76,0,1,0,0,0,0,0,0,0,136.3889617919922,6.89571213722229,39.203776359558105,5.122044324874878,cache_bf16,large_h6_n32_s100,c96cebb59553ba1b4cf05fb068a381b87603673fdee2e551eb221803ff72ddb0,19.895584106445312,131.89798361063004,0,389.40755838155746,0,0,0,0
cora_link,val,22,22,cora_link:val:000022:a11051d5700a6f06,2,1753.989815,1753.962158203125,1685.203246,68.368047,247.7183723822236,28.191096149384975,17.17570424079895,1277.1787513047457,338.9619827270508,934.7751922607422,142,0,1,0,0,0,0,0,0,0,243.57625198364258,12.47769570350647,73.99123191833496,8.916803121566772,cache_bf16,large_h6_n32_s100,a11051d5700a6f061c91179fa86f12fe8773c3c69d663755dead3134bd8f028b,19.363744735717773,238.6764159500599,0,715.4625210464001,0,0,0,0
cora_link,val,23,23,cora_link:val:000023:b4b3cf71c3b6cb4f,2,1506.8309,1506.8033447265625,1439.828856,66.641848,214.39029462635517,27.770841494202614,15.10156411677599,1068.1359162554145,252.56643676757812,812.5578308105469,123,0,1,0,0,0,0,0,0,0,172.58867073059082,8.495583891868591,64.93110370635986,6.55107843875885,cache_bf16,large_h6_n32_s100,b4b3cf71c3b6cb4fa51cca9d396f4cef6dec256597e34c09b57746adcc349080,19.31702423095703,207.9578886628151,0,623.9169663786888,0,0,0,0
cora_link,val,24,24,cora_link:val:000024:f904e319fa7ea1b3,2,1485.734594,1485.70703125,1418.425132,66.817598,206.17201551795006,28.053585439920425,14.584780670702457,1062.0441008359194,273.43852615356445,785.7053527832031,117,0,1,0,0,0,0,0,0,0,195.06911849975586,9.906816005706787,61.227935791015625,7.234655857086182,cache_bf16,large_h6_n32_s100,f904e319fa7ea1b38a7c902f3f96aed874f28cab8e8b5e136402f7fcf35eee82,19.366655349731445,198.52774420380592,0,606.5442639291286,0,0,0,0
cora_link,val,25,25,cora_link:val:000025:edd3e400bce9ebe9,2,1105.777989,1105.7518310546875,1037.943148,67.475285,149.8031709343195,27.87366695702076,10.914918035268784,774.6339589357376,185.09292793273926,587.3507614135742,87,0,1,0,0,0,0,0,0,0,128.8911361694336,6.337056040763855,44.95721626281738,4.907519459724426,cache_bf16,large_h6_n32_s100,edd3e400bce9ebe91bf5bb3b61b67803452cc1e9ab70f51ec27b21dc2e9d9f26,19.364479064941406,149.54364785552025,0,457.1715926229954,0,0,0,0
cora_link,val,26,26,cora_link:val:000026:cc59ad5e71a76cf2,2,1607.414136,1607.3870849609375,1540.429173,66.559678,226.22817661613226,27.87624392658472,16.395271755754948,1151.6556777060032,271.5563201904297,876.8465576171875,134,0,1,0,0,0,0,0,0,0,185.9116153717041,9.252351999282837,69.33100891113281,7.0613439083099365,cache_bf16,large_h6_n32_s100,cc59ad5e71a76cf2bab98beca029ca5d0d3e710b7e1eed84701ad18aaed1d231,19.32102394104004,226.93734377622604,0,669.2302377820015,0,0,0,0
cora_link,val,27,27,cora_link:val:000027:b9ed7970fb0d7ecd,2,1203.322499,1203.2960205078125,1134.261635,68.743699,152.57394406944513,28.50579284131527,11.764719150960445,863.8982893899083,243.7182388305664,617.8386611938477,94,0,1,0,0,0,0,0,0,0,179.63804817199707,9.223616003990173,48.233216762542725,6.623357892036438,cache_bf16,large_h6_n32_s100,b9ed7970fb0d7ecddcaaf3bcb9d779bd6006728a31bcbbabdeac84deda555adc,20.132415771484375,161.0668801367283,0,476.90419682860374,0,0,0,0
cora_link,val,28,28,cora_link:val:000028:8fa2fe8f766fa43d,2,1613.859618,1613.83251953125,1544.936803,68.488876,217.16373972594738,27.812928892672062,16.544193029403687,1174.6095260605216,296.3462371826172,875.0373687744141,133,0,1,0,0,0,0,0,0,0,208.23216247558594,10.586688041687012,69.8145923614502,7.712794303894043,cache_bf16,large_h6_n32_s100,8fa2fe8f766fa43d042d151cadd12585d9f084bb9bded25bf440b15aa8c94f18,19.295743942260742,224.3344002366066,0,669.9987124800682,0,0,0,0
cora_link,val,29,29,cora_link:val:000029:c46e86fafdd06e6b,2,1123.96276,1123.9368896484375,1053.721343,69.846726,130.99197670817375,27.894405648112297,11.126505210995674,808.5363116115332,198.1721305847168,608.0573806762695,92,0,1,0,0,0,0,0,0,0,138.9221134185791,6.875904083251953,47.09555196762085,5.278561115264893,cache_bf16,large_h6_n32_s100,c46e86fafdd06e6b414f8a20746f1e04edd179183f42d720de443b41e89ab030,19.318687438964844,159.93052819371223,0,467.44553992152214,0,0,0,0
cora_link,val,30,30,cora_link:val:000030:ee440cc74300cb93,2,1760.876417,1760.847412109375,1691.766279,68.626956,251.80564727634192,28.082413598895073,17.230740748345852,1276.0110311210155,327.15798568725586,945.4540863037109,140,0,1,0,0,0,0,0,0,0,233.34393692016602,12.029120087623596,73.21577548980713,8.569153189659119,cache_bf16,large_h6_n32_s100,ee440cc74300cb93c8b3a5a8865d69bbbd77ccc07aa65a7d6d87b525c15dd9f8,19.389055252075195,235.77251237630844,0,729.0706291794777,0,0,0,0
cora_link,val,31,31,cora_link:val:000031:efd7dbeeabd82794,2,1311.403479,1311.3763427734375,1242.921037,68.156119,178.62778529524803,27.69296895712614,13.001235201954842,933.5126494988799,234.49222564697266,696.4016952514648,106,0,1,0,0,0,0,0,0,0,165.3968620300293,8.28329598903656,54.60534477233887,6.206722855567932,cache_bf16,large_h6_n32_s100,efd7dbeeabd827942e9e8728f40e10ef5b04152827b047336947fb6a9ef93de4,19.30745506286621,181.72585624456406,0,533.983294069767,0,0,0,0
cora_link,val,32,32,cora_link:val:000032:bfc61ef51cd53890,2,1688.425339,1688.3970947265625,1619.435681,68.523088,233.50912611931562,27.95240841805935,17.79399998486042,1221.2364235892892,329.2018241882324,888.7533874511719,135,0,1,0,0,0,0,0,0,0,238.30073928833008,12.202111840248108,70.0176010131836,8.681372046470642,cache_bf16,large_h6_n32_s100,bfc61ef51cd5389038d43b88bb77692a0eb9dd9882a6340a004ab29141790383,19.343456268310547,227.51785588264465,0,680.5789878368378,0,0,0,0
cora_link,val,33,33,cora_link:val:000033:f66c9799e03a5002,2,1496.104,1496.07666015625,1429.130118,66.573424,216.75539948046207,27.78025157749653,15.103570185601711,1059.0526750311255,257.4636764526367,798.6292724609375,121,0,1,0,0,0,0,0,0,0,178.97084426879883,9.048352003097534,62.69283199310303,6.751648187637329,cache_bf16,large_h6_n32_s100,f66c9799e03a5002fe61a1df5626934986ef244c678178c7b9a0e8084bdb2ef4,19.325759887695312,205.10319957137108,0,612.8518327772617,0,0,0,0
cora_link,val,34,34,cora_link:val:000034:2f331eb995c9da42,2,1901.006821,1900.9771728515625,1831.724795,68.652892,270.74640803039074,27.93699223548174,19.391910172998905,1393.6342345550656,360.1938285827637,1029.7006072998047,156,0,1,0,0,0,0,0,0,0,256.235164642334,13.066623449325562,81.59126281738281,9.300777673721313,cache_bf16,large_h6_n32_s100,2f331eb995c9da425b197c37edce6f8f86471fa729daaaf6a494bad14411e3ed,19.332223892211914,261.6097601056099,0,787.4230710864067,0,0,0,0
cora_link,val,35,35,cora_link:val:000035:21ad334cd0120105,2,1445.829713,1445.8023681640625,1377.920525,67.498005,126.10563077032566,26.28380060195923,15.299450606107712,1107.8558657318354,269.78351974487305,835.0118560791016,125,0,1,0,0,0,0,0,0,0,187.95068550109863,9.398368000984192,65.39923286437988,7.035233378410339,cache_bf16,large_h6_n32_s100,21ad334cd012010564b63e2dfd3b310cbda4c8bc54234f6e18ce1dc9acdbc894,19.341663360595703,211.38870400190353,0,642.9648154377937,0,0,0,0
cora_link,val,36,36,cora_link:val:000036:306aff86209143d2,2,1804.944224,1804.9158935546875,1736.103508,68.411473,402.3873517289758,26.79595910012722,16.40430372208357,1187.4949559569359,299.1515808105469,885.1389770507812,131,0,1,0,0,0,0,0,0,0,212.11670684814453,10.664735913276672,68.48483085632324,7.885307192802429,cache_bf16,large_h6_n32_s100,306aff86209143d2b767e1c7e00124776aeabf44668506eac00257e8ddc2ea5e,19.471359252929688,221.0593602657318,0,683.5509760379791,0,0,0,0
cora_link,val,37,37,cora_link:val:000037:d5b4f04791aacc68,2,1417.429256,1417.401123046875,1350.647784,66.427813,158.4197711199522,26.711678132414818,14.72282875329256,1053.9690274745226,274.8479690551758,776.2259826660156,118,0,1,0,0,0,0,0,0,0,195.82886123657227,9.964448094367981,61.822208404541016,7.232451319694519,cache_bf16,large_h6_n32_s100,d5b4f04791aacc681254fcd3fda95be29f9b160ee38a182cf27cdecc31c6448c,19.396831512451172,199.98198398947716,0,595.6408301889896,0,0,0,0
cora_link,val,38,38,cora_link:val:000038:87bc06845e57ba2e,2,1225.163106,1225.1358642578125,1157.596666,67.200269,103.14529854804277,25.99778212606907,13.13125342130661,922.5160581991076,230.92073822021484,689.0105285644531,105,0,1,0,0,0,0,0,0,0,161.56444549560547,8.095775961875916,55.13993549346924,6.120581269264221,cache_bf16,large_h6_n32_s100,87bc06845e57ba2e5d3602988f8ad1fee9b90d66b502fadd15a2e820c85792cc,19.251935958862305,178.74099239706993,0,529.5214721262455,0,0,0,0
cora_link,val,39,39,cora_link:val:000039:0fcb5f5b455526b5,2,1068.199316,1068.1728515625,1000.805538,67.102242,89.79522995650768,26.066620834171772,11.512041091918945,800.989187322557,198.11654663085938,600.5809326171875,92,0,1,0,0,0,0,0,0,0,138.875394821167,6.840448021888733,47.11468839645386,5.2860153913497925,cache_bf16,large_h6_n32_s100,0fcb5f5b455526b5b89f834c58659921681d4dc2d7c0312ea991de940f94fed6,19.315488815307617,157.83686381578445,0,462.05955761671066,0,0,0,0
cora_link,val,40,40,cora_link:val:000040:22416074999ec212,2,1240.273917,1240.247314453125,1171.71851,68.230752,104.10716384649277,26.043170131742954,13.128424994647503,945.9355557337403,254.3938217163086,688.9465560913086,105,0,1,0,0,0,0,0,0,0,182.94032096862793,9.36185598373413,55.30825710296631,6.783387660980225,cache_bf16,large_h6_n32_s100,22416074999ec21294f0500bf30a6daaf1d9ba619d9422bf263c63b81ea27256,19.259199142456055,180.1807682812214,0,528.0249869525433,0,0,0,0
cora_link,val,41,41,cora_link:val:000041:a7c44456fc52b019,2,1561.859654,1561.8310546875,1495.101312,66.390094,144.23666521906853,28.362753801047802,16.78228285163641,1209.479690529406,308.70931243896484,897.4584197998047,137,0,1,0,0,0,0,0,0,0,217.96582794189453,10.962175965309143,71.79686450958252,7.98444402217865,cache_bf16,large_h6_n32_s100,a7c44456fc52b019e7eaf4f2f254215c641d9595132c5067937173235b31bd2b,19.237119674682617,230.77155178785324,0,685.9239876866341,0,0,0,0
cora_link,val,42,42,cora_link:val:000042:856f48518ba56b6c,2,1435.559092,1435.5303955078125,1366.1319,68.867742,122.3202720284462,26.051797904074192,15.599679201841354,1101.3005478307605,272.90943908691406,825.3342742919922,125,0,1,0,0,0,0,0,0,0,190.79564666748047,9.591455936431885,65.34854316711426,7.173793315887451,cache_bf16,large_h6_n32_s100,856f48518ba56b6c880e097d81ff5a59e1a3ea62c696e0036e2159086f354737,19.291807174682617,211.3791359961033,0,633.2469454705715,0,0,0,0
cora_link,val,43,43,cora_link:val:000043:8e138fbc3a9bb1c5,2,1659.345828,1659.3179931640625,1590.644638,68.264818,148.21929391473532,26.95706207305193,17.394174821674824,1292.6306407898664,340.0824966430664,949.1095733642578,142,0,1,0,0,0,0,0,0,0,244.38204956054688,12.569183826446533,74.20975971221924,8.92150354385376,cache_bf16,large_h6_n32_s100,8e138fbc3a9bb1c5a9eecf926388224c47e789ced667bc7ad020e98338cc427d,19.30905532836914,238.7371840775013,0,729.6814446151257,0,0,0,0
cora_link,val,44,44,cora_link:val:000044:1e64e0e7921a819a,2,1228.204414,1228.177734375,1160.619451,67.247599,120.33017165958881,26.312782429158688,12.986966408789158,917.7058050408959,221.43657684326172,693.7041168212891,104,0,1,0,0,0,0,0,0,0,154.0827522277832,7.589088082313538,53.924193382263184,5.840543150901794,cache_bf16,large_h6_n32_s100,1e64e0e7921a819ac1443fcf6ec7f8529c56962d5aab9160f6d8d87c38a7787f,19.469568252563477,177.04745614528656,0,536.126228928566,0,0,0,0
cora_link,val,45,45,cora_link:val:000045:8e81753da356275e,2,1405.588586,1405.5604248046875,1338.964181,66.298564,166.9971588999033,26.801832020282745,14.361835084855556,1031.2007134780288,274.4040336608887,753.9741821289062,115,0,1,0,0,0,0,0,0,0,197.68355178833008,10.052191972732544,59.37539196014404,7.292897939682007,cache_bf16,large_h6_n32_s100,8e81753da356275e3dd992810b1704821c027df4a262acd050ef1dd2f10c5111,19.315391540527344,196.42447981238365,0,576.8650938570499,0,0,0,0
cora_link,val,46,46,cora_link:val:000046:19ce054c2f58ec33,2,1805.081652,1805.052978515625,1737.462961,67.19531,196.0499258711934,27.74727065116167,20.703177899122238,1379.8625590279698,345.9919319152832,1030.1129150390625,157,0,1,0,0,0,0,0,0,0,243.1761932373047,12.220096230506897,81.64208030700684,8.953562140464783,cache_bf16,large_h6_n32_s100,19ce054c2f58ec33acaa5bb3ee7243f4f01f34e4542f2c57534fa8d7494066bf,19.284799575805664,263.15670454502106,0,786.2410100698471,0,0,0,0
cora_link,val,47,47,cora_link:val:000047:ca0735c39f991c84,2,1241.636534,1241.6087646484375,1173.120799,68.204405,111.57441884279251,25.936073623597622,13.048301450908184,934.1441942378879,234.75088119506836,696.7789764404297,106,0,1,0,0,0,0,0,0,0,165.54582405090332,8.28329598903656,54.69385623931885,6.227904915809631,cache_bf16,large_h6_n32_s100,ca0735c39f991c848da51e44d0c31fc073f2aba4c1f93e223827184f7ee9c621,19.20319938659668,181.66687980294228,0,534.3152960240841,0,0,0,0
cora_link,val,48,48,cora_link:val:000048:ce74410e2f8cfd91,2,1021.92693,1021.9007568359375,952.157936,69.479398,88.37189711630344,26.044005528092384,12.225228361785412,755.7936934754252,185.59439849853516,568.0192337036133,87,0,1,0,0,0,0,0,0,0,129.2121925354004,6.359008073806763,45.11516809463501,4.908029794692993,cache_bf16,large_h6_n32_s100,ce74410e2f8cfd91168f201a5fba99adf3a3690ae6287d0c95e80f5b870a79bd,19.251808166503906,149.6196483373642,0,437.651393532753,0,0,0,0
cora_link,val,49,49,cora_link:val:000049:9997e4d6c6e4f5a5,2,1202.034047,1202.007080078125,1133.305748,68.379425,106.73776175826788,26.00422129034996,12.782490812242031,905.4796248674393,222.11254501342773,680.7942428588867,104,0,1,0,0,0,0,0,0,0,154.55709075927734,7.648864030838013,54.05296039581299,5.85362982749939,cache_bf16,large_h6_n32_s100,9997e4d6c6e4f5a56d61072ad5d792665478a46aeca278516aa2f4e177bd313a,19.212448120117188,177.13363200426102,0,522.8730589747429,0,0,0,0
cora_link,val,50,50,cora_link:val:000050:99b04c2860a8fc1c,2,1356.632705,1356.6046142578125,1288.019579,68.260209,120.60901056975126,25.954704731702805,15.062175691127777,1027.3933671414852,273.184383392334,751.3746566772461,115,0,1,0,0,0,0,0,0,0,196.52698135375977,9.985023975372314,59.38700771331787,7.285370349884033,cache_bf16,large_h6_n32_s100,99b04c2860a8fc1ca3d9b82c0916c07b3e4eb2dbb4844e840a63a3600f3037df,19.203584671020508,194.78179132938385,0,575.7964500188828,0,0,0,0
cora_link,val,51,51,cora_link:val:000051:e4518ad184b1157e,2,1392.902486,1392.8743896484375,1325.926271,66.557886,127.93170008808374,26.029976084828377,15.092223882675171,1058.074425905943,258.62790298461914,796.4917297363281,121,0,1,0,0,0,0,0,0,0,179.92476844787598,9.076735973358154,62.88038444519043,6.74601411819458,cache_bf16,large_h6_n32_s100,e4518ad184b1157e50432634aa4cf0035cf4c87f503b1dfed0a08a5ba06b20b6,19.232864379882812,206.27871969342232,0,609.4458744227886,0,0,0,0
cora_link,val,52,52,cora_link:val:000052:74c3a518c82ef7d3,2,1447.800613,1447.7667236328125,1379.034413,68.370363,134.09133441746235,26.51044074445963,15.390404500067234,1106.8989504128695,272.55279541015625,831.2588043212891,126,0,1,0,0,0,0,0,0,0,190.13945388793945,9.526303887367249,65.73465633392334,7.1523813009262085,cache_bf16,large_h6_n32_s100,74c3a518c82ef7d34d7d0a0f17bf64bd169a5c0362f9e9e02a194fdc0f4e4225,19.460447311401367,213.00176003575325,0,637.7174915969372,0,0,0,0
cora_link,val,53,53,cora_link:val:000053:99bb20731964febc,2,1533.179762,1533.152099609375,1466.072891,66.666545,150.1816138625145,26.038330048322678,17.091266810894012,1166.8208166956902,272.20416259765625,891.3625793457031,134,0,1,0,0,0,0,0,0,0,186.43052673339844,9.223616123199463,69.52329635620117,7.026723384857178,cache_bf16,large_h6_n32_s100,99bb20731964febc6f0ef40f519fe43732dc994fe18dab83c68734989042647f,19.218015670776367,225.72095987200737,0,684.8596351444721,0,0,0,0
cora_link,val,54,54,cora_link:val:000054:4f5321a751092fd2,2,1443.885411,1443.8577880859375,1375.391268,68.17189,134.49986558407545,26.229994371533394,19.21467948704958,1094.1494684666395,277.3239059448242,813.8850708007812,120,0,1,0,0,0,0,0,0,0,197.54271697998047,9.921696066856384,62.56172847747803,7.297764420509338,cache_bf16,large_h6_n32_s100,4f5321a751092fd2d4bedab3985e21b9f37a975142f604891b62d06534613c6c,19.396448135375977,203.23929634690285,0,630.0422225892544,0,0,0,0
cora_link,val,55,55,cora_link:val:000055:78b4169d065f9434,2,1542.91109,1542.8831787109375,1475.273165,67.285174,175.3567261621356,26.84376761317253,16.37491211295128,1152.0441127941012,272.83846282958984,875.9558563232422,134,0,1,0,0,0,0,0,0,0,186.83414459228516,9.288927912712097,69.6584644317627,7.056925892829895,cache_bf16,large_h6_n32_s100,78b4169d065f9434160ffc79e79b361d27020f2b2c4d05630ffae7d1e4282aa8,19.258272171020508,226.9577917456627,0,668.2563367486,0,0,0,0
cora_link,val,56,56,cora_link:val:000056:07e31b9886c209c9,2,1641.3375,1641.3094482421875,1574.3583,66.55564,153.42604275792837,26.826548390090466,17.63912010937929,1273.893617093563,339.79612731933594,930.6604461669922,142,0,1,0,0,0,0,0,0,0,244.20380401611328,12.407423973083496,74.27263927459717,8.912260055541992,cache_bf16,large_h6_n32_s100,07e31b9886c209c9fb9beef0b5a938fa9ba583424d7e6a39a2c16313af564173,19.296768188476562,238.81084841489792,0,711.1463659405708,0,0,0,0
cora_link,val,57,57,cora_link:val:000057:bb3939a3f36beaae,2,1433.169857,1433.1412353515625,1366.261474,66.527723,131.22825231403112,26.126723736524582,15.603682957589626,1089.0946686267853,269.42822647094727,816.6182861328125,125,0,1,0,0,0,0,0,0,0,187.84163284301758,9.265375971794128,65.28880023956299,7.032417416572571,cache_bf16,large_h6_n32_s100,bb3939a3f36beaae341de2293cdd3e4e6d8d608088769146f5f9babefb74bead,19.313247680664062,210.9302400946617,0,625.0012937188148,0,0,0,0
cora_link,val,58,58,cora_link:val:000058:cc25c00900e1af5e,2,1444.960758,1444.9326171875,1378.183477,66.396878,128.70342377573252,26.014151982963085,15.485098585486412,1099.864405579865,270.75654220581055,826.0334167480469,126,0,1,0,0,0,0,0,0,0,188.46051216125488,9.395679950714111,65.81641674041748,7.083933353424072,cache_bf16,large_h6_n32_s100,cc25c00900e1af5ee8533ff1c0e04beca06836388cbce333a000ccd4336eaea2,19.23107147216797,212.8446080684662,0,632.4198801517487,0,0,0,0
cora_link,val,59,59,cora_link:val:000059:21f418d025a46634,2,1499.849225,1499.820068359375,1432.924511,66.524063,138.67229595780373,26.839842088520527,16.05573482811451,1143.6590868979692,281.45330810546875,859.0168914794922,131,0,1,0,0,0,0,0,0,0,195.33565139770508,9.79254412651062,69.01833629608154,7.306776285171509,cache_bf16,large_h6_n32_s100,21f418d025a466349b899c6fefd4dad18c3584c5125fdf82ad78889711ab8351,19.312192916870117,220.90291208028793,0,657.4261723160744,0,0,0,0
cora_link,val,60,60,cora_link:val:000060:00b755dc368b3240,2,1553.623805,1553.5947265625,1486.43329,66.819012,139.1503093764186,26.157623156905174,16.73311460763216,1197.5084720179439,295.22351837158203,898.9677429199219,137,0,1,0,0,0,0,0,0,0,205.70902633666992,10.120352029800415,71.76851272583008,7.625627279281616,cache_bf16,large_h6_n32_s100,00b755dc368b3240fd5e8f2d1313a1d74003a0d62b58886de1834bdb2dfd225d,19.296384811401367,230.52457627654076,0,687.7395514547825,0,0,0,0
cora_link,val,61,61,cora_link:val:000061:180e60cb6aa62100,2,1432.760982,1432.732177734375,1364.149222,68.277895,124.52725600451231,26.12422127276659,15.295024029910564,1105.3755534812808,280.30115509033203,822.0303344726562,125,0,1,0,0,0,0,0,0,0,197.5508804321289,9.9028160572052,65.4970235824585,7.350435018539429,cache_bf16,large_h6_n32_s100,180e60cb6aa621006271e0bd96e70a5f45a6c514f1780d5001f73d4414a39408,19.35091209411621,211.3910399377346,0,629.9902066290379,0,0,0,0
cora_link,val,62,62,cora_link:val:000062:4248d7e9fddf4027,2,1278.413282,1278.3853759765625,1209.437166,68.532987,110.662498511374,26.188169606029987,13.58221098780632,963.6958269402385,246.34527969360352,714.6560592651367,109,0,1,0,0,0,0,0,0,0,173.7003517150879,8.780415892601013,57.37808036804199,6.48643171787262,cache_bf16,large_h6_n32_s100,4248d7e9fddf40275e0fc427fa46e6bb00032dedb56e4d6ebefbc74bb247eaeb,19.329151153564453,187.12892812490463,0,546.8562822937965,0,0,0,0
cora_link,val,63,63,cora_link:val:000063:e9a79ca3b5e76e46,2,1582.054791,1582.0262451171875,1513.163087,68.442348,152.10303105413914,25.96587035804987,17.058738507330418,1212.4659763649106,297.5467834472656,911.5905151367188,137,0,1,0,0,0,0,0,0,0,207.3184928894043,10.458239912986755,72.13568019866943,7.634370446205139,cache_bf16,large_h6_n32_s100,e9a79ca3b5e76e46d96a7a22552b6442a03a13ecda3022daddd39f6347d7e3d9,19.23686408996582,230.47558349370956,0,700.351795732975,0,0,0,0
cora_link,val,64,64,cora_link:val:000064:2c66ba8673993d3f,2,1290.410252,1290.383056640625,1223.566311,66.512605,130.3862975910306,26.11666824668646,13.344417326152325,960.3632846847177,244.64086532592773,713.0299224853516,109,0,1,0,0,0,0,0,0,0,172.74332809448242,8.577184081077576,56.87843132019043,6.441921830177307,cache_bf16,large_h6_n32_s100,2c66ba8673993d3f3b3d1223639ac74c3554eb63194d336f234f97f1971d9588,19.295135498046875,185.0124479830265,0,547.3126100003719,0,0,0,0
cora_link,val,65,65,cora_link:val:000065:c06f28321b3d287d,2,1390.027475,1389.999755859375,1323.197388,66.493828,124.55742806196213,26.03224106132984,14.593999832868576,1059.7630878910422,263.3081855773926,793.5774078369141,117,0,1,0,0,0,0,0,0,0,185.50748825073242,9.35977590084076,61.54256057739258,6.898360848426819,cache_bf16,large_h6_n32_s100,c06f28321b3d287dc3f9a7007e76a493edf5e641b9f5a3edca4513b3ad0c57c0,19.27872085571289,200.8126082122326,0,612.0435204803944,0,0,0,0
cora_link,val,66,66,cora_link:val:000066:e7c55b0e8e5bfbc8,2,1636.569717,1636.5400390625,1567.761326,68.382131,177.7064437046647,26.78617276251316,17.28521566838026,1245.824871584773,334.5674591064453,907.8833465576172,139,0,1,0,0,0,0,0,0,0,240.48748397827148,12.243167996406555,73.07961654663086,8.757190585136414,cache_bf16,large_h6_n32_s100,e7c55b0e8e5bfbc80602007c4f8bc690d7fc805ce40e677637c547d31c92576b,19.280832290649414,234.21449622511864,0,692.949682623148,0,0,0,0
cora_link,val,67,67,cora_link:val:000067:69b79c0bd6739fa8,2,1253.002645,1252.97314453125,1186.211724,66.460488,113.26081305742264,26.023326441645622,13.086178340017796,952.7839291840792,260.1708450317383,690.0248718261719,105,0,1,0,0,0,0,0,0,0,188.18188858032227,9.588288068771362,55.47657585144043,6.924092531204224,cache_bf16,large_h6_n32_s100,69b79c0bd6739fa88d087abff52cb42ff255c0699306c5363c776bd70a9f7772,19.228960037231445,178.92073613405228,0,530.333095729351,0,0,0,0
cora_link,val,68,68,cora_link:val:000068:67f9bb3075d55151,2,2029.043293,2029.0133056640625,1961.196976,67.373955,412.5195490196347,27.46130246669054,19.325089640915394,1386.6458088159561,357.4741439819336,1025.4005737304688,156,0,1,0,0,0,0,0,0,0,253.29107284545898,13.050015926361084,81.83590412139893,9.2971510887146,cache_bf16,large_h6_n32_s100,67f9bb3075d551516558177f84f5725a7fa37779c226c7f40b06fa8855b948d3,19.451040267944336,261.7659521698952,0,783.0856618285179,0,0,0,0
cora_link,val,69,69,cora_link:val:000069:be1a4d1d56c2dd01,2,1372.016644,1371.9879150390625,1304.341916,67.297937,123.80193918943405,26.508775539696217,14.707151800394058,1046.8071745708585,275.1389465332031,768.7670440673828,118,0,1,0,0,0,0,0,0,0,195.99263381958008,9.92630398273468,61.96102428436279,7.258984446525574,cache_bf16,large_h6_n32_s100,be1a4d1d56c2dd0182bf6a0ae76e72617633c70cef963f646fbb7e857542cf23,19.72528076171875,199.89539191126823,0,588.5969329178333,0,0,0,0
cora_link,val,70,70,cora_link:val:000070:7494de7fb5d2c86c,2,1359.246667,1359.2178955078125,1292.667889,66.238226,119.8447598144412,26.13694779574871,14.593570493161678,1033.3907790482044,262.47826766967773,768.0463638305664,117,0,1,0,0,0,0,0,0,0,184.72288131713867,9.301024079322815,61.54848003387451,6.905882239341736,cache_bf16,large_h6_n32_s100,7494de7fb5d2c86c021c295647016deac09f879ddb80ad15b1ffeaf925f47b16,19.301631927490234,198.39670419692993,0,588.9512915611267,0,0,0,0
cora_link,val,71,71,cora_link:val:000071:804d97dc6eba92a0,2,1201.488124,1201.4598388671875,1133.954488,67.217239,110.53190845996141,26.023794896900654,12.755244970321655,903.4370426088572,223.0184326171875,677.8555755615234,104,0,1,0,0,0,0,0,0,0,155.34288024902344,7.641599893569946,54.18003273010254,5.853919744491577,cache_bf16,large_h6_n32_s100,804d97dc6eba92a07059f4fbdc29f9a8135ed7f73e4dd1a85404ddab664b51c2,19.205535888671875,177.04480016231537,0,520.01631128788,0,0,0,0
cora_link,val,72,72,cora_link:val:000072:01a00f69b8c197c4,2,151.975847,151.9510040283203,85.477783,66.281694,2.9383786022663116,35.779520869255066,0.6651580333709717,38.118199445307255,6.354112029075623,31.448383808135986,4,0,1,0,0,0,0,0,0,0,3.8336960673332214,0.1617600005120039,2.124160021543503,0.23449593968689442,cache_bf16,large_h6_n32_s100,01a00f69b8c197c457a36f24d17963982f182e2d7844e78f8b200611c3b29ab8,29.067007064819336,15.595007985830307,0,44.920382887125015,0,0,0,0
cora_link,val,73,73,cora_link:val:000073:d51f2cbea514828c,2,1358.215515,1358.1859130859375,1291.459782,66.423933,118.65422502160072,26.00139006972313,15.925589948892593,1031.5940519794822,261.9081573486328,766.8133926391602,117,0,1,0,0,0,0,0,0,0,184.27552032470703,9.242271900177002,61.490464210510254,6.899900913238525,cache_bf16,large_h6_n32_s100,d51f2cbea514828c645b8cd11b5195994f6f868fd44051a8fd0a0e27cf3fd0a4,19.258623123168945,198.4653760790825,0,587.6066396832466,0,0,0,0
cora_link,val,74,74,cora_link:val:000074:23e5299f59ea1c04,2,1784.83713,1784.8077392578125,1715.804511,68.563157,167.1677678823471,26.22237801551819,19.404237158596516,1385.3193493559957,362.3484764099121,1019.2125701904297,156,0,1,0,0,0,0,0,0,0,258.10412979125977,12.948480129241943,81.98246479034424,9.313401699066162,cache_bf16,large_h6_n32_s100,23e5299f59ea1c046f290053b9d7ac129483f98af963ed169c9e7afa48ae7687,19.3439998626709,261.55376052856445,0,777.0028095245361,0,0,0,0
cora_link,val,75,75,cora_link:val:000075:21bdf6481ba7b6ca,2,1466.011939,1465.9830322265625,1397.022404,68.470008,130.28154242783785,26.00337192416191,15.575284138321877,1121.4498989284039,297.04166412353516,821.3506011962891,125,0,1,0,0,0,0,0,0,0,212.61014556884766,10.876863956451416,65.75660800933838,7.798046588897705,cache_bf16,large_h6_n32_s100,21bdf6481ba7b6caa5cebb8e6e5a6f19538d0a95dab9550412f220f1c73dfcf6,19.21980857849121,211.33513659238815,0,629.2352731823921,0,0,0,0
cora_link,val,76,76,cora_link:val:000076:6e379b07edefacb6,2,1401.022946,1400.99365234375,1334.15214,66.487371,131.1011342331767,26.089956052601337,15.09804930537939,1064.3336744979024,257.82313537597656,803.5355529785156,121,0,1,0,0,0,0,0,0,0,179.15689659118652,9.0142080783844,62.905760765075684,6.746269941329956,cache_bf16,large_h6_n32_s100,6e379b07edefacb6306d08761e2329ef732331742663703760a6f27bf9ca07fa,19.302400588989258,204.96236753463745,0,617.8755860328674,0,0,0,0
cora_link,val,77,77,cora_link:val:000077:174778754f52d474,2,947.21315,947.1861572265625,880.617142,66.295474,88.6975908651948,26.13883465528488,9.562935680150986,692.9221814498305,187.92828750610352,503.0529251098633,76,0,1,0,0,0,0,0,0,0,136.580961227417,6.876543998718262,39.35203170776367,5.11875057220459,cache_bf16,large_h6_n32_s100,174778754f52d4749c483dbb170edc8e1d75b410f5044b57a82301510dcfffc8,19.36444854736328,131.7478718161583,0,390.66950184106827,0,0,0,0
cora_link,val,78,78,cora_link:val:000078:8e1f5ff2384b6299,2,1310.944388,1310.9163818359375,1242.232036,68.345493,127.1427534520626,26.093611493706703,13.967975974082947,984.4484459608793,242.9258270263672,738.7693710327148,112,0,1,0,0,0,0,0,0,0,169.629056930542,8.471264004707336,58.458335876464844,6.367170214653015,cache_bf16,large_h6_n32_s100,8e1f5ff2384b6299a808f74848f6cda2ec30ff79476242af1100e1e03fadd469,19.254655838012695,191.95043194293976,0,566.0735949277878,0,0,0,0
cora_link,val,79,79,cora_link:val:000079:b31ae9e8672d99d3,2,1411.237518,1411.2091064453125,1344.486517,66.413117,132.2714388370514,26.044990867376328,15.213824808597565,1073.1925098225474,261.92607498168945,808.2788391113281,122,0,1,0,0,0,0,0,0,0,182.742338180542,9.082592010498047,63.24620819091797,6.854936599731445,cache_bf16,large_h6_n32_s100,b31ae9e8672d99d3c4abc278a34cb64a3ae6b8671490737ac65bc392888ad281,19.284095764160156,206.48348811268806,0,621.0794467628002,0,0,0,0
cora_link,val,80,80,cora_link:val:000080:7f359707f1ed22da,2,955.576699,955.5494384765625,888.976644,66.331014,98.18068146705627,26.697587221860886,9.523619897663593,691.3377940654755,188.1764144897461,501.22882080078125,76,0,1,0,0,0,0,0,0,0,136.79894256591797,6.892639875411987,39.36790418624878,5.116927862167358,cache_bf16,large_h6_n32_s100,7f359707f1ed22da8faab892c9f0c4e550944bae7d2edc3e3a20aeba4230bf60,19.25948715209961,132.0034881234169,0,388.48481982946396,0,0,0,0
cora_link,val,81,81,cora_link:val:000081:5ad2fd21fa8b652a,2,1541.03033,1541.0008544921875,1472.504024,68.193522,169.5858519524336,26.75097994506359,16.15685038268566,1159.795481711626,312.19958114624023,844.4497375488281,129,0,1,0,0,0,0,0,0,0,224.97135543823242,11.58182418346405,67.3919677734375,8.254433751106262,cache_bf16,large_h6_n32_s100,5ad2fd21fa8b652a2049a86f654a3e93378d805fc49cae2c8eeb775b131d65c5,19.281951904296875,217.8841279745102,0,645.8475614786148,0,0,0,0
cora_link,val,82,82,cora_link:val:000082:fd7f45bfb7e73442,2,1683.747855,1683.7183837890625,1615.158609,68.20153,168.84911712259054,27.064155787229538,18.162819556891918,1286.507117561996,330.8484191894531,952.1342468261719,146,0,1,0,0,0,0,0,0,0,233.67917251586914,11.938111901283264,76.62294483184814,8.608189940452576,cache_bf16,large_h6_n32_s100,fd7f45bfb7e73442826b14a3a81426866b4db698503383acbc493b42430b543a,19.491519927978516,245.23299232125282,0,726.3927744328976,0,0,0,0
cora_link,val,83,83,cora_link:val:000083:e44b2e90a9c51d7c,2,1484.363798,1484.3348388671875,1417.693602,66.341026,136.28892973065376,26.041417382657528,15.867074020206928,1147.1183337271214,297.45958709716797,846.4966125488281,130,0,1,0,0,0,0,0,0,0,211.37795639038086,10.726463913917542,67.54287815093994,7.8122886419296265,cache_bf16,large_h6_n32_s100,e44b2e90a9c51d7c3c35622e72b9a21b0efe7cf5ae800ea7056cd060bc77d86b,19.324031829833984,220.83216020464897,0,644.9884841740131,0,0,0,0
cora_link,val,84,84,cora_link:val:000084:f1d9432decd47702,2,1619.794438,1619.765380859375,1551.189578,68.258819,142.9552286863327,26.05751622468233,17.157351598143578,1253.725036047399,346.99468994140625,903.3850250244141,138,0,1,0,0,0,0,0,0,0,252.43564987182617,12.942239761352539,72.56572914123535,9.051071166992188,cache_bf16,large_h6_n32_s100,f1d9432decd4770232963f43964482d5bb9e9d8b8c6cf0ad13f69125fa1ba7dd,19.267744064331055,232.54752027988434,0,690.1052488088608,0,0,0,0
cora_link,val,85,85,cora_link:val:000085:53e8473ba934884e,2,1682.638954,1682.609619140625,1613.267709,68.918945,152.69617829471827,26.970939710736275,17.870793119072914,1298.8972188904881,337.55369567871094,957.8121032714844,146,0,1,0,0,0,0,0,0,0,239.8465919494629,12.21119999885559,76.73772716522217,8.758176565170288,cache_bf16,large_h6_n32_s100,53e8473ba934884e0887f2ba95ba400bf9bec4d77cf74955ee274d647543a372,19.37398338317871,245.45648005604744,0,731.7296065986156,0,0,0,0
cora_link,val,86,86,cora_link:val:000086:cf8c6d684a64eeda,2,1146.937671,1146.9100341796875,1080.314289,66.315342,101.5836838632822,26.131235994398594,11.726701632142067,862.9391025751829,244.76649856567383,615.8262786865234,94,0,1,0,0,0,0,0,0,0,180.50175857543945,9.2254079580307,48.40396785736084,6.6353641748428345,cache_bf16,large_h6_n32_s100,cf8c6d684a64eedafbc9b42ca68fa90eeae373c5ac18f15c95110b42f5a244ef,19.37468719482422,161.0815999507904,0,474.11936593055725,0,0,0,0
cora_link,val,87,87,cora_link:val:000087:c6bd8e7cebeade5f,2,1592.795402,1592.76513671875,1524.963465,67.406539,149.4481209665537,26.022853329777718,17.049478366971016,1223.8792814314365,323.5926704406738,896.9612579345703,137,0,1,0,0,0,0,0,0,0,231.0429458618164,11.838688254356384,72.15673542022705,8.554300904273987,cache_bf16,large_h6_n32_s100,c6bd8e7cebeade5f47abd14366633bb1cf69e653fbe814fc89723b74ae0b3b36,19.26995277404785,230.79424005746841,0,685.4369706511497,0,0,0,0
cora_link,val,88,88,cora_link:val:000088:0d48200e9b1f3f3d,2,1525.641718,1525.61279296875,1456.158226,69.106795,141.05420652776957,26.05117578059435,16.019800677895546,1170.675146393478,306.9095344543457,860.5801086425781,131,0,1,0,0,0,0,0,0,0,218.77673721313477,11.144800066947937,68.9626235961914,8.025373578071594,cache_bf16,large_h6_n32_s100,0d48200e9b1f3f3dcfc330cd785967b078be3ad1a286bcdb7fc01f60f2606226,19.286495208740234,221.09679985046387,0,658.7698040008545,0,0,0,0
cora_link,val,89,89,cora_link:val:000089:e135e8bdc2ae5355,2,1483.661537,1483.6328125,1415.042249,68.266956,133.97983461618423,26.057980954647064,15.94419963657856,1145.5498291179538,309.9909782409668,832.4398040771484,128,0,1,0,0,0,0,0,0,0,223.5314598083496,11.570623993873596,66.70975875854492,8.17913568019867,cache_bf16,large_h6_n32_s100,e135e8bdc2ae5355e65c913f904a6b1c092e152ec90f2c8bf62df9e24b683562,19.287391662597656,215.9900161921978,0,635.7371795475483,0,0,0,0
cora_link,val,90,90,cora_link:val:000090:ebd242537a202816,2,1308.560685,1308.531494140625,1240.137765,68.077587,113.68393152952194,26.07263345271349,13.873672112822533,991.6802300140262,248.74825286865234,740.1557693481445,113,0,1,0,0,0,0,0,0,0,174.83110427856445,8.717471957206726,58.63683032989502,6.562846302986145,cache_bf16,large_h6_n32_s100,ebd242537a2028165edb083fbe81f037cdbf9812ef87d2495eb3586a5a9a36ee,19.280288696289062,191.7443202137947,0,567.6917378306389,0,0,0,0
cora_link,val,91,91,cora_link:val:000091:f558e519d1940289,2,1550.195125,1550.1656494140625,1481.122466,68.609518,140.29987156391144,26.268635876476765,16.503849998116493,1192.705512046814,303.76885986328125,885.6522216796875,135,0,1,0,0,0,0,0,0,0,214.22035598754883,10.971743822097778,70.55136108398438,8.025398969650269,cache_bf16,large_h6_n32_s100,f558e519d1940289e9ecf4719746f0617fd583d65914b241ebe12a8cd0a81236,19.296703338623047,227.55289614200592,0,677.3960288763046,0,0,0,0
cora_link,val,92,92,cora_link:val:000092:e5df4d02d0e7b380,2,1462.619939,1462.589599609375,1395.002931,67.216991,135.190574452281,26.245242916047573,15.410786494612694,1127.699396573007,293.3661422729492,831.2481994628906,126,0,1,0,0,0,0,0,0,0,208.8856964111328,10.648800015449524,66.10985565185547,7.721790194511414,cache_bf16,large_h6_n32_s100,e5df4d02d0e7b380179b6966802525cfd72eb9a4a9a8ef28cfae11b431d047b6,19.31167984008789,213.10547211766243,0,637.4544071853161,0,0,0,0
cora_link,val,93,93,cora_link:val:000093:f735369324c31e69,2,1683.951944,1683.921875,1617.083031,66.480098,153.05945929139853,26.151983067393303,17.717008478939533,1328.1786805018783,360.81529235839844,963.8628540039062,145,0,1,0,0,0,0,0,0,0,261.91565322875977,13.199999809265137,76.11420917510986,9.585430145263672,cache_bf16,large_h6_n32_s100,f735369324c31e693a850ab7ba020b89daa490b49f893f572391f34fa519cb88,19.389984130859375,243.84505632519722,0,739.4077818095684,0,0,0,0
cora_link,val,94,94,cora_link:val:000094:9593ceb59f0fcf1e,2,1339.194875,1339.1658935546875,1270.471902,68.363279,124.48227498680353,26.10055636614561,13.948796316981316,1026.2860199436545,273.1358413696289,750.343620300293,114,0,1,0,0,0,0,0,0,0,196.77926635742188,10.014463901519775,59.05948829650879,7.282622814178467,cache_bf16,large_h6_n32_s100,9593ceb59f0fcf1ec9fe9bdb0545d895b3f52d3330b5641998b1e360a9791da1,19.288864135742188,193.42694434523582,0,576.2055400907993,0,0,0,0
cora_link,val,95,95,cora_link:val:000095:f00843a8acab5da3,2,1529.192301,1529.1630859375,1459.425917,69.379591,146.36686444282532,26.32298320531845,16.017957590520382,1193.8848132267594,314.3775062561035,876.3153076171875,131,0,1,0,0,0,0,0,0,0,225.62649154663086,11.550912141799927,69.05977535247803,8.140327215194702,cache_bf16,large_h6_n32_s100,f00843a8acab5da3e805f0694b07b80959cfd68542ed31348195524e1fcc3ebb,19.324928283691406,221.12979137897491,0,674.510444521904,0,0,0,0
cora_link,val,96,96,cora_link:val:000096:2ef8f94e1511e956,2,145.445388,145.42127990722656,79.037029,66.178487,3.3674510195851326,26.129641570150852,0.6728619337081909,38.579306565225124,6.3895039558410645,31.881376266479492,4,0,1,0,0,0,0,0,0,0,3.8785279989242554,0.16275200061500072,2.113504022359848,0.23471993394196033,cache_bf16,large_h6_n32_s100,2ef8f94e1511e9560566504efa7f3478c8055e4fdde9ba820071ccf7a58b2bf4,19.360607147216797,15.554975926876068,0,35.68700748682022,0,0,0,0
cora_link,val,97,97,cora_link:val:000097:2bebad65143879eb,2,1500.73204,1500.7022705078125,1432.131175,68.26392,167.27067530155182,26.440341025590897,15.935978852212429,1143.1515123695135,307.5959053039551,832.4286346435547,128,0,1,0,0,0,0,0,0,0,221.56892776489258,11.415903925895691,66.45337581634521,8.157697796821594,cache_bf16,large_h6_n32_s100,2bebad65143879ebaf1c5996f266e59ab5dc245fbdb536098e14d0ecf407e384,19.321407318115234,216.15795198082924,0,635.5920899808407,0,0,0,0
cora_link,val,98,98,cora_link:val:000098:ce9b1af93608dee4,2,1522.199223,1522.170166015625,1455.228798,66.564122,151.4220731332898,26.80437173694372,16.254120506346226,1166.9075721874833,292.2581100463867,871.4112854003906,133,0,1,0,0,0,0,0,0,0,204.00799942016602,10.377312183380127,70.32159900665283,7.551199436187744,cache_bf16,large_h6_n32_s100,ce9b1af93608dee4182257df99e501dcc4e4ef9bc9034aab3b3e5fb473bce3d1,19.27609634399414,224.4160640835762,0,666.2713176608086,0,0,0,0
cora_link,val,99,99,cora_link:val:000099:2450ed437ff94702,2,1557.48566,1557.4561767578125,1488.526337,68.516497,144.98993568122387,26.020128279924393,16.6301429271698,1208.4570452570915,318.2895698547363,886.8676452636719,136,0,1,0,0,0,0,0,0,0,227.83622360229492,11.554911971092224,70.71907234191895,8.179361939430237,cache_bf16,large_h6_n32_s100,2450ed437ff947028c2c2834f4c40c0a89c50b42fb291ba6ccfd962e0e7c0ac0,19.279104232788086,229.1572803258896,0,676.9894691705704,0,0,0,0
cora_link,test,100,0,cora_link:test:000000:a92a49577d9aaaf9,2,1951.210203,1951.128173828125,1881.582967,69.05677,390.8989317715168,31.18887823075056,17.428787425160408,1320.6439651548862,310.079647064209,1006.8645477294922,139,0,1,0,0,0,0,0,0,0,217.73833465576172,10.93174397945404,73.06691074371338,8.342657685279846,cache_bf16,large_h6_n32_s100,a92a49577d9aaaf95325fcc562b287774d230a1f7b54dbc314a6d5f0755e6cb4,20.313983917236328,234.6008324623108,0,792.5776991844177,0,0,0,0
cora_link,test,101,1,cora_link:test:000001:47761966a95f3eb6,2,1632.223033,1632.19384765625,1563.479842,68.362885,185.5654390528798,28.073973022401333,17.135795205831528,1226.0290952399373,305.3517761230469,917.2870635986328,140,0,1,0,0,0,0,0,0,0,213.2951316833496,10.76857578754425,73.24742317199707,8.040645480155945,cache_bf16,large_h6_n32_s100,47761966a95f3eb62cbe0fba0d2d11c16a3ab6581015304ae9c32ecdc9d2b046,19.35990333557129,235.7994881272316,0,700.8474788069725,0,0,0,0
cora_link,test,102,2,cora_link:test:000002:248adbffa3013319,2,1661.723934,1661.6939697265625,1594.540357,66.765252,423.5359001904726,27.546454221010208,14.394530095160007,1028.7644565105438,260.9837417602539,764.9060516357422,116,0,1,0,0,0,0,0,0,0,184.79382514953613,9.336448073387146,59.964863777160645,6.888604760169983,cache_bf16,large_h6_n32_s100,248adbffa30133190208abb5aaef4e46c669cd48341ea54f59ea642c7d0af321,19.602783203125,197.14867189526558,0,587.3601629436016,0,0,0,0
cora_link,test,103,3,cora_link:test:000003:733f9ec4809d19f5,2,1424.438403,1424.4095458984375,1357.651956,66.443689,133.49284883588552,26.214011944830418,14.99639730900526,1081.6638600081205,279.112060546875,799.5649719238281,122,0,1,0,0,0,0,0,0,0,198.93206787109375,9.900607943534851,62.87263870239258,7.406746029853821,cache_bf16,large_h6_n32_s100,733f9ec4809d19f5681aaaad9301c87204e8a819ff44f4b4ace559f1631f941b,19.346080780029297,206.3440326154232,0,612.5670200884342,0,0,0,0
cora_link,test,104,4,cora_link:test:000004:38570c1b93d605c5,2,1507.134285,1507.10546875,1438.440556,68.330529,137.67832797020674,26.089021004736423,16.037287190556526,1154.048222117126,292.8712959289551,857.9927520751953,131,0,1,0,0,0,0,0,0,0,205.89184188842773,10.381919980049133,68.96758270263672,7.629951357841492,cache_bf16,large_h6_n32_s100,38570c1b93d605c599078d8cc2737659926fc60e7ad65141703083a1b65caf0b,19.31270408630371,221.15552005171776,0,656.1499361097813,0,0,0,0
cora_link,test,105,5,cora_link:test:000005:595c0c9fc1ff6618,2,1378.94801,1378.918701171875,1310.989172,67.55039,120.31472194939852,26.139413937926292,14.624693430960178,1061.2219758331776,291.4101142883301,766.927619934082,117,0,1,0,0,0,0,0,0,0,211.3065299987793,10.755552053451538,61.60432052612305,7.743711709976196,cache_bf16,large_h6_n32_s100,595c0c9fc1ff6618ebb5a8f51b6466afc6c85a0c7a445a132efc20f10f865f57,19.379487991333008,198.57708793878555,0,587.7300199866295,0,0,0,0
cora_link,test,106,6,cora_link:test:000006:31831ee8abbeea66,2,1468.683148,1468.653564453125,1399.833226,68.431476,137.37587723881006,26.094350963830948,15.746288932859898,1118.3179495856166,278.10348892211914,837.0964202880859,128,0,1,0,0,0,0,0,0,0,194.51411056518555,9.811231970787048,66.51820755004883,7.259938836097717,cache_bf16,large_h6_n32_s100,31831ee8abbeea66cd0c7b1800211799e2834e0c0c923608d8bf9ca65eee4cd1,19.291616439819336,215.97862443327904,0,640.4094122946262,0,0,0,0
cora_link,test,107,7,cora_link:test:000007:f9f2e5b62d2ac8de,2,1392.302975,1392.2740478515625,1323.762948,68.183425,133.32821056246758,26.04923862963915,15.427240170538425,1056.0974664986134,260.1753921508789,792.955078125,121,0,1,0,0,0,0,0,0,0,181.5338897705078,9.027040004730225,62.80342483520508,6.811037540435791,cache_bf16,large_h6_n32_s100,f9f2e5b62d2ac8ded6e6797e2ed90689e5eeb9d491a0f1d297032aa5fea072d7,19.285215377807617,205.05814391374588,0,607.1821495890617,0,0,0,0
cora_link,test,108,8,cora_link:test:000008:c79461d98b773e5c,2,1355.751073,1355.72265625,1287.165238,68.224042,126.73929799348116,26.06852352619171,14.258364215493202,1026.3692010194063,259.9206428527832,763.6007385253906,116,0,1,0,0,0,0,0,0,0,184.01728057861328,9.230463981628418,59.780640602111816,6.8922576904296875,cache_bf16,large_h6_n32_s100,c79461d98b773e5c9ff91d981a1cec73c273981819e850b00eff1d3b65ec8600,19.278528213500977,196.96352007985115,0,585.9157466590405,0,0,0,0
cora_link,test,109,9,cora_link:test:000009:d2ee76e5e84eec35,2,184.900949,184.8765411376953,118.433196,66.242843,6.430341862142086,37.46515978127718,1.0551083832979202,63.95896431058645,12.40441608428955,51.194560050964355,7,0,1,0,0,0,0,0,0,0,8.350656032562256,0.399679996073246,3.2560320496559143,0.3980480059981346,cache_bf16,large_h6_n32_s100,d2ee76e5e84eec3564f795fcd6b2f7254c94efd70155a704ad0925a4965c92ab,30.76710319519043,20.4344000518322,0,61.527263194322586,0,0,0,0
cora_link,test,110,10,cora_link:test:000010:8d14e1da56065451,2,1759.534456,1759.5040283203125,1690.259192,68.748599,162.66857646405697,26.047999039292336,18.72100029140711,1361.0730040818453,351.2481269836426,1006.1504364013672,153,0,1,0,0,0,0,0,0,0,248.94118881225586,12.615072011947632,80.56764793395996,9.124218225479126,cache_bf16,large_h6_n32_s100,8d14e1da5606545155fe5956d5cb8329e8cfde8193f8888f4dd0928477723548,19.250112533569336,257.1823682785034,0,768.2181806564331,0,0,0,0
cora_link,test,111,11,cora_link:test:000011:fad03a0158e504b3,2,1752.85848,1752.8226318359375,1685.849318,66.629442,162.83412743359804,26.126251555979252,19.10996064543724,1356.5705949440598,350.91600036621094,1001.9688110351562,153,0,1,0,0,0,0,0,0,0,248.7482566833496,12.596192121505737,80.45935916900635,9.112192392349243,cache_bf16,large_h6_n32_s100,fad03a0158e504b32650d140461ea86cb962b0822bff8f4520831a83cd1248e4,19.31065559387207,256.85846397280693,0,764.4210026562214,0,0,0,0
cora_link,test,112,12,cora_link:test:000012:aca91543227984e3,2,921.070179,921.0441284179688,852.600987,68.178167,83.34973361343145,26.110711507499218,9.450843557715416,667.7528712898493,165.6598720550537,500.15773010253906,76,0,1,0,0,0,0,0,0,0,116.21395301818848,5.714144051074982,39.32249641418457,4.409278571605682,cache_bf16,large_h6_n32_s100,aca91543227984e385271d7b6624f3488a279bb046c26f2b6068426fcddd5418,19.329504013061523,131.98524764180183,0,387.50198647379875,0,0,0,0
cora_link,test,113,13,cora_link:test:000013:c6319e2e394c55b4,2,1457.871264,1457.8416748046875,1390.622624,66.889554,132.07519985735416,26.06611419469118,15.831951051950455,1122.9010736569762,286.7646064758301,833.0319976806641,127,0,1,0,0,0,0,0,0,0,202.7486686706543,10.22652816772461,66.23244667053223,7.556962966918945,cache_bf16,large_h6_n32_s100,c6319e2e394c55b41806cfecd8da702ae32db387f3cb5a4f8f8eef4694f73a95,19.287904739379883,214.8825277686119,0,637.437374651432,0,0,0,0
cora_link,test,114,14,cora_link:test:000014:7bf3e2dde2798014,2,942.198488,942.1718139648438,873.587605,68.298265,84.02329962700605,26.169409975409508,10.069429874420166,686.0086061060429,160.46323204040527,523.5117111206055,80,0,1,0,0,0,0,0,0,0,110.03968048095703,5.338047981262207,40.86496019363403,4.220543384552002,cache_bf16,large_h6_n32_s100,7bf3e2dde2798014ceb5d40da68647c5153090960f695abd29526791495aae0b,19.317344665527344,138.44950392842293,0,404.3795518577099,0,0,0,0
cora_link,test,115,15,cora_link:test:000015:987bc8c1450d4de6,2,1587.483586,1587.454345703125,1520.510189,66.595925,145.43726667761803,26.19403414428234,16.905932687222958,1221.6052999719977,311.4618911743164,906.7999267578125,138,0,1,0,0,0,0,0,0,0,219.53423690795898,11.183104038238525,72.64521598815918,8.099334239959717,cache_bf16,large_h6_n32_s100,987bc8c1450d4de64eef125a17107f6448f2d1b5185316d809ae6a6c0f0195e1,19.340192794799805,232.73081561923027,0,693.409303933382,0,0,0,0
cora_link,test,116,16,cora_link:test:000016:5b221701d91b2a5f,2,1391.88036,1391.8516845703125,1323.220556,68.306834,128.62335052341223,26.057640090584755,15.275804325938225,1057.484382763505,252.81520080566406,801.6788635253906,122,0,1,0,0,0,0,0,0,0,174.44291305541992,8.64790403842926,63.15046501159668,6.573918700218201,cache_bf16,large_h6_n32_s100,5b221701d91b2a5f8038b3865bbb9fcedfa54c0a8fded06e49662e9b7d10eeca,19.279743194580078,206.59100803732872,0,614.367598682642,0,0,0,0
cora_link,test,117,17,cora_link:test:000017:d481cb116e8ae8b8,2,1590.596116,1590.5673828125,1521.75236,68.416196,143.61269399523735,26.15358028560877,17.13316235691309,1230.5915793403983,308.21606063842773,918.9831848144531,140,0,1,0,0,0,0,0,0,0,215.73517227172852,10.917664051055908,73.50899124145508,8.054233074188232,cache_bf16,large_h6_n32_s100,d481cb116e8ae8b85fd7c852582357b1bd5b2f42c37be8d533de0caed2e3600d,19.331008911132812,236.00457605719566,0,702.3096176683903,0,0,0,0
cora_link,test,118,18,cora_link:test:000018:48808d259fed35be,2,1439.385802,1439.3570556640625,1370.728608,68.294269,129.6045808121562,26.156763546168804,15.558898448944092,1099.5227610692382,266.3688659667969,830.0560302734375,127,0,1,0,0,0,0,0,0,0,184.0760955810547,9.188543915748596,66.15110397338867,6.953122496604919,cache_bf16,large_h6_n32_s100,48808d259fed35be2922a2257ced6e69b7f3efdea3984cd9e3e45a0b1fcaac34,19.35487937927246,214.73142406344414,0,634.6794855892658,0,0,0,0
cora_link,test,119,19,cora_link:test:000019:12f4d9e1dc287b85,2,1462.95795,1462.9288330078125,1394.173717,68.40459,129.28290013223886,25.989705696702003,15.496187843382359,1121.8896498903632,302.8054428100586,816.0462341308594,124,0,1,0,0,0,0,0,0,0,218.17414474487305,11.260511994361877,65.3712968826294,7.999489188194275,cache_bf16,large_h6_n32_s100,12f4d9e1dc287b85cf1cb6e0b0a5d7b49bdd9bfc17e5c97e854d6b893dd93fd7,19.186527252197266,210.05542385578156,0,625.1773375272751,0,0,0,0
cora_link,test,120,20,cora_link:test:000020:a41d96c929bbaea4,2,1533.17902,1533.149658203125,1466.126185,66.683582,136.566330678761,26.14872343838215,16.405259259045124,1179.3893743306398,294.5695991516113,881.5525665283203,134,0,1,0,0,0,0,0,0,0,206.53155517578125,10.445216059684753,69.9175033569336,7.675324559211731,cache_bf16,large_h6_n32_s100,a41d96c929bbaea468aaad7fdcd5d180accbcd9f4277b2d1ca7740cdd52be7cd,19.309600830078125,226.32224017381668,0,674.5399271845818,0,0,0,0
cora_link,test,121,21,cora_link:test:000021:021cc6c6d71b868e,2,1366.721166,1366.6923828125,1298.026839,68.342472,130.12915942817926,26.135181076824665,14.269636943936348,1028.6988290026784,261.07657623291016,764.7747802734375,116,0,1,0,0,0,0,0,0,0,184.92684745788574,9.285343885421753,59.97001552581787,6.89436936378479,cache_bf16,large_h6_n32_s100,021cc6c6d71b868ee32b5ec18999125272fe8f3b8e770b9b2ade266358591a09,19.29523277282715,197.0904639661312,0,586.9795490801334,0,0,0,0
cora_link,test,122,22,cora_link:test:000022:7ebf8fd29faab399,2,1267.282592,1267.2540283203125,1199.648672,67.312461,117.20698326826096,26.16457361727953,13.77849280834198,959.0850509703159,237.08835220336914,719.293098449707,110,0,1,0,0,0,0,0,0,0,165.333345413208,8.116384029388428,57.37600040435791,6.262622356414795,cache_bf16,large_h6_n32_s100,7ebf8fd29faab399aae704e7cf9151ceb11e4f315cbbea54d10385c82d339425,19.361791610717773,187.1192316710949,0,551.5356583893299,0,0,0,0
cora_link,test,123,23,cora_link:test:000023:3362a73a111bacec,2,430.785321,430.7591857910156,362.620296,67.916097,41.88990965485573,26.083420030772686,3.7456899881362915,263.07584159076214,68.55519962310791,193.64818954467773,29,0,1,0,0,0,0,0,0,0,48.831777572631836,2.4416639506816864,15.396511793136597,1.8852463066577911,cache_bf16,large_h6_n32_s100,3362a73a111bacec5618dfa5720e7a98689f6b00361568e5bab3750d7a69ddeb,19.328832626342773,55.90665605664253,0,157.07036611437798,0,0,0,0
cora_link,test,124,24,cora_link:test:000024:85adf0fcce383d9c,2,1418.703749,1418.6749267578125,1349.988303,68.337889,122.71278910338879,26.051565073430538,14.722700230777264,1089.950568974018,314.16230392456055,772.8963317871094,118,0,1,0,0,0,0,0,0,0,231.98015975952148,11.940575957298279,61.87590408325195,8.36566412448883,cache_bf16,large_h6_n32_s100,85adf0fcce383d9cb482d4bb8e481933359ac38902568f0b242a66bf714286fe,19.288799285888672,200.21737602353096,0,591.9677550494671,0,0,0,0
cora_link,test,125,25,cora_link:test:000025:9d9567e93f366061,2,1751.521401,1751.490478515625,1684.198269,66.865423,159.24511943012476,26.184487156569958,18.730666488409042,1359.9903909489512,351.68956756591797,1004.5838470458984,153,0,1,0,0,0,0,0,0,0,249.33903884887695,12.744736194610596,80.48825550079346,9.117537021636963,cache_bf16,large_h6_n32_s100,9d9567e93f366061cd925a7a7ea1c1641d8e50bb824f0e37e4338dcd7ae6bc6d,19.329439163208008,256.8418239951134,0,767.0714622139931,0,0,0,0
cora_link,test,126,26,cora_link:test:000026:585463fc562fdee5,2,1751.772761,1751.7430419921875,1684.617316,66.727843,156.9913560524583,26.06641687452793,19.338379614055157,1357.2852471843362,335.9609603881836,1017.5903472900391,155,0,1,0,0,0,0,0,0,0,234.29827117919922,11.776991963386536,81.16934394836426,8.716353297233582,cache_bf16,large_h6_n32_s100,585463fc562fdee5d1a69d189fef63b474daea272c901560a9fabd71463a1f50,19.319168090820312,260.22415962815285,0,776.6853557527065,0,0,0,0
cora_link,test,127,27,cora_link:test:000027:2eaf82e718529d61,2,1718.894109,1718.8646240234375,1651.859656,66.658977,161.8405096232891,26.09555423259735,18.245425075292587,1331.8417435511947,351.6407661437988,976.6165161132812,149,0,1,0,0,0,0,0,0,0,251.32447814941406,12.840191841125488,78.41007995605469,9.06601619720459,cache_bf16,large_h6_n32_s100,2eaf82e718529d613e0de6749a0bff9e8cb957e16d67c4b78d6d6721f8f7f677,19.302879333496094,250.63676798343658,0,745.2826274633408,0,0,0,0
cora_link,test,128,28,cora_link:test:000028:c1dc2bd37c203ab9,2,1450.994302,1450.96533203125,1383.10717,67.500771,134.07584931701422,26.112889871001244,15.623240731656551,1106.3686655834317,283.0392303466797,820.2720794677734,125,0,1,0,0,0,0,0,0,0,199.72694396972656,10.060832023620605,65.83228778839111,7.419166564941406,cache_bf16,large_h6_n32_s100,c1dc2bd37c203ab9665b777173926fd67a29c32500d594fa60caed2d1f270794,19.274431228637695,211.47494387626648,0,628.0715668201447,0,0,0,0
cora_link,test,129,29,cora_link:test:000029:7480b14103945b84,2,1383.911466,1383.8826904296875,1315.288498,68.297094,124.39018487930298,26.07914712280035,14.89319372922182,1057.8740192577243,260.62815856933594,794.2757873535156,121,0,1,0,0,0,0,0,0,0,181.6618881225586,9.040256023406982,63.1068172454834,6.819197177886963,cache_bf16,large_h6_n32_s100,7480b14103945b842a9ba14187b3872f2fc3bcc05877d034c1bc4e899de8d936,19.308191299438477,205.135488063097,0,608.4484905898571,0,0,0,0
cora_link,test,130,30,cora_link:test:000030:5400903d50457875,2,1517.519224,1517.4903564453125,1448.502977,68.562404,135.26485115289688,26.072499342262745,15.95230307430029,1163.4496888145804,302.8507843017578,857.4255218505859,130,0,1,0,0,0,0,0,0,0,216.25584411621094,11.075616002082825,67.57916831970215,7.940155863761902,cache_bf16,large_h6_n32_s100,5400903d50457875c14c0b9a3c0a10d4dced003e34216211d87925f2c132ce0a,19.236448287963867,219.81587213277817,0,656.8460980057716,0,0,0,0
cora_link,test,131,31,cora_link:test:000031:63aea78df371a953,2,1391.715004,1391.6844482421875,1322.524152,68.659831,130.97296562045813,26.133844628930092,15.251978300511837,1054.5933982357383,252.1111068725586,799.490234375,122,0,1,0,0,0,0,0,0,0,173.7092170715332,8.56000006198883,63.272512435913086,6.569377303123474,cache_bf16,large_h6_n32_s100,63aea78df371a953e2aba90e752f82d6a7fd4d6d701ec5a481f69b45a8204852,19.283935546875,206.57315212488174,0,612.2010177969933,0,0,0,0
cora_link,test,132,32,cora_link:test:000032:1f2a998b4dbd6639,2,1611.233651,1611.2041015625,1542.083899,68.673622,147.16661535203457,25.99977422505617,17.509485594928265,1232.859332114458,305.4486389160156,924.0064849853516,140,0,1,0,0,0,0,0,0,0,213.14537811279297,10.809664011001587,73.49436855316162,7.999228239059448,cache_bf16,large_h6_n32_s100,1f2a998b4dbd663942c37acfb051c8449b7e7afbb4c5b001bc643c15a46266d1,19.206815719604492,235.79910397529602,0,707.41419672966,0,0,0,0
cora_link,test,133,33,cora_link:test:000033:14d615d89a1b41e3,2,1352.20795,1352.1802978515625,1285.241951,66.633344,133.71071312576532,26.085653342306614,14.398545026779175,1011.8455868214369,249.13788604736328,759.8690948486328,115,0,1,0,0,0,0,0,0,0,174.16412544250488,8.6703360080719,59.7573127746582,6.546111822128296,cache_bf16,large_h6_n32_s100,14d615d89a1b41e3816c7e8f4b762e6f09730c867962c7aa144a1cd0e0acbc86,19.2959041595459,195.40147218108177,0,583.7635268270969,0,0,0,0
cora_link,test,134,34,cora_link:test:000034:63e24931f3b2ac99,2,1706.618647,1706.5882568359375,1637.769567,68.447144,168.8214484602213,25.98560508340597,18.818584270775318,1313.5079015046358,316.3076171875,993.5514526367188,151,0,1,0,0,0,0,0,0,0,217.20912170410156,11.02460789680481,79.95334529876709,8.120542287826538,cache_bf16,large_h6_n32_s100,63e24931f3b2ac9976abff488fc1f0cbad1d106c8a270a4abc94c20d231a9fc1,19.242176055908203,253.7025601863861,0,759.0910685062408,0,0,0,0
cora_link,test,135,35,cora_link:test:000035:7c0b00c12372333f,2,1321.081565,1321.0528564453125,1254.280697,66.462196,126.08522363007069,26.09353605657816,14.276468195021152,997.688022442162,245.11590576171875,749.775520324707,114,0,1,0,0,0,0,0,0,0,171.119873046875,8.51308786869049,59.05280017852783,6.430144667625427,cache_bf16,large_h6_n32_s100,7c0b00c12372333fd1727af7ceb3fe9c7ce9d78f337f1a6d64b62ed10b83740e,19.255264282226562,193.6155843436718,0,575.4152002632618,0,0,0,0
cora_link,test,136,36,cora_link:test:000036:6084688f7bbdf65d,2,1773.347332,1773.316650390625,1704.245599,68.667688,135.40122751146555,26.104790158569813,16.473823226988316,1426.4037357643247,304.54454040527344,1118.5988006591797,134,0,1,0,0,0,0,0,0,0,216.1153907775879,10.75276792049408,69.64860725402832,8.027774453163147,cache_bf16,large_h6_n32_s100,6084688f7bbdf65d904c5e7def98fdc045cf685b38eb265b4b265a6721532ba5,19.32784080505371,226.15939238667488,0,911.7672490775585,0,0,0,0
cora_link,test,137,37,cora_link:test:000037:da07c8f84e6a36a9,2,1467.581422,1467.552490234375,1398.914692,68.312412,159.50067806988955,26.070966385304928,15.535891056060791,1096.0840145125985,275.47737884521484,817.5692138671875,124,0,1,0,0,0,0,0,0,0,193.06514930725098,9.789535880088806,65.37839984893799,7.244293808937073,cache_bf16,large_h6_n32_s100,da07c8f84e6a36a993088066dce943abb672c1f798464c00e59cad3caa720537,19.243328094482422,209.876128166914,0,626.9364137947559,0,0,0,0
cora_link,test,138,38,cora_link:test:000038:a34151466e92759c,2,942.255453,942.2288208007812,873.599478,68.345138,85.15252079814672,26.042023673653603,9.876015596091747,686.4967662841082,160.3144645690918,524.1462097167969,80,0,1,0,0,0,0,0,0,0,109.91456031799316,5.32803201675415,40.85523176193237,4.216640472412109,cache_bf16,large_h6_n32_s100,a34151466e92759c74de7d0f87e311f95d733aa0bd5d52e80561031048db934c,19.255584716796875,139.4224956035614,0,403.97929883003235,0,0,0,0
cora_link,test,139,39,cora_link:test:000039:8c051e3c3f1eac2f,2,1430.873978,1430.845458984375,1362.290495,68.227125,138.74120637774467,26.442800648510456,15.07851667702198,1085.1559843868017,273.39727783203125,808.7532501220703,123,0,1,0,0,0,0,0,0,0,191.7026596069336,9.49238407611847,65.05859279632568,7.143641352653503,cache_bf16,large_h6_n32_s100,8c051e3c3f1eac2fbb5106a981df606b9c7f62e6d30e378dd9cf19600d1f69e4,19.304832458496094,208.26976031064987,0,619.7883222699165,0,0,0,0
cora_link,test,140,40,cora_link:test:000040:0c4e1b16e7f6d32e,2,1517.576625,1517.5467529296875,1450.606108,66.628239,139.51185252517462,26.740457862615585,15.970448032021523,1170.59369944036,312.57727432250977,854.8493499755859,130,0,1,0,0,0,0,0,0,0,225.17565155029297,11.544608116149902,67.5816011428833,8.275413513183594,cache_bf16,large_h6_n32_s100,0c4e1b16e7f6d32e5da80273adc54aca607610739bfc2682e89dac848332874a,19.3155517578125,219.6644800901413,0,654.5004216432571,0,0,0,0
cora_link,test,141,41,cora_link:test:000041:94823266d74a6d48,2,1568.995286,1568.966064453125,1501.20116,67.411307,145.7197181880474,26.81791316717863,17.023568972945213,1204.0588147938251,291.7857246398926,908.9104309082031,139,0,1,0,0,0,0,0,0,0,201.21372604370117,10.005248069763184,73.17087936401367,7.395871162414551,cache_bf16,large_h6_n32_s100,94823266d74a6d48a3ebb0e739cc6b9a001e36bc6d4378d466e605e013136a1e,19.286720275878906,234.10345590114594,0,694.0936952829361,0,0,0,0
cora_link,test,142,42,cora_link:test:000042:3043386de9eb5a17,2,1526.908108,1526.87841796875,1458.152964,68.368122,144.5936057716608,26.76006592810154,15.984158962965012,1161.6746569052339,301.61264419555664,856.8856048583984,130,0,1,0,0,0,0,0,0,0,215.09020614624023,11.003647923469543,67.54543972015381,7.973350405693054,cache_bf16,large_h6_n32_s100,3043386de9eb5a174134a7e339dde5f554850f3be3e476a139a3e6620f9e94ff,19.31452751159668,219.80320006608963,0,656.3969323039055,0,0,0,0
cora_link,test,143,43,cora_link:test:000043:a61dd8a6124feaf5,2,1566.582924,1566.5526123046875,1498.028339,68.170261,141.49825181812048,26.08334179967642,16.934637911617756,1202.7475098147988,294.224609375,905.1815643310547,138,0,1,0,0,0,0,0,0,0,204.3705596923828,10.013472080230713,72.23427295684814,7.60630464553833,cache_bf16,large_h6_n32_s100,a61dd8a6124feaf55c666b0ed451d4b59b3548088c16c62153daa0eeed988780,19.282880783081055,232.45030388236046,0,692.0141412317753,0,0,0,0
cora_link,test,144,44,cora_link:test:000044:90d883bbff1b482c,2,1640.807094,1640.7769775390625,1571.941525,68.463907,150.21823719143867,26.134549640119076,17.161594703793526,1271.3601347059011,347.7923812866211,920.1675872802734,140,0,1,0,0,0,0,0,0,0,252.03545379638672,13.01145625114441,73.62700843811035,9.118462800979614,cache_bf16,large_h6_n32_s100,90d883bbff1b482ce1b0f86688ef07df0ad211ec8eff530394d1e198d8430b26,19.312511444091797,236.20348781347275,0,703.2766109108925,0,0,0,0
cora_link,test,145,45,cora_link:test:000045:bae37ede4a3de9b1,2,1519.92241,1519.8935546875,1451.101289,68.451563,138.41687981039286,26.278339326381683,16.617516987025738,1168.1842990219593,293.9432945251465,871.0125427246094,133,0,1,0,0,0,0,0,0,0,205.64483261108398,10.393632054328918,70.26956748962402,7.635262370109558,cache_bf16,large_h6_n32_s100,bae37ede4a3de9b1b112273365558ac2d3c01eba152028941b820629cb36f666,19.397024154663086,224.57004782557487,0,665.8395190536976,0,0,0,0
cora_link,test,146,46,cora_link:test:000046:a3fb53fd45897eed,2,1531.630199,1531.6007080078125,1464.780596,66.466626,134.869241155684,26.159782893955708,16.42617955803871,1178.9501579478383,295.5608329772949,880.1395721435547,134,0,1,0,0,0,0,0,0,0,207.41919708251953,10.510272026062012,69.95628833770752,7.675075531005859,cache_bf16,large_h6_n32_s100,a3fb53fd45897eed4bb12c5192d2091db1a22b1a781d299d9837a5f36024d63f,19.31395149230957,226.18684789538383,0,673.2666757404804,0,0,0,0
cora_link,test,147,47,cora_link:test:000047:e806f17c15aa686b,2,1421.594794,1421.56591796875,1352.550467,68.635427,127.67728604376316,26.041590608656406,15.25642815977335,1083.685740828514,279.8332176208496,800.8509368896484,122,0,1,0,0,0,0,0,0,0,198.77616500854492,10.144927978515625,63.5001277923584,7.411996841430664,cache_bf16,large_h6_n32_s100,e806f17c15aa686b060e0ed51edf41cd755ff4e9f4ba115925f5000037240c8f,19.25446319580078,206.76115176081657,0,613.3442483246326,0,0,0,0
cora_link,test,148,48,cora_link:test:000048:c713ee4fd107b98c,2,1392.602945,1392.57275390625,1323.842045,68.389275,126.45586393773556,26.0740639641881,15.274771489202976,1058.0522827804089,252.9694709777832,802.0904388427734,122,0,1,0,0,0,0,0,0,0,174.54589080810547,8.586303949356079,63.257568359375,6.579707860946655,cache_bf16,large_h6_n32_s100,c713ee4fd107b98c450cce5e01dd3bcf642b3fd16862c42ce9c070d74d4e7f36,19.26633644104004,206.71548861265182,0,614.6412866711617,0,0,0,0
cora_link,test,149,49,cora_link:test:000049:4875f0d1278f893a,2,1410.964605,1410.935791015625,1343.287753,67.335258,130.9736641123891,26.218105107545853,14.97036311775446,1083.3360273391008,280.41555404663086,799.9360961914062,122,0,1,0,0,0,0,0,0,0,199.45619583129883,10.17740797996521,63.308831214904785,7.473119020462036,cache_bf16,large_h6_n32_s100,4875f0d1278f893adb29afed4c489723a9c4bf4cff2155264658735ae2a78b4a,19.420223236083984,206.79808071255684,0,612.5582387149334,0,0,0,0
cora_link,test,150,50,cora_link:test:000050:edd01bf99d59d0d3,2,1447.308965,1447.2802734375,1380.10831,66.849308,134.957660920918,25.955982506275177,15.487698838114738,1103.282623924315,288.9719696044922,811.2860870361328,124,0,1,0,0,0,0,0,0,0,205.85465240478516,10.379104018211365,65.12524795532227,7.612965226173401,cache_bf16,large_h6_n32_s100,edd01bf99d59d0d3183fe96945c7ab77e925a18783b97396e292410a726326e4,19.2174072265625,209.76886382699013,0,620.7346304357052,0,0,0,0
cora_link,test,151,51,cora_link:test:000051:50ba04ac7a5538a1,2,1336.41328,1336.3851318359375,1267.695301,68.354501,118.36823634803295,26.11938025802374,14.475028961896896,1013.3808916434646,243.3152961730957,767.1821517944336,117,0,1,0,0,0,0,0,0,0,167.15171241760254,8.27289605140686,61.567359924316406,6.3233277797698975,cache_bf16,large_h6_n32_s100,50ba04ac7a5538a1d58a96d93c24da81af646af9e7cf91d4812ed58a4076106e,19.335296630859375,198.59593623876572,0,587.9215121865273,0,0,0,0
cora_link,test,152,52,cora_link:test:000052:3d056eca91a9a836,2,1556.744656,1556.71533203125,1489.830682,66.533444,140.47075901180506,26.14037413150072,17.359294928610325,1197.9075046256185,285.2695999145508,909.2739410400391,139,0,1,0,0,0,0,0,0,0,195.08972930908203,9.642847895622253,73.14028739929199,7.396735310554504,cache_bf16,large_h6_n32_s100,3d056eca91a9a83670c06713bbe83ebf3e1072c5493ac4c40eaad5ff9be5dac4,19.29155158996582,234.23273593187332,0,694.3327566981316,0,0,0,0
cora_link,test,153,53,cora_link:test:000053:afffb12d2f835989,2,1203.501571,1203.4732666015625,1136.26823,66.825423,111.44783440977335,26.020267978310585,13.018975965678692,899.9493652954698,216.4239959716797,680.9537200927734,104,0,1,0,0,0,0,0,0,0,148.92156791687012,7.3151679039001465,54.49238300323486,5.6948771476745605,cache_bf16,large_h6_n32_s100,afffb12d2f8359894144ea1011bb00a1beddec2d1e8e2a96f0a23197bd320ad7,19.253568649291992,177.42438405752182,0,522.7829046845436,0,0,0,0
cora_link,test,154,54,cora_link:test:000054:30c26c12e5ad1acc,2,1513.349305,1513.3201904296875,1446.321596,66.631711,141.17377903312445,26.188697665929794,16.178525052964687,1156.0475984588265,292.39654541015625,860.4604034423828,131,0,1,0,0,0,0,0,0,0,205.13225173950195,10.394847869873047,69.2106876373291,7.658758163452148,cache_bf16,large_h6_n32_s100,30c26c12e5ad1acc921d6007d96b5414db7a451770e578c7ec38deb32d74ab94,19.309343338012695,221.29702386260033,0,658.4727229177952,0,0,0,0
cora_link,test,155,55,cora_link:test:000055:71bf8a9463858055,2,1271.972483,1271.9437255859375,1204.178814,67.438031,112.64797113835812,26.0075805708766,14.002010226249695,958.5833624005318,220.24946975708008,735.5713882446289,112,0,1,0,0,0,0,0,0,0,149.20639991760254,7.185727953910828,58.1375036239624,5.719838261604309,cache_bf16,large_h6_n32_s100,71bf8a94638580552fec335174e5be8a4d64bac73d5c7f16af740198f9557854,19.255935668945312,190.26249611377716,0,564.5648277997971,0,0,0,0
cora_link,test,156,56,cora_link:test:000056:a45fd9c8fbaeda83,2,1732.57595,1732.54541015625,1664.785577,67.376579,156.39027394354343,26.14819724112749,18.858639523386955,1347.868018783629,356.4164161682129,987.8082580566406,151,0,1,0,0,0,0,0,0,0,254.61068725585938,12.71014404296875,79.8479356765747,9.247649192810059,cache_bf16,large_h6_n32_s100,a45fd9c8fbaeda83f996b5c5134233e343c2330cd97543af1dc4aa469895b57a,19.319263458251953,253.42544025182724,0,753.7020812630653,0,0,0,0
cora_link,test,157,57,cora_link:test:000057:8cce888c9b65f06a,2,1485.570682,1485.541259765625,1416.850923,68.349543,138.69744166731834,26.020847260951996,15.993860550224781,1126.2495629489422,281.75436782836914,841.3705902099609,128,0,1,0,0,0,0,0,0,0,197.73260498046875,10.030848026275635,66.59231948852539,7.398595333099365,cache_bf16,large_h6_n32_s100,8cce888c9b65f06a5282b21227395865b0021e9e80a7f06a26231ebce5e682bd,19.200576782226562,216.48995223641396,0,644.0812147557735,0,0,0,0
cora_link,test,158,58,cora_link:test:000058:0a15699abbc7bdfe,2,1707.168493,1707.1387939453125,1639.946603,66.764421,153.715536929667,26.148851960897446,18.555679358541965,1328.6928748711944,345.3594551086426,979.7398986816406,149,0,1,0,0,0,0,0,0,0,245.89622497558594,12.244767904281616,78.20147228240967,9.016989946365356,cache_bf16,large_h6_n32_s100,0a15699abbc7bdfe11e1545398d656d9a071b62cdfa31f06fcff39dc96d7d97f,19.37126350402832,250.7263042330742,0,748.3848579525948,0,0,0,0
cora_link,test,159,59,cora_link:test:000059:7ad4f13634e65d42,2,1449.797808,1449.76904296875,1382.859208,66.592387,127.27293744683266,25.98621789366007,15.573859214782715,1118.739526718855,286.3075523376465,829.3325958251953,127,0,1,0,0,0,0,0,0,0,202.11989974975586,10.25328004360199,66.39171314239502,7.542659401893616,cache_bf16,large_h6_n32_s100,7ad4f13634e65d42696f55ae561430fda053895ac5a173d4c38046f329f65662,19.22812843322754,214.671904027462,0,633.8888202309608,0,0,0,0
cora_link,test,160,60,cora_link:test:000060:947ecd7092b60d75,2,175.786847,175.76223754882812,108.341237,67.224259,7.676857523620129,26.112680323421955,0.995938666164875,63.695112243294716,12.417152166366577,50.903008460998535,7,0,1,0,0,0,0,0,0,0,8.343039989471436,0.4010559991002083,3.2742719650268555,0.39878421276807785,cache_bf16,large_h6_n32_s100,947ecd7092b60d753dd719552fce7c384a6830ffd76e25155af36e9e9adf3896,19.371551513671875,20.402815997600555,0,49.871743977069855,0,0,0,0
cora_link,test,161,61,cora_link:test:000061:1acb49af271f9d61,2,1572.807136,1572.777587890625,1504.071474,68.378059,143.5072086751461,26.190197095274925,16.629662364721298,1216.1453571170568,323.03728103637695,889.8098907470703,136,0,1,0,0,0,0,0,0,0,231.9179801940918,11.719040155410767,70.76640033721924,8.633860349655151,cache_bf16,large_h6_n32_s100,1acb49af271f9d61b24aa48362d2b853908b399d03bd39d8cc98f9d1f081985a,19.377887725830078,229.4260162115097,0,679.7617622613907,0,0,0,0
cora_link,test,162,62,cora_link:test:000062:6cfbf15b798236a5,2,1464.726938,1464.698486328125,1395.813443,68.509117,133.70065111666918,26.11825242638588,16.181540675461292,1114.137526601553,259.11194229125977,851.8586578369141,130,0,1,0,0,0,0,0,0,0,176.29631996154785,8.665216088294983,67.46079921722412,6.68960702419281,cache_bf16,large_h6_n32_s100,6cfbf15b798236a54090cd19df3719c67a389fc2e3dee5ac50bda445d2aaee96,19.343231201171875,219.51907205581665,0,651.6828169822693,0,0,0,0
cora_link,test,163,63,cora_link:test:000063:9ace740bce59e5eb,2,1255.142948,1255.1136474609375,1188.39952,66.412377,108.02026744931936,26.0672215372324,13.493308797478676,956.9137375801802,236.95555114746094,717.2505569458008,110,0,1,0,0,0,0,0,0,0,165.19472122192383,8.117215991020203,57.402591705322266,6.241022229194641,cache_bf16,large_h6_n32_s100,9ace740bce59e5ebac4f83ca36118d0f76b772a4250fc122be277a75341046da,19.2838077545166,187.01996818184853,0,549.5143965184689,0,0,0,0
cora_link,test,164,64,cora_link:test:000064:e6ca9e4062a35662,2,1736.365265,1736.3353271484375,1667.590903,68.381692,161.651655100286,26.152092032134533,18.81790068000555,1337.4318247660995,345.7264289855957,988.0635986328125,151,0,1,0,0,0,0,0,0,0,244.26873397827148,12.557440161705017,79.9771842956543,8.923070549964905,cache_bf16,large_h6_n32_s100,e6ca9e4062a3566245ff7a1135ef3f44abbec6aed0dcdc1ea3ca402b6611e5f3,19.310272216796875,253.89843198657036,0,753.475438863039,0,0,0,0
cora_link,test,165,65,cora_link:test:000065:7b22040be3ab19bb,2,194.119188,194.0952606201172,127.597667,66.303183,18.199565820395947,26.06748603284359,1.1354992166161537,69.11158468574286,11.40012812614441,57.322303771972656,8,0,1,0,0,0,0,0,0,0,7.2756160497665405,0.3553600087761879,3.3965761065483093,0.37257596105337143,cache_bf16,large_h6_n32_s100,7b22040be3ab19bbcfa9198d7350cc1a126591686908e34ef3b5a920fd636caa,19.317760467529297,21.977856010198593,0,54.66220822930336,0,0,0,0
cora_link,test,166,66,cora_link:test:000066:bc7f1918aa925803,2,1786.472835,1786.44287109375,1718.6986,67.384292,160.50393786281347,26.177793741226196,19.100919365882874,1398.7442152574658,375.1066551208496,1019.8982086181641,156,0,1,0,0,0,0,0,0,0,269.5745964050293,13.660095930099487,82.13343906402588,9.738523721694946,cache_bf16,large_h6_n32_s100,bc7f1918aa925803f1d7036ade0510d3686fbe78b3908d95997a2747ae85b5dd,19.316511154174805,261.7892799973488,0,777.4254397749901,0,0,0,0
cora_link,test,167,67,cora_link:test:000067:111f661608b76851,2,1651.388895,1651.3592529296875,1582.60259,68.389813,144.7681076824665,26.975990273058414,18.1080074980855,1271.698179654777,323.0483856201172,945.1463928222656,145,0,1,0,0,0,0,0,0,0,226.70758819580078,11.52783989906311,76.41504096984863,8.397916555404663,cache_bf16,large_h6_n32_s100,111f661608b76851f9a56159eadc34c3e40962055823a3029b4903a09f3bd9b8,20.132511138916016,243.66559997200966,0,721.613303989172,0,0,0,0
cora_link,test,168,68,cora_link:test:000068:c05c7b87fd0cda19,2,1163.32785,1163.299560546875,1094.657969,68.349047,102.0188257098198,26.094352826476097,12.167579494416714,871.7585429549217,226.77619171142578,642.5449371337891,98,0,1,0,0,0,0,0,0,0,161.48345565795898,8.066431999206543,51.18163204193115,6.044672012329102,cache_bf16,large_h6_n32_s100,c05c7b87fd0cda19478eece624809a5919473f036800f1e4b036d40d7b5aac07,19.306848526000977,167.72956788539886,0,494.1222177743912,0,0,0,0
cora_link,test,169,69,cora_link:test:000069:a591447a76a23f33,2,1396.589429,1396.5609130859375,1328.808561,67.41129,128.99974454194307,26.09327156096697,14.85022809356451,1059.4017608091235,261.8687057495117,794.5775451660156,121,0,1,0,0,0,0,0,0,0,182.83043098449707,9.16044795513153,63.002206802368164,6.875620007514954,cache_bf16,large_h6_n32_s100,a591447a76a23f33910d5c7059da320f0fabc4b0dbd677fc99b0287262664a94,19.348800659179688,205.1336319744587,0,608.7927138507366,0,0,0,0
cora_link,test,170,70,cora_link:test:000070:b5db190fcc93371e,2,1413.286214,1413.257080078125,1344.340587,68.5806,102.62598097324371,26.134822517633438,12.760110199451447,1115.271857008338,240.96669387817383,871.7608947753906,102,0,1,0,0,0,0,0,0,0,172.74962997436523,8.742656111717224,53.04655933380127,6.4278484582901,cache_bf16,large_h6_n32_s100,b5db190fcc93371e6fd6c7b19e7d92fe572c469bbaf76e6fa6c6db2eddb8a366,19.343231201171875,174.221056163311,0,716.8830698132515,0,0,0,0
cora_link,test,171,71,cora_link:test:000071:32de58fd2a55623a,2,1407.987758,1407.9583740234375,1340.4522,67.19184,125.51266327500343,26.178457774221897,15.408079139888287,1071.5446872636676,260.6699523925781,807.8694915771484,123,0,1,0,0,0,0,0,0,0,179.25619316101074,8.977311968803406,65.6815996170044,6.7548476457595825,cache_bf16,large_h6_n32_s100,32de58fd2a55623a8a4fdbc4c85baf53a112f8c483bc706efcdfff3fa11b82a6,19.358272552490234,208.47075214982033,0,618.7570119798183,0,0,0,0
cora_link,test,172,72,cora_link:test:000072:997a47a4073e41df,2,1622.067439,1622.0369873046875,1553.488715,68.215358,152.86765899509192,26.04840975254774,17.213196493685246,1243.2172959670424,333.5670700073242,906.3118591308594,138,0,1,0,0,0,0,0,0,0,239.86883163452148,12.253184080123901,72.69772720336914,8.747327089309692,cache_bf16,large_h6_n32_s100,997a47a4073e41dfbdd26b79f2cdf9d91d113ac9c163ec5b4518845d9c1a14ff,19.28665542602539,232.7798723578453,0,692.8186421990395,0,0,0,0
cora_link,test,173,73,cora_link:test:000073:4a2d121a0ac5d0e8,2,186.895431,186.87149047851562,118.514366,68.164215,6.380479782819748,38.278333842754364,1.05330441147089,63.292489387094975,12.480191946029663,50.44716835021973,7,0,1,0,0,0,0,0,0,0,8.376255869865417,0.40057600289583206,3.3066239953041077,0.3967360779643059,cache_bf16,large_h6_n32_s100,4a2d121a0ac5d0e8947e6f1cc3538e7b0618cf9bc060786f6c613eb7f23877b6,31.633567810058594,20.449504017829895,0,61.631232142448425,0,0,0,0
cora_link,test,174,74,cora_link:test:000074:f2f5a19ab342cae0,2,1646.081536,1646.051513671875,1578.944388,66.741921,148.74553587287664,26.135182939469814,17.822477035224438,1276.6609312966466,335.57389068603516,937.635498046875,143,0,1,0,0,0,0,0,0,0,240.05804443359375,12.169023990631104,74.57366466522217,8.773157596588135,cache_bf16,large_h6_n32_s100,f2f5a19ab342cae01e5ec98ce3eef6abef032ebc47f51ffe574d4781fc8b3557,19.307104110717773,240.72924828529358,0,716.2133538722992,0,0,0,0
cora_link,test,175,75,cora_link:test:000075:a22fb2ea2f9d29a0,2,1146.735202,1146.7076416015625,1079.159338,67.267348,92.5392946228385,26.102665811777115,11.647403240203857,873.2471521943808,261.39202880859375,609.532958984375,93,0,1,0,0,0,0,0,0,0,195.79628372192383,10.124672055244446,48.34774351119995,7.123329520225525,cache_bf16,large_h6_n32_s100,a22fb2ea2f9d29a06305b4c510f2c3e4bbd2b99fd56ecec2d068c4cc9f07167e,19.321855545043945,159.73142403364182,0,469.12339049577713,0,0,0,0
cora_link,test,176,76,cora_link:test:000076:1e647e3fbb4a5d43,2,1415.705876,1415.6771240234375,1346.916126,68.397677,132.58817233145237,26.21344942599535,14.98777698725462,1085.214369930327,281.8036766052246,800.4228820800781,122,0,1,0,0,0,0,0,0,0,201.31750106811523,10.03603184223175,62.99062538146973,7.459518313407898,cache_bf16,large_h6_n32_s100,1e647e3fbb4a5d4311b381ebfb3b2b8705e1fbb6111d584d7688cb1d1792d2ca,19.337343215942383,206.50342401862144,0,613.2568012773991,0,0,0,0
cora_link,test,177,77,cora_link:test:000077:57987e30b21585ac,2,1654.435507,1654.4051513671875,1585.774277,68.287588,152.32911985367537,26.105967350304127,17.71731674671173,1279.3480064719915,337.17305755615234,938.7212829589844,143,0,1,0,0,0,0,0,0,0,241.2245750427246,12.382080078125,74.76518535614014,8.801217079162598,cache_bf16,large_h6_n32_s100,57987e30b21585ac890d144276d72d0f418ba5cdd81ab0c30b1a21f8e9d6075b,19.29587173461914,240.8190720975399,0,717.1980825960636,0,0,0,0
cora_link,test,178,78,cora_link:test:000078:9bdde5920f8b0a51,2,1403.765066,1403.736083984375,1334.987077,68.407337,123.91173467040062,26.316882111132145,15.24351630359888,1068.5093821957707,254.29497909545898,811.1820983886719,124,0,1,0,0,0,0,0,0,0,173.92191886901855,8.626943945884705,65.15939235687256,6.5867239236831665,cache_bf16,large_h6_n32_s100,9bdde5920f8b0a513e78a303aba8691885dbdd99b194f26bbf3580c295636ba3,19.348703384399414,209.8375362753868,0,620.6932654976845,0,0,0,0
cora_link,test,179,79,cora_link:test:000079:0be9ee67b25a5ac7,2,1396.799468,1396.7706298828125,1328.057726,68.406492,120.71260903030634,26.134192012250423,15.089825727045536,1069.8228534311056,273.7051239013672,793.1452178955078,121,0,1,0,0,0,0,0,0,0,193.60876274108887,9.820863962173462,63.108351707458496,7.167145490646362,cache_bf16,large_h6_n32_s100,0be9ee67b25a5ac77fd325a65d625b85dfb3a5de371af07b0487aef00427b48a,19.364351272583008,204.78188779950142,0,607.7276813685894,0,0,0,0
cora_link,test,180,80,cora_link:test:000080:6852c56d89f072d5,2,195.592105,195.56764221191406,127.297187,68.077673,17.71289575845003,26.221126317977905,1.1231647804379463,69.20943967998028,11.414943933486938,57.40716743469238,8,0,1,0,0,0,0,0,0,0,7.2886399030685425,0.3563520014286041,3.396415948867798,0.373536080121994,cache_bf16,large_h6_n32_s100,6852c56d89f072d51f4aca826c10a83c549fdeadf267146bd458c6d8a0248d79,19.440895080566406,22.006943970918655,0,54.841118544340134,0,0,0,0
cora_link,test,181,81,cora_link:test:000081:7ade712ace234fe2,2,1715.617513,1715.5875244140625,1646.846114,68.380622,149.070767685771,26.23307891190052,18.220024183392525,1334.1572098433971,355.1401596069336,975.4329986572266,149,0,1,0,0,0,0,0,0,0,254.31314849853516,13.076096057891846,78.39606380462646,9.354851245880127,cache_bf16,large_h6_n32_s100,7ade712ace234fe217bed41b8f28f589a52ed66375290776d19b6a03af51cc3a,19.36934471130371,250.308031976223,0,744.4943113923073,0,0,0,0
cora_link,test,182,82,cora_link:test:000082:609a3b47d7b0b3e3,2,1532.156041,1532.12646484375,1464.209921,67.552244,132.76994321495295,26.104459539055824,16.388079151511192,1190.345123410225,310.4856643676758,876.6044158935547,134,0,1,0,0,0,0,0,0,0,220.68598556518555,11.284479975700378,70.42774295806885,8.087455868721008,cache_bf16,large_h6_n32_s100,609a3b47d7b0b3e3b9ce4442fde0daf9705270c755b903e6cdb46302ceccd799,19.30633544921875,226.1137924194336,0,669.7969589233398,0,0,0,0
cora_link,test,183,83,cora_link:test:000083:d4efc39aa4d8bd04,2,1398.982823,1398.95361328125,1331.197938,67.446711,120.43519131839275,26.072435081005096,14.818471856415272,1081.6465979442,292.78000259399414,785.9352264404297,120,0,1,0,0,0,0,0,0,0,210.73657608032227,10.971552014350891,63.316256523132324,7.75561797618866,cache_bf16,large_h6_n32_s100,d4efc39aa4d8bd043bf53de050b146bf9e4fbe3fbe2b1850fd7f4475af59a4d2,19.276416778564453,203.56358370184898,0,601.6480595171452,0,0,0,0
cora_link,test,184,84,cora_link:test:000084:8fff9e642d26fa46,2,1350.265615,1350.236083984375,1283.36599,66.544597,122.45773989707232,26.16945654153824,14.52544517815113,1025.2186255529523,257.9121894836426,764.4552001953125,116,0,1,0,0,0,0,0,0,0,181.93955039978027,9.14684784412384,60.009568214416504,6.8162230253219604,cache_bf16,large_h6_n32_s100,8fff9e642d26fa462328014578b8844e354d3af16655da0a5a04c04a27f5579f,19.35603141784668,196.98601579666138,0,586.8252158164978,0,0,0,0
cora_link,test,185,85,cora_link:test:000085:406c175ea3120aa1,2,1532.372883,1532.3428955078125,1464.571448,67.400667,136.82747166603804,26.04470681399107,16.68437384068966,1187.4443097040057,309.44717025756836,874.7363891601562,134,0,1,0,0,0,0,0,0,0,219.7616958618164,11.25651204586029,70.33446311950684,8.094499230384827,cache_bf16,large_h6_n32_s100,406c175ea3120aa178c1257c0c380892ef5a372f750596f6690cbf05fd393df0,19.24095916748047,226.01683220267296,0,667.9605161249638,0,0,0,0
cora_link,test,186,86,cora_link:test:000086:e8f1bc59186b6765,2,1585.489647,1585.4595947265625,1516.906641,68.207307,147.11826108396053,26.18243917822838,16.99440088123083,1223.4210846945643,328.11014556884766,892.0064697265625,136,0,1,0,0,0,0,0,0,0,236.46732711791992,12.103007674217224,70.9175672531128,8.622243523597717,cache_bf16,large_h6_n32_s100,e8f1bc59186b6765eac4cb99e2d2c00bf502e2950a0cf41c6a002c97d1c9cb24,19.337631225585938,229.43753644824028,0,681.9065645039082,0,0,0,0
cora_link,test,187,87,cora_link:test:000087:c7011ca75dd0b78f,2,1310.078667,1310.049560546875,1241.56931,68.187209,118.65758709609509,26.157463900744915,14.12801444530487,993.3103863149881,249.94585800170898,740.5872039794922,113,0,1,0,0,0,0,0,0,0,175.76166534423828,8.77948796749115,58.82032012939453,6.584384560585022,cache_bf16,large_h6_n32_s100,c7011ca75dd0b78f09ba8ae4b7c2f705cff0ebb4dc7bb057164a17ee3be1fe92,19.344863891601562,191.93084794282913,0,568.0012199282646,0,0,0,0
cora_link,test,188,88,cora_link:test:000088:18b968107306c332,2,1479.007841,1478.9781494140625,1410.22322,68.423319,136.3804331049323,26.093664579093456,15.682599507272243,1129.4346516951919,284.9229164123535,841.3913116455078,128,0,1,0,0,0,0,0,0,0,200.78857803344727,10.073023915290833,66.5565128326416,7.504801630973816,cache_bf16,large_h6_n32_s100,18b968107306c332ca1e70e6d5db1379de839112c753882716a7136eea894167,19.27471923828125,216.3059525489807,0,644.3600783348083,0,0,0,0
cora_link,test,189,89,cora_link:test:000089:e368f47a88b67f89,2,1519.79472,1519.765869140625,1450.851384,68.545934,143.6679381877184,26.276486925780773,16.240857541561127,1156.2035093083978,300.93270111083984,852.0937652587891,130,0,1,0,0,0,0,0,0,0,214.60937881469727,10.871008038520813,67.48041439056396,7.9718998670578,cache_bf16,large_h6_n32_s100,e368f47a88b67f8984608eb37010339b6a995fff45a1de23ea9fd575be8f3b34,19.3786563873291,219.48352020978928,0,651.9889014363289,0,0,0,0
cora_link,test,190,90,cora_link:test:000090:5d9c13ae1a649560,2,1279.780282,1279.7515869140625,1211.224535,68.228089,114.3298214301467,26.058481074869633,13.401918113231659,976.0319953784347,261.2968635559082,712.0447998046875,109,0,1,0,0,0,0,0,0,0,187.14441680908203,9.602208137512207,57.59126377105713,6.958974838256836,cache_bf16,large_h6_n32_s100,5d9c13ae1a6495607b4a8df6b8a509ca6d72616cc25333b376913fd59240b312,19.330175399780273,185.75977593660355,0,545.6151992678642,0,0,0,0
cora_link,test,191,91,cora_link:test:000091:3fcc197a36801b0b,2,1371.675902,1371.647216796875,1304.792817,66.549775,117.38381907343864,26.06284525245428,14.325091615319252,1058.5400527343154,291.2468452453613,764.4276123046875,117,0,1,0,0,0,0,0,0,0,211.10403442382812,10.740320086479187,61.675583839416504,7.726906895637512,cache_bf16,large_h6_n32_s100,3fcc197a36801b0b1e47743d520e7e174ef2f3b6400d9545bb21c63544115193,19.271039962768555,198.48182386159897,0,585.2168284058571,0,0,0,0
cora_link,test,192,92,cora_link:test:000092:4d7a0254c3823983,2,1503.427577,1503.398193359375,1436.245659,66.74286,133.43390449881554,26.12111810594797,16.28026459366083,1171.8072313815355,295.08371353149414,873.482666015625,133,0,1,0,0,0,0,0,0,0,206.3746223449707,10.502560138702393,70.5477123260498,7.65881872177124,cache_bf16,large_h6_n32_s100,4d7a0254c38239838679798d0a79a6660d2e5d48555e626de4d0360dff851265,19.33513641357422,224.76992002129555,0,668.0478824079037,0,0,0,0
cora_link,test,193,93,cora_link:test:000093:919b65144e1f3589,2,1526.324472,1526.2947998046875,1458.480199,67.475703,142.17207580804825,26.183764450252056,16.423280350863934,1186.9973707944155,307.29785537719727,876.4419403076172,134,0,1,0,0,0,0,0,0,0,218.17744064331055,10.961983919143677,70.10969638824463,8.048734426498413,cache_bf16,large_h6_n32_s100,919b65144e1f358963da7fc4b4eac623d1f901a9a675f43cd7783f592c375d5e,19.276031494140625,226.13775998353958,0,669.5802118182182,0,0,0,0
cora_link,test,194,94,cora_link:test:000094:1650307c89f359b4,2,1249.427257,1249.3992919921875,1182.601763,66.49928,112.62855120003223,26.13120060414076,13.521037995815277,960.0081937387586,237.7929573059082,719.5026245117188,110,0,1,0,0,0,0,0,0,0,165.49452781677246,8.301600098609924,57.72864055633545,6.268188834190369,cache_bf16,large_h6_n32_s100,1650307c89f359b4b89afb869c40991166a652ccf9193175d8cbaca7f8f77e53,19.364543914794922,187.35052773356438,0,551.5166406929493,0,0,0,0
cora_link,test,195,95,cora_link:test:000095:b25ee3cbd55f1424,2,183.219275,183.19503784179688,116.677692,66.324345,7.243182510137558,26.085110381245613,1.1282097548246384,69.16607730090618,11.434175968170166,57.34662342071533,8,0,1,0,0,0,0,0,0,0,7.29587197303772,0.35686400160193443,3.406015992164612,0.37542400136590004,cache_bf16,large_h6_n32_s100,b25ee3cbd55f142432c4ba3b795de91eb7f40b98074edbc5c62a3715a28617d9,19.358816146850586,22.010048002004623,0,54.695391565561295,0,0,0,0
cora_link,test,196,96,cora_link:test:000096:2e55047c7ac6960a,2,1442.850187,1442.820556640625,1375.984121,66.524925,129.332329146564,26.182216592133045,15.497379936277866,1113.6578042060137,276.72137451171875,833.8383483886719,127,0,1,0,0,0,0,0,0,0,193.32937812805176,9.763520121574402,66.40431880950928,7.224157452583313,cache_bf16,large_h6_n32_s100,2e55047c7ac6960aa9e5574e5b2a92324f35c4a36c054647daf56eef90282162,19.368192672729492,214.7378881573677,0,638.4686529040337,0,0,0,0
cora_link,test,197,97,cora_link:test:000097:37f8cf0047f769ff,2,1175.662029,1175.634033203125,1108.077526,67.260305,108.29511098563671,26.19621343910694,12.457182630896568,889.901839196682,225.09869003295898,662.3049926757812,101,0,1,0,0,0,0,0,0,0,157.5819206237793,7.799519896507263,53.773536682128906,5.943712830543518,cache_bf16,large_h6_n32_s100,37f8cf0047f769ffed7de0cc67c79a75bc649ae54f38b3df1131698b10fcb203,19.31443214416504,172.64736023545265,0,508.97206458449364,0,0,0,0
cora_link,test,198,98,cora_link:test:000098:1005670891a61f07,2,1594.126519,1594.09619140625,1525.22848,68.481471,149.09720793366432,26.083209551870823,17.00880192220211,1229.227602481842,311.90502548217773,913.9579467773438,139,0,1,0,0,0,0,0,0,0,219.26979446411133,11.080351948738098,73.49385738372803,8.06102168560028,cache_bf16,large_h6_n32_s100,1005670891a61f07fc17e6f908c08e9eaec28e308abc6d3c192c70449fcb154a,19.261375427246094,234.56396758556366,0,698.6553546190262,0,0,0,0
cora_link,test,199,99,cora_link:test:000099:6abeb4741887a3af,2,174.212607,174.18911743164062,107.680918,66.309835,6.373156793415546,26.215186342597008,1.0171132162213326,64.12147637456656,12.455872297286987,51.30591869354248,7,0,1,0,0,0,0,0,0,0,8.345695972442627,0.4010559991002083,3.3108479976654053,0.3982723280787468,cache_bf16,large_h6_n32_s100,6abeb4741887a3af9d800c1720a73890be3be686e786fc8b973fd3df5de75bd1,19.437183380126953,20.4065280854702,0,50.336573988199234,0,0,0,0
