task,split,trace_order,query_index,query_uid,rep,query_wall_ms,query_gpu_ms,encoder_wall_ms,decoder_wall_ms,cache_load_wall_ms,online_nog_prefix_wall_ms,cache_assembly_wall_ms,suffix_wall_ms,suffix_gnn_gpu_ms,suffix_transformer_gpu_ms,cache_hits,cache_misses,cache_skips,quant_kv_attention_calls,fallback_count,quant_kv_attention_gpu_ms,kv_prepare_gpu_ms,int_qk_gpu_ms,softmax_prob_quant_gpu_ms,int_pv_gpu_ms,gnn_score_gpu_ms,gnn_message_gpu_ms,gnn_update_gpu_ms,gnn_other_gpu_ms,profile_mode,workload_profile,graph_signature,prefix_transformer_gpu_ms,dense_fc_gpu_ms,attention_gpu_ms,norm_residual_other_gpu_ms,logical_memory_loaded_bytes,logical_key_loaded_bytes,logical_value_loaded_bytes,int_gemm_call_count
pubmed_node,val,0,0,pubmed_node:val:000000:90da514d7d497311,0,2640.628554,2640.457763671875,2517.376883,122.570099,608.869188465178,227.8708489611745,20.077982917428017,1421.8580015003681,352.72937774658203,1064.798568725586,158,0,1,0,0,0,0,0,0,0,251.4169921875,10.784607887268066,82.08915138244629,8.438626289367676,cache_bf16,large_h6_n32_s100,90da514d7d4973115751184481b31c6972a5237cdcdc5bfef95221c8dc7a4245,127.86841583251953,268.16873601078987,0,924.4982485473156,0,0,0,0
pubmed_node,val,1,1,pubmed_node:val:000001:dc999f53b8a1edeb,0,2716.9344,2716.782470703125,2617.079022,99.409344,1177.5802290067077,28.441364876925945,15.993224456906319,1205.618486739695,339.84508514404297,862.5745086669922,130,0,1,0,0,0,0,0,0,0,251.4035530090332,12.735935926437378,66.51139068603516,9.194205522537231,cache_bf16,large_h6_n32_s100,dc999f53b8a1edeb378b2ef52d564cef6314de793e69da17273ac1f59e57a603,19.241472244262695,219.44297590851784,0,662.373005002737,0,0,0,0
pubmed_node,val,2,2,pubmed_node:val:000002:d5a9c855b9dd71b6,0,4126.444405,4126.2265625,4027.388405,98.571273,2339.8745469748974,28.36592309176922,19.169465638697147,1456.147744320333,426.14998626708984,1026.244857788086,154,0,1,0,0,0,0,0,0,0,318.9916191101074,16.319456100463867,79.56719970703125,11.271711349487305,cache_bf16,large_h6_n32_s100,d5a9c855b9dd71b6805ddf5c3bea820e20278eed6ff59ac689a55ebac84ed0a4,19.289472579956055,258.1086403429508,0,787.4256900250912,0,0,0,0
pubmed_node,val,3,3,pubmed_node:val:000003:b899c56d2ed41389,0,4133.967205,4133.75048828125,4035.202849,98.235586,2287.7236912027,28.347800485789776,19.308367744088173,1506.635849364102,483.0823974609375,1019.8178405761719,153,0,1,0,0,0,0,0,0,0,372.09088134765625,18.810400247573853,79.64860820770264,12.53250765800476,cache_bf16,large_h6_n32_s100,b899c56d2ed4138984204273d864d4a3aa373d21826a5ceac368b796115fd9b5,19.30406379699707,256.97052812576294,0,782.151376247406,0,0,0,0
pubmed_node,val,4,4,pubmed_node:val:000004:6cb983368e8944b3,0,3169.714269,3169.536376953125,3081.910338,87.287365,1748.4999801963568,28.907048515975475,15.63417911529541,1116.7255295440555,269.1942710876465,844.4252319335938,124,0,1,0,0,0,0,0,0,0,188.40224266052246,9.377279877662659,64.38764762878418,7.027100920677185,cache_bf16,large_h6_n32_s100,6cb983368e8944b30bc924eb4020a30d5065fb01b2ef5c02b199be64bf33e9b1,19.468223571777344,209.3686082959175,0,654.5248472094536,0,0,0,0
pubmed_node,val,5,5,pubmed_node:val:000005:bfcf4d1c730efc30,0,2847.963241,2847.80810546875,2749.303961,98.180379,1342.480530962348,28.43407914042473,16.865900717675686,1165.737645700574,285.6566352844238,876.8032989501953,133,0,1,0,0,0,0,0,0,0,198.71539306640625,10.02403211593628,69.45686435699463,7.46034574508667,cache_bf16,large_h6_n32_s100,bfcf4d1c730efc304e239cb3af970903a2e266ed3f27e2d7282fbc532a6e8aae,19.430112838745117,223.710303992033,0,672.5231077969074,0,0,0,0
pubmed_node,val,6,6,pubmed_node:val:000006:9c0999ea8cda173f,0,2776.209729,2776.05810546875,2677.521572,98.205249,1122.2870955243707,28.38587947189808,18.054086714982986,1291.168076917529,329.6751708984375,957.9450225830078,145,0,1,0,0,0,0,0,0,0,233.63404846191406,11.891519904136658,75.54675197601318,8.602850556373596,cache_bf16,large_h6_n32_s100,9c0999ea8cda173fec529e4284200f02956108daa6e32d52ecc7a84cfc520f61,19.42233657836914,243.72102430462837,0,733.6463348567486,0,0,0,0
pubmed_node,val,7,7,pubmed_node:val:000007:73fad7735cbb80c8,0,2647.125632,2646.980224609375,2548.574729,98.086326,1117.989812977612,28.347586281597614,16.438690945506096,1209.1937083750963,341.21017837524414,864.7719573974609,130,0,1,0,0,0,0,0,0,0,252.4388198852539,12.881727933883667,66.7040319442749,9.185598611831665,cache_bf16,large_h6_n32_s100,73fad7735cbb80c8a27061dccc86e00763f7fc61a27c9a99f9f695000dca738e,19.332128524780273,219.2455681860447,0,664.8585177361965,0,0,0,0
pubmed_node,val,8,8,pubmed_node:val:000008:c8433754e7285bf8,0,3827.6461,3827.445556640625,3727.910075,99.235938,2137.077769264579,28.302716091275215,19.031988456845284,1325.0652961432934,316.8622741699219,1004.5115814208984,151,0,1,0,0,0,0,0,0,0,218.51526260375977,11.08185589313507,79.13606452941895,8.129091143608093,cache_bf16,large_h6_n32_s100,c8433754e7285bf8a4c032f59fe4a9d0c1870a00101332edbe9c95cf3b933ab8,19.291168212890625,253.03718429803848,0,770.7655653357506,0,0,0,0
pubmed_node,val,9,9,pubmed_node:val:000009:3eb9ea5887ef7585,0,3254.774578,3254.601806640625,3156.36518,97.946192,1832.6744977384806,28.23061589151621,15.848744660615921,1103.7292992696166,269.66262435913086,830.9774169921875,125,0,1,0,0,0,0,0,0,0,188.1563835144043,9.400223970413208,65.07052803039551,7.035488843917847,cache_bf16,large_h6_n32_s100,3eb9ea5887ef758544ad93510b261e3883f98785fa7977333e5c9b3b495a4012,19.217151641845703,211.0063038468361,0,639.1882647871971,0,0,0,0
pubmed_node,val,10,10,pubmed_node:val:000010:5cb00ee23662f02d,0,3447.926178,3447.74462890625,3349.221613,98.184993,1962.084962055087,28.231924399733543,16.666332259774208,1161.8669210001826,280.30294036865234,878.3085784912109,132,0,1,0,0,0,0,0,0,0,194.57811164855957,9.729600191116333,68.69292831420898,7.302300214767456,cache_bf16,large_h6_n32_s100,5cb00ee23662f02d38fa2699f19d1846513df6d5ac75f0ae1676a446bb37bf47,19.218591690063477,222.41206434369087,0,675.1151058375835,0,0,0,0
pubmed_node,val,11,11,pubmed_node:val:000011:2eadcea45e1dd3ec,0,3920.317806,3920.1162109375,3820.552218,99.229112,2266.567808575928,28.170091100037098,18.205749802291393,1293.8672015443444,319.4894714355469,970.8255157470703,146,0,1,0,0,0,0,0,0,0,223.80786895751953,11.344640016555786,76.05324745178223,8.283715009689331,cache_bf16,large_h6_n32_s100,2eadcea45e1dd3ec849bab3eb77700f3c88b4aee3d61ffe8d61376c8aaf05e6a,19.277088165283203,244.6850881278515,0,745.417515784502,0,0,0,0
pubmed_node,val,12,12,pubmed_node:val:000012:1788defb14873a9a,0,4160.322575,4160.11279296875,4059.87493,99.565433,2383.20623524487,28.511359356343746,19.152412191033363,1442.0380890369415,413.41670989990234,1024.8437957763672,154,0,1,0,0,0,0,0,0,0,307.57951736450195,15.37881588935852,79.58678531646729,10.871591329574585,cache_bf16,large_h6_n32_s100,1788defb14873a9a1d2d053162495956e88865ab1ef5598fd3ba178d8afa1c57,19.378591537475586,257.6517440676689,0,786.5706432461739,0,0,0,0
pubmed_node,val,13,13,pubmed_node:val:000013:3ae2f12db55cd760,0,3411.040056,3410.86376953125,3309.501349,101.020677,1960.241842083633,28.199058026075363,18.453571014106274,1139.2072457820177,283.54163360595703,852.5192413330078,127,0,1,0,0,0,0,0,0,0,200.2624282836914,10.146880030632019,65.62921524047852,7.50311005115509,cache_bf16,large_h6_n32_s100,3ae2f12db55cd7609e76087ad22248e1c257e5f697615138fa2257142b9bd72a,19.264095306396484,215.9559364914894,0,655.8274001479149,0,0,0,0
pubmed_node,val,14,14,pubmed_node:val:000014:66da69774fbdb56c,0,2452.937737,2452.8046875,2368.4066,84.137083,1407.3163690045476,27.449623681604862,11.672371998429298,792.545722797513,173.62345695495605,616.5922241210938,92,0,1,0,0,0,0,0,0,0,116.57705497741699,5.6219839453697205,46.90828800201416,4.516130030155182,cache_bf16,large_h6_n32_s100,66da69774fbdb56ce912c9525ac19ada38ef986b23d12bb1e054f9859b5704ce,19.328384399414062,157.5035839676857,0,478.4170245528221,0,0,0,0
pubmed_node,val,15,15,pubmed_node:val:000015:f0751855e6e41c67,0,2723.593389,2723.4482421875,2637.405258,85.788264,1542.6534041762352,27.387133799493313,13.443315401673317,917.4717850983143,203.83417510986328,710.9999923706055,106,0,1,0,0,0,0,0,0,0,137.64195251464844,6.6791040897369385,54.229087829589844,5.2840306758880615,cache_bf16,large_h6_n32_s100,f0751855e6e41c672f5d0afc7b6d20b09a9a224215d1a785c1b8e591b081839a,19.30316734313965,180.17264020442963,0,550.1305195093155,0,0,0,0
pubmed_node,val,16,16,pubmed_node:val:000016:3ed1c74e3ebb07b0,0,3743.502466,3743.314208984375,3643.659486,99.308325,2014.5067097619176,28.23299542069435,18.405715934932232,1410.9325436875224,430.5306625366211,976.7879943847656,148,0,1,0,0,0,0,0,0,0,325.40534591674805,16.715840339660645,77.04819393157959,11.361282348632812,cache_bf16,large_h6_n32_s100,3ed1c74e3ebb07b09e43ce0aee18a6ccdd6f5a54d4971bcec6e8719e2691fa2d,19.291040420532227,248.16118383407593,0,747.9178509712219,0,0,0,0
pubmed_node,val,17,17,pubmed_node:val:000017:bd15b31a2fd7cc0f,0,1528.997194,1528.9063720703125,1429.553733,99.032114,177.28797253221273,27.363396249711514,14.830200932919979,1051.1021064594388,260.48208236694336,787.6847076416016,119,0,1,0,0,0,0,0,0,0,181.6823673248291,9.173471927642822,62.783936500549316,6.842306613922119,cache_bf16,large_h6_n32_s100,bd15b31a2fd7cc0f0f6139fcf0c3ca72dd1fecb045bed3ad559096622394b21a,19.04694366455078,201.12656006217003,0,605.6050912439823,0,0,0,0
pubmed_node,val,18,18,pubmed_node:val:000018:c586742935157694,0,1516.298264,1516.2078857421875,1416.643938,99.212594,130.6419037282467,29.032274149358273,12.513121590018272,1108.0715395510197,198.48793411254883,907.0334701538086,102,0,1,0,0,0,0,0,0,0,134.50672149658203,6.521152019500732,52.307265281677246,5.152795314788818,cache_bf16,large_h6_n32_s100,c586742935157694f32278cfbc24c426199a5ed4fd95c5b7ede3009f331b28eb,20.83945655822754,173.63648039102554,0,754.2364463210106,0,0,0,0
pubmed_node,val,19,19,pubmed_node:val:000019:98e9b39b73bf0974,0,1911.342471,1911.234130859375,1811.046744,99.453415,235.94576120376587,27.379846200346947,18.611830659210682,1323.8000040873885,306.7930564880371,1013.2992858886719,153,0,1,0,0,0,0,0,0,0,208.9543685913086,10.251999855041504,79.79683208465576,7.78985595703125,cache_bf16,large_h6_n32_s100,98e9b39b73bf097400a0f3c256f1cca598222ba4cd60ce52820ebc7897e4d5cb,19.051616668701172,255.9917765557766,0,776.3591260015965,0,0,0,0
pubmed_node,val,20,20,pubmed_node:val:000020:bf1b004b79edc11e,0,1585.944475,1585.851806640625,1487.835687,97.679096,184.03299245983362,27.352298609912395,15.652792528271675,1090.214821510017,254.2949447631836,832.8276519775391,126,0,1,0,0,0,0,0,0,0,173.64374351501465,8.574496030807495,65.46089553833008,6.615809679031372,cache_bf16,large_h6_n32_s100,bf1b004b79edc11e332406daf821c0a784e4d9edd5a05b447ba4d9270a39f35c,19.024799346923828,212.6015681028366,0,639.2508832216263,0,0,0,0
pubmed_node,val,21,21,pubmed_node:val:000021:7fa5c3c5999e3949,0,2022.573796,2022.46142578125,1922.946496,99.140059,270.5595726147294,27.482256293296814,18.574913032352924,1434.1820403933525,425.82191467285156,1004.6945037841797,151,0,1,0,0,0,0,0,0,0,318.94445037841797,16.323359727859497,79.4678087234497,11.08629584312439,cache_bf16,large_h6_n32_s100,7fa5c3c5999e3949085af06980d6a4430e476a7003de0c05f1cf88596e92d0a5,19.102048873901367,253.15433612465858,0,770.6422165334225,0,0,0,0
pubmed_node,val,22,22,pubmed_node:val:000022:a10839173b37d3e8,0,1603.162073,1603.06787109375,1520.11915,82.642249,223.4428869560361,27.55042538046837,15.396987088024616,1092.7247777581215,269.6324119567871,820.0502624511719,124,0,1,0,0,0,0,0,0,0,188.60931205749512,9.413631916046143,64.55103969573975,7.0584282875061035,cache_bf16,large_h6_n32_s100,a10839173b37d3e868be841b6d0f27bd2d910b6cb84bf71e1f041211680112b7,19.113983154296875,209.0562561750412,0,630.1079894304276,0,0,0,0
pubmed_node,val,23,23,pubmed_node:val:000023:d3a53bb345d5ec4a,0,1897.618243,1897.5113525390625,1798.048144,99.096962,263.06873746216297,27.560744434595108,23.800306022167206,1319.1743409261107,355.4877738952637,960.2277221679688,142,0,1,0,0,0,0,0,0,0,258.53775787353516,13.447744131088257,74.11385536193848,9.388416528701782,cache_bf16,large_h6_n32_s100,d3a53bb345d5ec4a5feb3e35bbe8020e20289e986e59e7edeeca00fa332b3f6c,19.105728149414062,238.33699217438698,0,740.9964581429958,0,0,0,0
pubmed_node,val,24,24,pubmed_node:val:000024:2a55de8c0484f54f,0,1737.183229,1737.0831298828125,1637.718303,98.997212,255.83634711802006,27.525554411113262,16.334114596247673,1160.4470126330853,286.09283447265625,871.1184997558594,132,0,1,0,0,0,0,0,0,0,199.6431427001953,10.023936033248901,68.9264326095581,7.499323129653931,cache_bf16,large_h6_n32_s100,2a55de8c0484f54f333df92b9e14b2e1c89000890e23915d80955e0bd51e357c,19.126527786254883,223.80614429712296,0,666.4388832449913,0,0,0,0
pubmed_node,val,25,25,pubmed_node:val:000025:5070ff02b2831775,0,1623.754442,1623.65966796875,1525.430047,97.917077,208.7043346837163,27.37327665090561,15.492829494178295,1114.9255000054836,273.15225982666016,838.6593475341797,127,0,1,0,0,0,0,0,0,0,190.57974815368652,9.60480010509491,65.83881568908691,7.128895878791809,cache_bf16,large_h6_n32_s100,5070ff02b2831775f7c4fdf4531bb7d0373ce597cf6d152a649f4f508bc5ba33,19.055551528930664,214.13020822405815,0,643.5846908390522,0,0,0,0
pubmed_node,val,26,26,pubmed_node:val:000026:885c9a7d4174674c,0,1869.173033,1869.06787109375,1769.6965,99.061669,226.94977186620235,27.369908057153225,17.14137103408575,1332.5652042403817,401.4962844848633,927.6421356201172,141,0,1,0,0,0,0,0,0,0,301.93561935424805,15.244768142700195,73.8375358581543,10.478361129760742,cache_bf16,large_h6_n32_s100,885c9a7d4174674cfab34ac73ccc785c6d79173447330a08c079df080ad982ca,19.044063568115234,236.68857669830322,0,709.9976224899292,0,0,0,0
pubmed_node,val,27,27,pubmed_node:val:000027:ad4aba8144842828,0,1613.86236,1613.7686767578125,1514.433546,98.984379,196.62845227867365,27.501721866428852,15.73717687278986,1115.8252973109484,272.4027519226074,840.3076782226562,127,0,1,0,0,0,0,0,0,0,190.09871673583984,9.455680131912231,65.71148777008057,7.13686728477478,cache_bf16,large_h6_n32_s100,ad4aba81448428285942c1719a5e5cc512830c0d2585c286e62c56f32cecb67c,19.06710433959961,214.1964160501957,0,645.1783665120602,0,0,0,0
pubmed_node,val,28,28,pubmed_node:val:000028:3d91c9f8ead67db3,0,1801.051296,1800.9490966796875,1701.537594,99.028775,255.5698398500681,27.45485957711935,16.69428590685129,1206.4993865787983,298.28550720214844,904.8742218017578,137,0,1,0,0,0,0,0,0,0,208.88035202026367,10.268831849098206,71.28783893585205,7.848484396934509,cache_bf16,large_h6_n32_s100,3d91c9f8ead67db341e2cce801cea8cbe1cb1d7623ea02cfc6ce93466ca4ae84,19.101503372192383,230.08086395263672,0,693.8948612213135,0,0,0,0
pubmed_node,val,29,29,pubmed_node:val:000029:03f83dd4da512183,0,1730.71671,1730.61865234375,1632.208831,98.019299,220.769883133471,26.703884825110435,16.480117104947567,1174.4856974110007,295.8652114868164,875.36962890625,133,0,1,0,0,0,0,0,0,0,207.80614471435547,10.475903868675232,69.866623878479,7.716539025306702,cache_bf16,large_h6_n32_s100,03f83dd4da512183ae57c77bcf096e47da6d6c26178b54ec85fe60c6294d0cd3,19.878751754760742,225.41484794020653,0,669.8335327208042,0,0,0,0
pubmed_node,val,30,30,pubmed_node:val:000030:b89ec93803416530,0,1887.511511,1887.406982421875,1787.977972,99.051032,256.1859218403697,27.55166869610548,17.905491404235363,1290.1386236771941,317.2927017211914,969.2715301513672,147,0,1,0,0,0,0,0,0,0,221.33737182617188,11.210336089134216,76.5139217376709,8.231072068214417,cache_bf16,large_h6_n32_s100,b89ec938034165309eebc4b81a818dcf6e1faa483c539e9eeba571f6c6cf5562,19.083520889282227,246.4738239645958,0,741.8812270760536,0,0,0,0
pubmed_node,val,31,31,pubmed_node:val:000031:0576bc857275dc49,0,2028.574605,2028.463623046875,1930.226602,97.867426,267.7323529496789,27.58464589715004,19.37093399465084,1406.8208886310458,370.8063659667969,1032.2177429199219,157,0,1,0,0,0,0,0,0,0,266.04083251953125,13.67078423500061,81.49548816680908,9.599261045455933,cache_bf16,large_h6_n32_s100,0576bc857275dc49654757d107566a65b7a587120e66537543dfb2708d9cc3fc,19.100160598754883,262.62550389766693,0,788.6923996210098,0,0,0,0
pubmed_node,val,32,32,pubmed_node:val:000032:03d0149b4d261d5d,0,1484.615139,1484.52783203125,1385.015321,99.102638,153.94791588187218,27.31167059391737,14.533442445099354,1038.4092256426811,246.70316696166992,788.7732391357422,119,0,1,0,0,0,0,0,0,0,169.14543914794922,8.376128196716309,62.773311614990234,6.40828800201416,cache_bf16,large_h6_n32_s100,03d0149b4d261d5d6cebbb5283b5f3318df7d1a501a4c27dd9de49159e4b32ae,18.991039276123047,201.25072008371353,0,606.5135583281517,0,0,0,0
pubmed_node,val,33,33,pubmed_node:val:000033:8fcc56881b5f3a87,0,1609.728465,1609.63525390625,1510.421591,98.865294,203.2992085441947,27.357498183846474,15.615944750607014,1092.273898422718,256.90607833862305,832.2753448486328,126,0,1,0,0,0,0,0,0,0,175.88553619384766,8.699903964996338,65.6854076385498,6.635230541229248,cache_bf16,large_h6_n32_s100,8fcc56881b5f3a875f1a2d62402fe98148bf55746ef2d555f68cbe751c470b10,19.040128707885742,212.54815989732742,0,638.7673136591911,0,0,0,0
pubmed_node,val,34,34,pubmed_node:val:000034:4a476e798942a5b9,0,1876.741358,1876.6370849609375,1776.746758,99.219861,230.1010861992836,27.506752870976925,17.709442414343357,1303.959185257554,332.98361587524414,967.438232421875,146,0,1,0,0,0,0,0,0,0,235.9213752746582,11.968799710273743,76.45574378967285,8.637697100639343,cache_bf16,large_h6_n32_s100,4a476e798942a5b957d569764332dea9601c53b0a697f000c9132212cade1633,19.146560668945312,246.77855986356735,0,739.806233227253,0,0,0,0
pubmed_node,val,35,35,pubmed_node:val:000035:309d3158121d10ec,0,1929.422247,1929.3155517578125,1830.790077,98.141274,235.1383911445737,27.27816440165043,18.07251386344433,1389.4008472561836,446.34979248046875,939.5367279052734,143,0,1,0,0,0,0,0,0,0,342.8667182922363,17.42086434364319,74.30374336242676,11.758466482162476,cache_bf16,large_h6_n32_s100,309d3158121d10ec82107315d715c0d0f5076c9cc56ebcf982e675480fbb39df,18.947296142578125,240.03699189424515,0,718.4470321536064,0,0,0,0
pubmed_node,val,36,36,pubmed_node:val:000036:fb889eb96d5d156b,0,1609.078513,1608.9854736328125,1509.775124,98.931386,188.29974066466093,27.243711054325104,15.872937627136707,1117.9752638563514,273.9774398803711,840.8698425292969,128,0,1,0,0,0,0,0,0,0,191.1717472076416,9.525888085365295,66.10972690582275,7.170077681541443,cache_bf16,large_h6_n32_s100,fb889eb96d5d156b1860a275b042dfdae26350bb5b48dbdee752274ea4d9a1f4,18.996063232421875,215.52883192896843,0,644.3370738327503,0,0,0,0
pubmed_node,val,37,37,pubmed_node:val:000037:981f674e904f2b02,0,1966.998894,1966.8909912109375,1868.032517,98.387701,265.6715391203761,27.585997246205807,18.572029657661915,1336.284994147718,326.25091552734375,1006.3233642578125,153,0,1,0,0,0,0,0,0,0,226.36946868896484,11.40447998046875,80.12287998199463,8.354086875915527,cache_bf16,large_h6_n32_s100,981f674e904f2b027b39ed210e8c12d69f581dc5068c2b9d13be80b75e60e359,19.102432250976562,256.28816014528275,0,769.1376363635063,0,0,0,0
pubmed_node,val,38,38,pubmed_node:val:000038:b2e6372b71a838dc,0,1639.313428,1639.2197265625,1539.850546,99.068224,206.47845417261124,27.72191632539034,15.73232002556324,1127.1536871790886,286.1757125854492,837.8582153320312,127,0,1,0,0,0,0,0,0,0,202.42399978637695,10.279680013656616,65.98192024230957,7.490112543106079,cache_bf16,large_h6_n32_s100,b2e6372b71a838dcd6f02bbc8555cb73a30761a595e13162c5d8b990b13a467d,19.112991333007812,214.1207681298256,0,642.8504385352135,0,0,0,0
pubmed_node,val,39,39,pubmed_node:val:000039:6d37c1f5d1d707fb,0,1927.09254,1926.9869384765625,1827.610874,99.026923,229.3627392500639,27.408367954194546,18.922453746199608,1337.1195569634438,324.5352973937988,1008.8864135742188,153,0,1,0,0,0,0,0,0,0,224.3833885192871,11.335935950279236,80.4658555984497,8.350117325782776,cache_bf16,large_h6_n32_s100,6d37c1f5d1d707fbfdca66b883f4835b31fb39560f4a0a9a611cb24c362b286a,19.073535919189453,256.1047044098377,0,771.8552450835705,0,0,0,0
pubmed_node,val,40,40,pubmed_node:val:000040:5a42f77dcacce4f2,0,1252.618054,1252.541015625,1154.493514,97.800744,141.00074023008347,25.681428611278534,12.202799320220947,836.6801794618368,186.05398559570312,648.181755065918,98,0,1,0,0,0,0,0,0,0,124.67116928100586,6.005343914031982,50.56380844116211,4.813663959503174,cache_bf16,large_h6_n32_s100,5a42f77dcacce4f22d807854c7f86896c7be9386c4b98234c1c6f4b64c50167b,18.969728469848633,167.19782415032387,0,499.95365938544273,0,0,0,0
pubmed_node,val,41,41,pubmed_node:val:000041:0493282c3c766898,0,2014.149739,2014.0404052734375,1914.570091,99.160209,262.20203563570976,27.70090103149414,19.034648314118385,1380.252723582089,354.39062881469727,1022.0939788818359,156,0,1,0,0,0,0,0,0,0,251.00909042358398,12.663135766983032,81.55958461761475,9.158818006515503,cache_bf16,large_h6_n32_s100,0493282c3c76689849e93b4fdd00487424b863991c764f5aff119764e10da113,19.147008895874023,261.03408002853394,0,780.206907749176,0,0,0,0
pubmed_node,val,42,42,pubmed_node:val:000042:dece42b23f5ab8c1,0,1858.561076,1858.4580078125,1758.972389,99.145662,231.33142665028572,27.439113706350327,17.16456562280655,1293.5911109670997,370.6300468444824,919.5667419433594,139,0,1,0,0,0,0,0,0,0,273.7007026672363,14.203551769256592,72.97967910766602,9.746113300323486,cache_bf16,large_h6_n32_s100,dece42b23f5ab8c18a0b3d9f728949e8e86a5b260c4d4d30da143a076a03c908,19.06608009338379,233.70313572883606,0,704.9296863079071,0,0,0,0
pubmed_node,val,43,43,pubmed_node:val:000043:ad2eb70e42589805,0,1256.677226,1256.6004638671875,1158.546005,97.78599,136.52008399367332,25.784115307033062,12.188853695988655,843.7046986073256,186.38191986083984,654.8744430541992,98,0,1,0,0,0,0,0,0,0,124.83881378173828,6.032927989959717,50.695072174072266,4.81510591506958,cache_bf16,large_h6_n32_s100,ad2eb70e425898059bafd39c555e19504a635d1fe4a1bb266151a845e0ea2528,18.960960388183594,167.17030408978462,0,506.6650993525982,0,0,0,0
pubmed_node,val,44,44,pubmed_node:val:000044:54785f8faebd606c,0,1979.600857,1979.4942626953125,1879.935457,99.132491,290.10353330522776,27.629843913018703,18.933486193418503,1326.7758702859282,319.3025894165039,1003.7692718505859,153,0,1,0,0,0,0,0,0,0,220.17110443115234,10.882400035858154,79.92851257324219,8.32057237625122,cache_bf16,large_h6_n32_s100,54785f8faebd606ceb512a12455432d412fc5024da2ed15f219a830ed6869bfb,19.11497688293457,256.2214077413082,0,766.6628409922123,0,0,0,0
pubmed_node,val,45,45,pubmed_node:val:000045:e9055cd27b9aef3e,0,1743.09209,1742.994140625,1658.623858,84.047702,213.7594036757946,27.297399938106537,17.334156669676304,1231.7185774445534,306.6814079284668,921.6293029785156,140,0,1,0,0,0,0,0,0,0,214.76831817626953,10.830496072769165,73.0990400314331,7.983553647994995,cache_bf16,large_h6_n32_s100,e9055cd27b9aef3ed7e54152eff66d0bc75f4b0feecc6e2f55e01836629508f3,18.98899269104004,235.17184016108513,0,705.4464555084705,0,0,0,0
pubmed_node,val,46,46,pubmed_node:val:000046:6c9377f0adca3b15,0,2001.029662,2000.9215087890625,1901.069842,99.404228,219.3244630470872,27.319999411702156,16.963686794042587,1439.9861907586455,300.3659858703613,1136.2604675292969,137,0,1,0,0,0,0,0,0,0,210.17340850830078,10.518720149993896,71.84687900543213,7.8269782066345215,cache_bf16,large_h6_n32_s100,6c9377f0adca3b153f44525e6b787131db867b943bbe5a4dddb52b9c35c9cfcd,18.977407455444336,230.54214414954185,0,924.6957308351994,0,0,0,0
pubmed_node,val,47,47,pubmed_node:val:000047:617c9bcb7e665f9b,0,1238.352339,1238.2767333984375,1140.384777,97.602744,124.68281760811806,25.782808661460876,12.266241014003754,838.1001902744174,186.12652778625488,649.5314483642578,98,0,1,0,0,0,0,0,0,0,124.68767929077148,6.006975948810577,50.6157751083374,4.816097438335419,cache_bf16,large_h6_n32_s100,617c9bcb7e665f9ba60f95c2a718d03a03553227e49324fb3765176d3f98db26,18.969280242919922,166.99347203969955,0,501.5072565674782,0,0,0,0
pubmed_node,val,48,48,pubmed_node:val:000048:e8ca59b7046f9d3f,0,2243.279389,2243.16064453125,2143.564807,99.260905,295.9224218502641,27.41059474647045,20.511027425527573,1616.0820974037051,518.4970855712891,1093.5916748046875,166,0,1,0,0,0,0,0,0,0,397.4539566040039,20.161792039871216,87.29107189178467,13.590265035629272,cache_bf16,large_h6_n32_s100,e8ca59b7046f9d3f53551654a513deb70b3893ae1770938a7e92b1b2cb3d450d,19.055967330932617,277.4851838350296,0,835.1624583005905,0,0,0,0
pubmed_node,val,49,49,pubmed_node:val:000049:7b8fbd3ff2460d39,0,1275.691633,1275.6151123046875,1176.219533,99.087916,122.95593693852425,25.795016437768936,12.731283903121948,876.0808678343892,199.67356491088867,673.8661193847656,102,0,1,0,0,0,0,0,0,0,135.3115520477295,6.557983875274658,52.62672138214111,5.177307605743408,cache_bf16,large_h6_n32_s100,7b8fbd3ff2460d39ac4161d215a855e0034a86bf6bf38be62aded1aefbc5bdb2,18.97750473022461,173.71673607826233,0,519.1268880367279,0,0,0,0
pubmed_node,val,50,50,pubmed_node:val:000050:09c212ce9ff12bc8,0,1347.727542,1347.648193359375,1248.4384,98.906877,133.55943839997053,25.799566879868507,13.540571555495262,935.2734889835119,213.96883392333984,718.6118087768555,109,0,1,0,0,0,0,0,0,0,144.44188690185547,6.987007975578308,57.009727478027344,5.530211567878723,cache_bf16,large_h6_n32_s100,09c212ce9ff12bc884bb09a4fbf8cc5bcc91524b89d899bd18862540082a0ea0,19.029247283935547,185.1009601354599,0,552.5400959253311,0,0,0,0
pubmed_node,val,51,51,pubmed_node:val:000051:047b982ae0561338,0,1597.016637,1596.92626953125,1498.783939,97.813009,174.2849750444293,27.460338547825813,15.556806698441505,1121.843883767724,274.4761657714844,844.2415924072266,128,0,1,0,0,0,0,0,0,0,191.43552017211914,9.609632134437561,66.24339199066162,7.187621474266052,cache_bf16,large_h6_n32_s100,047b982ae0561338195fb81d2b0caa578afc79f2bd21c25efc01dd75a277f327,19.07904052734375,215.86608028411865,0,647.4545526504517,0,0,0,0
pubmed_node,val,52,52,pubmed_node:val:000052:e11f34673d087d20,0,1807.134114,1807.034912109375,1707.486762,99.146184,222.41888009011745,27.367379516363144,17.681371420621872,1250.6412388756871,305.4248924255371,941.7368927001953,143,0,1,0,0,0,0,0,0,0,212.3740463256836,10.681407928466797,74.41423988342285,7.955198287963867,cache_bf16,large_h6_n32_s100,e11f34673d087d2099e9edc51449fc2588d2558edb3f8dce0c0919f1ab3af096,19.039520263671875,240.1324160695076,0,720.6439968943596,0,0,0,0
pubmed_node,val,53,53,pubmed_node:val:000053:ba17d5bf4441056b,0,748.839151,748.7838745117188,650.764587,97.781544,63.97893279790878,25.751027278602123,6.950334645807743,466.75137616693974,99.86754989624023,365.42729568481445,55,0,1,0,0,0,0,0,0,0,66.0183687210083,3.188319981098175,28.056000232696533,2.6048609614372253,cache_bf16,large_h6_n32_s100,ba17d5bf4441056b743987fc7d6b3c355cfcb89e11317c3fbb003748c4d79683,18.983455657958984,97.52367997169495,0,286.8870713710785,0,0,0,0
pubmed_node,val,54,54,pubmed_node:val:000054:979bf8339c9987cf,0,2065.047386,2064.93798828125,1966.756524,97.85923,280.37260845303535,27.527122758328915,19.055990502238274,1458.137920126319,444.8624954223633,1009.5488128662109,154,0,1,0,0,0,0,0,0,0,335.77942276000977,17.25100803375244,80.17958450317383,11.652480125427246,cache_bf16,large_h6_n32_s100,979bf8339c9987cf7e76093b722cb7fb5b75ab455eadbe0f8e999a336eff9341,19.086463928222656,257.5838395059109,0,771.0514372885227,0,0,0,0
pubmed_node,val,55,55,pubmed_node:val:000055:9010e38b1b9f45d7,0,2040.026501,2039.91796875,1941.589098,97.984074,258.3016538992524,27.41864137351513,18.77840980887413,1468.5274055227637,462.09519958496094,1002.7418518066406,152,0,1,0,0,0,0,0,0,0,352.1250228881836,18.043967962265015,79.63708972930908,12.289119005203247,cache_bf16,large_h6_n32_s100,9010e38b1b9f45d7563a6079e929718e39b72bd85e381e68d2881c556a06e6c1,19.07913589477539,254.8602244257927,0,766.9607632756233,0,0,0,0
pubmed_node,val,56,56,pubmed_node:val:000056:bb54d7fee9186b6b,0,1839.515573,1839.414794921875,1740.088122,98.997146,218.36593840271235,27.41827256977558,17.230287194252014,1287.3858576640487,369.08204650878906,914.9164886474609,139,0,1,0,0,0,0,0,0,0,272.37734603881836,13.822527885437012,73.13145637512207,9.750716209411621,cache_bf16,large_h6_n32_s100,bb54d7fee9186b6bc892327aa4947d40c66b18854e90e8bb7ec95af7418eec9b,19.030527114868164,233.84483209252357,0,700.1021836698055,0,0,0,0
pubmed_node,val,57,57,pubmed_node:val:000057:9ff0bba85a6caa80,0,1661.673601,1661.5819091796875,1562.107902,99.119206,199.28615726530552,27.180515229701996,15.826519578695297,1136.2549141049385,278.9674606323242,854.1064758300781,130,0,1,0,0,0,0,0,0,0,194.81939315795898,9.75980794429779,67.07078456878662,7.317474961280823,cache_bf16,large_h6_n32_s100,9ff0bba85a6caa80fab514253b7c2954d17517c315b3b175aefb5db4dd5102d1,19.052448272705078,219.02652829885483,0,654.1323958039284,0,0,0,0
pubmed_node,val,58,58,pubmed_node:val:000058:7ac12a029e2ea1ad,0,1733.450184,1733.3548583984375,1635.038958,97.975507,222.87291288375854,27.56123524159193,16.7238162830472,1177.0579647272825,286.37033462524414,887.3868255615234,135,0,1,0,0,0,0,0,0,0,198.90832138061523,9.954815983772278,70.0930233001709,7.41417396068573,cache_bf16,large_h6_n32_s100,7ac12a029e2ea1adfa3f1acbdafe7247347044365e5c75292b427738630bc27f,19.094144821166992,226.98985624313354,0,679.4911141395569,0,0,0,0
pubmed_node,val,59,59,pubmed_node:val:000059:dcc80dca8cbac494,0,1774.194476,1774.09765625,1674.495218,99.246425,362.65272181481123,28.032856062054634,15.549167059361935,1100.8238159120083,258.61449813842773,839.0874633789062,127,0,1,0,0,0,0,0,0,0,177.2071361541748,8.733215928077698,65.9517126083374,6.72243344783783,cache_bf16,large_h6_n32_s100,dcc80dca8cbac49477508e74db2b4512623eafb35c1b1d281fae5296f406c00b,19.252704620361328,214.4087362587452,0,643.9314317405224,0,0,0,0
pubmed_node,val,60,60,pubmed_node:val:000060:f7aab1a5e58872f2,0,2045.340344,2045.2332763671875,1945.77254,99.169661,821.452553384006,26.672925800085068,13.726080767810345,933.2020590081811,205.37344360351562,725.08837890625,110,0,1,0,0,0,0,0,0,0,136.36320304870605,6.5427199602127075,57.19040012359619,5.277120471000671,cache_bf16,large_h6_n32_s100,f7aab1a5e58872f23a0d018a88ae3618a18cd2d3aba215c6168b1d78a417cbb5,19.29497528076172,186.5599679350853,0,557.8233862519264,0,0,0,0
pubmed_node,val,61,61,pubmed_node:val:000061:3fafc63cd3e3d755,0,2775.697917,2775.560302734375,2674.389397,100.728643,1080.951222218573,28.231746517121792,17.564606852829456,1386.571379378438,444.106689453125,938.9686126708984,143,0,1,0,0,0,0,0,0,0,340.3391418457031,17.680288076400757,74.30742263793945,11.779836893081665,cache_bf16,large_h6_n32_s100,3fafc63cd3e3d755ac37ba950ee2d90b2c87a30f051d13564eb02b986354f9ff,19.271808624267578,239.99481639266014,0,718.2456049025059,0,0,0,0
pubmed_node,val,62,62,pubmed_node:val:000062:333f83f2fefc467c,0,1714.122677,1714.0289306640625,1614.690372,99.045267,189.70357067883015,27.35706139355898,16.51308871805668,1212.4252449721098,333.3539848327637,875.8227844238281,133,0,1,0,0,0,0,0,0,0,242.5110740661621,12.208640217781067,69.95827102661133,8.675999522209167,cache_bf16,large_h6_n32_s100,333f83f2fefc467c8ddde326a54b73d95b1c4ca62041cff670410da951439d4c,19.027551651000977,223.96844774484634,0,670.8818883299828,0,0,0,0
pubmed_node,val,63,63,pubmed_node:val:000063:6d4432a0f007f084,0,1616.279051,1616.189208984375,1516.641967,99.198455,185.9841551631689,27.490773238241673,15.780721791088581,1126.236667856574,285.46268463134766,837.6576385498047,127,0,1,0,0,0,0,0,0,0,201.81494522094727,10.150303959846497,65.97980785369873,7.517627596855164,cache_bf16,large_h6_n32_s100,6d4432a0f007f084a11c6d976221112748fae7f57fde1d12670a3133d46f5944,19.083295822143555,214.2500481903553,0,642.4908861815929,0,0,0,0
pubmed_node,val,64,64,pubmed_node:val:000064:e3dbe99c136a4258,0,1534.976021,1534.89013671875,1435.309511,99.267252,159.18858256191015,27.286293916404247,15.400761738419533,1084.955733269453,264.92309951782227,816.9942932128906,124,0,1,0,0,0,0,0,0,0,184.34671783447266,9.08563220500946,64.56031894683838,6.93043053150177,cache_bf16,large_h6_n32_s100,e3dbe99c136a4258f7ad2ea61aa5b13d5ab744640704de8553a3ad99e04e6e2f,18.9835205078125,209.097759693861,0,626.8800540268421,0,0,0,0
pubmed_node,val,65,65,pubmed_node:val:000065:cb2105207b3051f0,0,1622.7755,1622.684814453125,1524.350874,98.007351,190.37786964327097,27.553360909223557,15.756507404148579,1114.9148736149073,274.1643829345703,837.6352691650391,127,0,1,0,0,0,0,0,0,0,191.4846420288086,9.502560019493103,66.02355289459229,7.153627991676331,cache_bf16,large_h6_n32_s100,cb2105207b3051f053a04c5df7e6abd109903af95851491acc0435ffd4e167cc,19.128576278686523,214.1356157064438,0,642.6282297372818,0,0,0,0
pubmed_node,val,66,66,pubmed_node:val:000066:b863ad2a9baa79e0,0,1970.167841,1970.06396484375,1870.288548,99.383315,243.7483612447977,27.369985356926918,19.25415638834238,1364.4790444523096,318.5733070373535,1042.0893249511719,158,0,1,0,0,0,0,0,0,0,217.38698196411133,10.859039783477783,82.15481662750244,8.172468662261963,cache_bf16,large_h6_n32_s100,b863ad2a9baa79e0c9f3f2f8b5388dba36bc4181f8cf4079d8d758a0d18d73e4,19.092575073242188,264.41772815585136,0,796.7641718685627,0,0,0,0
pubmed_node,val,67,67,pubmed_node:val:000067:fb90d33c0f3a8a6b,0,1578.0566,1577.9697265625,1479.70488,97.958907,163.74224703758955,27.43222936987877,15.230200253427029,1099.0448324009776,271.050594329834,824.9328918457031,125,0,1,0,0,0,0,0,0,0,188.94960021972656,9.47545599937439,65.5333423614502,7.092195749282837,cache_bf16,large_h6_n32_s100,fb90d33c0f3a8a6b217466e04d9c67f6b9e462f081ae18b9168c5ede39fc16ad,19.053119659423828,211.00688007473946,0,632.9791314303875,0,0,0,0
pubmed_node,val,68,68,pubmed_node:val:000068:e6e2970d414380b7,0,1615.561462,1615.4722900390625,1517.400883,97.768504,153.7654995918274,27.337859384715557,15.96632320433855,1146.4835852384567,294.2322883605957,849.0934295654297,129,0,1,0,0,0,0,0,0,0,209.01817321777344,10.564800024032593,66.96707057952881,7.682244539260864,cache_bf16,large_h6_n32_s100,e6e2970d414380b740b417ba5caa10452bc1fc3e649ec7a566d8692fd013358b,19.003231048583984,217.41775986552238,0,650.6789007484913,0,0,0,0
pubmed_node,val,69,69,pubmed_node:val:000069:72f4e4feaddec62f,0,2183.574928,2183.46337890625,2085.039337,98.02554,242.24545434117317,27.383084408938885,20.236666314303875,1616.1189079284668,519.6445922851562,1092.482406616211,166,0,1,0,0,0,0,0,0,0,398.6378936767578,20.14697575569153,87.29993534088135,13.559787511825562,cache_bf16,large_h6_n32_s100,72f4e4feaddec62fabc94cbf9e852ed8d1d442b643165b22b4109d8f479869d8,18.96611213684082,277.19065567851067,0,834.2578630745411,0,0,0,0
pubmed_node,val,70,70,pubmed_node:val:000070:5b36b85be8ad30a3,0,2083.551773,2083.443359375,1985.229711,97.908989,187.90849950164557,25.896537117660046,20.214379765093327,1561.9624480605125,475.8186950683594,1082.1959381103516,164,0,1,0,0,0,0,0,0,0,359.73632049560547,17.942399978637695,86.01103973388672,12.128934860229492,cache_bf16,large_h6_n32_s100,5b36b85be8ad30a3abbe80d35d7d66b8b492b6e10937eb49c5aa4c9f4bcd7134,19.08550453186035,273.8573439717293,0,827.4240986704826,0,0,0,0
pubmed_node,val,71,71,pubmed_node:val:000071:a3dfea97aa7e87f9,0,1790.126107,1790.0216064453125,1705.132914,84.47301,169.28783524781466,25.963365100324154,18.48102267831564,1313.3955569937825,327.5603218078613,982.2050933837891,149,0,1,0,0,0,0,0,0,0,229.66857528686523,11.35046398639679,78.06956768035889,8.471714854240417,cache_bf16,large_h6_n32_s100,a3dfea97aa7e87f9c12329bc160eba415932f1bae20785eb512614464790219a,19.075807571411133,250.07654371857643,0,751.2043572366238,0,0,0,0
pubmed_node,val,72,72,pubmed_node:val:000072:5d3ef41c093ef392,0,1795.012417,1794.91748046875,1710.622382,83.977982,175.60555506497622,25.923624634742737,18.54298822581768,1311.6643838584423,325.4958724975586,982.5547790527344,149,0,1,0,0,0,0,0,0,0,227.38710021972656,11.462176084518433,78.19603252410889,8.450563669204712,cache_bf16,large_h6_n32_s100,5d3ef41c093ef392b9c2c196ca0af8f22a2f684e8b9a459eb6aae22e26fb4f54,19.05232048034668,249.9447362422943,0,751.6623632907867,0,0,0,0
pubmed_node,val,73,73,pubmed_node:val:000073:26fee4e5dfcd8320,0,1552.299831,1552.2147216796875,1452.928147,98.973956,141.52564574033022,25.764753110706806,15.348163433372974,1106.5203016623855,268.7764129638672,834.6593627929688,126,0,1,0,0,0,0,0,0,0,186.71376037597656,9.288383960723877,65.76272010803223,7.0115485191345215,cache_bf16,large_h6_n32_s100,26fee4e5dfcd8320642c77d02695740581892076688260e9819183027b763d08,18.995967864990234,212.6952001452446,0,640.9601305127144,0,0,0,0
pubmed_node,val,74,74,pubmed_node:val:000074:927227b0d2cbed6d,0,1956.540982,1956.439453125,1857.060706,99.030624,176.2199467048049,25.828546844422817,18.68304144591093,1458.8907063007355,441.06752014160156,1014.096435546875,154,0,1,0,0,0,0,0,0,0,332.18819427490234,16.991552114486694,80.23449516296387,11.653278589248657,cache_bf16,large_h6_n32_s100,927227b0d2cbed6d067a367e78dc98164f9ecf541ef6796766ee1d7410d0d654,19.048831939697266,257.7768959105015,0,775.3683715760708,0,0,0,0
pubmed_node,val,75,75,pubmed_node:val:000075:b48edaa5bbd7b728,0,1990.479094,1990.3759765625,1891.069016,99.016749,172.86625970155,26.06772631406784,18.614173866808414,1494.1032947972417,480.2685775756836,1010.1269378662109,153,0,1,0,0,0,0,0,0,0,368.60998153686523,18.66431999206543,80.42934322357178,12.564932823181152,cache_bf16,large_h6_n32_s100,b48edaa5bbd7b728c6b0c0bf0b233bf593a83ea215b6143a872a5b9e79f54c08,19.091327667236328,256.2396485209465,0,772.9786170125008,0,0,0,0
pubmed_node,val,76,76,pubmed_node:val:000076:0a900ab1029a963b,0,1937.682177,1937.58203125,1838.105275,99.124255,158.13434589654207,25.78022237867117,16.97572972625494,1442.8680874407291,303.396484375,1136.1200866699219,137,0,1,0,0,0,0,0,0,0,212.58653259277344,10.806400060653687,72.14652824401855,7.857023477554321,cache_bf16,large_h6_n32_s100,0a900ab1029a963bb6132834040abc30a53caa4ddd18d4c40ca1aa2a63da73d0,19.014944076538086,230.57462430000305,0,924.5604064464569,0,0,0,0
pubmed_node,val,77,77,pubmed_node:val:000077:3625c095ad0da368,0,1584.814815,1584.7288818359375,1486.555305,97.855239,148.26713223010302,25.863328017294407,16.025470569729805,1104.4926811009645,248.00470352172852,853.3377685546875,129,0,1,0,0,0,0,0,0,0,166.69065475463867,8.11135995388031,66.82470321655273,6.377985596656799,cache_bf16,large_h6_n32_s100,3625c095ad0da36862923b06067bf9d2c8552d3eeceae1d9fecb4baba9d77cac,19.072864532470703,217.38364824652672,0,655.0269848406315,0,0,0,0
pubmed_node,val,78,78,pubmed_node:val:000078:6196be2c6ed1bbb5,0,1782.616294,1782.522216796875,1683.423623,98.802575,200.0368032604456,27.288639917969704,17.39935204386711,1250.32389909029,303.8451499938965,943.0231628417969,143,0,1,0,0,0,0,0,0,0,210.88492584228516,10.597984075546265,74.43967914581299,7.922560930252075,cache_bf16,large_h6_n32_s100,6196be2c6ed1bbb531bdb725451c7134849d0b380074ff7bde3cbaa6a234fca4,19.000896453857422,240.32940804958344,0,721.6946512460709,0,0,0,0
pubmed_node,val,79,79,pubmed_node:val:000079:b45b3b7f8cfc3c61,0,1849.310735,1849.214111328125,1749.803013,99.11888,214.1219088807702,27.509160339832306,18.043036572635174,1282.7452970668674,320.92943954467773,958.2722930908203,146,0,1,0,0,0,0,0,0,0,224.70109176635742,11.361760020256042,76.56585502624512,8.300732731819153,cache_bf16,large_h6_n32_s100,b45b3b7f8cfc3c61bc0c3af1ca47d3c4a4f613ee28c7c156f89fff5216359612,19.1760311126709,244.97318348288536,0,732.4751407206059,0,0,0,0
pubmed_node,val,80,80,pubmed_node:val:000080:36fca5e19444f772,0,1221.251714,1221.18017578125,1121.903169,99.030434,110.39022356271744,25.767719373106956,12.194950133562088,836.4345012232661,186.6754264831543,647.3143005371094,98,0,1,0,0,0,0,0,0,0,124.95148849487305,6.064064025878906,50.83952045440674,4.8203535079956055,cache_bf16,large_h6_n32_s100,36fca5e19444f772feaca11fd7afea2bee5f22ede0d5764ec098943f4516fbc2,19.040895462036133,167.28604808449745,0,499.06914791464806,0,0,0,0
pubmed_node,val,81,81,pubmed_node:val:000081:1c63bf6396d63c4a,0,1709.047635,1708.957275390625,1609.876945,98.809033,182.00585059821606,27.440871112048626,21.00111823529005,1212.1190810576081,325.60742568969727,883.267822265625,133,0,1,0,0,0,0,0,0,0,235.09471893310547,11.8749760389328,69.98873615264893,8.64899456501007,cache_bf16,large_h6_n32_s100,1c63bf6396d63c4a4d2682cc4bbff2f851f7607bff47af83e05dbbd1b138f402,19.05423927307129,223.89123222231865,0,678.4308293163776,0,0,0,0
pubmed_node,val,82,82,pubmed_node:val:000082:5d1e728a0bb57dcd,0,1218.487727,1218.4146728515625,1119.344328,98.823768,111.44204810261726,25.770549662411213,12.220432050526142,833.900879137218,186.49650955200195,644.9678649902344,98,0,1,0,0,0,0,0,0,0,124.83526420593262,6.032511949539185,50.813791275024414,4.814942121505737,cache_bf16,large_h6_n32_s100,5d1e728a0bb57dcdb7384205dff58d3a6814a8008ea8ae6f4a0c3594a62193eb,19.034271240234375,167.0766400694847,0,496.92549616098404,0,0,0,0
pubmed_node,val,83,83,pubmed_node:val:000083:080749376c19c8ad,0,1720.836397,1720.7462158203125,1621.46172,98.961082,181.49094842374325,27.409984730184078,16.49513468146324,1203.4747563302517,296.2031669616699,904.0313568115234,133,0,1,0,0,0,0,0,0,0,207.63702392578125,10.473599910736084,70.37948799133301,7.71305513381958,cache_bf16,large_h6_n32_s100,080749376c19c8ad19056c665f99eab03f816aff88630479fd4926c34a02ac10,19.074016571044922,223.9936642050743,0,699.111709177494,0,0,0,0
pubmed_node,val,84,84,pubmed_node:val:000084:be686f184fc2e4bc,0,2015.788677,2015.6868896484375,1916.353604,98.976028,250.9470945224166,27.47925464063883,19.090215675532818,1447.6536335423589,432.8303680419922,1011.1036224365234,154,0,1,0,0,0,0,0,0,0,325.0452194213867,16.304895877838135,80.21884822845459,11.261404514312744,cache_bf16,large_h6_n32_s100,be686f184fc2e4bcd461af13e035a777fbe7665bbfa958b0eb9f1a1419d2764f,19.034912109375,257.42684829235077,0,772.7116862535477,0,0,0,0
pubmed_node,val,85,85,pubmed_node:val:000085:4f6dfab955d4d7b5,0,2417.595771,2417.478515625,2319.102052,98.029773,1026.3754222542048,27.25344616919756,15.14673326164484,1081.4707968384027,261.29043197631836,817.1255340576172,124,0,1,0,0,0,0,0,0,0,180.32540893554688,9.088672041893005,65.17065620422363,6.705694794654846,cache_bf16,large_h6_n32_s100,4f6dfab955d4d7b537018896ab313c6a77d73adb7e95d3178d92ad2ac7774d8b,19.296703338623047,209.15209579467773,0,627.2701416015625,0,0,0,0
pubmed_node,val,86,86,pubmed_node:val:000086:4a064d4dd29b0985,0,3827.160968,3826.988525390625,3728.18328,98.452254,1879.3805688619614,28.214254416525364,20.894144661724567,1618.3436214923859,518.0371475219727,1096.2798156738281,166,0,1,0,0,0,0,0,0,0,396.47999572753906,20.462208032608032,87.5119047164917,13.583039045333862,cache_bf16,large_h6_n32_s100,4a064d4dd29b098557091b886a7cbfb5608b19f6e4316e8700033c6256a4cd53,19.273439407348633,277.2877765595913,0,838.2654785215855,0,0,0,0
pubmed_node,val,87,87,pubmed_node:val:000087:aada6044e805431c,0,2416.898416,2416.781494140625,2316.885013,99.506512,621.7589061707258,26.720101945102215,19.16050724685192,1480.9089209884405,468.0656967163086,1009.1442260742188,152,0,1,0,0,0,0,0,0,0,357.68476486206055,18.231103897094727,79.88067150115967,12.269156455993652,cache_bf16,large_h6_n32_s100,aada6044e805431c11f631b91969c43fb3d992f6f72776bf646eeb7e700292c5,19.277183532714844,254.9958400130272,0,773.4255695939064,0,0,0,0
pubmed_node,val,88,88,pubmed_node:val:000088:388fe6585d0aae4a,0,1461.265082,1461.18505859375,1361.834083,99.059859,240.1112550869584,26.291281916201115,13.727942481637001,940.9868223592639,214.2182388305664,724.0706939697266,109,0,1,0,0,0,0,0,0,0,144.6374053955078,6.993824124336243,57.06358337402344,5.523425936698914,cache_bf16,large_h6_n32_s100,388fe6585d0aae4a2e0d06212a81bc8df99b2a798224d8f8892f778cf86c4b05,19.242847442626953,185.2227837741375,0,558.090757638216,0,0,0,0
pubmed_node,val,89,89,pubmed_node:val:000089:140276012f84eb01,0,1874.831648,1874.73583984375,1774.963661,99.262649,174.36329927295446,26.533322408795357,18.778088502585888,1350.2940442413092,316.1201934814453,1030.5034790039062,151,0,1,0,0,0,0,0,0,0,217.20793533325195,10.927616000175476,79.81401538848877,8.170626759529114,cache_bf16,large_h6_n32_s100,140276012f84eb0196fbaa7f3978a9b4f8f96289b2aaf29e92f4a0ca84a6b717,19.263872146606445,253.63510364294052,0,796.1322475075722,0,0,0,0
pubmed_node,val,90,90,pubmed_node:val:000090:f6527251b3e8b39d,0,1884.055913,1883.9578857421875,1783.862604,99.684028,448.86487536132336,26.533909142017365,15.702425502240658,1121.6400191187859,259.16092681884766,859.3533630371094,127,0,1,0,0,0,0,0,0,0,177.44483375549316,8.837472081184387,66.17040061950684,6.708220362663269,cache_bf16,large_h6_n32_s100,f6527251b3e8b39d0c854eddc25611c68d355ab16086c48c23297687ada1db21,19.224416732788086,214.56748789548874,0,664.0102918744087,0,0,0,0
pubmed_node,val,91,91,pubmed_node:val:000091:93625c07e0b128a2,0,1684.883652,1684.79541015625,1584.766066,99.375625,156.0528799891472,25.972110219299793,16.71345066279173,1192.8541418164968,291.35385513305664,898.2401123046875,133,0,1,0,0,0,0,0,0,0,203.39538955688477,10.163295984268188,70.2706241607666,7.524545431137085,cache_bf16,large_h6_n32_s100,93625c07e0b128a228823087bf82f733cf1e736f19ea8c07ee29e6359bc3758d,19.118751525878906,223.93555226922035,0,693.423311561346,0,0,0,0
pubmed_node,val,92,92,pubmed_node:val:000092:11aa3c376a8b8756,0,1863.413451,1863.3177490234375,1763.96877,99.022304,182.6852122321725,25.90989787131548,17.733793705701828,1386.31032127887,399.3013458251953,983.5733337402344,141,0,1,0,0,0,0,0,0,0,299.17234802246094,15.442208051681519,74.16908836364746,10.517701387405396,cache_bf16,large_h6_n32_s100,11aa3c376a8b875666461798bd5bdf44c3f215076a600b76ffe17c8e686bf71b,19.035839080810547,237.13644796609879,0,765.4727248549461,0,0,0,0
pubmed_node,val,93,93,pubmed_node:val:000093:79cb920b6da709a8,0,1620.144256,1620.058349609375,1521.367043,98.32286,203.47594562917948,26.28909982740879,15.652967616915703,1126.8752058967948,273.8438415527344,849.9163513183594,127,0,1,0,0,0,0,0,0,0,191.01548957824707,9.539711833000183,66.15219211578369,7.13644802570343,cache_bf16,large_h6_n32_s100,79cb920b6da709a8a1d74fc681afdf377db44993f97aa0739bab3c13292d52c5,19.054847717285156,214.4381760954857,0,654.5330229401588,0,0,0,0
pubmed_node,val,94,94,pubmed_node:val:000094:a6dfe4f6ba1cb227,0,1904.440735,1904.3443603515625,1806.082241,97.914918,207.3130365461111,27.385645546019077,17.62248482555151,1402.6849465444684,446.3009033203125,952.908203125,143,0,1,0,0,0,0,0,0,0,342.61398696899414,17.4476797580719,74.46457576751709,11.77466082572937,cache_bf16,large_h6_n32_s100,a6dfe4f6ba1cb2278d7926201cd2749c5f6fd53fcad111d58f46c882acf7e0c2,18.960256576538086,240.36256021261215,0,731.5058994889259,0,0,0,0
pubmed_node,val,95,95,pubmed_node:val:000095:2facf91ee7f97441,0,1785.799417,1785.7086181640625,1684.570538,100.465252,199.5346648618579,27.750710025429726,17.38935522735119,1253.0661392956972,307.0075492858887,942.5998992919922,141,0,1,0,0,0,0,0,0,0,214.2082862854004,10.786272048950195,74.09439849853516,7.91859245300293,cache_bf16,large_h6_n32_s100,2facf91ee7f974414b17193fc1d60f574087fb3bccc62098e3e17ba63530f71d,19.1746883392334,238.61068773269653,0,723.163899898529,0,0,0,0
pubmed_node,val,96,96,pubmed_node:val:000096:af7b71f454b4dd4c,0,1310.974565,1310.9012451171875,1227.852296,82.713746,137.0260752737522,26.089388877153397,13.149585574865341,927.5933569297194,205.15276718139648,719.8085403442383,106,0,1,0,0,0,0,0,0,0,138.44326400756836,6.7215681076049805,54.68486499786377,5.303070068359375,cache_bf16,large_h6_n32_s100,af7b71f454b4dd4cdbaf983985b62120390d88819d7082afece48b62e4b62d88,19.077247619628906,181.64332780241966,0,557.2424601614475,0,0,0,0
pubmed_node,val,97,97,pubmed_node:val:000097:15dc86de74f9d323,0,2044.204158,2044.103271484375,1944.87371,98.894258,222.58764784783125,27.43764780461788,25.271990336477757,1459.9869241937995,376.9211196899414,1079.354965209961,154,0,1,0,0,0,0,0,0,0,273.17773056030273,13.670112133026123,80.30064010620117,9.772636890411377,cache_bf16,large_h6_n32_s100,15dc86de74f9d32340b622659c1026df4a08ac79b5852cf4147230f5c91abb4a,19.065568923950195,258.09984001517296,0,840.3206941187382,0,0,0,0
pubmed_node,val,98,98,pubmed_node:val:000098:65a3aa3f2fa39d9c,0,1591.667888,1591.5841064453125,1492.10343,99.165402,179.54428680241108,27.376284822821617,15.466892160475254,1108.477495610714,270.9464683532715,833.5431060791016,125,0,1,0,0,0,0,0,0,0,189.00262260437012,9.349631905555725,65.51180744171143,7.082406401634216,cache_bf16,large_h6_n32_s100,65a3aa3f2fa39d9c0ffb6c80726a266557b343795dab359b7c114116e36dba9c,19.03705596923828,211.1940795481205,0,641.3860825002193,0,0,0,0
pubmed_node,val,99,99,pubmed_node:val:000099:09b311fe7b8bca01,0,1849.438831,1849.3465576171875,1749.790157,99.218495,251.51110347360373,27.77157351374626,17.604711465537548,1273.9390935748816,322.72169494628906,947.7440338134766,143,0,1,0,0,0,0,0,0,0,228.1750717163086,11.60044801235199,74.5725450515747,8.373630166053772,cache_bf16,large_h6_n32_s100,09b311fe7b8bca01f21eb279173735a0ac78eb7786ae2a6779487e991cc0d0ca,19.145536422729492,240.32809609174728,0,726.5614741444588,0,0,0,0
pubmed_node,test,100,0,pubmed_node:test:000000:5f32cab0cc57c69d,0,3460.700701,3460.515625,3360.394954,99.662057,1870.5466203391552,31.558578833937645,17.1955032274127,1242.7579518407583,332.0992012023926,906.9940643310547,135,0,1,0,0,0,0,0,0,0,241.73961639404297,11.324928045272827,70.22812843322754,8.806528329849243,cache_bf16,large_h6_n32_s100,5f32cab0cc57c69d95e5bc46825c81acd87a47b9eec65c4a82dd43d85c7615db,20.2607364654541,227.08278396725655,0,700.1720168292522,0,0,0,0
pubmed_node,test,101,1,pubmed_node:test:000001:a8172642a48601de,0,1870.526877,1870.4346923828125,1770.767986,99.331748,642.6964057609439,28.984932228922844,13.632222078740597,933.8351301848888,205.9494400024414,725.1742401123047,109,0,1,0,0,0,0,0,0,0,137.2284812927246,6.553632020950317,56.88694477081299,5.280381917953491,cache_bf16,large_h6_n32_s100,a8172642a48601de6e3cbe1f0a20a6977383967792c377469f9dbfc38282572a,19.263839721679688,184.55449599027634,0,559.883583843708,0,0,0,0
pubmed_node,test,102,2,pubmed_node:test:000002:4db44e1aff13aa1d,0,3058.744207,3058.60888671875,2960.03983,98.202272,1403.3623579889536,26.55438706278801,18.961209803819656,1311.8503596633673,330.4549140930176,977.8388366699219,146,0,1,0,0,0,0,0,0,0,233.3982696533203,12.02620792388916,76.55907154083252,8.471364974975586,cache_bf16,large_h6_n32_s100,4db44e1aff13aa1d780e95cb44b1f4852e1a60925b9bc71cf462b6ba28567b25,19.167232513427734,244.48899203538895,0,752.5170771479607,0,0,0,0
pubmed_node,test,103,3,pubmed_node:test:000003:ff4243ffe8958137,0,1623.642135,1623.5592041015625,1525.477492,97.830103,887.7331987023354,26.50454081594944,7.558029145002365,513.4616838768125,111.24755096435547,400.61622619628906,60,0,1,0,0,0,0,0,0,0,73.90959930419922,3.5354560017585754,30.908064365386963,2.8944312930107117,cache_bf16,large_h6_n32_s100,ff4243ffe8958137a22971497e18da5390b4538fddd1cf21030d346b34649493,19.201919555664062,105.5896001458168,0,314.2285456061363,0,0,0,0
pubmed_node,test,104,4,pubmed_node:test:000004:40cd4e02f0cfac2f,0,3701.416193,3701.251220703125,3599.869799,101.029018,2093.7615893781185,26.53956599533558,17.237463966012,1261.5938503295183,323.74335861206055,934.4492034912109,139,0,1,0,0,0,0,0,0,0,230.54261779785156,11.80835211277008,72.95075225830078,8.441636443138123,cache_bf16,large_h6_n32_s100,40cd4e02f0cfac2fe5de3970990bcca5d5457887a7104d43468f70096c0c70a1,19.237503051757812,232.9186560511589,0,720.7680504918098,0,0,0,0
pubmed_node,test,105,5,pubmed_node:test:000005:181a635aeb0b1e44,0,4008.922293,4008.749755859375,3923.175958,85.126795,2265.6148839741945,30.396655201911926,30.321539379656315,1402.6785185560584,351.81785583496094,1047.2412414550781,148,0,1,0,0,0,0,0,0,0,252.72557067871094,12.873215913772583,77.00243282318115,9.216636419296265,cache_bf16,large_h6_n32_s100,181a635aeb0b1e44e9c8ad72085a48672b8be3c6c2c170e43daba8e2b4cfc245,19.355775833129883,249.7617920935154,0,816.8352251946926,0,0,0,0
pubmed_node,test,106,6,pubmed_node:test:000006:abcccbdd0508ae28,0,3341.902932,3341.7587890625,3256.449485,84.889985,1679.2888483032584,27.7236495167017,15.660797245800495,1380.054165609181,251.00765228271484,1126.1287994384766,116,0,1,0,0,0,0,0,0,0,176.14905548095703,8.74720013141632,59.519744873046875,6.591651797294617,cache_bf16,large_h6_n32_s100,abcccbdd0508ae28d6fc0bf63eabd6bf42f8e1a40d6ce4c893580161e0835de9,19.425247192382812,196.88729575276375,0,948.6667508780956,0,0,0,0
pubmed_node,test,107,7,pubmed_node:test:000007:f8a89e3268ef9017,0,3491.712658,3491.563720703125,3392.077382,99.030753,2024.5426343753934,28.3184926956892,16.822336241602898,1147.8163357824087,252.99731826782227,891.6750030517578,127,0,1,0,0,0,0,0,0,0,171.88652801513672,8.469216108322144,66.11929607391357,6.522278070449829,cache_bf16,large_h6_n32_s100,f8a89e3268ef9017ec088f51d6dc66e2be911cdf3c9b8075b6cbf48362a2c64b,19.44326400756836,215.53971216082573,0,695.5785548985004,0,0,0,0
pubmed_node,test,108,8,pubmed_node:test:000008:77e3f9fc15f1bf03,0,4018.169292,4018.00244140625,3916.938175,100.434746,2298.5527887940407,27.690239250659943,20.47511376440525,1392.2554040327668,335.6019515991211,1052.9957427978516,150,0,1,0,0,0,0,0,0,0,236.58745956420898,11.855263948440552,78.49004745483398,8.669180631637573,cache_bf16,large_h6_n32_s100,77e3f9fc15f1bf03d88332bdd10a647e1358df47f678d5776cbb7abb20e98d00,19.402111053466797,252.25584036111832,0,820.1420134902,0,0,0,0
pubmed_node,test,109,9,pubmed_node:test:000009:5e99123123cdfc02,0,4033.061627,4032.89501953125,3932.771074,99.502165,2316.609519533813,27.907859534025192,19.853091798722744,1351.328732445836,319.7735366821289,1027.8983001708984,150,0,1,0,0,0,0,0,0,0,222.12128067016602,11.123583912849426,78.20591926574707,8.322752833366394,cache_bf16,large_h6_n32_s100,5e99123123cdfc0234a28037333005877a8588959b96d2be863d963300ccb999,19.638303756713867,252.39059188961983,0,795.1460120379925,0,0,0,0
pubmed_node,test,110,10,pubmed_node:test:000010:fa2a68fc052c1ca7,0,3840.31695,3840.159423828125,3741.436566,98.338702,2128.3869491890073,26.74721460789442,22.307410836219788,1370.490901172161,374.02470779418945,992.8669891357422,148,0,1,0,0,0,0,0,0,0,273.0633316040039,14.147359848022461,77.00803089141846,9.805985450744629,cache_bf16,large_h6_n32_s100,fa2a68fc052c1ca7b2bd36efafd8ee0b7346f15bef9db9388160a4ac28cb1e07,19.315488815307617,248.0051836669445,0,764.1772942841053,0,0,0,0
pubmed_node,test,111,11,pubmed_node:test:000011:4a1205c265b34c70,0,3766.91013,3766.755859375,3668.070912,98.237627,2113.2827512919903,26.95852518081665,20.375458523631096,1307.9471616074443,361.2791328430176,943.1998748779297,142,0,1,0,0,0,0,0,0,0,264.2243843078613,13.35590410232544,74.20537567138672,9.493468761444092,cache_bf16,large_h6_n32_s100,4a1205c265b34c704c7db0d1240929b1c097e6546dd683f31f98227fadf4ae26,19.63225555419922,238.29766383767128,0,724.5344665944576,0,0,0,0
pubmed_node,test,112,12,pubmed_node:test:000012:8eb86b065a664f01,0,3834.515534,3834.36083984375,3734.68683,99.282019,2145.058611407876,26.574297808110714,21.738966926932335,1327.8546910732985,326.8355827331543,997.3684234619141,150,0,1,0,0,0,0,0,0,0,228.69775772094727,11.531295895576477,78.3080005645752,8.298528552055359,cache_bf16,large_h6_n32_s100,8eb86b065a664f0101dae831852c4e8178831d161f2a6712018723f01e6f0f3f,19.249183654785156,250.9328639805317,0,765.6847431361675,0,0,0,0
pubmed_node,test,113,13,pubmed_node:test:000013:feab12092f141e27,0,3446.287832,3446.140625,3346.92777,98.759131,1912.9759287461638,27.56620105355978,19.1383371129632,1196.5519590303302,281.97510528564453,911.2566833496094,134,0,1,0,0,0,0,0,0,0,195.16064453125,9.645632028579712,69.7630729675293,7.4057557582855225,cache_bf16,large_h6_n32_s100,feab12092f141e27ae5b741ccb49bcffde02b9f1154e8c3b62b9e899cd3375bc,19.57423973083496,225.10716819763184,0,705.7237548828125,0,0,0,0
pubmed_node,test,114,14,pubmed_node:test:000014:ee52a3ae17d3dd49,0,1791.114152,1791.029296875,1691.329542,99.313394,298.0006840080023,26.32656693458557,30.567911453545094,1154.7069791704416,247.35609436035156,904.2372589111328,127,0,1,0,0,0,0,0,0,0,166.934175491333,8.113919854164124,65.9388484954834,6.369150519371033,cache_bf16,large_h6_n32_s100,ee52a3ae17d3dd4959a68aea956fa97150caec15c4f713d95038909de41c3765,19.184064865112305,213.7394239604473,0,709.6818998157978,0,0,0,0
pubmed_node,test,115,15,pubmed_node:test:000015:f3aeb873cfb6dcce,0,2128.806797,2128.71142578125,2030.314412,98.036239,448.7926159054041,26.639390736818314,20.224847830832005,1364.2409723252058,400.4258270263672,960.3184661865234,144,0,1,0,0,0,0,0,0,0,299.45330810546875,15.611008167266846,74.78262424468994,10.57888650894165,cache_bf16,large_h6_n32_s100,f3aeb873cfb6dcce940734dbc52b0891551830246341e7d9a740e72d9799bc3b,19.383712768554688,243.1696639060974,0,736.5325150489807,0,0,0,0
pubmed_node,test,116,16,pubmed_node:test:000016:3316082954b2f710,0,1181.436957,1181.3731689453125,1096.700055,84.370983,409.2223523184657,26.525028981268406,9.2560900375247,557.64683149755,122.92787170410156,433.0080337524414,65,0,1,0,0,0,0,0,0,0,82.35148811340332,3.971552014350891,33.41216039657593,3.1926711797714233,cache_bf16,large_h6_n32_s100,3316082954b2f710f1c32e25b1671674f18767faedeb3bc626fbf0147ac50447,19.229280471801758,113.57407942414284,0,338.6632348001003,0,0,0,0
pubmed_node,test,117,17,pubmed_node:test:000017:373cce577cac6402,0,1566.641973,1566.5655517578125,1468.146957,97.924174,159.81660317629576,25.782130658626556,17.785648815333843,1115.2351386845112,272.5601272583008,839.5841979980469,126,0,1,0,0,0,0,0,0,0,190.0389747619629,9.56006407737732,65.83500862121582,7.126079797744751,cache_bf16,large_h6_n32_s100,373cce577cac640256bfa55479070cb5ccd8c32acdbea516bf02d37444a4169e,18.993663787841797,212.2350716292858,0,646.3427901566029,0,0,0,0
pubmed_node,test,118,18,pubmed_node:test:000018:36accab38429261b,0,1575.128268,1575.0506591796875,1475.379144,99.265488,152.40718610584736,25.99465847015381,17.668191343545914,1096.7270778492093,258.59827041625977,835.0615997314453,125,0,1,0,0,0,0,0,0,0,177.5221405029297,8.803231954574585,65.55263996124268,6.720257997512817,cache_bf16,large_h6_n32_s100,36accab38429261b491e481800939c962ef76f9910de2879b9ee07a84d34fc9d,19.097440719604492,210.51199957728386,0,643.647040873766,0,0,0,0
pubmed_node,test,119,19,pubmed_node:test:000019:a7ab00b3fe8d7885,0,1799.974383,1799.8895263671875,1700.095893,99.366409,336.8924567475915,26.30419097840786,18.766318447887897,1143.0539265275002,264.4698257446289,875.3822784423828,131,0,1,0,0,0,0,0,0,0,180.0484161376953,8.821824073791504,68.7801923751831,6.819393157958984,cache_bf16,large_h6_n32_s100,a7ab00b3fe8d78859bbe909a1fc96127e2c43c5ba83ad42b5c4aa549be7483d0,19.108320236206055,220.06988802552223,0,674.4207106530666,0,0,0,0
pubmed_node,test,120,20,pubmed_node:test:000020:432c4bd4a2f7e08b,0,1615.52725,1615.4501953125,1515.947448,99.151444,172.94878978282213,25.820031762123108,16.74475707113743,1144.4503460079432,241.19875717163086,900.3199768066406,119,0,1,0,0,0,0,0,0,0,164.31651306152344,7.963840126991272,62.66592025756836,6.2524837255477905,cache_bf16,large_h6_n32_s100,432c4bd4a2f7e08bae5f939d07639fdc16df175d2f7c73872556b7ab07d55ec7,19.039648056030273,204.17904034256935,0,715.1805845201015,0,0,0,0
pubmed_node,test,121,21,pubmed_node:test:000021:b67735b4e48a0af1,0,2204.464811,2204.3681640625,2105.893227,98.073555,685.0533215329051,29.383636079728603,16.70342218130827,1181.042067706585,278.8439064025879,898.8769073486328,136,0,1,0,0,0,0,0,0,0,191.65228843688965,9.545440077781677,70.43247985839844,7.213698029518127,cache_bf16,large_h6_n32_s100,b67735b4e48a0af1f3e15acc315656376670d57a30a75180dbaf985a4c768be9,19.230688095092773,228.07283169031143,0,690.0347637534142,0,0,0,0
pubmed_node,test,122,22,pubmed_node:test:000022:8238262d3a5e8873,0,3855.889331,3855.7353515625,3756.080333,99.242816,2051.6058085486293,26.78779326379299,18.899730406701565,1484.4354521483183,429.0829772949219,1051.6437377929688,153,0,1,0,0,0,0,0,0,0,321.42070388793945,16.29363203048706,80.03295993804932,11.335681438446045,cache_bf16,large_h6_n32_s100,8238262d3a5e8873cfa404014dc8669f24ea58ca67fb0ac01aaac3b5415e4a32,19.250656127929688,255.63823997974396,0,815.2561539411545,0,0,0,0
pubmed_node,test,123,23,pubmed_node:test:000023:5190dbfdd9c09135,0,2997.828568,2997.705322265625,2898.009901,99.317411,1643.8423283398151,26.5164440497756,15.040888451039791,1054.7648528590798,244.06652450561523,807.6815643310547,122,0,1,0,0,0,0,0,0,0,166.80905532836914,8.132799983024597,62.803903579711914,6.3207656145095825,cache_bf16,large_h6_n32_s100,5190dbfdd9c091353b7ef666424b8f9b549a0b73a1d39b1030ab42918bb3561e,19.210847854614258,206.90662428736687,0,619.9857878983021,0,0,0,0
pubmed_node,test,124,24,pubmed_node:test:000024:ccfef8eb68188954,0,2222.621533,2222.524658203125,2139.152515,83.011105,744.0162766724825,26.51461958885193,16.542146913707256,1171.8828240409493,282.5457572937012,886.0576629638672,134,0,1,0,0,0,0,0,0,0,195.77711868286133,9.788959980010986,69.67324733734131,7.306431293487549,cache_bf16,large_h6_n32_s100,ccfef8eb68188954e06071feed8b42eb186394ece94de545604e78d69867975a,19.172800064086914,225.22761657834053,0,680.0028464496136,0,0,0,0
pubmed_node,test,125,25,pubmed_node:test:000025:2f9517f9cddc9ee4,0,2101.203357,2101.110107421875,2002.267399,98.239912,326.7224747687578,26.258399710059166,18.66275817155838,1420.5945525318384,416.1868133544922,1000.7258605957031,152,0,1,0,0,0,0,0,0,0,309.97894287109375,15.555615901947021,79.7651834487915,10.887071132659912,cache_bf16,large_h6_n32_s100,2f9517f9cddc9ee49957e0815e330ee4b580d7cd28fb363dab9b4185c588bcf2,19.15190315246582,256.0270716249943,0,763.8506921231747,0,0,0,0
pubmed_node,test,126,26,pubmed_node:test:000026:c87987cbddd36f68,0,1938.800782,1938.7135009765625,1854.252622,83.938802,183.0835221335292,26.067927479743958,18.90299841761589,1436.457060277462,398.64085388183594,1034.0357055664062,157,0,1,0,0,0,0,0,0,0,291.77167892456055,14.63759994506836,81.96556949615479,10.266005516052246,cache_bf16,large_h6_n32_s100,c87987cbddd36f6855c3d6946736801b44478892b3b3615397145caa4cda7663,19.122880935668945,262.38185596466064,0,790.7767305374146,0,0,0,0
pubmed_node,test,127,27,pubmed_node:test:000027:66718109a5fbcec5,0,1836.638868,1836.554443359375,1737.08342,98.960362,174.77098666131496,25.768382474780083,17.97124184668064,1311.8221005424857,323.2348175048828,984.98876953125,149,0,1,0,0,0,0,0,0,0,225.52361297607422,11.234047889709473,78.10502338409424,8.372133255004883,cache_bf16,large_h6_n32_s100,66718109a5fbcec59ce25191c845483c3b99188a299950cbbfe99aefc325b198,18.970111846923828,249.26112017035484,0,754.697761207819,0,0,0,0
pubmed_node,test,128,28,pubmed_node:test:000028:da3d647ca7d61231,0,1209.768998,1209.704833984375,1110.270572,99.069602,116.06024205684662,25.741848163306713,11.504829861223698,839.6636852994561,208.3353271484375,628.9516220092773,95,0,1,0,0,0,0,0,0,0,146.25789070129395,7.263904094696045,49.29433536529541,5.5191969871521,cache_bf16,large_h6_n32_s100,da3d647ca7d612315f43a02793a8c4c10e28cdea33020794930f124ce5f7b206,19.001440048217773,163.0651520192623,0,484.8879100382328,0,0,0,0
pubmed_node,test,129,29,pubmed_node:test:000029:c8fd032bebb7ee00,0,1575.405782,1575.328857421875,1477.310062,97.696092,143.51733401417732,25.793378241360188,15.295925550162792,1119.821540080011,281.6351661682129,835.0881042480469,127,0,1,0,0,0,0,0,0,0,198.28547286987305,9.911840081214905,66.0482234954834,7.3896297216415405,cache_bf16,large_h6_n32_s100,c8fd032bebb7ee00eebd1bdf42da780aebeb3b53d6cc93ab9205804fa91805c7,18.99635124206543,213.8519683778286,0,640.2324871122837,0,0,0,0
pubmed_node,test,130,30,pubmed_node:test:000030:4aa88e232f44afc9,0,1742.464433,1742.3843994140625,1644.278915,97.762393,162.74998616427183,25.74584074318409,17.004103399813175,1264.045818708837,317.3818550109863,943.2613067626953,141,0,1,0,0,0,0,0,0,0,223.802978515625,11.270336031913757,74.02649688720703,8.28204357624054,cache_bf16,large_h6_n32_s100,4aa88e232f44afc9900207f479ab0d91e3fd8aade6f711303edb427f65e7f5cd,19.004032135009766,236.51846396923065,0,725.7468749284744,0,0,0,0
pubmed_node,test,131,31,pubmed_node:test:000031:8edaee886ad7a6dd,0,2060.196998,2060.10498046875,1960.506715,99.225069,284.53945834189653,26.23568009585142,18.609060905873775,1423.7321792170405,419.2634811401367,1000.8022003173828,152,0,1,0,0,0,0,0,0,0,312.5527992248535,15.951039791107178,79.86889553070068,10.890746593475342,cache_bf16,large_h6_n32_s100,8edaee886ad7a6dd0145006fb00cdf0243ebc2644ea8503fcac7c5e34bd5892d,19.020160675048828,254.25321599841118,0,765.5691449940205,0,0,0,0
pubmed_node,test,132,32,pubmed_node:test:000032:ca423fcad5bf26ac,0,1054.661102,1054.6036376953125,955.004233,99.301886,321.6033186763525,26.469198055565357,7.451638579368591,509.71997901797295,111.28707313537598,396.83644104003906,60,0,1,0,0,0,0,0,0,0,73.95449542999268,3.5395199060440063,30.896672248840332,2.8963855504989624,cache_bf16,large_h6_n32_s100,ca423fcad5bf26ac21ccaa48946144dcc2ff5ad0569296bfc9cd5d4955833050,19.192607879638672,105.55648019909859,0,310.47256872057915,0,0,0,0
pubmed_node,test,133,33,pubmed_node:test:000033:90ec4e4593ee23e6,0,2253.881374,2253.784912109375,2154.030186,99.36446,457.0342171937227,26.670021936297417,19.10394709557295,1480.2287854254246,467.9953918457031,1008.5445556640625,152,0,1,0,0,0,0,0,0,0,357.6876449584961,18.33900809288025,79.748703956604,12.220034837722778,cache_bf16,large_h6_n32_s100,90ec4e4593ee23e69234a1a298a67c907e45dadde229dde0996f821a673b3ed2,19.272384643554688,254.50137588381767,0,773.3155644237995,0,0,0,0
pubmed_node,test,134,34,pubmed_node:test:000034:6c6eb1f3b7f852f9,0,3094.570004,3094.445068359375,2994.608409,99.41642,953.5811236128211,28.718944638967514,21.6252775862813,1796.1352365091443,648.3533401489258,1143.6221771240234,172,0,1,0,0,0,0,0,0,0,517.4029769897461,25.15164852142334,89.02323246002197,16.775482177734375,cache_bf16,large_h6_n32_s100,6c6eb1f3b7f852f92c070180689039a16efa2d68e753a4fbe217dad6084252cd,19.230655670166016,286.6247679889202,0,876.2280648052692,0,0,0,0
pubmed_node,test,135,35,pubmed_node:test:000035:1e69ef700dcab499,0,3087.349883,3087.2265625,2988.625777,98.192702,1595.4918637871742,26.650521904230118,16.852136701345444,1165.0435356423259,257.81158447265625,903.9057159423828,136,0,1,0,0,0,0,0,0,0,172.44435119628906,8.39408004283905,70.36774444580078,6.605408787727356,cache_bf16,large_h6_n32_s100,1e69ef700dcab499032eb0be5353e371346fa3b4dac40002ddd35806bccb7f9b,19.266016006469727,228.45199996232986,0,694.7197319865227,0,0,0,0
pubmed_node,test,136,36,pubmed_node:test:000036:97228afdbad35bc9,0,3191.516799,3191.389892578125,3091.494277,99.431418,714.1622984781861,28.701799921691418,21.706514060497284,2130.708158016205,654.818977355957,1471.739990234375,172,0,1,0,0,0,0,0,0,0,523.5466537475586,25.41158390045166,89.20217609405518,16.6585636138916,cache_bf16,large_h6_n32_s100,97228afdbad35bc93960740e654381233e704308fddde3c08a48e92ac57d2c1a,19.237407684326172,286.6304638981819,0,1204.3469340205193,0,0,0,0
pubmed_node,test,137,37,pubmed_node:test:000037:0d5da1d22d355309,0,816.785729,816.7354125976562,717.252,99.165521,71.29534147679806,25.99829901009798,7.65120517462492,519.1554157063365,111.2256965637207,406.3379211425781,60,0,1,0,0,0,0,0,0,0,73.8832311630249,3.5304960012435913,30.92083168029785,2.891137719154358,cache_bf16,large_h6_n32_s100,0d5da1d22d3553090e15b33e29df3fefd5199a3b1f7b315257d15d7b0f5e65ad,19.098880767822266,105.72787216305733,0,319.70892974734306,0,0,0,0
pubmed_node,test,138,38,pubmed_node:test:000038:b3598f86af021b1d,0,2226.941885,2226.846435546875,2128.305838,98.15322,914.2062030732632,26.897238567471504,14.346287585794926,1015.5721632763743,239.69961166381836,773.0075378417969,116,0,1,0,0,0,0,0,0,0,165.46883392333984,8.208576083183289,59.77744007110596,6.24476158618927,cache_bf16,large_h6_n32_s100,b3598f86af021b1d874a34cbbc3149ae43dcc9df62655804aec20347c7ed2ef0,19.222688674926758,196.2293441593647,0,596.0008823573589,0,0,0,0
pubmed_node,test,139,39,pubmed_node:test:000039:bd83e07bdd95ea2e,0,1995.637647,1995.5499267578125,1910.770919,84.361874,430.6079261004925,26.526037603616714,17.059452831745148,1255.402416922152,351.1841278076172,900.8962860107422,136,0,1,0,0,0,0,0,0,0,258.29433822631836,13.194720029830933,70.46883201599121,9.226237535476685,cache_bf16,large_h6_n32_s100,bd83e07bdd95ea2eddd775c80f0db8147a80de60e6cc648a7777e83522b8e081,19.166528701782227,228.47731241583824,0,691.5855022966862,0,0,0,0
pubmed_node,test,140,40,pubmed_node:test:000040:a554100795c70d2c,0,1991.098582,1991.0111083984375,1892.580428,97.973996,195.68784814327955,25.9280102327466,19.051093608140945,1477.0920583978295,465.97032928466797,1007.4400634765625,152,0,1,0,0,0,0,0,0,0,355.8008003234863,18.090976238250732,79.87225532531738,12.206297397613525,cache_bf16,large_h6_n32_s100,a554100795c70d2c4a1a72a11d3ccf7aa3f9a60c816646c90cd465d656cce040,19.018815994262695,256.75321611762047,0,769.7056633532047,0,0,0,0
pubmed_node,test,141,41,pubmed_node:test:000041:817a2246475bd741,0,2545.974818,2545.870361328125,2447.200501,98.214957,983.0238139256835,26.55250020325184,16.21102262288332,1261.8139749392867,375.5967674255371,882.9513092041016,133,0,1,0,0,0,0,0,0,0,280.7367706298828,14.666496276855469,70.27958297729492,9.913917541503906,cache_bf16,large_h6_n32_s100,817a2246475bd741dc735f5fcf7fdd69a38dd476c0bd10401ebb99349c2cf97c,19.171072006225586,223.76131209731102,0,678.3610691130161,0,0,0,0
pubmed_node,test,142,42,pubmed_node:test:000042:c9169db9d6c4b439,0,1982.154729,1982.0687255859375,1897.78192,83.529026,226.3149805366993,26.837247423827648,19.090717658400536,1439.0845382586122,394.6168556213379,1040.6441650390625,157,0,1,0,0,0,0,0,0,0,288.1720962524414,14.463680028915405,81.73132801055908,10.249751329421997,cache_bf16,large_h6_n32_s100,c9169db9d6c4b439fa1c583cb0cd0ee79b05f3ea3a04701c6337eba01df18bb0,19.723712921142578,262.6526721715927,0,797.7152057886124,0,0,0,0
pubmed_node,test,143,43,pubmed_node:test:000043:25649f18bed4c0e3,0,1655.535128,1655.458251953125,1556.774123,98.238478,145.96632309257984,25.946728885173798,15.44872298836708,1219.4579550996423,370.7465286254883,845.6038818359375,127,0,1,0,0,0,0,0,0,0,280.34889221191406,14.452576160430908,66.01910495758057,9.925955295562744,cache_bf16,large_h6_n32_s100,25649f18bed4c0e3d32716dd968a48404fd2142b3f1af94aa5d2f4707c9e4d70,19.05619239807129,214.3718396127224,0,650.2882346212864,0,0,0,0
pubmed_node,test,144,44,pubmed_node:test:000044:a14ab025d60f06b1,0,1774.990454,1774.9044189453125,1676.207249,98.241621,177.52850335091352,26.366482488811016,17.729632556438446,1260.407661087811,288.82585525512695,968.0427703857422,146,0,1,0,0,0,0,0,0,0,195.07462692260742,9.754112005233765,76.58806324005127,7.409053087234497,cache_bf16,large_h6_n32_s100,a14ab025d60f06b162637df5229c810e8215e6b071dade0d7ba3edacc256367d,19.234304428100586,244.67913633584976,0,742.597938477993,0,0,0,0
pubmed_node,test,145,45,pubmed_node:test:000045:ddc94896fb967e5a,0,1857.766684,1857.68408203125,1757.883035,99.371348,180.31325191259384,26.381577365100384,18.59639398753643,1319.1423760727048,320.62876892089844,994.874267578125,150,0,1,0,0,0,0,0,0,0,222.25522994995117,11.198912024497986,78.83263969421387,8.341987252235413,cache_bf16,large_h6_n32_s100,ddc94896fb967e5a9cfb212fea5e381f75130b4072c14b824821a74f706b3974,19.137439727783203,251.08172863721848,0,762.9299786686897,0,0,0,0
pubmed_node,test,146,46,pubmed_node:test:000046:9bd9a7c79879c6c3,0,1455.248765,1455.1795654296875,1355.258678,99.523818,139.65331483632326,26.143528521060944,14.405093155801296,1017.1323055401444,239.61522674560547,774.643798828125,116,0,1,0,0,0,0,0,0,0,165.39395141601562,8.169567942619324,59.8089599609375,6.24274742603302,cache_bf16,large_h6_n32_s100,9bd9a7c79879c6c37b58b4235528205c597a8e6d92d64e0fa954a10fd67b7910,19.123584747314453,196.26572778820992,0,597.5016557872295,0,0,0,0
pubmed_node,test,147,47,pubmed_node:test:000047:c1b0423e610e1bdf,0,1866.430565,1866.347412109375,1781.491725,84.449985,565.6360108405352,26.53182204812765,14.448530040681362,1023.2231598347425,249.99212646484375,770.3594741821289,116,0,1,0,0,0,0,0,0,0,175.1153621673584,8.692319989204407,59.575008392333984,6.6094359159469604,cache_bf16,large_h6_n32_s100,c1b0423e610e1bdfff0851aca4c8f77260c89302b9e44ed5cca2e3ebdb5250d8,19.17523193359375,196.03008022904396,0,593.5046258866787,0,0,0,0
pubmed_node,test,148,48,pubmed_node:test:000048:cc83edcf78d223d0,0,1742.485449,1742.3973388671875,1643.705359,98.237424,166.29239916801453,26.36374533176422,17.403364181518555,1225.8320348337293,280.6071662902832,941.7484588623047,143,0,1,0,0,0,0,0,0,0,189.86969757080078,9.318111896514893,74.24236869812012,7.176988124847412,cache_bf16,large_h6_n32_s100,cc83edcf78d223d0d392a1ee81ff3f8507247e5e4bef62929223c2184330f9a8,19.206239700317383,239.67708837985992,0,721.2776101827621,0,0,0,0
pubmed_node,test,149,49,pubmed_node:test:000049:e497dd95e34cc6bc,0,1600.447024,1600.373046875,1500.837999,99.185641,154.45255674421787,25.71533527225256,16.20093174278736,1131.9432212039828,264.25302505493164,864.4988555908203,131,0,1,0,0,0,0,0,0,0,179.8305606842041,8.882047772407532,68.72128009796143,6.8191365003585815,cache_bf16,large_h6_n32_s100,e497dd95e34cc6bc57fae18ce70db9439ab158603be0337098495e92beda9af8,18.990304946899414,220.33951950073242,0,663.1496410369873,0,0,0,0
pubmed_node,test,150,50,pubmed_node:test:000050:7b7965113887ca50,0,1506.505662,1506.43505859375,1406.62137,99.411434,139.49618488550186,26.639741845428944,14.913639985024929,1057.1866417303681,250.7479362487793,803.4577789306641,121,0,1,0,0,0,0,0,0,0,172.83750343322754,8.587103843688965,62.784512519836426,6.538816452026367,cache_bf16,large_h6_n32_s100,7b7965113887ca5031851a3b5cae8afdb87c82848b0832627bc30d276681a87b,19.31510353088379,204.20806366205215,0,618.5648187994957,0,0,0,0
pubmed_node,test,151,51,pubmed_node:test:000051:04965679593e9f15,0,2361.021108,2360.92333984375,2262.144373,98.333494,208.18801131099463,28.48005387932062,21.189207211136818,1804.6816159039736,615.5389099121094,1184.9343719482422,175,0,1,0,0,0,0,0,0,0,484.1172180175781,23.821792125701904,91.67148780822754,15.928411960601807,cache_bf16,large_h6_n32_s100,04965679593e9f15aadee6ce9ec44be05118439dc794bc7395bb301492dc35a1,19.165056228637695,291.0580161213875,0,913.0414120554924,0,0,0,0
pubmed_node,test,152,52,pubmed_node:test:000052:3996805805fbe56a,0,1773.455607,1773.3712158203125,1688.567602,84.353889,213.82312010973692,26.2703662738204,16.489561647176743,1250.4031686112285,349.744384765625,897.3294067382812,136,0,1,0,0,0,0,0,0,0,256.9053382873535,13.12550401687622,70.46992015838623,9.243622303009033,cache_bf16,large_h6_n32_s100,3996805805fbe56a4e80c2f6a6a849c36740ea93d8ca34ca2f157b01489cce16,19.154272079467773,228.53222426772118,0,687.9514545500278,0,0,0,0
pubmed_node,test,153,53,pubmed_node:test:000053:84caee7eab94e4a3,0,1839.452686,1839.3714599609375,1740.835674,98.109324,187.39305343478918,26.18405409157276,17.782097682356834,1332.5803708285093,366.85315322875977,962.1841888427734,146,0,1,0,0,0,0,0,0,0,266.75983810424805,13.86246395111084,76.6681604385376,9.562690734863281,cache_bf16,large_h6_n32_s100,84caee7eab94e4a3d3dca23e7db76907101cc520ae37235928f00b2513ada0d0,19.145408630371094,244.63171181082726,0,736.6978856623173,0,0,0,0
pubmed_node,test,154,54,pubmed_node:test:000054:60cf5b2b1cff556b,0,2355.938174,2355.84130859375,2256.072601,99.344597,593.4239840134978,26.50479506701231,18.631712533533573,1443.1204590946436,430.91065979003906,1008.5014953613281,153,0,1,0,0,0,0,0,0,0,323.0324821472168,16.353440046310425,80.20230388641357,11.322433710098267,cache_bf16,large_h6_n32_s100,60cf5b2b1cff556b573a716663a5e12f6dabe5cf7a02040394d979ce8d820db3,19.207712173461914,255.55638426542282,0,772.1528232693672,0,0,0,0
pubmed_node,test,155,55,pubmed_node:test:000055:0cd7bd1f4d474437,0,1869.251642,1869.16943359375,1769.355095,99.385738,181.45721964538097,26.254719123244286,18.71073991060257,1345.192726701498,343.13427352905273,998.4029846191406,151,0,1,0,0,0,0,0,0,0,242.34303665161133,12.181664228439331,79.66732692718506,8.942245721817017,cache_bf16,large_h6_n32_s100,0cd7bd1f4d474437727e6d36d3372e09401a89c893698a2921b187409d32a845,19.166431427001953,252.88972806930542,0,764.6796879768372,0,0,0,0
pubmed_node,test,156,56,pubmed_node:test:000056:50522fedf5f4b732,0,1767.282625,1767.1971435546875,1668.244305,98.430848,281.140573322773,26.16946306079626,16.80175494402647,1157.343148253858,257.4499206542969,896.5605773925781,136,0,1,0,0,0,0,0,0,0,172.10198402404785,8.263424158096313,70.49711894989014,6.587393522262573,cache_bf16,large_h6_n32_s100,50522fedf5f4b732f7ae64a688a066545291efd033492bd4c3e36e10934d3937,19.127775192260742,228.67881581187248,0,687.0095367729664,0,0,0,0
pubmed_node,test,157,57,pubmed_node:test:000057:6ca8b24969226636,0,2567.982061,2567.87890625,2468.046302,99.45518,1032.4160913005471,26.582220569252968,15.904358588159084,1234.2073805630207,385.3595199584961,845.6949615478516,128,0,1,0,0,0,0,0,0,0,293.2570915222168,15.277152061462402,66.5555534362793,10.269722938537598,cache_bf16,large_h6_n32_s100,6ca8b24969226636d68b1aa8eb5c06203e5629fbc4607a5daa5a302ea65ee9d6,19.20252799987793,215.70291236042976,0,649.1945771872997,0,0,0,0
pubmed_node,test,158,58,pubmed_node:test:000058:cff7541939361e66,0,1324.883358,1324.8193359375,1226.40666,98.109159,520.1825071126223,26.56653430312872,8.6434967815876,580.5885903537273,121.35132789611816,457.43299865722656,69,0,1,0,0,0,0,0,0,0,78.91849708557129,3.7229119539260864,35.606112003326416,3.1038068532943726,cache_bf16,large_h6_n32_s100,cff7541939361e6689eb7eead5b23eba1fa8ae840dc04994612240e6dc89976c,19.177568435668945,119.96873599290848,0,356.64183109998703,0,0,0,0
pubmed_node,test,159,59,pubmed_node:test:000059:93be0c01a6c5f92c,0,1739.213973,1739.13623046875,1640.242768,98.396788,158.51562935858965,27.122899889945984,16.7012931779027,1265.3541285544634,371.0359001159668,891.0196685791016,135,0,1,0,0,0,0,0,0,0,276.355167388916,14.505183935165405,70.29062461853027,9.884924173355103,cache_bf16,large_h6_n32_s100,93be0c01a6c5f92c81b9cef6d17f434e97d4b66d096fc194d3275878d90c61f5,20.118816375732422,226.91603219509125,0,684.2224527597427,0,0,0,0
pubmed_node,test,160,60,pubmed_node:test:000060:ac536cd4273a65d1,0,1302.076108,1302.0059814453125,1217.233927,84.352083,123.703982681036,26.004226878285408,12.929020449519157,916.0267449915409,211.63916397094727,701.7538909912109,106,0,1,0,0,0,0,0,0,0,144.42611122131348,7.044511914253235,54.66684818267822,5.5016926527023315,cache_bf16,large_h6_n32_s100,ac536cd4273a65d105fcd390471eca4ba8f8f1a227b86a24c1fc0ac62eeb1adf,19.12156867980957,179.78540781140327,0,541.0900518596172,0,0,0,0
pubmed_node,test,161,61,pubmed_node:test:000061:0e5b04777b348e6b,0,1686.147691,1686.0718994140625,1586.107147,99.49823,155.5002611130476,26.152602396905422,16.685111448168755,1218.0619053542614,307.9912986755371,906.7268371582031,137,0,1,0,0,0,0,0,0,0,216.94384002685547,10.968063950538635,72.08339309692383,7.996001601219177,cache_bf16,large_h6_n32_s100,0e5b04777b348e6b65f0b87387321b834b0f252437bea5bc57a98ed27d5db5e3,19.083520889282227,230.07500848174095,0,695.7353495657444,0,0,0,0
pubmed_node,test,162,62,pubmed_node:test:000062:f945c18bd80c433e,0,2323.299664,2323.2060546875,2238.334539,84.334537,571.1462292820215,26.56556572765112,19.50947381556034,1433.9760169386864,396.6530532836914,1033.5290985107422,157,0,1,0,0,0,0,0,0,0,290.115966796875,14.40886378288269,81.89344024658203,10.234782457351685,cache_bf16,large_h6_n32_s100,f945c18bd80c433e97068bc240138b2d4da577e14153fcbe204cb6d538b701d8,19.238943099975586,262.2289282679558,0,790.539113342762,0,0,0,0
pubmed_node,test,163,63,pubmed_node:test:000063:fc63015e807a4ceb,0,1618.493101,1618.420654296875,1534.033576,84.024465,160.4660153388977,26.53761673718691,16.103669069707394,1165.6728070229292,287.0287666320801,875.4084625244141,133,0,1,0,0,0,0,0,0,0,199.4779510498047,9.990432024002075,70.09673595428467,7.4636476039886475,cache_bf16,large_h6_n32_s100,fc63015e807a4ceb5a7fbb1dc4610c60b319b8774cbad74c9faf954df975d35a,19.778560638427734,225.74614357948303,0,669.4408795833588,0,0,0,0
pubmed_node,test,164,64,pubmed_node:test:000064:e7276ff50bf2d168,0,1574.075373,1573.9969482421875,1490.60064,82.964348,160.0840175524354,25.80044697970152,15.830201096832752,1127.2732224315405,279.2801322937012,844.8667297363281,128,0,1,0,0,0,0,0,0,0,195.86419296264648,9.768703818321228,66.33817672729492,7.309058785438538,cache_bf16,large_h6_n32_s100,e7276ff50bf2d1688edaab506e57b14728aabd3647c19b69b1b16e2284bbd4d7,18.983135223388672,215.52863958477974,0,648.3212253749371,0,0,0,0
pubmed_node,test,165,65,pubmed_node:test:000065:55f60a9b1367d712,0,1703.004469,1702.9281005859375,1603.342639,99.226618,162.11235150694847,25.9327357634902,16.383989714086056,1217.0534133911133,320.6966018676758,893.0767059326172,135,0,1,0,0,0,0,0,0,0,230.4848976135254,11.673535943031311,70.09795188903809,8.440216422080994,cache_bf16,large_h6_n32_s100,55f60a9b1367d71255a7a57023ab4661ebce125f953e8f19ae6777e8777fc1a5,18.968799591064453,226.86694386601448,0,685.1785616576672,0,0,0,0
pubmed_node,test,166,66,pubmed_node:test:000066:4066d12046f9dacd,0,2168.903519,2168.814208984375,2084.0305,84.349286,192.56178755313158,25.76091978698969,20.972557365894318,1642.1822560951114,356.7017936706543,1281.6260375976562,160,0,1,0,0,0,0,0,0,0,251.13663864135742,12.494847774505615,83.9736967086792,9.09661054611206,cache_bf16,large_h6_n32_s100,4066d12046f9dacdc07bdde07aa5ce08f796d45e75a7ce73fc14f7d40660c46e,19.01628875732422,267.18451195955276,0,1033.4578143954277,0,0,0,0
pubmed_node,test,167,67,pubmed_node:test:000067:cbe157102c8ae59e,0,1544.110832,1544.040283203125,1445.567933,98.11882,148.93425349146128,25.761933997273445,15.31189028173685,1107.381571084261,272.65173721313477,831.6436157226562,126,0,1,0,0,0,0,0,0,0,190.17670249938965,9.509088039398193,65.8384313583374,7.1275153160095215,cache_bf16,large_h6_n32_s100,cbe157102c8ae59ef523b800ed37835e1c8438c7a61a1a7a9a4cddc97ce91b75,18.953279495239258,212.4862722158432,0,638.1106230020523,0,0,0,0
pubmed_node,test,168,68,pubmed_node:test:000068:9b60ed8d2b00f5f2,0,2646.953927,2646.844482421875,2547.046852,99.370653,1056.37929122895,26.568669825792313,17.24365074187517,1245.2401472255588,324.789794921875,917.0643768310547,139,0,1,0,0,0,0,0,0,0,231.49862670898438,11.794463872909546,73.02233600616455,8.474368333816528,cache_bf16,large_h6_n32_s100,9b60ed8d2b00f5f2422349318b0df00c3ce28ed976f2d9d9ffa8c4b192df89b3,19.181472778320312,233.39948841929436,0,702.8463611900806,0,0,0,0
pubmed_node,test,169,69,pubmed_node:test:000069:1b821a2edf8cd3ae,0,2065.521083,2065.435791015625,1965.696525,99.396138,547.7955862879753,26.601336896419525,16.529043205082417,1181.5754510462284,280.07852935791016,898.1770172119141,136,0,1,0,0,0,0,0,0,0,192.6941738128662,9.60150396823883,70.56915187835693,7.213699698448181,cache_bf16,large_h6_n32_s100,1b821a2edf8cd3ae39bb4369cf053caa4bd7994099ab79037107cdccdb498174,19.23299217224121,228.43379202485085,0,688.9762173593044,0,0,0,0
pubmed_node,test,170,70,pubmed_node:test:000070:54e3bd3808518f0b,0,1302.518131,1302.45556640625,1204.361529,97.747126,123.58418572694063,25.927896611392498,12.69157137721777,895.7084221765399,206.43331146240234,686.6999053955078,104,0,1,0,0,0,0,0,0,0,140.21363258361816,6.797312021255493,54.05382537841797,5.368541479110718,cache_bf16,large_h6_n32_s100,54e3bd3808518f0b66d62de2c51b0a565078f8e6db21ff6bffcb299d6bf7b60e,19.01206398010254,176.76310381293297,0,528.9488655626774,0,0,0,0
pubmed_node,test,171,71,pubmed_node:test:000071:f47000deb1356df6,0,2508.827033,2508.72900390625,2410.135671,98.219316,1026.2462217360735,26.618408039212227,16.94550085812807,1158.1950644031167,258.48204803466797,896.3926849365234,136,0,1,0,0,0,0,0,0,0,172.95804595947266,8.417983889579773,70.50591945648193,6.600098729133606,cache_bf16,large_h6_n32_s100,f47000deb1356df68cbb91ce649afc679d94cb2c77720540c09bcd54ca965ae5,19.269311904907227,228.16710355877876,0,687.4948932826519,0,0,0,0
pubmed_node,test,172,72,pubmed_node:test:000072:7fe249ff02bbba24,0,1773.334015,1773.2510986328125,1673.563415,99.297092,191.80096313357353,25.823909789323807,17.360220663249493,1268.1004628539085,329.5662422180176,935.0942840576172,142,0,1,0,0,0,0,0,0,0,234.60700607299805,11.98966383934021,74.39129638671875,8.578275918960571,cache_bf16,large_h6_n32_s100,7fe249ff02bbba24f3869e0575ea3cbed5d084b7bcc58233a4e31875ea62b1cb,19.005184173583984,238.2614077925682,0,715.838060438633,0,0,0,0
pubmed_node,test,173,73,pubmed_node:test:000073:2795fe59edf94b3d,0,1677.814204,1677.740478515625,1579.557123,97.861793,165.09561520069838,25.811921805143356,16.590398736298084,1193.9174383878708,291.11289978027344,899.4734344482422,137,0,1,0,0,0,0,0,0,0,201.27516174316406,10.222335934638977,72.05030345916748,7.5650986433029175,cache_bf16,large_h6_n32_s100,2795fe59edf94b3dd37560133104646072cd2375afdbe24276ffc03dce6f52df,19.032575607299805,229.61619207262993,0,688.8898179829121,0,0,0,0
pubmed_node,test,174,74,pubmed_node:test:000074:c660272095b2fe0e,0,2316.083132,2315.990966796875,2217.268581,98.275036,739.8975742980838,26.583990082144737,17.339601181447506,1236.3362777978182,306.3989715576172,926.5279998779297,140,0,1,0,0,0,0,0,0,0,214.36822128295898,10.705983996391296,73.29763221740723,8.02713406085968,cache_bf16,large_h6_n32_s100,c660272095b2fe0e5a7edc592447567790f62b38c06598a0f083ca18aa86d958,19.235519409179688,235.04096028208733,0,710.722559005022,0,0,0,0
pubmed_node,test,175,75,pubmed_node:test:000075:b03d921fe5b9c14c,0,2186.389729,2186.302001953125,2087.636431,98.213221,544.2834822461009,26.542413979768753,18.08026060461998,1298.0275675654411,327.47993087768555,966.9953918457031,146,0,1,0,0,0,0,0,0,0,230.50592422485352,11.766175985336304,76.7296953201294,8.478135347366333,cache_bf16,large_h6_n32_s100,b03d921fe5b9c14c9a8c490cba065585eb82fc52471162730a603397cf4fa2cd,19.20796775817871,244.48979210853577,0,741.7135674953461,0,0,0,0
pubmed_node,test,176,76,pubmed_node:test:000076:1e30b8819181849e,0,1554.426715,1554.3519287109375,1454.602232,99.13198,143.02992448210716,25.86322743445635,15.227853320538998,1086.8880059570074,257.2028121948242,826.6387176513672,125,0,1,0,0,0,0,0,0,0,176.8120632171631,8.61462390422821,65.09920024871826,6.676924824714661,cache_bf16,large_h6_n32_s100,1e30b8819181849e06b9acca4663bf0924d6038e1b04e81b6c0522e8e4be39f0,19.03727912902832,211.9890239238739,0,633.6869728565216,0,0,0,0
pubmed_node,test,177,77,pubmed_node:test:000077:95f813a7bde8a87a,0,2594.53117,2594.430908203125,2494.580098,99.43995,1007.2357850149274,26.576696895062923,17.222966067492962,1244.329179637134,324.1014060974121,916.8394927978516,139,0,1,0,0,0,0,0,0,0,230.7571563720703,11.828992009162903,73.08227252960205,8.432985186576843,cache_bf16,large_h6_n32_s100,95f813a7bde8a87a0c48f63e3d516e88b92bceb0a8aa065f68c986cf59d1477c,19.16489601135254,233.2183358669281,0,702.786052942276,0,0,0,0
pubmed_node,test,178,78,pubmed_node:test:000078:607ae7b92dac833f,0,1954.915166,1954.8331298828125,1856.474847,98.009682,438.3767703548074,26.461118832230568,16.65249466896057,1177.157448604703,271.9826889038086,901.8004913330078,137,0,1,0,0,0,0,0,0,0,183.82761573791504,9.081568241119385,72.10838413238525,6.965120792388916,cache_bf16,large_h6_n32_s100,607ae7b92dac833f74b3d705d999c237e2231065da95b22db3d25932a9a86990,19.141759872436523,230.01049596071243,0,690.9317552447319,0,0,0,0
pubmed_node,test,179,79,pubmed_node:test:000079:c728fa0c915a11a6,0,1770.72108,1770.6455078125,1671.026672,99.217763,168.82372368127108,25.799511931836605,17.91419368237257,1282.486048527062,302.06800079345703,976.8464660644531,148,0,1,0,0,0,0,0,0,0,206.96809005737305,10.242528080940247,77.10537528991699,7.752007365226746,cache_bf16,large_h6_n32_s100,c728fa0c915a11a63655d60e86f94618f0f6af4ad190c1127214744f205d9197,18.981952667236328,247.67055997252464,0,748.1578587591648,0,0,0,0
pubmed_node,test,180,80,pubmed_node:test:000080:e489ab5aa16ad361,0,2558.924689,2558.827392578125,2460.3012,98.14859,1051.421913318336,26.584242470562458,17.00530666857958,1174.9041052535176,271.6917152404785,899.8733215332031,137,0,1,0,0,0,0,0,0,0,183.71148872375488,9.003455996513367,71.98982334136963,6.986947178840637,cache_bf16,large_h6_n32_s100,e489ab5aa16ad361ac82f25d9917a49549e66e4144a6359de5bdb7a8bff64e94,19.22140884399414,230.09907206892967,0,688.9956583082676,0,0,0,0
pubmed_node,test,181,81,pubmed_node:test:000081:639e82c690320186,0,2437.869965,2437.775146484375,2338.215167,99.145493,644.4165967404842,26.524649932980537,19.303121604025364,1477.8472976759076,470.3042984008789,1003.8545837402344,152,0,1,0,0,0,0,0,0,0,359.90002822875977,18.36956810951233,79.65139293670654,12.383309125900269,cache_bf16,large_h6_n32_s100,639e82c6903201868fffe9ba56c18faf2953e4266ff373c63f7a3b4417c0d98a,19.13644790649414,254.25743973255157,0,768.7335919141769,0,0,0,0
pubmed_node,test,182,82,pubmed_node:test:000082:9277a69c2d4ff03f,0,1565.772874,1565.7044677734375,1466.027353,99.246895,156.22667223215103,25.805274955928326,15.324683859944344,1086.4067515358329,247.21222305297852,836.0960540771484,127,0,1,0,0,0,0,0,0,0,166.64806747436523,8.151839971542358,66.02144050598145,6.3908751010894775,cache_bf16,large_h6_n32_s100,9277a69c2d4ff03f8056d1e05ddc06c45adfda05915b96d87c87ae3b3c74cca2,18.995040893554688,213.9596797823906,0,641.1314151883125,0,0,0,0
pubmed_node,test,183,83,pubmed_node:test:000083:071e45b55714c11d,0,3719.879474,3719.749267578125,3621.387406,97.98472,1971.357305534184,26.51800960302353,19.711846485733986,1390.0651736184955,340.26755142211914,1045.9321594238281,160,0,1,0,0,0,0,0,0,0,235.7275848388672,11.844735860824585,84.0603199005127,8.634910821914673,cache_bf16,large_h6_n32_s100,071e45b55714c11d0bcd950896db4631c3a3b31855a30badeedc11b54474f817,19.221248626708984,266.71078383922577,0,798.4426242113113,0,0,0,0
pubmed_node,test,184,84,pubmed_node:test:000084:0aefa7b0f9ba4c89,0,2277.567332,2277.477783203125,2177.676866,99.353216,767.0840136706829,26.71693731099367,16.741757281124592,1171.5351631864905,278.0020866394043,890.2085418701172,136,0,1,0,0,0,0,0,0,0,190.75747108459473,9.462080121040344,70.56051063537598,7.2220247983932495,cache_bf16,large_h6_n32_s100,0aefa7b0f9ba4c893a74e0af95dd47238a3241485509059b50b447d877952138,19.36288070678711,228.30595222115517,0,681.2654703557491,0,0,0,0
pubmed_node,test,185,85,pubmed_node:test:000085:44af8736f2ee842a,0,1823.892113,1823.8150634765625,1725.445166,98.016467,166.28630831837654,25.710996240377426,17.29854103177786,1346.919140778482,399.85235595703125,943.5818481445312,144,0,1,0,0,0,0,0,0,0,298.81673431396484,15.589695930480957,74.87209606170654,10.573829650878906,cache_bf16,large_h6_n32_s100,44af8736f2ee842a9f6e8ed9db8c14cba727c01ed658a9651defd5b4f47aa5ec,18.995040893554688,241.14816051721573,0,721.4287285208702,0,0,0,0
pubmed_node,test,186,86,pubmed_node:test:000086:9649de8f427ad633,0,1561.943815,1561.8751220703125,1477.254764,84.283453,516.7897762730718,26.554888114333153,11.25395018607378,787.7293573692441,185.3150405883789,600.1248016357422,91,0,1,0,0,0,0,0,0,0,126.54515266418457,6.165727972984314,47.760000228881836,4.844159722328186,cache_bf16,large_h6_n32_s100,9649de8f427ad6332dca216b73a896062b914fd87da811a84b39d2e948208f24,19.21833610534668,155.72271990776062,0,463.62041783332825,0,0,0,0
pubmed_node,test,187,87,pubmed_node:test:000087:5f2b558a627a92a4,0,2848.883248,2848.7783203125,2765.542638,82.845297,1187.4172100797296,26.580633595585823,18.20557564496994,1339.9388883262873,366.3430061340332,970.0080871582031,148,0,1,0,0,0,0,0,0,0,266.1385917663574,13.550496101379395,77.0674877166748,9.586430549621582,cache_bf16,large_h6_n32_s100,5f2b558a627a92a4e289fe7898e752dfdb14fff338a7546a623f8c6c2f87f574,19.261951446533203,247.2502719759941,0,742.0197666287422,0,0,0,0
pubmed_node,test,188,88,pubmed_node:test:000088:d8179ee3370e3fc4,0,1721.583556,1721.5111083984375,1623.018768,98.091531,160.51991283893585,25.721107609570026,16.950881108641624,1245.0902611017227,319.1811828613281,922.4967193603516,141,0,1,0,0,0,0,0,0,0,225.46588897705078,11.39033579826355,74.06588745117188,8.259070634841919,cache_bf16,large_h6_n32_s100,d8179ee3370e3fc4eb0560f5a30f626d7fd6cc39a2b8ae0e7ff98b7c00499e0e,18.948287963867188,236.3199356496334,0,705.1250716745853,0,0,0,0
pubmed_node,test,189,89,pubmed_node:test:000089:dbe523de1d129d00,0,1931.136074,1931.057373046875,1831.739178,98.996769,178.76447457820177,25.662110187113285,18.423772417008877,1434.6229210495949,428.8012466430664,1002.1386413574219,153,0,1,0,0,0,0,0,0,0,320.6461753845215,16.559903860092163,80.25948715209961,11.33568024635315,cache_bf16,large_h6_n32_s100,dbe523de1d129d00ecc0a0263440a30b5a0821c8a82ac6265bcc5f483f7bef56,18.925472259521484,255.79900807142258,0,765.2651055455208,0,0,0,0
pubmed_node,test,190,90,pubmed_node:test:000090:0e1888bcce7e0a82,0,2451.175488,2451.082275390625,2351.422445,99.273371,957.326683215797,26.687566190958023,16.74726326018572,1166.7170897126198,258.6319046020508,904.7648162841797,136,0,1,0,0,0,0,0,0,0,173.14233589172363,8.382495760917664,70.51116752624512,6.595905423164368,cache_bf16,large_h6_n32_s100,0e1888bcce7e0a82b44d6f2511225808a9d77400d3313818c318961602b7d404,19.359296798706055,228.30054399371147,0,695.8235690891743,0,0,0,0
pubmed_node,test,191,91,pubmed_node:test:000091:a43bc1cfe7ace57c,0,1857.400505,1857.32470703125,1757.676132,99.279065,232.36683942377567,25.9567117318511,17.595557495951653,1284.3931689858437,328.15708923339844,952.7087249755859,146,0,1,0,0,0,0,0,0,0,231.25433349609375,11.668767809867859,76.70150375366211,8.53248417377472,cache_bf16,large_h6_n32_s100,a43bc1cfe7ace57cd139bcad7a0ab6633f08f9bd44f0a0b81886662cc10a6b9d,19.0863037109375,244.23497566580772,0,727.5600530207157,0,0,0,0
pubmed_node,test,192,92,pubmed_node:test:000092:b36484c475f00c92,0,1938.761313,1938.6826171875,1839.077868,99.233759,276.9781434908509,26.348551735281944,25.387979112565517,1344.7299441322684,335.19676971435547,1005.8926544189453,151,0,1,0,0,0,0,0,0,0,235.16745376586914,11.776576042175293,79.59552097320557,8.657218933105469,cache_bf16,large_h6_n32_s100,b36484c475f00c9250a0cee15ea6c40058ece27eaea32833cfe127c27a9360c4,19.077472686767578,252.48825603723526,0,772.4818710684776,0,0,0,0
pubmed_node,test,193,93,pubmed_node:test:000093:c6a82e86e47bac14,0,1794.96779,1794.893798828125,1695.000069,99.475348,173.80945477634668,25.593840517103672,17.87790097296238,1299.8238364234567,321.64432525634766,974.5799407958984,149,0,1,0,0,0,0,0,0,0,224.1774444580078,11.23529601097107,77.98121547698975,8.250369310379028,cache_bf16,large_h6_n32_s100,c6a82e86e47bac14f84b3d6a539532abed4ac545ffa45218d57795629d917b9c,18.91744041442871,249.10099232196808,0,744.3963888883591,0,0,0,0
pubmed_node,test,194,94,pubmed_node:test:000094:27595849eae12cf5,0,1908.378184,1908.30126953125,1825.307603,82.669162,184.92170609533787,25.78133624047041,19.21216305345297,1405.3330486640334,355.774112701416,1045.7247924804688,160,0,1,0,0,0,0,0,0,0,250.14473342895508,12.519871950149536,83.98239994049072,9.127107381820679,cache_bf16,large_h6_n32_s100,27595849eae12cf524861ce62cb215ae8857309cb9ffb1d2992b2472befc0dfe,19.04627227783203,267.3212801218033,0,797.4497846364975,0,0,0,0
pubmed_node,test,195,95,pubmed_node:test:000095:75f95245a584a86f,0,2556.615904,2556.521484375,2471.838474,84.289387,797.9694381356239,26.550253853201866,16.758382320404053,1465.1541924104095,346.4700126647949,1115.3459777832031,136,0,1,0,0,0,0,0,0,0,253.78499221801758,13.066911935806274,70.4638090133667,9.15429949760437,cache_bf16,large_h6_n32_s100,75f95245a584a86f50120a8e60408a975963499387e6aea3d34a8cb481684f98,19.15648078918457,228.2248001396656,0,906.2776584327221,0,0,0,0
pubmed_node,test,196,96,pubmed_node:test:000096:9cca7ad5bf77c4ae,0,1562.597228,1562.5291748046875,1478.05336,84.156008,202.5511721149087,26.04782674461603,15.340804122388363,1093.3781834319234,263.8395538330078,826.4592132568359,126,0,1,0,0,0,0,0,0,0,182.25184059143066,9.010464072227478,65.67551898956299,6.901730179786682,cache_bf16,large_h6_n32_s100,9cca7ad5bf77c4aec96df7382a1a7eb9eec45b5e1faa27785028caf5a5d45f35,19.091167449951172,212.04832017421722,0,633.5020605325699,0,0,0,0
pubmed_node,test,197,97,pubmed_node:test:000097:fd300ec3bf295ee4,0,1530.610221,1530.5438232421875,1431.006268,99.160722,141.3658047094941,25.592636317014694,15.282911248505116,1080.478835850954,247.28860473632812,830.1039276123047,127,0,1,0,0,0,0,0,0,0,166.67987060546875,8.188991904258728,66.04796886444092,6.371773362159729,cache_bf16,large_h6_n32_s100,fd300ec3bf295ee4f29ff68b5748f3cbda5867a2448890adc456988ff858a286,18.94428825378418,213.87875148653984,0,635.169464379549,0,0,0,0
pubmed_node,test,198,98,pubmed_node:test:000098:27de4e1c0f45adff,0,1922.715751,1922.63818359375,1824.493139,97.801733,171.1257118731737,25.616022758185863,18.249225802719593,1414.510845206678,416.2080307006836,994.6421203613281,152,0,1,0,0,0,0,0,0,0,309.35135650634766,15.876800060272217,80.06921577453613,10.910658359527588,cache_bf16,large_h6_n32_s100,27de4e1c0f45adff8794c7ab70c9dfbf30ad39aeac66ed3a1aacb31b17f2af26,18.925504684448242,254.24287992715836,0,759.324745118618,0,0,0,0
pubmed_node,test,199,99,pubmed_node:test:000099:3a7e088e09e0daa5,0,2399.312546,2399.221923828125,2314.569318,84.268132,956.3631750643253,26.462500914931297,16.154277138412,1162.3613303527236,286.35801696777344,872.7442932128906,133,0,1,0,0,0,0,0,0,0,198.83040237426758,9.958752155303955,70.12406253814697,7.444799900054932,cache_bf16,large_h6_n32_s100,3a7e088e09e0daa53991f7e02a0fb93b50badd7ad23ca27c2a68f54b9385e8c3,19.15510368347168,223.32982429862022,0,668.5695725977421,0,0,0,0
pubmed_node,val,0,0,pubmed_node:val:000000:90da514d7d497311,1,2519.989235,2519.898193359375,2396.903427,122.472584,519.9089534580708,216.66533406823874,19.738334231078625,1399.6532950550318,323.9508171081543,1071.3964538574219,158,0,1,0,0,0,0,0,0,0,223.29302215576172,10.74239993095398,81.47766494750977,8.437730073928833,cache_bf16,large_h6_n32_s100,90da514d7d4973115751184481b31c6972a5237cdcdc5bfef95221c8dc7a4245,121.16297912597656,269.0760000348091,0,923.4834329485893,0,0,0,0
pubmed_node,val,1,1,pubmed_node:val:000001:dc999f53b8a1edeb,1,2748.00213,2747.92333984375,2646.188942,101.304681,1203.8194686174393,28.879412449896336,16.215015202760696,1212.2823288664222,344.68634033203125,864.3879241943359,130,0,1,0,0,0,0,0,0,0,255.66585159301758,13.095520257949829,66.69168090820312,9.233287572860718,cache_bf16,large_h6_n32_s100,dc999f53b8a1edeb378b2ef52d564cef6314de793e69da17273ac1f59e57a603,19.608352661132812,220.04992043972015,0,663.9463564157486,0,0,0,0
pubmed_node,val,2,2,pubmed_node:val:000002:d5a9c855b9dd71b6,1,4289.494259,4289.38525390625,4186.009368,102.571212,2475.9023720398545,29.457125812768936,19.305533729493618,1474.9710755422711,425.0121841430664,1046.1795959472656,154,0,1,0,0,0,0,0,0,0,317.7941131591797,16.272992372512817,79.63468742370605,11.310391187667847,cache_bf16,large_h6_n32_s100,d5a9c855b9dd71b6805ddf5c3bea820e20278eed6ff59ac689a55ebac84ed0a4,19.573055267333984,258.80659157037735,0,806.9460596442223,0,0,0,0
pubmed_node,val,3,3,pubmed_node:val:000003:b899c56d2ed41389,1,4301.431575,4301.3232421875,4201.021003,99.880224,2461.7459047585726,28.799829073250294,24.631749838590622,1490.4889753088355,467.57132720947266,1019.1933746337891,153,0,1,0,0,0,0,0,0,0,357.08262634277344,18.327711820602417,79.63091278076172,12.530076265335083,cache_bf16,large_h6_n32_s100,b899c56d2ed4138984204273d864d4a3aa373d21826a5ceac368b796115fd9b5,19.63817596435547,257.4803842306137,0,781.3511663675308,0,0,0,0
pubmed_node,val,4,4,pubmed_node:val:000004:6cb983368e8944b3,1,3267.169262,3267.082763671875,3181.148925,85.635044,1870.8773022517562,28.600801713764668,15.89758787304163,1096.6486129909754,267.343936920166,826.2317962646484,124,0,1,0,0,0,0,0,0,0,186.64684677124023,9.30351996421814,64.34803199768066,7.0455381870269775,cache_bf16,large_h6_n32_s100,6cb983368e8944b30bc924eb4020a30d5065fb01b2ef5c02b199be64bf33e9b1,19.59564781188965,210.41273579001427,0,635.4147082865238,0,0,0,0
pubmed_node,val,5,5,pubmed_node:val:000005:bfcf4d1c730efc30,1,2883.044226,2882.96435546875,2782.820066,99.711333,1368.6853284016252,28.697137720882893,16.63872692734003,1174.6541690081358,287.9543685913086,883.4159088134766,133,0,1,0,0,0,0,0,0,0,200.50531387329102,10.146495938301086,69.8065595626831,7.495999217033386,cache_bf16,large_h6_n32_s100,bfcf4d1c730efc304e239cb3af970903a2e266ed3f27e2d7282fbc532a6e8aae,19.684736251831055,224.90784028172493,0,678.1928047835827,0,0,0,0
pubmed_node,val,6,6,pubmed_node:val:000006:9c0999ea8cda173f,1,2747.683197,2747.6064453125,2647.333556,99.829135,1081.6403096541762,28.649580664932728,17.97331962734461,1301.495647057891,330.15734100341797,967.7906799316406,145,0,1,0,0,0,0,0,0,0,234.1426239013672,11.90502417087555,75.47292804718018,8.636764883995056,cache_bf16,large_h6_n32_s100,9c0999ea8cda173fec529e4284200f02956108daa6e32d52ecc7a84cfc520f61,19.647008895874023,244.33696001768112,0,743.1007288098335,0,0,0,0
pubmed_node,val,7,7,pubmed_node:val:000007:73fad7735cbb80c8,1,2639.962251,2639.886962890625,2539.586538,99.869412,1106.6650915890932,28.608146123588085,16.384240239858627,1211.0432861372828,341.6367073059082,866.2035522460938,130,0,1,0,0,0,0,0,0,0,252.8545265197754,12.888448238372803,66.65388870239258,9.239843845367432,cache_bf16,large_h6_n32_s100,73fad7735cbb80c8a27061dccc86e00763f7fc61a27c9a99f9f695000dca738e,19.58780860900879,219.849952429533,0,665.9414084255695,0,0,0,0
pubmed_node,val,8,8,pubmed_node:val:000008:c8433754e7285bf8,1,3886.120365,3886.0205078125,3784.509783,101.060227,2195.4531017690897,28.641685843467712,19.08096671104431,1325.5614014342427,315.2805061340332,1006.6010589599609,151,0,1,0,0,0,0,0,0,0,217.0642547607422,10.972095966339111,79.11567878723145,8.128476619720459,cache_bf16,large_h6_n32_s100,c8433754e7285bf8a4c032f59fe4a9d0c1870a00101332edbe9c95cf3b933ab8,19.637760162353516,254.0033921599388,0,772.2354269623756,0,0,0,0
pubmed_node,val,9,9,pubmed_node:val:000009:3eb9ea5887ef7585,1,1817.689373,1817.6302490234375,1717.374618,99.864577,390.4941575601697,28.5665737465024,15.805892646312714,1107.9254420474172,270.5202865600586,834.3092193603516,125,0,1,0,0,0,0,0,0,0,188.78924560546875,9.443552136421204,65.19452857971191,7.092960238456726,cache_bf16,large_h6_n32_s100,3eb9ea5887ef758544ad93510b261e3883f98785fa7977333e5c9b3b495a4012,19.578271865844727,211.99814382195473,0,641.8893474042416,0,0,0,0
pubmed_node,val,10,10,pubmed_node:val:000010:5cb00ee23662f02d,1,1658.797883,1658.741455078125,1558.847519,99.546322,172.5360145792365,27.801704593002796,16.30053110420704,1164.4656332209706,281.70550537109375,879.531005859375,132,0,1,0,0,0,0,0,0,0,195.89542770385742,9.826688051223755,68.65712070465088,7.326268911361694,cache_bf16,large_h6_n32_s100,5cb00ee23662f02d38fa2699f19d1846513df6d5ac75f0ae1676a446bb37bf47,19.379423141479492,223.139584004879,0,675.7708449959755,0,0,0,0
pubmed_node,val,11,11,pubmed_node:val:000011:2eadcea45e1dd3ec,1,1846.692215,1846.6322021484375,1745.289839,100.938192,202.72531639784575,27.745346538722515,18.011505715548992,1291.1927802488208,318.55286026000977,969.0904693603516,146,0,1,0,0,0,0,0,0,0,223.0536003112793,11.23305606842041,75.97766304016113,8.288540840148926,cache_bf16,large_h6_n32_s100,2eadcea45e1dd3ec849bab3eb77700f3c88b4aee3d61ffe8d61376c8aaf05e6a,19.382911682128906,245.69785624742508,0,742.7755247950554,0,0,0,0
pubmed_node,val,12,12,pubmed_node:val:000012:1788defb14873a9a,1,1996.026011,1995.9635009765625,1894.924127,100.644481,220.3911691904068,27.96735428273678,18.971373327076435,1447.0709515735507,418.1790466308594,1025.1632843017578,154,0,1,0,0,0,0,0,0,0,311.9030075073242,15.585472106933594,79.78009605407715,10.910470962524414,cache_bf16,large_h6_n32_s100,1788defb14873a9a1d2d053162495956e88865ab1ef5598fd3ba178d8afa1c57,19.395872116088867,258.78361588716507,0,785.7755405306816,0,0,0,0
pubmed_node,val,13,13,pubmed_node:val:000013:3ae2f12db55cd760,1,1597.931689,1597.87744140625,1496.822679,100.702674,158.11186283826828,27.73390058428049,15.700094401836395,1137.560904957354,284.1010551452637,850.3414459228516,127,0,1,0,0,0,0,0,0,0,200.78882598876953,10.125600099563599,65.680832862854,7.505796194076538,cache_bf16,large_h6_n32_s100,3ae2f12db55cd7609e76087ad22248e1c257e5f697615138fa2257142b9bd72a,19.324127197265625,215.03952080011368,0,654.6260523200035,0,0,0,0
pubmed_node,val,14,14,pubmed_node:val:000014:66da69774fbdb56c,1,1146.861383,1146.8153076171875,1060.038025,86.448489,99.775655195117,26.169320568442345,11.476892977952957,793.4326492249966,173.53347206115723,617.5899429321289,92,0,1,0,0,0,0,0,0,0,116.50694465637207,5.6214399933815,46.8974723815918,4.507615029811859,cache_bf16,large_h6_n32_s100,66da69774fbdb56ce912c9525ac19ada38ef986b23d12bb1e054f9859b5704ce,19.307680130004883,159.64412769675255,0,477.25349536538124,0,0,0,0
pubmed_node,val,15,15,pubmed_node:val:000015:f0751855e6e41c67,1,1305.614747,1305.56494140625,1219.497296,85.525935,123.86802397668362,27.946099638938904,13.139492832124233,919.2633237689734,203.6878433227539,712.9195861816406,106,0,1,0,0,0,0,0,0,0,137.50198364257812,6.6626880168914795,54.23705577850342,5.286115884780884,cache_bf16,large_h6_n32_s100,f0751855e6e41c672f5d0afc7b6d20b09a9a224215d1a785c1b8e591b081839a,19.41334342956543,180.7321282327175,0,551.6008013784885,0,0,0,0
pubmed_node,val,16,16,pubmed_node:val:000016:3ed1c74e3ebb07b0,1,1962.786102,1962.7230224609375,1861.465864,100.84276,210.92135552316904,27.790330350399017,18.312375992536545,1430.8705190196633,426.67212677001953,1000.5997467041016,148,0,1,0,0,0,0,0,0,0,321.96706771850586,16.594752073287964,76.76579189300537,11.344515085220337,cache_bf16,large_h6_n32_s100,3ed1c74e3ebb07b09e43ce0aee18a6ccdd6f5a54d4971bcec6e8719e2691fa2d,19.338911056518555,249.0474882721901,0,770.89116948843,0,0,0,0
pubmed_node,val,17,17,pubmed_node:val:000017:bd15b31a2fd7cc0f,1,1564.955815,1564.9012451171875,1464.032333,100.558713,173.6610010266304,27.86935307085514,14.672542922198772,1090.7099060714245,260.2848320007324,827.48876953125,119,0,1,0,0,0,0,0,0,0,181.4765453338623,9.120192050933838,62.83792018890381,6.850174427032471,cache_bf16,large_h6_n32_s100,bd15b31a2fd7cc0f0f6139fcf0c3ca72dd1fecb045bed3ad559096622394b21a,19.391551971435547,202.19942438602448,0,644.6808971166611,0,0,0,0
pubmed_node,val,18,18,pubmed_node:val:000018:c586742935157694,1,1296.739657,1296.68994140625,1196.898434,99.473862,134.84630081802607,27.579530142247677,12.681405991315842,884.3642780557275,198.84915161132812,682.9675521850586,102,0,1,0,0,0,0,0,0,0,134.77024269104004,6.5357760190963745,52.36287975311279,5.1802531480789185,cache_bf16,large_h6_n32_s100,c586742935157694f32278cfbc24c426199a5ed4fd95c5b7ede3009f331b28eb,19.33283233642578,174.4027203321457,0,527.8976641893387,0,0,0,0
pubmed_node,val,19,19,pubmed_node:val:000019:98e9b39b73bf0974,1,2141.08648,2141.021240234375,2039.372638,101.175465,457.098176702857,28.367078863084316,18.98849569261074,1325.701200403273,303.1596794128418,1018.8127899169922,153,0,1,0,0,0,0,0,0,0,205.88351821899414,10.006655931472778,79.50428771972656,7.765217542648315,cache_bf16,large_h6_n32_s100,98e9b39b73bf097400a0f3c256f1cca598222ba4cd60ce52820ebc7897e4d5cb,19.516511917114258,256.9189759492874,0,781.410325884819,0,0,0,0
pubmed_node,val,20,20,pubmed_node:val:000020:bf1b004b79edc11e,1,1586.681522,1586.626953125,1486.86591,99.422388,167.57809277623892,27.65806671231985,15.582015737891197,1100.5077492445707,254.69699478149414,842.7225799560547,126,0,1,0,0,0,0,0,0,0,173.99875450134277,8.577152013778687,65.50598430633545,6.6151039600372314,cache_bf16,large_h6_n32_s100,bf1b004b79edc11e332406daf821c0a784e4d9edd5a05b447ba4d9270a39f35c,19.253856658935547,213.46288046240807,0,648.5135561525822,0,0,0,0
pubmed_node,val,21,21,pubmed_node:val:000021:7fa5c3c5999e3949,1,1968.613337,1968.550048828125,1867.333904,100.8045,217.4411155283451,27.79966499656439,19.02695558965206,1433.3616141229868,420.33414459228516,1009.3574066162109,151,0,1,0,0,0,0,0,0,0,314.1688346862793,16.008415937423706,79.08787250518799,11.069021463394165,cache_bf16,large_h6_n32_s100,7fa5c3c5999e3949085af06980d6a4430e476a7003de0c05f1cf88596e92d0a5,19.377792358398438,256.1184002459049,0,772.6167987287045,0,0,0,0
pubmed_node,val,22,22,pubmed_node:val:000022:a10839173b37d3e8,1,1540.203123,1540.1484375,1455.659122,84.066176,145.6396607682109,26.128312572836876,15.60466829687357,1104.0310142561793,269.78028869628906,831.1927642822266,124,0,1,0,0,0,0,0,0,0,188.66137313842773,9.455615878105164,64.59980773925781,7.063491940498352,cache_bf16,large_h6_n32_s100,a10839173b37d3e868be841b6d0f27bd2d910b6cb84bf71e1f041211680112b7,19.323871612548828,212.07014417648315,0,638.4464917182922,0,0,0,0
pubmed_node,val,23,23,pubmed_node:val:000023:d3a53bb345d5ec4a,1,1836.660444,1836.6005859375,1735.25339,100.829155,220.59635166078806,27.944304049015045,17.57746934890747,1304.8081137239933,356.52217864990234,944.8218841552734,142,0,1,0,0,0,0,0,0,0,259.65564346313477,13.482144117355347,74.0280647277832,9.356326341629028,cache_bf16,large_h6_n32_s100,d3a53bb345d5ec4a5feb3e35bbe8020e20289e986e59e7edeeca00fa332b3f6c,19.33510398864746,239.5774721801281,0,724.5795159637928,0,0,0,0
pubmed_node,val,24,24,pubmed_node:val:000024:2a55de8c0484f54f,1,1709.052922,1708.9945068359375,1607.763988,100.833539,204.0175087749958,28.327413834631443,16.530482098460197,1176.8289869651198,286.7770881652832,886.8046569824219,132,0,1,0,0,0,0,0,0,0,200.02598571777344,10.213791847229004,69.04147148132324,7.4958391189575195,cache_bf16,large_h6_n32_s100,2a55de8c0484f54f333df92b9e14b2e1c89000890e23915d80955e0bd51e357c,19.557727813720703,223.00934448838234,0,683.3530403077602,0,0,0,0
pubmed_node,val,25,25,pubmed_node:val:000025:5070ff02b2831775,1,1622.958609,1622.9017333984375,1523.074162,99.474983,191.35995861142874,27.68023870885372,15.995440073311329,1128.8200123235583,272.4723777770996,853.2220001220703,127,0,1,0,0,0,0,0,0,0,190.00307273864746,9.52457594871521,65.80483150482178,7.139897584915161,cache_bf16,large_h6_n32_s100,5070ff02b2831775f7c4fdf4531bb7d0373ce597cf6d152a649f4f508bc5ba33,19.31171226501465,214.96364822983742,0,657.5700641572475,0,0,0,0
pubmed_node,val,26,26,pubmed_node:val:000026:885c9a7d4174674c,1,1869.046877,1868.98583984375,1767.864339,100.759418,219.67116743326187,27.81218383461237,17.39793736487627,1336.8366844952106,391.69337463378906,941.7076416015625,141,0,1,0,0,0,0,0,0,0,292.31075286865234,15.166176080703735,73.72310256958008,10.493343114852905,cache_bf16,large_h6_n32_s100,885c9a7d4174674cfab34ac73ccc785c6d79173447330a08c079df080ad982ca,19.335647583007812,237.5407041311264,0,723.5025850534439,0,0,0,0
pubmed_node,val,27,27,pubmed_node:val:000027:ad4aba8144842828,1,1666.075843,1666.0191650390625,1565.109889,100.59753,236.38099152594805,27.73720771074295,15.676533803343773,1122.1463484689593,273.23791885375977,845.7872619628906,127,0,1,0,0,0,0,0,0,0,190.7282543182373,9.53494417667389,65.82192134857178,7.152799010276794,cache_bf16,large_h6_n32_s100,ad4aba81448428285942c1719a5e5cc512830c0d2585c286e62c56f32cecb67c,19.354400634765625,215.12700816988945,0,650.0146544277668,0,0,0,0
pubmed_node,val,28,28,pubmed_node:val:000028:3d91c9f8ead67db3,1,1770.598437,1770.538818359375,1669.660913,100.554434,211.0249064862728,27.774100191891193,17.229237593710423,1219.8518114164472,303.02710723876953,913.4805450439453,137,0,1,0,0,0,0,0,0,0,212.39606475830078,10.762464046478271,71.99475193023682,7.873826503753662,cache_bf16,large_h6_n32_s100,3d91c9f8ead67db341e2cce801cea8cbe1cb1d7623ea02cfc6ce93466ca4ae84,19.302080154418945,231.45727959275246,0,701.3253456056118,0,0,0,0
pubmed_node,val,29,29,pubmed_node:val:000029:03f83dd4da512183,1,1685.417635,1685.360107421875,1585.365103,99.608519,161.21406201273203,26.32751688361168,16.41966961324215,1183.3787886425853,296.07846450805664,884.0540771484375,133,0,1,0,0,0,0,0,0,0,208.10137176513672,10.489440083503723,69.7741756439209,7.7134770154953,cache_bf16,large_h6_n32_s100,03f83dd4da512183ae57c77bcf096e47da6d6c26178b54ec85fe60c6294d0cd3,19.451007843017578,224.69891214370728,0,678.8061728477478,0,0,0,0
pubmed_node,val,30,30,pubmed_node:val:000030:b89ec93803416530,1,1871.505634,1871.445068359375,1770.381982,100.674287,232.55618289113045,27.88627613335848,18.173848278820515,1296.908707357943,317.2242546081543,976.1131896972656,147,0,1,0,0,0,0,0,0,0,221.12258911132812,11.139008045196533,76.73200035095215,8.23065710067749,cache_bf16,large_h6_n32_s100,b89ec938034165309eebc4b81a818dcf6e1faa483c539e9eeba571f6c6cf5562,19.50124740600586,247.29084840416908,0,748.3235886991024,0,0,0,0
pubmed_node,val,31,31,pubmed_node:val:000031:0576bc857275dc49,1,2018.035947,2017.9715576171875,1918.032434,99.550863,245.32995279878378,27.7412636205554,19.360622391104698,1419.341966509819,370.0041618347168,1045.553207397461,157,0,1,0,0,0,0,0,0,0,265.275936126709,13.655552387237549,81.45679950714111,9.61587381362915,cache_bf16,large_h6_n32_s100,0576bc857275dc49654757d107566a65b7a587120e66537543dfb2708d9cc3fc,19.35968017578125,263.8405764102936,0,801.0723111629486,0,0,0,0
pubmed_node,val,32,32,pubmed_node:val:000032:03d0149b4d261d5d,1,1495.276184,1495.222412109375,1394.077839,100.790178,156.98943194001913,27.641243301331997,14.991925098001957,1043.1250240653753,246.24108505249023,793.9399566650391,119,0,1,0,0,0,0,0,0,0,168.75951957702637,8.362272024154663,62.7160005569458,6.403292894363403,cache_bf16,large_h6_n32_s100,03d0149b4d261d5d6cebbb5283b5f3318df7d1a501a4c27dd9de49159e4b32ae,19.259103775024414,202.091008156538,0,611.1080522835255,0,0,0,0
pubmed_node,val,33,33,pubmed_node:val:000033:8fcc56881b5f3a87,1,1578.468378,1578.4134521484375,1477.407569,100.668988,166.3005966693163,27.781618759036064,15.551336109638214,1094.5173799991608,254.36877059936523,837.0438232421875,126,0,1,0,0,0,0,0,0,0,173.799072265625,8.505759835243225,65.44275188446045,6.62118661403656,cache_bf16,large_h6_n32_s100,8fcc56881b5f3a875f1a2d62402fe98148bf55746ef2d555f68cbe751c470b10,19.3492488861084,213.23820832371712,0,643.1548638045788,0,0,0,0
pubmed_node,val,34,34,pubmed_node:val:000034:4a476e798942a5b9,1,1869.309945,1869.2490234375,1768.301593,100.585755,217.78356470167637,27.790701016783714,18.321224488317966,1304.871586151421,333.56531524658203,967.763427734375,146,0,1,0,0,0,0,0,0,0,236.54963302612305,12.077344059944153,76.30076789855957,8.637570261955261,cache_bf16,large_h6_n32_s100,4a476e798942a5b957d569764332dea9601c53b0a697f000c9132212cade1633,19.42630386352539,245.83414405584335,0,741.355587542057,0,0,0,0
pubmed_node,val,35,35,pubmed_node:val:000035:309d3158121d10ec,1,1896.733324,1896.671142578125,1796.531121,99.747421,194.05889883637428,27.807545848190784,17.603053711354733,1393.7231488525867,441.17516326904297,949.060791015625,143,0,1,0,0,0,0,0,0,0,337.71142196655273,17.341248035430908,74.32201671600342,11.800476551055908,cache_bf16,large_h6_n32_s100,309d3158121d10ec82107315d715c0d0f5076c9cc56ebcf982e675480fbb39df,19.355104446411133,240.9983680844307,0,727.4175273776054,0,0,0,0
pubmed_node,val,36,36,pubmed_node:val:000036:fb889eb96d5d156b,1,1605.580617,1605.5245361328125,1504.588659,100.603728,168.19058172404766,27.691015042364597,15.80058317631483,1131.9182980805635,274.6749076843262,854.1025695800781,128,0,1,0,0,0,0,0,0,0,191.54057502746582,9.659744024276733,66.2894401550293,7.185148477554321,cache_bf16,large_h6_n32_s100,fb889eb96d5d156b1860a275b042dfdae26350bb5b48dbdee752274ea4d9a1f4,19.291519165039062,216.64553636312485,0,656.7485523819923,0,0,0,0
pubmed_node,val,37,37,pubmed_node:val:000037:981f674e904f2b02,1,1946.071099,1946.00830078125,1845.563219,99.750232,230.59232253581285,27.75632217526436,19.18700523674488,1348.3364842832088,323.18067932128906,1021.4510650634766,153,0,1,0,0,0,0,0,0,0,223.27772521972656,11.266976118087769,80.28927898406982,8.346698999404907,cache_bf16,large_h6_n32_s100,981f674e904f2b027b39ed210e8c12d69f581dc5068c2b9d13be80b75e60e359,19.353023529052734,257.5885121226311,0,783.2155764698982,0,0,0,0
pubmed_node,val,38,38,pubmed_node:val:000038:b2e6372b71a838dc,1,1600.683063,1600.627197265625,1499.439149,100.806266,158.74819085001945,27.79168263077736,15.677050687372684,1133.6059486493468,284.9829444885254,845.5060272216797,127,0,1,0,0,0,0,0,0,0,201.31929397583008,10.147744059562683,66.00233554840088,7.5135709047317505,cache_bf16,large_h6_n32_s100,b2e6372b71a838dcd6f02bbc8555cb73a30761a595e13162c5d8b990b13a467d,19.31337547302246,215.114176094532,0,649.7052266001701,0,0,0,0
pubmed_node,val,39,39,pubmed_node:val:000039:6d37c1f5d1d707fb,1,1938.564853,1938.500732421875,1837.398374,100.749201,231.0559470206499,27.75042038410902,19.20961495488882,1341.1678476259112,323.9102668762207,1013.5577392578125,153,0,1,0,0,0,0,0,0,0,224.11119842529297,11.238943934440613,80.21388912200928,8.346235394477844,cache_bf16,large_h6_n32_s100,6d37c1f5d1d707fbfdca66b883f4835b31fb39560f4a0a9a611cb24c362b286a,19.3056640625,257.040864020586,0,775.8225392997265,0,0,0,0
pubmed_node,val,40,40,pubmed_node:val:000040:5a42f77dcacce4f2,1,1226.427978,1226.379638671875,1126.501537,99.592411,109.9963029846549,26.13383438438177,12.180199846625328,840.5867321416736,186.19766426086426,651.9409866333008,98,0,1,0,0,0,0,0,0,0,124.71612739562988,6.012672007083893,50.650367736816406,4.818497121334076,cache_bf16,large_h6_n32_s100,5a42f77dcacce4f22d807854c7f86896c7be9386c4b98234c1c6f4b64c50167b,19.311904907226562,167.71987158060074,0,503.5330199599266,0,0,0,0
pubmed_node,val,41,41,pubmed_node:val:000041:0493282c3c766898,1,2002.427384,2002.36279296875,1899.544122,102.4088,228.1700586900115,27.85872481763363,19.559654407203197,1397.238557226956,354.09856033325195,1039.373764038086,156,0,1,0,0,0,0,0,0,0,250.5150375366211,12.693984031677246,81.71571159362793,9.173827171325684,cache_bf16,large_h6_n32_s100,0493282c3c76689849e93b4fdd00487424b863991c764f5aff119764e10da113,19.3558406829834,262.2818234860897,0,796.4477812349796,0,0,0,0
pubmed_node,val,42,42,pubmed_node:val:000042:dece42b23f5ab8c1,1,1837.90884,1837.847412109375,1736.853922,100.659146,203.68453674018383,27.73471362888813,17.17025227844715,1296.5102633461356,368.09363555908203,925.0246734619141,139,0,1,0,0,0,0,0,0,0,271.41711807250977,13.98032021522522,72.96563053131104,9.73056674003601,cache_bf16,large_h6_n32_s100,dece42b23f5ab8c18a0b3d9f728949e8e86a5b260c4d4d30da143a076a03c908,19.328832626342773,234.61040031909943,0,709.7431057691574,0,0,0,0
pubmed_node,val,43,43,pubmed_node:val:000043:ad2eb70e42589805,1,1232.858051,1232.809326171875,1133.088307,99.440775,116.41732044517994,26.164313778281212,12.196836993098259,840.3018834069371,186.8361587524414,651.0176849365234,98,0,1,0,0,0,0,0,0,0,125.13254356384277,6.072991907596588,50.805888175964355,4.824735105037689,cache_bf16,large_h6_n32_s100,ad2eb70e425898059bafd39c555e19504a635d1fe4a1bb266151a845e0ea2528,19.341440200805664,167.8963837325573,0,502.4627414047718,0,0,0,0
pubmed_node,val,44,44,pubmed_node:val:000044:54785f8faebd606c,1,1936.936999,1936.87451171875,1835.716612,100.77065,222.6938921958208,27.85711456090212,19.202093593776226,1345.608500763774,324.2464294433594,1017.6595611572266,153,0,1,0,0,0,0,0,0,0,224.3830451965332,11.234592080116272,80.27833652496338,8.350455641746521,cache_bf16,large_h6_n32_s100,54785f8faebd606ceb512a12455432d412fc5024da2ed15f219a830ed6869bfb,19.410463333129883,257.31030398607254,0,779.7597205042839,0,0,0,0
pubmed_node,val,45,45,pubmed_node:val:000045:e9055cd27b9aef3e,1,1742.933859,1742.875732421875,1657.253653,85.306341,197.20705412328243,27.686298824846745,17.261811532080173,1244.471948593855,306.6645812988281,934.4049682617188,140,0,1,0,0,0,0,0,0,0,214.44271850585938,10.852351903915405,73.36297607421875,8.006534814834595,cache_bf16,large_h6_n32_s100,e9055cd27b9aef3ed7e54152eff66d0bc75f4b0feecc6e2f55e01836629508f3,19.307968139648438,237.92924839258194,0,715.7836880087852,0,0,0,0
pubmed_node,val,46,46,pubmed_node:val:000046:6c9377f0adca3b15,1,1775.584245,1775.525390625,1674.408882,100.785434,203.87365017086267,27.69701462239027,16.901925206184387,1227.7493122965097,302.3735694885254,922.0290222167969,137,0,1,0,0,0,0,0,0,0,211.83497619628906,10.617984056472778,72.04345607757568,7.877153158187866,cache_bf16,large_h6_n32_s100,6c9377f0adca3b153f44525e6b787131db867b943bbe5a4dddb52b9c35c9cfcd,19.326208114624023,231.4267520904541,0,709.9284782409668,0,0,0,0
pubmed_node,val,47,47,pubmed_node:val:000047:617c9bcb7e665f9b,1,1487.958712,1487.905029296875,1388.117323,99.463738,137.50170450657606,26.79869346320629,12.388961389660835,1072.675078175962,186.29165077209473,883.9198684692383,98,0,1,0,0,0,0,0,0,0,124.73776245117188,6.014303922653198,50.713345527648926,4.8262388706207275,cache_bf16,large_h6_n32_s100,617c9bcb7e665f9ba60f95c2a718d03a03553227e49324fb3765176d3f98db26,19.33875274658203,167.83171206712723,0,735.4269091486931,0,0,0,0
pubmed_node,val,48,48,pubmed_node:val:000048:e8ca59b7046f9d3f,1,2219.038196,2218.969482421875,2117.792138,100.829256,249.33461751788855,27.721525169909,20.50782088190317,1632.7340481802821,523.1613464355469,1105.566650390625,166,0,1,0,0,0,0,0,0,0,402.1780471801758,20.211583852767944,87.20924758911133,13.562467813491821,cache_bf16,large_h6_n32_s100,e8ca59b7046f9d3f53551654a513deb70b3893ae1770938a7e92b1b2cb3d450d,19.3123836517334,278.4655676484108,0,846.4134663939476,0,0,0,0
pubmed_node,val,49,49,pubmed_node:val:000049:7b8fbd3ff2460d39,1,1278.277114,1278.2283935546875,1177.37986,100.575862,115.89949671179056,26.250858791172504,12.670684605836868,883.1300595775247,199.67727661132812,680.9101104736328,102,0,1,0,0,0,0,0,0,0,135.26473808288574,6.553087949752808,52.676703453063965,5.18274712562561,cache_bf16,large_h6_n32_s100,7b8fbd3ff2460d39ac4161d215a855e0034a86bf6bf38be62aded1aefbc5bdb2,19.337343215942383,174.47433590888977,0,525.7731177806854,0,0,0,0
pubmed_node,val,50,50,pubmed_node:val:000050:09c212ce9ff12bc8,1,1354.452126,1354.4010009765625,1253.46152,100.623788,130.51045127213,27.811095118522644,13.756626285612583,942.0113395899534,214.28537368774414,725.0258865356445,109,0,1,0,0,0,0,0,0,0,144.6915512084961,7.005856037139893,57.05011177062988,5.5378546714782715,cache_bf16,large_h6_n32_s100,09c212ce9ff12bc884bb09a4fbf8cc5bcc91524b89d899bd18862540082a0ea0,19.382240295410156,185.8688324391842,0,558.5392943918705,0,0,0,0
pubmed_node,val,51,51,pubmed_node:val:000051:047b982ae0561338,1,1582.317086,1582.2607421875,1482.435131,99.496151,151.42573975026608,27.699305675923824,15.792467631399632,1127.5938339531422,274.73459243774414,849.7325744628906,128,0,1,0,0,0,0,0,0,0,191.65622520446777,9.551519989967346,66.33686447143555,7.189982771873474,cache_bf16,large_h6_n32_s100,047b982ae0561338195fb81d2b0caa578afc79f2bd21c25efc01dd75a277f327,19.289215087890625,216.49619194865227,0,652.525597602129,0,0,0,0
pubmed_node,val,52,52,pubmed_node:val:000052:e11f34673d087d20,1,1800.704436,1800.643798828125,1699.71551,100.562893,205.48801217228174,27.765052393078804,17.92817283421755,1258.852669969201,304.80006408691406,950.5737152099609,143,0,1,0,0,0,0,0,0,0,211.83344268798828,10.680351972579956,74.35315322875977,7.93311619758606,cache_bf16,large_h6_n32_s100,e11f34673d087d2099e9edc51449fc2588d2558edb3f8dce0c0919f1ab3af096,19.33750343322754,241.0666879117489,0,728.8445307314396,0,0,0,0
pubmed_node,val,53,53,pubmed_node:val:000053:ba17d5bf4441056b,1,749.13147,749.0927734375,649.327686,99.506696,61.34499330073595,26.203520596027374,7.01859500259161,468.47904194146395,100.07353782653809,366.9395179748535,55,0,1,0,0,0,0,0,0,0,66.15580749511719,3.197152018547058,28.108191967010498,2.6123863458633423,cache_bf16,large_h6_n32_s100,ba17d5bf4441056b743987fc7d6b3c355cfcb89e11317c3fbb003748c4d79683,19.373632431030273,97.98387187719345,0,288.32927852869034,0,0,0,0
pubmed_node,val,54,54,pubmed_node:val:000054:979bf8339c9987cf,1,2029.870067,2029.8046875,1930.015165,99.415434,230.0173807889223,27.7699027210474,19.334496930241585,1468.9874211326241,441.84449005126953,1023.4180297851562,154,0,1,0,0,0,0,0,0,0,333.20396423339844,16.90012812614441,80.07193660736084,11.668461084365845,cache_bf16,large_h6_n32_s100,979bf8339c9987cf7e76093b722cb7fb5b75ab455eadbe0f8e999a336eff9341,19.34649658203125,258.8813764154911,0,783.8831499516964,0,0,0,0
pubmed_node,val,55,55,pubmed_node:val:000055:9010e38b1b9f45d7,1,2012.313745,2012.248291015625,1912.474587,99.410813,218.1880883872509,27.798259630799294,18.72704178094864,1478.5664156079292,467.1476821899414,1007.7381591796875,152,0,1,0,0,0,0,0,0,0,356.3943672180176,18.419296264648438,80.0707836151123,12.263235092163086,cache_bf16,large_h6_n32_s100,9010e38b1b9f45d7563a6079e929718e39b72bd85e381e68d2881c556a06e6c1,19.363136291503906,255.57465639710426,0,771.5266390740871,0,0,0,0
pubmed_node,val,56,56,pubmed_node:val:000056:bb54d7fee9186b6b,1,1823.966004,1823.9052734375,1722.808331,100.715507,193.70068330317736,27.7611892670393,17.132039181888103,1297.4994787946343,371.43366622924805,922.6812591552734,139,0,1,0,0,0,0,0,0,0,274.55282974243164,14.088127613067627,73.07046413421631,9.72224473953247,cache_bf16,large_h6_n32_s100,bb54d7fee9186b6bc892327aa4947d40c66b18854e90e8bb7ec95af7418eec9b,19.375423431396484,234.70256006717682,0,707.3541225194931,0,0,0,0
pubmed_node,val,57,57,pubmed_node:val:000057:9ff0bba85a6caa80,1,1622.101373,1622.0452880859375,1521.073549,100.63706,147.6459726691246,26.168405078351498,16.02026727050543,1145.8104429766536,279.2403793334961,863.3803863525391,130,0,1,0,0,0,0,0,0,0,195.0778579711914,9.726144075393677,67.13212776184082,7.30424952507019,cache_bf16,large_h6_n32_s100,9ff0bba85a6caa80fab514253b7c2954d17517c315b3b175aefb5db4dd5102d1,19.31180763244629,219.80828830599785,0,662.8839056789875,0,0,0,0
pubmed_node,val,58,58,pubmed_node:val:000058:7ac12a029e2ea1ad,1,1716.611628,1716.5533447265625,1616.715522,99.523702,193.75186040997505,27.751450426876545,16.95204060524702,1187.2189324349165,285.52006912231445,898.4001312255859,135,0,1,0,0,0,0,0,0,0,198.09014129638672,9.876000046730042,70.14995193481445,7.40397584438324,cache_bf16,large_h6_n32_s100,7ac12a029e2ea1adfa3f1acbdafe7247347044365e5c75292b427738630bc27f,19.36288070678711,227.94655978679657,0,689.8164521455765,0,0,0,0
pubmed_node,val,59,59,pubmed_node:val:000059:dcc80dca8cbac494,1,1584.956998,1584.9012451171875,1483.393248,101.08652,161.1981512978673,27.801604941487312,16.047921031713486,1108.9393692091107,259.2136001586914,846.5840301513672,127,0,1,0,0,0,0,0,0,0,177.59520149230957,8.760448098182678,66.14227199554443,6.715678572654724,cache_bf16,large_h6_n32_s100,dcc80dca8cbac49477508e74db2b4512623eafb35c1b1d281fae5296f406c00b,19.31180763244629,215.25196832418442,0,650.6438694596291,0,0,0,0
pubmed_node,val,60,60,pubmed_node:val:000060:f7aab1a5e58872f2,1,1365.85433,1365.803466796875,1264.95246,100.563044,130.1445234566927,27.792672626674175,13.635922223329544,940.2353260666132,205.63564682006836,731.8610458374023,110,0,1,0,0,0,0,0,0,0,136.538911819458,6.557535886764526,57.26345634460449,5.275742769241333,cache_bf16,large_h6_n32_s100,f7aab1a5e58872f23a0d018a88ae3618a18cd2d3aba215c6168b1d78a417cbb5,19.357759475708008,187.38041606545448,0,563.8383892476559,0,0,0,0
pubmed_node,val,61,61,pubmed_node:val:000061:3fafc63cd3e3d755,1,1899.813171,1899.7508544921875,1798.756829,100.665734,192.26998090744019,27.725963853299618,17.922467552125454,1398.789812810719,446.77337646484375,948.536376953125,143,0,1,0,0,0,0,0,0,0,342.7907180786133,17.578815698623657,74.6080961227417,11.795746564865112,cache_bf16,large_h6_n32_s100,3fafc63cd3e3d755ac37ba950ee2d90b2c87a30f051d13564eb02b986354f9ff,19.36400032043457,241.19331219792366,0,726.7070650756359,0,0,0,0
pubmed_node,val,62,62,pubmed_node:val:000062:333f83f2fefc467c,1,1708.187457,1708.1285400390625,1606.907814,100.845881,180.29699753969908,27.700546197593212,16.39283075928688,1213.4170653298497,324.56991958618164,885.5873107910156,133,0,1,0,0,0,0,0,0,0,233.62464141845703,12.010208010673523,70.24905776977539,8.686012387275696,cache_bf16,large_h6_n32_s100,333f83f2fefc467c8ddde326a54b73d95b1c4ca62041cff670410da951439d4c,19.357248306274414,224.84627252817154,0,680.0982865691185,0,0,0,0
pubmed_node,val,63,63,pubmed_node:val:000063:6d4432a0f007f084,1,1609.921474,1609.8653564453125,1508.723243,100.801745,163.78668695688248,27.69464161247015,15.980730764567852,1138.2414028048515,288.1149711608887,846.9996948242188,127,0,1,0,0,0,0,0,0,0,204.06159591674805,10.346176147460938,66.1890869140625,7.5181121826171875,cache_bf16,large_h6_n32_s100,6d4432a0f007f084a11c6d976221112748fae7f57fde1d12670a3133d46f5944,19.298431396484375,215.3728643655777,0,650.9252618551254,0,0,0,0
pubmed_node,val,64,64,pubmed_node:val:000064:e3dbe99c136a4258,1,1541.471171,1541.4171142578125,1440.493245,100.576137,152.21652761101723,27.72475779056549,15.284699387848377,1095.9082981571555,265.10787200927734,827.7617492675781,124,0,1,0,0,0,0,0,0,0,184.22134399414062,9.122431874275208,64.8376636505127,6.926432490348816,cache_bf16,large_h6_n32_s100,e3dbe99c136a4258f7ad2ea61aa5b13d5ab744640704de8553a3ad99e04e6e2f,19.270719528198242,210.24755230545998,0,636.7849164903164,0,0,0,0
pubmed_node,val,65,65,pubmed_node:val:000065:cb2105207b3051f0,1,1629.216316,1629.16015625,1528.953951,99.862676,186.6204021498561,27.84364577382803,15.967048704624176,1121.4426923543215,273.4231071472168,844.8960571289062,127,0,1,0,0,0,0,0,0,0,190.68963241577148,9.54748797416687,66.06636810302734,7.119618654251099,cache_bf16,large_h6_n32_s100,cb2105207b3051f053a04c5df7e6abd109903af95851491acc0435ffd4e167cc,19.283199310302734,214.8992320895195,0,649.2800243496895,0,0,0,0
pubmed_node,val,66,66,pubmed_node:val:000066:b863ad2a9baa79e0,1,1987.244104,1987.180419921875,1886.057375,100.754737,247.27492965757847,27.833268977701664,19.499322399497032,1374.6147314086556,318.61590576171875,1052.1864929199219,158,0,1,0,0,0,0,0,0,0,217.46783828735352,10.729440093040466,82.2421760559082,8.176451325416565,cache_bf16,large_h6_n32_s100,b863ad2a9baa79e0c9f3f2f8b5388dba36bc4181f8cf4079d8d758a0d18d73e4,19.41708755493164,265.4378882944584,0,806.1656921803951,0,0,0,0
pubmed_node,val,67,67,pubmed_node:val:000067:fb90d33c0f3a8a6b,1,1594.461649,1594.4066162109375,1494.527863,99.55274,168.86899061501026,27.74790208786726,15.72732999920845,1105.4026624187827,271.3385925292969,830.9883117675781,125,0,1,0,0,0,0,0,0,0,189.0782070159912,9.49513590335846,65.6876802444458,7.077569365501404,cache_bf16,large_h6_n32_s100,fb90d33c0f3a8a6b217466e04d9c67f6b9e462f081ae18b9168c5ede39fc16ad,19.34623908996582,211.88447999954224,0,638.4500708580017,0,0,0,0
pubmed_node,val,68,68,pubmed_node:val:000068:e6e2970d414380b7,1,1649.228835,1649.171630859375,1548.997005,99.777068,171.46031744778156,27.858689427375793,16.037816181778908,1157.1927089244127,294.0511703491211,859.9733276367188,129,0,1,0,0,0,0,0,0,0,208.70445251464844,10.553536057472229,67.09350395202637,7.69967782497406,cache_bf16,large_h6_n32_s100,e6e2970d414380b740b417ba5caa10452bc1fc3e649ec7a566d8692fd013358b,19.394176483154297,218.4678080379963,0,660.8996960818768,0,0,0,0
pubmed_node,val,69,69,pubmed_node:val:000069:72f4e4feaddec62f,1,2209.579524,2209.51123046875,2109.046227,99.821086,244.83601935207844,28.022690676152706,20.401693880558014,1629.8748552799225,520.7467575073242,1105.1089630126953,166,0,1,0,0,0,0,0,0,0,399.50296783447266,20.190752029418945,87.45763206481934,13.595405578613281,cache_bf16,large_h6_n32_s100,72f4e4feaddec62fabc94cbf9e852ed8d1d442b643165b22b4109d8f479869d8,19.46009635925293,278.4304960370064,0,846.1385633349419,0,0,0,0
pubmed_node,val,70,70,pubmed_node:val:000070:5b36b85be8ad30a3,1,2144.097482,2144.030517578125,2043.587892,99.977119,233.33915323019028,27.8892507776618,20.56485414505005,1569.053784944117,474.06233978271484,1091.0182495117188,164,0,1,0,0,0,0,0,0,0,357.9393882751465,17.92032027244568,86.07855892181396,12.124072313308716,cache_bf16,large_h6_n32_s100,5b36b85be8ad30a3abbe80d35d7d66b8b492b6e10937eb49c5aa4c9f4bcd7134,19.38969612121582,275.01625579595566,0,835.3916898369789,0,0,0,0
pubmed_node,val,71,71,pubmed_node:val:000071:a3dfea97aa7e87f9,1,1832.643476,1832.5833740234375,1746.902996,85.287317,198.3818057924509,27.812456712126732,18.36485043168068,1319.4231698289514,327.6635513305664,988.1390380859375,149,0,1,0,0,0,0,0,0,0,229.22684860229492,11.640096068382263,78.31443214416504,8.482174515724182,cache_bf16,large_h6_n32_s100,a3dfea97aa7e87f9c12329bc160eba415932f1bae20785eb512614464790219a,19.349599838256836,250.74563172459602,0,756.7430061995983,0,0,0,0
pubmed_node,val,72,72,pubmed_node:val:000072:5d3ef41c093ef392,1,1843.395916,1843.3363037109375,1757.553965,85.400728,202.3964487016201,27.65513863414526,18.39382480829954,1327.7987260371447,330.3256301879883,993.8581085205078,149,0,1,0,0,0,0,0,0,0,231.45795440673828,11.961888194084167,78.42537593841553,8.480411648750305,cache_bf16,large_h6_n32_s100,5d3ef41c093ef392b9c2c196ca0af8f22a2f684e8b9a459eb6aae22e26fb4f54,19.221311569213867,251.01660838723183,0,762.0628117024899,0,0,0,0
pubmed_node,val,73,73,pubmed_node:val:000073:26fee4e5dfcd8320,1,1578.896882,1578.8404541015625,1477.534841,100.927576,155.9760244563222,27.793332003057003,15.520205721259117,1111.2793516367674,269.02073669433594,839.1585540771484,126,0,1,0,0,0,0,0,0,0,186.73545455932617,9.283135890960693,65.99136066436768,7.0107855796813965,cache_bf16,large_h6_n32_s100,26fee4e5dfcd8320642c77d02695740581892076688260e9819183027b763d08,19.353952407836914,213.47740831971169,0,645.0350981652737,0,0,0,0
pubmed_node,val,74,74,pubmed_node:val:000074:927227b0d2cbed6d,1,2013.895327,2013.8309326171875,1912.451431,100.981178,212.64267154037952,27.8859231621027,18.998983316123486,1470.7433469593525,439.3030090332031,1027.708740234375,154,0,1,0,0,0,0,0,0,0,330.4872627258301,16.90230417251587,80.24908828735352,11.664353847503662,cache_bf16,large_h6_n32_s100,927227b0d2cbed6d067a367e78dc98164f9ecf541ef6796766ee1d7410d0d654,19.3919677734375,258.8026877641678,0,788.2980202436447,0,0,0,0
pubmed_node,val,75,75,pubmed_node:val:000075:b48edaa5bbd7b728,1,2289.67814,2289.6083984375,2187.931273,101.232321,451.66194438934326,28.311526402831078,19.032255746424198,1503.9527425542474,478.61810302734375,1021.5907135009766,153,0,1,0,0,0,0,0,0,0,367.2120361328125,18.52784037590027,80.32566452026367,12.55256199836731,cache_bf16,large_h6_n32_s100,b48edaa5bbd7b728c6b0c0bf0b233bf593a83ea215b6143a872a5b9e79f54c08,19.512767791748047,257.31622406840324,0,783.7872572243214,0,0,0,0
pubmed_node,val,76,76,pubmed_node:val:000076:0a900ab1029a963b,1,1750.718023,1750.658203125,1649.439084,100.816868,186.93658988922834,27.774696238338947,17.23081525415182,1218.1270634755492,301.49132537841797,913.2777862548828,137,0,1,0,0,0,0,0,0,0,211.02093124389648,10.547615885734558,72.05273628234863,7.8700419664382935,cache_bf16,large_h6_n32_s100,0a900ab1029a963bb6132834040abc30a53caa4ddd18d4c40ca1aa2a63da73d0,19.347488403320312,231.66310453414917,0,700.962170124054,0,0,0,0
pubmed_node,val,77,77,pubmed_node:val:000077:3625c095ad0da368,1,1616.322832,1616.266845703125,1516.409444,99.463598,167.1377196907997,27.835738845169544,16.25747326761484,1113.9357397332788,247.44528198242188,863.3210906982422,129,0,1,0,0,0,0,0,0,0,166.09971237182617,8.059647917747498,66.91590404510498,6.370017647743225,cache_bf16,large_h6_n32_s100,3625c095ad0da36862923b06067bf9d2c8552d3eeceae1d9fecb4baba9d77cac,19.388832092285156,218.16147229075432,0,664.548450499773,0,0,0,0
pubmed_node,val,78,78,pubmed_node:val:000078:6196be2c6ed1bbb5,1,1786.59817,1786.5390625,1685.095575,101.046577,192.70863104611635,27.728356420993805,17.635678872466087,1260.0262323394418,306.2498588562012,950.2997741699219,143,0,1,0,0,0,0,0,0,0,213.18649673461914,10.67139196395874,74.47094440460205,7.92102575302124,cache_bf16,large_h6_n32_s100,6196be2c6ed1bbb531bdb725451c7134849d0b380074ff7bde3cbaa6a234fca4,19.304384231567383,241.10873660445213,0,728.4954217970371,0,0,0,0
pubmed_node,val,79,79,pubmed_node:val:000079:b45b3b7f8cfc3c61,1,1870.144558,1870.083740234375,1768.878484,100.827834,214.44203704595566,27.858786284923553,18.061171285808086,1297.936486080289,320.73408126831055,973.6415405273438,146,0,1,0,0,0,0,0,0,0,224.26137924194336,11.396992087364197,76.7642240524292,8.311485886573792,cache_bf16,large_h6_n32_s100,b45b3b7f8cfc3c61bc0c3af1ca47d3c4a4f613ee28c7c156f89fff5216359612,19.467296600341797,246.02739229798317,0,747.0814448297024,0,0,0,0
pubmed_node,val,80,80,pubmed_node:val:000080:36fca5e19444f772,1,1229.054362,1229.0069580078125,1127.898999,100.81201,110.45160051435232,26.219133287668228,12.367315590381622,841.6876094415784,187.27712059020996,651.9471435546875,98,0,1,0,0,0,0,0,0,0,125.42505645751953,6.082560062408447,50.93363285064697,4.83587121963501,cache_bf16,large_h6_n32_s100,36fca5e19444f772feaca11fd7afea2bee5f22ede0d5764ec098943f4516fbc2,19.354272842407227,168.0628479719162,0,503.2385684251785,0,0,0,0
pubmed_node,val,81,81,pubmed_node:val:000081:1c63bf6396d63c4a,1,1707.397471,1707.33984375,1605.911592,101.056203,179.05113846063614,27.631034143269062,16.407743096351624,1213.0460692569613,326.1143989562988,883.6727294921875,133,0,1,0,0,0,0,0,0,0,235.30517959594727,12.015679955482483,70.1202564239502,8.673282980918884,cache_bf16,large_h6_n32_s100,1c63bf6396d63c4a4d2682cc4bbff2f851f7607bff47af83e05dbbd1b138f402,19.256511688232422,224.9199679493904,0,678.0092732310295,0,0,0,0
pubmed_node,val,82,82,pubmed_node:val:000082:5d1e728a0bb57dcd,1,1232.315049,1232.2637939453125,1131.07477,100.88242,112.18467261642218,26.190102100372314,12.38330453634262,840.1932818815112,186.46326637268066,651.2770538330078,98,0,1,0,0,0,0,0,0,0,124.88285064697266,6.013216018676758,50.7455997467041,4.821599960327148,cache_bf16,large_h6_n32_s100,5d1e728a0bb57dcdb7384205dff58d3a6814a8008ea8ae6f4a0c3594a62193eb,19.328800201416016,167.91132816672325,0,502.6945258677006,0,0,0,0
pubmed_node,val,83,83,pubmed_node:val:000083:080749376c19c8ad,1,1704.125168,1704.0673828125,1603.089737,100.636716,173.06465469300747,27.710365131497383,16.688458621501923,1191.8828366324306,299.2801971435547,889.3501739501953,133,0,1,0,0,0,0,0,0,0,210.80633544921875,10.657695889472961,70.1155195236206,7.700646281242371,cache_bf16,large_h6_n32_s100,080749376c19c8ad19056c665f99eab03f816aff88630479fd4926c34a02ac10,19.370336532592773,224.62479981780052,0,684.0957106649876,0,0,0,0
pubmed_node,val,84,84,pubmed_node:val:000084:be686f184fc2e4bc,1,2001.771394,2001.70751953125,1900.432672,100.884504,230.07733281701803,27.833485044538975,19.31697502732277,1448.650530539453,425.0499572753906,1019.8665313720703,154,0,1,0,0,0,0,0,0,0,317.56422424316406,16.133919715881348,80.10544109344482,11.24637222290039,cache_bf16,large_h6_n32_s100,be686f184fc2e4bcd461af13e035a777fbe7665bbfa958b0eb9f1a1419d2764f,19.373855590820312,258.5158081948757,0,780.7245787680149,0,0,0,0
pubmed_node,val,85,85,pubmed_node:val:000085:4f6dfab955d4d7b5,1,1590.571246,1590.5150146484375,1490.701087,99.475283,159.3297766521573,27.83400285989046,15.315036289393902,1118.9261740073562,258.4783706665039,857.3954010009766,124,0,1,0,0,0,0,0,0,0,178.01766395568848,8.781728029251099,64.96291160583496,6.71606707572937,cache_bf16,large_h6_n32_s100,4f6dfab955d4d7b537018896ab313c6a77d73adb7e95d3178d92ad2ac7774d8b,19.396703720092773,210.0052483677864,0,666.7868563532829,0,0,0,0
pubmed_node,val,86,86,pubmed_node:val:000086:4a064d4dd29b0985,1,2228.613473,2228.5458984375,2128.443375,99.696479,261.10448222607374,27.721401304006577,20.800315774977207,1633.7964702397585,520.9515075683594,1108.8370666503906,166,0,1,0,0,0,0,0,0,0,399.68396759033203,20.23855996131897,87.43430423736572,13.594675779342651,cache_bf16,large_h6_n32_s100,4a064d4dd29b098557091b886a7cbfb5608b19f6e4316e8700033c6256a4cd53,19.313535690307617,278.6225606203079,0,849.5280417203903,0,0,0,0
pubmed_node,val,87,87,pubmed_node:val:000087:aada6044e805431c,1,2011.025325,2010.961669921875,1909.552506,100.980685,218.53713132441044,27.51217596232891,18.709879368543625,1475.0245120376348,463.8089599609375,1007.5219879150391,152,0,1,0,0,0,0,0,0,0,353.33260345458984,18.205888032913208,79.98947238922119,12.280996084213257,cache_bf16,large_h6_n32_s100,aada6044e805431c11f631b91969c43fb3d992f6f72776bf646eeb7e700292c5,19.271711349487305,255.50438430905342,0,771.289314955473,0,0,0,0
pubmed_node,val,88,88,pubmed_node:val:000088:388fe6585d0aae4a,1,1352.740805,1352.69140625,1251.560971,100.784747,129.46301978081465,27.71896030753851,13.567041605710983,939.8653954267502,213.71548461914062,723.4484481811523,109,0,1,0,0,0,0,0,0,0,144.15794944763184,6.939135909080505,57.09715175628662,5.521247506141663,cache_bf16,large_h6_n32_s100,388fe6585d0aae4a2e0d06212a81bc8df99b2a798224d8f8892f778cf86c4b05,19.33350372314453,185.78473609685898,0,556.9972158074379,0,0,0,0
pubmed_node,val,89,89,pubmed_node:val:000089:140276012f84eb01,1,1878.061548,1878.000732421875,1777.922485,99.696855,205.4612608626485,27.88257598876953,18.56008544564247,1319.7057228535414,314.9529609680176,1001.0882568359375,151,0,1,0,0,0,0,0,0,0,216.13199615478516,10.802847981452942,79.8526086807251,8.165508151054382,cache_bf16,large_h6_n32_s100,140276012f84eb0196fbaa7f3978a9b4f8f96289b2aaf29e92f4a0ca84a6b717,19.429792404174805,254.02054426074028,0,766.497504979372,0,0,0,0
pubmed_node,val,90,90,pubmed_node:val:000090:f6527251b3e8b39d,1,1591.211632,1591.1568603515625,1489.964612,100.788104,168.95032301545143,27.701816521584988,15.687697567045689,1108.548542484641,259.3925132751465,846.0342864990234,127,0,1,0,0,0,0,0,0,0,177.63183975219727,8.770495891571045,66.26771259307861,6.7224650382995605,cache_bf16,large_h6_n32_s100,f6527251b3e8b39d0c854eddc25611c68d355ab16086c48c23297687ada1db21,19.324352264404297,215.2152640223503,0,650.1433747410774,0,0,0,0
pubmed_node,val,91,91,pubmed_node:val:000091:93625c07e0b128a2,1,1692.320414,1692.263671875,1591.204045,100.688714,183.90794936567545,27.79597509652376,16.690298914909363,1173.6536175012589,289.00208282470703,881.3900756835938,133,0,1,0,0,0,0,0,0,0,201.06647109985352,10.141855955123901,70.2939510345459,7.499804735183716,cache_bf16,large_h6_n32_s100,93625c07e0b128a228823087bf82f733cf1e736f19ea8c07ee29e6359bc3758d,19.375232696533203,224.68569621443748,0,676.0796121656895,0,0,0,0
pubmed_node,val,92,92,pubmed_node:val:000092:11aa3c376a8b8756,1,1827.019405,1826.9595947265625,1725.409389,101.176599,189.81961905956268,27.769559994339943,17.356018535792828,1338.009792380035,394.8672332763672,939.7065277099609,141,0,1,0,0,0,0,0,0,0,294.89743423461914,15.327584028244019,74.15091228485107,10.491302728652954,cache_bf16,large_h6_n32_s100,11aa3c376a8b875666461798bd5bdf44c3f215076a600b76ffe17c8e686bf71b,19.345279693603516,237.92614445090294,0,721.1256629526615,0,0,0,0
pubmed_node,val,93,93,pubmed_node:val:000093:79cb920b6da709a8,1,1583.438664,1583.3843994140625,1483.056002,99.885544,169.7302646934986,27.639676816761494,15.703855082392693,1122.703612782061,273.7637748718262,845.8272399902344,127,0,1,0,0,0,0,0,0,0,190.88672065734863,9.581984043121338,66.15539169311523,7.139678478240967,cache_bf16,large_h6_n32_s100,79cb920b6da709a8a1d74fc681afdf377db44993f97aa0739bab3c13292d52c5,19.25779151916504,215.14857590198517,0,649.9364556074142,0,0,0,0
pubmed_node,val,94,94,pubmed_node:val:000094:a6dfe4f6ba1cb227,1,1898.276633,1898.21533203125,1797.817765,99.946037,203.5798979923129,27.732721529901028,17.63394195586443,1399.2990124970675,442.5270767211914,953.2747344970703,143,0,1,0,0,0,0,0,0,0,338.59411239624023,17.398815870285034,74.73657512664795,11.797573328018188,cache_bf16,large_h6_n32_s100,a6dfe4f6ba1cb2278d7926201cd2749c5f6fd53fcad111d58f46c882acf7e0c2,19.358976364135742,241.28425577282906,0,731.349455088377,0,0,0,0
pubmed_node,val,95,95,pubmed_node:val:000095:2facf91ee7f97441,1,1769.452854,1769.39453125,1668.236319,100.777309,186.77099980413914,27.799949049949646,17.364202067255974,1246.6066563501954,306.76038360595703,936.3945465087891,141,0,1,0,0,0,0,0,0,0,213.83116912841797,10.700959920883179,74.28617572784424,7.9420788288116455,cache_bf16,large_h6_n32_s100,2facf91ee7f974414b17193fc1d60f574087fb3bccc62098e3e17ba63530f71d,19.392160415649414,237.77251175045967,0,718.0141951739788,0,0,0,0
pubmed_node,val,96,96,pubmed_node:val:000096:af7b71f454b4dd4c,1,1289.937934,1289.888916015625,1205.489913,84.089652,127.7317451313138,27.629463002085686,13.142615556716919,914.3346175551414,205.02943801879883,706.6720657348633,106,0,1,0,0,0,0,0,0,0,138.2775363922119,6.684383988380432,54.76358509063721,5.303932547569275,cache_bf16,large_h6_n32_s100,af7b71f454b4dd4cdbaf983985b62120390d88819d7082afece48b62e4b62d88,19.31507110595703,180.88214406371117,0,545.1049927771091,0,0,0,0
pubmed_node,val,97,97,pubmed_node:val:000097:15dc86de74f9d323,1,1984.232102,1984.16943359375,1882.941573,100.800231,220.6348031759262,27.86821685731411,18.92624329775572,1405.3099872544408,378.75238037109375,1022.8269195556641,154,0,1,0,0,0,0,0,0,0,274.3231391906738,14.192864179611206,80.43875217437744,9.797624826431274,cache_bf16,large_h6_n32_s100,15dc86de74f9d32340b622659c1026df4a08ac79b5852cf4147230f5c91abb4a,19.396543502807617,258.9971845448017,0,783.22627851367,0,0,0,0
pubmed_node,val,98,98,pubmed_node:val:000098:65a3aa3f2fa39d9c,1,1567.704383,1567.650146484375,1466.377109,100.893455,155.30904475599527,27.806171216070652,15.537017956376076,1105.1307246088982,271.08313369750977,830.9771270751953,125,0,1,0,0,0,0,0,0,0,188.8034553527832,9.515775918960571,65.67407989501953,7.08982253074646,cache_bf16,large_h6_n32_s100,65a3aa3f2fa39d9c0ffb6c80726a266557b343795dab359b7c114116e36dba9c,19.364063262939453,211.9683203101158,0,638.372870028019,0,0,0,0
pubmed_node,val,99,99,pubmed_node:val:000099:09b311fe7b8bca01,1,1804.222731,1804.1629638671875,1701.329207,102.426448,201.4775313436985,27.637986466288567,17.58864987641573,1274.7795917093754,321.27827072143555,950.0270538330078,143,0,1,0,0,0,0,0,0,0,226.72748565673828,11.51744019985199,74.6464958190918,8.386849045753479,cache_bf16,large_h6_n32_s100,09b311fe7b8bca01f21eb279173735a0ac78eb7786ae2a6779487e991cc0d0ca,19.29100799560547,241.10204845666885,0,728.2160133719444,0,0,0,0
pubmed_node,test,100,0,pubmed_node:test:000000:5f32cab0cc57c69d,1,3536.377731,3536.242431640625,3434.493688,101.266148,1905.1329493522644,31.374108977615833,17.01656449586153,1297.662508673966,315.93238067626953,978.0644683837891,135,0,1,0,0,0,0,0,0,0,225.40143966674805,11.478304028511047,70.28080177307129,8.771835207939148,cache_bf16,large_h6_n32_s100,5f32cab0cc57c69d95e5bc46825c81acd87a47b9eec65c4a82dd43d85c7615db,20.41276741027832,228.01446422934532,0,770.4627715647221,0,0,0,0
pubmed_node,test,101,1,pubmed_node:test:000001:a8172642a48601de,1,1860.142879,1860.083251953125,1758.670974,101.048764,638.3642237633467,28.271155431866646,13.342664577066898,929.0874814614654,206.44147491455078,719.923454284668,109,0,1,0,0,0,0,0,0,0,137.48345565795898,6.6138880252838135,57.056321144104004,5.2878100872039795,cache_bf16,large_h6_n32_s100,a8172642a48601de6e3cbe1f0a20a6977383967792c377469f9dbfc38282572a,19.64227294921875,185.47344025969505,0,554.0922869741917,0,0,0,0
pubmed_node,test,102,2,pubmed_node:test:000002:4db44e1aff13aa1d,1,2991.881614,2991.800048828125,2891.459771,99.943291,1353.5718182101846,26.91800519824028,18.118150532245636,1294.1214311867952,327.5225944519043,963.0211334228516,146,0,1,0,0,0,0,0,0,0,230.8855743408203,11.647807955741882,76.50374412536621,8.485468029975891,cache_bf16,large_h6_n32_s100,4db44e1aff13aa1d780e95cb44b1f4852e1a60925b9bc71cf462b6ba28567b25,19.63852882385254,245.36531218886375,0,737.2943500578403,0,0,0,0
pubmed_node,test,103,3,pubmed_node:test:000003:ff4243ffe8958137,1,1448.066641,1448.015869140625,1347.803938,99.909545,710.0544711574912,26.869860477745533,7.558831945061684,511.97686791419983,111.56988716125488,398.79564666748047,60,0,1,0,0,0,0,0,0,0,74.12489604949951,3.5438400506973267,30.998624801635742,2.9025262594223022,cache_bf16,large_h6_n32_s100,ff4243ffe8958137a22971497e18da5390b4538fddd1cf21030d346b34649493,19.5229434967041,106.02521607279778,0,312.2933740913868,0,0,0,0
pubmed_node,test,104,4,pubmed_node:test:000004:40cd4e02f0cfac2f,1,1738.074816,1738.017822265625,1636.604946,101.012985,152.8632827103138,26.0533569380641,16.884793527424335,1242.2831002622843,323.3548126220703,915.5342407226562,139,0,1,0,0,0,0,0,0,0,229.98290634155273,11.85046398639679,73.05456066131592,8.46688163280487,cache_bf16,large_h6_n32_s100,40cd4e02f0cfac2fe5de3970990bcca5d5457887a7104d43468f70096c0c70a1,19.27680015563965,233.97273635864258,0,700.8383045196533,0,0,0,0
pubmed_node,test,105,5,pubmed_node:test:000005:181a635aeb0b1e44,1,1840.437158,1840.37841796875,1754.283718,85.65637,194.37247514724731,26.113460771739483,17.936608754098415,1331.2297696247697,351.0607681274414,976.5673217773438,148,0,1,0,0,0,0,0,0,0,252.20358276367188,12.640000104904175,76.97366428375244,9.243520975112915,cache_bf16,large_h6_n32_s100,181a635aeb0b1e44e9c8ad72085a48672b8be3c6c2c170e43daba8e2b4cfc245,19.323999404907227,248.6988798379898,0,747.1924413442612,0,0,0,0
pubmed_node,test,106,6,pubmed_node:test:000006:abcccbdd0508ae28,1,1450.218972,1450.16748046875,1364.490521,85.345481,153.1296679750085,26.167099364101887,14.13929183036089,1019.7155606001616,250.9450569152832,765.8951263427734,116,0,1,0,0,0,0,0,0,0,175.71004486083984,8.823872089385986,59.80227088928223,6.6088690757751465,cache_bf16,large_h6_n32_s100,abcccbdd0508ae28d6fc0bf63eabd6bf42f8e1a40d6ce4c893580161e0835de9,19.364160537719727,196.74956771731377,0,588.5097191631794,0,0,0,0
pubmed_node,test,107,7,pubmed_node:test:000007:f8a89e3268ef9017,1,1830.107378,1830.049072265625,1729.914662,99.731459,427.0372511819005,26.70337725430727,15.77833667397499,1092.8152734413743,252.4324493408203,837.2527313232422,127,0,1,0,0,0,0,0,0,0,171.27513694763184,8.430015921592712,66.20176029205322,6.5255361795425415,cache_bf16,large_h6_n32_s100,f8a89e3268ef9017ec088f51d6dc66e2be911cdf3c9b8075b6cbf48362a2c64b,19.500288009643555,214.6955844461918,0,642.057434886694,0,0,0,0
pubmed_node,test,108,8,pubmed_node:test:000008:77e3f9fc15f1bf03,1,1839.056765,1838.998291015625,1737.903198,100.740627,191.1156140267849,26.038428768515587,18.242809921503067,1330.7309783995152,338.0968017578125,989.0018768310547,150,0,1,0,0,0,0,0,0,0,238.94092559814453,11.992576241493225,78.51004695892334,8.653252959251404,cache_bf16,large_h6_n32_s100,77e3f9fc15f1bf03d88332bdd10a647e1358df47f678d5776cbb7abb20e98d00,19.288991928100586,252.1011198759079,0,756.1897488832474,0,0,0,0
pubmed_node,test,109,9,pubmed_node:test:000009:5e99123123cdfc02,1,1855.253872,1855.1959228515625,1753.839778,100.94787,188.79521917551756,26.26641094684601,18.553257919847965,1312.281658872962,320.4439353942871,988.2046813964844,150,0,1,0,0,0,0,0,0,0,222.29264068603516,11.115424036979675,78.69638442993164,8.339486241340637,cache_bf16,large_h6_n32_s100,5e99123123cdfc0234a28037333005877a8588959b96d2be863d963300ccb999,19.39244842529297,252.2068800330162,0,755.3902497887611,0,0,0,0
pubmed_node,test,110,10,pubmed_node:test:000010:fa2a68fc052c1ca7,1,1851.541175,1851.4833984375,1751.488844,99.655539,164.93593901395798,26.048067025840282,17.960159108042717,1353.007435798645,375.31618881225586,974.1005859375,148,0,1,0,0,0,0,0,0,0,274.0384635925293,14.057407855987549,77.3950719833374,9.825245380401611,cache_bf16,large_h6_n32_s100,fa2a68fc052c1ca7b2bd36efafd8ee0b7346f15bef9db9388160a4ac28cb1e07,19.23151969909668,248.79753643274307,0,744.5345692038536,0,0,0,0
pubmed_node,test,111,11,pubmed_node:test:000011:4a1205c265b34c70,1,1802.6349,1802.57763671875,1702.325323,99.853679,157.29195438325405,26.099110022187233,17.536304891109467,1306.8144526332617,366.4620475769043,936.8880310058594,142,0,1,0,0,0,0,0,0,0,268.4790725708008,13.900384187698364,74.52313613891602,9.559454679489136,cache_bf16,large_h6_n32_s100,4a1205c265b34c704c7db0d1240929b1c097e6546dd683f31f98227fadf4ae26,19.334848403930664,239.2290884256363,0,716.9937909841537,0,0,0,0
pubmed_node,test,112,12,pubmed_node:test:000012:8eb86b065a664f01,1,1842.770781,1842.71337890625,1741.350504,100.960305,169.22916285693645,26.236209087073803,18.550759181380272,1317.7109267562628,326.6818618774414,987.384521484375,150,0,1,0,0,0,0,0,0,0,227.80905532836914,11.718816041946411,78.82214450836182,8.331845998764038,cache_bf16,large_h6_n32_s100,8eb86b065a664f0101dae831852c4e8178831d161f2a6712018723f01e6f0f3f,19.388479232788086,251.80003190040588,0,754.9729688167572,0,0,0,0
pubmed_node,test,113,13,pubmed_node:test:000013:feab12092f141e27,1,1643.873134,1643.8184814453125,1544.046578,99.454085,145.88215854018927,26.143251918256283,16.31287205964327,1168.8811527565122,285.51113510131836,880.1030731201172,134,0,1,0,0,0,0,0,0,0,198.0455322265625,9.98963212966919,70.07823944091797,7.397731304168701,cache_bf16,large_h6_n32_s100,feab12092f141e27ae5b741ccb49bcffde02b9f1154e8c3b62b9e899cd3375bc,19.34160041809082,225.9145601093769,0,673.5301134288311,0,0,0,0
pubmed_node,test,114,14,pubmed_node:test:000014:ee52a3ae17d3dd49,1,1545.066618,1545.013916015625,1443.601437,101.041605,137.18059845268726,26.04980766773224,15.70010557770729,1084.3551121652126,246.5633888244629,834.6679382324219,127,0,1,0,0,0,0,0,0,0,166.20355224609375,8.058591961860657,65.93103981018066,6.37020480632782,cache_bf16,large_h6_n32_s100,ee52a3ae17d3dd4959a68aea956fa97150caec15c4f713d95038909de41c3765,19.319583892822266,214.66684797406197,0,639.3206741511822,0,0,0,0
pubmed_node,test,115,15,pubmed_node:test:000015:f3aeb873cfb6dcce,1,1827.51311,1827.455322265625,1727.493367,99.570016,168.09489112347364,26.347707025706768,17.5644438713789,1347.7676380425692,398.21424865722656,946.0387878417969,144,0,1,0,0,0,0,0,0,0,297.4542694091797,15.33452820777893,74.8397445678711,10.58570647239685,cache_bf16,large_h6_n32_s100,f3aeb873cfb6dcce940734dbc52b0891551830246341e7d9a740e72d9799bc3b,19.400480270385742,241.99020820856094,0,723.4490599036217,0,0,0,0
pubmed_node,test,116,16,pubmed_node:test:000016:3316082954b2f710,1,833.208501,833.1693725585938,748.123681,84.808616,67.93149653822184,26.111233048141003,7.975609973073006,555.330547504127,123.4234561920166,430.21231842041016,65,0,1,0,0,0,0,0,0,0,82.65951919555664,3.9787519574165344,33.57756805419922,3.2076169848442078,cache_bf16,large_h6_n32_s100,3316082954b2f710f1c32e25b1671674f18767faedeb3bc626fbf0147ac50447,19.377023696899414,114.07926422357559,0,335.510077893734,0,0,0,0
pubmed_node,test,117,17,pubmed_node:test:000017:373cce577cac6402,1,1532.680049,1532.626953125,1432.488003,99.763816,139.64532036334276,26.036331430077553,15.29029756784439,1104.3833177536726,272.5202217102051,828.7641906738281,126,0,1,0,0,0,0,0,0,0,190.11158561706543,9.444000005722046,65.84655952453613,7.11807656288147,cache_bf16,large_h6_n32_s100,373cce577cac640256bfa55479070cb5ccd8c32acdbea516bf02d37444a4169e,19.256895065307617,213.0262716114521,0,634.9948141276836,0,0,0,0
pubmed_node,test,118,18,pubmed_node:test:000018:36accab38429261b,1,1556.343102,1556.290771484375,1455.146124,100.778925,147.4408647045493,26.192772202193737,15.479115769267082,1085.4005459696054,260.1548843383789,822.1697082519531,125,0,1,0,0,0,0,0,0,0,178.61356735229492,8.90336000919342,65.91152000427246,6.726436972618103,cache_bf16,large_h6_n32_s100,36accab38429261b491e481800939c962ef76f9910de2879b9ee07a84d34fc9d,19.36524772644043,211.42643225193024,0,630.1085237264633,0,0,0,0
pubmed_node,test,119,19,pubmed_node:test:000019:a7ab00b3fe8d7885,1,1595.000257,1594.9473876953125,1493.940506,100.668363,147.33024965971708,26.14318486303091,15.944009646773338,1132.2051957249641,265.1305923461914,863.8697967529297,131,0,1,0,0,0,0,0,0,0,180.32931327819824,8.895904064178467,69.05577754974365,6.849597454071045,cache_bf16,large_h6_n32_s100,a7ab00b3fe8d78859bbe909a1fc96127e2c43c5ba83ad42b5c4aa549be7483d0,19.336320877075195,221.2812483906746,0,661.9248692393303,0,0,0,0
pubmed_node,test,120,20,pubmed_node:test:000020:432c4bd4a2f7e08b,1,1444.71082,1444.660400390625,1343.630124,100.709737,124.19376242905855,25.993154384195805,14.703875407576561,1028.0485125258565,242.63890838623047,782.4662475585938,119,0,1,0,0,0,0,0,0,0,165.11244773864746,8.132895946502686,63.13862323760986,6.254941463470459,cache_bf16,large_h6_n32_s100,432c4bd4a2f7e08bae5f939d07639fdc16df175d2f7c73872556b7ab07d55ec7,19.266048431396484,201.69206392765045,0,600.0402320623398,0,0,0,0
pubmed_node,test,121,21,pubmed_node:test:000021:b67735b4e48a0af1,1,1668.55045,1668.4957275390625,1567.993987,100.07225,154.22344766557217,26.08504891395569,16.87514316290617,1178.7566766142845,279.9917793273926,895.4352722167969,136,0,1,0,0,0,0,0,0,0,192.5501766204834,9.574079990386963,70.60348796844482,7.264034748077393,cache_bf16,large_h6_n32_s100,b67735b4e48a0af1f3e15acc315656376670d57a30a75180dbaf985a4c768be9,19.3121280670166,229.0510079562664,0,685.6963923275471,0,0,0,0
pubmed_node,test,122,22,pubmed_node:test:000022:8238262d3a5e8873,1,1933.157935,1933.09814453125,1831.762485,100.938211,168.32602117210627,26.093048974871635,18.527451902627945,1447.4230790510774,436.2236785888672,1007.4870452880859,153,0,1,0,0,0,0,0,0,0,327.8567657470703,16.460351943969727,80.55497550964355,11.351585388183594,cache_bf16,large_h6_n32_s100,8238262d3a5e8873cfa404014dc8669f24ea58ca67fb0ac01aaac3b5415e4a32,19.30620765686035,256.76416036486626,0,770.02909258008,0,0,0,0
pubmed_node,test,123,23,pubmed_node:test:000023:5190dbfdd9c09135,1,1487.115822,1487.064453125,1385.876419,100.872282,135.69552823901176,26.136601343750954,15.11780172586441,1053.7464171648026,246.00902557373047,804.7200164794922,122,0,1,0,0,0,0,0,0,0,168.21952056884766,8.271360158920288,63.15251159667969,6.365633249282837,cache_bf16,large_h6_n32_s100,5190dbfdd9c091353b7ef666424b8f9b549a0b73a1d39b1030ab42918bb3561e,19.361984252929688,206.7037438750267,0,617.3782568573952,0,0,0,0
pubmed_node,test,124,24,pubmed_node:test:000024:ccfef8eb68188954,1,1620.522752,1620.4697265625,1535.49637,84.575979,144.932777620852,26.020847260951996,16.561520285904408,1170.3137438744307,283.9117126464844,883.1190795898438,134,0,1,0,0,0,0,0,0,0,196.84454345703125,9.829503893852234,69.8986234664917,7.339041829109192,cache_bf16,large_h6_n32_s100,ccfef8eb68188954e06071feed8b42eb186394ece94de545604e78d69867975a,19.273056030273438,226.23855981230736,0,676.1535758078098,0,0,0,0
pubmed_node,test,125,25,pubmed_node:test:000025:2f9517f9cddc9ee4,1,1940.934704,1940.8739013671875,1840.99134,99.528917,163.93385361880064,26.13905444741249,18.77972111105919,1424.9406782910228,420.4850540161133,1000.775146484375,152,0,1,0,0,0,0,0,0,0,313.55257415771484,15.788575887680054,80.21488094329834,10.929023027420044,cache_bf16,large_h6_n32_s100,2f9517f9cddc9ee49957e0815e330ee4b580d7cd28fb363dab9b4185c588bcf2,19.32499122619629,255.30672019720078,0,764.7934175133705,0,0,0,0
pubmed_node,test,126,26,pubmed_node:test:000026:c87987cbddd36f68,1,1919.947306,1919.8873291015625,1833.994758,85.514017,169.81877107173204,26.674827560782433,19.404437392950058,1432.2862355038524,394.5058898925781,1033.9803161621094,157,0,1,0,0,0,0,0,0,0,287.39936447143555,14.801568031311035,82.0502405166626,10.254716873168945,cache_bf16,large_h6_n32_s100,c87987cbddd36f6855c3d6946736801b44478892b3b3615397145caa4cda7663,19.286592483520508,263.40278446674347,0,789.8641241788864,0,0,0,0
pubmed_node,test,127,27,pubmed_node:test:000027:66718109a5fbcec5,1,1821.495409,1821.4375,1719.953251,101.09381,156.55084792524576,26.157913729548454,18.086318857967854,1312.7436731010675,327.90531158447266,981.2229461669922,149,0,1,0,0,0,0,0,0,0,229.46760940551758,11.70028805732727,78.34243202209473,8.394982099533081,cache_bf16,large_h6_n32_s100,66718109a5fbcec59ce25191c845483c3b99188a299950cbbfe99aefc325b198,19.33260726928711,250.5209922492504,0,750.0345611870289,0,0,0,0
pubmed_node,test,128,28,pubmed_node:test:000028:da3d647ca7d61231,1,1197.086112,1197.0401611328125,1096.156986,100.585802,101.85025725513697,26.112282648682594,11.790513060986996,837.9259034991264,208.68505477905273,626.8626556396484,95,0,1,0,0,0,0,0,0,0,146.4237461090088,7.283423900604248,49.45254421234131,5.525340557098389,cache_bf16,large_h6_n32_s100,da3d647ca7d612315f43a02793a8c4c10e28cdea33020794930f124ce5f7b206,19.389535903930664,162.6616321504116,0,483.5905593931675,0,0,0,0
pubmed_node,test,129,29,pubmed_node:test:000029:c8fd032bebb7ee00,1,1576.506553,1576.45263671875,1476.260783,99.820007,137.19515036791563,26.019812561571598,15.418916009366512,1124.0139482542872,283.13276290893555,837.7547760009766,127,0,1,0,0,0,0,0,0,0,199.37551498413086,10.030911922454834,66.34879875183105,7.377537250518799,cache_bf16,large_h6_n32_s100,c8fd032bebb7ee00eebd1bdf42da780aebeb3b53d6cc93ab9205804fa91805c7,19.288127899169922,214.83187186717987,0,642.2110320329666,0,0,0,0
pubmed_node,test,130,30,pubmed_node:test:000030:4aa88e232f44afc9,1,1712.46945,1712.4141845703125,1612.153493,99.861723,148.3669402077794,26.04530844837427,17.08940789103508,1246.9781786203384,316.8004455566406,926.7449493408203,141,0,1,0,0,0,0,0,0,0,222.88220977783203,11.36902391910553,74.26137638092041,8.287835478782654,cache_bf16,large_h6_n32_s100,4aa88e232f44afc9900207f479ab0d91e3fd8aade6f711303edb427f65e7f5cd,19.277023315429688,237.2337280511856,0,708.7882446050644,0,0,0,0
pubmed_node,test,131,31,pubmed_node:test:000031:8edaee886ad7a6dd,1,1942.160834,1942.099365234375,1841.05321,100.685138,168.10405906289816,26.102750562131405,18.473073840141296,1420.9241205826402,419.1159973144531,998.1290740966797,152,0,1,0,0,0,0,0,0,0,311.6698913574219,16.034528017044067,80.4909439086914,10.920634031295776,cache_bf16,large_h6_n32_s100,8edaee886ad7a6dd0145006fb00cdf0243ebc2644ea8503fcac7c5e34bd5892d,19.3156795501709,255.1486400961876,0,762.296113550663,0,0,0,0
pubmed_node,test,132,32,pubmed_node:test:000032:ca423fcad5bf26ac,1,799.989415,799.95166015625,699.200725,100.516162,64.67723473906517,26.088987477123737,7.503198459744453,511.4581976085901,111.74828910827637,398.12198638916016,60,0,1,0,0,0,0,0,0,0,74.24604797363281,3.54831999540329,31.04963207244873,2.9042890667915344,cache_bf16,large_h6_n32_s100,ca423fcad5bf26ac21ccaa48946144dcc2ff5ad0569296bfc9cd5d4955833050,19.332128524780273,105.99004819989204,0,311.4640667140484,0,0,0,0
pubmed_node,test,133,33,pubmed_node:test:000033:90ec4e4593ee23e6,1,1946.739841,1946.6795654296875,1845.326747,100.932552,164.5302213728428,26.159479282796383,18.42862367630005,1468.4761641547084,464.6216278076172,1000.1715545654297,152,0,1,0,0,0,0,0,0,0,354.17273712158203,18.07539200782776,80.12841701507568,12.245081663131714,cache_bf16,large_h6_n32_s100,90ec4e4593ee23e69234a1a298a67c907e45dadde229dde0996f821a673b3ed2,19.36092758178711,255.31110391020775,0,764.221378237009,0,0,0,0
pubmed_node,test,134,34,pubmed_node:test:000034:6c6eb1f3b7f852f9,1,2345.502897,2345.435791015625,2244.095717,100.936257,216.88717417418957,28.3103184774518,20.907134748995304,1784.1642620041966,649.0646057128906,1130.9539794921875,172,0,1,0,0,0,0,0,0,0,517.2513275146484,25.504576206207275,89.5740156173706,16.734686374664307,cache_bf16,large_h6_n32_s100,6c6eb1f3b7f852f92c070180689039a16efa2d68e753a4fbe217dad6084252cd,19.347679138183594,287.41407987475395,0,862.8875787556171,0,0,0,0
pubmed_node,test,135,35,pubmed_node:test:000035:1e69ef700dcab499,1,1632.618649,1632.56494140625,1532.480697,99.71822,147.7221930399537,26.041445322334766,16.53085369616747,1158.7738199159503,258.42537689208984,897.0294036865234,136,0,1,0,0,0,0,0,0,0,172.74806213378906,8.417407870292664,70.67017650604248,6.589730381965637,cache_bf16,large_h6_n32_s100,1e69ef700dcab499032eb0be5353e371346fa3b4dac40002ddd35806bccb7f9b,19.278879165649414,229.36969637870789,0,686.938586473465,0,0,0,0
pubmed_node,test,136,36,pubmed_node:test:000036:97228afdbad35bc9,1,2528.645701,2528.575439453125,2427.417811,100.7015,192.07039941102266,27.81552914530039,21.11038099974394,1993.9508447423577,655.393440246582,1334.4249114990234,172,0,1,0,0,0,0,0,0,0,523.8774108886719,25.321887969970703,89.44070434570312,16.753437042236328,cache_bf16,large_h6_n32_s100,97228afdbad35bc93960740e654381233e704308fddde3c08a48e92ac57d2c1a,19.361696243286133,287.3546884357929,0,1066.4319193065166,0,0,0,0
pubmed_node,test,137,37,pubmed_node:test:000037:0d5da1d22d355309,1,802.596567,802.5577392578125,701.798006,100.505436,67.24411901086569,26.135742664337158,7.5104981660842896,510.87904814630747,111.87286567687988,397.4164123535156,60,0,1,0,0,0,0,0,0,0,74.33542442321777,3.5472959876060486,31.07855987548828,2.9115853905677795,cache_bf16,large_h6_n32_s100,0d5da1d22d3553090e15b33e29df3fefd5199a3b1f7b315257d15d7b0f5e65ad,19.389535903930664,106.04275181889534,0,310.76319643855095,0,0,0,0
pubmed_node,test,138,38,pubmed_node:test:000038:b3598f86af021b1d,1,1429.347501,1429.2984619140625,1329.444405,99.543202,124.53504372388124,26.009846478700638,14.376962557435036,1008.0713424831629,240.46732711791992,764.7339477539062,116,0,1,0,0,0,0,0,0,0,165.89513397216797,8.201472043991089,60.1214075088501,6.249313592910767,cache_bf16,large_h6_n32_s100,b3598f86af021b1d874a34cbbc3149ae43dcc9df62655804aec20347c7ed2ef0,19.299999237060547,196.92604812979698,0,587.1078988611698,0,0,0,0
pubmed_node,test,139,39,pubmed_node:test:000039:bd83e07bdd95ea2e,1,1701.681154,1701.627197265625,1615.756393,85.509137,147.15620316565037,26.15329623222351,16.49606879800558,1249.500459060073,351.2513313293457,894.9231872558594,136,0,1,0,0,0,0,0,0,0,257.7288627624512,13.346976041793823,70.91734409332275,9.258148431777954,cache_bf16,large_h6_n32_s100,bd83e07bdd95ea2eddd775c80f0db8147a80de60e6cc648a7777e83522b8e081,19.34876823425293,229.20835182070732,0,685.063603669405,0,0,0,0
pubmed_node,test,140,40,pubmed_node:test:000040:a554100795c70d2c,1,1949.821449,1949.761962890625,1849.450606,99.878921,171.03905975818634,26.09164360910654,18.491435796022415,1464.66401591897,463.00016021728516,997.9791564941406,152,0,1,0,0,0,0,0,0,0,352.6471405029297,18.066912174224854,80.06972694396973,12.216380596160889,cache_bf16,large_h6_n32_s100,a554100795c70d2c4a1a72a11d3ccf7aa3f9a60c816646c90cd465d656cce040,19.304288864135742,255.37123176455498,0,761.9122135937214,0,0,0,0
pubmed_node,test,141,41,pubmed_node:test:000041:817a2246475bd741,1,1696.600321,1696.5460205078125,1596.76881,99.443725,146.73928916454315,26.154790073633194,16.434751451015472,1249.336945824325,375.35388946533203,870.741455078125,133,0,1,0,0,0,0,0,0,0,280.643009185791,14.439552068710327,70.35027122497559,9.921056985855103,cache_bf16,large_h6_n32_s100,817a2246475bd741dc735f5fcf7fdd69a38dd476c0bd10401ebb99349c2cf97c,19.38163185119629,224.30377587676048,0,665.8193110525608,0,0,0,0
pubmed_node,test,142,42,pubmed_node:test:000042:c9169db9d6c4b439,1,1917.027681,1916.9688720703125,1832.159251,84.401518,172.48244397342205,26.25117637217045,19.379321485757828,1428.9125939831138,391.2552032470703,1033.8556823730469,157,0,1,0,0,0,0,0,0,0,284.52754974365234,14.554400205612183,81.92422389984131,10.249029397964478,cache_bf16,large_h6_n32_s100,c9169db9d6c4b439fa1c583cb0cd0ee79b05f3ea3a04701c6337eba01df18bb0,19.464895248413086,263.42860782146454,0,789.8919697999954,0,0,0,0
pubmed_node,test,143,43,pubmed_node:test:000043:25649f18bed4c0e3,1,1637.483322,1637.429443359375,1537.462908,99.64218,142.90283806622028,26.149959303438663,15.424000099301338,1204.8332709819078,365.15846252441406,836.5608825683594,127,0,1,0,0,0,0,0,0,0,274.7317085266113,14.318112134933472,66.17097663879395,9.937665224075317,cache_bf16,large_h6_n32_s100,25649f18bed4c0e3d32716dd968a48404fd2142b3f1af94aa5d2f4707c9e4d70,19.309375762939453,214.54819133877754,0,641.3220669925213,0,0,0,0
pubmed_node,test,144,44,pubmed_node:test:000044:a14ab025d60f06b1,1,1753.62888,1753.5731201171875,1653.392812,99.793518,164.27964437752962,26.16152912378311,18.041680566966534,1256.5313717350364,289.7954864501953,963.1954193115234,146,0,1,0,0,0,0,0,0,0,195.84879684448242,9.691744089126587,76.85740661621094,7.397538900375366,cache_bf16,large_h6_n32_s100,a14ab025d60f06b162637df5229c810e8215e6b071dade0d7ba3edacc256367d,19.392032623291016,245.6309123635292,0,736.9565395712852,0,0,0,0
pubmed_node,test,145,45,pubmed_node:test:000045:ddc94896fb967e5a,1,1836.451734,1836.394775390625,1734.890534,101.09837,171.10613454133272,26.100439950823784,18.545228987932205,1309.8094277083874,321.01618576049805,985.1503143310547,150,0,1,0,0,0,0,0,0,0,222.70502471923828,11.230687975883484,78.75305557250977,8.327417492866516,cache_bf16,large_h6_n32_s100,ddc94896fb967e5a9cfb212fea5e381f75130b4072c14b824821a74f706b3974,19.315231323242188,251.94310438632965,0,752.5224412679672,0,0,0,0
pubmed_node,test,146,46,pubmed_node:test:000046:9bd9a7c79879c6c3,1,1443.155136,1443.1051025390625,1342.092995,100.715847,133.30132979899645,26.215645484626293,14.355608262121677,1010.2515611797571,240.50528717041016,766.8752670288086,116,0,1,0,0,0,0,0,0,0,166.0425910949707,8.210432052612305,60.00003147125244,6.252232551574707,cache_bf16,large_h6_n32_s100,9bd9a7c79879c6c37b58b4235528205c597a8e6d92d64e0fa954a10fd67b7910,19.376415252685547,197.1885755956173,0,589.0631066858768,0,0,0,0
pubmed_node,test,147,47,pubmed_node:test:000047:c1b0423e610e1bdf,1,1422.257832,1422.2081298828125,1336.372197,85.517179,128.3159889280796,26.01044438779354,14.307543635368347,1020.8353595808148,253.67363357543945,764.2964477539062,116,0,1,0,0,0,0,0,0,0,177.86576080322266,8.981472134590149,60.19721603393555,6.629184603691101,cache_bf16,large_h6_n32_s100,c1b0423e610e1bdfff0851aca4c8f77260c89302b9e44ed5cca2e3ebdb5250d8,19.271839141845703,196.90838408470154,0,586.6599028110504,0,0,0,0
pubmed_node,test,148,48,pubmed_node:test:000048:cc83edcf78d223d0,1,1718.90032,1718.8453369140625,1618.729105,99.697096,150.73817130178213,26.178416796028614,17.36527681350708,1221.9354528933764,279.739559173584,938.7210540771484,143,0,1,0,0,0,0,0,0,0,188.9436149597168,9.134112000465393,74.4643201828003,7.1975120306015015,cache_bf16,large_h6_n32_s100,cc83edcf78d223d0d392a1ee81ff3f8507247e5e4bef62929223c2184330f9a8,19.331071853637695,240.29929584264755,0,717.7528300881386,0,0,0,0
pubmed_node,test,149,49,pubmed_node:test:000049:e497dd95e34cc6bc,1,1595.123798,1595.071533203125,1494.117494,100.627758,147.68348447978497,26.10923070460558,16.195999458432198,1130.8306707069278,265.74048233032227,861.8865966796875,131,0,1,0,0,0,0,0,0,0,180.87296104431152,8.954848051071167,69.07491111755371,6.837762117385864,cache_bf16,large_h6_n32_s100,e497dd95e34cc6bc57fae18ce70db9439ab158603be0337098495e92beda9af8,19.349727630615234,221.2190720140934,0,660.0172522962093,0,0,0,0
pubmed_node,test,150,50,pubmed_node:test:000050:7b7965113887ca50,1,1491.912117,1491.8619384765625,1390.748244,100.782335,130.3987940773368,26.151854544878006,14.736717566847801,1054.2012983933091,252.0832290649414,799.1226501464844,121,0,1,0,0,0,0,0,0,0,173.9529628753662,8.560127973556519,63.01785659790039,6.552281618118286,cache_bf16,large_h6_n32_s100,7b7965113887ca5031851a3b5cae8afdb87c82848b0832627bc30d276681a87b,19.343616485595703,204.9712000489235,0,613.4950665831566,0,0,0,0
pubmed_node,test,151,51,pubmed_node:test:000051:04965679593e9f15,1,2323.43993,2323.374267578125,2222.891801,99.929963,196.2821837514639,26.354514993727207,21.560724824666977,1780.3367068991065,625.4513931274414,1150.6675415039062,175,0,1,0,0,0,0,0,0,0,493.18761444091797,24.156320095062256,92.14748764038086,15.959970951080322,cache_bf16,large_h6_n32_s100,04965679593e9f15aadee6ce9ec44be05118439dc794bc7395bb301492dc35a1,19.306175231933594,292.23264011740685,0,877.741076618433,0,0,0,0
pubmed_node,test,152,52,pubmed_node:test:000052:3996805805fbe56a,1,1701.592146,1701.5369873046875,1615.819143,85.344541,146.25001419335604,26.046904735267162,16.79767668247223,1249.6050717309117,351.4835548400879,894.7977294921875,136,0,1,0,0,0,0,0,0,0,258.3108825683594,13.185664176940918,70.76272106170654,9.224287033081055,cache_bf16,large_h6_n32_s100,3996805805fbe56a4e80c2f6a6a849c36740ea93d8ca34ca2f157b01489cce16,19.295135498046875,229.2648321390152,0,684.8280328512192,0,0,0,0
pubmed_node,test,153,53,pubmed_node:test:000053:84caee7eab94e4a3,1,1806.65773,1806.6005859375,1706.794551,99.448604,153.80744263529778,26.092560961842537,17.743704840540886,1333.892721682787,370.0563545227051,960.2933502197266,146,0,1,0,0,0,0,0,0,0,269.9247055053711,13.704223871231079,76.85596752166748,9.571457624435425,cache_bf16,large_h6_n32_s100,84caee7eab94e4a3d3dca23e7db76907101cc520ae37235928f00b2513ada0d0,19.319679260253906,245.54729589819908,0,734.0657335817814,0,0,0,0
pubmed_node,test,154,54,pubmed_node:test:000054:60cf5b2b1cff556b,1,1931.416364,1931.357177734375,1830.434412,100.582171,165.83773959428072,26.200727559626102,18.890947103500366,1448.23276437819,437.6062469482422,1006.9172515869141,153,0,1,0,0,0,0,0,0,0,329.1282844543457,16.467424392700195,80.65532875061035,11.355209350585938,cache_bf16,large_h6_n32_s100,60cf5b2b1cff556b573a716663a5e12f6dabe5cf7a02040394d979ce8d820db3,19.359167098999023,256.60016003251076,0,769.6762586534023,0,0,0,0
pubmed_node,test,155,55,pubmed_node:test:000055:0cd7bd1f4d474437,1,1838.184967,1838.128173828125,1737.158951,100.612112,158.63962471485138,26.16218477487564,18.2903241366148,1340.8727999776602,343.63958740234375,993.5728912353516,151,0,1,0,0,0,0,0,0,0,242.32787322998047,12.427135944366455,79.94655990600586,8.938018321990967,cache_bf16,large_h6_n32_s100,0cd7bd1f4d474437727e6d36d3372e09401a89c893698a2921b187409d32a845,19.33580780029297,253.89001604914665,0,759.0186829864979,0,0,0,0
pubmed_node,test,156,56,pubmed_node:test:000056:50522fedf5f4b732,1,1629.340775,1629.287841796875,1528.801145,100.057401,144.44925915449858,26.07059758156538,16.560692340135574,1160.040145739913,258.8650894165039,897.8555145263672,136,0,1,0,0,0,0,0,0,0,173.1082878112793,8.382527828216553,70.76233577728271,6.611937999725342,cache_bf16,large_h6_n32_s100,50522fedf5f4b732f7ae64a688a066545291efd033492bd4c3e36e10934d3937,19.308000564575195,229.51254391670227,0,687.6509711742401,0,0,0,0
pubmed_node,test,157,57,pubmed_node:test:000057:6ca8b24969226636,1,1668.029983,1667.975830078125,1567.000461,100.647008,137.63403706252575,26.096250861883163,15.538337640464306,1231.8409429863095,385.4382133483887,843.2698211669922,128,0,1,0,0,0,0,0,0,0,293.2638740539551,15.178943872451782,66.66876792907715,10.326627492904663,cache_bf16,large_h6_n32_s100,6ca8b24969226636d68b1aa8eb5c06203e5629fbc4607a5daa5a302ea65ee9d6,19.320064544677734,216.32764849066734,0,646.2622372210026,0,0,0,0
pubmed_node,test,158,58,pubmed_node:test:000058:cff7541939361e66,1,875.505409,875.4656982421875,775.890349,99.31735,73.55896756052971,26.067662984132767,8.467718958854675,580.7184372097254,121.85609436035156,457.0716781616211,69,0,1,0,0,0,0,0,0,0,79.26438331604004,3.7309759855270386,35.751840591430664,3.108894467353821,cache_bf16,large_h6_n32_s100,cff7541939361e6689eb7eead5b23eba1fa8ae840dc04994612240e6dc89976c,19.28505516052246,120.5193281173706,0,355.83740520477295,0,0,0,0
pubmed_node,test,159,59,pubmed_node:test:000059:93be0c01a6c5f92c,1,1718.207423,1718.1536865234375,1618.192497,99.630341,143.31672806292772,26.11307054758072,16.533683985471725,1262.9236290231347,372.14012908935547,887.484375,135,0,1,0,0,0,0,0,0,0,277.1813774108887,14.551647901535034,70.52390384674072,9.88319993019104,cache_bf16,large_h6_n32_s100,93be0c01a6c5f92c81b9cef6d17f434e97d4b66d096fc194d3275878d90c61f5,19.334463119506836,227.59983998537064,0,679.2189981341362,0,0,0,0
pubmed_node,test,160,60,pubmed_node:test:000060:ac536cd4273a65d1,1,1286.371855,1286.32470703125,1200.582097,85.403801,111.06471624225378,26.093543507158756,13.126322999596596,914.3151473253965,212.87616348266602,698.8026580810547,106,0,1,0,0,0,0,0,0,0,145.24300956726074,7.141600012779236,54.955039978027344,5.536513924598694,cache_bf16,large_h6_n32_s100,ac536cd4273a65d105fcd390471eca4ba8f8f1a227b86a24c1fc0ac62eeb1adf,19.38688087463379,180.58745592832565,0,537.6020830273628,0,0,0,0
pubmed_node,test,161,61,pubmed_node:test:000061:0e5b04777b348e6b,1,1666.778899,1666.7254638671875,1565.007959,101.298221,143.39195284992456,26.061920449137688,16.601620241999626,1211.581121198833,306.4227180480957,901.8124847412109,137,0,1,0,0,0,0,0,0,0,215.6222686767578,10.626880049705505,72.16102504730225,8.01254427433014,cache_bf16,large_h6_n32_s100,0e5b04777b348e6b65f0b87387321b834b0f252437bea5bc57a98ed27d5db5e3,19.30191993713379,230.80524799227715,0,690.3091566860676,0,0,0,0
pubmed_node,test,162,62,pubmed_node:test:000062:f945c18bd80c433e,1,1912.029066,1911.970703125,1826.358056,85.263793,167.35495533794165,26.05981659144163,19.413449801504612,1427.9391542077065,392.42169189453125,1031.7149200439453,157,0,1,0,0,0,0,0,0,0,285.7185974121094,14.49456000328064,81.96188735961914,10.246647119522095,cache_bf16,large_h6_n32_s100,f945c18bd80c433e97068bc240138b2d4da577e14153fcbe204cb6d538b701d8,19.318784713745117,263.2192318737507,0,787.8144728839397,0,0,0,0
pubmed_node,test,163,63,pubmed_node:test:000063:fc63015e807a4ceb,1,1613.012097,1612.959228515625,1527.23424,85.412734,153.33876386284828,26.207193732261658,16.149453818798065,1168.1123999878764,288.2563819885254,876.6089019775391,133,0,1,0,0,0,0,0,0,0,200.27699279785156,10.080575942993164,70.42636775970459,7.472445487976074,cache_bf16,large_h6_n32_s100,fc63015e807a4ceb5a7fbb1dc4610c60b319b8774cbad74c9faf954df975d35a,19.440832138061523,224.4359042942524,0,671.6138298213482,0,0,0,0
pubmed_node,test,164,64,pubmed_node:test:000064:e7276ff50bf2d168,1,1566.119891,1566.0687255859375,1481.397856,84.31363,154.88136745989323,26.073028333485126,15.825719572603703,1124.8054262250662,280.1437759399414,841.5232391357422,128,0,1,0,0,0,0,0,0,0,196.42547607421875,9.81820797920227,66.58265590667725,7.31743597984314,cache_bf16,large_h6_n32_s100,e7276ff50bf2d1688edaab506e57b14728aabd3647c19b69b1b16e2284bbd4d7,19.314111709594727,216.22915202379227,0,644.6081988215446,0,0,0,0
pubmed_node,test,165,65,pubmed_node:test:000065:55f60a9b1367d712,1,1692.17393,1692.1201171875,1591.019593,100.764143,158.93996506929398,26.028117164969444,16.382500529289246,1208.3711521700025,317.7221450805664,887.3565216064453,135,0,1,0,0,0,0,0,0,0,227.07769393920898,11.442944049835205,70.73743915557861,8.464067935943604,cache_bf16,large_h6_n32_s100,55f60a9b1367d71255a7a57023ab4661ebce125f953e8f19ae6777e8777fc1a5,19.29199981689453,227.5188480913639,0,679.1296733319759,0,0,0,0
pubmed_node,test,166,66,pubmed_node:test:000066:4066d12046f9dacd,1,2125.868651,2125.805908203125,2039.765346,85.602171,385.0771803408861,26.80263202637434,19.503195770084858,1407.674423418939,354.60960388183594,1049.1884460449219,160,0,1,0,0,0,0,0,0,0,248.4856300354004,12.599040269851685,84.3580150604248,9.166918516159058,cache_bf16,large_h6_n32_s100,4066d12046f9dacdc07bdde07aa5ce08f796d45e75a7ce73fc14f7d40660c46e,19.50441551208496,267.98316791653633,0,800.7096936404705,0,0,0,0
pubmed_node,test,167,67,pubmed_node:test:000067:cbe157102c8ae59e,1,1540.225223,1540.173828125,1440.365554,99.489324,145.107701420784,26.1490847915411,15.31437411904335,1104.4627698138356,273.08649826049805,828.2877349853516,126,0,1,0,0,0,0,0,0,0,190.34253120422363,9.542303919792175,66.08489418029785,7.116768956184387,cache_bf16,large_h6_n32_s100,cbe157102c8ae59ef523b800ed37835e1c8438c7a61a1a7a9a4cddc97ce91b75,19.335359573364258,213.04902425408363,0,634.5740703046322,0,0,0,0
pubmed_node,test,168,68,pubmed_node:test:000068:9b60ed8d2b00f5f2,1,1740.110763,1740.0562744140625,1638.922473,100.80336,155.63279576599598,25.959818623960018,17.15636532753706,1243.519101291895,324.77280044555664,915.359375,139,0,1,0,0,0,0,0,0,0,230.90496444702148,11.88316810131073,73.48991966247559,8.49474823474884,cache_bf16,large_h6_n32_s100,9b60ed8d2b00f5f2422349318b0df00c3ce28ed976f2d9d9ffa8c4b192df89b3,19.235872268676758,234.18662452697754,0,700.4086227416992,0,0,0,0
pubmed_node,test,169,69,pubmed_node:test:000069:1b821a2edf8cd3ae,1,1666.829996,1666.77734375,1565.714575,100.739448,156.0315741226077,26.21147409081459,16.72329753637314,1175.9102577343583,278.10765075683594,894.4805450439453,136,0,1,0,0,0,0,0,0,0,190.64051246643066,9.462559938430786,70.75145626068115,7.253122091293335,cache_bf16,large_h6_n32_s100,1b821a2edf8cd3ae39bb4369cf053caa4bd7994099ab79037107cdccdb498174,19.321983337402344,229.2173123061657,0,684.585216075182,0,0,0,0
pubmed_node,test,170,70,pubmed_node:test:000070:54e3bd3808518f0b,1,1298.020074,1297.973876953125,1198.134239,99.541926,120.44080439954996,26.04228723794222,12.873624451458454,895.2367128804326,207.6168975830078,685.0314331054688,104,0,1,0,0,0,0,0,0,0,141.05379104614258,6.855199813842773,54.34441661834717,5.363490104675293,cache_bf16,large_h6_n32_s100,54e3bd3808518f0b66d62de2c51b0a565078f8e6db21ff6bffcb299d6bf7b60e,19.291231155395508,177.26201605796814,0,527.0606482028961,0,0,0,0
pubmed_node,test,171,71,pubmed_node:test:000071:f47000deb1356df6,1,1634.990982,1634.938232421875,1535.212849,99.393535,153.7920394912362,26.094685308635235,16.828397288918495,1156.894139945507,259.12000274658203,894.4614410400391,136,0,1,0,0,0,0,0,0,0,173.25257682800293,8.440128087997437,70.82716751098633,6.600130319595337,cache_bf16,large_h6_n32_s100,f47000deb1356df68cbb91ce649afc679d94cb2c77720540c09bcd54ca965ae5,19.331008911132812,229.35983994603157,0,684.4326100051403,0,0,0,0
pubmed_node,test,172,72,pubmed_node:test:000072:7fe249ff02bbba24,1,1734.306557,1734.25244140625,1632.851106,100.991047,161.03476006537676,26.049362495541573,17.20423251390457,1262.7938278019428,328.49401092529297,930.8375396728516,142,0,1,0,0,0,0,0,0,0,233.55884552001953,11.917791962623596,74.44153594970703,8.57583749294281,cache_bf16,large_h6_n32_s100,7fe249ff02bbba24f3869e0575ea3cbed5d084b7bcc58233a4e31875ea62b1cb,19.308191299438477,238.81292802095413,0,711.3328029513359,0,0,0,0
pubmed_node,test,173,73,pubmed_node:test:000073:2795fe59edf94b3d,1,1676.08001,1676.0257568359375,1576.257389,99.431845,160.59846803545952,26.05632971972227,16.8993528932333,1196.6119008138776,291.92233657836914,901.3563842773438,137,0,1,0,0,0,0,0,0,0,201.56745529174805,10.203007936477661,72.5797119140625,7.572161436080933,cache_bf16,large_h6_n32_s100,2795fe59edf94b3dd37560133104646072cd2375afdbe24276ffc03dce6f52df,19.290496826171875,230.9385921061039,0,689.7082889974117,0,0,0,0
pubmed_node,test,174,74,pubmed_node:test:000074:c660272095b2fe0e,1,1730.735434,1730.6805419921875,1630.850071,99.507685,157.55747631192207,26.159451343119144,16.977625899016857,1234.3745054677129,310.7953300476074,920.1686706542969,140,0,1,0,0,0,0,0,0,0,217.9427490234375,11.070687890052795,73.72140789031982,8.060485243797302,cache_bf16,large_h6_n32_s100,c660272095b2fe0e5a7edc592447567790f62b38c06598a0f083ca18aa86d958,19.335968017578125,235.70729607343674,0,703.7973425984383,0,0,0,0
pubmed_node,test,175,75,pubmed_node:test:000075:b03d921fe5b9c14c,1,1798.217435,1798.161376953125,1697.914526,99.810816,165.15599936246872,26.095125824213028,18.157072365283966,1291.8693171814084,329.09532928466797,959.2130126953125,146,0,1,0,0,0,0,0,0,0,231.74578857421875,11.86348807811737,76.9560317993164,8.530020833015442,cache_bf16,large_h6_n32_s100,b03d921fe5b9c14c9a8c490cba065585eb82fc52471162730a603397cf4fa2cd,19.313024520874023,245.45295998454094,0,733.0730772316456,0,0,0,0
pubmed_node,test,176,76,pubmed_node:test:000076:1e30b8819181849e,1,1557.009607,1556.9591064453125,1455.685465,100.914799,144.71517782658339,26.021087542176247,15.461590141057968,1087.9421876743436,262.59836196899414,822.2709045410156,125,0,1,0,0,0,0,0,0,0,180.67113494873047,9.083328008651733,66.10918426513672,6.73471474647522,cache_bf16,large_h6_n32_s100,1e30b8819181849e06b9acca4663bf0924d6038e1b04e81b6c0522e8e4be39f0,19.29689598083496,211.40262389183044,0,630.1651766300201,0,0,0,0
pubmed_node,test,177,77,pubmed_node:test:000077:95f813a7bde8a87a,1,1742.336405,1742.281494140625,1640.860916,101.060522,155.5734658613801,26.133681647479534,16.888132318854332,1244.588864967227,325.774112701416,915.4284362792969,139,0,1,0,0,0,0,0,0,0,231.90793991088867,11.8504319190979,73.51612758636475,8.499613285064697,cache_bf16,large_h6_n32_s100,95f813a7bde8a87a0c48f63e3d516e88b92bceb0a8aa065f68c986cf59d1477c,19.331167221069336,234.41481566429138,0,700.3447878360748,0,0,0,0
pubmed_node,test,178,78,pubmed_node:test:000078:607ae7b92dac833f,1,1669.738228,1669.685546875,1569.637482,99.723269,156.7995660007,26.162825524806976,16.91342703998089,1174.5126489549875,272.6148452758789,898.5536804199219,137,0,1,0,0,0,0,0,0,0,184.26349067687988,9.027359962463379,72.32479953765869,6.999195098876953,cache_bf16,large_h6_n32_s100,607ae7b92dac833f74b3d705d999c237e2231065da95b22db3d25932a9a86990,19.322879791259766,230.64451161026955,0,687.2320486009121,0,0,0,0
pubmed_node,test,179,79,pubmed_node:test:000079:c728fa0c915a11a6,1,1761.767679,1761.712890625,1660.680679,100.688908,166.15723632276058,26.03346761316061,17.944468185305595,1277.0131416618824,302.8449249267578,970.5828704833984,148,0,1,0,0,0,0,0,0,0,207.23826599121094,10.425279974937439,77.4266242980957,7.754754662513733,cache_bf16,large_h6_n32_s100,c728fa0c915a11a63655d60e86f94618f0f6af4ad190c1127214744f205d9197,19.268672943115234,248.50956773757935,0,741.3419756889343,0,0,0,0
pubmed_node,test,180,80,pubmed_node:test:000080:e489ab5aa16ad361,1,1667.276388,1667.2232666015625,1567.127972,99.753248,151.50835365056992,26.07435081154108,16.62603300064802,1177.7680357918143,273.1392936706543,901.2834625244141,137,0,1,0,0,0,0,0,0,0,184.65468978881836,9.097344160079956,72.40118312835693,6.986076593399048,cache_bf16,large_h6_n32_s100,e489ab5aa16ad361ac82f25d9917a49549e66e4144a6359de5bdb7a8bff64e94,19.335359573364258,230.97174403071404,0,689.6470780670643,0,0,0,0
pubmed_node,test,181,81,pubmed_node:test:000081:639e82c690320186,1,1962.59642,1962.53857421875,1861.212004,100.937551,173.85450098663568,26.186383329331875,18.78779847174883,1473.3311301097274,467.952392578125,1001.6905822753906,152,0,1,0,0,0,0,0,0,0,357.08851623535156,18.229344129562378,80.19407939910889,12.440452814102173,cache_bf16,large_h6_n32_s100,639e82c6903201868fffe9ba56c18faf2953e4266ff373c63f7a3b4417c0d98a,19.37455940246582,255.34192049503326,0,765.7232211828232,0,0,0,0
pubmed_node,test,182,82,pubmed_node:test:000082:9277a69c2d4ff03f,1,1555.010735,1554.9598388671875,1454.060147,100.579573,146.8834849074483,26.036208495497704,15.693475492298603,1085.0586527958512,246.79826736450195,835.1527862548828,127,0,1,0,0,0,0,0,0,0,166.43312072753906,7.988031983375549,66.00812721252441,6.368987441062927,cache_bf16,large_h6_n32_s100,9277a69c2d4ff03f8056d1e05ddc06c45adfda05915b96d87c87ae3b3c74cca2,19.227519989013672,214.4244481921196,0,639.9558580517769,0,0,0,0
pubmed_node,test,183,83,pubmed_node:test:000083:071e45b55714c11d,1,1920.75639,1920.6983642578125,1820.361765,99.930076,174.48355816304684,26.193170808255672,19.412838853895664,1389.9622103199363,336.39305114746094,1049.7066192626953,160,0,1,0,0,0,0,0,0,0,231.81933212280273,11.6909761428833,84.22198390960693,8.660758972167969,cache_bf16,large_h6_n32_s100,071e45b55714c11d0bcd950896db4631c3a3b31855a30badeedc11b54474f817,19.350976943969727,267.8715521097183,0,801.1860440969467,0,0,0,0
pubmed_node,test,184,84,pubmed_node:test:000084:0aefa7b0f9ba4c89,1,1666.979551,1666.926025390625,1565.998537,100.556844,154.4655431061983,26.12681221216917,16.698062419891357,1177.8242271393538,280.4529914855957,894.0574493408203,136,0,1,0,0,0,0,0,0,0,192.703519821167,9.622496008872986,70.88671875,7.240256905555725,cache_bf16,large_h6_n32_s100,0aefa7b0f9ba4c893a74e0af95dd47238a3241485509059b50b447d877952138,19.37820816040039,229.31443211436272,0,684.121225386858,0,0,0,0
pubmed_node,test,185,85,pubmed_node:test:000085:44af8736f2ee842a,1,1821.259466,1821.2034912109375,1721.219615,99.639403,163.63253444433212,26.0764816775918,17.470568418502808,1349.3276257067919,401.2038116455078,944.6209259033203,144,0,1,0,0,0,0,0,0,0,300.1226272583008,15.462144374847412,75.0385274887085,10.580512523651123,cache_bf16,large_h6_n32_s100,44af8736f2ee842a9f6e8ed9db8c14cba727c01ed658a9651defd5b4f47aa5ec,19.303136825561523,241.9574078321457,0,721.9666548967361,0,0,0,0
pubmed_node,test,186,86,pubmed_node:test:000086:9649de8f427ad633,1,1147.957518,1147.9139404296875,1062.507937,85.128574,104.93959579616785,26.116635650396347,11.280713602900505,788.1126683205366,185.53884887695312,600.2704544067383,91,0,1,0,0,0,0,0,0,0,126.6921272277832,6.160351991653442,47.83568048477173,4.850689172744751,cache_bf16,large_h6_n32_s100,9649de8f427ad6332dca216b73a896062b914fd87da811a84b39d2e948208f24,19.356735229492188,156.2844805419445,0,463.34270909428596,0,0,0,0
pubmed_node,test,187,87,pubmed_node:test:000087:5f2b558a627a92a4,1,1836.097562,1836.040771484375,1751.611415,84.092183,168.15435327589512,26.20481699705124,18.286027014255524,1346.6699877753854,369.9018859863281,973.1751403808594,148,0,1,0,0,0,0,0,0,0,269.0483856201172,13.712224006652832,77.50736045837402,9.633915901184082,cache_bf16,large_h6_n32_s100,5f2b558a627a92a4e289fe7898e752dfdb14fff338a7546a623f8c6c2f87f574,19.36787223815918,248.55324777960777,0,743.9897648394108,0,0,0,0
pubmed_node,test,188,88,pubmed_node:test:000088:d8179ee3370e3fc4,1,1731.467128,1731.4124755859375,1631.475935,99.571277,163.1177868694067,26.06989722698927,17.395490780472755,1251.5827678143978,320.76976013183594,927.3830108642578,141,0,1,0,0,0,0,0,0,0,226.58755111694336,11.517663955688477,74.39254379272461,8.272001266479492,cache_bf16,large_h6_n32_s100,d8179ee3370e3fc4eb0560f5a30f626d7fd6cc39a2b8ae0e7ff98b7c00499e0e,19.288480758666992,237.2625277340412,0,709.4089638888836,0,0,0,0
pubmed_node,test,189,89,pubmed_node:test:000089:dbe523de1d129d00,1,1932.664526,1932.6070556640625,1831.14885,101.035746,173.4475875273347,26.039021089673042,18.840975128114223,1443.376835435629,433.544677734375,1006.1218872070312,153,0,1,0,0,0,0,0,0,0,325.3343696594238,16.37055993080139,80.50790500640869,11.331843137741089,cache_bf16,large_h6_n32_s100,dbe523de1d129d00ecc0a0263440a30b5a0821c8a82ac6265bcc5f483f7bef56,19.31532859802246,256.5207040607929,0,768.9165117442608,0,0,0,0
pubmed_node,test,190,90,pubmed_node:test:000090:0e1888bcce7e0a82,1,1639.35533,1639.3028564453125,1538.127714,100.829046,155.18310572952032,26.128663681447506,16.818988136947155,1156.8841626867652,257.7608642578125,895.8060760498047,136,0,1,0,0,0,0,0,0,0,172.07389068603516,8.340799808502197,70.72992134094238,6.616252422332764,cache_bf16,large_h6_n32_s100,0e1888bcce7e0a82b44d6f2511225808a9d77400d3313818c318961602b7d404,19.37708854675293,229.27126395702362,0,685.911900639534,0,0,0,0
pubmed_node,test,191,91,pubmed_node:test:000091:a43bc1cfe7ace57c,1,1799.608237,1799.552978515625,1698.48797,100.717623,167.50613134354353,26.100984774529934,17.70304422825575,1291.1084983497858,329.54358673095703,958.0194854736328,146,0,1,0,0,0,0,0,0,0,232.2492790222168,11.875487923622131,76.90390491485596,8.514914870262146,cache_bf16,large_h6_n32_s100,a43bc1cfe7ace57cd139bcad7a0ab6633f08f9bd44f0a0b81886662cc10a6b9d,19.317663192749023,245.29257589578629,0,732.0445727705956,0,0,0,0
pubmed_node,test,192,92,pubmed_node:test:000092:b36484c475f00c92,1,1814.083255,1814.02783203125,1712.395284,101.189714,170.14601733535528,26.055720634758472,18.274291418492794,1334.3034368008375,336.99350357055664,993.6472625732422,151,0,1,0,0,0,0,0,0,0,236.58809661865234,11.906432151794434,79.84454441070557,8.654430389404297,cache_bf16,large_h6_n32_s100,b36484c475f00c9250a0cee15ea6c40058ece27eaea32833cfe127c27a9360c4,19.25391960144043,253.52201542258263,0,759.3791667521,0,0,0,0
pubmed_node,test,193,93,pubmed_node:test:000093:c6a82e86e47bac14,1,1793.138153,1793.084228515625,1691.797657,100.919467,169.85557321459055,26.071028783917427,18.02949793636799,1301.3371424749494,320.5340156555176,977.1893615722656,149,0,1,0,0,0,0,0,0,0,222.6507453918457,11.228384017944336,78.41404724121094,8.240839004516602,cache_bf16,large_h6_n32_s100,c6a82e86e47bac14f84b3d6a539532abed4ac545ffa45218d57795629d917b9c,19.32419204711914,250.2095683515072,0,746.3039852678776,0,0,0,0
pubmed_node,test,194,94,pubmed_node:test:000094:27595849eae12cf5,1,1912.952429,1912.8961181640625,1828.255679,84.247518,181.24716822057962,26.34566556662321,19.381253980100155,1413.5155668482184,356.1154594421387,1053.5360107421875,160,0,1,0,0,0,0,0,0,0,249.97657775878906,12.627551794052124,84.36329555511475,9.14803433418274,cache_bf16,large_h6_n32_s100,27595849eae12cf524861ce62cb215ae8857309cb9ffb1d2992b2472befc0dfe,19.481632232666016,268.2787197828293,0,804.7389231920242,0,0,0,0
pubmed_node,test,195,95,pubmed_node:test:000095:75f95245a584a86f,1,1901.220691,1901.1646728515625,1815.17529,85.583996,357.2882888838649,26.671919971704483,16.580387949943542,1250.3580618649721,349.6892509460449,897.3292999267578,136,0,1,0,0,0,0,0,0,0,256.33545303344727,13.285727977752686,70.8396167755127,9.228453159332275,cache_bf16,large_h6_n32_s100,75f95245a584a86f50120a8e60408a975963499387e6aea3d34a8cb481684f98,19.457151412963867,229.30339217185974,0,687.4830591678619,0,0,0,0
pubmed_node,test,196,96,pubmed_node:test:000096:9cca7ad5bf77c4ae,1,1508.118635,1508.0697021484375,1422.413642,85.336824,142.55530200898647,26.08236763626337,15.38737677037716,1099.487004801631,266.0319023132324,830.3663024902344,126,0,1,0,0,0,0,0,0,0,183.8802547454834,9.137471914291382,66.07353687286377,6.940638780593872,cache_bf16,large_h6_n32_s100,9cca7ad5bf77c4aec96df7382a1a7eb9eec45b5e1faa27785028caf5a5d45f35,19.328031539916992,213.02620822191238,0,636.668125808239,0,0,0,0
pubmed_node,test,197,97,pubmed_node:test:000097:fd300ec3bf295ee4,1,1539.127658,1539.077880859375,1437.999215,100.752387,140.09782671928406,26.050059124827385,15.386367216706276,1090.962196700275,249.30499267578125,838.5450592041016,127,0,1,0,0,0,0,0,0,0,168.09996795654297,8.265151977539062,66.54278373718262,6.397089004516602,cache_bf16,large_h6_n32_s100,fd300ec3bf295ee4f29ff68b5748f3cbda5867a2448890adc456988ff858a286,19.28268814086914,214.77369585633278,0,643.0540514886379,0,0,0,0
pubmed_node,test,198,98,pubmed_node:test:000098:27de4e1c0f45adff,1,1932.017908,1931.9603271484375,1831.673819,99.86178,168.3497205376625,26.04347188025713,18.42367835342884,1425.667210482061,421.18572998046875,1000.806396484375,152,0,1,0,0,0,0,0,0,0,314.0937271118164,15.806015968322754,80.38508796691895,10.900898933410645,cache_bf16,large_h6_n32_s100,27de4e1c0f45adff8794c7ab70c9dfbf30ad39aeac66ed3a1aacb31b17f2af26,19.242271423339844,255.33916801214218,0,764.7094998955727,0,0,0,0
pubmed_node,test,199,99,pubmed_node:test:000099:3a7e088e09e0daa5,1,1598.303379,1598.2520751953125,1512.491148,85.41758,148.61767459660769,26.143644005060196,16.14146213978529,1169.2268559709191,288.98803329467773,876.9824676513672,133,0,1,0,0,0,0,0,0,0,201.01174926757812,10.067615985870361,70.42767906188965,7.4809889793396,cache_bf16,large_h6_n32_s100,3a7e088e09e0daa53991f7e02a0fb93b50badd7ad23ca27c2a68f54b9385e8c3,19.31350326538086,224.50140795111656,0,671.7945629656315,0,0,0,0
pubmed_node,val,0,0,pubmed_node:val:000000:90da514d7d497311,2,2440.932416,2440.858642578125,2318.485652,121.836588,406.30876924842596,223.43020793050528,20.122037269175053,1416.5374068543315,324.9769287109375,1087.2886047363281,158,0,1,0,0,0,0,0,0,0,224.16813278198242,10.667807817459106,81.70988845825195,8.431099653244019,cache_bf16,large_h6_n32_s100,90da514d7d4973115751184481b31c6972a5237cdcdc5bfef95221c8dc7a4245,124.56937408447266,268.51552027463913,0,943.3424585461617,0,0,0,0
pubmed_node,val,1,1,pubmed_node:val:000001:dc999f53b8a1edeb,2,1833.327583,1833.281005859375,1733.07335,99.502986,263.5154230520129,27.90326625108719,16.350296325981617,1230.4452117532492,344.53379821777344,882.7662963867188,130,0,1,0,0,0,0,0,0,0,255.65481567382812,13.088768005371094,66.55129623413086,9.23891830444336,cache_bf16,large_h6_n32_s100,dc999f53b8a1edeb378b2ef52d564cef6314de793e69da17273ac1f59e57a603,19.066879272460938,219.5617280304432,0,682.2714476287365,0,0,0,0
pubmed_node,val,2,2,pubmed_node:val:000002:d5a9c855b9dd71b6,2,2176.879164,2176.8291015625,2077.788675,98.562033,318.3410055935383,28.315945528447628,19.12413164973259,1519.91624571383,425.74656677246094,1090.4710998535156,154,0,1,0,0,0,0,0,0,0,318.61474990844727,16.229504346847534,79.60620880126953,11.296103715896606,cache_bf16,large_h6_n32_s100,d5a9c855b9dd71b6805ddf5c3bea820e20278eed6ff59ac689a55ebac84ed0a4,19.173120498657227,258.2900161743164,0,851.3542041778564,0,0,0,0
pubmed_node,val,3,3,pubmed_node:val:000003:b899c56d2ed41389,2,2162.165247,2162.109619140625,2063.640049,98.043356,302.1827982738614,28.257285244762897,19.029170274734497,1511.3337635993958,476.27008056640625,1031.4074401855469,153,0,1,0,0,0,0,0,0,0,365.67469024658203,18.466495990753174,79.61952114105225,12.509373188018799,cache_bf16,large_h6_n32_s100,b899c56d2ed4138984204273d864d4a3aa373d21826a5ceac368b796115fd9b5,19.121023178100586,256.62636744976044,0,793.902095913887,0,0,0,0
pubmed_node,val,4,4,pubmed_node:val:000004:6cb983368e8944b3,2,1634.352131,1634.309326171875,1549.796889,84.105933,218.8328579068184,27.818568982183933,15.474543906748295,1107.9530660063028,268.3464012145996,836.598876953125,124,0,1,0,0,0,0,0,0,0,187.42646408081055,9.427616119384766,64.43158435821533,7.060736656188965,cache_bf16,large_h6_n32_s100,6cb983368e8944b30bc924eb4020a30d5065fb01b2ef5c02b199be64bf33e9b1,19.063520431518555,209.65264010429382,0,646.0097572803497,0,0,0,0
pubmed_node,val,5,5,pubmed_node:val:000005:bfcf4d1c730efc30,2,1788.541881,1788.49755859375,1690.218541,97.910614,256.69488217681646,27.859007008373737,16.575145535171032,1187.0070025324821,287.6431999206543,896.1600189208984,133,0,1,0,0,0,0,0,0,0,200.54618072509766,10.116544008255005,69.46751976013184,7.5129554271698,cache_bf16,large_h6_n32_s100,bfcf4d1c730efc304e239cb3af970903a2e266ed3f27e2d7282fbc532a6e8aae,19.04547119140625,224.45552012324333,0,690.7499699890614,0,0,0,0
pubmed_node,val,6,6,pubmed_node:val:000006:9c0999ea8cda173f,2,1963.481334,1963.4346923828125,1865.133647,97.913079,284.00991298258305,27.857746928930283,18.37303675711155,1308.8951790705323,327.5138854980469,977.9106750488281,145,0,1,0,0,0,0,0,0,0,231.54415893554688,11.852768182754517,75.49964809417725,8.617310285568237,cache_bf16,large_h6_n32_s100,9c0999ea8cda173fec529e4284200f02956108daa6e32d52ecc7a84cfc520f61,19.09529685974121,243.78153610229492,0,753.2244358062744,0,0,0,0
pubmed_node,val,7,7,pubmed_node:val:000007:73fad7735cbb80c8,2,1789.255633,1789.2098388671875,1690.851609,97.951183,236.9386088103056,27.837281115353107,16.145819798111916,1223.5351195558906,345.10805892944336,875.2743377685547,130,0,1,0,0,0,0,0,0,0,255.84925079345703,13.116384029388428,66.89167976379395,9.250744342803955,cache_bf16,large_h6_n32_s100,73fad7735cbb80c8a27061dccc86e00763f7fc61a27c9a99f9f695000dca738e,19.085311889648438,219.32281601428986,0,675.0368336439133,0,0,0,0
pubmed_node,val,8,8,pubmed_node:val:000008:c8433754e7285bf8,2,1991.033536,1990.9864501953125,1891.590383,98.968909,279.42210622131824,27.96492539346218,18.74008122831583,1336.254794150591,314.63097763061523,1018.0066986083984,151,0,1,0,0,0,0,0,0,0,216.98822402954102,10.833344101905823,78.67715167999268,8.13225781917572,cache_bf16,large_h6_n32_s100,c8433754e7285bf8a4c032f59fe4a9d0c1870a00101332edbe9c95cf3b933ab8,19.124319076538086,253.06441596150398,0,784.0666017234325,0,0,0,0
pubmed_node,val,9,9,pubmed_node:val:000009:3eb9ea5887ef7585,2,1660.730591,1660.6859130859375,1562.462317,97.834935,216.70907642692327,27.409816160798073,15.813919715583324,1114.192989654839,269.4119644165039,841.7481994628906,125,0,1,0,0,0,0,0,0,0,187.8795509338379,9.361728072166443,65.0888319015503,7.08185350894928,cache_bf16,large_h6_n32_s100,3eb9ea5887ef758544ad93510b261e3883f98785fa7977333e5c9b3b495a4012,19.064767837524414,211.1956161260605,0,649.6173511743546,0,0,0,0
pubmed_node,val,10,10,pubmed_node:val:000010:5cb00ee23662f02d,2,1747.042449,1746.998046875,1648.910501,97.720796,242.5386719405651,28.19183189421892,16.46799687296152,1173.5535068437457,280.1764793395996,890.1807861328125,132,0,1,0,0,0,0,0,0,0,194.39133071899414,9.743935942649841,68.71046447753906,7.330748200416565,cache_bf16,large_h6_n32_s100,5cb00ee23662f02d38fa2699f19d1846513df6d5ac75f0ae1676a446bb37bf47,19.055200576782227,222.4426880478859,0,686.7932986617088,0,0,0,0
pubmed_node,val,11,11,pubmed_node:val:000011:2eadcea45e1dd3ec,2,1944.46377,1944.4163818359375,1845.138008,98.87995,274.14844278246164,27.94564701616764,18.081034533679485,1304.3392477557063,318.72838592529297,982.1141662597656,146,0,1,0,0,0,0,0,0,0,223.05113983154297,11.32752001285553,76.02828788757324,8.321438193321228,cache_bf16,large_h6_n32_s100,2eadcea45e1dd3ec849bab3eb77700f3c88b4aee3d61ffe8d61376c8aaf05e6a,19.142751693725586,245.18684777617455,0,756.0700701773167,0,0,0,0
pubmed_node,val,12,12,pubmed_node:val:000012:1788defb14873a9a,2,2083.324539,2083.274658203125,1983.724843,99.060992,285.446610301733,27.853253297507763,19.3746630102396,1458.3802856504917,415.4799041748047,1039.22021484375,154,0,1,0,0,0,0,0,0,0,309.18688201904297,15.630912065505981,79.7969913482666,10.865118741989136,cache_bf16,large_h6_n32_s100,1788defb14873a9a1d2d053162495956e88865ab1ef5598fd3ba178d8afa1c57,18.985599517822266,258.40105575323105,0,799.8047586083412,0,0,0,0
pubmed_node,val,13,13,pubmed_node:val:000013:3ae2f12db55cd760,2,1669.478407,1669.4339599609375,1570.131555,98.906464,217.44081936776638,27.869416400790215,15.848414972424507,1146.165506914258,285.8628845214844,857.2261352539062,127,0,1,0,0,0,0,0,0,0,202.32601165771484,10.29756784439087,65.73782348632812,7.501481533050537,cache_bf16,large_h6_n32_s100,3ae2f12db55cd7609e76087ad22248e1c257e5f697615138fa2257142b9bd72a,19.070720672607422,214.60639995336533,0,661.6904559731483,0,0,0,0
pubmed_node,val,14,14,pubmed_node:val:000014:66da69774fbdb56c,2,1215.882796,1215.8448486328125,1131.87965,83.639068,162.696891464293,27.661374770104885,11.725007556378841,799.4503630325198,173.16460609436035,624.0107574462891,92,0,1,0,0,0,0,0,0,0,116.22908782958984,5.594304025173187,46.85296010971069,4.488254129886627,cache_bf16,large_h6_n32_s100,66da69774fbdb56ce912c9525ac19ada38ef986b23d12bb1e054f9859b5704ce,18.966720581054688,159.02291202545166,0,483.9545660018921,0,0,0,0
pubmed_node,val,15,15,pubmed_node:val:000015:f0751855e6e41c67,2,1390.167076,1390.125244140625,1305.333783,84.327547,195.4312352463603,27.748542837798595,13.49577959626913,930.7372346520424,204.23008346557617,723.9078674316406,106,0,1,0,0,0,0,0,0,0,137.96422386169434,6.691007971763611,54.264896392822266,5.3099552392959595,cache_bf16,large_h6_n32_s100,f0751855e6e41c672f5d0afc7b6d20b09a9a224215d1a785c1b8e591b081839a,19.027551651000977,180.26566395163536,0,562.6697551310062,0,0,0,0
pubmed_node,val,16,16,pubmed_node:val:000016:3ed1c74e3ebb07b0,2,2070.335224,2070.28515625,1970.630043,99.186112,289.20469619333744,28.375856578350067,18.43053475022316,1449.6594332158566,436.2720031738281,1009.8309326171875,148,0,1,0,0,0,0,0,0,0,331.4937629699707,16.737600088119507,76.74918365478516,11.291456460952759,cache_bf16,large_h6_n32_s100,3ed1c74e3ebb07b09e43ce0aee18a6ccdd6f5a54d4971bcec6e8719e2691fa2d,19.191360473632812,248.3086081147194,0,780.7136849761009,0,0,0,0
pubmed_node,val,17,17,pubmed_node:val:000017:bd15b31a2fd7cc0f,2,1900.419244,1900.3719482421875,1800.923418,99.02786,483.51685516536236,28.420797549188137,14.925945550203323,1103.6594500765204,260.42554092407227,840.3258361816406,119,0,1,0,0,0,0,0,0,0,181.92822456359863,9.067871928215027,62.622368812561035,6.807075619697571,cache_bf16,large_h6_n32_s100,bd15b31a2fd7cc0f0f6139fcf0c3ca72dd1fecb045bed3ad559096622394b21a,19.228736877441406,201.29254403710365,0,658.2620290219784,0,0,0,0
pubmed_node,val,18,18,pubmed_node:val:000018:c586742935157694,2,1370.07256,1370.031982421875,1271.928674,97.758326,195.27788367122412,27.670481242239475,12.738953344523907,894.5877114310861,198.9890899658203,693.0867462158203,102,0,1,0,0,0,0,0,0,0,134.9108180999756,6.550816059112549,52.34476852416992,5.182687282562256,cache_bf16,large_h6_n32_s100,c586742935157694f32278cfbc24c426199a5ed4fd95c5b7ede3009f331b28eb,18.999135971069336,173.9022725224495,0,538.1836096644402,0,0,0,0
pubmed_node,val,19,19,pubmed_node:val:000019:98e9b39b73bf0974,2,2003.329022,2003.280029296875,1902.701583,100.161218,312.6530237495899,27.652389369904995,19.032761454582214,1342.7438866347075,304.04224014282227,1035.0485534667969,153,0,1,0,0,0,0,0,0,0,206.25189971923828,10.167840123176575,79.84681606292725,7.775684237480164,cache_bf16,large_h6_n32_s100,98e9b39b73bf097400a0f3c256f1cca598222ba4cd60ce52820ebc7897e4d5cb,19.011871337890625,256.50819236040115,0,797.5522324442863,0,0,0,0
pubmed_node,val,20,20,pubmed_node:val:000020:bf1b004b79edc11e,2,1697.549582,1697.5050048828125,1599.605678,97.537954,252.91896145790815,27.79599092900753,15.744468197226524,1114.3643781542778,254.75910568237305,856.5427703857422,126,0,1,0,0,0,0,0,0,0,174.30489540100098,8.513279914855957,65.31452941894531,6.626400947570801,cache_bf16,large_h6_n32_s100,bf1b004b79edc11e332406daf821c0a784e4d9edd5a05b447ba4d9270a39f35c,19.085952758789062,212.88022419810295,0,662.7484989464283,0,0,0,0
pubmed_node,val,21,21,pubmed_node:val:000021:7fa5c3c5999e3949,2,2069.575552,2069.52587890625,1970.017854,99.036001,301.14595126360655,27.843985706567764,18.742346204817295,1452.1381743252277,425.67417907714844,1022.8598022460938,151,0,1,0,0,0,0,0,0,0,319.31024169921875,16.137343883514404,79.19433689117432,11.032256603240967,cache_bf16,large_h6_n32_s100,7fa5c3c5999e3949085af06980d6a4430e476a7003de0c05f1cf88596e92d0a5,19.05232048034668,253.1673279106617,0,788.7447948157787,0,0,0,0
pubmed_node,val,22,22,pubmed_node:val:000022:a10839173b37d3e8,2,1681.457394,1681.411865234375,1597.975957,82.903578,259.6102152019739,27.77106687426567,15.389620326459408,1114.5471362397075,269.32981872558594,842.2039489746094,124,0,1,0,0,0,0,0,0,0,188.11731338500977,9.434175968170166,64.70240020751953,7.075929164886475,cache_bf16,large_h6_n32_s100,a10839173b37d3e868be841b6d0f27bd2d910b6cb84bf71e1f041211680112b7,19.04083251953125,209.65171173214912,0,651.5930697619915,0,0,0,0
pubmed_node,val,23,23,pubmed_node:val:000023:d3a53bb345d5ec4a,2,1969.61167,1969.562255859375,1869.972098,99.116096,321.80817518383265,28.06578017771244,17.63427909463644,1325.6181376054883,361.6167335510254,960.5940399169922,142,0,1,0,0,0,0,0,0,0,265.1579818725586,13.132704257965088,73.93398380279541,9.392063617706299,cache_bf16,large_h6_n32_s100,d3a53bb345d5ec4a5feb3e35bbe8020e20289e986e59e7edeeca00fa332b3f6c,19.168575286865234,239.13417571783066,0,740.6284394860268,0,0,0,0
pubmed_node,val,24,24,pubmed_node:val:000024:2a55de8c0484f54f,2,1802.754402,1802.7078857421875,1703.30743,98.969654,282.8870825469494,27.803506702184677,16.46881178021431,1186.3588504493237,284.5904312133789,898.5764923095703,132,0,1,0,0,0,0,0,0,0,198.2520294189453,9.981055974960327,68.86112022399902,7.496225595474243,cache_bf16,large_h6_n32_s100,2a55de8c0484f54f333df92b9e14b2e1c89000890e23915d80955e0bd51e357c,19.039487838745117,222.49616014957428,0,695.1198199987411,0,0,0,0
pubmed_node,val,25,25,pubmed_node:val:000025:5070ff02b2831775,2,1732.937186,1732.89111328125,1634.888702,97.623545,280.70432879030704,27.62998826801777,17.501247115433216,1138.2684037089348,273.90195083618164,861.273193359375,127,0,1,0,0,0,0,0,0,0,191.28483200073242,9.600256085395813,65.8730239868164,7.1438387632369995,cache_bf16,large_h6_n32_s100,5070ff02b2831775f7c4fdf4531bb7d0373ce597cf6d152a649f4f508bc5ba33,19.006816864013672,214.37235221266747,0,665.9076580107212,0,0,0,0
pubmed_node,val,26,26,pubmed_node:val:000026:885c9a7d4174674c,2,2012.169746,2012.120361328125,1911.786109,99.864744,310.5236738920212,27.96123083680868,24.620316922664642,1372.3467141389847,397.16605377197266,971.7909240722656,141,0,1,0,0,0,0,0,0,0,297.6610565185547,15.310208082199097,73.71753692626953,10.47725224494934,cache_bf16,large_h6_n32_s100,885c9a7d4174674cfab34ac73ccc785c6d79173447330a08c079df080ad982ca,19.111391067504883,237.04486393928528,0,753.8574512004852,0,0,0,0
pubmed_node,val,27,27,pubmed_node:val:000027:ad4aba8144842828,2,1712.687398,1712.641845703125,1613.193962,99.038827,263.55147641152143,27.688062749803066,15.76840877532959,1135.4737104848027,272.1558380126953,860.2363891601562,127,0,1,0,0,0,0,0,0,0,189.6900463104248,9.45468783378601,65.87548732757568,7.1356165409088135,cache_bf16,large_h6_n32_s100,ad4aba81448428285942c1719a5e5cc512830c0d2585c286e62c56f32cecb67c,19.014528274536133,214.60921603441238,0,664.64170140028,0,0,0,0
pubmed_node,val,28,28,pubmed_node:val:000028:3d91c9f8ead67db3,2,1888.77891,1888.73046875,1789.267236,99.033161,304.3814096599817,27.649927884340286,17.048651352524757,1230.955102480948,301.47142028808594,926.1786499023438,137,0,1,0,0,0,0,0,0,0,211.18540573120117,10.651103973388672,71.7663345336914,7.8685760498046875,cache_bf16,large_h6_n32_s100,3d91c9f8ead67db341e2cce801cea8cbe1cb1d7623ea02cfc6ce93466ca4ae84,19.036991119384766,232.15321627259254,0,713.062424749136,0,0,0,0
pubmed_node,val,29,29,pubmed_node:val:000029:03f83dd4da512183,2,1822.063176,1822.015625,1723.72946,97.88003,278.60384434461594,28.373876586556435,16.585025005042553,1192.3555815592408,292.5826873779297,896.5633392333984,133,0,1,0,0,0,0,0,0,0,205.0865364074707,10.086944103240967,69.68486404418945,7.7243428230285645,cache_bf16,large_h6_n32_s100,03f83dd4da512183ae57c77bcf096e47da6d6c26178b54ec85fe60c6294d0cd3,19.8123836517334,223.91692847013474,0,692.4587944149971,0,0,0,0
pubmed_node,val,30,30,pubmed_node:val:000030:b89ec93803416530,2,1974.557094,1974.5069580078125,1875.148735,98.967243,322.8012816980481,27.77463849633932,18.193436786532402,1313.3177794516087,318.53247833251953,991.2650451660156,147,0,1,0,0,0,0,0,0,0,222.4549102783203,11.327263951301575,76.52991771697998,8.220386385917664,cache_bf16,large_h6_n32_s100,b89ec938034165309eebc4b81a818dcf6e1faa483c539e9eeba571f6c6cf5562,19.06211280822754,246.8026561141014,0,763.5245018601418,0,0,0,0
pubmed_node,val,31,31,pubmed_node:val:000031:0576bc857275dc49,2,2144.44893,2144.3974609375,2046.275062,97.723708,340.70017747581005,27.72483229637146,19.4927379488945,1425.538600422442,366.5406074523926,1055.2549591064453,157,0,1,0,0,0,0,0,0,0,262.50844955444336,13.134144067764282,81.32646369934082,9.571550130844116,cache_bf16,large_h6_n32_s100,0576bc857275dc49654757d107566a65b7a587120e66537543dfb2708d9cc3fc,19.0600643157959,262.8029762208462,0,811.512047201395,0,0,0,0
pubmed_node,val,32,32,pubmed_node:val:000032:03d0149b4d261d5d,2,1577.599425,1577.555419921875,1478.168965,98.976557,219.89682037383318,27.816032990813255,14.85456619411707,1053.97923104465,247.00364303588867,804.0700073242188,119,0,1,0,0,0,0,0,0,0,169.34364891052246,8.395264029502869,62.85641574859619,6.408314347267151,cache_bf16,large_h6_n32_s100,03d0149b4d261d5d6cebbb5283b5f3318df7d1a501a4c27dd9de49159e4b32ae,19.08243179321289,201.66748794913292,0,621.4849511682987,0,0,0,0
pubmed_node,val,33,33,pubmed_node:val:000033:8fcc56881b5f3a87,2,1681.33708,1681.2904052734375,1581.833405,99.049258,249.16827771812677,27.55270805209875,15.965253114700317,1106.953133828938,255.5762596130371,848.3261871337891,126,0,1,0,0,0,0,0,0,0,174.69023895263672,8.612159848213196,65.63311958312988,6.640741229057312,cache_bf16,large_h6_n32_s100,8fcc56881b5f3a875f1a2d62402fe98148bf55746ef2d555f68cbe751c470b10,18.998016357421875,212.8686399459839,0,654.455563545227,0,0,0,0
pubmed_node,val,34,34,pubmed_node:val:000034:4a476e798942a5b9,2,1971.275153,1971.224853515625,1871.642292,99.109283,291.5883557870984,27.621149085462093,18.126660957932472,1321.5419044718146,333.45731353759766,984.585205078125,146,0,1,0,0,0,0,0,0,0,236.24502563476562,12.169759750366211,76.40185546875,8.64067268371582,cache_bf16,large_h6_n32_s100,4a476e798942a5b957d569764332dea9601c53b0a697f000c9132212cade1633,19.048032760620117,245.08934411406517,0,758.54389372468,0,0,0,0
pubmed_node,val,35,35,pubmed_node:val:000035:309d3158121d10ec,2,1991.609894,1991.5601806640625,1893.359693,97.777607,261.95086259394884,27.530322782695293,17.72495824843645,1413.7795194983482,443.24857330322266,967.0989685058594,143,0,1,0,0,0,0,0,0,0,339.96691513061523,17.33455991744995,74.18076705932617,11.766331195831299,cache_bf16,large_h6_n32_s100,309d3158121d10ec82107315d715c0d0f5076c9cc56ebcf982e675480fbb39df,18.983808517456055,240.56316843628883,0,745.5196085870266,0,0,0,0
pubmed_node,val,36,36,pubmed_node:val:000036:fb889eb96d5d156b,2,1697.377603,1697.331787109375,1597.822447,99.002276,239.73213881254196,27.613665908575058,15.867398120462894,1143.0493723601103,274.6613464355469,865.2942047119141,128,0,1,0,0,0,0,0,0,0,191.6496639251709,9.609023928642273,66.21455955505371,7.188099026679993,cache_bf16,large_h6_n32_s100,fb889eb96d5d156b1860a275b042dfdae26350bb5b48dbdee752274ea4d9a1f4,18.9836483001709,215.99193587899208,0,668.2859171330929,0,0,0,0
pubmed_node,val,37,37,pubmed_node:val:000037:981f674e904f2b02,2,2040.051408,2040.000244140625,1941.412483,98.079023,307.91329592466354,27.896985411643982,18.991490826010704,1355.339603498578,322.0807075500488,1029.608383178711,153,0,1,0,0,0,0,0,0,0,222.50362014770508,11.200096011161804,80.0297269821167,8.347264409065247,cache_bf16,large_h6_n32_s100,981f674e904f2b027b39ed210e8c12d69f581dc5068c2b9d13be80b75e60e359,19.116640090942383,256.6443519592285,0,792.0806713104248,0,0,0,0
pubmed_node,val,38,38,pubmed_node:val:000038:b2e6372b71a838dc,2,1687.844432,1687.7967529296875,1588.43151,98.952397,234.59497559815645,27.543907053768635,15.803933143615723,1146.7625508084893,285.407901763916,858.2704315185547,127,0,1,0,0,0,0,0,0,0,201.974365234375,10.127776026725769,65.8034553527832,7.5023051500320435,cache_bf16,large_h6_n32_s100,b2e6372b71a838dcd6f02bbc8555cb73a30761a595e13162c5d8b990b13a467d,18.992799758911133,214.44096007943153,0,662.8222711980343,0,0,0,0
pubmed_node,val,39,39,pubmed_node:val:000039:6d37c1f5d1d707fb,2,2036.40244,2036.3516845703125,1937.167928,98.765818,314.83248993754387,27.647885493934155,19.03124526143074,1360.6957076117396,323.0905570983887,1033.9463806152344,153,0,1,0,0,0,0,0,0,0,223.35385131835938,11.243295907974243,80.14886474609375,8.344545125961304,cache_bf16,large_h6_n32_s100,6d37c1f5d1d707fbfdca66b883f4835b31fb39560f4a0a9a611cb24c362b286a,19.0218563079834,256.4992642402649,0,796.4689726829529,0,0,0,0
pubmed_node,val,40,40,pubmed_node:val:000040:5a42f77dcacce4f2,2,1336.853291,1336.81103515625,1238.708494,97.751182,189.31443244218826,27.73087192326784,12.402212247252464,853.4370213747025,186.13107299804688,664.8807983398438,98,0,1,0,0,0,0,0,0,0,124.68172836303711,6.020031988620758,50.61852836608887,4.81078428030014,cache_bf16,large_h6_n32_s100,5a42f77dcacce4f22d807854c7f86896c7be9386c4b98234c1c6f4b64c50167b,18.997087478637695,167.14889600872993,0,516.7289898097515,0,0,0,0
pubmed_node,val,41,41,pubmed_node:val:000041:0493282c3c766898,2,2096.216618,2096.164306640625,1996.809065,98.918612,306.3766844570637,27.584195137023926,19.433495588600636,1407.6144630089402,351.34748458862305,1052.5477905273438,156,0,1,0,0,0,0,0,0,0,247.95826721191406,12.707903861999512,81.54902362823486,9.13228988647461,cache_bf16,large_h6_n32_s100,0493282c3c76689849e93b4fdd00487424b863991c764f5aff119764e10da113,19.023296356201172,261.5600319504738,0,810.0110549330711,0,0,0,0
pubmed_node,val,42,42,pubmed_node:val:000042:dece42b23f5ab8c1,2,1927.051602,1927.001708984375,1827.593065,98.993804,277.0523224025965,27.575011365115643,17.287208698689938,1307.2679294273257,369.9695701599121,933.9430084228516,139,0,1,0,0,0,0,0,0,0,273.2823066711426,14.019103765487671,72.93116760253906,9.736992120742798,cache_bf16,large_h6_n32_s100,dece42b23f5ab8c18a0b3d9f728949e8e86a5b260c4d4d30da143a076a03c908,19.00271987915039,233.9168961942196,0,719.0288321077824,0,0,0,0
pubmed_node,val,43,43,pubmed_node:val:000043:ad2eb70e42589805,2,1327.928803,1327.886474609375,1229.975303,97.600942,191.6032712906599,27.59395446628332,19.235937856137753,851.3592295348644,186.02396774291992,662.9064025878906,98,0,1,0,0,0,0,0,0,0,124.60518074035645,6.006592094898224,50.59891223907471,4.813282668590546,cache_bf16,large_h6_n32_s100,ad2eb70e425898059bafd39c555e19504a635d1fe4a1bb266151a845e0ea2528,19.011999130249023,167.40316805243492,0,514.5152336657047,0,0,0,0
pubmed_node,val,44,44,pubmed_node:val:000044:54785f8faebd606c,2,2061.272017,2061.220458984375,1961.786432,99.001312,296.2053082883358,27.758612297475338,31.040440313518047,1392.5778977572918,324.1648597717285,1064.7450714111328,153,0,1,0,0,0,0,0,0,0,224.54748916625977,11.245983958244324,80.03596782684326,8.335418820381165,cache_bf16,large_h6_n32_s100,54785f8faebd606ceb512a12455432d412fc5024da2ed15f219a830ed6869bfb,19.10755157470703,256.5155519247055,0,827.3370710611343,0,0,0,0
pubmed_node,val,45,45,pubmed_node:val:000045:e9055cd27b9aef3e,2,2097.738831,2097.686279296875,2013.197163,84.038239,282.75206964462996,27.79264096170664,17.356554977595806,1489.1212321817875,306.9989128112793,1178.7412109375,140,0,1,0,0,0,0,0,0,0,214.73411178588867,10.968735933303833,73.29952144622803,7.996543645858765,cache_bf16,large_h6_n32_s100,e9055cd27b9aef3ed7e54152eff66d0bc75f4b0feecc6e2f55e01836629508f3,19.06902313232422,235.64758384227753,0,962.1626502275467,0,0,0,0
pubmed_node,val,46,46,pubmed_node:val:000046:6c9377f0adca3b15,2,1845.194503,1845.1451416015625,1745.554122,99.170979,260.1719992235303,27.71506179124117,17.09979400038719,1230.9477273374796,301.1948127746582,926.4368286132812,137,0,1,0,0,0,0,0,0,0,210.96837997436523,10.528575897216797,71.83132934570312,7.866527557373047,cache_bf16,large_h6_n32_s100,6c9377f0adca3b153f44525e6b787131db867b943bbe5a4dddb52b9c35c9cfcd,19.008512496948242,230.8352321088314,0,714.6101090013981,0,0,0,0
pubmed_node,val,47,47,pubmed_node:val:000047:617c9bcb7e665f9b,2,1299.14736,1299.10693359375,1201.199043,97.574484,171.07257526367903,27.48776786029339,12.254654429852962,850.0392129644752,186.40371322631836,661.2250289916992,98,0,1,0,0,0,0,0,0,0,124.85961532592773,6.050912022590637,50.68534469604492,4.807841181755066,cache_bf16,large_h6_n32_s100,617c9bcb7e665f9ba60f95c2a718d03a03553227e49324fb3765176d3f98db26,18.954816818237305,167.3452478647232,0,512.8345979452133,0,0,0,0
pubmed_node,val,48,48,pubmed_node:val:000048:e8ca59b7046f9d3f,2,2311.248472,2311.193115234375,2211.301812,99.408913,319.7542056441307,27.83486433327198,20.638199523091316,1647.092374972999,521.2330627441406,1121.9076385498047,166,0,1,0,0,0,0,0,0,0,400.54076385498047,20.071232080459595,87.09113597869873,13.529930830001831,cache_bf16,large_h6_n32_s100,e8ca59b7046f9d3f53551654a513deb70b3893ae1770938a7e92b1b2cb3d450d,19.068191528320312,277.98195219039917,0,862.9938778877258,0,0,0,0
pubmed_node,val,49,49,pubmed_node:val:000049:7b8fbd3ff2460d39,2,1364.216621,1364.1741943359375,1265.033125,98.806724,184.71830617636442,27.5970958173275,12.724584899842739,890.6433871015906,199.19283294677734,688.9437103271484,102,0,1,0,0,0,0,0,0,0,134.9532814025879,6.52182400226593,52.543423652648926,5.174303889274597,cache_bf16,large_h6_n32_s100,7b8fbd3ff2460d39ac4161d215a855e0034a86bf6bf38be62aded1aefbc5bdb2,18.941856384277344,173.85817593336105,0,534.0273907780647,0,0,0,0
pubmed_node,val,50,50,pubmed_node:val:000050:09c212ce9ff12bc8,2,1442.214528,1442.1717529296875,1342.87645,98.927163,200.17451513558626,27.51180250197649,13.809689320623875,953.1293334439397,214.58400344848633,735.8744583129883,109,0,1,0,0,0,0,0,0,0,144.95580673217773,7.04041600227356,57.063008308410645,5.52477240562439,cache_bf16,large_h6_n32_s100,09c212ce9ff12bc884bb09a4fbf8cc5bcc91524b89d899bd18862540082a0ea0,18.94985580444336,187.06096011400223,0,567.7633540034294,0,0,0,0
pubmed_node,val,51,51,pubmed_node:val:000051:047b982ae0561338,2,1682.115655,1682.0697021484375,1583.576375,98.06879,225.91083403676748,27.67571061849594,15.85274375975132,1142.1093447133899,274.0911674499512,864.9162292480469,128,0,1,0,0,0,0,0,0,0,191.32742500305176,9.534432053565979,66.0747184753418,7.154591917991638,cache_bf16,large_h6_n32_s100,047b982ae0561338195fb81d2b0caa578afc79f2bd21c25efc01dd75a277f327,19.009632110595703,216.05027174949646,0,667.8755896091461,0,0,0,0
pubmed_node,val,52,52,pubmed_node:val:000052:e11f34673d087d20,2,1887.080742,1887.0311279296875,1787.450243,99.134181,279.62627075612545,27.547229081392288,18.095262348651886,1267.58686080575,304.6332778930664,959.5192718505859,143,0,1,0,0,0,0,0,0,0,211.60659408569336,10.723871946334839,74.36652755737305,7.936284303665161,cache_bf16,large_h6_n32_s100,e11f34673d087d2099e9edc51449fc2588d2558edb3f8dce0c0919f1ab3af096,18.955968856811523,241.5917445421219,0,736.8834961652756,0,0,0,0
pubmed_node,val,53,53,pubmed_node:val:000053:ba17d5bf4441056b,2,780.795208,780.7606201171875,682.999762,97.483485,82.71130360662937,27.582351118326187,7.0667145773768425,474.9401118606329,99.87478446960449,373.60812759399414,55,0,1,0,0,0,0,0,0,0,66.05225563049316,3.187104105949402,28.03660774230957,2.598816990852356,cache_bf16,large_h6_n32_s100,ba17d5bf4441056b743987fc7d6b3c355cfcb89e11317c3fbb003748c4d79683,18.9770565032959,97.62044805288315,0,294.9647360444069,0,0,0,0
pubmed_node,val,54,54,pubmed_node:val:000054:979bf8339c9987cf,2,2124.540473,2124.48779296875,2026.210461,97.803241,298.7050786614418,27.775805443525314,18.97786371409893,1487.3161176219583,441.9878845214844,1041.647705078125,154,0,1,0,0,0,0,0,0,0,333.03676986694336,17.027392148971558,80.2517442703247,11.671978235244751,cache_bf16,large_h6_n32_s100,979bf8339c9987cf7e76093b722cb7fb5b75ab455eadbe0f8e999a336eff9341,19.058528900146484,258.25151973962784,0,802.4547142386436,0,0,0,0
pubmed_node,val,55,55,pubmed_node:val:000055:9010e38b1b9f45d7,2,2105.898335,2105.84619140625,2007.724194,97.690451,284.73048470914364,27.764037251472473,19.11923848092556,1494.0324798226357,466.2258529663086,1024.1704559326172,152,0,1,0,0,0,0,0,0,0,356.02063751220703,18.090432167053223,79.8168306350708,12.297952651977539,cache_bf16,large_h6_n32_s100,9010e38b1b9f45d7563a6079e929718e39b72bd85e381e68d2881c556a06e6c1,19.070528030395508,255.03603172302246,0,788.2049522399902,0,0,0,0
pubmed_node,val,56,56,pubmed_node:val:000056:bb54d7fee9186b6b,2,1920.066441,1920.016845703125,1820.617601,98.989839,262.34285812824965,28.84223498404026,17.315251752734184,1313.3954871445894,373.04547119140625,937.0020599365234,139,0,1,0,0,0,0,0,0,0,276.32947540283203,13.952991962432861,73.03072166442871,9.732282161712646,cache_bf16,large_h6_n32_s100,bb54d7fee9186b6bc892327aa4947d40c66b18854e90e8bb7ec95af7418eec9b,20.207679748535156,234.29350379109383,0,722.9162358939648,0,0,0,0
pubmed_node,val,57,57,pubmed_node:val:000057:9ff0bba85a6caa80,2,1738.584834,1738.5372314453125,1638.899776,99.205584,239.1573628410697,27.728194370865822,15.959974378347397,1161.1856101080775,280.1395835876465,877.9026184082031,130,0,1,0,0,0,0,0,0,0,195.7512969970703,9.80297601222992,67.27366352081299,7.311647057533264,cache_bf16,large_h6_n32_s100,9ff0bba85a6caa80fab514253b7c2954d17517c315b3b175aefb5db4dd5102d1,19.044095993041992,219.45299232006073,0,677.4937220811844,0,0,0,0
pubmed_node,val,58,58,pubmed_node:val:000058:7ac12a029e2ea1ad,2,1771.353609,1771.3057861328125,1673.184697,97.744089,238.3927507326007,27.51356642693281,16.779707744717598,1195.7180257886648,283.29785537719727,909.1661987304688,135,0,1,0,0,0,0,0,0,0,196.07098007202148,9.756959915161133,70.0646390914917,7.405276298522949,cache_bf16,large_h6_n32_s100,7ac12a029e2ea1adfa3f1acbdafe7247347044365e5c75292b427738630bc27f,18.9833927154541,227.32015931606293,0,700.8294321298599,0,0,0,0
pubmed_node,val,59,59,pubmed_node:val:000059:dcc80dca8cbac494,2,1570.268728,1570.223388671875,1471.060419,98.793104,145.22531162947416,25.958407670259476,15.812252648174763,1116.7166773229837,258.1200637817383,854.5135803222656,127,0,1,0,0,0,0,0,0,0,176.93379402160645,8.684255957603455,65.80176067352295,6.700253129005432,cache_bf16,large_h6_n32_s100,dcc80dca8cbac49477508e74db2b4512623eafb35c1b1d281fae5296f406c00b,18.974687576293945,214.48915204405785,0,658.9991158545017,0,0,0,0
pubmed_node,val,60,60,pubmed_node:val:000060:f7aab1a5e58872f2,2,1367.728047,1367.6854248046875,1268.348759,98.935039,120.24843785911798,25.903274305164814,13.733351603150368,949.8243229463696,205.39423751831055,741.7434844970703,110,0,1,0,0,0,0,0,0,0,136.43072128295898,6.548639893531799,57.152544021606445,5.262332320213318,cache_bf16,large_h6_n32_s100,f7aab1a5e58872f23a0d018a88ae3618a18cd2d3aba215c6168b1d78a417cbb5,18.92902374267578,186.84643232822418,0,573.8260759115219,0,0,0,0
pubmed_node,val,61,61,pubmed_node:val:000061:3fafc63cd3e3d755,2,1990.560923,1990.51025390625,1891.372974,98.752466,262.72996235638857,27.575507760047913,17.748896032571793,1413.1535338237882,447.02549743652344,962.7031402587891,143,0,1,0,0,0,0,0,0,0,342.95340728759766,17.830687999725342,74.46399974822998,11.777402400970459,cache_bf16,large_h6_n32_s100,3fafc63cd3e3d755ac37ba950ee2d90b2c87a30f051d13564eb02b986354f9ff,18.967424392700195,240.5631360411644,0,741.1074286103249,0,0,0,0
pubmed_node,val,62,62,pubmed_node:val:000062:333f83f2fefc467c,2,1800.395757,1800.3477783203125,1701.136262,98.830607,255.30639849603176,27.555672451853752,16.535081900656223,1230.4192837327719,328.0131530761719,899.1924438476562,133,0,1,0,0,0,0,0,0,0,237.21932983398438,12.101376056671143,70.03737545013428,8.65507173538208,cache_bf16,large_h6_n32_s100,333f83f2fefc467c8ddde326a54b73d95b1c4ca62041cff670410da951439d4c,18.984447479248047,224.31311976909637,0,693.8637715578079,0,0,0,0
pubmed_node,val,63,63,pubmed_node:val:000063:6d4432a0f007f084,2,1642.028627,1641.982666015625,1542.606235,99.018888,182.77740012854338,27.92961336672306,15.849269926548004,1146.4521633461118,285.5746879577637,857.7937316894531,127,0,1,0,0,0,0,0,0,0,202.05205917358398,10.128192067146301,65.89974403381348,7.49469268321991,cache_bf16,large_h6_n32_s100,6d4432a0f007f084a11c6d976221112748fae7f57fde1d12670a3133d46f5944,19.10553550720215,214.62566408514977,0,662.2736031115055,0,0,0,0
pubmed_node,val,64,64,pubmed_node:val:000064:e3dbe99c136a4258,2,1622.804875,1622.75927734375,1523.53164,98.87101,221.95374872535467,27.57244184613228,15.425102785229683,1102.675841189921,265.8097267150879,833.8567810058594,124,0,1,0,0,0,0,0,0,0,184.81913566589355,9.193855881690979,64.86259078979492,6.934144377708435,cache_bf16,large_h6_n32_s100,e3dbe99c136a4258f7ad2ea61aa5b13d5ab744640704de8553a3ad99e04e6e2f,19.02729606628418,209.6002238690853,0,643.2838532030582,0,0,0,0
pubmed_node,val,65,65,pubmed_node:val:000065:cb2105207b3051f0,2,1701.56513,1701.5181884765625,1603.094647,97.887984,243.76179184764624,27.91141625493765,15.871205367147923,1136.1374035477638,273.123836517334,859.9304046630859,127,0,1,0,0,0,0,0,0,0,190.57657432556152,9.488352060317993,65.91919994354248,7.139710187911987,cache_bf16,large_h6_n32_s100,cb2105207b3051f053a04c5df7e6abd109903af95851491acc0435ffd4e167cc,19.09401512145996,214.3977278470993,0,664.6266919374466,0,0,0,0
pubmed_node,val,66,66,pubmed_node:val:000066:b863ad2a9baa79e0,2,2084.327176,2084.274169921875,1984.276055,99.251849,318.01314651966095,28.164359740912914,19.6631858125329,1390.0566566735506,318.5800971984863,1067.6940612792969,158,0,1,0,0,0,0,0,0,0,217.56646728515625,10.811391949653625,82.02473545074463,8.177502512931824,cache_bf16,large_h6_n32_s100,b863ad2a9baa79e0c9f3f2f8b5388dba36bc4181f8cf4079d8d758a0d18d73e4,19.254112243652344,264.6866557896137,0,822.2615177333355,0,0,0,0
pubmed_node,val,67,67,pubmed_node:val:000067:fb90d33c0f3a8a6b,2,1678.201055,1678.1544189453125,1579.992867,97.786047,232.04510658979416,27.61128917336464,15.543613582849503,1118.1138390675187,271.83375549316406,843.2550659179688,125,0,1,0,0,0,0,0,0,0,189.66873741149902,9.46886396408081,65.60857677459717,7.0875773429870605,cache_bf16,large_h6_n32_s100,fb90d33c0f3a8a6b217466e04d9c67f6b9e462f081ae18b9168c5ede39fc16ad,19.00422477722168,211.2670079767704,0,650.99228271842,0,0,0,0
pubmed_node,val,68,68,pubmed_node:val:000068:e6e2970d414380b7,2,1733.54861,1733.500732421875,1633.145544,99.9444,247.10533674806356,27.49447524547577,16.321763396263123,1167.6998417824507,293.34243392944336,871.2302551269531,129,0,1,0,0,0,0,0,0,0,208.18182754516602,10.493055939674377,66.99014377593994,7.677406668663025,cache_bf16,large_h6_n32_s100,e6e2970d414380b740b417ba5caa10452bc1fc3e649ec7a566d8692fd013358b,18.93440055847168,217.80399999022484,0,672.3606556952,0,0,0,0
pubmed_node,val,69,69,pubmed_node:val:000069:72f4e4feaddec62f,2,2292.227819,2292.172607421875,2193.653287,98.073187,308.9211005717516,27.622828260064125,20.442239940166473,1643.2021837681532,523.7547836303711,1115.5060424804688,166,0,1,0,0,0,0,0,0,0,402.86572265625,20.16915202140808,87.17897605895996,13.540932893753052,cache_bf16,large_h6_n32_s100,72f4e4feaddec62fabc94cbf9e852ed8d1d442b643165b22b4109d8f479869d8,18.986879348754883,277.4455683529377,0,857.0473534762859,0,0,0,0
pubmed_node,val,70,70,pubmed_node:val:000070:5b36b85be8ad30a3,2,2219.027447,2218.97314453125,2120.743221,97.795323,302.16357577592134,27.594552375376225,20.405958406627178,1575.4387322813272,469.64701080322266,1101.8964080810547,164,0,1,0,0,0,0,0,0,0,353.2244415283203,18.012064456939697,86.29705619812012,12.11344861984253,cache_bf16,large_h6_n32_s100,5b36b85be8ad30a3abbe80d35d7d66b8b492b6e10937eb49c5aa4c9f4bcd7134,19.005599975585938,274.214047729969,0,846.6879603266716,0,0,0,0
pubmed_node,val,71,71,pubmed_node:val:000071:a3dfea97aa7e87f9,2,1934.01613,1933.9654541015625,1849.552092,83.990979,270.74574679136276,27.755340561270714,18.57205294072628,1341.1858193576336,327.0984649658203,1010.5087585449219,149,0,1,0,0,0,0,0,0,0,229.0060157775879,11.532319903373718,78.08463954925537,8.475489735603333,cache_bf16,large_h6_n32_s100,a3dfea97aa7e87f9c12329bc160eba415932f1bae20785eb512614464790219a,19.08095932006836,250.15308806300163,0,779.4366298019886,0,0,0,0
pubmed_node,val,72,72,pubmed_node:val:000072:5d3ef41c093ef392,2,1906.715034,1906.6646728515625,1822.447398,83.830017,267.83392671495676,27.542348951101303,18.53475347161293,1330.6788187474012,323.5448989868164,1003.5693511962891,149,0,1,0,0,0,0,0,0,0,226.19062423706055,11.176255941390991,77.71052837371826,8.467490434646606,cache_bf16,large_h6_n32_s100,5d3ef41c093ef392b9c2c196ca0af8f22a2f684e8b9a459eb6aae22e26fb4f54,18.97920036315918,250.1494401693344,0,772.3991113901138,0,0,0,0
pubmed_node,val,73,73,pubmed_node:val:000073:26fee4e5dfcd8320,2,1668.068962,1668.0225830078125,1568.693167,98.92667,225.7738597691059,27.499168179929256,15.989688225090504,1123.0203425511718,268.4345932006836,851.5304412841797,126,0,1,0,0,0,0,0,0,0,186.49894523620605,9.251839995384216,65.68694305419922,6.996864914894104,cache_bf16,large_h6_n32_s100,26fee4e5dfcd8320642c77d02695740581892076688260e9819183027b763d08,18.921024322509766,212.9936318397522,0,657.4578337669373,0,0,0,0
pubmed_node,val,74,74,pubmed_node:val:000074:927227b0d2cbed6d,2,2084.411414,2084.359130859375,1984.83141,99.113023,265.2780609205365,27.69363857805729,19.082793965935707,1486.8764048442245,445.36061096191406,1037.8297424316406,154,0,1,0,0,0,0,0,0,0,335.8601608276367,17.429503917694092,80.40604782104492,11.66489839553833,cache_bf16,large_h6_n32_s100,927227b0d2cbed6d067a367e78dc98164f9ecf541ef6796766ee1d7410d0d654,19.050048828125,258.0110076367855,0,798.8687836229801,0,0,0,0
pubmed_node,val,75,75,pubmed_node:val:000075:b48edaa5bbd7b728,2,2122.197492,2122.14453125,2022.873847,98.854782,275.19544027745724,27.648869901895523,18.98098923265934,1508.3108935505152,476.62176513671875,1028.039291381836,153,0,1,0,0,0,0,0,0,0,364.91900634765625,18.790560007095337,80.36803150177002,12.544167280197144,cache_bf16,large_h6_n32_s100,b48edaa5bbd7b728c6b0c0bf0b233bf593a83ea215b6143a872a5b9e79f54c08,19.028959274291992,256.6256319284439,0,790.442618727684,0,0,0,0
pubmed_node,val,76,76,pubmed_node:val:000076:0a900ab1029a963b,2,2049.705213,2049.653564453125,1950.161466,99.063917,481.2451135367155,28.3175902441144,17.114554531872272,1229.7009835019708,302.2653160095215,924.1170959472656,137,0,1,0,0,0,0,0,0,0,211.51686477661133,10.597440004348755,72.2599048614502,7.891106367111206,cache_bf16,large_h6_n32_s100,0a900ab1029a963bb6132834040abc30a53caa4ddd18d4c40ca1aa2a63da73d0,19.263872146606445,231.02256006002426,0,712.3584080338478,0,0,0,0
pubmed_node,val,77,77,pubmed_node:val:000077:3625c095ad0da368,2,1678.693144,1678.6461181640625,1580.422287,97.846396,226.53336450457573,27.72405743598938,16.014792025089264,1115.9372190013528,247.2347526550293,865.5773010253906,129,0,1,0,0,0,0,0,0,0,165.9277114868164,8.065760135650635,66.88339233398438,6.357888698577881,cache_bf16,large_h6_n32_s100,3625c095ad0da36862923b06067bf9d2c8552d3eeceae1d9fecb4baba9d77cac,19.070911407470703,217.63814395666122,0,667.0100684762001,0,0,0,0
pubmed_node,val,78,78,pubmed_node:val:000078:6196be2c6ed1bbb5,2,1877.370827,1877.321044921875,1777.737928,99.146167,256.7456318065524,27.57359202951193,17.798779532313347,1270.6463355571032,305.755069732666,961.4501800537109,143,0,1,0,0,0,0,0,0,0,212.74476623535156,10.74291181564331,74.34892749786377,7.918464183807373,cache_bf16,large_h6_n32_s100,6196be2c6ed1bbb531bdb725451c7134849d0b380074ff7bde3cbaa6a234fca4,19.035104751586914,240.46441599726677,0,740.0208688080311,0,0,0,0
pubmed_node,val,79,79,pubmed_node:val:000079:b45b3b7f8cfc3c61,2,1934.116999,1934.0665283203125,1834.740051,98.968138,274.8120976611972,27.804652228951454,18.25000438839197,1305.4774785414338,319.1538887023926,982.8115997314453,146,0,1,0,0,0,0,0,0,0,223.0695343017578,11.310719966888428,76.47215843200684,8.301476001739502,cache_bf16,large_h6_n32_s100,b45b3b7f8cfc3c61bc0c3af1ca47d3c4a4f613ee28c7c156f89fff5216359612,19.135520935058594,245.29312041401863,0,756.6540002524853,0,0,0,0
pubmed_node,val,80,80,pubmed_node:val:000080:36fca5e19444f772,2,1233.98169,1233.94140625,1134.912143,98.720946,112.94411215931177,25.87154693901539,12.448452413082123,848.5395265743136,186.25126266479492,659.8737945556641,98,0,1,0,0,0,0,0,0,0,124.77123260498047,6.018592119216919,50.65257549285889,4.8088624477386475,cache_bf16,large_h6_n32_s100,36fca5e19444f772feaca11fd7afea2bee5f22ede0d5764ec098943f4516fbc2,18.980735778808594,167.55881598591805,0,511.2957143485546,0,0,0,0
pubmed_node,val,81,81,pubmed_node:val:000081:1c63bf6396d63c4a,2,1729.969153,1729.9208984375,1630.629996,98.937869,187.5860122963786,27.420882135629654,16.854645684361458,1228.8306523114443,330.0042915344238,895.6130676269531,133,0,1,0,0,0,0,0,0,0,238.84221267700195,12.182783961296082,70.29321575164795,8.686079144477844,cache_bf16,large_h6_n32_s100,1c63bf6396d63c4a4d2682cc4bbff2f851f7607bff47af83e05dbbd1b138f402,18.924800872802734,224.24179205298424,0,690.2960764467716,0,0,0,0
pubmed_node,val,82,82,pubmed_node:val:000082:5d1e728a0bb57dcd,2,1241.32402,1241.2799072265625,1141.822662,99.115917,110.68038735538721,26.46436169743538,12.26972695440054,852.1818621084094,186.1315212249756,663.6106567382812,98,0,1,0,0,0,0,0,0,0,124.68572998046875,6.0103678703308105,50.611328125,4.824095249176025,cache_bf16,large_h6_n32_s100,5d1e728a0bb57dcdb7384205dff58d3a6814a8008ea8ae6f4a0c3594a62193eb,18.980192184448242,167.6132795214653,0,514.9775694012642,0,0,0,0
pubmed_node,val,83,83,pubmed_node:val:000083:080749376c19c8ad,2,1718.917596,1718.8697509765625,1619.467152,98.995393,179.86068595200777,27.64526940882206,16.8360723182559,1194.7452817112207,298.5096664428711,893.0105438232422,133,0,1,0,0,0,0,0,0,0,210.10783767700195,10.601855993270874,70.0721607208252,7.727812051773071,cache_bf16,large_h6_n32_s100,080749376c19c8ad19056c665f99eab03f816aff88630479fd4926c34a02ac10,19.087648391723633,224.09360021352768,0,688.0045920014381,0,0,0,0
pubmed_node,val,84,84,pubmed_node:val:000084:be686f184fc2e4bc,2,2026.048186,2025.99658203125,1926.75356,98.847089,238.2354959845543,27.62851770967245,19.15669348090887,1470.0475446879864,429.1586227416992,1037.2164001464844,154,0,1,0,0,0,0,0,0,0,321.38537979125977,16.327167749404907,80.15836811065674,11.287707090377808,cache_bf16,large_h6_n32_s100,be686f184fc2e4bcd461af13e035a777fbe7665bbfa958b0eb9f1a1419d2764f,18.963199615478516,258.17244762182236,0,798.0071521401405,0,0,0,0
pubmed_node,val,85,85,pubmed_node:val:000085:4f6dfab955d4d7b5,2,1566.419489,1566.3739013671875,1468.286831,97.698731,158.7496902793646,27.547214180231094,15.450597740709782,1095.5540491268039,256.8673286437988,835.6862030029297,124,0,1,0,0,0,0,0,0,0,176.80895805358887,8.71231997013092,64.62806415557861,6.717986464500427,cache_bf16,large_h6_n32_s100,4f6dfab955d4d7b537018896ab313c6a77d73adb7e95d3178d92ad2ac7774d8b,19.02992057800293,209.52649584412575,0,645.1896277368069,0,0,0,0
pubmed_node,val,86,86,pubmed_node:val:000086:4a064d4dd29b0985,2,2228.96094,2228.905029296875,2130.53248,97.913962,252.7552768588066,27.432643808424473,20.740107633173466,1641.5814254432917,524.3362884521484,1113.3012237548828,166,0,1,0,0,0,0,0,0,0,403.3120346069336,20.154079914093018,87.31164836883545,13.558525562286377,cache_bf16,large_h6_n32_s100,4a064d4dd29b098557091b886a7cbfb5608b19f6e4316e8700033c6256a4cd53,18.874528884887695,277.5810556411743,0,854.5946969985962,0,0,0,0
pubmed_node,val,87,87,pubmed_node:val:000087:aada6044e805431c,2,2046.031037,2045.9783935546875,1946.503627,99.011482,230.11197615414858,27.576318010687828,18.89348216354847,1495.1579831540585,465.33300018310547,1026.1824645996094,152,0,1,0,0,0,0,0,0,0,353.97846603393555,18.462144136428833,80.5579195022583,12.334470510482788,cache_bf16,large_h6_n32_s100,aada6044e805431c11f631b91969c43fb3d992f6f72776bf646eeb7e700292c5,19.002559661865234,255.0561282336712,0,790.1288960278034,0,0,0,0
pubmed_node,val,88,88,pubmed_node:val:000088:388fe6585d0aae4a,2,1379.512162,1379.468017578125,1280.235575,98.917121,143.81454419344664,27.507676742970943,13.616754673421383,952.3606356233358,213.38800048828125,736.3004837036133,109,0,1,0,0,0,0,0,0,0,144.02909088134766,6.94163191318512,56.892831802368164,5.52444589138031,cache_bf16,large_h6_n32_s100,388fe6585d0aae4a2e0d06212a81bc8df99b2a798224d8f8892f778cf86c4b05,18.99635124206543,185.21184000372887,0,570.0849949419498,0,0,0,0
pubmed_node,val,89,89,pubmed_node:val:000089:140276012f84eb01,2,1923.016055,1922.9652099609375,1824.675862,97.865247,230.8233082294464,27.72213239222765,18.768510781228542,1338.0859969183803,317.49497985839844,1016.979248046875,151,0,1,0,0,0,0,0,0,0,218.98601531982422,10.935392141342163,79.4140157699585,8.15955662727356,cache_bf16,large_h6_n32_s100,140276012f84eb0196fbaa7f3978a9b4f8f96289b2aaf29e92f4a0ca84a6b717,19.07423973083496,253.32803243398666,0,782.7254553437233,0,0,0,0
pubmed_node,val,90,90,pubmed_node:val:000090:f6527251b3e8b39d,2,1614.485419,1614.439697265625,1514.417288,99.6181,180.26511929929256,27.472629211843014,15.806744806468487,1118.924194946885,258.7256278991699,857.1128997802734,127,0,1,0,0,0,0,0,0,0,177.2646713256836,8.799488067626953,65.95718288421631,6.704285621643066,cache_bf16,large_h6_n32_s100,f6527251b3e8b39d0c854eddc25611c68d355ab16086c48c23297687ada1db21,18.92207908630371,214.52038368582726,0,661.5145951807499,0,0,0,0
pubmed_node,val,91,91,pubmed_node:val:000091:93625c07e0b128a2,2,1714.201367,1714.1539306640625,1614.955616,98.845573,196.18458673357964,27.59115770459175,16.544662415981293,1182.6942479237914,287.0506591796875,892.4305419921875,133,0,1,0,0,0,0,0,0,0,199.24681854248047,10.113183975219727,70.17315196990967,7.517504692077637,cache_bf16,large_h6_n32_s100,93625c07e0b128a228823087bf82f733cf1e736f19ea8c07ee29e6359bc3758d,19.06096076965332,224.3638717830181,0,687.1276309788227,0,0,0,0
pubmed_node,val,92,92,pubmed_node:val:000092:11aa3c376a8b8756,2,1850.420612,1850.37060546875,1751.013014,98.953319,203.26240174472332,27.619166299700737,17.556065693497658,1347.2631694748998,395.0167007446289,948.8558807373047,141,0,1,0,0,0,0,0,0,0,295.08080291748047,15.385440111160278,74.05855941772461,10.49189829826355,cache_bf16,large_h6_n32_s100,11aa3c376a8b875666461798bd5bdf44c3f215076a600b76ffe17c8e686bf71b,18.997983932495117,236.9766402542591,0,730.8772244155407,0,0,0,0
pubmed_node,val,93,93,pubmed_node:val:000093:79cb920b6da709a8,2,1610.568157,1610.5211181640625,1512.253833,97.837197,185.62962487339973,27.38510351628065,15.777845866978168,1128.6696884781122,273.662654876709,851.9366760253906,127,0,1,0,0,0,0,0,0,0,190.82258987426758,9.56662404537201,66.11564826965332,7.157792687416077,cache_bf16,large_h6_n32_s100,79cb920b6da709a8a1d74fc681afdf377db44993f97aa0739bab3c13292d52c5,18.894336700439453,214.46614387631416,0,656.3648688495159,0,0,0,0
pubmed_node,val,94,94,pubmed_node:val:000094:a6dfe4f6ba1cb227,2,1985.523786,1985.4718017578125,1887.380886,97.689252,267.6601717248559,27.47346181422472,17.83713325858116,1419.017318636179,450.9950408935547,964.5886993408203,143,0,1,0,0,0,0,0,0,0,347.0328941345215,17.760607957839966,74.43404865264893,11.767490148544312,cache_bf16,large_h6_n32_s100,a6dfe4f6ba1cb2278d7926201cd2749c5f6fd53fcad111d58f46c882acf7e0c2,18.930400848388672,240.49158415198326,0,743.0275160372257,0,0,0,0
pubmed_node,val,95,95,pubmed_node:val:000095:2facf91ee7f97441,2,1818.082368,1818.033935546875,1718.712419,98.94501,221.79127484560013,27.541469782590866,17.543203197419643,1258.5670202970505,306.8570251464844,948.3170166015625,141,0,1,0,0,0,0,0,0,0,214.13011169433594,10.7325758934021,74.06665802001953,7.927679538726807,cache_bf16,large_h6_n32_s100,2facf91ee7f974414b17193fc1d60f574087fb3bccc62098e3e17ba63530f71d,18.995872497558594,237.1877439916134,0,730.1251451075077,0,0,0,0
pubmed_node,val,96,96,pubmed_node:val:000096:af7b71f454b4dd4c,2,1371.722699,1371.6793212890625,1288.415352,82.906538,194.43500228226185,27.804921381175518,13.359438627958298,923.4013790264726,204.8003807067871,715.9966049194336,106,0,1,0,0,0,0,0,0,0,138.1997776031494,6.685696125030518,54.612799644470215,5.302107334136963,cache_bf16,large_h6_n32_s100,af7b71f454b4dd4cdbaf983985b62120390d88819d7082afece48b62e4b62d88,19.085472106933594,180.32668814063072,0,554.7553888857365,0,0,0,0
pubmed_node,val,97,97,pubmed_node:val:000097:15dc86de74f9d323,2,2058.353989,2058.3017578125,1958.915807,98.974595,279.68323417007923,27.5386031717062,19.132347777485847,1420.1819812878966,377.2091178894043,1039.2933197021484,154,0,1,0,0,0,0,0,0,0,273.11645126342773,13.90998387336731,80.38723278045654,9.79544997215271,cache_bf16,large_h6_n32_s100,15dc86de74f9d32340b622659c1026df4a08ac79b5852cf4147230f5c91abb4a,18.960416793823242,258.38246417045593,0,799.8712723255157,0,0,0,0
pubmed_node,val,98,98,pubmed_node:val:000098:65a3aa3f2fa39d9c,2,1647.708537,1647.6617431640625,1548.424037,98.869236,217.66209229826927,27.544211596250534,15.606606379151344,1117.0853404328227,271.2911376953125,842.7696380615234,125,0,1,0,0,0,0,0,0,0,189.21008110046387,9.495519995689392,65.5106554031372,7.074881196022034,cache_bf16,large_h6_n32_s100,65a3aa3f2fa39d9c0ffb6c80726a266557b343795dab359b7c114116e36dba9c,18.980831146240234,211.25270420312881,0,650.4977650046349,0,0,0,0
pubmed_node,val,99,99,pubmed_node:val:000099:09b311fe7b8bca01,2,1876.337044,1876.28662109375,1776.837719,99.061309,253.9429198950529,27.86562778055668,17.79723446816206,1290.1732586324215,322.6346855163574,964.0950469970703,143,0,1,0,0,0,0,0,0,0,228.08396530151367,11.627967953681946,74.51446533203125,8.408286929130554,cache_bf16,large_h6_n32_s100,09b311fe7b8bca01f21eb279173735a0ac78eb7786ae2a6779487e991cc0d0ca,19.135839462280273,240.49814435839653,0,742.732742100954,0,0,0,0
pubmed_node,test,100,0,pubmed_node:test:000000:5f32cab0cc57c69d,2,1942.106319,1941.9873046875,1841.858007,99.242645,377.82641407102346,30.905231833457947,17.09167193621397,1242.093618027866,317.95238494873047,920.5588989257812,135,0,1,0,0,0,0,0,0,0,227.31222915649414,11.711296081542969,70.18518352508545,8.74367618560791,cache_bf16,large_h6_n32_s100,5f32cab0cc57c69d95e5bc46825c81acd87a47b9eec65c4a82dd43d85c7615db,20.01535987854004,227.2604801952839,0,713.3137786090374,0,0,0,0
pubmed_node,test,101,1,pubmed_node:test:000001:a8172642a48601de,2,1360.028515,1359.9869384765625,1260.984871,98.67561,126.767722889781,28.024488128721714,13.635069131851196,942.0882379636168,206.0401954650879,733.3841247558594,109,0,1,0,0,0,0,0,0,0,137.2453098297119,6.583680033683777,56.91635227203369,5.294853329658508,cache_bf16,large_h6_n32_s100,a8172642a48601de6e3cbe1f0a20a6977383967792c377469f9dbfc38282572a,18.92527961730957,184.97232016921043,0,567.3370842039585,0,0,0,0
pubmed_node,test,102,2,pubmed_node:test:000002:4db44e1aff13aa1d,2,1877.82799,1877.7777099609375,1779.103242,98.251617,223.74696750193834,26.065392419695854,18.18783115595579,1312.9790714010596,326.9543037414551,982.5245208740234,146,0,1,0,0,0,0,0,0,0,230.0043830871582,11.81008005142212,76.6055040359497,8.534336566925049,cache_bf16,large_h6_n32_s100,4db44e1aff13aa1d780e95cb44b1f4852e1a60925b9bc71cf462b6ba28567b25,19.025535583496094,244.8661760687828,0,756.6838803887367,0,0,0,0
pubmed_node,test,103,3,pubmed_node:test:000003:ff4243ffe8958137,2,807.867991,807.8334350585938,710.222763,97.337617,66.76945928484201,25.780963711440563,7.708503864705563,518.655564635992,111.35686302185059,405.73204040527344,60,0,1,0,0,0,0,0,0,0,73.98748874664307,3.5384960174560547,30.931519985198975,2.8993582725524902,cache_bf16,large_h6_n32_s100,ff4243ffe8958137a22971497e18da5390b4538fddd1cf21030d346b34649493,18.94121551513672,105.68790394067764,0,318.9853519797325,0,0,0,0
pubmed_node,test,104,4,pubmed_node:test:000004:40cd4e02f0cfac2f,2,1760.587535,1760.54052734375,1661.195422,98.930617,160.14145407825708,25.890211574733257,17.279434949159622,1260.0839920341969,322.9795837402344,933.7582855224609,139,0,1,0,0,0,0,0,0,0,229.982177734375,11.684960007667542,72.83705615997314,8.475389838218689,cache_bf16,large_h6_n32_s100,40cd4e02f0cfac2fe5de3970990bcca5d5457887a7104d43468f70096c0c70a1,18.96339225769043,233.5378242135048,0,719.1838535666466,0,0,0,0
pubmed_node,test,105,5,pubmed_node:test:000005:181a635aeb0b1e44,2,1851.983522,1851.933837890625,1767.308338,84.198472,185.39923336356878,25.812371633946896,18.401199020445347,1350.3852048888803,351.0590400695801,995.7890167236328,148,0,1,0,0,0,0,0,0,0,252.07964706420898,12.727999925613403,77.04160022735596,9.209792852401733,cache_bf16,large_h6_n32_s100,181a635aeb0b1e44e9c8ad72085a48672b8be3c6c2c170e43daba8e2b4cfc245,18.876224517822266,248.11571219563484,0,766.5495290458202,0,0,0,0
pubmed_node,test,106,6,pubmed_node:test:000006:abcccbdd0508ae28,2,1711.030241,1710.983154296875,1626.489702,84.082272,148.62126763910055,25.844227522611618,14.479985460639,1286.193635314703,250.82921600341797,1032.5257873535156,116,0,1,0,0,0,0,0,0,0,175.77711868286133,8.76310396194458,59.69683265686035,6.592160701751709,cache_bf16,large_h6_n32_s100,abcccbdd0508ae28d6fc0bf63eabd6bf42f8e1a40d6ce4c893580161e0835de9,18.948768615722656,196.22335970401764,0,855.2511962652206,0,0,0,0
pubmed_node,test,107,7,pubmed_node:test:000007:f8a89e3268ef9017,2,1573.828518,1573.7828369140625,1475.538306,97.887245,156.58037643879652,25.95620881766081,15.841101296246052,1107.8389314934611,252.31718063354492,852.4490356445312,127,0,1,0,0,0,0,0,0,0,171.5650577545166,8.36515212059021,65.85987281799316,6.527097940444946,cache_bf16,large_h6_n32_s100,f8a89e3268ef9017ec088f51d6dc66e2be911cdf3c9b8075b6cbf48362a2c64b,18.970048904418945,213.9860159754753,0,657.4330685734749,0,0,0,0
pubmed_node,test,108,8,pubmed_node:test:000008:77e3f9fc15f1bf03,2,1892.88228,1892.8323974609375,1793.337518,99.063016,180.98194431513548,25.86937975138426,18.64423230290413,1395.8111563697457,334.635009765625,1057.5894317626953,150,0,1,0,0,0,0,0,0,0,235.65740966796875,11.881760239601135,78.44633674621582,8.649503111839294,cache_bf16,large_h6_n32_s100,77e3f9fc15f1bf03d88332bdd10a647e1358df47f678d5776cbb7abb20e98d00,18.91116714477539,251.39308807253838,0,825.1075108349323,0,0,0,0
pubmed_node,test,109,9,pubmed_node:test:000009:5e99123123cdfc02,2,1874.197569,1874.1480712890625,1774.801983,98.980829,183.8234905153513,25.951160117983818,18.869996070861816,1335.1358752697706,322.1123504638672,1009.4290161132812,150,0,1,0,0,0,0,0,0,0,224.1357421875,11.207008004188538,78.4261121749878,8.343488097190857,cache_bf16,large_h6_n32_s100,5e99123123cdfc0234a28037333005877a8588959b96d2be863d963300ccb999,19.007551193237305,251.61228811740875,0,776.8242791891098,0,0,0,0
pubmed_node,test,110,10,pubmed_node:test:000010:fa2a68fc052c1ca7,2,1858.83676,1858.7880859375,1760.460512,97.932938,156.59063775092363,26.86754148453474,18.41001119464636,1370.3554244711995,372.53615951538086,994.2717132568359,148,0,1,0,0,0,0,0,0,0,271.6479377746582,13.953951835632324,77.10377597808838,9.830493927001953,cache_bf16,large_h6_n32_s100,fa2a68fc052c1ca7b2bd36efafd8ee0b7346f15bef9db9388160a4ac28cb1e07,19.856800079345703,248.15657597780228,0,765.9719373583794,0,0,0,0
pubmed_node,test,111,11,pubmed_node:test:000011:4a1205c265b34c70,2,1813.267917,1813.2196044921875,1714.68436,98.087129,152.8892358765006,26.072016917169094,17.688801512122154,1321.7015750706196,363.8413772583008,954.4384307861328,142,0,1,0,0,0,0,0,0,0,265.6647720336914,14.120223999023438,74.53007984161377,9.526301383972168,cache_bf16,large_h6_n32_s100,4a1205c265b34c704c7db0d1240929b1c097e6546dd683f31f98227fadf4ae26,19.037567138671875,238.45414426922798,0,735.0218536555767,0,0,0,0
pubmed_node,test,112,12,pubmed_node:test:000012:8eb86b065a664f01,2,1852.774257,1852.7252197265625,1753.014921,99.243572,163.7052232399583,25.843189097940922,19.02920287102461,1333.2302421331406,322.18425369262695,1007.438232421875,150,0,1,0,0,0,0,0,0,0,224.2384033203125,11.210880041122437,78.40265560150146,8.332314729690552,cache_bf16,large_h6_n32_s100,8eb86b065a664f0101dae831852c4e8178831d161f2a6712018723f01e6f0f3f,18.94812774658203,251.40463998913765,0,774.9817201793194,0,0,0,0
pubmed_node,test,113,13,pubmed_node:test:000013:feab12092f141e27,2,1661.0655,1661.01904296875,1562.59083,98.027294,143.88598501682281,25.919745676219463,16.721474938094616,1187.4384004622698,282.65567779541016,901.5498046875,134,0,1,0,0,0,0,0,0,0,195.76300811767578,9.881119966506958,69.61756896972656,7.3939807415008545,cache_bf16,large_h6_n32_s100,feab12092f141e27ae5b741ccb49bcffde02b9f1154e8c3b62b9e899cd3375bc,18.97052764892578,225.43891257047653,0,695.0814197659492,0,0,0,0
pubmed_node,test,114,14,pubmed_node:test:000014:ee52a3ae17d3dd49,2,1567.658385,1567.614013671875,1468.299784,98.967116,139.9418292567134,25.901440531015396,15.826985239982605,1104.3539214879274,247.1031951904297,854.1682586669922,127,0,1,0,0,0,0,0,0,0,166.77017784118652,8.070495963096619,65.88803195953369,6.374489426612854,cache_bf16,large_h6_n32_s100,ee52a3ae17d3dd4959a68aea956fa97150caec15c4f713d95038909de41c3765,18.97203254699707,214.0570240020752,0,659.0832672119141,0,0,0,0
pubmed_node,test,115,15,pubmed_node:test:000015:f3aeb873cfb6dcce,2,1850.658899,1850.6104736328125,1752.511667,97.731972,169.14794128388166,25.776106864213943,18.2866333052516,1371.9151867553592,400.12701416015625,968.3394012451172,144,0,1,0,0,0,0,0,0,0,299.45587158203125,15.336479902267456,74.7709436416626,10.563719034194946,cache_bf16,large_h6_n32_s100,f3aeb873cfb6dcce940734dbc52b0891551830246341e7d9a740e72d9799bc3b,18.878591537475586,241.60771244764328,0,745.6102803349495,0,0,0,0
pubmed_node,test,116,16,pubmed_node:test:000016:3316082954b2f710,2,841.727355,841.6926879882812,757.891416,83.555865,68.19453462958336,25.945953093469143,8.194835856556892,565.0687199085951,123.42304039001465,439.961669921875,65,0,1,0,0,0,0,0,0,0,82.69078350067139,3.9840639233589172,33.52780818939209,3.2203847765922546,cache_bf16,large_h6_n32_s100,3316082954b2f710f1c32e25b1671674f18767faedeb3bc626fbf0147ac50447,19.05276870727539,113.96291187405586,0,345.0515267550945,0,0,0,0
pubmed_node,test,117,17,pubmed_node:test:000017:373cce577cac6402,2,1553.977028,1553.9287109375,1455.692174,97.833354,142.4658317118883,25.851182639598846,15.69632813334465,1122.9577092453837,272.65372467041016,847.2499847412109,126,0,1,0,0,0,0,0,0,0,190.2037124633789,9.497471809387207,65.82444763183594,7.1280927658081055,cache_bf16,large_h6_n32_s100,373cce577cac640256bfa55479070cb5ccd8c32acdbea516bf02d37444a4169e,18.877887725830078,212.57040017843246,0,653.5574722886086,0,0,0,0
pubmed_node,test,118,18,pubmed_node:test:000018:36accab38429261b,2,1566.639775,1566.5943603515625,1467.605299,98.643307,146.40223141759634,25.825174525380135,15.56718535721302,1097.0353493466973,257.6215057373047,836.3909149169922,125,0,1,0,0,0,0,0,0,0,176.78406524658203,8.731295943260193,65.39276885986328,6.713375687599182,cache_bf16,large_h6_n32_s100,36accab38429261b491e481800939c962ef76f9910de2879b9ee07a84d34fc9d,18.96784019470215,210.6007355749607,0,644.7580195367336,0,0,0,0
pubmed_node,test,119,19,pubmed_node:test:000019:a7ab00b3fe8d7885,2,1607.274705,1607.2294921875,1508.103147,98.769209,147.34130259603262,25.862702168524265,16.30234159529209,1147.2169812768698,264.3809928894043,879.6735534667969,131,0,1,0,0,0,0,0,0,0,179.95372581481934,8.843647956848145,68.7750072479248,6.808611869812012,cache_bf16,large_h6_n32_s100,a7ab00b3fe8d78859bbe909a1fc96127e2c43c5ba83ad42b5c4aa549be7483d0,18.9335994720459,220.49040019512177,0,678.116752743721,0,0,0,0
pubmed_node,test,120,20,pubmed_node:test:000020:432c4bd4a2f7e08b,2,1465.333883,1465.2904052734375,1365.973529,98.922454,126.1140089482069,25.87183564901352,14.795736409723759,1046.3540647178888,242.72694396972656,800.7267150878906,119,0,1,0,0,0,0,0,0,0,165.24444770812988,8.119456171989441,63.099679946899414,6.263360142707825,cache_bf16,large_h6_n32_s100,432c4bd4a2f7e08bae5f939d07639fdc16df175d2f7c73872556b7ab07d55ec7,18.9597110748291,201.35539230704308,0,618.3310338556767,0,0,0,0
pubmed_node,test,121,21,pubmed_node:test:000021:b67735b4e48a0af1,2,1684.196521,1684.149658203125,1586.001579,97.794901,154.2903520166874,25.854643434286118,16.932981088757515,1195.684278383851,279.019229888916,913.3765563964844,136,0,1,0,0,0,0,0,0,0,191.49718284606934,9.596511960029602,70.66659164428711,7.258943438529968,cache_bf16,large_h6_n32_s100,b67735b4e48a0af1f3e15acc315656376670d57a30a75180dbaf985a4c768be9,18.937631607055664,228.83936005830765,0,703.4748279452324,0,0,0,0
pubmed_node,test,122,22,pubmed_node:test:000022:8238262d3a5e8873,2,1939.924618,1939.873779296875,1840.466754,98.998736,162.2685305774212,25.814171880483627,19.031645730137825,1461.8061035871506,429.6640625,1028.4957580566406,153,0,1,0,0,0,0,0,0,0,321.38249588012695,16.640544414520264,80.299391746521,11.341630458831787,cache_bf16,large_h6_n32_s100,8238262d3a5e8873cfa404014dc8669f24ea58ca67fb0ac01aaac3b5415e4a32,18.89971160888672,256.2621438205242,0,791.1333258450031,0,0,0,0
pubmed_node,test,123,23,pubmed_node:test:000023:5190dbfdd9c09135,2,1498.182468,1498.138916015625,1398.601011,99.145391,129.73379530012608,25.921463035047054,15.201273374259472,1072.65758048743,245.84288024902344,823.8393707275391,122,0,1,0,0,0,0,0,0,0,168.01110458374023,8.251039981842041,63.21846389770508,6.362271785736084,cache_bf16,large_h6_n32_s100,5190dbfdd9c091353b7ef666424b8f9b549a0b73a1d39b1030ab42918bb3561e,19.022911071777344,206.3331201672554,0,636.529161632061,0,0,0,0
pubmed_node,test,124,24,pubmed_node:test:000024:ccfef8eb68188954,2,1635.533863,1635.4881591796875,1552.566079,82.591263,143.05533654987812,25.93439258635044,16.68880134820938,1187.2245501726866,284.35293197631836,899.6477355957031,134,0,1,0,0,0,0,0,0,0,197.26316833496094,9.811583876609802,69.92988777160645,7.348291993141174,cache_bf16,large_h6_n32_s100,ccfef8eb68188954e06071feed8b42eb186394ece94de545604e78d69867975a,18.967519760131836,225.3565757870674,0,693.2586795687675,0,0,0,0
pubmed_node,test,125,25,pubmed_node:test:000025:2f9517f9cddc9ee4,2,1956.951789,1956.901611328125,1858.589096,97.904267,164.11185637116432,25.890293531119823,19.252585247159004,1442.916807718575,419.31580352783203,1019.9742584228516,152,0,1,0,0,0,0,0,0,0,312.9662742614746,15.57689619064331,79.90060710906982,10.872025966644287,cache_bf16,large_h6_n32_s100,2f9517f9cddc9ee49957e0815e330ee4b580d7cd28fb363dab9b4185c588bcf2,18.943199157714844,254.50969555974007,0,784.4077620208263,0,0,0,0
pubmed_node,test,126,26,pubmed_node:test:000026:c87987cbddd36f68,2,1945.549571,1945.4991455078125,1860.970704,84.076864,174.14683662354946,25.903766974806786,19.744262099266052,1454.5347318053246,397.22412872314453,1053.5678253173828,157,0,1,0,0,0,0,0,0,0,290.4092140197754,14.701919794082642,81.86495876312256,10.24803614616394,cache_bf16,large_h6_n32_s100,c87987cbddd36f6855c3d6946736801b44478892b3b3615397145caa4cda7663,18.949920654296875,262.78473621606827,0,809.7330097556114,0,0,0,0
pubmed_node,test,127,27,pubmed_node:test:000027:66718109a5fbcec5,2,1839.888674,1839.83984375,1740.547234,98.90583,161.8934590369463,25.83400346338749,18.547775223851204,1326.3177769258618,322.0673599243164,1000.6858215332031,149,0,1,0,0,0,0,0,0,0,224.04511642456055,11.249888062477112,78.38431930541992,8.388036131858826,cache_bf16,large_h6_n32_s100,66718109a5fbcec59ce25191c845483c3b99188a299950cbbfe99aefc325b198,18.88287925720215,249.9160635471344,0,769.6526372432709,0,0,0,0
pubmed_node,test,128,28,pubmed_node:test:000028:da3d647ca7d61231,2,1207.239527,1207.198974609375,1108.33111,98.583945,102.88965236395597,25.96067078411579,11.897142045199871,850.3427486866713,209.17164611816406,638.82275390625,95,0,1,0,0,0,0,0,0,0,146.88902473449707,7.305375933647156,49.44790458679199,5.529340863227844,cache_bf16,large_h6_n32_s100,da3d647ca7d612315f43a02793a8c4c10e28cdea33020794930f124ce5f7b206,19.015840530395508,162.33763206005096,0,495.50096237659454,0,0,0,0
pubmed_node,test,129,29,pubmed_node:test:000029:c8fd032bebb7ee00,2,1591.999376,1591.9521484375,1493.626252,97.924096,135.9592331573367,25.866324082016945,15.81499632447958,1141.5059613063931,283.3743362426758,855.0464935302734,127,0,1,0,0,0,0,0,0,0,199.66867065429688,10.05516803264618,66.25372886657715,7.396768689155579,cache_bf16,large_h6_n32_s100,c8fd032bebb7ee00eebd1bdf42da780aebeb3b53d6cc93ab9205804fa91805c7,18.933504104614258,214.28400033712387,0,659.6959972977638,0,0,0,0
pubmed_node,test,130,30,pubmed_node:test:000030:4aa88e232f44afc9,2,1738.823193,1738.775634765625,1640.553702,97.804351,153.98039110004902,25.820850394666195,17.879161052405834,1268.4820862486959,319.1262435913086,945.9555358886719,141,0,1,0,0,0,0,0,0,0,225.26175689697266,11.431360125541687,74.17999935150146,8.253127217292786,cache_bf16,large_h6_n32_s100,4aa88e232f44afc9900207f479ab0d91e3fd8aade6f711303edb427f65e7f5cd,18.915231704711914,236.824096262455,0,728.0466713309288,0,0,0,0
pubmed_node,test,131,31,pubmed_node:test:000031:8edaee886ad7a6dd,2,1968.009487,1967.9581298828125,1868.455157,99.101472,169.60545349866152,25.936465710401535,19.308172166347504,1444.6656191721559,420.7100067138672,1020.3149719238281,152,0,1,0,0,0,0,0,0,0,314.03935623168945,15.706144094467163,80.0667839050293,10.897722482681274,cache_bf16,large_h6_n32_s100,8edaee886ad7a6dd0145006fb00cdf0243ebc2644ea8503fcac7c5e34bd5892d,18.91529655456543,254.66848000884056,0,784.561788469553,0,0,0,0
pubmed_node,test,132,32,pubmed_node:test:000032:ca423fcad5bf26ac,2,805.524903,805.4906616210938,706.466505,98.75458,65.21564535796642,25.849112309515476,7.721729576587677,518.2502185925841,111.57728004455566,405.09912872314453,60,0,1,0,0,0,0,0,0,0,74.1407356262207,3.546335995197296,30.983904361724854,2.9063040614128113,cache_bf16,large_h6_n32_s100,ca423fcad5bf26ac21ccaa48946144dcc2ff5ad0569296bfc9cd5d4955833050,19.012096405029297,105.71955221891403,0,318.3916729092598,0,0,0,0
pubmed_node,test,133,33,pubmed_node:test:000033:90ec4e4593ee23e6,2,1971.106097,1971.055419921875,1871.982052,98.696345,164.5468631759286,25.952016934752464,18.93122587352991,1492.839460261166,466.7897644042969,1022.4213256835938,152,0,1,0,0,0,0,0,0,0,356.6470031738281,18.070752143859863,79.83993721008301,12.232071876525879,cache_bf16,large_h6_n32_s100,90ec4e4593ee23e69234a1a298a67c907e45dadde229dde0996f821a673b3ed2,19.02547264099121,254.70729622244835,0,786.7395021021366,0,0,0,0
pubmed_node,test,134,34,pubmed_node:test:000034:6c6eb1f3b7f852f9,2,2342.742935,2342.68701171875,2243.37814,98.872952,188.05133271962404,26.01773478090763,21.445552818477154,1814.595495350659,655.0126113891602,1155.4981842041016,172,0,1,0,0,0,0,0,0,0,523.4369812011719,25.424768447875977,89.40502452850342,16.745837211608887,cache_bf16,large_h6_n32_s100,6c6eb1f3b7f852f92c070180689039a16efa2d68e753a4fbe217dad6084252cd,19.005664825439453,286.9110075235367,0,887.5928415060043,0,0,0,0
pubmed_node,test,135,35,pubmed_node:test:000035:1e69ef700dcab499,2,1854.616164,1854.5670166015625,1756.152657,97.979134,353.54619286954403,26.439745910465717,17.035353928804398,1174.044000916183,258.31603240966797,912.4408264160156,136,0,1,0,0,0,0,0,0,0,172.73503875732422,8.434207916259766,70.5581111907959,6.588674545288086,cache_bf16,large_h6_n32_s100,1e69ef700dcab499032eb0be5353e371346fa3b4dac40002ddd35806bccb7f9b,19.092575073242188,228.62835150957108,0,702.9050499796867,0,0,0,0
pubmed_node,test,136,36,pubmed_node:test:000036:97228afdbad35bc9,2,2335.432142,2335.376708984375,2235.998722,98.950278,188.28922044485807,26.02896373718977,21.42851985991001,1806.5951587632298,648.6797790527344,1153.8262481689453,172,0,1,0,0,0,0,0,0,0,517.3823699951172,25.39635181427002,89.22944068908691,16.671616554260254,cache_bf16,large_h6_n32_s100,97228afdbad35bc93960740e654381233e704308fddde3c08a48e92ac57d2c1a,19.025503158569336,286.9588480591774,0,885.8929032683372,0,0,0,0
pubmed_node,test,137,37,pubmed_node:test:000037:0d5da1d22d355309,2,807.994211,807.9594116210938,709.293197,98.417378,66.1492608487606,25.757016614079475,7.581999525427818,519.4946117699146,111.50969886779785,406.4215087890625,60,0,1,0,0,0,0,0,0,0,74.08355236053467,3.535968005657196,30.990463733673096,2.899714767932892,cache_bf16,large_h6_n32_s100,0d5da1d22d3553090e15b33e29df3fefd5199a3b1f7b315257d15d7b0f5e65ad,18.880224227905273,105.77305588126183,0,319.52867713570595,0,0,0,0
pubmed_node,test,138,38,pubmed_node:test:000038:b3598f86af021b1d,2,1445.653341,1445.6103515625,1347.371753,97.904482,124.1157241165638,26.10607724636793,14.472848735749722,1024.9685607850552,240.44972610473633,781.6887054443359,116,0,1,0,0,0,0,0,0,0,166.06441497802734,8.186911940574646,59.93881702423096,6.259582161903381,cache_bf16,large_h6_n32_s100,b3598f86af021b1d874a34cbbc3149ae43dcc9df62655804aec20347c7ed2ef0,19.04195213317871,196.52112033963203,0,604.2095372378826,0,0,0,0
pubmed_node,test,139,39,pubmed_node:test:000039:bd83e07bdd95ea2e,2,1719.793088,1719.7457275390625,1635.526672,83.866655,145.2085468918085,25.839434005320072,16.964461654424667,1269.6595387533307,351.2824363708496,915.0997772216797,136,0,1,0,0,0,0,0,0,0,258.1910095214844,13.186944007873535,70.6839370727539,9.220545768737793,cache_bf16,large_h6_n32_s100,bd83e07bdd95ea2eddd775c80f0db8147a80de60e6cc648a7777e83522b8e081,18.916160583496094,228.85126399993896,0,705.1646738052368,0,0,0,0
pubmed_node,test,140,40,pubmed_node:test:000040:a554100795c70d2c,2,1966.814237,1966.762939453125,1868.675096,97.700964,165.7266328111291,25.965060107409954,18.936241045594215,1488.2812453433871,462.1200256347656,1022.5328369140625,152,0,1,0,0,0,0,0,0,0,351.92982482910156,18.023040056228638,79.93452835083008,12.232632398605347,cache_bf16,large_h6_n32_s100,a554100795c70d2c4a1a72a11d3ccf7aa3f9a60c816646c90cd465d656cce040,18.997535705566406,255.11993584036827,0,786.4104367792606,0,0,0,0
pubmed_node,test,141,41,pubmed_node:test:000041:817a2246475bd741,2,1717.541499,1717.494384765625,1619.412845,97.729329,144.22540087252855,26.214788667857647,16.610191203653812,1273.9545740187168,375.0621109008789,895.6836242675781,133,0,1,0,0,0,0,0,0,0,280.3942756652832,14.394880056381226,70.34316825866699,9.929786920547485,cache_bf16,large_h6_n32_s100,817a2246475bd741dc735f5fcf7fdd69a38dd476c0bd10401ebb99349c2cf97c,19.12303924560547,224.1500479876995,0,690.6566155254841,0,0,0,0
pubmed_node,test,142,42,pubmed_node:test:000042:c9169db9d6c4b439,2,1935.386105,1935.3359375,1851.812298,83.068938,174.13302790373564,25.97774937748909,19.913019612431526,1445.1366886496544,385.0216293334961,1056.3638763427734,157,0,1,0,0,0,0,0,0,0,278.92345809936523,14.196896076202393,81.65481472015381,10.246460437774658,cache_bf16,large_h6_n32_s100,c9169db9d6c4b439fa1c583cb0cd0ee79b05f3ea3a04701c6337eba01df18bb0,19.058271408081055,262.59065571427345,0,812.831492036581,0,0,0,0
pubmed_node,test,143,43,pubmed_node:test:000043:25649f18bed4c0e3,2,1663.682151,1663.6361083984375,1565.148911,98.061905,139.1176199540496,25.89501067996025,15.82738570868969,1234.1178450733423,372.6208610534668,858.4167175292969,127,0,1,0,0,0,0,0,0,0,281.75769424438477,14.666592359542847,66.25168037414551,9.944894075393677,cache_bf16,large_h6_n32_s100,25649f18bed4c0e3d32716dd968a48404fd2142b3f1af94aa5d2f4707c9e4d70,18.94611167907715,214.58921590447426,0,662.7736133038998,0,0,0,0
pubmed_node,test,144,44,pubmed_node:test:000044:a14ab025d60f06b1,2,1772.008441,1771.9608154296875,1673.505991,98.054663,160.9397130087018,25.966625660657883,18.189692869782448,1278.3721536397934,289.04137802124023,985.8310852050781,146,0,1,0,0,0,0,0,0,0,195.4002571105957,9.731168031692505,76.52387237548828,7.386080503463745,cache_bf16,large_h6_n32_s100,a14ab025d60f06b162637df5229c810e8215e6b071dade0d7ba3edacc256367d,18.946687698364258,245.00819173455238,0,759.76958116889,0,0,0,0
pubmed_node,test,145,45,pubmed_node:test:000045:ddc94896fb967e5a,2,1855.135165,1855.0867919921875,1755.405594,99.252374,166.05413984507322,26.031173765659332,18.823099322617054,1333.1202333793044,319.58751678466797,1009.9275970458984,150,0,1,0,0,0,0,0,0,0,221.56886291503906,11.078495979309082,78.60441589355469,8.335741996765137,cache_bf16,large_h6_n32_s100,ddc94896fb967e5a9cfb212fea5e381f75130b4072c14b824821a74f706b3974,18.985984802246094,251.52521592378616,0,777.3883659243584,0,0,0,0
pubmed_node,test,146,46,pubmed_node:test:000046:9bd9a7c79879c6c3,2,1454.240617,1454.1978759765625,1354.485849,99.36341,127.88686621934175,25.888774544000626,14.494061470031738,1027.3159304633737,239.85968017578125,784.6235046386719,116,0,1,0,0,0,0,0,0,0,165.61145401000977,8.115967988967896,59.88211154937744,6.2501466274261475,cache_bf16,large_h6_n32_s100,9bd9a7c79879c6c37b58b4235528205c597a8e6d92d64e0fa954a10fd67b7910,18.937856674194336,196.7516162097454,0,606.8097451031208,0,0,0,0
pubmed_node,test,147,47,pubmed_node:test:000047:c1b0423e610e1bdf,2,1441.179325,1441.13623046875,1356.859369,83.942996,129.09841258078814,26.44420601427555,14.594248495995998,1037.6098081469536,251.6462059020996,783.1252746582031,116,0,1,0,0,0,0,0,0,0,176.27337646484375,8.805951952934265,59.962592124938965,6.604285359382629,cache_bf16,large_h6_n32_s100,c1b0423e610e1bdfff0851aca4c8f77260c89302b9e44ed5cca2e3ebdb5250d8,19.14019203186035,196.4846403002739,0,605.7808263897896,0,0,0,0
pubmed_node,test,148,48,pubmed_node:test:000048:cc83edcf78d223d0,2,1748.024901,1747.9774169921875,1649.519763,98.041899,155.96742276102304,25.860685855150223,17.813455313444138,1246.904119849205,281.19968032836914,962.2758483886719,143,0,1,0,0,0,0,0,0,0,190.24895668029785,9.326496124267578,74.43971157073975,7.184515953063965,cache_bf16,large_h6_n32_s100,cc83edcf78d223d0d392a1ee81ff3f8507247e5e4bef62929223c2184330f9a8,18.96272087097168,239.84976041316986,0,741.3888088464737,0,0,0,0
pubmed_node,test,149,49,pubmed_node:test:000049:e497dd95e34cc6bc,2,1616.345828,1616.3006591796875,1516.677467,99.224221,149.75154679268599,26.062384247779846,16.629870980978012,1150.0754980370402,264.61376571655273,882.2863922119141,131,0,1,0,0,0,0,0,0,0,180.12521743774414,8.823776006698608,68.83324813842773,6.831524133682251,cache_bf16,large_h6_n32_s100,e497dd95e34cc6bc57fae18ce70db9439ab158603be0337098495e92beda9af8,19.0317440032959,220.73971167206764,0,680.5784245431423,0,0,0,0
pubmed_node,test,150,50,pubmed_node:test:000050:7b7965113887ca50,2,2659.193993,2659.134521484375,2559.558714,99.170476,1278.6500761285424,26.8043652176857,15.414608642458916,1070.0584314763546,251.34947204589844,815.7492523193359,121,0,1,0,0,0,0,0,0,0,173.33952140808105,8.610111832618713,62.883615493774414,6.516223311424255,cache_bf16,large_h6_n32_s100,7b7965113887ca5031851a3b5cae8afdb87c82848b0832627bc30d276681a87b,19.25961685180664,204.3983042538166,0,630.610564917326,0,0,0,0
pubmed_node,test,151,51,pubmed_node:test:000051:04965679593e9f15,2,2766.182205,2766.120849609375,2667.656824,97.98003,617.1563295647502,26.154711842536926,22.17476535588503,1801.0289194062352,620.988166809082,1175.868408203125,175,0,1,0,0,0,0,0,0,0,489.81773376464844,23.62390398979187,91.65881633758545,15.887712717056274,cache_bf16,large_h6_n32_s100,04965679593e9f15aadee6ce9ec44be05118439dc794bc7395bb301492dc35a1,19.054784774780273,291.3587843179703,0,903.564408659935,0,0,0,0
pubmed_node,test,152,52,pubmed_node:test:000052:3996805805fbe56a,2,2046.894294,2046.843017578125,1962.162745,84.269927,471.1534259840846,26.81309636682272,17.30938535183668,1268.1586286053061,349.1281623840332,915.7189483642578,136,0,1,0,0,0,0,0,0,0,256.11203384399414,13.1943678855896,70.6339521408081,9.187808513641357,cache_bf16,large_h6_n32_s100,3996805805fbe56a4e80c2f6a6a849c36740ea93d8ca34ca2f157b01489cce16,19.24336051940918,228.71824008226395,0,706.244068801403,0,0,0,0
pubmed_node,test,153,53,pubmed_node:test:000053:84caee7eab94e4a3,2,1841.08169,1841.0338134765625,1742.663265,97.957988,168.56903489679098,25.79537220299244,18.18945910781622,1351.624489761889,365.7687644958496,982.3500213623047,146,0,1,0,0,0,0,0,0,0,266.1827812194824,13.389311790466309,76.65046501159668,9.5462064743042,cache_bf16,large_h6_n32_s100,84caee7eab94e4a3d3dca23e7db76907101cc520ae37235928f00b2513ada0d0,18.86332893371582,244.85782393813133,0,756.3555263578892,0,0,0,0
pubmed_node,test,154,54,pubmed_node:test:000054:60cf5b2b1cff556b,2,1949.845131,1949.7945556640625,1850.210387,99.114838,166.30594246089458,25.853430852293968,19.40209325402975,1465.6628146767616,431.84630584716797,1030.1513671875,153,0,1,0,0,0,0,0,0,0,323.27770233154297,16.712096214294434,80.47808074951172,11.378426551818848,cache_bf16,large_h6_n32_s100,60cf5b2b1cff556b573a716663a5e12f6dabe5cf7a02040394d979ce8d820db3,18.935487747192383,256.4029439985752,0,792.6839109361172,0,0,0,0
pubmed_node,test,155,55,pubmed_node:test:000055:0cd7bd1f4d474437,2,1884.357372,1884.3084716796875,1784.999092,98.912441,174.45976566523314,25.867433287203312,18.843362107872963,1366.6144637390971,344.70336532592773,1018.2987670898438,151,0,1,0,0,0,0,0,0,0,243.7413444519043,12.304223895072937,79.72889614105225,8.928900837898254,cache_bf16,large_h6_n32_s100,0cd7bd1f4d474437727e6d36d3372e09401a89c893698a2921b187409d32a845,18.893951416015625,253.15209564566612,0,784.0406228601933,0,0,0,0
pubmed_node,test,156,56,pubmed_node:test:000056:50522fedf5f4b732,2,1661.350702,1661.3038330078125,1563.021046,97.930829,158.99641439318657,25.965980254113674,16.939320601522923,1178.0662452802062,259.08121490478516,915.7081451416016,136,0,1,0,0,0,0,0,0,0,173.4075222015381,8.416960000991821,70.65919971466064,6.5975329875946045,cache_bf16,large_h6_n32_s100,50522fedf5f4b732f7ae64a688a066545291efd033492bd4c3e36e10934d3937,19.007583618164062,228.87686389684677,0,705.8388648629189,0,0,0,0
pubmed_node,test,157,57,pubmed_node:test:000057:6ca8b24969226636,2,1688.120723,1688.0736083984375,1588.873787,98.840511,137.27824576199055,25.934722274541855,15.946111641824245,1253.1252782791853,385.7711067199707,864.2495269775391,128,0,1,0,0,0,0,0,0,0,293.47404861450195,15.368639945983887,66.60000038146973,10.328417778015137,cache_bf16,large_h6_n32_s100,6ca8b24969226636d68b1aa8eb5c06203e5629fbc4607a5daa5a302ea65ee9d6,18.944255828857422,216.0939201116562,0,667.0998626947403,0,0,0,0
pubmed_node,test,158,58,pubmed_node:test:000058:cff7541939361e66,2,881.046384,881.0108032226562,783.019839,97.724348,73.09062033891678,25.823342613875866,8.85147787630558,588.3331131190062,121.48745918273926,465.07295989990234,69,0,1,0,0,0,0,0,0,0,79.0290880203247,3.7230719923973083,35.63078451156616,3.1045146584510803,cache_bf16,large_h6_n32_s100,cff7541939361e6689eb7eead5b23eba1fa8ae840dc04994612240e6dc89976c,18.932064056396484,120.13814395666122,0,363.8668799996376,0,0,0,0
pubmed_node,test,159,59,pubmed_node:test:000059:93be0c01a6c5f92c,2,1750.293971,1750.2454833984375,1652.189407,97.689815,156.2269628047943,25.90026520192623,17.158644273877144,1283.4185445681214,373.25647735595703,906.9093170166016,135,0,1,0,0,0,0,0,0,0,278.5432319641113,14.360927820205688,70.46745491027832,9.884862661361694,cache_bf16,large_h6_n32_s100,93be0c01a6c5f92c81b9cef6d17f434e97d4b66d096fc194d3275878d90c61f5,18.935039520263672,227.09926402568817,0,698.7450925111771,0,0,0,0
pubmed_node,test,160,60,pubmed_node:test:000060:ac536cd4273a65d1,2,1307.002096,1306.960693359375,1222.383905,84.213575,117.61204153299332,26.068423874676228,13.487487100064754,929.4144306331873,211.9114875793457,714.8872985839844,106,0,1,0,0,0,0,0,0,0,144.54214096069336,7.062623977661133,54.77286338806152,5.5338592529296875,cache_bf16,large_h6_n32_s100,ac536cd4273a65d105fcd390471eca4ba8f8f1a227b86a24c1fc0ac62eeb1adf,19.11667251586914,180.36860820651054,0,553.635362893343,0,0,0,0
pubmed_node,test,161,61,pubmed_node:test:000061:0e5b04777b348e6b,2,1694.523992,1694.4776611328125,1595.403885,98.749799,150.4410309717059,25.83445981144905,17.33575016260147,1233.0109728500247,309.0155220031738,920.7012176513672,137,0,1,0,0,0,0,0,0,0,217.61660766601562,11.062111854553223,72.31334400177002,8.023458480834961,cache_bf16,large_h6_n32_s100,0e5b04777b348e6b65f0b87387321b834b0f252437bea5bc57a98ed27d5db5e3,18.946752548217773,230.32873606681824,0,709.3192341327667,0,0,0,0
pubmed_node,test,162,62,pubmed_node:test:000062:f945c18bd80c433e,2,1943.380734,1943.330810546875,1859.325334,83.674483,173.8862907513976,25.780493393540382,19.561017863452435,1455.1998088136315,394.89562225341797,1056.5642852783203,157,0,1,0,0,0,0,0,0,0,288.3271675109863,14.452159881591797,81.88019180297852,10.236103057861328,cache_bf16,large_h6_n32_s100,f945c18bd80c433e97068bc240138b2d4da577e14153fcbe204cb6d538b701d8,18.864479064941406,262.90684789419174,0,812.52191644907,0,0,0,0
pubmed_node,test,163,63,pubmed_node:test:000063:fc63015e807a4ceb,2,1635.821158,1635.775390625,1551.4167,83.974769,157.7095938846469,25.97423456609249,16.550622880458832,1186.7478545755148,288.1652488708496,895.3803253173828,133,0,1,0,0,0,0,0,0,0,200.16764450073242,10.094080090522766,70.41628837585449,7.487235903739929,cache_bf16,large_h6_n32_s100,fc63015e807a4ceb5a7fbb1dc4610c60b319b8774cbad74c9faf954df975d35a,19.042783737182617,224.04150354862213,0,690.3816055059433,0,0,0,0
pubmed_node,test,164,64,pubmed_node:test:000064:e7276ff50bf2d168,2,1586.417954,1586.373291015625,1503.572017,82.486199,157.7210146933794,25.904402136802673,15.962359495460987,1142.8240975365043,278.1305618286133,861.5966339111328,128,0,1,0,0,0,0,0,0,0,194.88233184814453,9.652384042739868,66.28060817718506,7.315237760543823,cache_bf16,large_h6_n32_s100,e7276ff50bf2d1688edaab506e57b14728aabd3647c19b69b1b16e2284bbd4d7,18.975839614868164,215.7967682480812,0,664.7757052779198,0,0,0,0
pubmed_node,test,165,65,pubmed_node:test:000065:55f60a9b1367d712,2,1936.865554,1936.8157958984375,1837.111185,99.267642,373.99677745997906,26.524153538048267,16.916321590542793,1236.2446384504437,321.8456611633301,911.1291046142578,135,0,1,0,0,0,0,0,0,0,231.0467529296875,11.916640043258667,70.42841625213623,8.45385193824768,cache_bf16,large_h6_n32_s100,55f60a9b1367d71255a7a57023ab4661ebce125f953e8f19ae6777e8777fc1a5,19.09939193725586,227.31935983896255,0,702.9091367125511,0,0,0,0
pubmed_node,test,166,66,pubmed_node:test:000066:4066d12046f9dacd,2,1960.147302,1960.096435546875,1875.588331,84.001872,190.24359434843063,26.000913232564926,19.887464120984077,1434.8148265853524,356.1833915710449,1074.8265838623047,160,0,1,0,0,0,0,0,0,0,250.5858917236328,12.401984214782715,84.06467151641846,9.130844116210938,cache_bf16,large_h6_n32_s100,4066d12046f9dacdc07bdde07aa5ce08f796d45e75a7ce73fc14f7d40660c46e,19.031583786010742,267.8416002690792,0,826.0165673792362,0,0,0,0
pubmed_node,test,167,67,pubmed_node:test:000067:cbe157102c8ae59e,2,1566.2875,1566.2435302734375,1468.354808,97.555203,151.26794669777155,25.83740558475256,15.671443194150925,1124.5602276176214,273.66044998168945,847.8502960205078,126,0,1,0,0,0,0,0,0,0,190.84489822387695,9.54262399673462,66.14044761657715,7.132480144500732,cache_bf16,large_h6_n32_s100,cbe157102c8ae59ef523b800ed37835e1c8438c7a61a1a7a9a4cddc97ce91b75,18.88947105407715,212.82076823711395,0,653.918998837471,0,0,0,0
pubmed_node,test,168,68,pubmed_node:test:000068:9b60ed8d2b00f5f2,2,1760.024736,1759.97802734375,1660.843753,98.774418,155.4836742579937,25.862562470138073,17.319985665380955,1264.10810649395,327.45452880859375,933.3055267333984,139,0,1,0,0,0,0,0,0,0,233.76998138427734,11.971743941307068,73.20908832550049,8.50371515750885,cache_bf16,large_h6_n32_s100,9b60ed8d2b00f5f2422349318b0df00c3ce28ed976f2d9d9ffa8c4b192df89b3,18.95475196838379,233.89465606212616,0,718.3656226396561,0,0,0,0
pubmed_node,test,169,69,pubmed_node:test:000069:1b821a2edf8cd3ae,2,1691.626103,1691.579833984375,1592.227443,98.978617,157.7556813135743,26.253942400217056,16.979608684778214,1199.5318988338113,283.9856643676758,912.2572784423828,136,0,1,0,0,0,0,0,0,0,195.54777908325195,9.901888012886047,71.24335956573486,7.2926377058029175,cache_bf16,large_h6_n32_s100,1b821a2edf8cd3ae39bb4369cf053caa4bd7994099ab79037107cdccdb498174,19.084447860717773,228.76937580108643,0,702.5723505020142,0,0,0,0
pubmed_node,test,170,70,pubmed_node:test:000070:54e3bd3808518f0b,2,1317.663695,1317.622314453125,1219.821267,97.48206,125.06021000444889,25.80240275710821,13.229035772383213,910.4468496516347,206.85302352905273,701.0458602905273,104,0,1,0,0,0,0,0,0,0,140.5880012512207,6.793247938156128,54.10163116455078,5.370143175125122,cache_bf16,large_h6_n32_s100,54e3bd3808518f0b66d62de2c51b0a565078f8e6db21ff6bffcb299d6bf7b60e,18.882144927978516,177.01580834388733,0,542.9121968746185,0,0,0,0
pubmed_node,test,171,71,pubmed_node:test:000071:f47000deb1356df6,2,1653.301475,1653.2562255859375,1554.897039,97.966031,152.6868874207139,25.859374552965164,16.953746788203716,1176.0112242773175,258.3441619873047,914.3987884521484,136,0,1,0,0,0,0,0,0,0,172.7689609527588,8.393151998519897,70.58697509765625,6.595073938369751,cache_bf16,large_h6_n32_s100,f47000deb1356df68cbb91ce649afc679d94cb2c77720540c09bcd54ca965ae5,18.933631896972656,228.76083225011826,0,704.5715880990028,0,0,0,0
pubmed_node,test,172,72,pubmed_node:test:000072:7fe249ff02bbba24,2,1771.094595,1771.046142578125,1671.33479,99.302409,167.98105649650097,25.844699703156948,17.695042304694653,1288.7484533712268,330.0742416381836,955.2620391845703,142,0,1,0,0,0,0,0,0,0,235.22032165527344,11.879040122032166,74.3808650970459,8.594014763832092,cache_bf16,large_h6_n32_s100,7fe249ff02bbba24f3869e0575ea3cbed5d084b7bcc58233a4e31875ea62b1cb,18.93382453918457,238.56771177053452,0,735.6281519532204,0,0,0,0
pubmed_node,test,173,73,pubmed_node:test:000073:2795fe59edf94b3d,2,1693.915135,1693.8682861328125,1595.882188,97.624446,162.52546478062868,25.909475050866604,17.079584300518036,1213.0064154043794,291.7005424499512,918.0123901367188,137,0,1,0,0,0,0,0,0,0,201.96290969848633,10.041664004325867,72.14726448059082,7.548704266548157,cache_bf16,large_h6_n32_s100,2795fe59edf94b3dd37560133104646072cd2375afdbe24276ffc03dce6f52df,18.98307228088379,230.06320017576218,0,706.9322622418404,0,0,0,0
pubmed_node,test,174,74,pubmed_node:test:000074:c660272095b2fe0e,2,1753.573184,1753.526123046875,1655.387318,97.753877,158.85713696479797,25.764327496290207,17.452741973102093,1253.1215026974678,310.72800064086914,939.0188446044922,140,0,1,0,0,0,0,0,0,0,218.11094284057617,11.03331208229065,73.54204750061035,8.041698217391968,cache_bf16,large_h6_n32_s100,c660272095b2fe0e5a7edc592447567790f62b38c06598a0f083ca18aa86d958,18.876800537109375,235.23884776234627,0,722.6567973792553,0,0,0,0
pubmed_node,test,175,75,pubmed_node:test:000075:b03d921fe5b9c14c,2,1824.178956,1824.13134765625,1726.035124,97.716145,168.48930437117815,26.141084730625153,18.212354741990566,1315.9748036414385,330.0198402404785,982.4485015869141,146,0,1,0,0,0,0,0,0,0,233.4016342163086,11.570144057273865,76.51692867279053,8.53113329410553,cache_bf16,large_h6_n32_s100,b03d921fe5b9c14c9a8c490cba065585eb82fc52471162730a603397cf4fa2cd,19.053983688354492,245.17206367850304,0,756.3304215967655,0,0,0,0
pubmed_node,test,176,76,pubmed_node:test:000076:1e30b8819181849e,2,1573.950279,1573.9053955078125,1474.652984,98.911239,147.9758620262146,25.91039426624775,15.882017090916634,1101.6969876363873,259.39078521728516,839.2622222900391,125,0,1,0,0,0,0,0,0,0,178.10995292663574,8.807456016540527,65.74976062774658,6.723615646362305,cache_bf16,large_h6_n32_s100,1e30b8819181849e06b9acca4663bf0924d6038e1b04e81b6c0522e8e4be39f0,18.95734405517578,210.92336010932922,0,647.2962062358856,0,0,0,0
pubmed_node,test,177,77,pubmed_node:test:000077:95f813a7bde8a87a,2,1758.27901,1758.2314453125,1658.818583,99.018282,155.31160309910774,25.859568268060684,17.2919612377882,1261.3641880452633,326.0839385986328,931.9338073730469,139,0,1,0,0,0,0,0,0,0,232.45129776000977,11.920640110969543,73.21116828918457,8.500832438468933,cache_bf16,large_h6_n32_s100,95f813a7bde8a87a0c48f63e3d516e88b92bceb0a8aa065f68c986cf59d1477c,18.96303939819336,233.6905919611454,0,717.2062548100948,0,0,0,0
pubmed_node,test,178,78,pubmed_node:test:000078:607ae7b92dac833f,2,1696.884388,1696.837646484375,1598.722129,97.756089,160.00281274318695,26.157230138778687,17.11062900722027,1196.8536833301187,272.8113594055176,920.7425842285156,137,0,1,0,0,0,0,0,0,0,184.90511894226074,8.993407964706421,71.95968055725098,6.9531519412994385,cache_bf16,large_h6_n32_s100,607ae7b92dac833f74b3d705d999c237e2231065da95b22db3d25932a9a86990,19.051807403564453,230.0910401046276,0,709.7033515274525,0,0,0,0
pubmed_node,test,179,79,pubmed_node:test:000079:c728fa0c915a11a6,2,1789.719995,1789.6717529296875,1690.223234,99.070367,172.39036038517952,25.89452639222145,18.45303736627102,1299.4545809924603,302.9262390136719,992.9792785644531,148,0,1,0,0,0,0,0,0,0,207.55887985229492,10.317888140678406,77.2923526763916,7.757118344306946,cache_bf16,large_h6_n32_s100,c728fa0c915a11a63655d60e86f94618f0f6af4ad190c1127214744f205d9197,18.90825653076172,248.06796783208847,0,763.8195672631264,0,0,0,0
pubmed_node,test,180,80,pubmed_node:test:000080:e489ab5aa16ad361,2,1689.017584,1688.9713134765625,1590.675716,97.899112,154.2783072218299,25.84804780781269,17.1760655939579,1196.5783201158047,271.9424285888672,921.3376312255859,137,0,1,0,0,0,0,0,0,0,183.55312156677246,9.070303916931152,72.33536052703857,6.983642578125,cache_bf16,large_h6_n32_s100,e489ab5aa16ad361ac82f25d9917a49549e66e4144a6359de5bdb7a8bff64e94,18.97382354736328,230.72934451699257,0,709.5821102559566,0,0,0,0
pubmed_node,test,181,81,pubmed_node:test:000081:639e82c690320186,2,1987.552239,1987.501953125,1887.8607,99.169379,176.37287266552448,25.921640917658806,18.958959728479385,1495.3247355297208,469.0063018798828,1022.676025390625,152,0,1,0,0,0,0,0,0,0,358.23781967163086,18.2401921749115,80.10198402404785,12.426306009292603,cache_bf16,large_h6_n32_s100,639e82c6903201868fffe9ba56c18faf2953e4266ff373c63f7a3b4417c0d98a,18.963712692260742,254.63001590967178,0,787.009722173214,0,0,0,0
pubmed_node,test,182,82,pubmed_node:test:000082:9277a69c2d4ff03f,2,1581.12146,1581.076171875,1481.619288,99.052468,149.2086537182331,25.860068388283253,15.846004709601402,1107.504523359239,248.5444107055664,855.8863677978516,127,0,1,0,0,0,0,0,0,0,167.79120063781738,8.222272038459778,66.1428165435791,6.388121485710144,cache_bf16,large_h6_n32_s100,9277a69c2d4ff03f8056d1e05ddc06c45adfda05915b96d87c87ae3b3c74cca2,18.947711944580078,214.24191999435425,0,660.5921597480774,0,0,0,0
pubmed_node,test,183,83,pubmed_node:test:000083:071e45b55714c11d,2,1953.695436,1953.6461181640625,1855.222749,97.957759,174.4210161268711,25.995922274887562,19.960693083703518,1420.3892489895225,339.0904655456543,1077.4878387451172,160,0,1,0,0,0,0,0,0,0,234.21571731567383,11.850208163261414,84.37091255187988,8.653627514839172,cache_bf16,large_h6_n32_s100,071e45b55714c11d0bcd950896db4631c3a3b31855a30badeedc11b54474f817,18.95996856689453,268.2522877752781,0,828.1955195367336,0,0,0,0
pubmed_node,test,184,84,pubmed_node:test:000084:0aefa7b0f9ba4c89,2,1690.890974,1690.8438720703125,1591.696863,98.760957,156.01258631795645,25.960181839764118,17.263215966522694,1196.7310486361384,280.6093406677246,912.8401336669922,136,0,1,0,0,0,0,0,0,0,193.37772369384766,9.498015880584717,70.49270343780518,7.2408976554870605,cache_bf16,large_h6_n32_s100,0aefa7b0f9ba4c893a74e0af95dd47238a3241485509059b50b447d877952138,19.063552856445312,228.60691171884537,0,703.2967748045921,0,0,0,0
pubmed_node,test,185,85,pubmed_node:test:000085:44af8736f2ee842a,2,1850.52186,1850.4720458984375,1752.268245,97.832676,167.57083404809237,26.065068319439888,17.98337884247303,1372.4880646914244,400.0502395629883,968.9908294677734,144,0,1,0,0,0,0,0,0,0,299.12579345703125,15.419200420379639,74.94777584075928,10.557469844818115,cache_bf16,large_h6_n32_s100,44af8736f2ee842a9f6e8ed9db8c14cba727c01ed658a9651defd5b4f47aa5ec,19.090656280517578,241.60339233279228,0,746.4780934154987,0,0,0,0
pubmed_node,test,186,86,pubmed_node:test:000086:9649de8f427ad633,2,1163.324961,1163.28466796875,1079.099681,83.842544,106.28566890954971,25.92787705361843,11.453410610556602,800.042032264173,185.3878059387207,612.3947906494141,91,0,1,0,0,0,0,0,0,0,126.5807991027832,6.153824090957642,47.81721591949463,4.8359668254852295,cache_bf16,large_h6_n32_s100,9649de8f427ad6332dca216b73a896062b914fd87da811a84b39d2e948208f24,18.985855102539062,155.94944041967392,0,475.4312053322792,0,0,0,0
pubmed_node,test,187,87,pubmed_node:test:000087:5f2b558a627a92a4,2,1859.747117,1859.6978759765625,1776.621054,82.676649,168.23180299252272,25.85978712886572,18.76754406839609,1369.0486550331116,369.5965766906738,995.9037780761719,148,0,1,0,0,0,0,0,0,0,268.9944953918457,13.643359899520874,77.31856060028076,9.64016079902649,cache_bf16,large_h6_n32_s100,5f2b558a627a92a4e289fe7898e752dfdb14fff338a7546a623f8c6c2f87f574,18.978559494018555,248.21049636602402,0,766.6718412041664,0,0,0,0
pubmed_node,test,188,88,pubmed_node:test:000088:d8179ee3370e3fc4,2,1750.965649,1750.9185791015625,1652.870284,97.674389,167.0025046914816,25.847083888947964,17.601960338652134,1266.7820565402508,317.9192314147949,945.4844055175781,141,0,1,0,0,0,0,0,0,0,224.18992233276367,11.314015984535217,74.14835262298584,8.266940474510193,cache_bf16,large_h6_n32_s100,d8179ee3370e3fc4eb0560f5a30f626d7fd6cc39a2b8ae0e7ff98b7c00499e0e,18.893760681152344,236.549183934927,0,727.8289822638035,0,0,0,0
pubmed_node,test,189,89,pubmed_node:test:000089:dbe523de1d129d00,2,1958.135739,1958.085693359375,1858.579289,99.058613,177.01528500765562,25.91665182262659,19.1100025549531,1465.3048664331436,432.82928466796875,1028.8136596679688,153,0,1,0,0,0,0,0,0,0,324.2275505065918,16.730143785476685,80.52063941955566,11.350950956344604,cache_bf16,large_h6_n32_s100,dbe523de1d129d00ecc0a0263440a30b5a0821c8a82ac6265bcc5f483f7bef56,18.961280822753906,256.3040959537029,0,791.4708445370197,0,0,0,0
pubmed_node,test,190,90,pubmed_node:test:000090:0e1888bcce7e0a82,2,1653.94698,1653.9010009765625,1554.663263,98.876915,153.9355982095003,25.942769832909107,16.961347311735153,1174.7156353667378,258.15385818481445,913.2960968017578,136,0,1,0,0,0,0,0,0,0,172.5806713104248,8.354655981063843,70.62908840179443,6.589442491531372,cache_bf16,large_h6_n32_s100,0e1888bcce7e0a82b44d6f2511225808a9d77400d3313818c318961602b7d404,19.033184051513672,228.7462082207203,0,703.5830726325512,0,0,0,0
pubmed_node,test,191,91,pubmed_node:test:000091:a43bc1cfe7ace57c,2,1828.25495,1828.2071533203125,1728.917706,98.920713,171.00955732166767,25.965075008571148,18.183323554694653,1315.6557427719235,330.1624984741211,981.9940490722656,146,0,1,0,0,0,0,0,0,0,233.42169189453125,11.667743921279907,76.56585597991943,8.507206678390503,cache_bf16,large_h6_n32_s100,a43bc1cfe7ace57cd139bcad7a0ab6633f08f9bd44f0a0b81886662cc10a6b9d,19.02694320678711,245.11295953392982,0,755.9080327451229,0,0,0,0
pubmed_node,test,192,92,pubmed_node:test:000092:b36484c475f00c92,2,1834.305755,1834.2567138671875,1734.553383,99.238418,174.97950699180365,25.933297351002693,18.769300542771816,1350.1811483874917,334.08697509765625,1012.4806060791016,151,0,1,0,0,0,0,0,0,0,233.5665626525879,11.993407964706421,79.86591911315918,8.661085367202759,cache_bf16,large_h6_n32_s100,b36484c475f00c9250a0cee15ea6c40058ece27eaea32833cfe127c27a9360c4,18.995391845703125,252.80575987696648,0,778.6702380478382,0,0,0,0
pubmed_node,test,193,93,pubmed_node:test:000093:c6a82e86e47bac14,2,1823.505968,1823.4569091796875,1723.959321,99.082821,173.40340465307236,25.82379337400198,18.543715588748455,1327.4517320096493,320.1272315979004,1003.7637329101562,149,0,1,0,0,0,0,0,0,0,223.02592086791992,10.926016092300415,77.92620849609375,8.249086141586304,cache_bf16,large_h6_n32_s100,c6a82e86e47bac14f84b3d6a539532abed4ac545ffa45218d57795629d917b9c,18.894367218017578,249.87532821297646,0,772.7827719151974,0,0,0,0
pubmed_node,test,194,94,pubmed_node:test:000094:27595849eae12cf5,2,2153.367195,2153.314453125,2069.802005,83.046057,392.96346437186,26.469562202692032,20.148873329162598,1439.1482584178448,359.3013458251953,1076.0182037353516,160,0,1,0,0,0,0,0,0,0,253.42710494995117,12.573728084564209,84.18614387512207,9.114368915557861,cache_bf16,large_h6_n32_s100,27595849eae12cf524861ce62cb215ae8857309cb9ffb1d2992b2472befc0dfe,19.128576278686523,267.9143681526184,0,827.2324118614197,0,0,0,0
pubmed_node,test,195,95,pubmed_node:test:000095:75f95245a584a86f,2,1717.222332,1717.1761474609375,1632.94683,83.847373,157.13074523955584,25.921604596078396,16.94222167134285,1266.5736945345998,351.4495735168457,911.8397827148438,136,0,1,0,0,0,0,0,0,0,257.9870071411133,13.310816049575806,70.88521575927734,9.266534566879272,cache_bf16,large_h6_n32_s100,75f95245a584a86f50120a8e60408a975963499387e6aea3d34a8cb481684f98,18.892192840576172,228.75491160154343,0,701.9770639538765,0,0,0,0
pubmed_node,test,196,96,pubmed_node:test:000096:9cca7ad5bf77c4ae,2,1529.08875,1529.044677734375,1444.639386,83.963592,145.37217188626528,25.821481831371784,15.68604726344347,1119.0294492989779,265.8428153991699,850.1301879882812,126,0,1,0,0,0,0,0,0,0,183.7504940032959,9.154272079467773,66.02044677734375,6.9176025390625,cache_bf16,large_h6_n32_s100,9cca7ad5bf77c4aec96df7382a1a7eb9eec45b5e1faa27785028caf5a5d45f35,18.924991607666016,212.57567995786667,0,656.4794996380806,0,0,0,0
pubmed_node,test,197,97,pubmed_node:test:000097:fd300ec3bf295ee4,2,1555.167465,1555.123046875,1455.908585,98.838435,144.59436479955912,25.81803221255541,15.813375823199749,1101.414941251278,247.37478256225586,850.9718475341797,127,0,1,0,0,0,0,0,0,0,166.82220840454102,8.146527886390686,66.03488063812256,6.371165633201599,cache_bf16,large_h6_n32_s100,fd300ec3bf295ee4f29ff68b5748f3cbda5867a2448890adc456988ff858a286,18.85875129699707,213.9149123430252,0,655.9156864881516,0,0,0,0
pubmed_node,test,198,98,pubmed_node:test:000098:27de4e1c0f45adff,2,1954.530728,1954.479736328125,1855.869057,97.958175,174.9526122584939,25.9174145758152,18.93679052591324,1439.7750729694963,412.16831970214844,1023.9787292480469,152,0,1,0,0,0,0,0,0,0,305.8836784362793,15.515199899673462,79.89222431182861,10.877217054367065,cache_bf16,large_h6_n32_s100,27de4e1c0f45adff8794c7ab70c9dfbf30ad39aeac66ed3a1aacb31b17f2af26,18.914688110351562,256.60383999347687,0,786.2895773649216,0,0,0,0
pubmed_node,test,199,99,pubmed_node:test:000099:3a7e088e09e0daa5,2,1614.405464,1614.360595703125,1529.623788,84.28637,148.69672991335392,25.98968055099249,16.588347032666206,1184.8870990797877,289.05267333984375,892.6149597167969,133,0,1,0,0,0,0,0,0,0,201.19324493408203,10.082111954689026,70.31417560577393,7.463140845298767,cache_bf16,large_h6_n32_s100,3a7e088e09e0daa53991f7e02a0fb93b50badd7ad23ca27c2a68f54b9385e8c3,18.96143913269043,223.8059199154377,0,687.7704789340496,0,0,0,0
