task,split,trace_order,query_index,query_uid,rep,query_wall_ms,query_gpu_ms,encoder_wall_ms,decoder_wall_ms,cache_load_wall_ms,online_nog_prefix_wall_ms,cache_assembly_wall_ms,suffix_wall_ms,suffix_gnn_gpu_ms,suffix_transformer_gpu_ms,cache_hits,cache_misses,cache_skips,quant_kv_attention_calls,fallback_count,quant_kv_attention_gpu_ms,kv_prepare_gpu_ms,int_qk_gpu_ms,softmax_prob_quant_gpu_ms,int_pv_gpu_ms,gnn_score_gpu_ms,gnn_message_gpu_ms,gnn_update_gpu_ms,gnn_other_gpu_ms,profile_mode,workload_profile,graph_signature,prefix_transformer_gpu_ms,dense_fc_gpu_ms,attention_gpu_ms,norm_residual_other_gpu_ms,logical_memory_loaded_bytes,logical_key_loaded_bytes,logical_value_loaded_bytes,int_gemm_call_count
cora_link,val,0,0,cora_link:val:000000:2b8559f934ffd5af,0,2902.372832,2902.345947265625,2719.861666,181.786586,0.0,0.0,0.0,0.0,370.0160369873047,358.11862564086914,0,0,0,0,0,0,0,0,0,0,249.44486236572266,11.391199946403503,77.98969650268555,31.19027817249298,nocache_bf16,large_h6_n32_s100,2b8559f934ffd5af71532c7b206da87da447aa51e1383cb7c327aed52b4ca12b,1722.5936279296875,946.413537979126,0,1134.2987155914307,0,0,0,0
cora_link,val,1,1,cora_link:val:000001:011b6065bdfc4d99,0,2281.535472,2281.523193359375,2211.095863,70.050784,0.0,0.0,0.0,0.0,328.6657295227051,309.7955513000488,0,0,0,0,0,0,0,0,0,0,225.5726089477539,10.916320085525513,64.5707836151123,27.606016874313354,nocache_bf16,large_h6_n32_s100,011b6065bdfc4d997d47768dc671606054c518c7b876196bd40626bbb696d039,1415.916748046875,820.1072006225586,0,905.6050987243652,0,0,0,0
cora_link,val,2,2,cora_link:val:000002:7087803365c344f7,0,2447.991951,2447.981689453125,2378.066128,69.562373,0.0,0.0,0.0,0.0,339.9397735595703,334.8396415710449,0,0,0,0,0,0,0,0,0,0,228.1814079284668,11.099839925765991,71.14857578277588,29.509949922561646,nocache_bf16,large_h6_n32_s100,7087803365c344f71c5a4d25ae7ab9d82ccdce35f66b51cb45e827491e8c111f,1539.7210693359375,892.1092109680176,0,982.4514999389648,0,0,0,0
cora_link,val,3,3,cora_link:val:000003:54eb24a89dd1709d,0,1949.533354,1949.51953125,1880.042072,69.184511,0.0,0.0,0.0,0.0,267.0332794189453,266.9689254760742,0,0,0,0,0,0,0,0,0,0,178.81436729431152,8.927520036697388,56.458048820495605,22.833343267440796,nocache_bf16,large_h6_n32_s100,54eb24a89dd1709dc1bf27362cd73114c8e1213fd8bcd3ab3cb7537d886a6e38,1217.9068603515625,708.4163188934326,0,776.4594669342041,0,0,0,0
cora_link,val,4,4,cora_link:val:000004:7facdc7ac2dda863,0,1749.720177,1749.705810546875,1678.58544,70.810477,0.0,0.0,0.0,0.0,248.92752075195312,239.75033569335938,0,0,0,0,0,0,0,0,0,0,167.02374267578125,8.487776041030884,51.95465660095215,21.461345434188843,nocache_bf16,large_h6_n32_s100,7facdc7ac2dda86307197ac9037d5297767ace8cfabe65037533b9ebb49239e5,1076.9068603515625,629.9368991851807,0,686.7202968597412,0,0,0,0
cora_link,val,5,5,cora_link:val:000005:0b661dd709e9ec4e,0,2264.870761,2264.858154296875,2195.88288,68.624503,0.0,0.0,0.0,0.0,330.25183868408203,306.13017654418945,0,0,0,0,0,0,0,0,0,0,226.29443359375,11.336127996444702,64.71516799926758,27.90610909461975,nocache_bf16,large_h6_n32_s100,0b661dd709e9ec4edfd97695dc426a5fd962e8c1aa98b5a9f16ad223d296b28a,1403.6571044921875,813.9066219329834,0,895.8806591033936,0,0,0,0
cora_link,val,6,6,cora_link:val:000006:7ba47eddfdef13fd,0,2529.794438,2529.782958984375,2461.738383,67.718685,0.0,0.0,0.0,0.0,397.29891204833984,341.67846298217773,0,0,0,0,0,0,0,0,0,0,280.5029106140137,13.491551876068115,71.2857608795166,32.018688678741455,nocache_bf16,large_h6_n32_s100,7ba47eddfdef13fd4febfd6ca7abdd57842f1b9630de8e4af6f2495d40cc319b,1564.295654296875,906.5815296173096,0,999.3925876617432,0,0,0,0
cora_link,val,7,7,cora_link:val:000007:34b1ca300d75b85d,0,2476.069488,2476.04248046875,2406.458751,69.205971,0.0,0.0,0.0,0.0,375.7204170227051,335.1952323913574,0,0,0,0,0,0,0,0,0,0,261.7704315185547,12.391807913780212,71.53702354431152,30.021154046058655,nocache_bf16,large_h6_n32_s100,34b1ca300d75b85d8274b103f2dbe7b8d72eb74e789c8534272987a6050a37a5,1542.70654296875,889.0024681091309,0,988.8993072509766,0,0,0,0
cora_link,val,8,8,cora_link:val:000008:882249f597dda3f5,0,2412.005027,2411.992431640625,2342.458355,69.18449,0.0,0.0,0.0,0.0,367.6732482910156,325.1215057373047,0,0,0,0,0,0,0,0,0,0,257.4846382141113,12.832320213317871,67.79113483428955,29.565155029296875,nocache_bf16,large_h6_n32_s100,882249f597dda3f5e2320c6defbacc429761416b937dc27d8b634dc74f46b924,1500.419677734375,866.171422958374,0,959.3697605133057,0,0,0,0
cora_link,val,9,9,cora_link:val:000009:9a6646f6eee7207c,0,2235.046389,2235.033203125,2165.535057,69.195758,0.0,0.0,0.0,0.0,327.703426361084,303.0438117980957,0,0,0,0,0,0,0,0,0,0,225.64419555664062,11.181887984275818,63.90211200714111,26.975230813026428,nocache_bf16,large_h6_n32_s100,9a6646f6eee7207c72c36e0851e0f8e3dfb25caa51e443cc88f95b29699068e1,1384.533935546875,803.2480621337891,0,884.3296852111816,0,0,0,0
cora_link,val,10,10,cora_link:val:000010:a877be82fffc1679,0,1970.858595,1970.844482421875,1902.226711,68.326681,0.0,0.0,0.0,0.0,281.50447845458984,268.45190048217773,0,0,0,0,0,0,0,0,0,0,190.9292163848877,9.606016039848328,57.32684803009033,23.64239799976349,nocache_bf16,large_h6_n32_s100,a877be82fffc1679db7a5dd2ad1e6288d99e52e1fc64853008fa8d7cbc01ee5b,1217.161865234375,708.5684814453125,0,777.0452842712402,0,0,0,0
cora_link,val,11,11,cora_link:val:000011:4ca428a923952166,0,2588.3377,2588.326171875,2479.885004,107.879733,0.0,0.0,0.0,0.0,378.4557456970215,348.0158386230469,0,0,0,0,0,0,0,0,0,0,260.3415336608887,12.177568078041077,74.48073673248291,31.455907225608826,nocache_bf16,large_h6_n32_s100,4ca428a9239521667895a0d1fca9e7b6b6416fa31ee6a8da7b499615fecf6b33,1593.15185546875,921.0904293060303,0,1020.0772647857666,0,0,0,0
cora_link,val,12,12,cora_link:val:000012:30303f715c02d062,0,2614.114404,2614.10009765625,2543.731457,69.870389,0.0,0.0,0.0,0.0,406.5282897949219,350.46434783935547,0,0,0,0,0,0,0,0,0,0,286.1703300476074,13.945024013519287,73.53420829772949,32.878727436065674,nocache_bf16,large_h6_n32_s100,30303f715c02d062b2fb41223c57410f880dc10408c71804b47fe98d40dcc361,1610.015625,935.2291564941406,0,1025.2508163452148,0,0,0,0
cora_link,val,13,13,cora_link:val:000013:009cfc94b2af7f85,0,2486.653682,2486.639892578125,2415.922443,70.339945,0.0,0.0,0.0,0.0,356.2403221130371,339.83513259887695,0,0,0,0,0,0,0,0,0,0,242.58441543579102,11.673440098762512,71.71807956695557,30.264387011528015,nocache_bf16,large_h6_n32_s100,009cfc94b2af7f855abb8babed43132b9d42203f46472b3a8f6d6473acf2d5ba,1555.3323974609375,899.4033298492432,0,995.7642002105713,0,0,0,0
cora_link,val,14,14,cora_link:val:000014:90e3a407f5324226,0,2260.916769,2260.9033203125,2190.636322,69.936042,0.0,0.0,0.0,0.0,314.32166290283203,309.18537521362305,0,0,0,0,0,0,0,0,0,0,211.25890731811523,10.630687952041626,65.49817657470703,26.93389105796814,nocache_bf16,large_h6_n32_s100,90e3a407f5324226f418f684ad6f829311c5f09b42be293339795aba22fd8775,1416.7933349609375,820.0717105865479,0,905.9069995880127,0,0,0,0
cora_link,val,15,15,cora_link:val:000015:b8e52771f5e78e95,0,2501.059499,2501.046630859375,2430.188483,70.307706,0.0,0.0,0.0,0.0,390.49263763427734,334.1730194091797,0,0,0,0,0,0,0,0,0,0,276.33840560913086,13.169056415557861,70.27264022827148,30.71253538131714,nocache_bf16,large_h6_n32_s100,b8e52771f5e78e95aba8975582536f1989cd245cbc306144b39cdccc0000664a,1533.903076171875,887.3792304992676,0,980.6968650817871,0,0,0,0
cora_link,val,16,16,cora_link:val:000016:f128401ffc48b63f,0,168.179416,168.15557861328125,99.134983,68.801329,0.0,0.0,0.0,0.0,9.121984004974365,15.257631778717041,0,0,0,0,0,0,0,0,0,0,5.014239966869354,0.19366399943828583,2.3597759902477264,1.5543040484189987,nocache_bf16,large_h6_n32_s100,f128401ffc48b63f6e7ad13c7fc491b364368f2c6211fa1e771004a329ce6ccb,64.34713745117188,39.674975991249084,0,39.92979323863983,0,0,0,0
cora_link,val,17,17,cora_link:val:000017:71b15a1b4dee3b75,0,2613.856106,2613.842041015625,2544.299607,69.193782,0.0,0.0,0.0,0.0,411.71116638183594,351.5248603820801,0,0,0,0,0,0,0,0,0,0,291.7822723388672,13.99449610710144,73.61027240753174,32.32412552833557,nocache_bf16,large_h6_n32_s100,71b15a1b4dee3b75450fcb3d4e0030bd4e8ac3e7ed127ec4949c390a34278983,1610.24853515625,933.7641277313232,0,1028.0092678070068,0,0,0,0
cora_link,val,18,18,cora_link:val:000018:75d89384a041ca75,0,2227.419505,2227.39697265625,2155.566317,71.502719,0.0,0.0,0.0,0.0,329.00306701660156,301.11446380615234,0,0,0,0,0,0,0,0,0,0,228.01939392089844,11.140992045402527,63.188897132873535,26.653783917427063,nocache_bf16,large_h6_n32_s100,75d89384a041ca7572f2fbf7859f62c66582c0bdcf52d09f65362485f4860523,1379.8492431640625,800.8807067871094,0,880.0830001831055,0,0,0,0
cora_link,val,19,19,cora_link:val:000019:28ca07dd976737ec,0,2129.118314,2129.103759765625,2058.809072,69.979422,0.0,0.0,0.0,0.0,308.6323547363281,292.1539535522461,0,0,0,0,0,0,0,0,0,0,211.90861129760742,10.063071966171265,59.99129581451416,26.66937565803528,nocache_bf16,large_h6_n32_s100,28ca07dd976737ec27488b016c342b02e095e9c358d70c8e701365e338fb1d40,1322.30078125,767.2687034606934,0,847.1860313415527,0,0,0,0
cora_link,val,20,20,cora_link:val:000020:c6704a18b203d90c,0,2284.794846,2284.77978515625,2215.238227,69.233685,0.0,0.0,0.0,0.0,328.5591354370117,309.91487884521484,0,0,0,0,0,0,0,0,0,0,226.15318298339844,11.05020797252655,64.70137691497803,26.654367566108704,nocache_bf16,large_h6_n32_s100,c6704a18b203d90c2d312363232b64e1eabf436fe15a7e8eb0e1e558180d1560,1425.738525390625,824.8308410644531,0,910.8225631713867,0,0,0,0
cora_link,val,21,21,cora_link:val:000021:c96cebb59553ba1b,0,1485.117632,1485.0997314453125,1416.044407,68.764135,0.0,0.0,0.0,0.0,234.89213180541992,199.1197738647461,0,0,0,0,0,0,0,0,0,0,164.99052619934082,8.444607973098755,42.50383996963501,18.953157663345337,nocache_bf16,large_h6_n32_s100,c96cebb59553ba1b4cf05fb068a381b87603673fdee2e551eb221803ff72ddb0,885.6649780273438,520.2695045471191,0,564.5152473449707,0,0,0,0
cora_link,val,22,22,cora_link:val:000022:a11051d5700a6f06,0,2683.702693,2683.68994140625,2612.686762,70.522152,0.0,0.0,0.0,0.0,415.3355484008789,362.32930755615234,0,0,0,0,0,0,0,0,0,0,292.8822135925293,13.959360122680664,75.78102397918701,32.712950706481934,nocache_bf16,large_h6_n32_s100,a11051d5700a6f061c91179fa86f12fe8773c3c69d663755dead3134bd8f028b,1669.0648193359375,968.9265289306641,0,1062.4675979614258,0,0,0,0
cora_link,val,23,23,cora_link:val:000023:b4b3cf71c3b6cb4f,0,2291.372883,2291.358642578125,2222.461415,68.55795,0.0,0.0,0.0,0.0,307.39939880371094,314.7550735473633,0,0,0,0,0,0,0,0,0,0,203.05206680297852,9.86896002292633,67.29737567901611,27.180996298789978,nocache_bf16,large_h6_n32_s100,b4b3cf71c3b6cb4fa51cca9d396f4cef6dec256597e34c09b57746adcc349080,1445.36376953125,836.0115833282471,0,924.1072597503662,0,0,0,0
cora_link,val,24,24,cora_link:val:000024:f904e319fa7ea1b3,0,2238.908256,2238.8916015625,2169.070471,69.520147,0.0,0.0,0.0,0.0,330.65516662597656,300.9180145263672,0,0,0,0,0,0,0,0,0,0,229.2921600341797,11.56278383731842,63.17836856842041,26.621854186058044,nocache_bf16,large_h6_n32_s100,f904e319fa7ea1b38a7c902f3f96aed874f28cab8e8b5e136402f7fcf35eee82,1386.457763671875,802.0847358703613,0,885.2910423278809,0,0,0,0
cora_link,val,25,25,cora_link:val:000025:edd3e400bce9ebe9,0,1661.03709,1661.019287109375,1590.457867,70.182064,0.0,0.0,0.0,0.0,227.99637985229492,225.54860305786133,0,0,0,0,0,0,0,0,0,0,150.56047821044922,7.643999934196472,49.56659269332886,20.225309014320374,nocache_bf16,large_h6_n32_s100,edd3e400bce9ebe91bf5bb3b61b67803452cc1e9ab70f51ec27b21dc2e9d9f26,1026.927490234375,596.7017631530762,0,655.7743301391602,0,0,0,0
cora_link,val,26,26,cora_link:val:000026:cc59ad5e71a76cf2,0,2487.272103,2487.256591796875,2418.260013,68.611473,0.0,0.0,0.0,0.0,338.81715393066406,343.4124526977539,0,0,0,0,0,0,0,0,0,0,224.7528305053711,11.002655982971191,73.01107120513916,30.050596237182617,nocache_bf16,large_h6_n32_s100,cc59ad5e71a76cf2bab98beca029ca5d0d3e710b7e1eed84701ad18aaed1d231,1572.3233642578125,911.9101753234863,0,1003.8256416320801,0,0,0,0
cora_link,val,27,27,cora_link:val:000027:b9ed7970fb0d7ecd,0,1829.797212,1829.7799072265625,1758.322577,71.178589,0.0,0.0,0.0,0.0,289.8425636291504,242.5849838256836,0,0,0,0,0,0,0,0,0,0,206.22994995117188,10.513855934143066,50.46447944641113,22.634278297424316,nocache_bf16,large_h6_n32_s100,b9ed7970fb0d7ecddcaaf3bcb9d779bd6006728a31bcbbabdeac84deda555adc,1109.1317138671875,646.2725772857666,0,705.4441204071045,0,0,0,0
cora_link,val,28,28,cora_link:val:000028:8fa2fe8f766fa43d,0,2506.783516,2506.768310546875,2435.954714,70.512523,0.0,0.0,0.0,0.0,371.9706916809082,340.2814750671387,0,0,0,0,0,0,0,0,0,0,256.7400894165039,12.030240058898926,73.11097526550293,30.08938694000244,nocache_bf16,large_h6_n32_s100,8fa2fe8f766fa43d042d151cadd12585d9f084bb9bded25bf440b15aa8c94f18,1564.8348388671875,907.8822402954102,0,997.234073638916,0,0,0,0
cora_link,val,29,29,cora_link:val:000029:c46e86fafdd06e6b,0,1749.599857,1749.5823974609375,1678.712252,70.611881,0.0,0.0,0.0,0.0,240.5295639038086,238.54985809326172,0,0,0,0,0,0,0,0,0,0,161.16844749450684,8.253408074378967,49.97974395751953,21.12796437740326,nocache_bf16,large_h6_n32_s100,c46e86fafdd06e6b414f8a20746f1e04edd179183f42d720de443b41e89ab030,1090.6785888671875,635.0590133666992,0,694.16943359375,0,0,0,0
cora_link,val,30,30,cora_link:val:000030:ee440cc74300cb93,0,2647.737088,2647.72216796875,2576.568269,70.820262,0.0,0.0,0.0,0.0,398.7996253967285,358.99334716796875,0,0,0,0,0,0,0,0,0,0,278.6048355102539,13.603456020355225,74.56480026245117,32.02653360366821,nocache_bf16,large_h6_n32_s100,ee440cc74300cb93c8b3a5a8865d69bbbd77ccc07aa65a7d6d87b525c15dd9f8,1653.997314453125,955.6669464111328,0,1057.323715209961,0,0,0,0
cora_link,val,31,31,cora_link:val:000031:efd7dbeeabd82794,0,2026.827953,2026.809814453125,1956.09445,70.398109,0.0,0.0,0.0,0.0,286.8075485229492,274.656063079834,0,0,0,0,0,0,0,0,0,0,195.83386039733887,9.761759996414185,57.56233596801758,23.64959216117859,nocache_bf16,large_h6_n32_s100,efd7dbeeabd827942e9e8728f40e10ef5b04152827b047336947fb6a9ef93de4,1257.0400390625,731.9493103027344,0,799.7467918395996,0,0,0,0
cora_link,val,32,32,cora_link:val:000032:bfc61ef51cd53890,0,2569.331858,2569.31640625,2498.496408,70.495585,0.0,0.0,0.0,0.0,396.68231201171875,346.1517448425293,0,0,0,0,0,0,0,0,0,0,278.9958038330078,13.494783878326416,71.8829755783081,32.308748722076416,nocache_bf16,large_h6_n32_s100,bfc61ef51cd5389038d43b88bb77692a0eb9dd9882a6340a004ab29141790383,1590.584716796875,921.5824565887451,0,1015.1540050506592,0,0,0,0
cora_link,val,33,33,cora_link:val:000033:f66c9799e03a5002,0,2278.496459,2278.47900390625,2209.550263,68.62657,0.0,0.0,0.0,0.0,314.747615814209,312.02623748779297,0,0,0,0,0,0,0,0,0,0,212.32239532470703,10.288128018379211,65.26393604278564,26.873156428337097,nocache_bf16,large_h6_n32_s100,f66c9799e03a5002fe61a1df5626934986ef244c678178c7b9a0e8084bdb2ef4,1432.1282958984375,827.2340450286865,0,916.920488357544,0,0,0,0
cora_link,val,34,34,cora_link:val:000034:2f331eb995c9da42,0,2943.037978,2943.0234375,2872.783562,69.891489,0.0,0.0,0.0,0.0,437.70812225341797,396.66741943359375,0,0,0,0,0,0,0,0,0,0,304.4368324279785,14.262207746505737,83.25599956512451,35.753082513809204,nocache_bf16,large_h6_n32_s100,2f331eb995c9da425b197c37edce6f8f86471fa729daaaf6a494bad14411e3ed,1850.4638671875,1066.9228553771973,0,1180.2084312438965,0,0,0,0
cora_link,val,35,35,cora_link:val:000035:21ad334cd0120105,0,2367.950576,2367.933837890625,2297.879251,69.716232,0.0,0.0,0.0,0.0,329.85087966918945,320.9373474121094,0,0,0,0,0,0,0,0,0,0,223.40239715576172,10.814847946166992,68.00432014465332,27.629314422607422,nocache_bf16,large_h6_n32_s100,21ad334cd012010564b63e2dfd3b310cbda4c8bc54234f6e18ce1dc9acdbc894,1485.996337890625,855.42409324646,0,951.5095920562744,0,0,0,0
cora_link,val,36,36,cora_link:val:000036:306aff86209143d2,0,2494.92192,2494.906982421875,2423.64755,70.914165,0.0,0.0,0.0,0.0,370.9299545288086,336.61609649658203,0,0,0,0,0,0,0,0,0,0,256.474365234375,12.22051227092743,71.26508712768555,30.969989895820618,nocache_bf16,large_h6_n32_s100,306aff86209143d2b767e1c7e00124776aeabf44668506eac00257e8ddc2ea5e,1553.7109375,897.7999687194824,0,992.5270652770996,0,0,0,0
cora_link,val,37,37,cora_link:val:000037:d5b4f04791aacc68,0,2251.630301,2251.612060546875,2182.510661,68.784528,0.0,0.0,0.0,0.0,332.0505599975586,303.09958267211914,0,0,0,0,0,0,0,0,0,0,229.63119888305664,11.347551822662354,63.81856060028076,27.253248691558838,nocache_bf16,large_h6_n32_s100,d5b4f04791aacc681254fcd3fda95be29f9b160ee38a182cf27cdecc31c6448c,1403.6690673828125,811.4926719665527,0,895.2759780883789,0,0,0,0
cora_link,val,38,38,cora_link:val:000038:87bc06845e57ba2e,0,2006.164379,2006.1468505859375,1936.137386,69.686687,0.0,0.0,0.0,0.0,284.04387283325195,271.90578842163086,0,0,0,0,0,0,0,0,0,0,191.9869785308838,9.641504049301147,58.38713550567627,24.028254747390747,nocache_bf16,large_h6_n32_s100,87bc06845e57ba2e5d3602988f8ad1fee9b90d66b502fadd15a2e820c85792cc,1241.63330078125,720.677885055542,0,792.8612041473389,0,0,0,0
cora_link,val,39,39,cora_link:val:000039:0fcb5f5b455526b5,0,1759.501947,1759.4744873046875,1689.873549,69.343316,0.0,0.0,0.0,0.0,244.4101448059082,239.77293014526367,0,0,0,0,0,0,0,0,0,0,163.68771171569824,8.407007932662964,51.24019241333008,21.07523274421692,nocache_bf16,large_h6_n32_s100,0fcb5f5b455526b5b89f834c58659921681d4dc2d7c0312ea991de940f94fed6,1094.5228271484375,638.722620010376,0,695.5731372833252,0,0,0,0
cora_link,val,40,40,cora_link:val:000040:22416074999ec212,0,2024.237008,2024.21923828125,1953.347864,70.605343,0.0,0.0,0.0,0.0,309.13347244262695,270.97423934936523,0,0,0,0,0,0,0,0,0,0,216.91238403320312,10.86838412284851,57.0400972366333,24.312607049942017,nocache_bf16,large_h6_n32_s100,22416074999ec21294f0500bf30a6daaf1d9ba619d9422bf263c63b81ea27256,1245.9749755859375,723.0506896972656,0,793.8985252380371,0,0,0,0
cora_link,val,41,41,cora_link:val:000041:a7c44456fc52b019,0,2575.727861,2575.711669921875,2507.103585,68.213404,0.0,0.0,0.0,0.0,368.6254081726074,354.15987396240234,0,0,0,0,0,0,0,0,0,0,250.16912078857422,12.269183874130249,74.2772798538208,31.909823656082153,nocache_bf16,large_h6_n32_s100,a7c44456fc52b019e7eaf4f2f254215c641d9595132c5067937173235b31bd2b,1623.495361328125,938.7999649047852,0,1038.8552703857422,0,0,0,0
cora_link,val,42,42,cora_link:val:000042:856f48518ba56b6c,0,2366.407577,2366.390380859375,2293.860342,72.191667,0.0,0.0,0.0,0.0,338.4647331237793,322.2851257324219,0,0,0,0,0,0,0,0,0,0,231.52655792236328,11.007456183433533,67.94550323486328,27.9852157831192,nocache_bf16,large_h6_n32_s100,856f48518ba56b6c880e097d81ff5a59e1a3ea62c696e0036e2159086f354737,1478.1041259765625,853.6284141540527,0,946.7608375549316,0,0,0,0
cora_link,val,43,43,cora_link:val:000043:8e138fbc3a9bb1c5,0,2710.805914,2710.7900390625,2640.130181,70.334197,0.0,0.0,0.0,0.0,416.75264739990234,365.5616683959961,0,0,0,0,0,0,0,0,0,0,293.44150161743164,13.54038381576538,75.78307151794434,33.987690448760986,nocache_bf16,large_h6_n32_s100,8e138fbc3a9bb1c5a9eecf926388224c47e789ced667bc7ad020e98338cc427d,1690.8133544921875,977.4887351989746,0,1078.886287689209,0,0,0,0
cora_link,val,44,44,cora_link:val:000044:1e64e0e7921a819a,0,1975.260656,1975.24169921875,1904.975899,69.990171,0.0,0.0,0.0,0.0,273.2277145385742,270.210750579834,0,0,0,0,0,0,0,0,0,0,183.54678535461426,9.167263865470886,57.411648750305176,23.1020165681839,nocache_bf16,large_h6_n32_s100,1e64e0e7921a819ac1443fcf6ec7f8529c56962d5aab9160f6d8d87c38a7787f,1236.0289306640625,716.514497756958,0,789.7251834869385,0,0,0,0
cora_link,val,45,45,cora_link:val:000045:8e81753da356275e,0,2209.555453,2209.5390625,2141.121755,68.09698,0.0,0.0,0.0,0.0,332.2504653930664,296.9740791320801,0,0,0,0,0,0,0,0,0,0,231.44291305541992,11.463711977005005,61.90227127075195,27.441569089889526,nocache_bf16,large_h6_n32_s100,8e81753da356275e3dd992810b1704821c027df4a262acd050ef1dd2f10c5111,1365.099853515625,789.9541435241699,0,872.1197891235352,0,0,0,0
cora_link,val,46,46,cora_link:val:000046:19ce054c2f58ec33,0,2954.003877,2953.988525390625,2884.669897,68.983727,0.0,0.0,0.0,0.0,430.84195709228516,402.6741180419922,0,0,0,0,0,0,0,0,0,0,296.6014099121094,13.869087934494019,84.2847671508789,36.086692094802856,nocache_bf16,large_h6_n32_s100,19ce054c2f58ec33acaa5bb3ee7243f4f01f34e4542f2c57534fa8d7494066bf,1868.929443359375,1076.8445014953613,0,1194.7590599060059,0,0,0,0
cora_link,val,47,47,cora_link:val:000047:ca0735c39f991c84,0,2032.480543,2032.4617919921875,1961.212063,70.981844,0.0,0.0,0.0,0.0,287.74262619018555,274.8790054321289,0,0,0,0,0,0,0,0,0,0,194.84915161132812,9.828736066818237,58.585951805114746,24.47878670692444,nocache_bf16,large_h6_n32_s100,ca0735c39f991c848da51e44d0c31fc073f2aba4c1f93e223827184f7ee9c621,1265.0201416015625,733.3280334472656,0,806.5711135864258,0,0,0,0
cora_link,val,48,48,cora_link:val:000048:ce74410e2f8cfd91,0,1664.679491,1664.6610107421875,1593.686772,70.715125,0.0,0.0,0.0,0.0,231.27976989746094,227.19353485107422,0,0,0,0,0,0,0,0,0,0,153.22947120666504,7.837728023529053,50.0982403755188,20.114330291748047,nocache_bf16,large_h6_n32_s100,ce74410e2f8cfd91168f201a5fba99adf3a3690ae6287d0c95e80f5b870a79bd,1028.673828125,597.1954517364502,0,658.671911239624,0,0,0,0
cora_link,val,49,49,cora_link:val:000049:9997e4d6c6e4f5a5,0,1974.034432,1974.0157470703125,1902.458578,71.186822,0.0,0.0,0.0,0.0,272.2984962463379,270.4268455505371,0,0,0,0,0,0,0,0,0,0,182.7135066986084,9.106880068778992,56.99049663543701,23.48761284351349,nocache_bf16,large_h6_n32_s100,9997e4d6c6e4f5a56d61072ad5d792665478a46aeca278516aa2f4e177bd313a,1232.45947265625,716.091703414917,0,786.7946147918701,0,0,0,0
cora_link,val,50,50,cora_link:val:000050:99b04c2860a8fc1c,0,2217.207383,2217.188720703125,2146.097881,70.752674,0.0,0.0,0.0,0.0,330.3946838378906,297.05302810668945,0,0,0,0,0,0,0,0,0,0,231.0379180908203,11.417824029922485,61.52681636810303,26.4121253490448,nocache_bf16,large_h6_n32_s100,99b04c2860a8fc1ca3d9b82c0916c07b3e4eb2dbb4844e840a63a3600f3037df,1371.5040283203125,794.0885791778564,0,874.4684772491455,0,0,0,0
cora_link,val,51,51,cora_link:val:000051:e4518ad184b1157e,0,2292.375717,2292.357666015625,2223.490924,68.57432,0.0,0.0,0.0,0.0,317.61884689331055,312.34729385375977,0,0,0,0,0,0,0,0,0,0,213.9936981201172,10.558079957962036,65.81628799438477,27.250780820846558,nocache_bf16,large_h6_n32_s100,e4518ad184b1157e50432634aa4cf0035cf4c87f503b1dfed0a08a5ba06b20b6,1439.7520751953125,830.3084449768066,0,921.7909240722656,0,0,0,0
cora_link,val,52,52,cora_link:val:000052:74c3a518c82ef7d3,0,2383.422959,2383.405517578125,2312.975944,70.142436,0.0,0.0,0.0,0.0,341.4417266845703,324.74777603149414,0,0,0,0,0,0,0,0,0,0,231.88143920898438,11.31775987148285,68.96329593658447,29.279231667518616,nocache_bf16,large_h6_n32_s100,74c3a518c82ef7d34d7d0a0f17bf64bd169a5c0362f9e9e02a194fdc0f4e4225,1494.9427490234375,863.0926704406738,0,956.5978546142578,0,0,0,0
cora_link,val,53,53,cora_link:val:000053:99bb20731964febc,0,2515.999868,2515.982666015625,2447.622864,68.046278,0.0,0.0,0.0,0.0,348.46035385131836,345.6195831298828,0,0,0,0,0,0,0,0,0,0,233.53996658325195,11.087072014808655,74.01657581329346,29.816739439964294,nocache_bf16,large_h6_n32_s100,99bb20731964febc6f0ef40f519fe43732dc994fe18dab83c68734989042647f,1587.4598388671875,917.0138282775879,0,1016.0655937194824,0,0,0,0
cora_link,val,54,54,cora_link:val:000054:4f5321a751092fd2,0,2297.156138,2297.13916015625,2226.508356,70.346334,0.0,0.0,0.0,0.0,339.909122467041,309.66675567626953,0,0,0,0,0,0,0,0,0,0,235.47603607177734,11.482143998146057,65.24406433105469,27.706878066062927,nocache_bf16,large_h6_n32_s100,4f5321a751092fd2d4bedab3985e21b9f37a975142f604891b62d06534613c6c,1424.926025390625,826.1016311645508,0,908.4911499023438,0,0,0,0
cora_link,val,55,55,cora_link:val:000055:78b4169d065f9434,0,2512.204259,2512.18701171875,2442.320016,69.550105,0.0,0.0,0.0,0.0,339.63366317749023,346.21078872680664,0,0,0,0,0,0,0,0,0,0,225.24828720092773,10.953983902931213,73.32630348205566,30.105088591575623,nocache_bf16,large_h6_n32_s100,78b4169d065f9434160ffc79e79b361d27020f2b2c4d05630ffae7d1e4282aa8,1590.62890625,916.4772491455078,0,1020.3624458312988,0,0,0,0
cora_link,val,56,56,cora_link:val:000056:07e31b9886c209c9,0,2709.720324,2709.7041015625,2640.443479,68.960743,0.0,0.0,0.0,0.0,415.4066848754883,364.6543998718262,0,0,0,0,0,0,0,0,0,0,291.5418243408203,13.867551803588867,76.5486707687378,33.44863796234131,nocache_bf16,large_h6_n32_s100,07e31b9886c209c9fb9beef0b5a938fa9ba583424d7e6a39a2c16313af564173,1694.544921875,978.8883152008057,0,1080.3110065460205,0,0,0,0
cora_link,val,57,57,cora_link:val:000057:bb3939a3f36beaae,0,2370.727073,2370.705322265625,2302.066861,68.301733,0.0,0.0,0.0,0.0,335.4629135131836,322.97372817993164,0,0,0,0,0,0,0,0,0,0,227.10348892211914,11.001696109771729,68.87619209289551,28.481536388397217,nocache_bf16,large_h6_n32_s100,bb3939a3f36beaae341de2293cdd3e4e6d8d608088769146f5f9babefb74bead,1484.1768798828125,858.5977573394775,0,948.5528507232666,0,0,0,0
cora_link,val,58,58,cora_link:val:000058:cc25c00900e1af5e,0,2396.245618,2396.228271484375,2327.283511,68.470415,0.0,0.0,0.0,0.0,339.16236877441406,326.45532989501953,0,0,0,0,0,0,0,0,0,0,228.9164161682129,11.308288097381592,69.60940837860107,29.328256130218506,nocache_bf16,large_h6_n32_s100,cc25c00900e1af5ee8533ff1c0e04beca06836388cbce333a000ccd4336eaea2,1499.8463134765625,866.1747531890869,0,960.1268901824951,0,0,0,0
cora_link,val,59,59,cora_link:val:000059:21f418d025a46634,0,2485.22598,2485.208251953125,2415.797053,69.067517,0.0,0.0,0.0,0.0,347.9396781921387,338.9021759033203,0,0,0,0,0,0,0,0,0,0,234.34348678588867,11.248095989227295,71.96992111206055,30.378174304962158,nocache_bf16,large_h6_n32_s100,21f418d025a466349b899c6fefd4dad18c3584c5125fdf82ad78889711ab8351,1563.5501708984375,904.3492450714111,0,998.1031017303467,0,0,0,0
cora_link,val,60,60,cora_link:val:000060:00b755dc368b3240,0,2585.604894,2585.58740234375,2516.937404,68.328679,0.0,0.0,0.0,0.0,366.5197448730469,355.41747283935547,0,0,0,0,0,0,0,0,0,0,247.17894744873047,11.819712281227112,75.515456199646,32.0056289434433,nocache_bf16,large_h6_n32_s100,00b755dc368b3240fd5e8f2d1313a1d74003a0d62b58886de1834bdb2dfd225d,1630.205810546875,942.9068775177002,0,1042.7164058685303,0,0,0,0
cora_link,val,61,61,cora_link:val:000061:180e60cb6aa62100,0,2383.303406,2383.285400390625,2313.046451,69.928987,0.0,0.0,0.0,0.0,347.98556900024414,323.8215675354004,0,0,0,0,0,0,0,0,0,0,238.6976318359375,11.730112075805664,68.80662441253662,28.751200675964355,nocache_bf16,large_h6_n32_s100,180e60cb6aa621006271e0bd96e70a5f45a6c514f1780d5001f73d4414a39408,1491.4404296875,861.4041614532471,0,953.8578357696533,0,0,0,0
cora_link,val,62,62,cora_link:val:000062:4248d7e9fddf4027,0,2101.085757,2101.06689453125,2029.845914,70.923803,0.0,0.0,0.0,0.0,299.313663482666,282.95788955688477,0,0,0,0,0,0,0,0,0,0,204.84281539916992,10.176479935646057,59.86556816101074,24.428799986839294,nocache_bf16,large_h6_n32_s100,4248d7e9fddf40275e0fc427fa46e6bb00032dedb56e4d6ebefbc74bb247eaeb,1307.1435546875,753.1090793609619,0,836.9923648834229,0,0,0,0
cora_link,val,63,63,cora_link:val:000063:e9a79ca3b5e76e46,0,2588.029076,2588.012451171875,2517.635108,70.083407,0.0,0.0,0.0,0.0,360.132381439209,355.29901123046875,0,0,0,0,0,0,0,0,0,0,241.91440200805664,11.579520106315613,74.93475341796875,31.70370590686798,nocache_bf16,large_h6_n32_s100,e9a79ca3b5e76e46d96a7a22552b6442a03a13ecda3022daddd39f6347d7e3d9,1634.5977783203125,944.4600353240967,0,1045.4367542266846,0,0,0,0
cora_link,val,64,64,cora_link:val:000064:2c66ba8673993d3f,0,2098.337708,2098.320068359375,2029.524085,68.511668,0.0,0.0,0.0,0.0,303.64451599121094,283.5237121582031,0,0,0,0,0,0,0,0,0,0,208.75574493408203,10.423391938209534,59.68291187286377,24.782467246055603,nocache_bf16,large_h6_n32_s100,2c66ba8673993d3f3b3d1223639ac74c3554eb63194d336f234f97f1971d9588,1299.4293212890625,751.6564826965332,0,831.2965507507324,0,0,0,0
cora_link,val,65,65,cora_link:val:000065:c06f28321b3d287d,0,2252.822068,2252.8037109375,2183.487434,69.028711,0.0,0.0,0.0,0.0,322.1642189025879,305.09023666381836,0,0,0,0,0,0,0,0,0,0,220.48470306396484,10.73254406452179,64.1004810333252,26.846490740776062,nocache_bf16,large_h6_n32_s100,c06f28321b3d287dc3f9a7007e76a493edf5e641b9f5a3edca4513b3ad0c57c0,1404.381591796875,812.3527984619141,0,897.1190299987793,0,0,0,0
cora_link,val,66,66,cora_link:val:000066:e7c55b0e8e5bfbc8,0,2667.694298,2667.67626953125,2595.956774,71.436629,0.0,0.0,0.0,0.0,412.2594223022461,360.7584037780762,0,0,0,0,0,0,0,0,0,0,290.511905670166,13.55788779258728,75.5241928100586,32.665436029434204,nocache_bf16,large_h6_n32_s100,e7c55b0e8e5bfbc80602007c4f8bc690d7fc805ce40e677637c547d31c92576b,1660.930908203125,961.0945262908936,0,1060.5947856903076,0,0,0,0
cora_link,val,67,67,cora_link:val:000067:69b79c0bd6739fa8,0,2050.15082,2050.131103515625,1981.377881,68.480654,0.0,0.0,0.0,0.0,324.79372787475586,272.35510635375977,0,0,0,0,0,0,0,0,0,0,227.731201171875,11.699968099594116,60.538880348205566,24.823678255081177,nocache_bf16,large_h6_n32_s100,69b79c0bd6739fa88d087abff52cb42ff255c0699306c5363c776bd70a9f7772,1254.8621826171875,728.3680667877197,0,798.8492221832275,0,0,0,0
cora_link,val,68,68,cora_link:val:000068:67f9bb3075d55151,0,2959.515861,2959.492919921875,2890.147993,68.949999,0.0,0.0,0.0,0.0,442.3614501953125,398.8047103881836,0,0,0,0,0,0,0,0,0,0,308.2584342956543,14.467711925506592,83.58211135864258,36.05319261550903,nocache_bf16,large_h6_n32_s100,67f9bb3075d551516558177f84f5725a7fa37779c226c7f40b06fa8855b948d3,1863.3028564453125,1077.2671012878418,0,1184.8404655456543,0,0,0,0
cora_link,val,69,69,cora_link:val:000069:be1a4d1d56c2dd01,0,2269.772881,2269.755126953125,2199.5534,69.806022,0.0,0.0,0.0,0.0,337.56944274902344,306.05680084228516,0,0,0,0,0,0,0,0,0,0,233.6048927307129,11.476608037948608,64.85315227508545,27.63478970527649,nocache_bf16,large_h6_n32_s100,be1a4d1d56c2dd0182bf6a0ae76e72617633c70cef963f646fbb7e857542cf23,1411.5252685546875,815.5867557525635,0,901.9953136444092,0,0,0,0
cora_link,val,70,70,cora_link:val:000070:7494de7fb5d2c86c,0,2256.164285,2256.146240234375,2187.119828,68.726533,0.0,0.0,0.0,0.0,321.50940704345703,304.6871032714844,0,0,0,0,0,0,0,0,0,0,219.57622528076172,10.637951970100403,64.02012825012207,27.27510154247284,nocache_bf16,large_h6_n32_s100,7494de7fb5d2c86c021c295647016deac09f879ddb80ad15b1ffeaf925f47b16,1411.1334228515625,814.500129699707,0,901.3203964233398,0,0,0,0
cora_link,val,71,71,cora_link:val:000071:804d97dc6eba92a0,0,1990.865522,1990.8466796875,1920.050838,70.527323,0.0,0.0,0.0,0.0,276.18114852905273,271.28271484375,0,0,0,0,0,0,0,0,0,0,185.61599922180176,9.288032054901123,57.83331108093262,23.443806171417236,nocache_bf16,large_h6_n32_s100,804d97dc6eba92a07059f4fbdc29f9a8135ed7f73e4dd1a85404ddab664b51c2,1246.17236328125,721.6894779205322,0,795.7656002044678,0,0,0,0
cora_link,val,72,72,cora_link:val:000072:01a00f69b8c197c4,0,167.0928,167.069091796875,98.495691,68.386857,0.0,0.0,0.0,0.0,8.494272112846375,15.814304113388062,0,0,0,0,0,0,0,0,0,0,4.307359933853149,0.1937600001692772,2.4344319701194763,1.5587202087044716,nocache_bf16,large_h6_n32_s100,01a00f69b8c197c457a36f24d17963982f182e2d7844e78f8b200611c3b29ab8,64.29901123046875,40.09564781188965,0,40.01766753196716,0,0,0,0
cora_link,val,73,73,cora_link:val:000073:d51f2cbea514828c,0,2253.401737,2253.3837890625,2184.695492,68.401719,0.0,0.0,0.0,0.0,323.6011848449707,305.4150390625,0,0,0,0,0,0,0,0,0,0,219.91571044921875,10.815904021263123,65.19251251220703,27.6770578622818,nocache_bf16,large_h6_n32_s100,d51f2cbea514828c645b8cd11b5195994f6f868fd44051a8fd0a0e27cf3fd0a4,1404.8433837890625,812.897123336792,0,897.3612995147705,0,0,0,0
cora_link,val,74,74,cora_link:val:000074:23e5299f59ea1c04,0,2984.310388,2984.2939453125,2914.155592,69.80265,0.0,0.0,0.0,0.0,448.6844787597656,404.3174057006836,0,0,0,0,0,0,0,0,0,0,313.22691345214844,14.063424110412598,83.90924739837646,37.484893798828125,nocache_bf16,large_h6_n32_s100,23e5299f59ea1c046f290053b9d7ac129483f98af963ed169c9e7afa48ae7687,1873.9649658203125,1083.068000793457,0,1195.214370727539,0,0,0,0
cora_link,val,75,75,cora_link:val:000075:21bdf6481ba7b6ca,0,2409.913405,2409.8955078125,2338.506026,71.042829,0.0,0.0,0.0,0.0,364.0361976623535,324.3274230957031,0,0,0,0,0,0,0,0,0,0,253.72995376586914,12.299584150314331,68.39859199523926,29.608067750930786,nocache_bf16,large_h6_n32_s100,21bdf6481ba7b6caa5cebb8e6e5a6f19538d0a95dab9550412f220f1c73dfcf6,1494.6629638671875,863.569055557251,0,955.4213314056396,0,0,0,0
cora_link,val,76,76,cora_link:val:000076:6e379b07edefacb6,0,2309.379294,2309.361572265625,2239.963377,69.114295,0.0,0.0,0.0,0.0,318.27714920043945,314.1268539428711,0,0,0,0,0,0,0,0,0,0,212.60041427612305,10.535616040229797,66.96399974822998,28.17711913585663,nocache_bf16,large_h6_n32_s100,6e379b07edefacb6306d08761e2329ef732331742663703760a6f27bf9ca07fa,1452.4600830078125,837.9426860809326,0,928.644250869751,0,0,0,0
cora_link,val,77,77,cora_link:val:000077:174778754f52d474,0,1504.965015,1504.9453125,1435.433645,69.250254,0.0,0.0,0.0,0.0,234.8377914428711,201.1982421875,0,0,0,0,0,0,0,0,0,0,164.54758644104004,8.45033597946167,42.81270360946655,19.027165412902832,nocache_bf16,large_h6_n32_s100,174778754f52d4749c483dbb170edc8e1d75b410f5044b57a82301510dcfffc8,905.4406127929688,530.5088691711426,0,576.1299858093262,0,0,0,0
cora_link,val,78,78,cora_link:val:000078:8e1f5ff2384b6299,0,2148.270431,2148.252197265625,2076.916413,71.063968,0.0,0.0,0.0,0.0,304.76051330566406,294.1598701477051,0,0,0,0,0,0,0,0,0,0,207.30307006835938,10.20198392868042,60.97033500671387,26.2851243019104,nocache_bf16,large_h6_n32_s100,8e1f5ff2384b6299a808f74848f6cda2ec30ff79476242af1100e1e03fadd469,1337.9322509765625,775.2467212677002,0,856.8453998565674,0,0,0,0
cora_link,val,79,79,cora_link:val:000079:b31ae9e8672d99d3,0,2327.444008,2327.425537109375,2258.791856,68.355333,0.0,0.0,0.0,0.0,326.77449798583984,317.430721282959,0,0,0,0,0,0,0,0,0,0,220.24041748046875,10.829087972640991,67.11472034454346,28.590272188186646,nocache_bf16,large_h6_n32_s100,b31ae9e8672d99d3c4abc278a34cb64a3ae6b8671490737ac65bc392888ad281,1464.1851806640625,845.6424331665039,0,935.9734687805176,0,0,0,0
cora_link,val,80,80,cora_link:val:000080:7f359707f1ed22da,0,1512.997581,1512.9779052734375,1443.400798,69.340244,0.0,0.0,0.0,0.0,240.6043815612793,202.3047981262207,0,0,0,0,0,0,0,0,0,0,168.10249519348145,8.674623966217041,44.112224102020264,19.715038299560547,nocache_bf16,large_h6_n32_s100,7f359707f1ed22da8faab892c9f0c4e550944bae7d2edc3e3a20aeba4230bf60,905.77734375,531.7478008270264,0,576.3343410491943,0,0,0,0
cora_link,val,81,81,cora_link:val:000081:5ad2fd21fa8b652a,0,2500.077387,2500.058349609375,2429.20082,70.552557,0.0,0.0,0.0,0.0,391.5662612915039,333.7823066711426,0,0,0,0,0,0,0,0,0,0,278.05833435058594,13.049375772476196,70.02070426940918,30.437846899032593,nocache_bf16,large_h6_n32_s100,5ad2fd21fa8b652a2049a86f654a3e93378d805fc49cae2c8eeb775b131d65c5,1545.915771484375,889.0775051116943,0,990.6205730438232,0,0,0,0
cora_link,val,82,82,cora_link:val:000082:fd7f45bfb7e73442,0,2792.00667,2791.9892578125,2720.88617,70.782941,0.0,0.0,0.0,0.0,417.31321716308594,377.7592658996582,0,0,0,0,0,0,0,0,0,0,289.84780502319336,13.39903998374939,79.66364860534668,34.40272355079651,nocache_bf16,large_h6_n32_s100,fd7f45bfb7e73442826b14a3a81426866b4db698503383acbc493b42430b543a,1748.9429931640625,1007.7978916168213,0,1118.9043674468994,0,0,0,0
cora_link,val,83,83,cora_link:val:000083:e44b2e90a9c51d7c,0,2494.801283,2494.78369140625,2425.408326,69.051117,0.0,0.0,0.0,0.0,380.24643325805664,337.16915130615234,0,0,0,0,0,0,0,0,0,0,266.3934097290039,12.414592027664185,71.02975940704346,30.408672094345093,nocache_bf16,large_h6_n32_s100,e44b2e90a9c51d7c3c35622e72b9a21b0efe7cf5ae800ea7056cd060bc77d86b,1552.7587890625,892.4905967712402,0,997.4373435974121,0,0,0,0
cora_link,val,84,84,cora_link:val:000084:f1d9432decd47702,0,2684.24464,2684.22705078125,2613.513256,70.396984,0.0,0.0,0.0,0.0,418.0811538696289,357.1184310913086,0,0,0,0,0,0,0,0,0,0,295.6973419189453,14.058880090713501,74.86831951141357,33.45661234855652,nocache_bf16,large_h6_n32_s100,f1d9432decd4770232963f43964482d5bb9e9d8b8c6cf0ad13f69125fa1ba7dd,1660.427490234375,957.8590679168701,0,1059.6868534088135,0,0,0,0
cora_link,val,85,85,cora_link:val:000085:53e8473ba934884e,0,2799.989285,2799.97216796875,2730.877644,68.746841,0.0,0.0,0.0,0.0,417.48246002197266,379.0015068054199,0,0,0,0,0,0,0,0,0,0,290.05900955200195,13.666271686553955,78.99555206298828,34.76162672042847,nocache_bf16,large_h6_n32_s100,53e8473ba934884e0887f2ba95ba400bf9bec4d77cf74955ee274d647543a372,1750.5028076171875,1012.2951717376709,0,1117.2091426849365,0,0,0,0
cora_link,val,86,86,cora_link:val:000086:cf8c6d684a64eeda,0,1857.066347,1857.0467529296875,1787.70406,69.073736,0.0,0.0,0.0,0.0,294.57951736450195,244.74876403808594,0,0,0,0,0,0,0,0,0,0,210.24057388305664,10.73904001712799,50.964735984802246,22.635167479515076,nocache_bf16,large_h6_n32_s100,cf8c6d684a64eedafbc9b42ca68fa90eeae373c5ac18f15c95110b42f5a244ef,1131.5364990234375,657.5348472595215,0,718.750415802002,0,0,0,0
cora_link,val,87,87,cora_link:val:000087:c6bd8e7cebeade5f,0,2646.727158,2646.708984375,2576.782927,69.636538,0.0,0.0,0.0,0.0,404.43689727783203,355.67919921875,0,0,0,0,0,0,0,0,0,0,282.78636169433594,13.462719917297363,74.88016033172607,33.307655334472656,nocache_bf16,large_h6_n32_s100,c6bd8e7cebeade5f47abd14366633bb1cf69e653fbe814fc89723b74ae0b3b36,1646.509765625,948.7567672729492,0,1053.4321975708008,0,0,0,0
cora_link,val,88,88,cora_link:val:000088:0d48200e9b1f3f3d,0,2502.658345,2502.640869140625,2431.674802,70.642241,0.0,0.0,0.0,0.0,370.73683166503906,340.7086410522461,0,0,0,0,0,0,0,0,0,0,255.89318084716797,12.76204776763916,71.21222400665283,30.8693790435791,nocache_bf16,large_h6_n32_s100,0d48200e9b1f3f3dcfc330cd785967b078be3ad1a286bcdb7fc01f60f2606226,1561.0806884765625,905.9573764801025,0,995.831953048706,0,0,0,0
cora_link,val,89,89,cora_link:val:000089:e135e8bdc2ae5355,0,2474.246805,2474.227294921875,2403.421483,70.527619,0.0,0.0,0.0,0.0,386.5417594909668,330.96473693847656,0,0,0,0,0,0,0,0,0,0,273.8692512512207,12.85327959060669,69.43494319915771,30.38428544998169,nocache_bf16,large_h6_n32_s100,e135e8bdc2ae5355e65c913f904a6b1c092e152ec90f2c8bf62df9e24b683562,1534.447265625,885.4469108581543,0,979.9650917053223,0,0,0,0
cora_link,val,90,90,cora_link:val:000090:ebd242537a202816,0,2172.243557,2172.225341796875,2100.720007,71.210583,0.0,0.0,0.0,0.0,308.5194892883301,295.7715530395508,0,0,0,0,0,0,0,0,0,0,210.97869110107422,10.434655904769897,60.657087326049805,26.449054956436157,nocache_bf16,large_h6_n32_s100,ebd242537a2028165edb083fbe81f037cdbf9812ef87d2495eb3586a5a9a36ee,1350.731689453125,780.9246063232422,0,865.5786361694336,0,0,0,0
cora_link,val,91,91,cora_link:val:000091:f558e519d1940289,0,2584.994948,2584.976806640625,2513.74604,70.938174,0.0,0.0,0.0,0.0,382.0603141784668,350.59804916381836,0,0,0,0,0,0,0,0,0,0,263.99625396728516,12.884607553482056,73.64054489135742,31.538907766342163,nocache_bf16,large_h6_n32_s100,f558e519d1940289e9ecf4719746f0617fd583d65914b241ebe12a8cd0a81236,1619.0205078125,934.2881278991699,0,1035.3304290771484,0,0,0,0
cora_link,val,92,92,cora_link:val:000092:e5df4d02d0e7b380,0,2413.919841,2413.9013671875,2343.86589,69.738227,0.0,0.0,0.0,0.0,362.2447052001953,327.6011505126953,0,0,0,0,0,0,0,0,0,0,251.13436889648438,12.34284782409668,68.92976093292236,29.837727546691895,nocache_bf16,large_h6_n32_s100,e5df4d02d0e7b380179b6966802525cfd72eb9a4a9a8ef28cfae11b431d047b6,1509.627197265625,871.6939544677734,0,965.5343933105469,0,0,0,0
cora_link,val,93,93,cora_link:val:000093:f735369324c31e69,0,2781.183873,2781.1669921875,2711.939133,68.942442,0.0,0.0,0.0,0.0,445.3810806274414,377.3896675109863,0,0,0,0,0,0,0,0,0,0,315.7247085571289,15.045183658599854,78.5979528427124,36.013235569000244,nocache_bf16,large_h6_n32_s100,f735369324c31e693a850ab7ba020b89daa490b49f893f572391f34fa519cb88,1731.5045166015625,1005.302848815918,0,1103.5913352966309,0,0,0,0
cora_link,val,94,94,cora_link:val:000094:9593ceb59f0fcf1e,0,2200.779957,2200.76123046875,2129.233394,71.257571,0.0,0.0,0.0,0.0,332.2312927246094,295.7649269104004,0,0,0,0,0,0,0,0,0,0,232.52941131591797,11.465695977210999,61.40006351470947,26.836121916770935,nocache_bf16,large_h6_n32_s100,9593ceb59f0fcf1ec9fe9bdb0545d895b3f52d3330b5641998b1e360a9791da1,1365.88037109375,790.0658588409424,0,871.579439163208,0,0,0,0
cora_link,val,95,95,cora_link:val:000095:f00843a8acab5da3,0,2490.546807,2490.529296875,2421.337222,68.926488,0.0,0.0,0.0,0.0,374.3323516845703,341.3098831176758,0,0,0,0,0,0,0,0,0,0,259.7095718383789,12.712672233581543,70.92463970184326,30.9854679107666,nocache_bf16,large_h6_n32_s100,f00843a8acab5da3e805f0694b07b80959cfd68542ed31348195524e1fcc3ebb,1570.8826904296875,911.0386543273926,0,1001.1539192199707,0,0,0,0
cora_link,val,96,96,cora_link:val:000096:2ef8f94e1511e956,0,168.99604,168.9732208251953,99.797769,68.991245,0.0,0.0,0.0,0.0,8.430271863937378,15.756128311157227,0,0,0,0,0,0,0,0,0,0,4.28412801027298,0.18544000014662743,2.4127039909362793,1.5479998625814915,nocache_bf16,large_h6_n32_s100,2ef8f94e1511e9560566504efa7f3478c8055e4fdde9ba820071ccf7a58b2bf4,63.71072006225586,39.98524785041809,0,39.481600522994995,0,0,0,0
cora_link,val,97,97,cora_link:val:000097:2bebad65143879eb,0,2464.549393,2464.53076171875,2393.633654,70.624671,0.0,0.0,0.0,0.0,390.3777313232422,331.28099060058594,0,0,0,0,0,0,0,0,0,0,277.46771240234375,12.951903820037842,69.81446266174316,30.14365243911743,nocache_bf16,large_h6_n32_s100,2bebad65143879ebaf1c5996f266e59ab5dc245fbdb536098e14d0ecf407e384,1535.012451171875,881.7505893707275,0,984.5428524017334,0,0,0,0
cora_link,val,98,98,cora_link:val:000098:ce9b1af93608dee4,0,2535.857333,2535.839599609375,2466.547867,68.915626,0.0,0.0,0.0,0.0,377.08399963378906,346.1355209350586,0,0,0,0,0,0,0,0,0,0,257.86092376708984,12.072543859481812,75.37081527709961,31.779716730117798,nocache_bf16,large_h6_n32_s100,ce9b1af93608dee4182257df99e501dcc4e4ef9bc9034aab3b3e5fb473bce3d1,1592.21337890625,918.4517784118652,0,1019.8971214294434,0,0,0,0
cora_link,val,99,99,cora_link:val:000099:2450ed437ff94702,0,2592.869308,2592.85107421875,2521.767438,70.765851,0.0,0.0,0.0,0.0,388.35497283935547,352.78476333618164,0,0,0,0,0,0,0,0,0,0,268.7405776977539,12.963135719299316,74.23100757598877,32.42025184631348,nocache_bf16,large_h6_n32_s100,2450ed437ff947028c2c2834f4c40c0a89c50b42fb291ba6ccfd962e0e7c0ac0,1628.5166015625,938.0063724517822,0,1043.2949924468994,0,0,0,0
cora_link,test,100,0,cora_link:test:000000:a92a49577d9aaaf9,0,2728.610028,2728.55224609375,2656.312953,71.750607,0.0,0.0,0.0,0.0,367.2281608581543,401.7470359802246,0,0,0,0,0,0,0,0,0,0,248.74444580078125,12.120703935623169,74.69600009918213,31.66701102256775,nocache_bf16,large_h6_n32_s100,a92a49577d9aaaf95325fcc562b287774d230a1f7b54dbc314a6d5f0755e6cb4,1656.3673095703125,999.0626258850098,0,1059.0517196655273,0,0,0,0
cora_link,test,101,1,cora_link:test:000001:47761966a95f3eb6,0,2652.595485,2652.57666015625,2582.189222,70.084488,0.0,0.0,0.0,0.0,381.8579559326172,362.5704650878906,0,0,0,0,0,0,0,0,0,0,260.9507179260254,12.335103988647461,75.63897609710693,32.9331579208374,nocache_bf16,large_h6_n32_s100,47761966a95f3eb62cbe0fba0d2d11c16a3ab6581015304ae9c32ecdc9d2b046,1668.077880859375,966.1996784210205,0,1064.4486675262451,0,0,0,0
cora_link,test,102,2,cora_link:test:000002:248adbffa3013319,0,2209.220897,2209.201904296875,2140.402211,68.514316,0.0,0.0,0.0,0.0,308.2012138366699,300.2784004211426,0,0,0,0,0,0,0,0,0,0,210.28688049316406,10.372832179069519,61.93465614318848,25.606845021247864,nocache_bf16,large_h6_n32_s100,248adbffa30133190208abb5aaef4e46c669cd48341ea54f59ea642c7d0af321,1381.5626220703125,799.6850872039795,0,882.1559352874756,0,0,0,0
cora_link,test,103,3,cora_link:test:000003:733f9ec4809d19f5,0,2338.708443,2338.689208984375,2270.278763,68.120401,0.0,0.0,0.0,0.0,343.3813781738281,315.93801498413086,0,0,0,0,0,0,0,0,0,0,237.90480041503906,11.604575991630554,65.5423994064331,28.329602360725403,nocache_bf16,large_h6_n32_s100,733f9ec4809d19f5681aaaad9301c87204e8a819ff44f4b4ace559f1631f941b,1456.2847900390625,841.0479049682617,0,931.1749000549316,0,0,0,0
cora_link,test,104,4,cora_link:test:000004:38570c1b93d605c5,0,2493.775384,2493.756103515625,2423.077887,70.377588,0.0,0.0,0.0,0.0,362.2366065979004,338.7725410461426,0,0,0,0,0,0,0,0,0,0,248.3401641845703,12.013248205184937,71.49625587463379,30.386938333511353,nocache_bf16,large_h6_n32_s100,38570c1b93d605c599078d8cc2737659926fc60e7ad65141703083a1b65caf0b,1559.0301513671875,903.7562580108643,0,994.0464344024658,0,0,0,0
cora_link,test,105,5,cora_link:test:000005:595c0c9fc1ff6618,0,2271.346006,2271.326416015625,2201.158161,69.890766,0.0,0.0,0.0,0.0,350.96300506591797,303.7906265258789,0,0,0,0,0,0,0,0,0,0,248.0761260986328,12.330655932426453,63.28940677642822,27.26681625843048,nocache_bf16,large_h6_n32_s100,595c0c9fc1ff6618ebb5a8f51b6466afc6c85a0c7a445a132efc20f10f865f57,1406.356201171875,812.6429748535156,0,897.5038528442383,0,0,0,0
cora_link,test,106,6,cora_link:test:000006:31831ee8abbeea66,0,2441.0493,2441.030029296875,2370.221558,70.509878,0.0,0.0,0.0,0.0,346.02742767333984,332.0134696960449,0,0,0,0,0,0,0,0,0,0,235.56742477416992,11.456704139709473,69.6036491394043,29.399649620056152,nocache_bf16,large_h6_n32_s100,31831ee8abbeea66cd0c7b1800211799e2834e0c0c923608d8bf9ca65eee4cd1,1534.3392333984375,884.7456321716309,0,981.6070709228516,0,0,0,0
cora_link,test,107,7,cora_link:test:000007:f9f2e5b62d2ac8de,0,2307.038398,2307.012939453125,2236.44198,70.288305,0.0,0.0,0.0,0.0,322.866397857666,313.9580497741699,0,0,0,0,0,0,0,0,0,0,217.44141006469727,10.707584023475647,67.0120964050293,27.705307364463806,nocache_bf16,large_h6_n32_s100,f9f2e5b62d2ac8ded6e6797e2ed90689e5eeb9d491a0f1d297032aa5fea072d7,1451.8106689453125,836.529764175415,0,929.2389545440674,0,0,0,0
cora_link,test,108,8,cora_link:test:000008:c79461d98b773e5c,0,2220.252563,2220.2333984375,2148.978414,70.968076,0.0,0.0,0.0,0.0,317.6046676635742,299.68809509277344,0,0,0,0,0,0,0,0,0,0,217.3152961730957,10.826591968536377,62.815040588378906,26.647738933563232,nocache_bf16,large_h6_n32_s100,c79461d98b773e5c9ff91d981a1cec73c273981819e850b00eff1d3b65ec8600,1382.707763671875,798.9106559753418,0,883.4852027893066,0,0,0,0
cora_link,test,109,9,cora_link:test:000009:d2ee76e5e84eec35,0,226.13667,226.11378479003906,156.991343,68.926935,0.0,0.0,0.0,0.0,15.797568082809448,24.657407760620117,0,0,0,0,0,0,0,0,0,0,9.349087953567505,0.46934400498867035,3.7790079712867737,2.2001281529664993,nocache_bf16,large_h6_n32_s100,d2ee76e5e84eec3564f795fcd6b2f7254c94efd70155a704ad0925a4965c92ab,103.8581771850586,63.564640045166016,0,64.9509449005127,0,0,0,0
cora_link,test,110,10,cora_link:test:000010:8d14e1da56065451,0,2934.116192,2934.09814453125,2863.283414,70.413467,0.0,0.0,0.0,0.0,442.57076263427734,398.2119674682617,0,0,0,0,0,0,0,0,0,0,309.19055938720703,14.017215967178345,82.83939170837402,36.523595571517944,nocache_bf16,large_h6_n32_s100,8d14e1da5606545155fe5956d5cb8329e8cfde8193f8888f4dd0928477723548,1835.024658203125,1060.7327995300293,0,1172.5038261413574,0,0,0,0
cora_link,test,111,11,cora_link:test:000011:fad03a0158e504b3,0,2931.49762,2931.478515625,2862.687346,68.47195,0.0,0.0,0.0,0.0,438.3743896484375,397.94847869873047,0,0,0,0,0,0,0,0,0,0,304.04633712768555,14.125888109207153,83.10425567626953,37.09790873527527,nocache_bf16,large_h6_n32_s100,fad03a0158e504b32650d140461ea86cb962b0822bff8f4520831a83cd1248e4,1837.5526123046875,1061.049503326416,0,1174.451587677002,0,0,0,0
cora_link,test,112,12,cora_link:test:000012:aca91543227984e3,0,1487.456523,1487.435791015625,1416.036929,71.153546,0.0,0.0,0.0,0.0,211.22079849243164,202.03493881225586,0,0,0,0,0,0,0,0,0,0,141.37593460083008,7.182271957397461,44.14463996887207,18.51795196533203,nocache_bf16,large_h6_n32_s100,aca91543227984e385271d7b6624f3488a279bb046c26f2b6068426fcddd5418,903.31103515625,529.045467376709,0,576.3005065917969,0,0,0,0
cora_link,test,113,13,cora_link:test:000013:c6319e2e394c55b4,0,2419.965758,2419.94677734375,2351.202399,68.450946,0.0,0.0,0.0,0.0,355.41382217407227,329.1750030517578,0,0,0,0,0,0,0,0,0,0,244.18985748291016,12.011616110801697,69.86700820922852,29.345340371131897,nocache_bf16,large_h6_n32_s100,c6319e2e394c55b41806cfecd8da702ae32db387f3cb5a4f8f8eef4694f73a95,1516.5045166015625,875.7686367034912,0,969.9108829498291,0,0,0,0
cora_link,test,114,14,cora_link:test:000014:7bf3e2dde2798014,0,1547.623899,1547.60302734375,1475.949152,71.39005,0.0,0.0,0.0,0.0,204.84128189086914,212.53517150878906,0,0,0,0,0,0,0,0,0,0,133.19536209106445,6.738847970962524,45.978591442108154,18.92848038673401,nocache_bf16,large_h6_n32_s100,7bf3e2dde2798014ceb5d40da68647c5153090960f695abd29526791495aae0b,955.1958618164062,558.1940174102783,0,609.537015914917,0,0,0,0
cora_link,test,115,15,cora_link:test:000015:987bc8c1450d4de6,0,2637.689113,2637.669921875,2568.760011,68.608197,0.0,0.0,0.0,0.0,387.84073638916016,357.9529266357422,0,0,0,0,0,0,0,0,0,0,267.5076484680176,12.858880043029785,75.7172155380249,31.75699234008789,nocache_bf16,large_h6_n32_s100,987bc8c1450d4de64eef125a17107f6448f2d1b5185316d809ae6a6c0f0195e1,1653.4014892578125,952.3651504516602,0,1058.9892654418945,0,0,0,0
cora_link,test,116,16,cora_link:test:000016:5b221701d91b2a5f,0,2319.436456,2319.4169921875,2247.97009,71.157037,0.0,0.0,0.0,0.0,315.52985763549805,317.5921287536621,0,0,0,0,0,0,0,0,0,0,211.4728012084961,10.418560028076172,66.84659099578857,26.791905403137207,nocache_bf16,large_h6_n32_s100,5b221701d91b2a5f8038b3865bbb9fcedfa54c0a8fded06e49662e9b7d10eeca,1465.0574951171875,844.1414089202881,0,938.5082149505615,0,0,0,0
cora_link,test,117,17,cora_link:test:000017:d481cb116e8ae8b8,0,2666.769753,2666.750732421875,2596.183092,70.274123,0.0,0.0,0.0,0.0,386.8115577697754,364.2138862609863,0,0,0,0,0,0,0,0,0,0,265.8932762145996,12.243327856063843,75.81366348266602,32.86129021644592,nocache_bf16,large_h6_n32_s100,d481cb116e8ae8b85fd7c852582357b1bd5b2f42c37be8d533de0caed2e3600d,1676.9781494140625,967.6618633270264,0,1073.5301723480225,0,0,0,0
cora_link,test,118,18,cora_link:test:000018:48808d259fed35be,0,2410.947025,2410.928466796875,2340.636925,69.992982,0.0,0.0,0.0,0.0,335.6312942504883,329.5055351257324,0,0,0,0,0,0,0,0,0,0,224.98064041137695,11.14025604724884,70.58815956115723,28.92223823070526,nocache_bf16,large_h6_n32_s100,48808d259fed35be2922a2257ced6e69b7f3efdea3984cd9e3e45a0b1fcaac34,1521.301025390625,877.5916175842285,0,973.2149429321289,0,0,0,0
cora_link,test,119,19,cora_link:test:000019:12f4d9e1dc287b85,0,2402.662138,2402.643310546875,2331.584002,70.763445,0.0,0.0,0.0,0.0,371.88934326171875,321.0639991760254,0,0,0,0,0,0,0,0,0,0,261.68511962890625,12.671008348464966,67.89820766448975,29.635007619857788,nocache_bf16,large_h6_n32_s100,12f4d9e1dc287b85cf1cb6e0b0a5d7b49bdd9bfc17e5c97e854d6b893dd93fd7,1480.761962890625,855.6547832489014,0,946.171178817749,0,0,0,0
cora_link,test,120,20,cora_link:test:000020:a41d96c929bbaea4,0,2546.185826,2546.1669921875,2477.508971,68.361248,0.0,0.0,0.0,0.0,368.4540786743164,347.1930236816406,0,0,0,0,0,0,0,0,0,0,251.77391815185547,11.811552047729492,73.20639991760254,31.662208557128906,nocache_bf16,large_h6_n32_s100,a41d96c929bbaea468aaad7fdcd5d180accbcd9f4277b2d1ca7740cdd52be7cd,1592.793701171875,923.8013458251953,0,1016.1853790283203,0,0,0,0
cora_link,test,121,21,cora_link:test:000021:021cc6c6d71b868e,0,2228.449675,2228.4296875,2157.251526,70.888418,0.0,0.0,0.0,0.0,320.3811836242676,301.23289489746094,0,0,0,0,0,0,0,0,0,0,219.8214454650879,10.71283209323883,62.8424015045166,27.004504561424255,nocache_bf16,large_h6_n32_s100,021cc6c6d71b868ee32b5ec18999125272fe8f3b8e770b9b2ade266358591a09,1387.239990234375,802.8565731048584,0,885.6163120269775,0,0,0,0
cora_link,test,122,22,cora_link:test:000022:7ebf8fd29faab399,0,2108.720926,2108.70068359375,2039.253657,69.165147,0.0,0.0,0.0,0.0,295.50768280029297,287.87596893310547,0,0,0,0,0,0,0,0,0,0,199.7807331085205,9.852831959724426,60.55398368835449,25.320134043693542,nocache_bf16,large_h6_n32_s100,7ebf8fd29faab399aae704e7cf9151ceb11e4f315cbbea54d10385c82d339425,1324.5450439453125,766.4383068084717,0,845.9827060699463,0,0,0,0
cora_link,test,123,23,cora_link:test:000023:3362a73a111bacec,0,633.774372,633.7525634765625,562.399761,71.138395,0.0,0.0,0.0,0.0,82.48364734649658,79.87692832946777,0,0,0,0,0,0,0,0,0,0,55.099905014038086,2.8348159790039062,17.139968156814575,7.408958196640015,nocache_bf16,large_h6_n32_s100,3362a73a111bacec5618dfa5720e7a98689f6b00361568e5bab3750d7a69ddeb,350.6142272949219,205.33830404281616,0,225.1528515815735,0,0,0,0
cora_link,test,124,24,cora_link:test:000024:85adf0fcce383d9c,0,2325.243591,2325.222900390625,2254.627508,70.250758,0.0,0.0,0.0,0.0,378.3171157836914,305.42432022094727,0,0,0,0,0,0,0,0,0,0,272.4951972961426,13.539040088653564,63.889312744140625,28.39356565475464,nocache_bf16,large_h6_n32_s100,85adf0fcce383d9cb482d4bb8e481933359ac38902568f0b242a66bf714286fe,1421.7471923828125,819.4809627532959,0,907.6905498504639,0,0,0,0
cora_link,test,125,25,cora_link:test:000025:9d9567e93f366061,0,2931.288045,2931.269287109375,2862.681887,68.26305,0.0,0.0,0.0,0.0,439.50079345703125,393.76053619384766,0,0,0,0,0,0,0,0,0,0,306.93510818481445,14.317952156066895,82.53254318237305,35.715189933776855,nocache_bf16,large_h6_n32_s100,9d9567e93f366061cd925a7a7ea1c1641d8e50bb824f0e37e4338dcd7ae6bc6d,1842.044189453125,1060.6918754577637,0,1175.112850189209,0,0,0,0
cora_link,test,126,26,cora_link:test:000026:585463fc562fdee5,0,2950.068413,2950.04931640625,2881.046999,68.680725,0.0,0.0,0.0,0.0,425.67823791503906,401.2434616088867,0,0,0,0,0,0,0,0,0,0,292.2547149658203,13.24832010269165,83.83321571350098,36.34198713302612,nocache_bf16,large_h6_n32_s100,585463fc562fdee5d1a69d189fef63b474daea272c901560a9fabd71463a1f50,1860.90283203125,1072.2893409729004,0,1189.8569526672363,0,0,0,0
cora_link,test,127,27,cora_link:test:000027:2eaf82e718529d61,0,2858.96284,2858.94384765625,2789.638385,68.986166,0.0,0.0,0.0,0.0,432.1777648925781,387.6742401123047,0,0,0,0,0,0,0,0,0,0,301.961856842041,13.793440103530884,80.59817600250244,35.824291944503784,nocache_bf16,large_h6_n32_s100,2eaf82e718529d613e0de6749a0bff9e8cb957e16d67c4b78d6d6721f8f7f677,1792.318115234375,1033.88969039917,0,1146.1026649475098,0,0,0,0
cora_link,test,128,28,cora_link:test:000028:c1dc2bd37c203ab9,0,2395.212939,2395.1943359375,2324.919437,69.982806,0.0,0.0,0.0,0.0,349.4249572753906,323.59356689453125,0,0,0,0,0,0,0,0,0,0,239.60902404785156,11.848159909248352,68.8315839767456,29.136189341545105,nocache_bf16,large_h6_n32_s100,c1dc2bd37c203ab9665b777173926fd67a29c32500d594fa60caed2d1f270794,1494.7030029296875,861.9548492431641,0,956.3417205810547,0,0,0,0
cora_link,test,129,29,cora_link:test:000029:7480b14103945b84,0,2303.468811,2303.44921875,2232.263653,70.873257,0.0,0.0,0.0,0.0,324.5553283691406,314.6140823364258,0,0,0,0,0,0,0,0,0,0,220.44713973999023,10.87606394290924,66.03513622283936,27.196988463401794,nocache_bf16,large_h6_n32_s100,7480b14103945b842a9ba14187b3872f2fc3bcc05877d034c1bc4e899de8d936,1447.8238525390625,836.055196762085,0,926.3827381134033,0,0,0,0
cora_link,test,130,30,cora_link:test:000030:5400903d50457875,0,2515.287322,2515.268798828125,2443.965087,71.003561,0.0,0.0,0.0,0.0,383.35757064819336,335.8363227844238,0,0,0,0,0,0,0,0,0,0,270.3593292236328,12.554816246032715,70.59878349304199,29.84464168548584,nocache_bf16,large_h6_n32_s100,5400903d50457875c14c0b9a3c0a10d4dced003e34216211d87925f2c132ce0a,1556.29248046875,895.6357116699219,0,996.493091583252,0,0,0,0
cora_link,test,131,31,cora_link:test:000031:63aea78df371a953,0,2319.111172,2319.09130859375,2248.579471,70.221529,0.0,0.0,0.0,0.0,317.5059814453125,317.75513458251953,0,0,0,0,0,0,0,0,0,0,211.75711822509766,10.388736009597778,67.8633279800415,27.49679923057556,nocache_bf16,large_h6_n32_s100,63aea78df371a953e2aba90e752f82d6a7fd4d6d701ec5a481f69b45a8204852,1462.8636474609375,843.7624683380127,0,936.8563137054443,0,0,0,0
cora_link,test,132,32,cora_link:test:000032:1f2a998b4dbd6639,0,2679.235919,2679.217529296875,2608.999698,69.915174,0.0,0.0,0.0,0.0,388.4951705932617,363.8025321960449,0,0,0,0,0,0,0,0,0,0,266.6491508483887,12.556735754013062,76.28131198883057,33.00797200202942,nocache_bf16,large_h6_n32_s100,1f2a998b4dbd663942c37acfb051c8449b7e7afbb4c5b001bc643c15a46266d1,1679.041015625,968.813985824585,0,1074.02956199646,0,0,0,0
cora_link,test,133,33,cora_link:test:000033:14d615d89a1b41e3,0,2210.122048,2210.10302734375,2141.072633,68.741562,0.0,0.0,0.0,0.0,312.1093444824219,299.72079849243164,0,0,0,0,0,0,0,0,0,0,209.6075553894043,10.57699191570282,64.97766304016113,26.947134137153625,nocache_bf16,large_h6_n32_s100,14d615d89a1b41e3816c7e8f4b762e6f09730c867962c7aa144a1cd0e0acbc86,1380.1458740234375,797.419225692749,0,882.4474468231201,0,0,0,0
cora_link,test,134,34,cora_link:test:000034:63e24931f3b2ac99,0,2866.245796,2866.227294921875,2795.636601,70.283357,0.0,0.0,0.0,0.0,406.0451126098633,395.4462661743164,0,0,0,0,0,0,0,0,0,0,274.2716178894043,13.033183813095093,83.34966468811035,35.39064621925354,nocache_bf16,large_h6_n32_s100,63e24931f3b2ac9976abff488fc1f0cbad1d106c8a270a4abc94c20d231a9fc1,1816.33349609375,1049.1865501403809,0,1162.5932121276855,0,0,0,0
cora_link,test,135,35,cora_link:test:000035:7c0b00c12372333f,0,2184.39961,2184.3798828125,2114.206793,69.839096,0.0,0.0,0.0,0.0,311.65679931640625,295.91443252563477,0,0,0,0,0,0,0,0,0,0,212.55584335327148,10.574080109596252,63.29862403869629,25.228251814842224,nocache_bf16,large_h6_n32_s100,7c0b00c12372333fd1727af7ceb3fe9c7ce9d78f337f1a6d64b62ed10b83740e,1364.179443359375,788.0503692626953,0,872.0435066223145,0,0,0,0
cora_link,test,136,36,cora_link:test:000036:6084688f7bbdf65d,0,2569.114897,2569.09521484375,2498.994028,69.801902,0.0,0.0,0.0,0.0,386.81418228149414,347.62569427490234,0,0,0,0,0,0,0,0,0,0,268.2885398864746,12.744256258010864,73.73219394683838,32.04919219017029,nocache_bf16,large_h6_n32_s100,6084688f7bbdf65d904c5e7def98fdc045cf685b38eb265b4b265a6721532ba5,1602.3155517578125,929.9577598571777,0,1019.9834861755371,0,0,0,0
cora_link,test,137,37,cora_link:test:000037:da07c8f84e6a36a9,0,2385.95642,2385.937744140625,2314.552823,71.084338,0.0,0.0,0.0,0.0,342.5477409362793,322.50281524658203,0,0,0,0,0,0,0,0,0,0,232.8290557861328,11.444223880767822,68.88812923431396,29.386332035064697,nocache_bf16,large_h6_n32_s100,da07c8f84e6a36a993088066dce943abb672c1f798464c00e59cad3caa720537,1490.50048828125,861.118200302124,0,951.885103225708,0,0,0,0
cora_link,test,138,38,cora_link:test:000038:a34151466e92759c,0,1549.116288,1549.0955810546875,1477.140205,71.703032,0.0,0.0,0.0,0.0,203.49142456054688,211.9351348876953,0,0,0,0,0,0,0,0,0,0,132.9006404876709,6.647040009498596,45.294047832489014,18.649696230888367,nocache_bf16,large_h6_n32_s100,a34151466e92759c74de7d0f87e311f95d733aa0bd5d52e80561031048db934c,959.4589233398438,558.9832305908203,0,612.4108276367188,0,0,0,0
cora_link,test,139,39,cora_link:test:000039:8c051e3c3f1eac2f,0,2359.72838,2359.708740234375,2288.676805,70.745179,0.0,0.0,0.0,0.0,341.5464630126953,319.34045028686523,0,0,0,0,0,0,0,0,0,0,232.3197784423828,11.422367930412292,68.6507511138916,29.153565526008606,nocache_bf16,large_h6_n32_s100,8c051e3c3f1eac2fbb5106a981df606b9c7f62e6d30e378dd9cf19600d1f69e4,1475.58935546875,851.6208686828613,0,943.3089370727539,0,0,0,0
cora_link,test,140,40,cora_link:test:000040:0c4e1b16e7f6d32e,0,2502.592847,2502.574462890625,2433.467155,68.794575,0.0,0.0,0.0,0.0,384.7247009277344,336.69152069091797,0,0,0,0,0,0,0,0,0,0,270.8547172546387,12.826559782028198,69.7491512298584,31.294272661209106,nocache_bf16,large_h6_n32_s100,0c4e1b16e7f6d32e5da80273adc54aca607610739bfc2682e89dac848332874a,1557.3773193359375,896.681282043457,0,997.3875579833984,0,0,0,0
cora_link,test,141,41,cora_link:test:000041:94823266d74a6d48,0,2627.986602,2627.967529296875,2558.38218,69.287688,0.0,0.0,0.0,0.0,356.5794258117676,363.5430030822754,0,0,0,0,0,0,0,0,0,0,236.92783737182617,11.461888074874878,76.34905624389648,31.840644121170044,nocache_bf16,large_h6_n32_s100,94823266d74a6d48a3ebb0e739cc6b9a001e36bc6d4378d466e605e013136a1e,1669.157470703125,965.3267517089844,0,1067.373722076416,0,0,0,0
cora_link,test,142,42,cora_link:test:000042:3043386de9eb5a17,0,2508.22227,2508.203125,2437.100348,70.804465,0.0,0.0,0.0,0.0,371.40266036987305,337.38732528686523,0,0,0,0,0,0,0,0,0,0,258.17913818359375,12.506176233291626,70.13216018676758,30.585185766220093,nocache_bf16,large_h6_n32_s100,3043386de9eb5a174134a7e339dde5f554850f3be3e476a139a3e6620f9e94ff,1561.458251953125,901.0951671600342,0,997.750410079956,0,0,0,0
cora_link,test,143,43,cora_link:test:000043:a61dd8a6124feaf5,0,2624.45333,2624.434326171875,2554.285469,69.854846,0.0,0.0,0.0,0.0,362.7804489135742,360.08620834350586,0,0,0,0,0,0,0,0,0,0,243.2470703125,11.657472133636475,75.8251838684082,32.05072259902954,nocache_bf16,large_h6_n32_s100,a61dd8a6124feaf55c666b0ed451d4b59b3548088c16c62153daa0eeed988780,1658.87158203125,957.7667179107666,0,1061.1910724639893,0,0,0,0
cora_link,test,144,44,cora_link:test:000044:90d883bbff1b482c,0,2721.736371,2721.71728515625,2650.916226,70.497354,0.0,0.0,0.0,0.0,429.7156066894531,364.766300201416,0,0,0,0,0,0,0,0,0,0,305.7083549499512,14.575648069381714,75.45264053344727,33.978963136672974,nocache_bf16,large_h6_n32_s100,90d883bbff1b482ce1b0f86688ef07df0ad211ec8eff530394d1e198d8430b26,1685.5103759765625,972.9412441253662,0,1077.3354320526123,0,0,0,0
cora_link,test,145,45,cora_link:test:000045:bae37ede4a3de9b1,0,2545.557058,2545.53759765625,2474.523079,70.714377,0.0,0.0,0.0,0.0,369.25647735595703,345.1183967590332,0,0,0,0,0,0,0,0,0,0,253.0142707824707,11.81107211112976,73.42966270446777,31.001471757888794,nocache_bf16,large_h6_n32_s100,bae37ede4a3de9b1b112273365558ac2d3c01eba152028941b820629cb36f666,1598.993896484375,924.4251842498779,0,1019.6871089935303,0,0,0,0
cora_link,test,146,46,cora_link:test:000046:a3fb53fd45897eed,0,2554.466743,2554.447021484375,2485.417383,68.732503,0.0,0.0,0.0,0.0,371.82701110839844,348.1353950500488,0,0,0,0,0,0,0,0,0,0,254.28470993041992,11.930880188941956,73.88374519348145,31.727675795555115,nocache_bf16,large_h6_n32_s100,a3fb53fd45897eed4bb12c5192d2091db1a22b1a781d299d9837a5f36024d63f,1600.2908935546875,923.7728939056396,0,1024.6533946990967,0,0,0,0
cora_link,test,147,47,cora_link:test:000047:e806f17c15aa686b,0,2362.595557,2362.576416015625,2291.780941,70.498572,0.0,0.0,0.0,0.0,352.30963134765625,318.15059661865234,0,0,0,0,0,0,0,0,0,0,245.53164291381836,11.694240093231201,66.82451248168945,28.259235858917236,nocache_bf16,large_h6_n32_s100,e806f17c15aa686b060e0ed51edf41cd755ff4e9f4ba115925f5000037240c8f,1466.9525146484375,845.5930862426758,0,939.5100250244141,0,0,0,0
cora_link,test,148,48,cora_link:test:000048:c713ee4fd107b98c,0,2326.95413,2326.934814453125,2255.253459,71.334438,0.0,0.0,0.0,0.0,317.47740936279297,317.1208953857422,0,0,0,0,0,0,0,0,0,0,211.89760208129883,10.408192038536072,67.10403251647949,28.067582726478577,nocache_bf16,large_h6_n32_s100,c713ee4fd107b98c450cce5e01dd3bcf642b3fd16862c42ce9c070d74d4e7f36,1469.8917236328125,845.0139846801758,0,941.9986343383789,0,0,0,0
cora_link,test,149,49,cora_link:test:000049:4875f0d1278f893a,0,2349.64858,2349.628662109375,2280.531909,68.804981,0.0,0.0,0.0,0.0,350.0971565246582,317.3831367492676,0,0,0,0,0,0,0,0,0,0,244.33215713500977,11.56761610507965,65.8885440826416,28.308839201927185,nocache_bf16,large_h6_n32_s100,4875f0d1278f893adb29afed4c489723a9c4bf4cff2155264658735ae2a78b4a,1470.558837890625,847.818977355957,0,940.1229972839355,0,0,0,0
cora_link,test,150,50,cora_link:test:000050:edd01bf99d59d0d3,0,2405.95774,2405.93896484375,2336.875666,68.772325,0.0,0.0,0.0,0.0,358.75881576538086,322.1085433959961,0,0,0,0,0,0,0,0,0,0,249.9722557067871,11.957184076309204,67.9195203781128,28.909855604171753,nocache_bf16,large_h6_n32_s100,edd01bf99d59d0d3183fe96945c7ab77e925a18783b97396e292410a726326e4,1498.626708984375,862.4929275512695,0,958.2423248291016,0,0,0,0
cora_link,test,151,51,cora_link:test:000051:50ba04ac7a5538a1,0,2245.327387,2245.307373046875,2174.133052,70.889611,0.0,0.0,0.0,0.0,304.09081649780273,306.8883171081543,0,0,0,0,0,0,0,0,0,0,203.79584121704102,10.202976107597351,64.85318374633789,25.238815426826477,nocache_bf16,large_h6_n32_s100,50ba04ac7a5538a1d58a96d93c24da81af646af9e7cf91d4812ed58a4076106e,1415.5406494140625,818.4987545013428,0,903.930212020874,0,0,0,0
cora_link,test,152,52,cora_link:test:000052:3d056eca91a9a836,0,2637.723479,2637.705322265625,2569.391873,68.014993,0.0,0.0,0.0,0.0,366.4764823913574,362.79478454589844,0,0,0,0,0,0,0,0,0,0,246.65817260742188,11.412063956260681,76.64972686767578,31.756518959999084,nocache_bf16,large_h6_n32_s100,3d056eca91a9a83670c06713bbe83ebf3e1072c5493ac4c40eaad5ff9be5dac4,1671.6888427734375,964.5458297729492,0,1069.9377975463867,0,0,0,0
cora_link,test,153,53,cora_link:test:000053:afffb12d2f835989,0,1995.2641,1995.244873046875,1926.21949,68.744379,0.0,0.0,0.0,0.0,268.8444175720215,271.8287353515625,0,0,0,0,0,0,0,0,0,0,178.13475036621094,8.939103960990906,58.23827266693115,23.53229057788849,nocache_bf16,large_h6_n32_s100,afffb12d2f8359894144ea1011bb00a1beddec2d1e8e2a96f0a23197bd320ad7,1253.2540283203125,725.3556785583496,0,799.7270851135254,0,0,0,0
cora_link,test,154,54,cora_link:test:000054:30c26c12e5ad1acc,0,2512.53578,2512.516357421875,2443.34158,68.802052,0.0,0.0,0.0,0.0,366.72463607788086,340.7311668395996,0,0,0,0,0,0,0,0,0,0,251.86774063110352,11.933184027671814,72.48259162902832,30.44111979007721,nocache_bf16,large_h6_n32_s100,30c26c12e5ad1acc921d6007d96b5414db7a451770e578c7ec38deb32d74ab94,1571.204833984375,911.3772811889648,0,1000.5587196350098,0,0,0,0
cora_link,test,155,55,cora_link:test:000055:71bf8a9463858055,0,2128.269227,2128.249267578125,2058.218041,69.750547,0.0,0.0,0.0,0.0,274.046817779541,292.8515510559082,0,0,0,0,0,0,0,0,0,0,178.66067123413086,8.764288067817688,61.857184410095215,24.764674067497253,nocache_bf16,large_h6_n32_s100,71bf8a94638580552fec335174e5be8a4d64bac73d5c7f16af740198f9557854,1348.9873046875,777.9630680084229,0,863.8757877349854,0,0,0,0
cora_link,test,156,56,cora_link:test:000056:a45fd9c8fbaeda83,0,2910.978771,2910.96044921875,2841.729691,68.915701,0.0,0.0,0.0,0.0,450.5963592529297,392.64342498779297,0,0,0,0,0,0,0,0,0,0,317.96047592163086,14.360960006713867,82.12745666503906,36.1474666595459,nocache_bf16,large_h6_n32_s100,a45fd9c8fbaeda83f996b5c5134233e343c2330cd97543af1dc4aa469895b57a,1815.267822265625,1048.0711364746094,0,1159.8401107788086,0,0,0,0
cora_link,test,157,57,cora_link:test:000057:8cce888c9b65f06a,0,2483.251655,2483.23291015625,2412.633536,70.31822,0.0,0.0,0.0,0.0,364.38719940185547,332.8761291503906,0,0,0,0,0,0,0,0,0,0,252.3004493713379,11.735840082168579,70.58137702941895,29.769532918930054,nocache_bf16,large_h6_n32_s100,8cce888c9b65f06a5282b21227395865b0021e9e80a7f06a26231ebce5e682bd,1550.2138671875,891.7799072265625,0,991.3100891113281,0,0,0,0
cora_link,test,158,58,cora_link:test:000058:0a15699abbc7bdfe,0,2870.833323,2870.81591796875,2802.45676,68.068174,0.0,0.0,0.0,0.0,434.44527435302734,388.67942810058594,0,0,0,0,0,0,0,0,0,0,302.3356475830078,14.154367923736572,81.13967990875244,36.81557893753052,nocache_bf16,large_h6_n32_s100,0a15699abbc7bdfe11e1545398d656d9a071b62cdfa31f06fcff39dc96d7d97f,1798.9266357421875,1037.9861030578613,0,1149.619960784912,0,0,0,0
cora_link,test,159,59,cora_link:test:000059:7ad4f13634e65d42,0,2442.512139,2442.493408203125,2373.883596,68.321942,0.0,0.0,0.0,0.0,358.4295654296875,330.1447334289551,0,0,0,0,0,0,0,0,0,0,246.5978546142578,11.89305591583252,69.85340785980225,30.085247039794922,nocache_bf16,large_h6_n32_s100,7ad4f13634e65d42696f55ae561430fda053895ac5a173d4c38046f329f65662,1535.1724853515625,883.1473846435547,0,982.1698341369629,0,0,0,0
cora_link,test,160,60,cora_link:test:000060:947ecd7092b60d75,0,227.652241,227.6282501220703,158.062567,69.380015,0.0,0.0,0.0,0.0,15.61894416809082,24.77785587310791,0,0,0,0,0,0,0,0,0,0,9.230239987373352,0.46595199406147003,3.744928002357483,2.1778241842985153,nocache_bf16,large_h6_n32_s100,947ecd7092b60d753dd719552fce7c384a6830ffd76e25155af36e9e9adf3896,105.11529541015625,63.98678410053253,0,65.90636718273163,0,0,0,0
cora_link,test,161,61,cora_link:test:000061:1acb49af271f9d61,0,2635.868844,2635.850341796875,2564.595278,70.886416,0.0,0.0,0.0,0.0,410.0013732910156,353.88873291015625,0,0,0,0,0,0,0,0,0,0,289.53775787353516,13.497375965118408,73.49164867401123,33.47459077835083,nocache_bf16,large_h6_n32_s100,1acb49af271f9d61b24aa48362d2b853908b399d03bd39d8cc98f9d1f081985a,1637.9603271484375,941.389217376709,0,1050.4598426818848,0,0,0,0
cora_link,test,162,62,cora_link:test:000062:6cfbf15b798236a5,0,2467.446041,2467.4267578125,2397.371082,69.771089,0.0,0.0,0.0,0.0,328.6935348510742,339.45920181274414,0,0,0,0,0,0,0,0,0,0,217.6055679321289,10.392544031143188,71.41846466064453,29.276958227157593,nocache_bf16,large_h6_n32_s100,6cfbf15b798236a54090cd19df3719c67a389fc2e3dee5ac50bda445d2aaee96,1566.3555908203125,901.3480625152588,0,1004.4667301177979,0,0,0,0
cora_link,test,163,63,cora_link:test:000063:9ace740bce59e5eb,0,2118.541157,2118.521240234375,2049.495846,68.755773,0.0,0.0,0.0,0.0,296.43273544311523,288.5764808654785,0,0,0,0,0,0,0,0,0,0,200.35564804077148,9.989504098892212,60.693888664245605,25.393694639205933,nocache_bf16,large_h6_n32_s100,9ace740bce59e5ebac4f83ca36118d0f76b772a4250fc122be277a75341046da,1331.660888671875,765.515682220459,0,854.7216873168945,0,0,0,0
cora_link,test,164,64,cora_link:test:000064:e6ca9e4062a35662,0,2906.322211,2906.30322265625,2835.575697,70.420692,0.0,0.0,0.0,0.0,434.83948516845703,392.66554260253906,0,0,0,0,0,0,0,0,0,0,302.79180908203125,13.842655658721924,82.37398433685303,35.83103609085083,nocache_bf16,large_h6_n32_s100,e6ca9e4062a3566245ff7a1135ef3f44abbec6aed0dcdc1ea3ca402b6611e5f3,1815.919677734375,1047.7483291625977,0,1160.8368911743164,0,0,0,0
cora_link,test,165,65,cora_link:test:000065:7b22040be3ab19bb,0,243.931014,243.90821838378906,174.989311,68.735458,0.0,0.0,0.0,0.0,14.978944063186646,26.9334397315979,0,0,0,0,0,0,0,0,0,0,8.272255897521973,0.4236479923129082,3.9800961017608643,2.3029440715909004,nocache_bf16,large_h6_n32_s100,7b22040be3ab19bbcfa9198d7350cc1a126591686908e34ef3b5a920fd636caa,116.4444808959961,71.05369567871094,0,72.32422494888306,0,0,0,0
cora_link,test,166,66,cora_link:test:000066:bc7f1918aa925803,0,3007.244397,3007.225830078125,2937.194508,69.719351,0.0,0.0,0.0,0.0,460.4623260498047,403.0931625366211,0,0,0,0,0,0,0,0,0,0,324.53747940063477,15.204063892364502,83.6555528640747,37.06522989273071,nocache_bf16,large_h6_n32_s100,bc7f1918aa925803f1d7036ade0510d3686fbe78b3908d95997a2747ae85b5dd,1890.4412841796875,1083.948356628418,0,1209.5860900878906,0,0,0,0
cora_link,test,167,67,cora_link:test:000067:111f661608b76851,0,2786.332678,2786.313720703125,2715.088396,70.92658,0.0,0.0,0.0,0.0,408.8489303588867,377.1836471557617,0,0,0,0,0,0,0,0,0,0,281.76816177368164,13.422880172729492,79.06067276000977,34.59721565246582,nocache_bf16,large_h6_n32_s100,111f661608b76851f9a56159eadc34c3e40962055823a3029b4903a09f3bd9b8,1745.2733154296875,1006.759937286377,0,1115.6970252990723,0,0,0,0
cora_link,test,168,68,cora_link:test:000068:c05c7b87fd0cda19,0,1912.885337,1912.8651123046875,1841.370918,71.235177,0.0,0.0,0.0,0.0,279.0377311706543,255.67516708374023,0,0,0,0,0,0,0,0,0,0,192.41136169433594,9.733888030052185,54.119585037231445,22.77289640903473,nocache_bf16,large_h6_n32_s100,c05c7b87fd0cda19478eece624809a5919473f036800f1e4b036d40d7b5aac07,1183.7880859375,685.4395236968994,0,754.0237293243408,0,0,0,0
cora_link,test,169,69,cora_link:test:000069:a591447a76a23f33,0,2332.341293,2332.322509765625,2261.342229,70.595459,0.0,0.0,0.0,0.0,328.0562553405762,315.63315200805664,0,0,0,0,0,0,0,0,0,0,221.92607879638672,10.979967951774597,66.99161529541016,28.1585932970047,nocache_bf16,large_h6_n32_s100,a591447a76a23f33910d5c7059da320f0fabc4b0dbd677fc99b0287262664a94,1463.137939453125,842.1330509185791,0,936.6380405426025,0,0,0,0
cora_link,test,170,70,cora_link:test:000070:b5db190fcc93371e,0,1999.50601,1999.4849853515625,1927.381186,71.728245,0.0,0.0,0.0,0.0,294.1190376281738,265.5562210083008,0,0,0,0,0,0,0,0,0,0,204.11695861816406,10.347263813018799,55.77878379821777,23.876031398773193,nocache_bf16,large_h6_n32_s100,b5db190fcc93371e6fd6c7b19e7d92fe572c469bbaf76e6fa6c6db2eddb8a366,1236.091796875,715.0660533905029,0,786.5819644927979,0,0,0,0
cora_link,test,171,71,cora_link:test:000071:32de58fd2a55623a,0,2363.153719,2363.13427734375,2292.70717,69.98847,0.0,0.0,0.0,0.0,328.5257225036621,322.37279891967773,0,0,0,0,0,0,0,0,0,0,221.2288932800293,10.651552081108093,68.42672061920166,28.21855652332306,nocache_bf16,large_h6_n32_s100,32de58fd2a55623a8a4fdbc4c85baf53a112f8c483bc706efcdfff3fa11b82a6,1483.1400146484375,853.7775764465332,0,951.735237121582,0,0,0,0
cora_link,test,172,72,cora_link:test:000072:997a47a4073e41df,0,2693.658948,2693.634521484375,2621.883349,71.271064,0.0,0.0,0.0,0.0,412.4507141113281,358.9752006530762,0,0,0,0,0,0,0,0,0,0,289.4275894165039,14.060896158218384,75.01996803283691,33.94226050376892,nocache_bf16,large_h6_n32_s100,997a47a4073e41dfbdd26b79f2cdf9d91d113ac9c163ec5b4518845d9c1a14ff,1667.683837890625,958.7582454681396,0,1067.9007930755615,0,0,0,0
cora_link,test,173,73,cora_link:test:000073:4a2d121a0ac5d0e8,0,230.278217,230.2540740966797,158.483289,71.562588,0.0,0.0,0.0,0.0,16.196352005004883,25.0382080078125,0,0,0,0,0,0,0,0,0,0,9.526816010475159,0.4864319935441017,3.872928023338318,2.3101759776473045,nocache_bf16,large_h6_n32_s100,4a2d121a0ac5d0e8947e6f1cc3538e7b0618cf9bc060786f6c613eb7f23877b6,104.0118408203125,63.93900763988495,0,65.11104118824005,0,0,0,0
cora_link,test,174,74,cora_link:test:000074:f2f5a19ab342cae0,0,2764.207861,2764.189453125,2695.378263,68.514065,0.0,0.0,0.0,0.0,421.0271682739258,371.04230880737305,0,0,0,0,0,0,0,0,0,0,294.76515197753906,14.128607988357544,77.71740818023682,34.41600012779236,nocache_bf16,large_h6_n32_s100,f2f5a19ab342cae01e5ec98ce3eef6abef032ebc47f51ffe574d4781fc8b3557,1726.213134765625,990.1750717163086,0,1107.0803718566895,0,0,0,0
cora_link,test,175,75,cora_link:test:000075:a22fb2ea2f9d29a0,0,1879.292585,1879.27197265625,1808.193795,70.758436,0.0,0.0,0.0,0.0,324.0574035644531,244.2293472290039,0,0,0,0,0,0,0,0,0,0,237.6458511352539,11.792768001556396,51.082207679748535,23.536576747894287,nocache_bf16,large_h6_n32_s100,a22fb2ea2f9d29a06305b4c510f2c3e4bbd2b99fd56ecec2d068c4cc9f07167e,1124.313232421875,654.7359390258789,0,713.806640625,0,0,0,0
cora_link,test,176,76,cora_link:test:000076:1e647e3fbb4a5d43,0,2357.4964,2357.476318359375,2286.396786,70.760141,0.0,0.0,0.0,0.0,357.0178909301758,317.2342414855957,0,0,0,0,0,0,0,0,0,0,249.04540634155273,11.926527857780457,66.8256311416626,29.220325589179993,nocache_bf16,large_h6_n32_s100,1e647e3fbb4a5d4311b381ebfb3b2b8705e1fbb6111d584d7688cb1d1792d2ca,1468.7132568359375,844.6584644317627,0,941.2890338897705,0,0,0,0
cora_link,test,177,77,cora_link:test:000077:57987e30b21585ac,0,2767.428965,2767.40869140625,2696.421937,70.657507,0.0,0.0,0.0,0.0,423.4107437133789,373.0561866760254,0,0,0,0,0,0,0,0,0,0,298.11663818359375,13.78223967552185,76.8413438796997,34.6705219745636,nocache_bf16,large_h6_n32_s100,57987e30b21585ac890d144276d72d0f418ba5cdd81ab0c30b1a21f8e9d6075b,1724.6387939453125,994.8481254577637,0,1102.8468551635742,0,0,0,0
cora_link,test,178,78,cora_link:test:000078:9bdde5920f8b0a51,0,2364.505448,2364.486572265625,2293.275687,70.927635,0.0,0.0,0.0,0.0,319.7298889160156,323.62127685546875,0,0,0,0,0,0,0,0,0,0,212.94108963012695,10.386848092079163,68.91929531097412,27.482655882835388,nocache_bf16,large_h6_n32_s100,9bdde5920f8b0a513e78a303aba8691885dbdd99b194f26bbf3580c295636ba3,1494.309326171875,861.1681880950928,0,956.762414932251,0,0,0,0
cora_link,test,179,79,cora_link:test:000079:0be9ee67b25a5ac7,0,2339.946529,2339.927490234375,2269.673209,69.96941,0.0,0.0,0.0,0.0,340.99983978271484,316.5562858581543,0,0,0,0,0,0,0,0,0,0,233.8084831237793,11.467039942741394,66.85408115386963,28.870235562324524,nocache_bf16,large_h6_n32_s100,0be9ee67b25a5ac77fd325a65d625b85dfb3a5de371af07b0487aef00427b48a,1461.043212890625,841.9909133911133,0,935.608585357666,0,0,0,0
cora_link,test,180,80,cora_link:test:000080:6852c56d89f072d5,0,247.255396,247.23292541503906,175.259405,71.788506,0.0,0.0,0.0,0.0,14.97062373161316,26.915167808532715,0,0,0,0,0,0,0,0,0,0,8.30566394329071,0.42396799474954605,3.964736044406891,2.276255749166012,nocache_bf16,large_h6_n32_s100,6852c56d89f072d51f4aca826c10a83c549fdeadf267146bd458c6d8a0248d79,117.06079864501953,71.22294354438782,0,72.75302290916443,0,0,0,0
cora_link,test,181,81,cora_link:test:000081:7ade712ace234fe2,0,2898.906561,2898.888671875,2827.249337,71.328398,0.0,0.0,0.0,0.0,462.64293670654297,388.006046295166,0,0,0,0,0,0,0,0,0,0,315.42544174194336,14.543071746826172,80.55123138427734,52.123191833496094,nocache_bf16,large_h6_n32_s100,7ade712ace234fe217bed41b8f28f589a52ed66375290776d19b6a03af51cc3a,1793.890380859375,1036.2132148742676,0,1145.6832122802734,0,0,0,0
cora_link,test,182,82,cora_link:test:000082:609a3b47d7b0b3e3,0,2566.284903,2566.265869140625,2497.024821,68.961082,0.0,0.0,0.0,0.0,385.6064682006836,348.83654403686523,0,0,0,0,0,0,0,0,0,0,266.8334083557129,12.856832027435303,73.82870483398438,32.087522983551025,nocache_bf16,large_h6_n32_s100,609a3b47d7b0b3e3b9ce4442fde0daf9705270c755b903e6cdb46302ceccd799,1604.99072265625,931.5644779205322,0,1022.262788772583,0,0,0,0
cora_link,test,183,83,cora_link:test:000083:d4efc39aa4d8bd04,0,2331.274979,2331.25634765625,2261.310687,69.682628,0.0,0.0,0.0,0.0,361.49776458740234,312.7640953063965,0,0,0,0,0,0,0,0,0,0,254.61110305786133,12.467936038970947,65.94857597351074,28.470149517059326,nocache_bf16,large_h6_n32_s100,d4efc39aa4d8bd043bf53de050b146bf9e4fbe3fbe2b1850fd7f4475af59a4d2,1444.7296142578125,834.0071392059326,0,923.4865703582764,0,0,0,0
cora_link,test,184,84,cora_link:test:000084:8fff9e642d26fa46,0,2235.060022,2235.041259765625,2166.326979,68.440126,0.0,0.0,0.0,0.0,321.2314872741699,302.48559951782227,0,0,0,0,0,0,0,0,0,0,218.02093124389648,10.90009617805481,64.63110446929932,27.67935538291931,nocache_bf16,large_h6_n32_s100,8fff9e642d26fa462328014578b8844e354d3af16655da0a5a04c04a27f5579f,1395.006591796875,806.659294128418,0,890.8328971862793,0,0,0,0
cora_link,test,185,85,cora_link:test:000085:406c175ea3120aa1,0,2564.330458,2564.311279296875,2494.600114,69.429858,0.0,0.0,0.0,0.0,372.30688095092773,350.2842559814453,0,0,0,0,0,0,0,0,0,0,256.3589782714844,12.485536098480225,72.19923210144043,31.263134479522705,nocache_bf16,large_h6_n32_s100,406c175ea3120aa178c1257c0c380892ef5a372f750596f6690cbf05fd393df0,1612.9405517578125,929.2282886505127,0,1033.9965190887451,0,0,0,0
cora_link,test,186,86,cora_link:test:000086:e8f1bc59186b6765,0,2634.709762,2634.691162109375,2564.33753,70.0559,0.0,0.0,0.0,0.0,407.30963134765625,355.3295707702637,0,0,0,0,0,0,0,0,0,0,287.0867805480957,13.867552042007446,73.53334426879883,32.82195448875427,nocache_bf16,large_h6_n32_s100,e8f1bc59186b6765eac4cb99e2d2c00bf502e2950a0cf41c6a002c97d1c9cb24,1638.488037109375,945.2297592163086,0,1048.58784866333,0,0,0,0
cora_link,test,187,87,cora_link:test:000087:c7011ca75dd0b78f,0,2171.812315,2171.792724609375,2100.468117,71.063559,0.0,0.0,0.0,0.0,302.4486389160156,295.64028549194336,0,0,0,0,0,0,0,0,0,0,203.96195220947266,10.057567954063416,61.85328006744385,26.575838685035706,nocache_bf16,large_h6_n32_s100,c7011ca75dd0b78f09ba8ae4b7c2f705cff0ebb4dc7bb057164a17ee3be1fe92,1364.076171875,787.1264324188232,0,872.5900249481201,0,0,0,0
cora_link,test,188,88,cora_link:test:000088:18b968107306c332,0,2471.373352,2471.354248046875,2399.712304,71.319349,0.0,0.0,0.0,0.0,361.7499885559082,333.9142761230469,0,0,0,0,0,0,0,0,0,0,250.05347442626953,11.527999997138977,69.80547142028809,30.36304271221161,nocache_bf16,large_h6_n32_s100,18b968107306c332ca1e70e6d5db1379de839112c753882716a7136eea894167,1544.864013671875,888.4875564575195,0,990.2907333374023,0,0,0,0
cora_link,test,189,89,cora_link:test:000089:e368f47a88b67f89,0,2523.866404,2523.847900390625,2452.790531,70.763281,0.0,0.0,0.0,0.0,371.1526794433594,339.5486373901367,0,0,0,0,0,0,0,0,0,0,257.2348747253418,12.637823820114136,70.10300827026367,31.17697262763977,nocache_bf16,large_h6_n32_s100,e368f47a88b67f8984608eb37010339b6a995fff45a1de23ea9fd575be8f3b34,1573.8250732421875,910.2105350494385,0,1003.1631755828857,0,0,0,0
cora_link,test,190,90,cora_link:test:000090:5d9c13ae1a649560,0,2114.601563,2114.581787109375,2043.191033,71.070907,0.0,0.0,0.0,0.0,312.94572830200195,284.09388732910156,0,0,0,0,0,0,0,0,0,0,216.2489891052246,11.02291202545166,59.96598434448242,25.70784282684326,nocache_bf16,large_h6_n32_s100,5d9c13ae1a6495607b4a8df6b8a509ca6d72616cc25333b376913fd59240b312,1315.814697265625,760.9320030212402,0,838.9765815734863,0,0,0,0
cora_link,test,191,91,cora_link:test:000091:3fcc197a36801b0b,0,2287.208809,2287.18994140625,2218.284604,68.639764,0.0,0.0,0.0,0.0,352.04492950439453,306.7907180786133,0,0,0,0,0,0,0,0,0,0,247.9271011352539,12.146719694137573,64.10819149017334,27.862917184829712,nocache_bf16,large_h6_n32_s100,3fcc197a36801b0b1e47743d520e7e174ef2f3b6400d9545bb21c63544115193,1420.2923583984375,820.2136726379395,0,906.8694038391113,0,0,0,0
cora_link,test,192,92,cora_link:test:000092:4d7a0254c3823983,0,2528.821715,2528.80224609375,2459.851986,68.666888,0.0,0.0,0.0,0.0,366.4309425354004,346.94544219970703,0,0,0,0,0,0,0,0,0,0,249.30592346191406,11.946335911750793,73.54553604125977,31.63314712047577,nocache_bf16,large_h6_n32_s100,4d7a0254c38239838679798d0a79a6660d2e5d48555e626de4d0360dff851265,1599.4090576171875,922.3298225402832,0,1024.0246772766113,0,0,0,0
cora_link,test,193,93,cora_link:test:000093:919b65144e1f3589,0,2561.142806,2561.124755859375,2491.152041,69.589042,0.0,0.0,0.0,0.0,384.9159278869629,348.6726760864258,0,0,0,0,0,0,0,0,0,0,267.2888374328613,12.92249608039856,73.12246513366699,31.58212924003601,nocache_bf16,large_h6_n32_s100,919b65144e1f358963da7fc4b4eac623d1f901a9a675f43cd7783f592c375d5e,1612.1444091796875,928.3054103851318,0,1032.5116748809814,0,0,0,0
cora_link,test,194,94,cora_link:test:000094:1650307c89f359b4,0,2121.620819,2121.597412109375,2046.642479,74.560918,0.0,0.0,0.0,0.0,299.6331481933594,288.4760932922363,0,0,0,0,0,0,0,0,0,0,203.69926834106445,9.93887996673584,60.67548847198486,25.31951141357422,nocache_bf16,large_h6_n32_s100,1650307c89f359b4b89afb869c40991166a652ccf9193175d8cbaca7f8f77e53,1334.8822021484375,771.1331825256348,0,852.2251129150391,0,0,0,0
cora_link,test,195,95,cora_link:test:000095:b25ee3cbd55f1424,0,249.43985,249.41261291503906,179.494649,69.702382,0.0,0.0,0.0,0.0,15.501919746398926,27.435296535491943,0,0,0,0,0,0,0,0,0,0,8.563135981559753,0.4391679987311363,4.1221760511398315,2.3774397149682045,nocache_bf16,large_h6_n32_s100,b25ee3cbd55f142432c4ba3b795de91eb7f40b98074edbc5c62a3715a28617d9,113.0379867553711,67.1908802986145,0,73.28240299224854,0,0,0,0
cora_link,test,196,96,cora_link:test:000096:2e55047c7ac6960a,0,2432.797714,2432.77880859375,2362.899145,69.457952,0.0,0.0,0.0,0.0,350.63289642333984,331.70419692993164,0,0,0,0,0,0,0,0,0,0,240.19270706176758,11.260031938552856,69.75001525878906,29.430142164230347,nocache_bf16,large_h6_n32_s100,2e55047c7ac6960aa9e5574e5b2a92324f35c4a36c054647daf56eef90282162,1527.6619873046875,880.680606842041,0,978.6855773925781,0,0,0,0
cora_link,test,197,97,cora_link:test:000097:37f8cf0047f769ff,0,1953.119959,1953.0985107421875,1881.664929,71.063933,0.0,0.0,0.0,0.0,281.2254104614258,265.84610748291016,0,0,0,0,0,0,0,0,0,0,190.57295989990234,9.460767984390259,57.183616638183594,24.008065938949585,nocache_bf16,large_h6_n32_s100,37f8cf0047f769ffed7de0cc67c79a75bc649ae54f38b3df1131698b10fcb203,1219.66015625,705.6900768280029,0,779.8161869049072,0,0,0,0
cora_link,test,198,98,cora_link:test:000098:1005670891a61f07,0,2677.061968,2677.0439453125,2605.817106,70.925428,0.0,0.0,0.0,0.0,392.301212310791,364.01132583618164,0,0,0,0,0,0,0,0,0,0,270.2413749694824,12.632895708084106,76.09984016418457,33.32710146903992,nocache_bf16,large_h6_n32_s100,1005670891a61f07fc17e6f908c08e9eaec28e308abc6d3c192c70449fcb154a,1682.7275390625,969.6182689666748,0,1077.1205959320068,0,0,0,0
cora_link,test,199,99,cora_link:test:000099:6abeb4741887a3af,0,227.45087,227.42813110351562,158.468069,68.768679,0.0,0.0,0.0,0.0,15.996831893920898,25.045119762420654,0,0,0,0,0,0,0,0,0,0,9.429823994636536,0.4809599965810776,3.8410560488700867,2.2449918538331985,nocache_bf16,large_h6_n32_s100,6abeb4741887a3af9d800c1720a73890be3be686e786fc8b973fd3df5de75bd1,104.86595153808594,64.10646414756775,0,65.80460715293884,0,0,0,0
cora_link,val,0,0,cora_link:val:000000:2b8559f934ffd5af,1,2884.760934,2884.732177734375,2784.669645,99.473384,0.0,0.0,0.0,0.0,374.26258850097656,398.75299072265625,0,0,0,0,0,0,0,0,0,0,255.1446075439453,11.463775992393494,77.11203289031982,30.542172074317932,nocache_bf16,large_h6_n32_s100,2b8559f934ffd5af71532c7b206da87da447aa51e1383cb7c327aed52b4ca12b,1740.14013671875,987.572509765625,0,1151.3206176757812,0,0,0,0
cora_link,val,1,1,cora_link:val:000001:011b6065bdfc4d99,1,2256.712058,2256.698974609375,2186.378574,69.977105,0.0,0.0,0.0,0.0,326.1774711608887,307.45043563842773,0,0,0,0,0,0,0,0,0,0,224.33212280273438,11.003647923469543,63.94259262084961,26.899107813835144,nocache_bf16,large_h6_n32_s100,011b6065bdfc4d997d47768dc671606054c518c7b876196bd40626bbb696d039,1399.512451171875,812.1176948547363,0,894.8451919555664,0,0,0,0
cora_link,val,2,2,cora_link:val:000002:7087803365c344f7,1,2426.104088,2426.092529296875,2357.014891,68.76595,0.0,0.0,0.0,0.0,336.5395812988281,332.19897079467773,0,0,0,0,0,0,0,0,0,0,226.662109375,11.22758400440216,70.21558380126953,28.434304118156433,nocache_bf16,large_h6_n32_s100,7087803365c344f71c5a4d25ae7ab9d82ccdce35f66b51cb45e827491e8c111f,1521.3604736328125,881.5256652832031,0,972.0337791442871,0,0,0,0
cora_link,val,3,3,cora_link:val:000003:54eb24a89dd1709d,1,1931.415965,1931.4027099609375,1861.969835,69.152629,0.0,0.0,0.0,0.0,265.67968368530273,265.8206367492676,0,0,0,0,0,0,0,0,0,0,178.0666561126709,8.799455881118774,56.04092788696289,22.77264380455017,nocache_bf16,large_h6_n32_s100,54eb24a89dd1709dc1bf27362cd73114c8e1213fd8bcd3ab3cb7537d886a6e38,1202.24267578125,699.9286041259766,0,768.134708404541,0,0,0,0
cora_link,val,4,4,cora_link:val:000004:7facdc7ac2dda863,1,1727.880536,1727.8660888671875,1656.203719,71.367111,0.0,0.0,0.0,0.0,244.85331344604492,237.73401641845703,0,0,0,0,0,0,0,0,0,0,164.98867225646973,8.220640063285828,50.806528091430664,20.837473034858704,nocache_bf16,large_h6_n32_s100,7facdc7ac2dda86307197ac9037d5297767ace8cfabe65037533b9ebb49239e5,1060.68212890625,624.9342098236084,0,673.4819355010986,0,0,0,0
cora_link,val,5,5,cora_link:val:000005:0b661dd709e9ec4e,1,2244.893809,2244.80078125,2176.386503,68.195931,0.0,0.0,0.0,0.0,327.74227142333984,303.69776153564453,0,0,0,0,0,0,0,0,0,0,225.81535720825195,11.189536094665527,63.69068908691406,27.0466890335083,nocache_bf16,large_h6_n32_s100,0b661dd709e9ec4edfd97695dc426a5fd962e8c1aa98b5a9f16ad223d296b28a,1391.1634521484375,808.1215972900391,0,886.739616394043,0,0,0,0
cora_link,val,6,6,cora_link:val:000006:7ba47eddfdef13fd,1,2517.598428,2517.45263671875,2449.58875,67.701332,0.0,0.0,0.0,0.0,393.13481521606445,340.0880584716797,0,0,0,0,0,0,0,0,0,0,277.7197799682617,13.494304180145264,70.59632110595703,31.32440996170044,nocache_bf16,large_h6_n32_s100,7ba47eddfdef13fd4febfd6ca7abdd57842f1b9630de8e4af6f2495d40cc319b,1559.6912841796875,904.9772834777832,0,994.802059173584,0,0,0,0
cora_link,val,7,7,cora_link:val:000007:34b1ca300d75b85d,1,2448.145623,2448.0029296875,2378.656332,69.189603,0.0,0.0,0.0,0.0,363.01757049560547,332.81372833251953,0,0,0,0,0,0,0,0,0,0,251.41894149780273,12.39686405658722,69.4936637878418,29.70810115337372,nocache_bf16,large_h6_n32_s100,34b1ca300d75b85d8274b103f2dbe7b8d72eb74e789c8534272987a6050a37a5,1522.1328125,884.2473239898682,0,970.6992168426514,0,0,0,0
cora_link,val,8,8,cora_link:val:000008:882249f597dda3f5,1,2398.578325,2398.43212890625,2328.671941,69.513251,0.0,0.0,0.0,0.0,364.306396484375,325.20956802368164,0,0,0,0,0,0,0,0,0,0,254.85910034179688,12.585312128067017,67.35305595397949,29.508928060531616,nocache_bf16,large_h6_n32_s100,882249f597dda3f5e2320c6defbacc429761416b937dc27d8b634dc74f46b924,1489.1541748046875,865.3454360961914,0,949.0183067321777,0,0,0,0
cora_link,val,9,9,cora_link:val:000009:9a6646f6eee7207c,1,2234.972649,2234.840576171875,2165.046326,69.545295,0.0,0.0,0.0,0.0,325.5331573486328,303.0208320617676,0,0,0,0,0,0,0,0,0,0,224.0687370300293,10.976671934127808,64.0952959060669,26.392452478408813,nocache_bf16,large_h6_n32_s100,9a6646f6eee7207c72c36e0851e0f8e3dfb25caa51e443cc88f95b29699068e1,1387.068115234375,805.0011501312256,0,885.087797164917,0,0,0,0
cora_link,val,10,10,cora_link:val:000010:a877be82fffc1679,1,1971.496063,1971.3760986328125,1902.91973,68.233431,0.0,0.0,0.0,0.0,280.3754539489746,268.5755195617676,0,0,0,0,0,0,0,0,0,0,190.4218864440918,9.545088052749634,57.35737705230713,23.05110239982605,nocache_bf16,large_h6_n32_s100,a877be82fffc1679db7a5dd2ad1e6288d99e52e1fc64853008fa8d7cbc01ee5b,1217.3997802734375,709.0731220245361,0,776.902177810669,0,0,0,0
cora_link,val,11,11,cora_link:val:000011:4ca428a923952166,1,2546.303853,2546.155517578125,2475.30099,70.633933,0.0,0.0,0.0,0.0,377.3764839172363,348.1146240234375,0,0,0,0,0,0,0,0,0,0,260.4929313659668,12.10809600353241,73.91993713378906,30.85551941394806,nocache_bf16,large_h6_n32_s100,4ca428a9239521667895a0d1fca9e7b6b6416fa31ee6a8da7b499615fecf6b33,1592.8060302734375,919.1955814361572,0,1021.7250728607178,0,0,0,0
cora_link,val,12,12,cora_link:val:000012:30303f715c02d062,1,2608.732757,2608.58203125,2539.684507,68.624619,0.0,0.0,0.0,0.0,407.03382110595703,350.9232635498047,0,0,0,0,0,0,0,0,0,0,288.1279067993164,14.427040100097656,73.03462409973145,31.444250106811523,nocache_bf16,large_h6_n32_s100,30303f715c02d062b2fb41223c57410f880dc10408c71804b47fe98d40dcc361,1609.2413330078125,933.2250881195068,0,1026.9395084381104,0,0,0,0
cora_link,val,13,13,cora_link:val:000013:009cfc94b2af7f85,1,2484.696058,2484.550537109375,2412.973917,71.288417,0.0,0.0,0.0,0.0,349.74572372436523,338.83936309814453,0,0,0,0,0,0,0,0,0,0,236.92438125610352,11.535616040229797,71.56159973144531,29.72412669658661,nocache_bf16,large_h6_n32_s100,009cfc94b2af7f855abb8babed43132b9d42203f46472b3a8f6d6473acf2d5ba,1557.8828125,901.9404449462891,0,994.7817306518555,0,0,0,0
cora_link,val,14,14,cora_link:val:000014:90e3a407f5324226,1,2257.889892,2257.756103515625,2186.971824,70.485256,0.0,0.0,0.0,0.0,311.4926414489746,308.7058563232422,0,0,0,0,0,0,0,0,0,0,209.91961288452148,10.417088031768799,64.6208324432373,26.53510808944702,nocache_bf16,large_h6_n32_s100,90e3a407f5324226f418f684ad6f829311c5f09b42be293339795aba22fd8775,1414.2420654296875,817.7804527282715,0,905.1674690246582,0,0,0,0
cora_link,val,15,15,cora_link:val:000015:b8e52771f5e78e95,1,2495.81298,2495.66796875,2425.092389,70.315842,0.0,0.0,0.0,0.0,381.39935302734375,334.6313896179199,0,0,0,0,0,0,0,0,0,0,267.5453109741211,13.359615802764893,69.76793575286865,30.72649049758911,nocache_bf16,large_h6_n32_s100,b8e52771f5e78e95aba8975582536f1989cd245cbc306144b39cdccc0000664a,1536.628173828125,890.7964115142822,0,980.4631519317627,0,0,0,0
cora_link,val,16,16,cora_link:val:000016:f128401ffc48b63f,1,167.741346,167.70867919921875,98.783491,68.732024,0.0,0.0,0.0,0.0,8.851199865341187,15.170688152313232,0,0,0,0,0,0,0,0,0,0,4.851167976856232,0.18915199674665928,2.3462400138378143,1.4646398779004812,nocache_bf16,large_h6_n32_s100,f128401ffc48b63f6e7ad13c7fc491b364368f2c6211fa1e771004a329ce6ccb,64.16905975341797,39.53427183628082,0,39.80547606945038,0,0,0,0
cora_link,val,17,17,cora_link:val:000017:71b15a1b4dee3b75,1,2621.689004,2621.538330078125,2550.544833,70.671361,0.0,0.0,0.0,0.0,413.02632904052734,351.0411491394043,0,0,0,0,0,0,0,0,0,0,292.5736618041992,14.044607877731323,73.5477123260498,32.860347032547,nocache_bf16,large_h6_n32_s100,71b15a1b4dee3b75450fcb3d4e0030bd4e8ac3e7ed127ec4949c390a34278983,1612.4652099609375,931.6775321960449,0,1031.8288269042969,0,0,0,0
cora_link,val,18,18,cora_link:val:000018:75d89384a041ca75,1,2219.090203,2218.958740234375,2148.368053,70.385124,0.0,0.0,0.0,0.0,324.1695327758789,300.9386863708496,0,0,0,0,0,0,0,0,0,0,223.70770645141602,11.036288142204285,63.0615348815918,26.36400330066681,nocache_bf16,large_h6_n32_s100,75d89384a041ca7572f2fbf7859f62c66582c0bdcf52d09f65362485f4860523,1376.23828125,798.2450199127197,0,878.9319477081299,0,0,0,0
cora_link,val,19,19,cora_link:val:000019:28ca07dd976737ec,1,2128.725882,2128.598388671875,2058.526399,69.853545,0.0,0.0,0.0,0.0,309.6962242126465,292.0257263183594,0,0,0,0,0,0,0,0,0,0,213.25635147094727,10.395871996879578,59.777536392211914,26.266464352607727,nocache_bf16,large_h6_n32_s100,28ca07dd976737ec27488b016c342b02e095e9c358d70c8e701365e338fb1d40,1318.145751953125,765.1973114013672,0,844.9741668701172,0,0,0,0
cora_link,val,20,20,cora_link:val:000020:c6704a18b203d90c,1,2283.812548,2283.677734375,2214.640973,68.816136,0.0,0.0,0.0,0.0,325.36880111694336,310.1428451538086,0,0,0,0,0,0,0,0,0,0,223.3633575439453,11.176576018333435,64.51152038574219,26.317347168922424,nocache_bf16,large_h6_n32_s100,c6704a18b203d90c2d312363232b64e1eabf436fe15a7e8eb0e1e558180d1560,1425.8912353515625,825.0145225524902,0,911.0195579528809,0,0,0,0
cora_link,val,21,21,cora_link:val:000021:c96cebb59553ba1b,1,1487.062005,1486.9659423828125,1418.176733,68.582721,0.0,0.0,0.0,0.0,234.12630081176758,198.9515495300293,0,0,0,0,0,0,0,0,0,0,164.00105667114258,8.430559992790222,42.91590404510498,18.778780102729797,nocache_bf16,large_h6_n32_s100,c96cebb59553ba1b4cf05fb068a381b87603673fdee2e551eb221803ff72ddb0,887.1095581054688,520.1240653991699,0,565.9370422363281,0,0,0,0
cora_link,val,22,22,cora_link:val:000022:a11051d5700a6f06,1,2680.730988,2680.57666015625,2609.698961,70.446871,0.0,0.0,0.0,0.0,415.0003204345703,363.06291580200195,0,0,0,0,0,0,0,0,0,0,292.48041915893555,13.751360177993774,75.51728057861328,33.25126051902771,nocache_bf16,large_h6_n32_s100,a11051d5700a6f061c91179fa86f12fe8773c3c69d663755dead3134bd8f028b,1664.9248046875,963.2374744415283,0,1064.7502460479736,0,0,0,0
cora_link,val,23,23,cora_link:val:000023:b4b3cf71c3b6cb4f,1,2291.835291,2291.700439453125,2223.226044,68.218384,0.0,0.0,0.0,0.0,306.96694564819336,314.62028884887695,0,0,0,0,0,0,0,0,0,0,202.52323150634766,9.84172797203064,67.38678455352783,27.21520161628723,nocache_bf16,large_h6_n32_s100,b4b3cf71c3b6cb4fa51cca9d396f4cef6dec256597e34c09b57746adcc349080,1444.8712158203125,833.3421764373779,0,926.1493282318115,0,0,0,0
cora_link,val,24,24,cora_link:val:000024:f904e319fa7ea1b3,1,2229.061431,2228.929931640625,2159.514062,69.162506,0.0,0.0,0.0,0.0,326.4802894592285,301.0929298400879,0,0,0,0,0,0,0,0,0,0,225.6992950439453,11.223007917404175,62.92457675933838,26.63340973854065,nocache_bf16,large_h6_n32_s100,f904e319fa7ea1b38a7c902f3f96aed874f28cab8e8b5e136402f7fcf35eee82,1382.4210205078125,801.1821422576904,0,882.33180809021,0,0,0,0
cora_link,val,25,25,cora_link:val:000025:edd3e400bce9ebe9,1,1656.641771,1656.5369873046875,1586.624129,69.677377,0.0,0.0,0.0,0.0,225.8389434814453,226.46966171264648,0,0,0,0,0,0,0,0,0,0,150.51107215881348,7.524767756462097,48.295424461364746,19.507679104804993,nocache_bf16,large_h6_n32_s100,edd3e400bce9ebe91bf5bb3b61b67803452cc1e9ab70f51ec27b21dc2e9d9f26,1024.72021484375,598.6699523925781,0,652.5199241638184,0,0,0,0
cora_link,val,26,26,cora_link:val:000026:cc59ad5e71a76cf2,1,2466.309912,2466.163330078125,2397.655531,68.231509,0.0,0.0,0.0,0.0,333.7734680175781,340.70783615112305,0,0,0,0,0,0,0,0,0,0,222.37968063354492,10.565887928009033,71.8021764755249,29.025722980499268,nocache_bf16,large_h6_n32_s100,cc59ad5e71a76cf2bab98beca029ca5d0d3e710b7e1eed84701ad18aaed1d231,1556.5751953125,899.8359661102295,0,997.4470653533936,0,0,0,0
cora_link,val,27,27,cora_link:val:000027:b9ed7970fb0d7ecd,1,1813.628119,1813.51708984375,1743.359682,69.977612,0.0,0.0,0.0,0.0,291.36352157592773,240.57561874389648,0,0,0,0,0,0,0,0,0,0,208.06105422973633,10.67027199268341,50.795841217041016,21.83635413646698,nocache_bf16,large_h6_n32_s100,b9ed7970fb0d7ecddcaaf3bcb9d779bd6006728a31bcbbabdeac84deda555adc,1094.7515869140625,638.9352951049805,0,696.3919105529785,0,0,0,0
cora_link,val,28,28,cora_link:val:000028:8fa2fe8f766fa43d,1,2489.049448,2488.90478515625,2418.010771,70.615645,0.0,0.0,0.0,0.0,362.3898277282715,338.8925094604492,0,0,0,0,0,0,0,0,0,0,248.41084671020508,11.987040042877197,71.59478282928467,30.39715814590454,nocache_bf16,large_h6_n32_s100,8fa2fe8f766fa43d042d151cadd12585d9f084bb9bded25bf440b15aa8c94f18,1556.665283203125,898.495777130127,0,997.0620155334473,0,0,0,0
cora_link,val,29,29,cora_link:val:000029:c46e86fafdd06e6b,1,1740.831964,1740.723388671875,1670.012906,70.513671,0.0,0.0,0.0,0.0,247.03123092651367,237.99347305297852,0,0,0,0,0,0,0,0,0,0,165.482177734375,8.48528003692627,51.8887996673584,21.174973487854004,nocache_bf16,large_h6_n32_s100,c46e86fafdd06e6b414f8a20746f1e04edd179183f42d720de443b41e89ab030,1073.1927490234375,628.789379119873,0,682.396842956543,0,0,0,0
cora_link,val,30,30,cora_link:val:000030:ee440cc74300cb93,1,2618.445652,2618.295166015625,2547.869455,70.176845,0.0,0.0,0.0,0.0,392.50290298461914,356.61023330688477,0,0,0,0,0,0,0,0,0,0,273.2836494445801,12.969536066055298,74.75798320770264,31.491734266281128,nocache_bf16,large_h6_n32_s100,ee440cc74300cb93c8b3a5a8865d69bbbd77ccc07aa65a7d6d87b525c15dd9f8,1632.6988525390625,942.4516792297363,0,1046.857406616211,0,0,0,0
cora_link,val,31,31,cora_link:val:000031:efd7dbeeabd82794,1,2009.675437,2009.5545654296875,1938.423204,70.893339,0.0,0.0,0.0,0.0,287.72946548461914,272.9441261291504,0,0,0,0,0,0,0,0,0,0,195.24585342407227,9.815392136573792,58.54188823699951,24.126331686973572,nocache_bf16,large_h6_n32_s100,efd7dbeeabd827942e9e8728f40e10ef5b04152827b047336947fb6a9ef93de4,1244.584716796875,724.9285411834717,0,792.6003017425537,0,0,0,0
cora_link,val,32,32,cora_link:val:000032:bfc61ef51cd53890,1,2547.15883,2547.013427734375,2476.917533,69.841973,0.0,0.0,0.0,0.0,394.60291290283203,344.241153717041,0,0,0,0,0,0,0,0,0,0,277.2343063354492,13.60038423538208,71.97187232971191,31.79635000228882,nocache_bf16,large_h6_n32_s100,bfc61ef51cd5389038d43b88bb77692a0eb9dd9882a6340a004ab29141790383,1573.130859375,914.3022422790527,0,1003.0697708129883,0,0,0,0
cora_link,val,33,33,cora_link:val:000033:f66c9799e03a5002,1,2263.429518,2263.298095703125,2194.250841,68.773237,0.0,0.0,0.0,0.0,309.6712646484375,309.7383689880371,0,0,0,0,0,0,0,0,0,0,206.7262077331543,10.132544040679932,65.42787265777588,27.384640216827393,nocache_bf16,large_h6_n32_s100,f66c9799e03a5002fe61a1df5626934986ef244c678178c7b9a0e8084bdb2ef4,1420.384033203125,821.2562217712402,0,908.8661804199219,0,0,0,0
cora_link,val,34,34,cora_link:val:000034:2f331eb995c9da42,1,2922.752454,2922.58837890625,2852.240185,70.074355,0.0,0.0,0.0,0.0,437.57091522216797,398.98997497558594,0,0,0,0,0,0,0,0,0,0,304.1489906311035,14.103391885757446,82.94700908660889,36.37152361869812,nocache_bf16,large_h6_n32_s100,2f331eb995c9da425b197c37edce6f8f86471fa729daaaf6a494bad14411e3ed,1827.9869384765625,1059.652961730957,0,1167.3239517211914,0,0,0,0
cora_link,val,35,35,cora_link:val:000035:21ad334cd0120105,1,2347.186123,2347.050537109375,2277.138279,69.65849,0.0,0.0,0.0,0.0,328.90534591674805,319.5791015625,0,0,0,0,0,0,0,0,0,0,222.89577865600586,10.6736319065094,67.6013765335083,27.734558820724487,nocache_bf16,large_h6_n32_s100,21ad334cd012010564b63e2dfd3b310cbda4c8bc54234f6e18ce1dc9acdbc894,1468.998291015625,847.7574443817139,0,940.8199481964111,0,0,0,0
cora_link,val,36,36,cora_link:val:000036:306aff86209143d2,1,2474.555306,2474.41357421875,2404.033765,70.100107,0.0,0.0,0.0,0.0,370.6027183532715,334.50700759887695,0,0,0,0,0,0,0,0,0,0,257.44172286987305,12.355680108070374,71.1657600402832,29.63955533504486,nocache_bf16,large_h6_n32_s100,306aff86209143d2b767e1c7e00124776aeabf44668506eac00257e8ddc2ea5e,1538.09765625,889.3476238250732,0,983.2570400238037,0,0,0,0
cora_link,val,37,37,cora_link:val:000037:d5b4f04791aacc68,1,2230.918887,2230.7890625,2162.072338,68.430831,0.0,0.0,0.0,0.0,325.73974227905273,301.4424285888672,0,0,0,0,0,0,0,0,0,0,224.37747192382812,11.01145601272583,63.348703384399414,27.002110958099365,nocache_bf16,large_h6_n32_s100,d5b4f04791aacc681254fcd3fda95be29f9b160ee38a182cf27cdecc31c6448c,1384.7091064453125,802.7950458526611,0,883.3564891815186,0,0,0,0
cora_link,val,38,38,cora_link:val:000038:87bc06845e57ba2e,1,1991.522075,1991.4041748046875,1921.070709,70.104123,0.0,0.0,0.0,0.0,277.83650970458984,269.05695724487305,0,0,0,0,0,0,0,0,0,0,187.29715538024902,9.39244794845581,57.76537609100342,23.381530284881592,nocache_bf16,large_h6_n32_s100,87bc06845e57ba2e5d3602988f8ad1fee9b90d66b502fadd15a2e820c85792cc,1234.2784423828125,715.110429763794,0,788.2249698638916,0,0,0,0
cora_link,val,39,39,cora_link:val:000039:0fcb5f5b455526b5,1,1740.16149,1740.0545654296875,1670.546512,69.320607,0.0,0.0,0.0,0.0,238.22578811645508,237.8922576904297,0,0,0,0,0,0,0,0,0,0,159.60255813598633,8.1041921377182,49.71887969970703,20.800158143043518,nocache_bf16,large_h6_n32_s100,0fcb5f5b455526b5b89f834c58659921681d4dc2d7c0312ea991de940f94fed6,1082.7066650390625,632.2708206176758,0,688.3281021118164,0,0,0,0
cora_link,val,40,40,cora_link:val:000040:22416074999ec212,1,2007.133042,2007.0145263671875,1936.272477,70.538985,0.0,0.0,0.0,0.0,306.7743682861328,268.9219856262207,0,0,0,0,0,0,0,0,0,0,214.72880172729492,10.838688015937805,56.97408103942871,24.232797503471375,nocache_bf16,large_h6_n32_s100,22416074999ec21294f0500bf30a6daaf1d9ba619d9422bf263c63b81ea27256,1234.197998046875,716.6346263885498,0,786.4853572845459,0,0,0,0
cora_link,val,41,41,cora_link:val:000041:a7c44456fc52b019,1,2565.747657,2565.602783203125,2497.31097,68.079951,0.0,0.0,0.0,0.0,379.2013130187988,350.8991012573242,0,0,0,0,0,0,0,0,0,0,260.47187423706055,12.25984001159668,74.9847993850708,31.4847993850708,nocache_bf16,large_h6_n32_s100,a7c44456fc52b019e7eaf4f2f254215c641d9595132c5067937173235b31bd2b,1608.216552734375,929.2341403961182,0,1029.881513595581,0,0,0,0
cora_link,val,42,42,cora_link:val:000042:856f48518ba56b6c,1,2343.355431,2343.22216796875,2272.81393,70.218719,0.0,0.0,0.0,0.0,336.4903030395508,319.9926414489746,0,0,0,0,0,0,0,0,0,0,229.34182357788086,11.345151782035828,68.17116832733154,27.63215935230255,nocache_bf16,large_h6_n32_s100,856f48518ba56b6c880e097d81ff5a59e1a3ea62c696e0036e2159086f354737,1466.24658203125,849.4564437866211,0,936.7827796936035,0,0,0,0
cora_link,val,43,43,cora_link:val:000043:8e138fbc3a9bb1c5,1,2687.596577,2687.447265625,2616.924895,70.328232,0.0,0.0,0.0,0.0,411.93408203125,362.8094367980957,0,0,0,0,0,0,0,0,0,0,288.71177673339844,13.91100788116455,76.01222324371338,33.29907417297363,nocache_bf16,large_h6_n32_s100,8e138fbc3a9bb1c5a9eecf926388224c47e789ced667bc7ad020e98338cc427d,1676.0714111328125,968.7217636108398,0,1070.1590843200684,0,0,0,0
cora_link,val,44,44,cora_link:val:000044:1e64e0e7921a819a,1,1965.880576,1965.765380859375,1896.302384,69.264242,0.0,0.0,0.0,0.0,270.2010269165039,268.9871063232422,0,0,0,0,0,0,0,0,0,0,181.46364784240723,9.021344065666199,56.723904609680176,22.992130398750305,nocache_bf16,large_h6_n32_s100,1e64e0e7921a819ac1443fcf6ec7f8529c56962d5aab9160f6d8d87c38a7787f,1229.22509765625,714.0822334289551,0,784.1299705505371,0,0,0,0
cora_link,val,45,45,cora_link:val:000045:8e81753da356275e,1,2196.820643,2196.6953125,2127.859758,68.59252,0.0,0.0,0.0,0.0,329.23958587646484,294.74403381347656,0,0,0,0,0,0,0,0,0,0,228.58313751220703,11.637408018112183,62.36815929412842,26.650881052017212,nocache_bf16,large_h6_n32_s100,8e81753da356275e3dd992810b1704821c027df4a262acd050ef1dd2f10c5111,1351.617431640625,782.9420490264893,0,863.4194164276123,0,0,0,0
cora_link,val,46,46,cora_link:val:000046:19ce054c2f58ec33,1,2929.340373,2929.180908203125,2860.242967,68.722641,0.0,0.0,0.0,0.0,424.9599380493164,401.1633987426758,0,0,0,0,0,0,0,0,0,0,291.57487869262695,13.858815908432007,83.8584623336792,35.66778111457825,nocache_bf16,large_h6_n32_s100,19ce054c2f58ec33acaa5bb3ee7243f4f01f34e4542f2c57534fa8d7494066bf,1851.298828125,1071.476058959961,0,1180.9861679077148,0,0,0,0
cora_link,val,47,47,cora_link:val:000047:ca0735c39f991c84,1,2027.561506,2027.4442138671875,1956.196498,71.044113,0.0,0.0,0.0,0.0,288.1519012451172,274.4448013305664,0,0,0,0,0,0,0,0,0,0,195.73353958129883,9.814751982688904,58.37548828125,24.228121399879456,nocache_bf16,large_h6_n32_s100,ca0735c39f991c848da51e44d0c31fc073f2aba4c1f93e223827184f7ee9c621,1258.7247314453125,729.777660369873,0,803.3918724060059,0,0,0,0
cora_link,val,48,48,cora_link:val:000048:ce74410e2f8cfd91,1,1663.536023,1663.43603515625,1592.042015,71.204114,0.0,0.0,0.0,0.0,225.83103561401367,225.39088439941406,0,0,0,0,0,0,0,0,0,0,149.06271934509277,7.584959983825684,49.23295974731445,19.95039653778076,nocache_bf16,large_h6_n32_s100,ce74410e2f8cfd91168f201a5fba99adf3a3690ae6287d0c95e80f5b870a79bd,1030.4622802734375,597.1708469390869,0,658.6823177337646,0,0,0,0
cora_link,val,49,49,cora_link:val:000049:9997e4d6c6e4f5a5,1,1970.251188,1970.1370849609375,1899.30112,70.64419,0.0,0.0,0.0,0.0,271.2631034851074,268.55792236328125,0,0,0,0,0,0,0,0,0,0,182.2939510345459,9.066367983818054,56.99084758758545,22.91193687915802,nocache_bf16,large_h6_n32_s100,9997e4d6c6e4f5a56d61072ad5d792665478a46aeca278516aa2f4e177bd313a,1230.7459716796875,713.1428508758545,0,786.1610431671143,0,0,0,0
cora_link,val,50,50,cora_link:val:000050:99b04c2860a8fc1c,1,2204.74551,2204.62060546875,2133.975709,70.404982,0.0,0.0,0.0,0.0,332.86742401123047,296.3383369445801,0,0,0,0,0,0,0,0,0,0,232.51440048217773,11.550143957138062,61.582783699035645,27.22009587287903,nocache_bf16,large_h6_n32_s100,99b04c2860a8fc1ca3d9b82c0916c07b3e4eb2dbb4844e840a63a3600f3037df,1359.0936279296875,786.6771564483643,0,868.7548084259033,0,0,0,0
cora_link,val,51,51,cora_link:val:000051:e4518ad184b1157e,1,2280.616987,2280.48974609375,2212.183237,68.101472,0.0,0.0,0.0,0.0,314.7539176940918,311.22835540771484,0,0,0,0,0,0,0,0,0,0,209.91392135620117,10.48579204082489,66.61251163482666,27.741692662239075,nocache_bf16,large_h6_n32_s100,e4518ad184b1157e50432634aa4cf0035cf4c87f503b1dfed0a08a5ba06b20b6,1432.7225341796875,827.8519973754883,0,916.0988922119141,0,0,0,0
cora_link,val,52,52,cora_link:val:000052:74c3a518c82ef7d3,1,2368.877576,2368.746337890625,2297.544156,71.007516,0.0,0.0,0.0,0.0,337.65311431884766,323.1150093078613,0,0,0,0,0,0,0,0,0,0,229.87711715698242,11.194239974021912,68.39555072784424,28.186206459999084,nocache_bf16,large_h6_n32_s100,74c3a518c82ef7d34d7d0a0f17bf64bd169a5c0362f9e9e02a194fdc0f4e4225,1482.639404296875,855.784351348877,0,949.9700622558594,0,0,0,0
cora_link,val,53,53,cora_link:val:000053:99bb20731964febc,1,2491.268339,2491.13134765625,2422.276859,68.669389,0.0,0.0,0.0,0.0,337.96668243408203,343.9200019836426,0,0,0,0,0,0,0,0,0,0,224.90096282958984,10.907904028892517,72.71372890472412,29.44408667087555,nocache_bf16,large_h6_n32_s100,99bb20731964febc6f0ef40f519fe43732dc994fe18dab83c68734989042647f,1574.4161376953125,912.880256652832,0,1005.455883026123,0,0,0,0
cora_link,val,54,54,cora_link:val:000054:4f5321a751092fd2,1,2291.895612,2291.767822265625,2220.604182,70.967081,0.0,0.0,0.0,0.0,336.1400604248047,307.5366744995117,0,0,0,0,0,0,0,0,0,0,232.42581939697266,11.480192065238953,64.8639669418335,27.370082020759583,nocache_bf16,large_h6_n32_s100,4f5321a751092fd2d4bedab3985e21b9f37a975142f604891b62d06534613c6c,1423.791748046875,822.532060623169,0,908.7963619232178,0,0,0,0
cora_link,val,55,55,cora_link:val:000055:78b4169d065f9434,1,2499.768461,2499.63232421875,2429.784189,69.636894,0.0,0.0,0.0,0.0,341.60889434814453,344.4971504211426,0,0,0,0,0,0,0,0,0,0,227.22143936157227,10.904096007347107,73.80076885223389,29.682590126991272,nocache_bf16,large_h6_n32_s100,78b4169d065f9434160ffc79e79b361d27020f2b2c4d05630ffae7d1e4282aa8,1576.8616943359375,910.5360698699951,0,1010.822774887085,0,0,0,0
cora_link,val,56,56,cora_link:val:000056:07e31b9886c209c9,1,2697.241949,2697.097412109375,2628.314598,68.590552,0.0,0.0,0.0,0.0,416.2525405883789,363.2295684814453,0,0,0,0,0,0,0,0,0,0,292.0953598022461,13.800287961959839,76.42172908782959,33.935163736343384,nocache_bf16,large_h6_n32_s100,07e31b9886c209c9fb9beef0b5a938fa9ba583424d7e6a39a2c16313af564173,1683.8072509765625,973.0819873809814,0,1073.9548320770264,0,0,0,0
cora_link,val,57,57,cora_link:val:000057:bb3939a3f36beaae,1,2358.980539,2358.851318359375,2289.825903,68.792964,0.0,0.0,0.0,0.0,333.68146896362305,321.8018226623535,0,0,0,0,0,0,0,0,0,0,225.56774520874023,11.054015874862671,68.43881607055664,28.6208918094635,nocache_bf16,large_h6_n32_s100,bb3939a3f36beaae341de2293cdd3e4e6d8d608088769146f5f9babefb74bead,1477.2969970703125,853.3901805877686,0,945.7086391448975,0,0,0,0
cora_link,val,58,58,cora_link:val:000058:cc25c00900e1af5e,1,2389.322512,2389.191650390625,2320.516157,68.447842,0.0,0.0,0.0,0.0,337.9471969604492,324.7208366394043,0,0,0,0,0,0,0,0,0,0,228.8525733947754,11.310143947601318,69.10409545898438,28.680384159088135,nocache_bf16,large_h6_n32_s100,cc25c00900e1af5ee8533ff1c0e04beca06836388cbce333a000ccd4336eaea2,1495.7547607421875,862.5784969329834,0,957.8971004486084,0,0,0,0
cora_link,val,59,59,cora_link:val:000059:21f418d025a46634,1,2488.883204,2488.7490234375,2419.427245,69.038534,0.0,0.0,0.0,0.0,357.4774703979492,337.7079391479492,0,0,0,0,0,0,0,0,0,0,243.52771377563477,11.464095950126648,73.14444828033447,29.341212391853333,nocache_bf16,large_h6_n32_s100,21f418d025a466349b899c6fefd4dad18c3584c5125fdf82ad78889711ab8351,1555.3720703125,896.3736953735352,0,996.7063140869141,0,0,0,0
cora_link,val,60,60,cora_link:val:000060:00b755dc368b3240,1,2582.882871,2582.7451171875,2513.60433,68.895159,0.0,0.0,0.0,0.0,357.9139518737793,353.3414077758789,0,0,0,0,0,0,0,0,0,0,240.17757034301758,11.629279971122742,74.78761577606201,31.319485783576965,nocache_bf16,large_h6_n32_s100,00b755dc368b3240fd5e8f2d1313a1d74003a0d62b58886de1834bdb2dfd225d,1634.19775390625,939.7332420349121,0,1047.8059196472168,0,0,0,0
cora_link,val,61,61,cora_link:val:000061:180e60cb6aa62100,1,2378.26284,2378.13427734375,2307.384342,70.499732,0.0,0.0,0.0,0.0,347.7627182006836,322.84790420532227,0,0,0,0,0,0,0,0,0,0,239.50003051757812,11.538432002067566,67.86588764190674,28.858368039131165,nocache_bf16,large_h6_n32_s100,180e60cb6aa621006271e0bd96e70a5f45a6c514f1780d5001f73d4414a39408,1486.20654296875,857.1151027679443,0,951.9393444061279,0,0,0,0
cora_link,val,62,62,cora_link:val:000062:4248d7e9fddf4027,1,2101.063008,2100.947265625,2030.302673,70.439958,0.0,0.0,0.0,0.0,302.1709747314453,281.67616271972656,0,0,0,0,0,0,0,0,0,0,204.98467254638672,10.458080172538757,61.42591857910156,25.302303433418274,nocache_bf16,large_h6_n32_s100,4248d7e9fddf40275e0fc427fa46e6bb00032dedb56e4d6ebefbc74bb247eaeb,1302.15234375,751.1574726104736,0,832.6710338592529,0,0,0,0
cora_link,val,63,63,cora_link:val:000063:e9a79ca3b5e76e46,1,2592.190033,2592.052734375,2521.566968,70.2743,0.0,0.0,0.0,0.0,371.40509033203125,352.216609954834,0,0,0,0,0,0,0,0,0,0,253.47779083251953,11.688768029212952,75.31599998474121,30.922531485557556,nocache_bf16,large_h6_n32_s100,e9a79ca3b5e76e46d96a7a22552b6442a03a13ecda3022daddd39f6347d7e3d9,1628.5491943359375,935.7023029327393,0,1045.0635013580322,0,0,0,0
cora_link,val,64,64,cora_link:val:000064:2c66ba8673993d3f,1,2096.99968,2096.884521484375,2027.95102,68.720817,0.0,0.0,0.0,0.0,305.1127014160156,281.83145904541016,0,0,0,0,0,0,0,0,0,0,206.97792053222656,10.529951930046082,62.21407985687256,25.390749096870422,nocache_bf16,large_h6_n32_s100,2c66ba8673993d3f3b3d1223639ac74c3554eb63194d336f234f97f1971d9588,1299.188232421875,748.5003547668457,0,832.5193367004395,0,0,0,0
cora_link,val,65,65,cora_link:val:000065:c06f28321b3d287d,1,2245.569336,2245.44873046875,2175.976934,69.2797,0.0,0.0,0.0,0.0,322.3048973083496,303.71039962768555,0,0,0,0,0,0,0,0,0,0,220.7048683166504,10.708223938941956,64.10089588165283,26.79090917110443,nocache_bf16,large_h6_n32_s100,c06f28321b3d287dc3f9a7007e76a493edf5e641b9f5a3edca4513b3ad0c57c0,1399.305419921875,808.5118751525879,0,894.5039443969727,0,0,0,0
cora_link,val,66,66,cora_link:val:000066:e7c55b0e8e5bfbc8,1,2656.176897,2656.0380859375,2585.480763,70.333304,0.0,0.0,0.0,0.0,409.0222702026367,358.32592010498047,0,0,0,0,0,0,0,0,0,0,287.2201957702637,13.554400205612183,74.7904634475708,33.45721077919006,nocache_bf16,large_h6_n32_s100,e7c55b0e8e5bfbc80602007c4f8bc690d7fc805ce40e677637c547d31c92576b,1654.7889404296875,951.7664966583252,0,1061.3483638763428,0,0,0,0
cora_link,val,67,67,cora_link:val:000067:69b79c0bd6739fa8,1,2029.116855,2029.0057373046875,1960.062969,68.726335,0.0,0.0,0.0,0.0,314.4341468811035,271.5787887573242,0,0,0,0,0,0,0,0,0,0,222.12892532348633,11.187456011772156,57.213727951049805,23.904037594795227,nocache_bf16,large_h6_n32_s100,69b79c0bd6739fa88d087abff52cb42ff255c0699306c5363c776bd70a9f7772,1248.9774169921875,726.2149124145508,0,794.3412933349609,0,0,0,0
cora_link,val,68,68,cora_link:val:000068:67f9bb3075d55151,1,2959.468985,2959.318603515625,2890.179246,68.92839,0.0,0.0,0.0,0.0,439.4024887084961,398.2588577270508,0,0,0,0,0,0,0,0,0,0,305.6352996826172,14.393247842788696,83.27843189239502,36.09550929069519,nocache_bf16,large_h6_n32_s100,67f9bb3075d551516558177f84f5725a7fa37779c226c7f40b06fa8855b948d3,1866.402099609375,1074.6508827209473,0,1190.0100746154785,0,0,0,0
cora_link,val,69,69,cora_link:val:000069:be1a4d1d56c2dd01,1,2261.184073,2261.06298828125,2190.956941,69.917737,0.0,0.0,0.0,0.0,331.8046112060547,304.49084854125977,0,0,0,0,0,0,0,0,0,0,229.51362991333008,11.291040301322937,63.91164970397949,27.08829128742218,nocache_bf16,large_h6_n32_s100,be1a4d1d56c2dd0182bf6a0ae76e72617633c70cef963f646fbb7e857542cf23,1406.044921875,812.532096862793,0,898.0036735534668,0,0,0,0
cora_link,val,70,70,cora_link:val:000070:7494de7fb5d2c86c,1,2245.415405,2245.295654296875,2176.473774,68.642137,0.0,0.0,0.0,0.0,322.0596504211426,304.91078186035156,0,0,0,0,0,0,0,0,0,0,218.8199691772461,10.787263989448547,64.91759967803955,27.534817576408386,nocache_bf16,large_h6_n32_s100,7494de7fb5d2c86c021c295647016deac09f879ddb80ad15b1ffeaf925f47b16,1403.5357666015625,811.9024620056152,0,896.5440864562988,0,0,0,0
cora_link,val,71,71,cora_link:val:000071:804d97dc6eba92a0,1,1979.344427,1979.2369384765625,1909.071445,69.958393,0.0,0.0,0.0,0.0,272.21839904785156,269.94214248657227,0,0,0,0,0,0,0,0,0,0,181.49033546447754,9.1632000207901,57.77612781524658,23.78873574733734,nocache_bf16,large_h6_n32_s100,804d97dc6eba92a07059f4fbdc29f9a8135ed7f73e4dd1a85404ddab664b51c2,1239.2972412109375,718.8424987792969,0,790.3968849182129,0,0,0,0
cora_link,val,72,72,cora_link:val:000072:01a00f69b8c197c4,1,166.069714,166.03872680664062,96.944863,68.920355,0.0,0.0,0.0,0.0,8.257535934448242,15.516000032424927,0,0,0,0,0,0,0,0,0,0,4.221439957618713,0.1891200039535761,2.3663039803504944,1.4806719925254583,nocache_bf16,large_h6_n32_s100,01a00f69b8c197c457a36f24d17963982f182e2d7844e78f8b200611c3b29ab8,63.117889404296875,39.754207611083984,0,38.87968182563782,0,0,0,0
cora_link,val,73,73,cora_link:val:000073:d51f2cbea514828c,1,2242.018053,2241.8994140625,2172.902712,68.809211,0.0,0.0,0.0,0.0,322.94604873657227,304.1498565673828,0,0,0,0,0,0,0,0,0,0,219.56650161743164,10.727392077445984,64.97139167785645,27.680763363838196,nocache_bf16,large_h6_n32_s100,d51f2cbea514828c645b8cd11b5195994f6f868fd44051a8fd0a0e27cf3fd0a4,1398.0225830078125,808.1954860687256,0,893.9769535064697,0,0,0,0
cora_link,val,74,74,cora_link:val:000074:23e5299f59ea1c04,1,2969.56352,2969.415283203125,2898.646089,70.517126,0.0,0.0,0.0,0.0,448.840087890625,399.5696105957031,0,0,0,0,0,0,0,0,0,0,312.37372970581055,14.573984146118164,85.0410566329956,36.851317405700684,nocache_bf16,large_h6_n32_s100,23e5299f59ea1c046f290053b9d7ac129483f98af963ed169c9e7afa48ae7687,1864.36279296875,1074.8487586975098,0,1189.0836448669434,0,0,0,0
cora_link,val,75,75,cora_link:val:000075:21bdf6481ba7b6ca,1,2401.059968,2400.93505859375,2329.76495,70.981028,0.0,0.0,0.0,0.0,361.7528305053711,321.0400047302246,0,0,0,0,0,0,0,0,0,0,252.53305435180664,12.287263989448547,68.20435237884521,28.72815978527069,nocache_bf16,large_h6_n32_s100,21bdf6481ba7b6caa5cebb8e6e5a6f19538d0a95dab9550412f220f1c73dfcf6,1491.045166015625,859.2487678527832,0,952.8364028930664,0,0,0,0
cora_link,val,76,76,cora_link:val:000076:6e379b07edefacb6,1,2297.819439,2297.7001953125,2227.928035,69.574753,0.0,0.0,0.0,0.0,317.20774841308594,313.0601921081543,0,0,0,0,0,0,0,0,0,0,213.69353485107422,10.53548800945282,65.89542293548584,27.08330261707306,nocache_bf16,large_h6_n32_s100,6e379b07edefacb6306d08761e2329ef732331742663703760a6f27bf9ca07fa,1444.7689208984375,833.4610595703125,0,924.3680534362793,0,0,0,0
cora_link,val,77,77,cora_link:val:000077:174778754f52d474,1,1501.393028,1501.3074951171875,1430.816524,70.317315,0.0,0.0,0.0,0.0,236.75299072265625,200.37897109985352,0,0,0,0,0,0,0,0,0,0,165.9669418334961,8.58790409564972,43.079455852508545,19.118688941001892,nocache_bf16,large_h6_n32_s100,174778754f52d4749c483dbb170edc8e1d75b410f5044b57a82301510dcfffc8,898.3421020507812,527.149697303772,0,571.5713758468628,0,0,0,0
cora_link,val,78,78,cora_link:val:000078:8e1f5ff2384b6299,1,2140.655733,2140.5419921875,2069.556846,70.810645,0.0,0.0,0.0,0.0,299.51081466674805,291.0138511657715,0,0,0,0,0,0,0,0,0,0,202.53577041625977,10.192736029624939,61.885727882385254,24.89658033847809,nocache_bf16,large_h6_n32_s100,8e1f5ff2384b6299a808f74848f6cda2ec30ff79476242af1100e1e03fadd469,1339.136474609375,769.558780670166,0,860.5915451049805,0,0,0,0
cora_link,val,79,79,cora_link:val:000079:b31ae9e8672d99d3,1,2320.923038,2320.802490234375,2252.236094,68.375596,0.0,0.0,0.0,0.0,325.0358695983887,315.5940818786621,0,0,0,0,0,0,0,0,0,0,220.55523681640625,10.841119885444641,66.24118328094482,27.398329615592957,nocache_bf16,large_h6_n32_s100,b31ae9e8672d99d3c4abc278a34cb64a3ae6b8671490737ac65bc392888ad281,1461.594970703125,840.4872398376465,0,936.7018127441406,0,0,0,0
cora_link,val,80,80,cora_link:val:000080:7f359707f1ed22da,1,1506.984232,1506.89892578125,1436.490649,70.194334,0.0,0.0,0.0,0.0,235.77507400512695,200.9202537536621,0,0,0,0,0,0,0,0,0,0,165.30985641479492,8.50924801826477,42.966848373413086,18.989121198654175,nocache_bf16,large_h6_n32_s100,7f359707f1ed22da8faab892c9f0c4e550944bae7d2edc3e3a20aeba4230bf60,904.1201171875,530.4220447540283,0,574.6183261871338,0,0,0,0
cora_link,val,81,81,cora_link:val:000081:5ad2fd21fa8b652a,1,2491.84996,2491.7236328125,2421.230178,70.281087,0.0,0.0,0.0,0.0,387.2017021179199,333.96851348876953,0,0,0,0,0,0,0,0,0,0,274.1636772155762,12.761152029037476,69.69321537017822,30.58365750312805,nocache_bf16,large_h6_n32_s100,5ad2fd21fa8b652a2049a86f654a3e93378d805fc49cae2c8eeb775b131d65c5,1541.8167724609375,890.0215358734131,0,985.763750076294,0,0,0,0
cora_link,val,82,82,cora_link:val:000082:fd7f45bfb7e73442,1,2783.884261,2783.747314453125,2713.141631,70.394143,0.0,0.0,0.0,0.0,410.25244903564453,377.7664375305176,0,0,0,0,0,0,0,0,0,0,284.2149467468262,13.559263944625854,78.63628768920898,33.84195065498352,nocache_bf16,large_h6_n32_s100,fd7f45bfb7e73442826b14a3a81426866b4db698503383acbc493b42430b543a,1746.2464599609375,1006.615550994873,0,1117.397346496582,0,0,0,0
cora_link,val,83,83,cora_link:val:000083:e44b2e90a9c51d7c,1,2482.2787,2482.15380859375,2413.34778,68.633553,0.0,0.0,0.0,0.0,370.9753608703613,336.9512939453125,0,0,0,0,0,0,0,0,0,0,257.71923065185547,12.270272135734558,70.32335948944092,30.662498593330383,nocache_bf16,large_h6_n32_s100,e44b2e90a9c51d7c3c35622e72b9a21b0efe7cf5ae800ea7056cd060bc77d86b,1554.0804443359375,894.8276214599609,0,996.2041168212891,0,0,0,0
cora_link,val,84,84,cora_link:val:000084:f1d9432decd47702,1,2677.629207,2677.497314453125,2606.747603,70.517561,0.0,0.0,0.0,0.0,420.2052459716797,356.58780670166016,0,0,0,0,0,0,0,0,0,0,298.33385467529297,14.008384466171265,74.63964653015137,33.22336030006409,nocache_bf16,large_h6_n32_s100,f1d9432decd4770232963f43964482d5bb9e9d8b8c6cf0ad13f69125fa1ba7dd,1653.519287109375,953.9648952484131,0,1056.142198562622,0,0,0,0
cora_link,val,85,85,cora_link:val:000085:53e8473ba934884e,1,2793.68776,2793.551513671875,2723.733407,69.62252,0.0,0.0,0.0,0.0,416.3928680419922,377.10713958740234,0,0,0,0,0,0,0,0,0,0,289.4193305969238,13.573887825012207,78.74499130249023,34.65465831756592,nocache_bf16,large_h6_n32_s100,53e8473ba934884e0887f2ba95ba400bf9bec4d77cf74955ee274d647543a372,1747.794189453125,1006.6711044311523,0,1118.230224609375,0,0,0,0
cora_link,val,86,86,cora_link:val:000086:cf8c6d684a64eeda,1,1859.214909,1859.1077880859375,1789.160189,69.748597,0.0,0.0,0.0,0.0,297.10175704956055,245.67101287841797,0,0,0,0,0,0,0,0,0,0,211.80278778076172,10.968159914016724,51.116576194763184,23.21423316001892,nocache_bf16,large_h6_n32_s100,cf8c6d684a64eedafbc9b42ca68fa90eeae373c5ac18f15c95110b42f5a244ef,1127.0791015625,655.9041290283203,0,716.8459854125977,0,0,0,0
cora_link,val,87,87,cora_link:val:000087:c6bd8e7cebeade5f,1,2645.183771,2645.054443359375,2575.637467,69.20113,0.0,0.0,0.0,0.0,405.84527587890625,355.72998046875,0,0,0,0,0,0,0,0,0,0,285.90723037719727,13.340895891189575,74.36515235900879,32.23199725151062,nocache_bf16,large_h6_n32_s100,c6bd8e7cebeade5f47abd14366633bb1cf69e653fbe814fc89723b74ae0b3b36,1641.4786376953125,945.1034564971924,0,1052.1051616668701,0,0,0,0
cora_link,val,88,88,cora_link:val:000088:0d48200e9b1f3f3d,1,2509.115822,2508.9921875,2438.131722,70.672243,0.0,0.0,0.0,0.0,372.2702407836914,340.40636825561523,0,0,0,0,0,0,0,0,0,0,257.3397407531738,12.717696189880371,71.20406436920166,31.008739471435547,nocache_bf16,large_h6_n32_s100,0d48200e9b1f3f3dcfc330cd785967b078be3ad1a286bcdb7fc01f60f2606226,1566.60107421875,907.7438716888428,0,999.2635707855225,0,0,0,0
cora_link,val,89,89,cora_link:val:000089:e135e8bdc2ae5355,1,2473.361274,2473.239013671875,2401.971492,71.060809,0.0,0.0,0.0,0.0,380.41980743408203,331.10460662841797,0,0,0,0,0,0,0,0,0,0,268.101375579834,12.653952360153198,69.08131217956543,30.58316731452942,nocache_bf16,large_h6_n32_s100,e135e8bdc2ae5355e65c913f904a6b1c092e152ec90f2c8bf62df9e24b683562,1538.8775634765625,886.0078754425049,0,983.9742946624756,0,0,0,0
cora_link,val,90,90,cora_link:val:000090:ebd242537a202816,1,2175.627959,2175.51806640625,2104.274796,71.05487,0.0,0.0,0.0,0.0,307.9574737548828,297.0178565979004,0,0,0,0,0,0,0,0,0,0,210.26166152954102,9.823295950889587,60.88719940185547,26.98531687259674,nocache_bf16,large_h6_n32_s100,ebd242537a2028165edb083fbe81f037cdbf9812ef87d2495eb3586a5a9a36ee,1353.6671142578125,782.3731231689453,0,868.3118476867676,0,0,0,0
cora_link,val,91,91,cora_link:val:000091:f558e519d1940289,1,2583.459303,2583.333251953125,2512.179105,70.959722,0.0,0.0,0.0,0.0,382.8930244445801,349.8891181945801,0,0,0,0,0,0,0,0,0,0,265.96531677246094,12.924512147903442,72.78080081939697,31.222394704818726,nocache_bf16,large_h6_n32_s100,f558e519d1940289e9ecf4719746f0617fd583d65914b241ebe12a8cd0a81236,1617.8248291015625,933.907262802124,0,1033.8066844940186,0,0,0,0
cora_link,val,92,92,cora_link:val:000092:e5df4d02d0e7b380,1,2422.92376,2422.803466796875,2353.114899,69.436677,0.0,0.0,0.0,0.0,369.9661521911621,326.3993911743164,0,0,0,0,0,0,0,0,0,0,260.03772735595703,12.245440006256104,68.85683155059814,28.82615327835083,nocache_bf16,large_h6_n32_s100,e5df4d02d0e7b380179b6966802525cfd72eb9a4a9a8ef28cfae11b431d047b6,1511.54541015625,871.1127033233643,0,966.8320980072021,0,0,0,0
cora_link,val,93,93,cora_link:val:000093:f735369324c31e69,1,2791.311466,2791.17822265625,2722.650708,68.34496,0.0,0.0,0.0,0.0,449.74598693847656,375.29590225219727,0,0,0,0,0,0,0,0,0,0,321.9343376159668,14.943615913391113,78.35833644866943,34.50969696044922,nocache_bf16,large_h6_n32_s100,f735369324c31e693a850ab7ba020b89daa490b49f893f572391f34fa519cb88,1739.4512939453125,1003.3539142608643,0,1111.3932819366455,0,0,0,0
cora_link,val,94,94,cora_link:val:000094:9593ceb59f0fcf1e,1,2200.597544,2200.488525390625,2129.848019,70.405946,0.0,0.0,0.0,0.0,333.4059524536133,296.2450866699219,0,0,0,0,0,0,0,0,0,0,232.80585098266602,11.534080028533936,61.47011184692383,27.595909595489502,nocache_bf16,large_h6_n32_s100,9593ceb59f0fcf1ec9fe9bdb0545d895b3f52d3330b5641998b1e360a9791da1,1367.89013671875,790.1932125091553,0,873.9420108795166,0,0,0,0
cora_link,val,95,95,cora_link:val:000095:f00843a8acab5da3,1,2490.396242,2490.27587890625,2421.218206,68.844966,0.0,0.0,0.0,0.0,379.7328338623047,340.5152015686035,0,0,0,0,0,0,0,0,0,0,264.8583641052246,12.539999961853027,71.3779525756836,30.956517219543457,nocache_bf16,large_h6_n32_s100,f00843a8acab5da3e805f0694b07b80959cfd68542ed31348195524e1fcc3ebb,1564.9522705078125,908.1534748077393,0,997.3139972686768,0,0,0,0
cora_link,val,96,96,cora_link:val:000096:2ef8f94e1511e956,1,169.797846,169.7681884765625,100.096469,69.494058,0.0,0.0,0.0,0.0,8.34220814704895,15.667551755905151,0,0,0,0,0,0,0,0,0,0,4.261344015598297,0.18399999849498272,2.3967359960079193,1.500128136947751,nocache_bf16,large_h6_n32_s100,2ef8f94e1511e9560566504efa7f3478c8055e4fdde9ba820071ccf7a58b2bf4,64.12319946289062,40.07750368118286,0,39.713247537612915,0,0,0,0
cora_link,val,97,97,cora_link:val:000097:2bebad65143879eb,1,2464.288028,2464.169189453125,2393.263953,70.73154,0.0,0.0,0.0,0.0,385.2366714477539,331.2540168762207,0,0,0,0,0,0,0,0,0,0,272.5248603820801,12.7816641330719,69.16870403289795,30.76144289970398,nocache_bf16,large_h6_n32_s100,2bebad65143879ebaf1c5996f266e59ab5dc245fbdb536098e14d0ecf407e384,1538.6123046875,883.794023513794,0,986.0722980499268,0,0,0,0
cora_link,val,98,98,cora_link:val:000098:ce9b1af93608dee4,1,2513.601622,2513.48095703125,2444.010868,69.207475,0.0,0.0,0.0,0.0,361.3930206298828,344.9607353210449,0,0,0,0,0,0,0,0,0,0,244.82915115356445,11.970848202705383,73.35929679870605,31.23372447490692,nocache_bf16,large_h6_n32_s100,ce9b1af93608dee4182257df99e501dcc4e4ef9bc9034aab3b3e5fb473bce3d1,1587.5611572265625,915.6121921539307,0,1016.9097003936768,0,0,0,0
cora_link,val,99,99,cora_link:val:000099:2450ed437ff94702,1,2595.413614,2595.290283203125,2524.167371,70.941864,0.0,0.0,0.0,0.0,387.41955184936523,353.3254737854004,0,0,0,0,0,0,0,0,0,0,268.50268936157227,13.164128065109253,74.161376953125,31.591357469558716,nocache_bf16,large_h6_n32_s100,2450ed437ff947028c2c2834f4c40c0a89c50b42fb291ba6ccfd962e0e7c0ac0,1630.99951171875,940.7288970947266,0,1043.5960884094238,0,0,0,0
cora_link,test,100,0,cora_link:test:000000:a92a49577d9aaaf9,1,2660.681015,2660.47705078125,2589.734494,70.29516,0.0,0.0,0.0,0.0,381.88105392456055,359.6700782775879,0,0,0,0,0,0,0,0,0,0,261.4964179992676,12.377408027648926,75.71427059173584,32.2929573059082,nocache_bf16,large_h6_n32_s100,a92a49577d9aaaf95325fcc562b287774d230a1f7b54dbc314a6d5f0755e6cb4,1656.07080078125,953.1158714294434,0,1062.6250076293945,0,0,0,0
cora_link,test,101,1,cora_link:test:000001:47761966a95f3eb6,1,2654.617883,2654.494384765625,2583.660425,70.583504,0.0,0.0,0.0,0.0,382.7315483093262,361.90832138061523,0,0,0,0,0,0,0,0,0,0,262.2647361755371,12.57257628440857,76.28976058959961,31.604475259780884,nocache_bf16,large_h6_n32_s100,47761966a95f3eb62cbe0fba0d2d11c16a3ab6581015304ae9c32ecdc9d2b046,1672.615966796875,966.207389831543,0,1068.3168983459473,0,0,0,0
cora_link,test,102,2,cora_link:test:000002:248adbffa3013319,1,2466.602745,2466.485595703125,2397.326891,68.867678,0.0,0.0,0.0,0.0,310.44870376586914,556.471363067627,0,0,0,0,0,0,0,0,0,0,211.8667221069336,10.349183917045593,61.833184242248535,26.39961349964142,nocache_bf16,large_h6_n32_s100,248adbffa30133190208abb5aaef4e46c669cd48341ea54f59ea642c7d0af321,1381.5511474609375,798.7064380645752,0,1139.3160724639893,0,0,0,0
cora_link,test,103,3,cora_link:test:000003:733f9ec4809d19f5,1,2350.195217,2350.0830078125,2280.910567,68.971771,0.0,0.0,0.0,0.0,344.2971839904785,316.20041275024414,0,0,0,0,0,0,0,0,0,0,239.0053482055664,11.809952139854431,65.37715148925781,28.104732155799866,nocache_bf16,large_h6_n32_s100,733f9ec4809d19f5681aaaad9301c87204e8a819ff44f4b4ace559f1631f941b,1462.3367919921875,844.0028762817383,0,934.5343284606934,0,0,0,0
cora_link,test,104,4,cora_link:test:000004:38570c1b93d605c5,1,2500.105603,2499.989013671875,2428.924406,70.866018,0.0,0.0,0.0,0.0,367.17027282714844,338.0353317260742,0,0,0,0,0,0,0,0,0,0,252.97980499267578,11.641984105110168,71.6930570602417,30.85542666912079,nocache_bf16,large_h6_n32_s100,38570c1b93d605c599078d8cc2737659926fc60e7ad65141703083a1b65caf0b,1560.115234375,898.8161277770996,0,999.3344383239746,0,0,0,0
cora_link,test,105,5,cora_link:test:000005:595c0c9fc1ff6618,1,2269.77542,2269.667724609375,2199.749232,69.684165,0.0,0.0,0.0,0.0,353.1387519836426,303.5112648010254,0,0,0,0,0,0,0,0,0,0,250.06300735473633,12.045568227767944,63.527679443359375,27.50249695777893,nocache_bf16,large_h6_n32_s100,595c0c9fc1ff6618ebb5a8f51b6466afc6c85a0c7a445a132efc20f10f865f57,1401.2103271484375,808.9489288330078,0,895.7726631164551,0,0,0,0
cora_link,test,106,6,cora_link:test:000006:31831ee8abbeea66,1,2435.195641,2435.081787109375,2365.058443,69.820035,0.0,0.0,0.0,0.0,348.45840072631836,330.77040100097656,0,0,0,0,0,0,0,0,0,0,237.57686233520508,11.576576113700867,70.49833583831787,28.806626439094543,nocache_bf16,large_h6_n32_s100,31831ee8abbeea66cd0c7b1800211799e2834e0c0c923608d8bf9ca65eee4cd1,1529.588134765625,881.3221435546875,0,979.0363922119141,0,0,0,0
cora_link,test,107,7,cora_link:test:000007:f9f2e5b62d2ac8de,1,2300.264221,2300.156494140625,2229.933192,70.027401,0.0,0.0,0.0,0.0,323.2329635620117,313.77356719970703,0,0,0,0,0,0,0,0,0,0,217.68412399291992,10.769791960716248,67.07286548614502,27.70618212223053,nocache_bf16,large_h6_n32_s100,f9f2e5b62d2ac8ded6e6797e2ed90689e5eeb9d491a0f1d297032aa5fea072d7,1446.4515380859375,833.3157768249512,0,926.9093284606934,0,0,0,0
cora_link,test,108,8,cora_link:test:000008:c79461d98b773e5c,1,2213.648683,2213.544189453125,2142.689218,70.608827,0.0,0.0,0.0,0.0,315.6056327819824,299.8509101867676,0,0,0,0,0,0,0,0,0,0,215.74970245361328,10.52784013748169,62.331488609313965,26.996601581573486,nocache_bf16,large_h6_n32_s100,c79461d98b773e5c9ff91d981a1cec73c273981819e850b00eff1d3b65ec8600,1378.7200927734375,798.1425304412842,0,880.4284725189209,0,0,0,0
cora_link,test,109,9,cora_link:test:000009:d2ee76e5e84eec35,1,227.039066,227.00726318359375,157.032459,69.785326,0.0,0.0,0.0,0.0,15.808351993560791,24.80348825454712,0,0,0,0,0,0,0,0,0,0,9.3089280128479,0.4750080034136772,3.8330559730529785,2.191360004246235,nocache_bf16,large_h6_n32_s100,d2ee76e5e84eec3564f795fcd6b2f7254c94efd70155a704ad0925a4965c92ab,103.57039642333984,63.50380790233612,0,64.87007677555084,0,0,0,0
cora_link,test,110,10,cora_link:test:000010:8d14e1da56065451,1,2920.130775,2920.00048828125,2849.007856,70.692089,0.0,0.0,0.0,0.0,440.3942108154297,394.48502349853516,0,0,0,0,0,0,0,0,0,0,307.64140701293945,14.350047826766968,82.5610876083374,35.841668367385864,nocache_bf16,large_h6_n32_s100,8d14e1da5606545155fe5956d5cb8329e8cfde8193f8888f4dd0928477723548,1829.8170166015625,1056.8709812164307,0,1167.431058883667,0,0,0,0
cora_link,test,111,11,cora_link:test:000011:fad03a0158e504b3,1,2934.959162,2934.82861328125,2865.912978,68.612036,0.0,0.0,0.0,0.0,447.13343811035156,400.6550750732422,0,0,0,0,0,0,0,0,0,0,304.8904266357422,14.269887924194336,83.51903915405273,44.454084396362305,nocache_bf16,large_h6_n32_s100,fad03a0158e504b32650d140461ea86cb962b0822bff8f4520831a83cd1248e4,1830.3975830078125,1059.3913822174072,0,1171.6612758636475,0,0,0,0
cora_link,test,112,12,cora_link:test:000012:aca91543227984e3,1,1490.233504,1490.1556396484375,1418.639497,71.268597,0.0,0.0,0.0,0.0,215.28636932373047,204.1378936767578,0,0,0,0,0,0,0,0,0,0,144.57324600219727,7.405439972877502,44.280479431152344,19.027203917503357,nocache_bf16,large_h6_n32_s100,aca91543227984e385271d7b6624f3488a279bb046c26f2b6068426fcddd5418,899.4592895507812,527.2056980133057,0,576.3914852142334,0,0,0,0
cora_link,test,113,13,cora_link:test:000013:c6319e2e394c55b4,1,2427.296037,2427.1845703125,2358.311664,68.648804,0.0,0.0,0.0,0.0,361.7872657775879,327.99555587768555,0,0,0,0,0,0,0,0,0,0,250.7281951904297,12.080160021781921,69.43878364562988,29.5401269197464,nocache_bf16,large_h6_n32_s100,c6319e2e394c55b41806cfecd8da702ae32db387f3cb5a4f8f8eef4694f73a95,1516.81201171875,874.8512268066406,0,969.9563407897949,0,0,0,0
cora_link,test,114,14,cora_link:test:000014:7bf3e2dde2798014,1,1544.835869,1544.7559814453125,1473.648851,70.895187,0.0,0.0,0.0,0.0,201.97269821166992,212.6677131652832,0,0,0,0,0,0,0,0,0,0,131.82944107055664,6.608511924743652,44.99555206298828,18.539193153381348,nocache_bf16,large_h6_n32_s100,7bf3e2dde2798014ceb5d40da68647c5153090960f695abd29526791495aae0b,956.0367431640625,556.4670429229736,0,612.2374134063721,0,0,0,0
cora_link,test,115,15,cora_link:test:000015:987bc8c1450d4de6,1,2632.899709,2632.7783203125,2564.030299,68.467193,0.0,0.0,0.0,0.0,393.32274627685547,357.3671989440918,0,0,0,0,0,0,0,0,0,0,272.8465919494629,12.96342396736145,75.17177677154541,32.34095358848572,nocache_bf16,large_h6_n32_s100,987bc8c1450d4de64eef125a17107f6448f2d1b5185316d809ae6a6c0f0195e1,1643.0570068359375,951.2921314239502,0,1049.132074356079,0,0,0,0
cora_link,test,116,16,cora_link:test:000016:5b221701d91b2a5f,1,2313.863089,2313.757080078125,2243.08347,70.441129,0.0,0.0,0.0,0.0,315.05164337158203,316.7997741699219,0,0,0,0,0,0,0,0,0,0,210.76364517211914,10.369471907615662,66.72854518890381,27.18998110294342,nocache_bf16,large_h6_n32_s100,5b221701d91b2a5f8038b3865bbb9fcedfa54c0a8fded06e49662e9b7d10eeca,1459.878662109375,841.8381080627441,0,934.8403282165527,0,0,0,0
cora_link,test,117,17,cora_link:test:000017:d481cb116e8ae8b8,1,2664.702239,2664.584228515625,2593.783287,70.527464,0.0,0.0,0.0,0.0,388.50152587890625,363.5546569824219,0,0,0,0,0,0,0,0,0,0,266.83791732788086,12.411871910095215,76.19689655303955,33.054840087890625,nocache_bf16,large_h6_n32_s100,d481cb116e8ae8b85fd7c852582357b1bd5b2f42c37be8d533de0caed2e3600d,1674.2537841796875,967.8788528442383,0,1069.929588317871,0,0,0,0
cora_link,test,118,18,cora_link:test:000018:48808d259fed35be,1,2407.243063,2407.134033203125,2336.258885,70.620137,0.0,0.0,0.0,0.0,337.1860466003418,328.9441947937012,0,0,0,0,0,0,0,0,0,0,227.12345123291016,10.884544134140015,70.20579242706299,28.972258806228638,nocache_bf16,large_h6_n32_s100,48808d259fed35be2922a2257ced6e69b7f3efdea3984cd9e3e45a0b1fcaac34,1514.5841064453125,872.9058856964111,0,970.6224155426025,0,0,0,0
cora_link,test,119,19,cora_link:test:000019:12f4d9e1dc287b85,1,2405.758876,2405.64990234375,2334.79265,70.59559,0.0,0.0,0.0,0.0,370.28326416015625,321.04688262939453,0,0,0,0,0,0,0,0,0,0,261.09900665283203,12.46291208267212,67.60678482055664,29.11456060409546,nocache_bf16,large_h6_n32_s100,12f4d9e1dc287b85cf1cb6e0b0a5d7b49bdd9bfc17e5c97e854d6b893dd93fd7,1487.015380859375,857.126501083374,0,950.9357624053955,0,0,0,0
cora_link,test,120,20,cora_link:test:000020:a41d96c929bbaea4,1,2547.453631,2547.339599609375,2478.306258,68.769701,0.0,0.0,0.0,0.0,362.5103073120117,347.2233657836914,0,0,0,0,0,0,0,0,0,0,247.10322952270508,11.80947196483612,72.65583992004395,30.941765904426575,nocache_bf16,large_h6_n32_s100,a41d96c929bbaea468aaad7fdcd5d180accbcd9f4277b2d1ca7740cdd52be7cd,1599.078125,924.6275882720947,0,1021.6739025115967,0,0,0,0
cora_link,test,121,21,cora_link:test:000021:021cc6c6d71b868e,1,2236.288633,2236.186767578125,2165.183024,70.785382,0.0,0.0,0.0,0.0,321.2553939819336,300.15119552612305,0,0,0,0,0,0,0,0,0,0,221.21168518066406,10.8439040184021,62.38927936553955,26.81052541732788,nocache_bf16,large_h6_n32_s100,021cc6c6d71b868ee32b5ec18999125272fe8f3b8e770b9b2ade266358591a09,1395.2777099609375,805.3990364074707,0,890.0298690795898,0,0,0,0
cora_link,test,122,22,cora_link:test:000022:7ebf8fd29faab399,1,2106.950454,2106.853271484375,2036.833832,69.766426,0.0,0.0,0.0,0.0,295.59299087524414,287.33215713500977,0,0,0,0,0,0,0,0,0,0,200.14976119995117,9.945728182792664,60.77647876739502,24.721022725105286,nocache_bf16,large_h6_n32_s100,7ebf8fd29faab399aae704e7cf9151ceb11e4f315cbbea54d10385c82d339425,1323.7445068359375,765.3600006103516,0,845.7166633605957,0,0,0,0
cora_link,test,123,23,cora_link:test:000023:3362a73a111bacec,1,634.587862,634.5425415039062,562.655353,71.687567,0.0,0.0,0.0,0.0,81.3351993560791,79.70371150970459,0,0,0,0,0,0,0,0,0,0,54.48655986785889,2.7968960404396057,16.772063732147217,7.279679715633392,nocache_bf16,large_h6_n32_s100,3362a73a111bacec5618dfa5720e7a98689f6b00361568e5bab3750d7a69ddeb,350.341064453125,205.1959991455078,0,224.84877681732178,0,0,0,0
cora_link,test,124,24,cora_link:test:000024:85adf0fcce383d9c,1,2323.900974,2323.79638671875,2252.411329,71.184918,0.0,0.0,0.0,0.0,378.6978874206543,305.8289909362793,0,0,0,0,0,0,0,0,0,0,272.5980453491211,13.406368255615234,63.87033557891846,28.82313823699951,nocache_bf16,large_h6_n32_s100,85adf0fcce383d9cb482d4bb8e481933359ac38902568f0b242a66bf714286fe,1415.8917236328125,818.7133712768555,0,903.0073432922363,0,0,0,0
cora_link,test,125,25,cora_link:test:000025:9d9567e93f366061,1,2925.103236,2924.978515625,2856.114777,68.577421,0.0,0.0,0.0,0.0,433.94000244140625,395.0493392944336,0,0,0,0,0,0,0,0,0,0,300.6187553405762,14.306143999099731,82.67065525054932,36.34444785118103,nocache_bf16,large_h6_n32_s100,9d9567e93f366061cd925a7a7ea1c1641d8e50bb824f0e37e4338dcd7ae6bc6d,1839.878662109375,1060.9162502288818,0,1174.0117511749268,0,0,0,0
cora_link,test,126,26,cora_link:test:000026:585463fc562fdee5,1,2953.782406,2953.656494140625,2884.770103,68.644604,0.0,0.0,0.0,0.0,427.23170471191406,402.5710983276367,0,0,0,0,0,0,0,0,0,0,293.53648376464844,13.605472087860107,84.22668647766113,35.863062381744385,nocache_bf16,large_h6_n32_s100,585463fc562fdee5d1a69d189fef63b474daea272c901560a9fabd71463a1f50,1862.55615234375,1076.7009925842285,0,1188.4262580871582,0,0,0,0
cora_link,test,127,27,cora_link:test:000027:2eaf82e718529d61,1,2863.425051,2863.302734375,2794.865007,68.203462,0.0,0.0,0.0,0.0,437.366455078125,385.2324867248535,0,0,0,0,0,0,0,0,0,0,306.9634246826172,14.075039863586426,80.28889465332031,36.039095878601074,nocache_bf16,large_h6_n32_s100,2eaf82e718529d613e0de6749a0bff9e8cb957e16d67c4b78d6d6721f8f7f677,1795.3394775390625,1034.4132461547852,0,1146.1587181091309,0,0,0,0
cora_link,test,128,28,cora_link:test:000028:c1dc2bd37c203ab9,1,2398.016102,2397.910400390625,2328.415722,69.239373,0.0,0.0,0.0,0.0,349.8944282531738,325.3606071472168,0,0,0,0,0,0,0,0,0,0,240.46438217163086,11.668832063674927,68.64790439605713,29.113309621810913,nocache_bf16,large_h6_n32_s100,c1dc2bd37c203ab9665b777173926fd67a29c32500d594fa60caed2d1f270794,1500.5123291015625,865.6697940826416,0,960.2031421661377,0,0,0,0
cora_link,test,129,29,cora_link:test:000029:7480b14103945b84,1,2312.473189,2312.370849609375,2240.804106,71.299489,0.0,0.0,0.0,0.0,326.65865325927734,314.86047744750977,0,0,0,0,0,0,0,0,0,0,221.97065353393555,10.635679960250854,66.44054412841797,27.611775636672974,nocache_bf16,large_h6_n32_s100,7480b14103945b842a9ba14187b3872f2fc3bcc05877d034c1bc4e899de8d936,1453.17822265625,838.6198463439941,0,929.4188537597656,0,0,0,0
cora_link,test,130,30,cora_link:test:000030:5400903d50457875,1,2512.289048,2512.18017578125,2440.985385,70.960413,0.0,0.0,0.0,0.0,371.7438735961914,337.66854095458984,0,0,0,0,0,0,0,0,0,0,258.2883529663086,12.42963194847107,70.20899200439453,30.816896677017212,nocache_bf16,large_h6_n32_s100,5400903d50457875c14c0b9a3c0a10d4dced003e34216211d87925f2c132ce0a,1562.15087890625,901.1108436584473,0,998.7085762023926,0,0,0,0
cora_link,test,131,31,cora_link:test:000031:63aea78df371a953,1,2326.862375,2326.760009765625,2256.104443,70.399015,0.0,0.0,0.0,0.0,318.7959976196289,318.26831817626953,0,0,0,0,0,0,0,0,0,0,212.3014373779297,10.424351811408997,67.84540843963623,28.22479999065399,nocache_bf16,large_h6_n32_s100,63aea78df371a953e2aba90e752f82d6a7fd4d6d701ec5a481f69b45a8204852,1466.7611083984375,844.9921588897705,0,940.0372676849365,0,0,0,0
cora_link,test,132,32,cora_link:test:000032:1f2a998b4dbd6639,1,2680.376127,2680.262451171875,2609.261535,70.727572,0.0,0.0,0.0,0.0,382.1151657104492,365.6761283874512,0,0,0,0,0,0,0,0,0,0,260.77961349487305,12.463199973106384,76.88115215301514,31.99120008945465,nocache_bf16,large_h6_n32_s100,1f2a998b4dbd663942c37acfb051c8449b7e7afbb4c5b001bc643c15a46266d1,1684.359130859375,969.5586566925049,0,1080.4766025543213,0,0,0,0
cora_link,test,133,33,cora_link:test:000033:14d615d89a1b41e3,1,2202.573902,2202.477294921875,2133.110468,69.132724,0.0,0.0,0.0,0.0,304.6695022583008,300.41708755493164,0,0,0,0,0,0,0,0,0,0,204.6846694946289,10.300672054290771,62.62841606140137,27.055744647979736,nocache_bf16,large_h6_n32_s100,14d615d89a1b41e3816c7e8f4b762e6f09730c867962c7aa144a1cd0e0acbc86,1380.26318359375,799.6433925628662,0,881.0368785858154,0,0,0,0
cora_link,test,134,34,cora_link:test:000034:63e24931f3b2ac99,1,2865.951844,2865.83251953125,2794.713661,70.842377,0.0,0.0,0.0,0.0,402.05936431884766,393.8004150390625,0,0,0,0,0,0,0,0,0,0,271.5668830871582,12.556512117385864,82.89440059661865,35.04156851768494,nocache_bf16,large_h6_n32_s100,63e24931f3b2ac9976abff488fc1f0cbad1d106c8a270a4abc94c20d231a9fc1,1821.150390625,1050.3164901733398,0,1164.6343154907227,0,0,0,0
cora_link,test,135,35,cora_link:test:000035:7c0b00c12372333f,1,2183.980473,2183.884521484375,2113.663726,69.940807,0.0,0.0,0.0,0.0,309.96028900146484,296.7004165649414,0,0,0,0,0,0,0,0,0,0,210.96774291992188,10.588191866874695,61.97391986846924,26.430434346199036,nocache_bf16,large_h6_n32_s100,7c0b00c12372333fd1727af7ceb3fe9c7ce9d78f337f1a6d64b62ed10b83740e,1365.205078125,790.8388156890869,0,871.0666790008545,0,0,0,0
cora_link,test,136,36,cora_link:test:000036:6084688f7bbdf65d,1,2565.448048,2565.3388671875,2494.863715,70.235906,0.0,0.0,0.0,0.0,384.6351318359375,346.9422073364258,0,0,0,0,0,0,0,0,0,0,266.8552017211914,12.628511905670166,73.4013442993164,31.75007390975952,nocache_bf16,large_h6_n32_s100,6084688f7bbdf65d904c5e7def98fdc045cf685b38eb265b4b265a6721532ba5,1605.130615234375,929.0710430145264,0,1023.0017795562744,0,0,0,0
cora_link,test,137,37,cora_link:test:000037:da07c8f84e6a36a9,1,2384.396619,2384.29443359375,2313.046594,71.026004,0.0,0.0,0.0,0.0,343.10428619384766,322.59762954711914,0,0,0,0,0,0,0,0,0,0,234.58255767822266,11.294528007507324,68.6781120300293,28.54908847808838,nocache_bf16,large_h6_n32_s100,da07c8f84e6a36a993088066dce943abb672c1f798464c00e59cad3caa720537,1490.2103271484375,859.2707481384277,0,953.5372085571289,0,0,0,0
cora_link,test,138,38,cora_link:test:000038:a34151466e92759c,1,1545.970156,1545.89599609375,1474.108402,71.599046,0.0,0.0,0.0,0.0,203.43261337280273,212.85263442993164,0,0,0,0,0,0,0,0,0,0,132.37481498718262,6.681952118873596,45.642592430114746,18.733253836631775,nocache_bf16,large_h6_n32_s100,a34151466e92759c74de7d0f87e311f95d733aa0bd5d52e80561031048db934c,957.5266723632812,560.5448608398438,0,609.8344459533691,0,0,0,0
cora_link,test,139,39,cora_link:test:000039:8c051e3c3f1eac2f,1,2361.176567,2361.07568359375,2290.394172,70.416612,0.0,0.0,0.0,0.0,344.0316505432129,320.0390434265137,0,0,0,0,0,0,0,0,0,0,235.14419174194336,11.345375895500183,69.00428867340088,28.53779423236847,nocache_bf16,large_h6_n32_s100,8c051e3c3f1eac2fbb5106a981df606b9c7f62e6d30e378dd9cf19600d1f69e4,1475.5802001953125,851.791166305542,0,943.8280773162842,0,0,0,0
cora_link,test,140,40,cora_link:test:000040:0c4e1b16e7f6d32e,1,2511.721241,2511.615478515625,2442.722742,68.629068,0.0,0.0,0.0,0.0,388.2550735473633,337.7453422546387,0,0,0,0,0,0,0,0,0,0,273.65491485595703,13.03980803489685,70.11878490447998,31.44156575202942,nocache_bf16,large_h6_n32_s100,0c4e1b16e7f6d32e5da80273adc54aca607610739bfc2682e89dac848332874a,1566.8848876953125,901.6794242858887,0,1002.9508056640625,0,0,0,0
cora_link,test,141,41,cora_link:test:000041:94823266d74a6d48,1,2622.608018,2622.499267578125,2552.620856,69.657426,0.0,0.0,0.0,0.0,356.3372497558594,363.21875762939453,0,0,0,0,0,0,0,0,0,0,237.1756477355957,11.22867214679718,76.45062446594238,31.48230540752411,nocache_bf16,large_h6_n32_s100,94823266d74a6d48a3ebb0e739cc6b9a001e36bc6d4378d466e605e013136a1e,1664.8291015625,961.7948169708252,0,1066.2530422210693,0,0,0,0
cora_link,test,142,42,cora_link:test:000042:3043386de9eb5a17,1,2510.263053,2510.158935546875,2438.725993,71.162416,0.0,0.0,0.0,0.0,381.58924865722656,337.05180740356445,0,0,0,0,0,0,0,0,0,0,268.1789093017578,12.576735734939575,70.51315212249756,30.320451498031616,nocache_bf16,large_h6_n32_s100,3043386de9eb5a174134a7e339dde5f554850f3be3e476a139a3e6620f9e94ff,1554.4613037109375,895.951774597168,0,995.561336517334,0,0,0,0
cora_link,test,143,43,cora_link:test:000043:a61dd8a6124feaf5,1,2627.682919,2627.574951171875,2557.054341,70.288663,0.0,0.0,0.0,0.0,360.7784614562988,361.02518463134766,0,0,0,0,0,0,0,0,0,0,241.54240036010742,11.710431933403015,75.38863945007324,32.13698971271515,nocache_bf16,large_h6_n32_s100,a61dd8a6124feaf55c666b0ed451d4b59b3548088c16c62153daa0eeed988780,1663.084228515625,961.5517730712891,0,1062.5576400756836,0,0,0,0
cora_link,test,144,44,cora_link:test:000044:90d883bbff1b482c,1,2712.866561,2712.755615234375,2642.110209,70.382743,0.0,0.0,0.0,0.0,427.67718505859375,364.55481338500977,0,0,0,0,0,0,0,0,0,0,303.1925163269043,14.480191707611084,75.65120029449463,34.35327672958374,nocache_bf16,large_h6_n32_s100,90d883bbff1b482ce1b0f86688ef07df0ad211ec8eff530394d1e198d8430b26,1687.01806640625,976.1105995178223,0,1075.4622802734375,0,0,0,0
cora_link,test,145,45,cora_link:test:000045:bae37ede4a3de9b1,1,2550.90738,2550.8017578125,2479.438656,71.087457,0.0,0.0,0.0,0.0,378.8940124511719,345.2568016052246,0,0,0,0,0,0,0,0,0,0,261.57791900634766,12.088287949562073,74.2548475265503,30.972957968711853,nocache_bf16,large_h6_n32_s100,bae37ede4a3de9b1b112273365558ac2d3c01eba152028941b820629cb36f666,1592.55859375,919.4368648529053,0,1018.3785305023193,0,0,0,0
cora_link,test,146,46,cora_link:test:000046:a3fb53fd45897eed,1,2554.626309,2554.521484375,2485.61092,68.676784,0.0,0.0,0.0,0.0,370.85997009277344,348.03305435180664,0,0,0,0,0,0,0,0,0,0,253.43535995483398,11.897855997085571,73.69884777069092,31.827906370162964,nocache_bf16,large_h6_n32_s100,a3fb53fd45897eed4bb12c5192d2091db1a22b1a781d299d9837a5f36024d63f,1600.582275390625,924.0550727844238,0,1024.5602569580078,0,0,0,0
cora_link,test,147,47,cora_link:test:000047:e806f17c15aa686b,1,2360.460721,2360.362060546875,2289.564548,70.545095,0.0,0.0,0.0,0.0,349.37670516967773,317.40940856933594,0,0,0,0,0,0,0,0,0,0,241.76208114624023,11.767040014266968,66.99849700927734,28.84908699989319,nocache_bf16,large_h6_n32_s100,e806f17c15aa686b060e0ed51edf41cd755ff4e9f4ba115925f5000037240c8f,1467.794921875,847.3113307952881,0,937.8929996490479,0,0,0,0
cora_link,test,148,48,cora_link:test:000048:c713ee4fd107b98c,1,2320.158326,2320.0615234375,2249.530019,70.31226,0.0,0.0,0.0,0.0,321.0289611816406,317.37452697753906,0,0,0,0,0,0,0,0,0,0,214.2754898071289,10.535583972930908,67.90604782104492,28.31183958053589,nocache_bf16,large_h6_n32_s100,c713ee4fd107b98c450cce5e01dd3bcf642b3fd16862c42ce9c070d74d4e7f36,1462.459228515625,845.8806076049805,0,933.9531478881836,0,0,0,0
cora_link,test,149,49,cora_link:test:000049:4875f0d1278f893a,1,2355.394391,2355.296142578125,2285.936331,69.151841,0.0,0.0,0.0,0.0,355.502685546875,317.8320960998535,0,0,0,0,0,0,0,0,0,0,249.6472625732422,11.577600002288818,66.14441585540771,28.13340711593628,nocache_bf16,large_h6_n32_s100,4875f0d1278f893adb29afed4c489723a9c4bf4cff2155264658735ae2a78b4a,1469.062255859375,844.3101100921631,0,942.5842418670654,0,0,0,0
cora_link,test,150,50,cora_link:test:000050:edd01bf99d59d0d3,1,2402.060886,2401.961669921875,2332.803981,68.924942,0.0,0.0,0.0,0.0,361.1899185180664,323.0041275024414,0,0,0,0,0,0,0,0,0,0,251.6465301513672,11.912288069725037,67.83369541168213,29.797404885292053,nocache_bf16,large_h6_n32_s100,edd01bf99d59d0d3183fe96945c7ab77e925a18783b97396e292410a726326e4,1491.808349609375,861.9662418365479,0,952.8462352752686,0,0,0,0
cora_link,test,151,51,cora_link:test:000051:50ba04ac7a5538a1,1,2249.28668,2249.1923828125,2178.127802,70.853034,0.0,0.0,0.0,0.0,305.52511978149414,307.22476959228516,0,0,0,0,0,0,0,0,0,0,204.81862258911133,10.210623979568481,65.02816009521484,25.467713117599487,nocache_bf16,large_h6_n32_s100,50ba04ac7a5538a1d58a96d93c24da81af646af9e7cf91d4812ed58a4076106e,1417.4329833984375,818.4819450378418,0,906.1758079528809,0,0,0,0
cora_link,test,152,52,cora_link:test:000052:3d056eca91a9a836,1,2641.391128,2641.285888671875,2573.129789,67.942057,0.0,0.0,0.0,0.0,368.68566131591797,363.12604904174805,0,0,0,0,0,0,0,0,0,0,248.5533103942871,11.697952151298523,76.56121635437012,31.87318241596222,nocache_bf16,large_h6_n32_s100,3d056eca91a9a83670c06713bbe83ebf3e1072c5493ac4c40eaad5ff9be5dac4,1671.7222900390625,965.0906848907471,0,1069.7576541900635,0,0,0,0
cora_link,test,153,53,cora_link:test:000053:afffb12d2f835989,1,1993.885104,1993.79931640625,1924.623424,68.942307,0.0,0.0,0.0,0.0,268.8559684753418,271.97532653808594,0,0,0,0,0,0,0,0,0,0,178.57151985168457,8.941408038139343,58.07305431365967,23.269986271858215,nocache_bf16,large_h6_n32_s100,afffb12d2f8359894144ea1011bb00a1beddec2d1e8e2a96f0a23197bd320ad7,1250.318115234375,725.6820487976074,0,796.6113929748535,0,0,0,0
cora_link,test,154,54,cora_link:test:000054:30c26c12e5ad1acc,1,2533.127139,2533.025146484375,2463.839735,68.948454,0.0,0.0,0.0,0.0,378.8558692932129,341.07302474975586,0,0,0,0,0,0,0,0,0,0,263.31222915649414,12.141792058944702,72.69814395904541,30.703704118728638,nocache_bf16,large_h6_n32_s100,30c26c12e5ad1acc921d6007d96b5414db7a451770e578c7ec38deb32d74ab94,1578.677490234375,909.1090259552002,0,1010.6414890289307,0,0,0,0
cora_link,test,155,55,cora_link:test:000055:71bf8a9463858055,1,2130.491273,2130.40185546875,2059.530475,70.642034,0.0,0.0,0.0,0.0,277.5935974121094,293.8160285949707,0,0,0,0,0,0,0,0,0,0,181.28960037231445,8.870464086532593,62.10300827026367,25.330524682998657,nocache_bf16,large_h6_n32_s100,71bf8a94638580552fec335174e5be8a4d64bac73d5c7f16af740198f9557854,1344.1666259765625,775.6824016571045,0,862.3002529144287,0,0,0,0
cora_link,test,156,56,cora_link:test:000056:a45fd9c8fbaeda83,1,2925.35489,2925.241455078125,2855.722568,69.265433,0.0,0.0,0.0,0.0,449.6863327026367,394.2543640136719,0,0,0,0,0,0,0,0,0,0,316.8539848327637,14.350879669189453,81.9875841140747,36.49388408660889,nocache_bf16,large_h6_n32_s100,a45fd9c8fbaeda83f996b5c5134233e343c2330cd97543af1dc4aa469895b57a,1827.7421875,1056.5064964294434,0,1165.4900550842285,0,0,0,0
cora_link,test,157,57,cora_link:test:000057:8cce888c9b65f06a,1,2466.644471,2466.54443359375,2394.970918,71.285902,0.0,0.0,0.0,0.0,355.8858528137207,332.99577713012695,0,0,0,0,0,0,0,0,0,0,244.4265251159668,11.599615931510925,70.3303689956665,29.529342770576477,nocache_bf16,large_h6_n32_s100,8cce888c9b65f06a5282b21227395865b0021e9e80a7f06a26231ebce5e682bd,1540.5069580078125,890.0692501068115,0,983.4334850311279,0,0,0,0
cora_link,test,158,58,cora_link:test:000058:0a15699abbc7bdfe,1,2870.28642,2870.175048828125,2801.616992,68.30366,0.0,0.0,0.0,0.0,432.6431350708008,386.4171829223633,0,0,0,0,0,0,0,0,0,0,302.23068618774414,13.916800022125244,80.7772159576416,35.718432903289795,nocache_bf16,large_h6_n32_s100,0a15699abbc7bdfe11e1545398d656d9a071b62cdfa31f06fcff39dc96d7d97f,1799.7366943359375,1036.1164417266846,0,1150.0374355316162,0,0,0,0
cora_link,test,159,59,cora_link:test:000059:7ad4f13634e65d42,1,2443.654699,2443.55615234375,2373.468611,69.794956,0.0,0.0,0.0,0.0,357.44079971313477,329.93302154541016,0,0,0,0,0,0,0,0,0,0,246.67324447631836,11.796992063522339,69.28415966033936,29.686403512954712,nocache_bf16,large_h6_n32_s100,7ad4f13634e65d42696f55ae561430fda053895ac5a173d4c38046f329f65662,1532.153076171875,882.1377296447754,0,979.9483680725098,0,0,0,0
cora_link,test,160,60,cora_link:test:000060:947ecd7092b60d75,1,229.301754,229.2704315185547,159.673142,69.409305,0.0,0.0,0.0,0.0,15.988864421844482,25.164992332458496,0,0,0,0,0,0,0,0,0,0,9.385024070739746,0.4827839955687523,3.8763519525527954,2.2447044029831886,nocache_bf16,large_h6_n32_s100,947ecd7092b60d753dd719552fce7c384a6830ffd76e25155af36e9e9adf3896,105.65564727783203,64.60735964775085,0,66.21327996253967,0,0,0,0
cora_link,test,161,61,cora_link:test:000061:1acb49af271f9d61,1,2628.317208,2628.214111328125,2556.804553,71.11245,0.0,0.0,0.0,0.0,406.37952423095703,353.68566513061523,0,0,0,0,0,0,0,0,0,0,286.20361328125,13.741088151931763,73.20287990570068,33.231942892074585,nocache_bf16,large_h6_n32_s100,1acb49af271f9d61b24aa48362d2b853908b399d03bd39d8cc98f9d1f081985a,1633.92138671875,941.938684463501,0,1045.6683673858643,0,0,0,0
cora_link,test,162,62,cora_link:test:000062:6cfbf15b798236a5,1,2480.384379,2480.28564453125,2408.934784,71.073874,0.0,0.0,0.0,0.0,331.6350746154785,339.1182060241699,0,0,0,0,0,0,0,0,0,0,218.89260864257812,10.657408118247986,72.65324783325195,29.43181002140045,nocache_bf16,large_h6_n32_s100,6cfbf15b798236a54090cd19df3719c67a389fc2e3dee5ac50bda445d2aaee96,1572.69873046875,905.1694717407227,0,1006.6474647521973,0,0,0,0
cora_link,test,163,63,cora_link:test:000063:9ace740bce59e5eb,1,2115.291479,2115.203369140625,2045.757908,69.186673,0.0,0.0,0.0,0.0,299.6099166870117,288.52556228637695,0,0,0,0,0,0,0,0,0,0,203.36220932006836,10.058016061782837,61.08032035827637,25.109370946884155,nocache_bf16,large_h6_n32_s100,9ace740bce59e5ebac4f83ca36118d0f76b772a4250fc122be277a75341046da,1326.2518310546875,768.4404792785645,0,846.3369140625,0,0,0,0
cora_link,test,164,64,cora_link:test:000064:e6ca9e4062a35662,1,2911.402954,2911.2919921875,2840.046134,70.96543,0.0,0.0,0.0,0.0,437.93536376953125,392.2136917114258,0,0,0,0,0,0,0,0,0,0,306.3755187988281,13.757120132446289,81.90595245361328,35.896772384643555,nocache_bf16,large_h6_n32_s100,e6ca9e4062a3566245ff7a1135ef3f44abbec6aed0dcdc1ea3ca402b6611e5f3,1819.561279296875,1052.153730392456,0,1159.6212406158447,0,0,0,0
cora_link,test,165,65,cora_link:test:000065:7b22040be3ab19bb,1,245.164103,245.13302612304688,175.664026,69.278517,0.0,0.0,0.0,0.0,15.304895877838135,27.200000286102295,0,0,0,0,0,0,0,0,0,0,8.473024010658264,0.4331519976258278,4.077823996543884,2.3208958730101585,nocache_bf16,large_h6_n32_s100,7b22040be3ab19bbcfa9198d7350cc1a126591686908e34ef3b5a920fd636caa,116.25698852539062,71.15702390670776,0,72.29996490478516,0,0,0,0
cora_link,test,166,66,cora_link:test:000066:bc7f1918aa925803,1,3010.62798,3010.514404296875,2940.090794,70.12082,0.0,0.0,0.0,0.0,463.96083068847656,404.0897903442383,0,0,0,0,0,0,0,0,0,0,326.7229766845703,15.382848024368286,83.99923133850098,37.85577464103699,nocache_bf16,large_h6_n32_s100,bc7f1918aa925803f1d7036ade0510d3686fbe78b3908d95997a2747ae85b5dd,1887.7674560546875,1088.9481925964355,0,1202.9090538024902,0,0,0,0
cora_link,test,167,67,cora_link:test:000067:111f661608b76851,1,2788.379914,2788.273193359375,2717.258568,70.696725,0.0,0.0,0.0,0.0,408.4648895263672,376.46460723876953,0,0,0,0,0,0,0,0,0,0,282.0216636657715,13.277088165283203,79.40249538421631,33.76364231109619,nocache_bf16,large_h6_n32_s100,111f661608b76851f9a56159eadc34c3e40962055823a3029b4903a09f3bd9b8,1747.441162109375,1003.4855709075928,0,1120.4201984405518,0,0,0,0
cora_link,test,168,68,cora_link:test:000068:c05c7b87fd0cda19,1,1916.002182,1915.92236328125,1844.640037,71.067718,0.0,0.0,0.0,0.0,278.055419921875,256.40112686157227,0,0,0,0,0,0,0,0,0,0,191.30642890930176,9.611840009689331,54.04556846618652,23.091582536697388,nocache_bf16,large_h6_n32_s100,c05c7b87fd0cda19478eece624809a5919473f036800f1e4b036d40d7b5aac07,1182.6065673828125,687.276798248291,0,751.7308959960938,0,0,0,0
cora_link,test,169,69,cora_link:test:000069:a591447a76a23f33,1,2333.869695,2333.777587890625,2263.347494,70.152197,0.0,0.0,0.0,0.0,329.9884490966797,316.09407806396484,0,0,0,0,0,0,0,0,0,0,225.12547302246094,10.791040062904358,66.36070537567139,27.711230635643005,nocache_bf16,large_h6_n32_s100,a591447a76a23f33910d5c7059da320f0fabc4b0dbd677fc99b0287262664a94,1463.720703125,842.5990085601807,0,937.2157726287842,0,0,0,0
cora_link,test,170,70,cora_link:test:000070:b5db190fcc93371e,1,1998.369566,1998.2861328125,1926.26731,71.739816,0.0,0.0,0.0,0.0,296.6172103881836,268.4424629211426,0,0,0,0,0,0,0,0,0,0,203.85305404663086,10.428959965705872,57.59193515777588,24.743261218070984,nocache_bf16,large_h6_n32_s100,b5db190fcc93371e6fd6c7b19e7d92fe572c469bbaf76e6fa6c6db2eddb8a366,1228.641845703125,711.3057270050049,0,785.7785816192627,0,0,0,0
cora_link,test,171,71,cora_link:test:000071:32de58fd2a55623a,1,2357.46508,2357.372314453125,2287.737779,69.351635,0.0,0.0,0.0,0.0,327.5579147338867,320.9392280578613,0,0,0,0,0,0,0,0,0,0,219.3112678527832,10.661279797554016,69.21452713012695,28.370839953422546,nocache_bf16,large_h6_n32_s100,32de58fd2a55623a8a4fdbc4c85baf53a112f8c483bc706efcdfff3fa11b82a6,1484.41015625,854.1359004974365,0,951.2134838104248,0,0,0,0
cora_link,test,172,72,cora_link:test:000072:997a47a4073e41df,1,2689.64537,2689.542236328125,2618.1603,71.057095,0.0,0.0,0.0,0.0,416.7614974975586,361.4557113647461,0,0,0,0,0,0,0,0,0,0,294.042911529541,13.88102388381958,75.36729621887207,33.47026586532593,nocache_bf16,large_h6_n32_s100,997a47a4073e41dfbdd26b79f2cdf9d91d113ac9c163ec5b4518845d9c1a14ff,1663.115966796875,958.159460067749,0,1066.412218093872,0,0,0,0
cora_link,test,173,73,cora_link:test:000073:4a2d121a0ac5d0e8,1,226.794365,226.76358032226562,156.278752,70.293693,0.0,0.0,0.0,0.0,15.416768074035645,24.558560371398926,0,0,0,0,0,0,0,0,0,0,9.078176021575928,0.4649600088596344,3.721664011478424,2.1519680321216583,nocache_bf16,large_h6_n32_s100,4a2d121a0ac5d0e8947e6f1cc3538e7b0618cf9bc060786f6c613eb7f23877b6,103.35020446777344,63.60918402671814,0,64.29958081245422,0,0,0,0
cora_link,test,174,74,cora_link:test:000074:f2f5a19ab342cae0,1,2764.144456,2764.033935546875,2694.525481,69.264768,0.0,0.0,0.0,0.0,421.56988525390625,371.66157150268555,0,0,0,0,0,0,0,0,0,0,296.1874198913574,13.873663902282715,77.61315250396729,33.89564895629883,nocache_bf16,large_h6_n32_s100,f2f5a19ab342cae01e5ec98ce3eef6abef032ebc47f51ffe574d4781fc8b3557,1725.2210693359375,996.8662815093994,0,1100.0163593292236,0,0,0,0
cora_link,test,175,75,cora_link:test:000075:a22fb2ea2f9d29a0,1,1875.609383,1875.5306396484375,1804.620947,70.639913,0.0,0.0,0.0,0.0,314.92787170410156,243.88431549072266,0,0,0,0,0,0,0,0,0,0,230.08269119262695,11.706272006034851,50.03817653656006,23.1007319688797,nocache_bf16,large_h6_n32_s100,a22fb2ea2f9d29a06305b4c510f2c3e4bbd2b99fd56ecec2d068c4cc9f07167e,1130.3017578125,657.3095035552979,0,716.8765697479248,0,0,0,0
cora_link,test,176,76,cora_link:test:000076:1e647e3fbb4a5d43,1,2353.366665,2353.27392578125,2281.982718,71.013245,0.0,0.0,0.0,0.0,350.5627212524414,318.3878402709961,0,0,0,0,0,0,0,0,0,0,243.2955551147461,11.927263975143433,66.73299217224121,28.60690999031067,nocache_bf16,large_h6_n32_s100,1e647e3fbb4a5d4311b381ebfb3b2b8705e1fbb6111d584d7688cb1d1792d2ca,1468.35595703125,847.9081859588623,0,938.8356113433838,0,0,0,0
cora_link,test,177,77,cora_link:test:000077:57987e30b21585ac,1,2756.02832,2755.924072265625,2685.144571,70.467143,0.0,0.0,0.0,0.0,419.3769302368164,371.9495048522949,0,0,0,0,0,0,0,0,0,0,294.80732345581055,13.835072040557861,77.31049537658691,33.424039363861084,nocache_bf16,large_h6_n32_s100,57987e30b21585ac890d144276d72d0f418ba5cdd81ab0c30b1a21f8e9d6075b,1718.552734375,990.69580078125,0,1099.806438446045,0,0,0,0
cora_link,test,178,78,cora_link:test:000078:9bdde5920f8b0a51,1,2371.225971,2371.1337890625,2300.330069,70.561265,0.0,0.0,0.0,0.0,321.6437110900879,324.87663650512695,0,0,0,0,0,0,0,0,0,0,214.76854705810547,10.488640069961548,68.95148944854736,27.43503451347351,nocache_bf16,large_h6_n32_s100,9bdde5920f8b0a513e78a303aba8691885dbdd99b194f26bbf3580c295636ba3,1496.3890380859375,862.600606918335,0,958.6650676727295,0,0,0,0
cora_link,test,179,79,cora_link:test:000079:0be9ee67b25a5ac7,1,2342.638893,2342.54736328125,2271.416694,70.866534,0.0,0.0,0.0,0.0,341.8534736633301,316.4838981628418,0,0,0,0,0,0,0,0,0,0,235.3622703552246,11.4656001329422,66.75484848022461,28.27075469493866,nocache_bf16,large_h6_n32_s100,0be9ee67b25a5ac77fd325a65d625b85dfb3a5de371af07b0487aef00427b48a,1463.3289794921875,843.2705268859863,0,936.542350769043,0,0,0,0
cora_link,test,180,80,cora_link:test:000080:6852c56d89f072d5,1,247.55174,247.5207061767578,176.342402,70.985845,0.0,0.0,0.0,0.0,15.138848066329956,27.06118392944336,0,0,0,0,0,0,0,0,0,0,8.395488023757935,0.4304959997534752,4.023263931274414,2.2896001115441322,nocache_bf16,large_h6_n32_s100,6852c56d89f072d51f4aca826c10a83c549fdeadf267146bd458c6d8a0248d79,117.29440307617188,71.25539231300354,0,73.1001946926117,0,0,0,0
cora_link,test,181,81,cora_link:test:000081:7ade712ace234fe2,1,2897.117435,2897.011962890625,2825.926093,70.83491,0.0,0.0,0.0,0.0,452.7938919067383,386.06560134887695,0,0,0,0,0,0,0,0,0,0,322.6265563964844,14.77782416343689,80.45801639556885,34.93149495124817,nocache_bf16,large_h6_n32_s100,7ade712ace234fe217bed41b8f28f589a52ed66375290776d19b6a03af51cc3a,1802.7281494140625,1038.2374439239502,0,1150.5563068389893,0,0,0,0
cora_link,test,182,82,cora_link:test:000082:609a3b47d7b0b3e3,1,2567.335602,2567.23876953125,2497.029847,69.955131,0.0,0.0,0.0,0.0,383.7339744567871,348.99788665771484,0,0,0,0,0,0,0,0,0,0,265.22022247314453,12.94870400428772,73.54787158966064,32.017176389694214,nocache_bf16,large_h6_n32_s100,609a3b47d7b0b3e3b9ce4442fde0daf9705270c755b903e6cdb46302ceccd799,1607.39990234375,927.7200660705566,0,1028.6777229309082,0,0,0,0
cora_link,test,183,83,cora_link:test:000083:d4efc39aa4d8bd04,1,2336.278518,2336.1884765625,2266.202521,69.759609,0.0,0.0,0.0,0.0,360.7924499511719,311.80956649780273,0,0,0,0,0,0,0,0,0,0,254.52441787719727,12.15120005607605,65.39916896820068,28.717663049697876,nocache_bf16,large_h6_n32_s100,d4efc39aa4d8bd043bf53de050b146bf9e4fbe3fbe2b1850fd7f4475af59a4d2,1448.3148193359375,834.6797752380371,0,925.4446105957031,0,0,0,0
cora_link,test,184,84,cora_link:test:000084:8fff9e642d26fa46,1,2232.969755,2232.88232421875,2164.072273,68.550276,0.0,0.0,0.0,0.0,316.6242904663086,302.9103698730469,0,0,0,0,0,0,0,0,0,0,216.10188674926758,10.522624015808105,62.83097553253174,27.168804168701172,nocache_bf16,large_h6_n32_s100,8fff9e642d26fa462328014578b8844e354d3af16655da0a5a04c04a27f5579f,1394.2122802734375,804.2769927978516,0,892.8456573486328,0,0,0,0
cora_link,test,185,85,cora_link:test:000085:406c175ea3120aa1,1,2575.032791,2574.9365234375,2505.433328,69.248023,0.0,0.0,0.0,0.0,381.943546295166,348.90662384033203,0,0,0,0,0,0,0,0,0,0,264.9967956542969,12.766175985336304,72.75417709350586,31.426397562026978,nocache_bf16,large_h6_n32_s100,406c175ea3120aa178c1257c0c380892ef5a372f750596f6690cbf05fd393df0,1614.1746826171875,928.9309406280518,0,1034.1503658294678,0,0,0,0
cora_link,test,186,86,cora_link:test:000086:e8f1bc59186b6765,1,2633.562046,2633.465087890625,2562.610176,70.622434,0.0,0.0,0.0,0.0,406.62538146972656,354.80553817749023,0,0,0,0,0,0,0,0,0,0,285.13705825805664,13.685727834701538,74.27536106109619,33.52723431587219,nocache_bf16,large_h6_n32_s100,e8f1bc59186b6765eac4cb99e2d2c00bf502e2950a0cf41c6a002c97d1c9cb24,1639.00244140625,944.7155513763428,0,1049.0924282073975,0,0,0,0
cora_link,test,187,87,cora_link:test:000087:c7011ca75dd0b78f,1,2174.393019,2174.30908203125,2102.867871,71.202548,0.0,0.0,0.0,0.0,303.3908500671387,295.83187103271484,0,0,0,0,0,0,0,0,0,0,205.35593795776367,9.975391864776611,61.53392028808594,26.52559995651245,nocache_bf16,large_h6_n32_s100,c7011ca75dd0b78f09ba8ae4b7c2f705cff0ebb4dc7bb057164a17ee3be1fe92,1363.6702880859375,785.0232906341553,0,874.4788684844971,0,0,0,0
cora_link,test,188,88,cora_link:test:000088:18b968107306c332,1,2476.935142,2476.841796875,2405.605328,70.956743,0.0,0.0,0.0,0.0,356.99273681640625,333.9059181213379,0,0,0,0,0,0,0,0,0,0,245.34953689575195,11.739359974861145,69.42051315307617,30.48332679271698,nocache_bf16,large_h6_n32_s100,18b968107306c332ca1e70e6d5db1379de839112c753882716a7136eea894167,1550.36865234375,892.4236850738525,0,991.8508853912354,0,0,0,0
cora_link,test,189,89,cora_link:test:000089:e368f47a88b67f89,1,2518.194231,2518.101318359375,2447.007219,70.848982,0.0,0.0,0.0,0.0,376.11280059814453,338.64012908935547,0,0,0,0,0,0,0,0,0,0,262.3213119506836,12.535391569137573,70.24742412567139,31.008672952651978,nocache_bf16,large_h6_n32_s100,e368f47a88b67f8984608eb37010339b6a995fff45a1de23ea9fd575be8f3b34,1565.8603515625,903.6765766143799,0,1000.8239040374756,0,0,0,0
cora_link,test,190,90,cora_link:test:000090:5d9c13ae1a649560,1,2111.65352,2111.5712890625,2039.345162,71.944681,0.0,0.0,0.0,0.0,311.80720138549805,285.8662757873535,0,0,0,0,0,0,0,0,0,0,216.66172409057617,10.6425279378891,59.60633563995361,24.896613717079163,nocache_bf16,large_h6_n32_s100,5d9c13ae1a6495607b4a8df6b8a509ca6d72616cc25333b376913fd59240b312,1310.616455078125,758.7519664764404,0,837.7307643890381,0,0,0,0
cora_link,test,191,91,cora_link:test:000091:3fcc197a36801b0b,1,2292.935949,2292.848876953125,2223.046354,69.541314,0.0,0.0,0.0,0.0,357.25193786621094,306.3511657714844,0,0,0,0,0,0,0,0,0,0,251.53843307495117,12.549055814743042,64.36368083953857,28.80076813697815,nocache_bf16,large_h6_n32_s100,3fcc197a36801b0b1e47743d520e7e174ef2f3b6400d9545bb21c63544115193,1420.4239501953125,820.7874584197998,0,905.9876575469971,0,0,0,0
cora_link,test,192,92,cora_link:test:000092:4d7a0254c3823983,1,2532.061898,2531.968994140625,2462.59894,69.066339,0.0,0.0,0.0,0.0,364.64723205566406,350.23871994018555,0,0,0,0,0,0,0,0,0,0,247.67961502075195,12.579583883285522,73.64633750915527,30.741695642471313,nocache_bf16,large_h6_n32_s100,4d7a0254c38239838679798d0a79a6660d2e5d48555e626de4d0360dff851265,1599.124755859375,927.5413436889648,0,1021.8221321105957,0,0,0,0
cora_link,test,193,93,cora_link:test:000093:919b65144e1f3589,1,2558.039855,2557.945068359375,2488.032285,69.622194,0.0,0.0,0.0,0.0,380.36768341064453,348.983455657959,0,0,0,0,0,0,0,0,0,0,262.19903564453125,12.78928017616272,73.33078384399414,32.04858374595642,nocache_bf16,large_h6_n32_s100,919b65144e1f358963da7fc4b4eac623d1f901a9a675f43cd7783f592c375d5e,1613.392578125,931.0563488006592,0,1031.3196849822998,0,0,0,0
cora_link,test,194,94,cora_link:test:000094:1650307c89f359b4,1,2106.74781,2106.666748046875,2037.15413,69.26828,0.0,0.0,0.0,0.0,300.0695381164551,288.7543029785156,0,0,0,0,0,0,0,0,0,0,203.7245101928711,10.128064036369324,61.16060733795166,25.056356549263,nocache_bf16,large_h6_n32_s100,1650307c89f359b4b89afb869c40991166a652ccf9193175d8cbaca7f8f77e53,1329.1953125,767.0391044616699,0,850.9105110168457,0,0,0,0
cora_link,test,195,95,cora_link:test:000095:b25ee3cbd55f1424,1,241.877255,241.84632873535156,172.406875,69.247752,0.0,0.0,0.0,0.0,15.361504077911377,27.33039951324463,0,0,0,0,0,0,0,0,0,0,8.501824140548706,0.43881599605083466,4.09280002117157,2.3280639201402664,nocache_bf16,large_h6_n32_s100,b25ee3cbd55f142432c4ba3b795de91eb7f40b98074edbc5c62a3715a28617d9,112.98786926269531,67.1058247089386,0,73.21244406700134,0,0,0,0
cora_link,test,196,96,cora_link:test:000096:2e55047c7ac6960a,1,2439.564838,2439.474609375,2370.659118,68.529289,0.0,0.0,0.0,0.0,352.1136703491211,331.85174560546875,0,0,0,0,0,0,0,0,0,0,240.9952621459961,11.609984040260315,70.41820812225342,29.090216040611267,nocache_bf16,large_h6_n32_s100,2e55047c7ac6960aa9e5574e5b2a92324f35c4a36c054647daf56eef90282162,1537.8272705078125,884.5462398529053,0,985.132776260376,0,0,0,0
cora_link,test,197,97,cora_link:test:000097:37f8cf0047f769ff,1,1953.058057,1952.9810791015625,1882.151939,70.579325,0.0,0.0,0.0,0.0,277.4762535095215,265.02486419677734,0,0,0,0,0,0,0,0,0,0,187.8962860107422,9.459328055381775,56.72761631011963,23.393023133277893,nocache_bf16,large_h6_n32_s100,37f8cf0047f769ffed7de0cc67c79a75bc649ae54f38b3df1131698b10fcb203,1222.3663330078125,707.828161239624,0,779.5630359649658,0,0,0,0
cora_link,test,198,98,cora_link:test:000098:1005670891a61f07,1,2669.014072,2668.91796875,2597.426309,71.216465,0.0,0.0,0.0,0.0,392.4257278442383,362.71401596069336,0,0,0,0,0,0,0,0,0,0,271.2891845703125,12.860703945159912,76.0096321105957,32.266207218170166,nocache_bf16,large_h6_n32_s100,1005670891a61f07fc17e6f908c08e9eaec28e308abc6d3c192c70449fcb154a,1678.214599609375,967.6575660705566,0,1073.2710494995117,0,0,0,0
cora_link,test,199,99,cora_link:test:000099:6abeb4741887a3af,1,227.11124,227.08181762695312,157.849436,69.040087,0.0,0.0,0.0,0.0,15.899935960769653,25.156927585601807,0,0,0,0,0,0,0,0,0,0,9.357247948646545,0.48310400545597076,3.847808003425598,2.211776003241539,nocache_bf16,large_h6_n32_s100,6abeb4741887a3af9d800c1720a73890be3be686e786fc8b973fd3df5de75bd1,103.81849670410156,63.908031702041626,0,65.06739258766174,0,0,0,0
cora_link,val,0,0,cora_link:val:000000:2b8559f934ffd5af,2,2947.996026,2947.91455078125,2835.69806,110.78577,0.0,0.0,0.0,0.0,364.1956443786621,399.1916160583496,0,0,0,0,0,0,0,0,0,0,242.02710723876953,11.155488014221191,79.39955234527588,31.613496780395508,nocache_bf16,large_h6_n32_s100,2b8559f934ffd5af71532c7b206da87da447aa51e1383cb7c327aed52b4ca12b,1767.7100830078125,983.8423671722412,0,1183.059331893921,0,0,0,0
cora_link,val,1,1,cora_link:val:000001:011b6065bdfc4d99,2,2259.387935,2259.33984375,2187.948382,70.823044,0.0,0.0,0.0,0.0,318.9360008239746,307.34016036987305,0,0,0,0,0,0,0,0,0,0,218.09577560424805,10.77401602268219,63.72646427154541,26.339744925498962,nocache_bf16,large_h6_n32_s100,011b6065bdfc4d997d47768dc671606054c518c7b876196bd40626bbb696d039,1401.8013916015625,814.2431049346924,0,894.8984470367432,0,0,0,0
cora_link,val,2,2,cora_link:val:000002:7087803365c344f7,2,2433.030154,2432.983154296875,2362.103704,70.373393,0.0,0.0,0.0,0.0,335.555233001709,333.5107231140137,0,0,0,0,0,0,0,0,0,0,225.61449813842773,11.063391923904419,70.12806415557861,28.749278783798218,nocache_bf16,large_h6_n32_s100,7087803365c344f71c5a4d25ae7ab9d82ccdce35f66b51cb45e827491e8c111f,1519.42919921875,881.9584007263184,0,970.9815216064453,0,0,0,0
cora_link,val,3,3,cora_link:val:000003:54eb24a89dd1709d,2,1935.12643,1935.083740234375,1864.292991,70.35266,0.0,0.0,0.0,0.0,264.1122856140137,265.0217590332031,0,0,0,0,0,0,0,0,0,0,176.68860816955566,8.847487926483154,55.94307231903076,22.633117198944092,nocache_bf16,large_h6_n32_s100,54eb24a89dd1709dc1bf27362cd73114c8e1213fd8bcd3ab3cb7537d886a6e38,1205.02978515625,701.103837966919,0,768.9477062225342,0,0,0,0
cora_link,val,4,4,cora_link:val:000004:7facdc7ac2dda863,2,1739.136561,1739.09521484375,1666.124965,72.524956,0.0,0.0,0.0,0.0,243.95747756958008,238.9166374206543,0,0,0,0,0,0,0,0,0,0,163.2044162750244,8.228288173675537,51.17078399658203,21.353989124298096,nocache_bf16,large_h6_n32_s100,7facdc7ac2dda86307197ac9037d5297767ace8cfabe65037533b9ebb49239e5,1064.3076171875,627.0840015411377,0,676.1402530670166,0,0,0,0
cora_link,val,5,5,cora_link:val:000005:0b661dd709e9ec4e,2,2255.733008,2255.68603515625,2185.728652,69.536507,0.0,0.0,0.0,0.0,332.6673927307129,303.5460777282715,0,0,0,0,0,0,0,0,0,0,229.09600067138672,11.560480117797852,64.67155075073242,27.3393611907959,nocache_bf16,large_h6_n32_s100,0b661dd709e9ec4edfd97695dc426a5fd962e8c1aa98b5a9f16ad223d296b28a,1390.0426025390625,806.2561016082764,0,887.3325786590576,0,0,0,0
cora_link,val,6,6,cora_link:val:000006:7ba47eddfdef13fd,2,2520.4051,2520.355712890625,2450.976753,68.951028,0.0,0.0,0.0,0.0,392.33407974243164,339.42512130737305,0,0,0,0,0,0,0,0,0,0,277.20044708251953,13.37721586227417,70.89129638671875,30.86512041091919,nocache_bf16,large_h6_n32_s100,7ba47eddfdef13fd4febfd6ca7abdd57842f1b9630de8e4af6f2495d40cc319b,1554.8258056640625,899.3730907440186,0,994.877836227417,0,0,0,0
cora_link,val,7,7,cora_link:val:000007:34b1ca300d75b85d,2,2468.903816,2468.85400390625,2398.147623,70.228837,0.0,0.0,0.0,0.0,368.6525688171387,332.8543014526367,0,0,0,0,0,0,0,0,0,0,256.51859283447266,12.470111966133118,69.98604774475098,29.67781627178192,nocache_bf16,large_h6_n32_s100,34b1ca300d75b85d8274b103f2dbe7b8d72eb74e789c8534272987a6050a37a5,1530.6148681640625,883.4735679626465,0,979.9956016540527,0,0,0,0
cora_link,val,8,8,cora_link:val:000008:882249f597dda3f5,2,2408.04153,2407.992431640625,2338.61353,68.984239,0.0,0.0,0.0,0.0,368.81955337524414,324.87347412109375,0,0,0,0,0,0,0,0,0,0,259.02387619018555,12.401407957077026,67.943678855896,29.45059037208557,nocache_bf16,large_h6_n32_s100,882249f597dda3f5e2320c6defbacc429761416b937dc27d8b634dc74f46b924,1494.35546875,864.7246742248535,0,954.5042686462402,0,0,0,0
cora_link,val,9,9,cora_link:val:000009:9a6646f6eee7207c,2,2231.132011,2231.08349609375,2160.229718,70.472803,0.0,0.0,0.0,0.0,323.94284439086914,303.5517768859863,0,0,0,0,0,0,0,0,0,0,221.9872932434082,10.913887858390808,63.98710536956787,27.05455791950226,nocache_bf16,large_h6_n32_s100,9a6646f6eee7207c72c36e0851e0f8e3dfb25caa51e443cc88f95b29699068e1,1383.994384765625,804.8575649261475,0,882.6885967254639,0,0,0,0
cora_link,val,10,10,cora_link:val:000010:a877be82fffc1679,2,1985.960662,1985.9146728515625,1916.437649,69.207862,0.0,0.0,0.0,0.0,281.5595245361328,269.1513900756836,0,0,0,0,0,0,0,0,0,0,190.71007537841797,9.598528027534485,57.81785583496094,23.43306529521942,nocache_bf16,large_h6_n32_s100,a877be82fffc1679db7a5dd2ad1e6288d99e52e1fc64853008fa8d7cbc01ee5b,1225.1226806640625,711.8668518066406,0,782.4072189331055,0,0,0,0
cora_link,val,11,11,cora_link:val:000011:4ca428a923952166,2,2544.638806,2544.58642578125,2474.194865,70.12155,0.0,0.0,0.0,0.0,369.5968322753906,348.2549819946289,0,0,0,0,0,0,0,0,0,0,252.92255783081055,12.008287906646729,73.84473514556885,30.821251392364502,nocache_bf16,large_h6_n32_s100,4ca428a9239521667895a0d1fca9e7b6b6416fa31ee6a8da7b499615fecf6b33,1596.2132568359375,924.114107131958,0,1020.3541316986084,0,0,0,0
cora_link,val,12,12,cora_link:val:000012:30303f715c02d062,2,2611.274425,2611.2216796875,2542.269364,68.646368,0.0,0.0,0.0,0.0,401.8195571899414,350.0041923522949,0,0,0,0,0,0,0,0,0,0,282.56578826904297,14.035360097885132,73.32800006866455,31.890408754348755,nocache_bf16,large_h6_n32_s100,30303f715c02d062b2fb41223c57410f880dc10408c71804b47fe98d40dcc361,1616.0115966796875,934.7981777191162,0,1031.2176113128662,0,0,0,0
cora_link,val,13,13,cora_link:val:000013:009cfc94b2af7f85,2,2497.886779,2497.833740234375,2426.089706,71.316734,0.0,0.0,0.0,0.0,360.2095375061035,338.74678802490234,0,0,0,0,0,0,0,0,0,0,246.0967025756836,11.76966416835785,72.63580703735352,29.707363724708557,nocache_bf16,large_h6_n32_s100,009cfc94b2af7f855abb8babed43132b9d42203f46472b3a8f6d6473acf2d5ba,1560.536865234375,900.0394268035889,0,999.2442264556885,0,0,0,0
cora_link,val,14,14,cora_link:val:000014:90e3a407f5324226,2,2270.381849,2270.329833984375,2199.61985,70.331173,0.0,0.0,0.0,0.0,309.70703887939453,310.2402229309082,0,0,0,0,0,0,0,0,0,0,207.35526657104492,10.179392099380493,64.79942321777344,27.37295699119568,nocache_bf16,large_h6_n32_s100,90e3a407f5324226f418f684ad6f829311c5f09b42be293339795aba22fd8775,1422.6953125,821.7819843292236,0,911.1535511016846,0,0,0,0
cora_link,val,15,15,cora_link:val:000015:b8e52771f5e78e95,2,2506.905714,2506.851318359375,2435.640992,70.682849,0.0,0.0,0.0,0.0,388.4582748413086,334.8395538330078,0,0,0,0,0,0,0,0,0,0,274.3592948913574,13.087487936019897,70.21792030334473,30.793571710586548,nocache_bf16,large_h6_n32_s100,b8e52771f5e78e95aba8975582536f1989cd245cbc306144b39cdccc0000664a,1538.6915283203125,889.6369533538818,0,983.8941287994385,0,0,0,0
cora_link,val,16,16,cora_link:val:000016:f128401ffc48b63f,2,169.236595,169.20962524414062,99.995107,68.998436,0.0,0.0,0.0,0.0,9.42745590209961,15.254879713058472,0,0,0,0,0,0,0,0,0,0,5.317215979099274,0.20764800161123276,2.385503977537155,1.5170879438519478,nocache_bf16,large_h6_n32_s100,f128401ffc48b63f6e7ad13c7fc491b364368f2c6211fa1e771004a329ce6ccb,64.71116638183594,39.6540801525116,0,40.31196594238281,0,0,0,0
cora_link,val,17,17,cora_link:val:000017:71b15a1b4dee3b75,2,2625.69734,2625.642578125,2554.608149,70.638952,0.0,0.0,0.0,0.0,408.591552734375,351.69852447509766,0,0,0,0,0,0,0,0,0,0,288.7113609313965,14.423903942108154,73.46092700958252,31.995360851287842,nocache_bf16,large_h6_n32_s100,71b15a1b4dee3b75450fcb3d4e0030bd4e8ac3e7ed127ec4949c390a34278983,1618.7694091796875,934.6579532623291,0,1035.809980392456,0,0,0,0
cora_link,val,18,18,cora_link:val:000018:75d89384a041ca75,2,2228.791394,2228.740478515625,2157.174894,71.196453,0.0,0.0,0.0,0.0,327.9432373046875,300.78271865844727,0,0,0,0,0,0,0,0,0,0,227.04329681396484,11.118848085403442,63.213727951049805,26.56736445426941,nocache_bf16,large_h6_n32_s100,75d89384a041ca7572f2fbf7859f62c66582c0bdcf52d09f65362485f4860523,1379.679443359375,800.7301769256592,0,879.7319850921631,0,0,0,0
cora_link,val,19,19,cora_link:val:000019:28ca07dd976737ec,2,2130.718812,2130.6689453125,2061.182658,69.161067,0.0,0.0,0.0,0.0,310.6800956726074,291.58755111694336,0,0,0,0,0,0,0,0,0,0,214.1062126159668,10.755680084228516,59.644927978515625,26.173274993896484,nocache_bf16,large_h6_n32_s100,28ca07dd976737ec27488b016c342b02e095e9c358d70c8e701365e338fb1d40,1319.4149169921875,765.4899501800537,0,845.5125179290771,0,0,0,0
cora_link,val,20,20,cora_link:val:000020:c6704a18b203d90c,2,2285.242326,2285.184326171875,2215.951277,68.942827,0.0,0.0,0.0,0.0,327.43804931640625,309.9767417907715,0,0,0,0,0,0,0,0,0,0,224.93711853027344,11.059231996536255,64.51408100128174,26.92761778831482,nocache_bf16,large_h6_n32_s100,c6704a18b203d90c2d312363232b64e1eabf436fe15a7e8eb0e1e558180d1560,1424.81982421875,823.6868762969971,0,911.1096897125244,0,0,0,0
cora_link,val,21,21,cora_link:val:000021:c96cebb59553ba1b,2,1488.492423,1488.4493408203125,1418.03413,70.075308,0.0,0.0,0.0,0.0,232.67113876342773,199.13586807250977,0,0,0,0,0,0,0,0,0,0,163.09922981262207,8.337120056152344,42.45312023162842,18.781668663024902,nocache_bf16,large_h6_n32_s100,c96cebb59553ba1b4cf05fb068a381b87603673fdee2e551eb221803ff72ddb0,888.7058715820312,522.1074552536011,0,565.7342844009399,0,0,0,0
cora_link,val,22,22,cora_link:val:000022:a11051d5700a6f06,2,2681.750992,2681.692138671875,2609.715143,71.50808,0.0,0.0,0.0,0.0,411.7715148925781,362.0691223144531,0,0,0,0,0,0,0,0,0,0,289.03033447265625,13.926432371139526,75.6589126586914,33.15583539009094,nocache_bf16,large_h6_n32_s100,a11051d5700a6f061c91179fa86f12fe8773c3c69d663755dead3134bd8f028b,1667.5430908203125,962.5305576324463,0,1067.0816555023193,0,0,0,0
cora_link,val,23,23,cora_link:val:000023:b4b3cf71c3b6cb4f,2,2290.309154,2290.256591796875,2220.241119,69.719974,0.0,0.0,0.0,0.0,305.67200088500977,314.1121940612793,0,0,0,0,0,0,0,0,0,0,201.80857467651367,9.767359972000122,66.88656044006348,27.209505796432495,nocache_bf16,large_h6_n32_s100,b4b3cf71c3b6cb4fa51cca9d396f4cef6dec256597e34c09b57746adcc349080,1443.8077392578125,832.5181770324707,0,925.4017562866211,0,0,0,0
cora_link,val,24,24,cora_link:val:000024:f904e319fa7ea1b3,2,2236.024859,2235.970703125,2165.994768,69.627758,0.0,0.0,0.0,0.0,327.1432685852051,300.7070083618164,0,0,0,0,0,0,0,0,0,0,225.9675178527832,11.324959993362427,63.035776138305664,26.815014600753784,nocache_bf16,large_h6_n32_s100,f904e319fa7ea1b38a7c902f3f96aed874f28cab8e8b5e136402f7fcf35eee82,1387.030517578125,801.6698913574219,0,886.0676345825195,0,0,0,0
cora_link,val,25,25,cora_link:val:000025:edd3e400bce9ebe9,2,1663.607302,1663.561279296875,1592.237442,70.987361,0.0,0.0,0.0,0.0,230.03932571411133,226.25945663452148,0,0,0,0,0,0,0,0,0,0,152.06188774108887,7.665568113327026,49.769535064697266,20.54233479499817,nocache_bf16,large_h6_n32_s100,edd3e400bce9ebe91bf5bb3b61b67803452cc1e9ab70f51ec27b21dc2e9d9f26,1021.0555419921875,594.697151184082,0,652.617847442627,0,0,0,0
cora_link,val,26,26,cora_link:val:000026:cc59ad5e71a76cf2,2,2473.737697,2473.681640625,2404.898995,68.420215,0.0,0.0,0.0,0.0,333.6476173400879,341.33530044555664,0,0,0,0,0,0,0,0,0,0,221.57500839233398,10.605952024459839,72.15520000457764,29.31145691871643,nocache_bf16,large_h6_n32_s100,cc59ad5e71a76cf2bab98beca029ca5d0d3e710b7e1eed84701ad18aaed1d231,1559.7230224609375,904.5102100372314,0,996.5481128692627,0,0,0,0
cora_link,val,27,27,cora_link:val:000027:b9ed7970fb0d7ecd,2,1814.329628,1814.281982421875,1743.508953,70.516674,0.0,0.0,0.0,0.0,292.2408638000488,240.93472290039062,0,0,0,0,0,0,0,0,0,0,208.5741729736328,10.498495936393738,50.32713603973389,22.84105885028839,nocache_bf16,large_h6_n32_s100,b9ed7970fb0d7ecddcaaf3bcb9d779bd6006728a31bcbbabdeac84deda555adc,1091.8734130859375,638.1427822113037,0,694.6653537750244,0,0,0,0
cora_link,val,28,28,cora_link:val:000028:8fa2fe8f766fa43d,2,2483.705826,2483.647705078125,2411.977131,71.179338,0.0,0.0,0.0,0.0,361.3396186828613,339.45376205444336,0,0,0,0,0,0,0,0,0,0,247.02620697021484,12.014655947685242,71.74390316009521,30.554852604866028,nocache_bf16,large_h6_n32_s100,8fa2fe8f766fa43d042d151cadd12585d9f084bb9bded25bf440b15aa8c94f18,1552.4903564453125,898.6911067962646,0,993.2530117034912,0,0,0,0
cora_link,val,29,29,cora_link:val:000029:c46e86fafdd06e6b,2,1741.049805,1741.00146484375,1668.77267,71.870739,0.0,0.0,0.0,0.0,238.67302703857422,237.10761642456055,0,0,0,0,0,0,0,0,0,0,159.10729598999023,8.187487959861755,50.38163185119629,20.99661123752594,nocache_bf16,large_h6_n32_s100,c46e86fafdd06e6b414f8a20746f1e04edd179183f42d720de443b41e89ab030,1076.7471923828125,629.049337387085,0,684.8054714202881,0,0,0,0
cora_link,val,30,30,cora_link:val:000030:ee440cc74300cb93,2,2621.632194,2621.57275390625,2551.252199,70.006834,0.0,0.0,0.0,0.0,387.9624671936035,356.83734130859375,0,0,0,0,0,0,0,0,0,0,268.9766082763672,13.126368045806885,74.7359037399292,31.123587131500244,nocache_bf16,large_h6_n32_s100,ee440cc74300cb93c8b3a5a8865d69bbbd77ccc07aa65a7d6d87b525c15dd9f8,1635.713134765625,947.0965461730957,0,1045.453929901123,0,0,0,0
cora_link,val,31,31,cora_link:val:000031:efd7dbeeabd82794,2,2010.876813,2010.8253173828125,1940.337444,70.217833,0.0,0.0,0.0,0.0,280.9312553405762,272.4678382873535,0,0,0,0,0,0,0,0,0,0,190.9791374206543,9.526655912399292,56.767807960510254,23.65765404701233,nocache_bf16,large_h6_n32_s100,efd7dbeeabd827942e9e8728f40e10ef5b04152827b047336947fb6a9ef93de4,1249.8515625,726.1415958404541,0,796.1778049468994,0,0,0,0
cora_link,val,32,32,cora_link:val:000032:bfc61ef51cd53890,2,2542.577194,2542.518798828125,2471.966437,70.224701,0.0,0.0,0.0,0.0,384.56611251831055,344.4747543334961,0,0,0,0,0,0,0,0,0,0,268.7189407348633,13.609472036361694,71.34819316864014,30.889506578445435,nocache_bf16,large_h6_n32_s100,bfc61ef51cd5389038d43b88bb77692a0eb9dd9882a6340a004ab29141790383,1580.8438720703125,913.3763484954834,0,1011.9422779083252,0,0,0,0
cora_link,val,33,33,cora_link:val:000033:f66c9799e03a5002,2,2264.084757,2264.0302734375,2194.684477,68.945558,0.0,0.0,0.0,0.0,315.5460090637207,309.212158203125,0,0,0,0,0,0,0,0,0,0,212.17321395874023,10.679871797561646,65.32150363922119,27.371419668197632,nocache_bf16,large_h6_n32_s100,f66c9799e03a5002fe61a1df5626934986ef244c678178c7b9a0e8084bdb2ef4,1415.517578125,818.7031402587891,0,906.0265960693359,0,0,0,0
cora_link,val,34,34,cora_link:val:000034:2f331eb995c9da42,2,2922.543821,2922.479736328125,2851.020028,71.003339,0.0,0.0,0.0,0.0,436.5728988647461,395.65856170654297,0,0,0,0,0,0,0,0,0,0,303.59555435180664,14.352288007736206,82.95462417602539,35.670432329177856,nocache_bf16,large_h6_n32_s100,2f331eb995c9da425b197c37edce6f8f86471fa729daaaf6a494bad14411e3ed,1830.4454345703125,1059.505702972412,0,1166.5982933044434,0,0,0,0
cora_link,val,35,35,cora_link:val:000035:21ad334cd0120105,2,2354.543715,2354.486572265625,2284.26395,69.8801,0.0,0.0,0.0,0.0,331.70384216308594,319.7901725769043,0,0,0,0,0,0,0,0,0,0,224.4714584350586,10.787360072135925,68.39337635040283,28.051647305488586,nocache_bf16,large_h6_n32_s100,21ad334cd012010564b63e2dfd3b310cbda4c8bc54234f6e18ce1dc9acdbc894,1470.7664794921875,849.246940612793,0,941.3097114562988,0,0,0,0
cora_link,val,36,36,cora_link:val:000036:306aff86209143d2,2,2480.439642,2480.37939453125,2409.600479,70.438594,0.0,0.0,0.0,0.0,366.90092849731445,335.18323135375977,0,0,0,0,0,0,0,0,0,0,253.47257614135742,12.081184029579163,70.87945652008057,30.467711806297302,nocache_bf16,large_h6_n32_s100,306aff86209143d2b767e1c7e00124776aeabf44668506eac00257e8ddc2ea5e,1546.8297119140625,895.6707153320312,0,986.342227935791,0,0,0,0
cora_link,val,37,37,cora_link:val:000037:d5b4f04791aacc68,2,2229.391867,2229.336669921875,2160.477878,68.547645,0.0,0.0,0.0,0.0,331.3903350830078,301.16128158569336,0,0,0,0,0,0,0,0,0,0,228.81593704223633,11.350335836410522,63.73948860168457,27.48457360267639,nocache_bf16,large_h6_n32_s100,d5b4f04791aacc681254fcd3fda95be29f9b160ee38a182cf27cdecc31c6448c,1379.5379638671875,800.1554546356201,0,880.5437908172607,0,0,0,0
cora_link,val,38,38,cora_link:val:000038:87bc06845e57ba2e,2,1990.96584,1990.91455078125,1920.37095,70.259322,0.0,0.0,0.0,0.0,282.1084175109863,269.5323181152344,0,0,0,0,0,0,0,0,0,0,191.71986961364746,9.610943913459778,57.41523265838623,23.36237132549286,nocache_bf16,large_h6_n32_s100,87bc06845e57ba2e5d3602988f8ad1fee9b90d66b502fadd15a2e820c85792cc,1232.0474853515625,716.3709106445312,0,785.2088928222656,0,0,0,0
cora_link,val,39,39,cora_link:val:000039:0fcb5f5b455526b5,2,1747.957138,1747.9085693359375,1677.508819,70.096567,0.0,0.0,0.0,0.0,237.61984252929688,238.38025283813477,0,0,0,0,0,0,0,0,0,0,159.0048313140869,8.026463985443115,49.836191177368164,20.75235605239868,nocache_bf16,large_h6_n32_s100,0fcb5f5b455526b5b89f834c58659921681d4dc2d7c0312ea991de940f94fed6,1087.2269287109375,634.8996200561523,0,690.7075614929199,0,0,0,0
cora_link,val,40,40,cora_link:val:000040:22416074999ec212,2,2016.702681,2016.6512451171875,1945.695587,70.680674,0.0,0.0,0.0,0.0,308.35276794433594,268.98498916625977,0,0,0,0,0,0,0,0,0,0,215.40390396118164,10.973695993423462,57.36966514587402,24.60550284385681,nocache_bf16,large_h6_n32_s100,22416074999ec21294f0500bf30a6daaf1d9ba619d9422bf263c63b81ea27256,1236.264892578125,718.2497253417969,0,787.0001564025879,0,0,0,0
cora_link,val,41,41,cora_link:val:000041:a7c44456fc52b019,2,2557.097158,2557.037109375,2488.581459,68.119362,0.0,0.0,0.0,0.0,367.77456283569336,352.74306869506836,0,0,0,0,0,0,0,0,0,0,250.36262130737305,12.164511919021606,73.66556739807129,31.581862211227417,nocache_bf16,large_h6_n32_s100,a7c44456fc52b019e7eaf4f2f254215c641d9595132c5067937173235b31bd2b,1607.454833984375,932.1400985717773,0,1028.057804107666,0,0,0,0
cora_link,val,42,42,cora_link:val:000042:856f48518ba56b6c,2,2355.540607,2355.48388671875,2284.726156,70.461459,0.0,0.0,0.0,0.0,336.74707412719727,320.9950370788574,0,0,0,0,0,0,0,0,0,0,228.62281799316406,11.257472038269043,68.42083168029785,28.44595241546631,nocache_bf16,large_h6_n32_s100,856f48518ba56b6c880e097d81ff5a59e1a3ea62c696e0036e2159086f354737,1472.9842529296875,852.9650554656982,0,941.0142345428467,0,0,0,0
cora_link,val,43,43,cora_link:val:000043:8e138fbc3a9bb1c5,2,2691.541098,2691.47802734375,2619.71437,71.341799,0.0,0.0,0.0,0.0,415.6803283691406,363.27120208740234,0,0,0,0,0,0,0,0,0,0,292.97939682006836,13.851711988449097,76.02387046813965,32.82534909248352,nocache_bf16,large_h6_n32_s100,8e138fbc3a9bb1c5a9eecf926388224c47e789ced667bc7ad020e98338cc427d,1673.3631591796875,966.9800643920898,0,1069.654296875,0,0,0,0
cora_link,val,44,44,cora_link:val:000044:1e64e0e7921a819a,2,1980.14715,1980.093994140625,1909.767805,69.95171,0.0,0.0,0.0,0.0,269.3840980529785,267.851131439209,0,0,0,0,0,0,0,0,0,0,180.4947509765625,8.96614396572113,57.02272129058838,22.900481820106506,nocache_bf16,large_h6_n32_s100,1e64e0e7921a819ac1443fcf6ec7f8529c56962d5aab9160f6d8d87c38a7787f,1233.9967041015625,716.876127243042,0,784.9717082977295,0,0,0,0
cora_link,val,45,45,cora_link:val:000045:8e81753da356275e,2,2207.183674,2207.128173828125,2137.157472,69.509871,0.0,0.0,0.0,0.0,331.7559356689453,295.28499603271484,0,0,0,0,0,0,0,0,0,0,231.15491104125977,11.37225592136383,62.284607887268066,26.94416081905365,nocache_bf16,large_h6_n32_s100,8e81753da356275e3dd992810b1704821c027df4a262acd050ef1dd2f10c5111,1360.1771240234375,786.6252155303955,0,868.8369045257568,0,0,0,0
cora_link,val,46,46,cora_link:val:000046:19ce054c2f58ec33,2,2958.900638,2958.831787109375,2888.437555,70.031691,0.0,0.0,0.0,0.0,433.8520965576172,404.9222717285156,0,0,0,0,0,0,0,0,0,0,298.80278396606445,13.719232082366943,84.08284759521484,37.24723291397095,nocache_bf16,large_h6_n32_s100,19ce054c2f58ec33acaa5bb3ee7243f4f01f34e4542f2c57534fa8d7494066bf,1864.7044677734375,1077.3874588012695,0,1192.2392807006836,0,0,0,0
cora_link,val,47,47,cora_link:val:000047:ca0735c39f991c84,2,2032.122096,2032.068359375,1960.613823,71.135757,0.0,0.0,0.0,0.0,284.50393295288086,274.47321701049805,0,0,0,0,0,0,0,0,0,0,193.408447265625,9.699584126472473,57.64975929260254,23.746142268180847,nocache_bf16,large_h6_n32_s100,ca0735c39f991c848da51e44d0c31fc073f2aba4c1f93e223827184f7ee9c621,1265.1766357421875,733.2536296844482,0,806.3962230682373,0,0,0,0
cora_link,val,48,48,cora_link:val:000048:ce74410e2f8cfd91,2,1664.572689,1664.5257568359375,1592.658446,71.612467,0.0,0.0,0.0,0.0,227.9123191833496,226.55369567871094,0,0,0,0,0,0,0,0,0,0,150.8183994293213,7.727743983268738,49.099552154541016,20.266623616218567,nocache_bf16,large_h6_n32_s100,ce74410e2f8cfd91168f201a5fba99adf3a3690ae6287d0c95e80f5b870a79bd,1026.98388671875,597.4672660827637,0,656.0703163146973,0,0,0,0
cora_link,val,49,49,cora_link:val:000049:9997e4d6c6e4f5a5,2,1976.043336,1975.9920654296875,1905.035932,70.706254,0.0,0.0,0.0,0.0,272.4546241760254,269.1104965209961,0,0,0,0,0,0,0,0,0,0,182.2826862335205,9.14303994178772,57.22351932525635,23.805378675460815,nocache_bf16,large_h6_n32_s100,9997e4d6c6e4f5a56d61072ad5d792665478a46aeca278516aa2f4e177bd313a,1235.38232421875,716.6754817962646,0,787.8173389434814,0,0,0,0
cora_link,val,50,50,cora_link:val:000050:99b04c2860a8fc1c,2,2208.87946,2208.8251953125,2137.457365,71.048088,0.0,0.0,0.0,0.0,326.06915283203125,296.79785537719727,0,0,0,0,0,0,0,0,0,0,227.61366271972656,11.279039978981018,61.3884801864624,25.787969946861267,nocache_bf16,large_h6_n32_s100,99b04c2860a8fc1ca3d9b82c0916c07b3e4eb2dbb4844e840a63a3600f3037df,1362.1817626953125,789.8927364349365,0,869.0868816375732,0,0,0,0
cora_link,val,51,51,cora_link:val:000051:e4518ad184b1157e,2,2289.014711,2288.958740234375,2220.530438,68.170369,0.0,0.0,0.0,0.0,314.2448616027832,312.11280059814453,0,0,0,0,0,0,0,0,0,0,211.56748580932617,10.416319966316223,65.62297630310059,26.638079524040222,nocache_bf16,large_h6_n32_s100,e4518ad184b1157e50432634aa4cf0035cf4c87f503b1dfed0a08a5ba06b20b6,1438.75634765625,832.0978260040283,0,918.7713222503662,0,0,0,0
cora_link,val,52,52,cora_link:val:000052:74c3a518c82ef7d3,2,2373.08038,2373.023193359375,2301.410077,71.234396,0.0,0.0,0.0,0.0,340.3335380554199,323.88611221313477,0,0,0,0,0,0,0,0,0,0,231.51152420043945,11.18118405342102,69.16102409362793,28.47980570793152,nocache_bf16,large_h6_n32_s100,74c3a518c82ef7d34d7d0a0f17bf64bd169a5c0362f9e9e02a194fdc0f4e4225,1484.679931640625,856.9797801971436,0,951.5862636566162,0,0,0,0
cora_link,val,53,53,cora_link:val:000053:99bb20731964febc,2,2506.24717,2506.1875,2436.69968,69.100387,0.0,0.0,0.0,0.0,341.759578704834,344.09228515625,0,0,0,0,0,0,0,0,0,0,227.52851104736328,10.997759938240051,73.27852821350098,29.954779505729675,nocache_bf16,large_h6_n32_s100,99bb20731964febc6f0ef40f519fe43732dc994fe18dab83c68734989042647f,1581.9002685546875,911.1121253967285,0,1014.880428314209,0,0,0,0
cora_link,val,54,54,cora_link:val:000054:4f5321a751092fd2,2,2295.188789,2295.132080078125,2224.116901,70.669277,0.0,0.0,0.0,0.0,337.963809967041,307.1216011047363,0,0,0,0,0,0,0,0,0,0,233.33600234985352,11.531136155128479,65.60339164733887,27.493279814720154,nocache_bf16,large_h6_n32_s100,4f5321a751092fd2d4bedab3985e21b9f37a975142f604891b62d06534613c6c,1421.500732421875,822.1527671813965,0,906.4695663452148,0,0,0,0
cora_link,val,55,55,cora_link:val:000055:78b4169d065f9434,2,2499.598332,2499.539306640625,2429.765838,69.505788,0.0,0.0,0.0,0.0,340.11811447143555,343.96275329589844,0,0,0,0,0,0,0,0,0,0,225.8224639892578,10.78652799129486,73.18406391143799,30.325058579444885,nocache_bf16,large_h6_n32_s100,78b4169d065f9434160ffc79e79b361d27020f2b2c4d05630ffae7d1e4282aa8,1577.208740234375,915.0310096740723,0,1006.1404838562012,0,0,0,0
cora_link,val,56,56,cora_link:val:000056:07e31b9886c209c9,2,2697.153578,2697.091552734375,2627.552713,69.163964,0.0,0.0,0.0,0.0,413.6917419433594,365.41839599609375,0,0,0,0,0,0,0,0,0,0,290.00585556030273,13.661504030227661,76.24665641784668,33.7777259349823,nocache_bf16,large_h6_n32_s100,07e31b9886c209c9fb9beef0b5a938fa9ba583424d7e6a39a2c16313af564173,1681.561767578125,972.7967319488525,0,1074.1834316253662,0,0,0,0
cora_link,val,57,57,cora_link:val:000057:bb3939a3f36beaae,2,2377.756527,2377.698974609375,2307.65191,69.641916,0.0,0.0,0.0,0.0,335.4537658691406,322.1000633239746,0,0,0,0,0,0,0,0,0,0,226.8310089111328,11.054208040237427,69.12387275695801,28.444676160812378,nocache_bf16,large_h6_n32_s100,bb3939a3f36beaae341de2293cdd3e4e6d8d608088769146f5f9babefb74bead,1486.026123046875,857.711935043335,0,950.4142513275146,0,0,0,0
cora_link,val,58,58,cora_link:val:000058:cc25c00900e1af5e,2,2399.892284,2399.833251953125,2329.968754,69.464306,0.0,0.0,0.0,0.0,339.08953857421875,323.84678649902344,0,0,0,0,0,0,0,0,0,0,230.11113357543945,11.177055954933167,69.32515335083008,28.476195693016052,nocache_bf16,large_h6_n32_s100,cc25c00900e1af5ee8533ff1c0e04beca06836388cbce333a000ccd4336eaea2,1495.9212646484375,864.5321578979492,0,955.2358932495117,0,0,0,0
cora_link,val,59,59,cora_link:val:000059:21f418d025a46634,2,2485.758159,2485.698974609375,2417.490709,67.924941,0.0,0.0,0.0,0.0,356.4722900390625,336.9365425109863,0,0,0,0,0,0,0,0,0,0,243.41638565063477,11.282816171646118,72.6049919128418,29.16809630393982,nocache_bf16,large_h6_n32_s100,21f418d025a466349b899c6fefd4dad18c3584c5125fdf82ad78889711ab8351,1555.8013916015625,896.4103126525879,0,996.3276214599609,0,0,0,0
cora_link,val,60,60,cora_link:val:000060:00b755dc368b3240,2,2591.557579,2591.498046875,2522.433165,68.771046,0.0,0.0,0.0,0.0,375.303165435791,352.24361419677734,0,0,0,0,0,0,0,0,0,0,256.32035064697266,11.76969599723816,75.67020797729492,31.54291081428528,nocache_bf16,large_h6_n32_s100,00b755dc368b3240fd5e8f2d1313a1d74003a0d62b58886de1834bdb2dfd225d,1627.21435546875,939.138240814209,0,1040.3197288513184,0,0,0,0
cora_link,val,61,61,cora_link:val:000061:180e60cb6aa62100,2,2377.335695,2377.279052734375,2306.44307,70.568028,0.0,0.0,0.0,0.0,345.4705238342285,322.4410209655762,0,0,0,0,0,0,0,0,0,0,237.77507400512695,11.372927904129028,67.7959041595459,28.526617765426636,nocache_bf16,large_h6_n32_s100,180e60cb6aa621006271e0bd96e70a5f45a6c514f1780d5001f73d4414a39408,1485.622802734375,857.6514549255371,0,950.4123687744141,0,0,0,0
cora_link,val,62,62,cora_link:val:000062:4248d7e9fddf4027,2,2099.152366,2099.098876953125,2028.025899,70.825927,0.0,0.0,0.0,0.0,309.6297912597656,282.79443359375,0,0,0,0,0,0,0,0,0,0,210.03910446166992,10.63808000087738,63.050655364990234,25.90195143222809,nocache_bf16,large_h6_n32_s100,4248d7e9fddf40275e0fc427fa46e6bb00032dedb56e4d6ebefbc74bb247eaeb,1293.773193359375,748.8698902130127,0,827.6977367401123,0,0,0,0
cora_link,val,63,63,cora_link:val:000063:e9a79ca3b5e76e46,2,2595.766382,2595.706298828125,2525.012261,70.379015,0.0,0.0,0.0,0.0,365.7894096374512,353.3537292480469,0,0,0,0,0,0,0,0,0,0,246.89324569702148,11.678720116615295,75.35737609863281,31.86006772518158,nocache_bf16,large_h6_n32_s100,e9a79ca3b5e76e46d96a7a22552b6442a03a13ecda3022daddd39f6347d7e3d9,1637.1983642578125,940.4159984588623,0,1050.136095046997,0,0,0,0
cora_link,val,64,64,cora_link:val:000064:2c66ba8673993d3f,2,2103.771852,2103.718994140625,2033.755928,69.621131,0.0,0.0,0.0,0.0,301.0669746398926,281.9743003845215,0,0,0,0,0,0,0,0,0,0,205.33663940429688,10.442912101745605,60.51510429382324,24.772318840026855,nocache_bf16,large_h6_n32_s100,2c66ba8673993d3f3b3d1223639ac74c3554eb63194d336f234f97f1971d9588,1304.294677734375,751.3356800079346,0,834.9332981109619,0,0,0,0
cora_link,val,65,65,cora_link:val:000065:c06f28321b3d287d,2,2244.758033,2244.7021484375,2174.830592,69.496993,0.0,0.0,0.0,0.0,317.91654205322266,302.9090881347656,0,0,0,0,0,0,0,0,0,0,216.6759376525879,10.657375812530518,63.92889595031738,26.654332637786865,nocache_bf16,large_h6_n32_s100,c06f28321b3d287dc3f9a7007e76a493edf5e641b9f5a3edca4513b3ad0c57c0,1399.0841064453125,808.5915546417236,0,893.4016399383545,0,0,0,0
cora_link,val,66,66,cora_link:val:000066:e7c55b0e8e5bfbc8,2,2655.222807,2655.162109375,2583.670845,71.146351,0.0,0.0,0.0,0.0,409.37721252441406,357.72176361083984,0,0,0,0,0,0,0,0,0,0,287.76313400268555,13.679775714874268,75.06249523162842,32.87180757522583,nocache_bf16,large_h6_n32_s100,e7c55b0e8e5bfbc80602007c4f8bc690d7fc805ce40e677637c547d31c92576b,1650.9176025390625,952.2496585845947,0,1056.3897075653076,0,0,0,0
cora_link,val,67,67,cora_link:val:000067:69b79c0bd6739fa8,2,2040.88121,2040.8294677734375,1971.425219,69.086571,0.0,0.0,0.0,0.0,316.4134101867676,271.49571228027344,0,0,0,0,0,0,0,0,0,0,223.07622528076172,11.059711933135986,57.195552825927734,25.08192014694214,nocache_bf16,large_h6_n32_s100,69b79c0bd6739fa88d087abff52cb42ff255c0699306c5363c776bd70a9f7772,1252.2818603515625,725.6053104400635,0,798.1722621917725,0,0,0,0
cora_link,val,68,68,cora_link:val:000068:67f9bb3075d55151,2,2962.6582,2962.593017578125,2893.261894,69.025772,0.0,0.0,0.0,0.0,442.6640319824219,399.3796157836914,0,0,0,0,0,0,0,0,0,0,308.66019439697266,14.40444803237915,83.57651233673096,36.02287721633911,nocache_bf16,large_h6_n32_s100,67f9bb3075d551516558177f84f5725a7fa37779c226c7f40b06fa8855b948d3,1860.6463623046875,1074.028720855713,0,1185.997257232666,0,0,0,0
cora_link,val,69,69,cora_link:val:000069:be1a4d1d56c2dd01,2,2262.161215,2262.106201171875,2191.027943,70.70168,0.0,0.0,0.0,0.0,331.2633628845215,304.49414443969727,0,0,0,0,0,0,0,0,0,0,229.26886367797852,11.183200001716614,63.832736015319824,26.97856318950653,nocache_bf16,large_h6_n32_s100,be1a4d1d56c2dd0182bf6a0ae76e72617633c70cef963f646fbb7e857542cf23,1406.1463623046875,811.9263381958008,0,898.714168548584,0,0,0,0
cora_link,val,70,70,cora_link:val:000070:7494de7fb5d2c86c,2,2250.687018,2250.632080078125,2181.892722,68.466399,0.0,0.0,0.0,0.0,319.50892639160156,303.8446388244629,0,0,0,0,0,0,0,0,0,0,217.7032928466797,10.716479897499084,64.03148746490479,27.057666182518005,nocache_bf16,large_h6_n32_s100,7494de7fb5d2c86c021c295647016deac09f879ddb80ad15b1ffeaf925f47b16,1405.5673828125,812.8785877227783,0,896.5334339141846,0,0,0,0
cora_link,val,71,71,cora_link:val:000071:804d97dc6eba92a0,2,1982.903471,1982.851806640625,1911.538548,70.930051,0.0,0.0,0.0,0.0,275.99853134155273,269.68634033203125,0,0,0,0,0,0,0,0,0,0,185.51699256896973,9.2810560464859,57.40595245361328,23.794530272483826,nocache_bf16,large_h6_n32_s100,804d97dc6eba92a07059f4fbdc29f9a8135ed7f73e4dd1a85404ddab664b51c2,1235.8890380859375,718.7265586853027,0,786.848819732666,0,0,0,0
cora_link,val,72,72,cora_link:val:000072:01a00f69b8c197c4,2,167.459403,167.4323272705078,98.778639,68.429404,0.0,0.0,0.0,0.0,8.429919958114624,15.751360177993774,0,0,0,0,0,0,0,0,0,0,4.267520010471344,0.1929599978029728,2.4165120124816895,1.5529279373586178,nocache_bf16,large_h6_n32_s100,01a00f69b8c197c457a36f24d17963982f182e2d7844e78f8b200611c3b29ab8,63.98963165283203,39.971359729766846,0,39.76963210105896,0,0,0,0
cora_link,val,73,73,cora_link:val:000073:d51f2cbea514828c,2,2252.339793,2252.283935546875,2181.979174,69.819034,0.0,0.0,0.0,0.0,319.43775939941406,303.3119697570801,0,0,0,0,0,0,0,0,0,0,217.94333267211914,10.754528045654297,64.06723213195801,26.672666549682617,nocache_bf16,large_h6_n32_s100,d51f2cbea514828c645b8cd11b5195994f6f868fd44051a8fd0a0e27cf3fd0a4,1401.150390625,810.4902038574219,0,893.9721565246582,0,0,0,0
cora_link,val,74,74,cora_link:val:000074:23e5299f59ea1c04,2,2979.593446,2979.521484375,2894.782022,84.212706,0.0,0.0,0.0,0.0,441.78079986572266,399.0427780151367,0,0,0,0,0,0,0,0,0,0,307.6564407348633,14.423232078552246,83.3527364730835,36.34839057922363,nocache_bf16,large_h6_n32_s100,23e5299f59ea1c046f290053b9d7ac129483f98af963ed169c9e7afa48ae7687,1861.862548828125,1073.6529541015625,0,1187.2523727416992,0,0,0,0
cora_link,val,75,75,cora_link:val:000075:21bdf6481ba7b6ca,2,2427.077392,2427.00244140625,2354.611798,71.948214,0.0,0.0,0.0,0.0,360.9697952270508,322.5976371765137,0,0,0,0,0,0,0,0,0,0,251.49414443969727,12.249216079711914,68.01148796081543,29.214946746826172,nocache_bf16,large_h6_n32_s100,21bdf6481ba7b6caa5cebb8e6e5a6f19538d0a95dab9550412f220f1c73dfcf6,1494.68115234375,863.3522205352783,0,953.9265689849854,0,0,0,0
cora_link,val,76,76,cora_link:val:000076:6e379b07edefacb6,2,2309.146533,2309.091552734375,2238.466407,70.18823,0.0,0.0,0.0,0.0,315.4055976867676,313.40467071533203,0,0,0,0,0,0,0,0,0,0,212.0077133178711,10.4197438955307,65.53676700592041,27.441373467445374,nocache_bf16,large_h6_n32_s100,6e379b07edefacb6306d08761e2329ef732331742663703760a6f27bf9ca07fa,1451.3834228515625,836.4312648773193,0,928.3568286895752,0,0,0,0
cora_link,val,77,77,cora_link:val:000077:174778754f52d474,2,1508.270727,1508.224853515625,1437.747483,70.158423,0.0,0.0,0.0,0.0,233.49462509155273,201.32416152954102,0,0,0,0,0,0,0,0,0,0,163.42041778564453,8.327200055122375,42.778751850128174,18.968255400657654,nocache_bf16,large_h6_n32_s100,174778754f52d4749c483dbb170edc8e1d75b410f5044b57a82301510dcfffc8,903.5226440429688,529.6291236877441,0,575.2176818847656,0,0,0,0
cora_link,val,78,78,cora_link:val:000078:8e1f5ff2384b6299,2,2137.854072,2137.801513671875,2066.540894,70.990525,0.0,0.0,0.0,0.0,298.60950088500977,291.02188873291016,0,0,0,0,0,0,0,0,0,0,201.84147262573242,10.216607928276062,61.87849521636963,24.672925114631653,nocache_bf16,large_h6_n32_s100,8e1f5ff2384b6299a808f74848f6cda2ec30ff79476242af1100e1e03fadd469,1330.300048828125,770.4359703063965,0,850.8859672546387,0,0,0,0
cora_link,val,79,79,cora_link:val:000079:b31ae9e8672d99d3,2,2315.261257,2315.20556640625,2246.136206,68.772918,0.0,0.0,0.0,0.0,325.3424644470215,315.70796966552734,0,0,0,0,0,0,0,0,0,0,220.36627197265625,10.748032093048096,66.43846321105957,27.78969717025757,nocache_bf16,large_h6_n32_s100,b31ae9e8672d99d3c4abc278a34cb64a3ae6b8671490737ac65bc392888ad281,1452.219482421875,838.8561248779297,0,929.0713272094727,0,0,0,0
cora_link,val,80,80,cora_link:val:000080:7f359707f1ed22da,2,1509.845712,1509.8018798828125,1438.371412,71.103701,0.0,0.0,0.0,0.0,231.3660774230957,200.49491119384766,0,0,0,0,0,0,0,0,0,0,161.88089752197266,8.3231680393219,42.35593557357788,18.806076288223267,nocache_bf16,large_h6_n32_s100,7f359707f1ed22da8faab892c9f0c4e550944bae7d2edc3e3a20aeba4230bf60,906.73291015625,530.9391651153564,0,576.2886562347412,0,0,0,0
cora_link,val,81,81,cora_link:val:000081:5ad2fd21fa8b652a,2,2501.745324,2501.68701171875,2429.320334,71.958258,0.0,0.0,0.0,0.0,389.2632064819336,332.4900779724121,0,0,0,0,0,0,0,0,0,0,276.75526428222656,13.05132794380188,69.84025573730469,29.616358518600464,nocache_bf16,large_h6_n32_s100,5ad2fd21fa8b652a2049a86f654a3e93378d805fc49cae2c8eeb775b131d65c5,1542.412109375,886.8729305267334,0,988.0292568206787,0,0,0,0
cora_link,val,82,82,cora_link:val:000082:fd7f45bfb7e73442,2,2781.692089,2781.630126953125,2710.870149,70.409959,0.0,0.0,0.0,0.0,410.8914337158203,377.54467391967773,0,0,0,0,0,0,0,0,0,0,283.08438873291016,13.331264019012451,79.75667190551758,34.71910905838013,nocache_bf16,large_h6_n32_s100,fd7f45bfb7e73442826b14a3a81426866b4db698503383acbc493b42430b543a,1740.9481201171875,1003.3542098999023,0,1115.138584136963,0,0,0,0
cora_link,val,83,83,cora_link:val:000083:e44b2e90a9c51d7c,2,2471.869159,2471.81201171875,2402.075512,69.39525,0.0,0.0,0.0,0.0,367.17724990844727,336.6863021850586,0,0,0,0,0,0,0,0,0,0,254.50806427001953,12.075072050094604,69.94300842285156,30.651105165481567,nocache_bf16,large_h6_n32_s100,e44b2e90a9c51d7c3c35622e72b9a21b0efe7cf5ae800ea7056cd060bc77d86b,1545.312744140625,890.7962245941162,0,991.2028217315674,0,0,0,0
cora_link,val,84,84,cora_link:val:000084:f1d9432decd47702,2,2677.640332,2677.5791015625,2606.406445,70.827171,0.0,0.0,0.0,0.0,419.6306915283203,355.7816352844238,0,0,0,0,0,0,0,0,0,0,297.7890853881836,14.036416053771973,74.63555240631104,33.16963768005371,nocache_bf16,large_h6_n32_s100,f1d9432decd4770232963f43964482d5bb9e9d8b8c6cf0ad13f69125fa1ba7dd,1649.9317626953125,948.6470737457275,0,1057.0663242340088,0,0,0,0
cora_link,val,85,85,cora_link:val:000085:53e8473ba934884e,2,2797.535259,2797.473876953125,2727.098557,69.968048,0.0,0.0,0.0,0.0,417.76998138427734,377.3657569885254,0,0,0,0,0,0,0,0,0,0,290.0763244628906,13.541120052337646,79.06243228912354,35.09010457992554,nocache_bf16,large_h6_n32_s100,53e8473ba934884e0887f2ba95ba400bf9bec4d77cf74955ee274d647543a372,1742.2406005859375,1003.9540176391602,0,1115.6523399353027,0,0,0,0
cora_link,val,86,86,cora_link:val:000086:cf8c6d684a64eeda,2,1858.243938,1858.194580078125,1787.917376,69.910528,0.0,0.0,0.0,0.0,295.825252532959,244.8172836303711,0,0,0,0,0,0,0,0,0,0,211.4775047302246,10.686272025108337,50.923264503479004,22.738211274147034,nocache_bf16,large_h6_n32_s100,cf8c6d684a64eedafbc9b42ca68fa90eeae373c5ac18f15c95110b42f5a244ef,1126.92919921875,654.6879386901855,0,717.0585441589355,0,0,0,0
cora_link,val,87,87,cora_link:val:000087:c6bd8e7cebeade5f,2,2643.16417,2643.103759765625,2572.21719,70.470986,0.0,0.0,0.0,0.0,403.980224609375,354.94438552856445,0,0,0,0,0,0,0,0,0,0,283.1866912841797,13.226879835128784,74.4368314743042,33.12982201576233,nocache_bf16,large_h6_n32_s100,c6bd8e7cebeade5f47abd14366633bb1cf69e653fbe814fc89723b74ae0b3b36,1635.76220703125,940.4998073577881,0,1050.2067852020264,0,0,0,0
cora_link,val,88,88,cora_link:val:000088:0d48200e9b1f3f3d,2,2524.235932,2524.177978515625,2452.20392,71.591944,0.0,0.0,0.0,0.0,381.0423126220703,339.0657615661621,0,0,0,0,0,0,0,0,0,0,265.8809242248535,12.447744131088257,71.64012718200684,31.073517084121704,nocache_bf16,large_h6_n32_s100,0d48200e9b1f3f3dcfc330cd785967b078be3ad1a286bcdb7fc01f60f2606226,1570.021484375,903.440580368042,0,1005.6466655731201,0,0,0,0
cora_link,val,89,89,cora_link:val:000089:e135e8bdc2ae5355,2,2478.088444,2478.030029296875,2405.762058,71.859935,0.0,0.0,0.0,0.0,388.69421768188477,329.93613052368164,0,0,0,0,0,0,0,0,0,0,275.8336639404297,12.914271831512451,69.47311878204346,30.47316312789917,nocache_bf16,large_h6_n32_s100,e135e8bdc2ae5355e65c913f904a6b1c092e152ec90f2c8bf62df9e24b683562,1531.93603515625,880.7583999633789,0,981.1137657165527,0,0,0,0
cora_link,val,90,90,cora_link:val:000090:ebd242537a202816,2,2173.26368,2173.209228515625,2101.372761,71.488712,0.0,0.0,0.0,0.0,304.34131240844727,293.9320983886719,0,0,0,0,0,0,0,0,0,0,205.4470672607422,10.399999976158142,61.81785583496094,26.676389336586,nocache_bf16,large_h6_n32_s100,ebd242537a2028165edb083fbe81f037cdbf9812ef87d2495eb3586a5a9a36ee,1351.138427734375,780.8344955444336,0,864.2360305786133,0,0,0,0
cora_link,val,91,91,cora_link:val:000091:f558e519d1940289,2,2580.609355,2580.551025390625,2508.96555,71.21752,0.0,0.0,0.0,0.0,381.6032905578613,349.1112632751465,0,0,0,0,0,0,0,0,0,0,263.79212951660156,12.636224031448364,73.64815998077393,31.526777029037476,nocache_bf16,large_h6_n32_s100,f558e519d1940289e9ecf4719746f0617fd583d65914b241ebe12a8cd0a81236,1610.1739501953125,927.0036792755127,0,1032.2815341949463,0,0,0,0
cora_link,val,92,92,cora_link:val:000092:e5df4d02d0e7b380,2,2420.757021,2420.700439453125,2350.306655,69.993861,0.0,0.0,0.0,0.0,368.20467376708984,325.3575668334961,0,0,0,0,0,0,0,0,0,0,257.6572151184082,12.279743909835815,69.36764812469482,28.900066614151,nocache_bf16,large_h6_n32_s100,e5df4d02d0e7b380179b6966802525cfd72eb9a4a9a8ef28cfae11b431d047b6,1508.7196044921875,868.3896026611328,0,965.6875686645508,0,0,0,0
cora_link,val,93,93,cora_link:val:000093:f735369324c31e69,2,2778.489011,2778.42822265625,2709.636448,68.478515,0.0,0.0,0.0,0.0,446.47430419921875,372.2883529663086,0,0,0,0,0,0,0,0,0,0,318.1623344421387,14.853408098220825,78.30435180664062,35.15420985221863,nocache_bf16,large_h6_n32_s100,f735369324c31e693a850ab7ba020b89daa490b49f893f572391f34fa519cb88,1728.90576171875,996.426628112793,0,1104.7674865722656,0,0,0,0
cora_link,val,94,94,cora_link:val:000094:9593ceb59f0fcf1e,2,2201.075724,2201.0224609375,2129.005619,71.623128,0.0,0.0,0.0,0.0,332.0946578979492,295.5039367675781,0,0,0,0,0,0,0,0,0,0,231.5162239074707,11.575456142425537,61.7629451751709,27.24003267288208,nocache_bf16,large_h6_n32_s100,9593ceb59f0fcf1ec9fe9bdb0545d895b3f52d3330b5641998b1e360a9791da1,1366.8704833984375,789.4494743347168,0,872.9249458312988,0,0,0,0
cora_link,val,95,95,cora_link:val:000095:f00843a8acab5da3,2,2505.785626,2505.729248046875,2436.089142,69.275085,0.0,0.0,0.0,0.0,385.4721031188965,338.5965461730957,0,0,0,0,0,0,0,0,0,0,269.7018241882324,12.843680143356323,71.80159950256348,31.124999284744263,nocache_bf16,large_h6_n32_s100,f00843a8acab5da3e805f0694b07b80959cfd68542ed31348195524e1fcc3ebb,1572.1861572265625,901.5942707061768,0,1009.1884326934814,0,0,0,0
cora_link,val,96,96,cora_link:val:000096:2ef8f94e1511e956,2,171.210574,171.18316650390625,101.448523,69.514226,0.0,0.0,0.0,0.0,8.455168008804321,15.751680135726929,0,0,0,0,0,0,0,0,0,0,4.285568058490753,0.1862719990313053,2.415680021047592,1.5676479302346706,nocache_bf16,large_h6_n32_s100,2ef8f94e1511e9560566504efa7f3478c8055e4fdde9ba820071ccf7a58b2bf4,64.12694549560547,40.04691171646118,0,39.831713914871216,0,0,0,0
cora_link,val,97,97,cora_link:val:000097:2bebad65143879eb,2,2458.75226,2458.696044921875,2386.351057,71.960925,0.0,0.0,0.0,0.0,385.65721893310547,330.6186294555664,0,0,0,0,0,0,0,0,0,0,273.53532791137695,12.876864194869995,69.2413444519043,30.003682374954224,nocache_bf16,large_h6_n32_s100,2bebad65143879ebaf1c5996f266e59ab5dc245fbdb536098e14d0ecf407e384,1531.3275146484375,882.8151359558105,0,979.1310081481934,0,0,0,0
cora_link,val,98,98,cora_link:val:000098:ce9b1af93608dee4,2,2535.061456,2535.00439453125,2464.621069,69.981191,0.0,0.0,0.0,0.0,376.8268852233887,344.36982345581055,0,0,0,0,0,0,0,0,0,0,260.65126037597656,11.871808052062988,73.69580841064453,30.60800838470459,nocache_bf16,large_h6_n32_s100,ce9b1af93608dee4182257df99e501dcc4e4ef9bc9034aab3b3e5fb473bce3d1,1587.2586669921875,917.480224609375,0,1014.148265838623,0,0,0,0
cora_link,val,99,99,cora_link:val:000099:2450ed437ff94702,2,2601.137666,2601.078857421875,2529.742519,70.991391,0.0,0.0,0.0,0.0,382.93750381469727,352.7872009277344,0,0,0,0,0,0,0,0,0,0,264.81542205810547,12.852384090423584,73.20921611785889,32.060481548309326,nocache_bf16,large_h6_n32_s100,2450ed437ff947028c2c2834f4c40c0a89c50b42fb291ba6ccfd962e0e7c0ac0,1633.426025390625,940.8337898254395,0,1045.37943649292,0,0,0,0
cora_link,test,100,0,cora_link:test:000000:a92a49577d9aaaf9,2,2636.401975,2636.300537109375,2558.580489,77.213403,0.0,0.0,0.0,0.0,382.24668884277344,357.7921257019043,0,0,0,0,0,0,0,0,0,0,261.88582611083984,12.399167776107788,75.02431869506836,32.937376260757446,nocache_bf16,large_h6_n32_s100,a92a49577d9aaaf95325fcc562b287774d230a1f7b54dbc314a6d5f0755e6cb4,1648.00634765625,953.1997127532959,0,1052.5987606048584,0,0,0,0
cora_link,test,101,1,cora_link:test:000001:47761966a95f3eb6,2,2648.217729,2648.15625,2576.672755,71.031171,0.0,0.0,0.0,0.0,380.21286392211914,360.51205825805664,0,0,0,0,0,0,0,0,0,0,258.9789123535156,12.296256184577942,76.36563110351562,32.57206428050995,nocache_bf16,large_h6_n32_s100,47761966a95f3eb62cbe0fba0d2d11c16a3ab6581015304ae9c32ecdc9d2b046,1663.59716796875,958.724702835083,0,1065.3845233917236,0,0,0,0
cora_link,test,102,2,cora_link:test:000002:248adbffa3013319,2,2583.223626,2583.164306640625,2513.240576,69.535018,0.0,0.0,0.0,0.0,313.40745544433594,670.3520584106445,0,0,0,0,0,0,0,0,0,0,213.3409652709961,10.545920014381409,62.196927070617676,27.32364308834076,nocache_bf16,large_h6_n32_s100,248adbffa30133190208abb5aaef4e46c669cd48341ea54f59ea642c7d0af321,1374.252197265625,795.8311996459961,0,1248.7730560302734,0,0,0,0
cora_link,test,103,3,cora_link:test:000003:733f9ec4809d19f5,2,2328.765857,2328.71044921875,2259.099444,69.284667,0.0,0.0,0.0,0.0,340.4382743835449,313.7954559326172,0,0,0,0,0,0,0,0,0,0,234.20102310180664,11.625183939933777,65.85347270965576,28.758594632148743,nocache_bf16,large_h6_n32_s100,733f9ec4809d19f5681aaaad9301c87204e8a819ff44f4b4ace559f1631f941b,1447.25048828125,837.3401622772217,0,923.7057819366455,0,0,0,0
cora_link,test,104,4,cora_link:test:000004:38570c1b93d605c5,2,2498.530304,2498.472412109375,2426.738259,71.381291,0.0,0.0,0.0,0.0,366.6071014404297,336.60755157470703,0,0,0,0,0,0,0,0,0,0,252.9988784790039,11.893728017807007,71.95414447784424,29.760350465774536,nocache_bf16,large_h6_n32_s100,38570c1b93d605c599078d8cc2737659926fc60e7ad65141703083a1b65caf0b,1559.7108154296875,900.0048942565918,0,996.3134727478027,0,0,0,0
cora_link,test,105,5,cora_link:test:000005:595c0c9fc1ff6618,2,2280.878517,2280.81640625,2204.679658,75.666055,0.0,0.0,0.0,0.0,350.98031997680664,303.7281913757324,0,0,0,0,0,0,0,0,0,0,246.70230102539062,12.264032006263733,63.83471965789795,28.179267287254333,nocache_bf16,large_h6_n32_s100,595c0c9fc1ff6618ebb5a8f51b6466afc6c85a0c7a445a132efc20f10f865f57,1400.3665771484375,810.7183666229248,0,893.3764019012451,0,0,0,0
cora_link,test,106,6,cora_link:test:000006:31831ee8abbeea66,2,2434.766391,2434.7060546875,2362.468415,71.909413,0.0,0.0,0.0,0.0,342.27363204956055,328.1931495666504,0,0,0,0,0,0,0,0,0,0,232.61366653442383,11.299776077270508,69.61008071899414,28.75010871887207,nocache_bf16,large_h6_n32_s100,31831ee8abbeea66cd0c7b1800211799e2834e0c0c923608d8bf9ca65eee4cd1,1526.4859619140625,879.8600044250488,0,974.8191070556641,0,0,0,0
cora_link,test,107,7,cora_link:test:000007:f9f2e5b62d2ac8de,2,2297.794486,2297.74072265625,2225.782053,71.615439,0.0,0.0,0.0,0.0,319.94562911987305,313.38463592529297,0,0,0,0,0,0,0,0,0,0,216.10169982910156,10.649343967437744,66.00972747802734,27.184857845306396,nocache_bf16,large_h6_n32_s100,f9f2e5b62d2ac8ded6e6797e2ed90689e5eeb9d491a0f1d297032aa5fea072d7,1443.8917236328125,833.1880588531494,0,924.088300704956,0,0,0,0
cora_link,test,108,8,cora_link:test:000008:c79461d98b773e5c,2,2221.33568,2221.282470703125,2150.043637,70.9476,0.0,0.0,0.0,0.0,317.3735694885254,300.71551513671875,0,0,0,0,0,0,0,0,0,0,217.52537536621094,10.700223922729492,62.1113920211792,27.03657817840576,nocache_bf16,large_h6_n32_s100,c79461d98b773e5c9ff91d981a1cec73c273981819e850b00eff1d3b65ec8600,1379.7320556640625,799.2226886749268,0,881.2248821258545,0,0,0,0
cora_link,test,109,9,cora_link:test:000009:d2ee76e5e84eec35,2,227.771328,227.73670959472656,158.314641,69.19711,0.0,0.0,0.0,0.0,15.607424020767212,24.518752098083496,0,0,0,0,0,0,0,0,0,0,9.207552075386047,0.46355199068784714,3.7403199672698975,2.19599998742342,nocache_bf16,large_h6_n32_s100,d2ee76e5e84eec3564f795fcd6b2f7254c94efd70155a704ad0925a4965c92ab,103.48429107666016,63.29599988460541,0,64.70704329013824,0,0,0,0
cora_link,test,110,10,cora_link:test:000010:8d14e1da56065451,2,2925.637326,2925.575927734375,2853.650342,71.459855,0.0,0.0,0.0,0.0,444.88775634765625,394.43318939208984,0,0,0,0,0,0,0,0,0,0,310.2542037963867,14.59494423866272,83.99731254577637,36.041295766830444,nocache_bf16,large_h6_n32_s100,8d14e1da5606545155fe5956d5cb8329e8cfde8193f8888f4dd0928477723548,1824.8345947265625,1054.9614696502686,0,1164.3063144683838,0,0,0,0
cora_link,test,111,11,cora_link:test:000011:fad03a0158e504b3,2,2921.873149,2921.8095703125,2852.356304,69.055895,0.0,0.0,0.0,0.0,436.9191131591797,396.12670135498047,0,0,0,0,0,0,0,0,0,0,302.48166275024414,13.929375886917114,82.93408012390137,37.573994398117065,nocache_bf16,large_h6_n32_s100,fad03a0158e504b32650d140461ea86cb962b0822bff8f4520831a83cd1248e4,1826.5609130859375,1057.159616470337,0,1165.527997970581,0,0,0,0
cora_link,test,112,12,cora_link:test:000012:aca91543227984e3,2,1488.890725,1488.8477783203125,1416.126153,72.417303,0.0,0.0,0.0,0.0,210.10150527954102,202.30291366577148,0,0,0,0,0,0,0,0,0,0,140.44528007507324,7.1735999584198,44.0545916557312,18.428033590316772,nocache_bf16,large_h6_n32_s100,aca91543227984e385271d7b6624f3488a279bb046c26f2b6068426fcddd5418,903.00244140625,529.1159343719482,0,576.1894207000732,0,0,0,0
cora_link,test,113,13,cora_link:test:000013:c6319e2e394c55b4,2,2416.666705,2416.603759765625,2346.370288,69.786202,0.0,0.0,0.0,0.0,352.9591369628906,328.344669342041,0,0,0,0,0,0,0,0,0,0,243.26419067382812,11.81168007850647,68.59958362579346,29.283682584762573,nocache_bf16,large_h6_n32_s100,c6319e2e394c55b41806cfecd8da702ae32db387f3cb5a4f8f8eef4694f73a95,1507.430908203125,871.8898601531982,0,963.8857173919678,0,0,0,0
cora_link,test,114,14,cora_link:test:000014:7bf3e2dde2798014,2,1541.521846,1541.476318359375,1469.987989,71.202716,0.0,0.0,0.0,0.0,202.1640281677246,211.4250259399414,0,0,0,0,0,0,0,0,0,0,131.59817695617676,6.569695830345154,45.167967796325684,18.828187584877014,nocache_bf16,large_h6_n32_s100,7bf3e2dde2798014ceb5d40da68647c5153090960f695abd29526791495aae0b,951.8404541015625,554.622652053833,0,608.6428279876709,0,0,0,0
cora_link,test,115,15,cora_link:test:000015:987bc8c1450d4de6,2,2629.726452,2629.66748046875,2560.194082,69.182352,0.0,0.0,0.0,0.0,381.2165107727051,357.3306884765625,0,0,0,0,0,0,0,0,0,0,261.3719711303711,12.69212794303894,75.29030418395996,31.862107515335083,nocache_bf16,large_h6_n32_s100,987bc8c1450d4de64eef125a17107f6448f2d1b5185316d809ae6a6c0f0195e1,1646.7977294921875,949.2609901428223,0,1054.8674278259277,0,0,0,0
cora_link,test,116,16,cora_link:test:000016:5b221701d91b2a5f,2,2304.409603,2304.35595703125,2232.260084,71.719382,0.0,0.0,0.0,0.0,312.6005744934082,316.8406410217285,0,0,0,0,0,0,0,0,0,0,209.01439666748047,10.08515202999115,66.22204780578613,27.27897799015045,nocache_bf16,large_h6_n32_s100,5b221701d91b2a5f8038b3865bbb9fcedfa54c0a8fded06e49662e9b7d10eeca,1452.3887939453125,839.65065574646,0,929.578779220581,0,0,0,0
cora_link,test,117,17,cora_link:test:000017:d481cb116e8ae8b8,2,2662.004296,2661.939697265625,2590.441915,71.067954,0.0,0.0,0.0,0.0,384.61830139160156,363.8342094421387,0,0,0,0,0,0,0,0,0,0,263.7771186828613,12.262816071510315,75.70828914642334,32.87007749080658,nocache_bf16,large_h6_n32_s100,d481cb116e8ae8b85fd7c852582357b1bd5b2f42c37be8d533de0caed2e3600d,1668.4302978515625,965.295841217041,0,1066.9686660766602,0,0,0,0
cora_link,test,118,18,cora_link:test:000018:48808d259fed35be,2,2410.617433,2410.55810546875,2339.451277,70.738189,0.0,0.0,0.0,0.0,334.6655960083008,328.4533157348633,0,0,0,0,0,0,0,0,0,0,224.4829444885254,11.117663979530334,70.06319999694824,29.001787543296814,nocache_bf16,large_h6_n32_s100,48808d259fed35be2922a2257ced6e69b7f3efdea3984cd9e3e45a0b1fcaac34,1518.2593994140625,878.2894039154053,0,968.4233112335205,0,0,0,0
cora_link,test,119,19,cora_link:test:000019:12f4d9e1dc287b85,2,2408.835675,2408.7802734375,2336.912201,71.559532,0.0,0.0,0.0,0.0,366.3348808288574,321.1249580383301,0,0,0,0,0,0,0,0,0,0,257.0669479370117,12.678911924362183,67.31462383270264,29.274397134780884,nocache_bf16,large_h6_n32_s100,12f4d9e1dc287b85cf1cb6e0b0a5d7b49bdd9bfc17e5c97e854d6b893dd93fd7,1490.2210693359375,859.9931831359863,0,951.3528442382812,0,0,0,0
cora_link,test,120,20,cora_link:test:000020:a41d96c929bbaea4,2,2540.930479,2540.873046875,2471.108615,69.37245,0.0,0.0,0.0,0.0,363.3332176208496,346.54211044311523,0,0,0,0,0,0,0,0,0,0,246.66252517700195,12.132895946502686,73.23673725128174,31.301059246063232,nocache_bf16,large_h6_n32_s100,a41d96c929bbaea468aaad7fdcd5d180accbcd9f4277b2d1ca7740cdd52be7cd,1590.12939453125,920.5282859802246,0,1016.1432189941406,0,0,0,0
cora_link,test,121,21,cora_link:test:000021:021cc6c6d71b868e,2,2220.443593,2220.384765625,2148.990855,71.015381,0.0,0.0,0.0,0.0,315.61030197143555,299.531681060791,0,0,0,0,0,0,0,0,0,0,215.5003547668457,10.523263931274414,62.30345630645752,27.28322696685791,nocache_bf16,large_h6_n32_s100,021cc6c6d71b868ee32b5ec18999125272fe8f3b8e770b9b2ade266358591a09,1377.508056640625,796.3054695129395,0,880.7342681884766,0,0,0,0
cora_link,test,122,22,cora_link:test:000022:7ebf8fd29faab399,2,2102.221277,2102.169921875,2031.862837,70.018295,0.0,0.0,0.0,0.0,294.87619400024414,286.9208984375,0,0,0,0,0,0,0,0,0,0,199.5842227935791,9.856895923614502,60.542176246643066,24.89289903640747,nocache_bf16,large_h6_n32_s100,7ebf8fd29faab399aae704e7cf9151ceb11e4f315cbbea54d10385c82d339425,1315.7764892578125,761.9666233062744,0,840.7307643890381,0,0,0,0
cora_link,test,123,23,cora_link:test:000023:3362a73a111bacec,2,634.189397,634.1563720703125,562.16785,71.761375,0.0,0.0,0.0,0.0,82.19820785522461,79.90447998046875,0,0,0,0,0,0,0,0,0,0,54.7314567565918,2.818623960018158,17.198047876358032,7.450079262256622,nocache_bf16,large_h6_n32_s100,3362a73a111bacec5618dfa5720e7a98689f6b00361568e5bab3750d7a69ddeb,348.82080078125,204.19452667236328,0,224.53075408935547,0,0,0,0
cora_link,test,124,24,cora_link:test:000024:85adf0fcce383d9c,2,2313.207566,2313.154052734375,2242.28041,70.562685,0.0,0.0,0.0,0.0,377.3269500732422,304.3036193847656,0,0,0,0,0,0,0,0,0,0,272.20790100097656,13.175391912460327,63.32793617248535,28.615720987319946,nocache_bf16,large_h6_n32_s100,85adf0fcce383d9cb482d4bb8e481933359ac38902568f0b242a66bf714286fe,1409.7640380859375,814.478982925415,0,899.5886745452881,0,0,0,0
cora_link,test,125,25,cora_link:test:000025:9d9567e93f366061,2,2931.190798,2931.128662109375,2862.373927,68.461583,0.0,0.0,0.0,0.0,440.98551177978516,397.45849609375,0,0,0,0,0,0,0,0,0,0,307.88620376586914,13.980255842208862,82.44598388671875,36.6730682849884,nocache_bf16,large_h6_n32_s100,9d9567e93f366061cd925a7a7ea1c1641d8e50bb824f0e37e4338dcd7ae6bc6d,1833.964111328125,1061.0547828674316,0,1170.3678245544434,0,0,0,0
cora_link,test,126,26,cora_link:test:000026:585463fc562fdee5,2,2943.650167,2943.58935546875,2873.954072,69.226012,0.0,0.0,0.0,0.0,423.90889739990234,401.4178771972656,0,0,0,0,0,0,0,0,0,0,289.49603271484375,13.282240152359009,83.89910411834717,37.23152041435242,nocache_bf16,large_h6_n32_s100,585463fc562fdee5d1a69d189fef63b474daea272c901560a9fabd71463a1f50,1855.5528564453125,1070.870231628418,0,1186.1005020141602,0,0,0,0
cora_link,test,127,27,cora_link:test:000027:2eaf82e718529d61,2,2848.371401,2848.31103515625,2779.419508,68.581773,0.0,0.0,0.0,0.0,428.14852142333984,383.93884658813477,0,0,0,0,0,0,0,0,0,0,298.7534713745117,14.115999698638916,80.33801555633545,34.94103479385376,nocache_bf16,large_h6_n32_s100,2eaf82e718529d613e0de6749a0bff9e8cb957e16d67c4b78d6d6721f8f7f677,1787.3743896484375,1024.048324584961,0,1147.2649116516113,0,0,0,0
cora_link,test,128,28,cora_link:test:000028:c1dc2bd37c203ab9,2,2394.343402,2394.28857421875,2324.077992,69.906599,0.0,0.0,0.0,0.0,350.6009330749512,323.3157768249512,0,0,0,0,0,0,0,0,0,0,241.2171516418457,11.599007964134216,68.93097686767578,28.85379660129547,nocache_bf16,large_h6_n32_s100,c1dc2bd37c203ab9665b777173926fd67a29c32500d594fa60caed2d1f270794,1492.2921142578125,861.0709114074707,0,954.536979675293,0,0,0,0
cora_link,test,129,29,cora_link:test:000029:7480b14103945b84,2,2309.364279,2309.309326171875,2238.330818,70.670247,0.0,0.0,0.0,0.0,324.53759765625,313.6858253479004,0,0,0,0,0,0,0,0,0,0,219.50048065185547,10.806975960731506,66.64755153656006,27.582589507102966,nocache_bf16,large_h6_n32_s100,7480b14103945b842a9ba14187b3872f2fc3bcc05877d034c1bc4e899de8d936,1453.511474609375,835.5837745666504,0,931.613525390625,0,0,0,0
cora_link,test,130,30,cora_link:test:000030:5400903d50457875,2,2506.360074,2506.304931640625,2434.584733,71.408274,0.0,0.0,0.0,0.0,386.5609893798828,335.4794235229492,0,0,0,0,0,0,0,0,0,0,272.93724822998047,12.653503894805908,70.25967979431152,30.710557460784912,nocache_bf16,large_h6_n32_s100,5400903d50457875c14c0b9a3c0a10d4dced003e34216211d87925f2c132ce0a,1546.1842041015625,890.4365100860596,0,991.2271175384521,0,0,0,0
cora_link,test,131,31,cora_link:test:000031:63aea78df371a953,2,2318.240391,2318.18798828125,2245.992256,71.83387,0.0,0.0,0.0,0.0,315.29641342163086,316.35266876220703,0,0,0,0,0,0,0,0,0,0,210.99670028686523,10.354464054107666,66.96124839782715,26.98400068283081,nocache_bf16,large_h6_n32_s100,63aea78df371a953e2aba90e752f82d6a7fd4d6d701ec5a481f69b45a8204852,1459.8448486328125,840.0656318664551,0,936.1318855285645,0,0,0,0
cora_link,test,132,32,cora_link:test:000032:1f2a998b4dbd6639,2,2671.002851,2670.945068359375,2599.717523,70.931455,0.0,0.0,0.0,0.0,383.9911079406738,362.46183013916016,0,0,0,0,0,0,0,0,0,0,261.52073669433594,12.611039876937866,76.5230712890625,33.336260080337524,nocache_bf16,large_h6_n32_s100,1f2a998b4dbd663942c37acfb051c8449b7e7afbb4c5b001bc643c15a46266d1,1675.9495849609375,970.0599708557129,0,1068.3514442443848,0,0,0,0
cora_link,test,133,33,cora_link:test:000033:14d615d89a1b41e3,2,2197.630211,2197.578369140625,2127.243991,69.985002,0.0,0.0,0.0,0.0,302.7348442077637,298.47814559936523,0,0,0,0,0,0,0,0,0,0,205.8090591430664,10.323904037475586,61.715487480163574,24.886393547058105,nocache_bf16,large_h6_n32_s100,14d615d89a1b41e3816c7e8f4b762e6f09730c867962c7aa144a1cd0e0acbc86,1375.848388671875,795.0559062957764,0,879.2706279754639,0,0,0,0
cora_link,test,134,34,cora_link:test:000034:63e24931f3b2ac99,2,2862.440291,2862.3798828125,2790.627079,71.316842,0.0,0.0,0.0,0.0,400.56114959716797,392.35670471191406,0,0,0,0,0,0,0,0,0,0,270.25561904907227,12.68332815170288,82.35014343261719,35.272058963775635,nocache_bf16,large_h6_n32_s100,63e24931f3b2ac9976abff488fc1f0cbad1d106c8a270a4abc94c20d231a9fc1,1816.6282958984375,1047.3923263549805,0,1161.592674255371,0,0,0,0
cora_link,test,135,35,cora_link:test:000035:7c0b00c12372333f,2,2174.602105,2174.550537109375,2104.424152,69.756825,0.0,0.0,0.0,0.0,297.67609786987305,296.96137619018555,0,0,0,0,0,0,0,0,0,0,199.1827850341797,9.79635202884674,62.179327964782715,26.517632842063904,nocache_bf16,large_h6_n32_s100,7c0b00c12372333fd1727af7ceb3fe9c7ce9d78f337f1a6d64b62ed10b83740e,1365.3338623046875,788.014684677124,0,874.280553817749,0,0,0,0
cora_link,test,136,36,cora_link:test:000036:6084688f7bbdf65d,2,2560.212253,2560.156494140625,2489.282038,70.586819,0.0,0.0,0.0,0.0,385.03225326538086,346.6316108703613,0,0,0,0,0,0,0,0,0,0,268.4406051635742,12.325088143348694,72.65072059631348,31.61583936214447,nocache_bf16,large_h6_n32_s100,6084688f7bbdf65d904c5e7def98fdc045cf685b38eb265b4b265a6721532ba5,1597.5950927734375,923.6794567108154,0,1020.5472469329834,0,0,0,0
cora_link,test,137,37,cora_link:test:000037:da07c8f84e6a36a9,2,2377.257666,2377.2021484375,2305.752883,71.087669,0.0,0.0,0.0,0.0,346.31289291381836,322.30847549438477,0,0,0,0,0,0,0,0,0,0,236.88191986083984,11.489951968193054,68.54553604125977,29.395485043525696,nocache_bf16,large_h6_n32_s100,da07c8f84e6a36a993088066dce943abb672c1f798464c00e59cad3caa720537,1481.06103515625,855.3259220123291,0,948.0435886383057,0,0,0,0
cora_link,test,138,38,cora_link:test:000038:a34151466e92759c,2,1550.114303,1550.0711669921875,1476.98918,72.780842,0.0,0.0,0.0,0.0,207.09389305114746,212.6953239440918,0,0,0,0,0,0,0,0,0,0,134.90864181518555,6.836959958076477,46.05340766906738,19.294883608818054,nocache_bf16,large_h6_n32_s100,a34151466e92759c74de7d0f87e311f95d733aa0bd5d52e80561031048db934c,951.3250122070312,554.306079864502,0,609.7142562866211,0,0,0,0
cora_link,test,139,39,cora_link:test:000039:8c051e3c3f1eac2f,2,2356.351887,2356.29833984375,2283.989047,71.928551,0.0,0.0,0.0,0.0,337.0592956542969,318.698429107666,0,0,0,0,0,0,0,0,0,0,228.49990463256836,11.168735980987549,68.2743034362793,29.11635160446167,nocache_bf16,large_h6_n32_s100,8c051e3c3f1eac2fbb5106a981df606b9c7f62e6d30e378dd9cf19600d1f69e4,1473.345703125,849.3769302368164,0,942.6672019958496,0,0,0,0
cora_link,test,140,40,cora_link:test:000040:0c4e1b16e7f6d32e,2,2518.970892,2518.9150390625,2448.865974,69.677282,0.0,0.0,0.0,0.0,388.11055755615234,336.8238105773926,0,0,0,0,0,0,0,0,0,0,274.6065864562988,12.927584171295166,69.93263912200928,30.643747806549072,nocache_bf16,large_h6_n32_s100,0c4e1b16e7f6d32e5da80273adc54aca607610739bfc2682e89dac848332874a,1563.577392578125,898.1026248931885,0,1002.2985782623291,0,0,0,0
cora_link,test,141,41,cora_link:test:000041:94823266d74a6d48,2,2626.446623,2626.390380859375,2556.131935,69.902506,0.0,0.0,0.0,0.0,355.9081573486328,362.8914260864258,0,0,0,0,0,0,0,0,0,0,236.11347198486328,11.451296091079712,75.95084762573242,32.3925416469574,nocache_bf16,large_h6_n32_s100,94823266d74a6d48a3ebb0e739cc6b9a001e36bc6d4378d466e605e013136a1e,1664.912353515625,960.1473960876465,0,1067.6563835144043,0,0,0,0
cora_link,test,142,42,cora_link:test:000042:3043386de9eb5a17,2,2508.163993,2508.108154296875,2435.993407,71.682027,0.0,0.0,0.0,0.0,375.2621154785156,335.6090888977051,0,0,0,0,0,0,0,0,0,0,261.61888122558594,12.397727966308594,70.57510375976562,30.67040252685547,nocache_bf16,large_h6_n32_s100,3043386de9eb5a174134a7e339dde5f554850f3be3e476a139a3e6620f9e94ff,1553.41064453125,896.8960647583008,0,992.1236686706543,0,0,0,0
cora_link,test,143,43,cora_link:test:000043:a61dd8a6124feaf5,2,2626.383463,2626.325439453125,2554.865216,71.079178,0.0,0.0,0.0,0.0,368.3251838684082,360.07910537719727,0,0,0,0,0,0,0,0,0,0,248.21049880981445,11.783967971801758,75.9386568069458,32.39206027984619,nocache_bf16,large_h6_n32_s100,a61dd8a6124feaf55c666b0ed451d4b59b3548088c16c62153daa0eeed988780,1647.9552001953125,952.0854415893555,0,1055.9488639831543,0,0,0,0
cora_link,test,144,44,cora_link:test:000044:90d883bbff1b482c,2,2708.903978,2708.84765625,2638.413405,70.159832,0.0,0.0,0.0,0.0,428.16114807128906,362.7048988342285,0,0,0,0,0,0,0,0,0,0,303.51565170288086,14.374560356140137,76.25638389587402,34.01455211639404,nocache_bf16,large_h6_n32_s100,90d883bbff1b482ce1b0f86688ef07df0ad211ec8eff530394d1e198d8430b26,1677.9010009765625,968.9299850463867,0,1071.6759147644043,0,0,0,0
cora_link,test,145,45,cora_link:test:000045:bae37ede4a3de9b1,2,2534.858888,2534.8037109375,2463.623284,70.900193,0.0,0.0,0.0,0.0,361.0249938964844,345.35388565063477,0,0,0,0,0,0,0,0,0,0,245.64579391479492,11.894527792930603,73.0324478149414,30.452224373817444,nocache_bf16,large_h6_n32_s100,bae37ede4a3de9b1b112273365558ac2d3c01eba152028941b820629cb36f666,1594.3876953125,920.9410495758057,0,1018.8005313873291,0,0,0,0
cora_link,test,146,46,cora_link:test:000046:a3fb53fd45897eed,2,2553.627778,2553.57177734375,2484.167287,69.080684,0.0,0.0,0.0,0.0,371.88713455200195,346.30572509765625,0,0,0,0,0,0,0,0,0,0,255.0640640258789,11.953279972076416,73.63734436035156,31.23244619369507,nocache_bf16,large_h6_n32_s100,a3fb53fd45897eed4bb12c5192d2091db1a22b1a781d299d9837a5f36024d63f,1599.40771484375,922.4111995697021,0,1023.3022403717041,0,0,0,0
cora_link,test,147,47,cora_link:test:000047:e806f17c15aa686b,2,2357.183955,2357.130859375,2285.643769,71.175547,0.0,0.0,0.0,0.0,349.448543548584,317.13257217407227,0,0,0,0,0,0,0,0,0,0,243.23068237304688,11.495840072631836,66.28335857391357,28.4386625289917,nocache_bf16,large_h6_n32_s100,e806f17c15aa686b060e0ed51edf41cd755ff4e9f4ba115925f5000037240c8f,1460.8818359375,841.8995590209961,0,936.1148490905762,0,0,0,0
cora_link,test,148,48,cora_link:test:000048:c713ee4fd107b98c,2,2321.656963,2321.605224609375,2250.480008,70.833627,0.0,0.0,0.0,0.0,319.3034553527832,317.16211318969727,0,0,0,0,0,0,0,0,0,0,212.67494201660156,10.452383995056152,68.04915237426758,28.12697696685791,nocache_bf16,large_h6_n32_s100,c713ee4fd107b98c450cce5e01dd3bcf642b3fd16862c42ce9c070d74d4e7f36,1464.509521484375,846.288158416748,0,935.3834762573242,0,0,0,0
cora_link,test,149,49,cora_link:test:000049:4875f0d1278f893a,2,2350.985798,2350.9306640625,2279.839895,70.660827,0.0,0.0,0.0,0.0,349.30767822265625,316.95558166503906,0,0,0,0,0,0,0,0,0,0,243.12329483032227,11.895007729530334,65.61055946350098,28.678816199302673,nocache_bf16,large_h6_n32_s100,4875f0d1278f893adb29afed4c489723a9c4bf4cff2155264658735ae2a78b4a,1463.3355712890625,843.0065975189209,0,937.2845554351807,0,0,0,0
cora_link,test,150,50,cora_link:test:000050:edd01bf99d59d0d3,2,2403.581441,2403.5185546875,2334.545208,68.621055,0.0,0.0,0.0,0.0,359.3766059875488,322.1527671813965,0,0,0,0,0,0,0,0,0,0,250.82463836669922,12.009696006774902,67.7100477218628,28.832223892211914,nocache_bf16,large_h6_n32_s100,edd01bf99d59d0d3183fe96945c7ab77e925a18783b97396e292410a726326e4,1492.1307373046875,861.0362548828125,0,953.2472496032715,0,0,0,0
cora_link,test,151,51,cora_link:test:000051:50ba04ac7a5538a1,2,2234.752867,2234.701904296875,2163.012962,71.317175,0.0,0.0,0.0,0.0,294.6878433227539,305.5622749328613,0,0,0,0,0,0,0,0,0,0,193.71555137634277,9.53712010383606,64.62489604949951,26.81027579307556,nocache_bf16,large_h6_n32_s100,50ba04ac7a5538a1d58a96d93c24da81af646af9e7cf91d4812ed58a4076106e,1411.0694580078125,814.4319362640381,0,902.1997966766357,0,0,0,0
cora_link,test,152,52,cora_link:test:000052:3d056eca91a9a836,2,2633.96507,2633.908203125,2564.537392,68.989789,0.0,0.0,0.0,0.0,362.92918395996094,361.8216972351074,0,0,0,0,0,0,0,0,0,0,243.06341934204102,11.208576083183289,76.58896064758301,32.068227887153625,nocache_bf16,large_h6_n32_s100,3d056eca91a9a83670c06713bbe83ebf3e1072c5493ac4c40eaad5ff9be5dac4,1668.0272216796875,958.9578857421875,0,1070.8910331726074,0,0,0,0
cora_link,test,153,53,cora_link:test:000053:afffb12d2f835989,2,1995.02237,1994.9674072265625,1924.899306,69.803418,0.0,0.0,0.0,0.0,269.1888313293457,271.33455657958984,0,0,0,0,0,0,0,0,0,0,178.47759819030762,8.924063920974731,58.12729549407959,23.659873723983765,nocache_bf16,large_h6_n32_s100,afffb12d2f8359894144ea1011bb00a1beddec2d1e8e2a96f0a23197bd320ad7,1250.9287109375,724.8925094604492,0,797.3707580566406,0,0,0,0
cora_link,test,154,54,cora_link:test:000054:30c26c12e5ad1acc,2,2511.987728,2511.933349609375,2442.026372,69.540468,0.0,0.0,0.0,0.0,374.1283187866211,338.94371032714844,0,0,0,0,0,0,0,0,0,0,259.3045120239258,11.873183965682983,72.53471946716309,30.415903329849243,nocache_bf16,large_h6_n32_s100,30c26c12e5ad1acc921d6007d96b5414db7a451770e578c7ec38deb32d74ab94,1562.229248046875,903.3912925720215,0,997.781665802002,0,0,0,0
cora_link,test,155,55,cora_link:test:000055:71bf8a9463858055,2,2133.812556,2133.76220703125,2062.970487,70.473678,0.0,0.0,0.0,0.0,274.6455078125,293.4475517272949,0,0,0,0,0,0,0,0,0,0,179.04044723510742,8.804799914360046,62.142592430114746,24.657668232917786,nocache_bf16,large_h6_n32_s100,71bf8a94638580552fec335174e5be8a4d64bac73d5c7f16af740198f9557854,1344.0262451171875,777.2759342193604,0,860.1978626251221,0,0,0,0
cora_link,test,156,56,cora_link:test:000056:a45fd9c8fbaeda83,2,2903.416007,2903.356201171875,2833.500539,69.492479,0.0,0.0,0.0,0.0,442.93257904052734,390.10423278808594,0,0,0,0,0,0,0,0,0,0,311.19301986694336,14.321247816085815,81.63804817199707,35.7802631855011,nocache_bf16,large_h6_n32_s100,a45fd9c8fbaeda83f996b5c5134233e343c2330cd97543af1dc4aa469895b57a,1816.0518798828125,1047.8716506958008,0,1158.2844619750977,0,0,0,0
cora_link,test,157,57,cora_link:test:000057:8cce888c9b65f06a,2,2468.275096,2468.220947265625,2396.812147,71.131003,0.0,0.0,0.0,0.0,355.1668472290039,332.59542083740234,0,0,0,0,0,0,0,0,0,0,243.88864517211914,11.620543956756592,69.54870414733887,30.108953952789307,nocache_bf16,large_h6_n32_s100,8cce888c9b65f06a5282b21227395865b0021e9e80a7f06a26231ebce5e682bd,1539.72900390625,886.9021701812744,0,985.4222545623779,0,0,0,0
cora_link,test,158,58,cora_link:test:000058:0a15699abbc7bdfe,2,2866.866546,2866.8076171875,2797.215745,69.243237,0.0,0.0,0.0,0.0,432.4457244873047,385.8661193847656,0,0,0,0,0,0,0,0,0,0,302.2058868408203,14.073119878768921,80.78870391845703,35.37801384925842,nocache_bf16,large_h6_n32_s100,0a15699abbc7bdfe11e1545398d656d9a071b62cdfa31f06fcff39dc96d7d97f,1797.06103515625,1034.14182472229,0,1148.7853298187256,0,0,0,0
cora_link,test,159,59,cora_link:test:000059:7ad4f13634e65d42,2,2437.750233,2437.696044921875,2367.85816,69.472958,0.0,0.0,0.0,0.0,361.65571212768555,329.8317108154297,0,0,0,0,0,0,0,0,0,0,250.54147338867188,11.795839786529541,70.04860877990723,29.269790172576904,nocache_bf16,large_h6_n32_s100,7ad4f13634e65d42696f55ae561430fda053895ac5a173d4c38046f329f65662,1520.76904296875,875.7928314208984,0,974.8079223632812,0,0,0,0
cora_link,test,160,60,cora_link:test:000060:947ecd7092b60d75,2,229.929996,229.9015350341797,159.251846,70.434154,0.0,0.0,0.0,0.0,15.737152099609375,24.851871967315674,0,0,0,0,0,0,0,0,0,0,9.225951910018921,0.4760959967970848,3.813376009464264,2.2217281833291054,nocache_bf16,large_h6_n32_s100,947ecd7092b60d753dd719552fce7c384a6830ffd76e25155af36e9e9adf3896,104.90278625488281,63.45532751083374,0,66.29933071136475,0,0,0,0
cora_link,test,161,61,cora_link:test:000061:1acb49af271f9d61,2,2621.571154,2621.515625,2549.819952,71.354861,0.0,0.0,0.0,0.0,403.49401092529297,352.9765167236328,0,0,0,0,0,0,0,0,0,0,283.503360748291,13.647295951843262,73.1072006225586,33.2361536026001,nocache_bf16,large_h6_n32_s100,1acb49af271f9d61b24aa48362d2b853908b399d03bd39d8cc98f9d1f081985a,1626.0615234375,939.3245124816895,0,1039.7135276794434,0,0,0,0
cora_link,test,162,62,cora_link:test:000062:6cfbf15b798236a5,2,2461.294149,2461.23828125,2390.60632,70.328657,0.0,0.0,0.0,0.0,333.60562896728516,338.4879341125488,0,0,0,0,0,0,0,0,0,0,220.77571487426758,10.814528107643127,72.4058895111084,29.609496474266052,nocache_bf16,large_h6_n32_s100,6cfbf15b798236a54090cd19df3719c67a389fc2e3dee5ac50bda445d2aaee96,1552.100341796875,895.2577934265137,0,995.3304824829102,0,0,0,0
cora_link,test,163,63,cora_link:test:000063:9ace740bce59e5eb,2,2132.946293,2132.8955078125,2060.610433,71.882712,0.0,0.0,0.0,0.0,301.74828720092773,289.47116470336914,0,0,0,0,0,0,0,0,0,0,205.16473770141602,10.071040034294128,61.015615463256836,25.496894001960754,nocache_bf16,large_h6_n32_s100,9ace740bce59e5ebac4f83ca36118d0f76b772a4250fc122be277a75341046da,1331.7591552734375,765.1315155029297,0,856.098804473877,0,0,0,0
cora_link,test,164,64,cora_link:test:000064:e6ca9e4062a35662,2,2908.431481,2908.3720703125,2837.197216,70.828372,0.0,0.0,0.0,0.0,434.83494567871094,391.9327697753906,0,0,0,0,0,0,0,0,0,0,303.18342208862305,14.198848009109497,82.43881702423096,35.01385855674744,nocache_bf16,large_h6_n32_s100,e6ca9e4062a3566245ff7a1135ef3f44abbec6aed0dcdc1ea3ca402b6611e5f3,1816.7218017578125,1045.7227191925049,0,1162.9318523406982,0,0,0,0
cora_link,test,165,65,cora_link:test:000065:7b22040be3ab19bb,2,247.290056,247.26272583007812,177.947541,69.115031,0.0,0.0,0.0,0.0,15.069024324417114,26.967936038970947,0,0,0,0,0,0,0,0,0,0,8.341087818145752,0.42528000473976135,3.9912319779396057,2.3114245235919952,nocache_bf16,large_h6_n32_s100,7b22040be3ab19bbcfa9198d7350cc1a126591686908e34ef3b5a920fd636caa,118.77753448486328,71.0511999130249,0,74.69427061080933,0,0,0,0
cora_link,test,166,66,cora_link:test:000066:bc7f1918aa925803,2,3002.668552,3002.60888671875,2931.84384,70.305138,0.0,0.0,0.0,0.0,463.39601135253906,402.88499450683594,0,0,0,0,0,0,0,0,0,0,326.96854400634766,15.133088111877441,84.05603218078613,37.23834705352783,nocache_bf16,large_h6_n32_s100,bc7f1918aa925803f1d7036ade0510d3686fbe78b3908d95997a2747ae85b5dd,1878.6585693359375,1079.2699737548828,0,1202.2735900878906,0,0,0,0
cora_link,test,167,67,cora_link:test:000067:111f661608b76851,2,2788.513512,2788.455322265625,2717.096336,70.975879,0.0,0.0,0.0,0.0,406.1969299316406,376.79952239990234,0,0,0,0,0,0,0,0,0,0,279.5904312133789,13.407359838485718,79.40351963043213,33.79561924934387,nocache_bf16,large_h6_n32_s100,111f661608b76851f9a56159eadc34c3e40962055823a3029b4903a09f3bd9b8,1743.8011474609375,1001.2655410766602,0,1119.3351287841797,0,0,0,0
cora_link,test,168,68,cora_link:test:000068:c05c7b87fd0cda19,2,1915.432405,1915.384521484375,1844.136209,70.968611,0.0,0.0,0.0,0.0,280.7359390258789,255.52643203735352,0,0,0,0,0,0,0,0,0,0,193.7764778137207,9.581984043121338,54.15171241760254,23.225764751434326,nocache_bf16,large_h6_n32_s100,c05c7b87fd0cda19478eece624809a5919473f036800f1e4b036d40d7b5aac07,1176.7886962890625,683.0901794433594,0,749.2249488830566,0,0,0,0
cora_link,test,169,69,cora_link:test:000069:a591447a76a23f33,2,2316.180417,2316.128662109375,2245.161394,70.58636,0.0,0.0,0.0,0.0,328.6088333129883,314.59202575683594,0,0,0,0,0,0,0,0,0,0,224.08710479736328,10.743712186813354,66.13081645965576,27.647199869155884,nocache_bf16,large_h6_n32_s100,a591447a76a23f33910d5c7059da320f0fabc4b0dbd677fc99b0287262664a94,1449.102294921875,835.3004455566406,0,928.3938751220703,0,0,0,0
cora_link,test,170,70,cora_link:test:000070:b5db190fcc93371e,2,1991.597253,1991.5501708984375,1919.358022,71.929346,0.0,0.0,0.0,0.0,295.0529899597168,265.53981018066406,0,0,0,0,0,0,0,0,0,0,204.35570907592773,10.300928115844727,56.56313610076904,23.833216667175293,nocache_bf16,large_h6_n32_s100,b5db190fcc93371e6fd6c7b19e7d92fe572c469bbaf76e6fa6c6db2eddb8a366,1224.8070068359375,710.4477729797363,0,779.8990440368652,0,0,0,0
cora_link,test,171,71,cora_link:test:000071:32de58fd2a55623a,2,2343.852046,2343.800537109375,2274.296288,69.22027,0.0,0.0,0.0,0.0,327.94754791259766,320.0793914794922,0,0,0,0,0,0,0,0,0,0,218.96921920776367,10.672991871833801,69.70729541778564,28.59804141521454,nocache_bf16,large_h6_n32_s100,32de58fd2a55623a8a4fdbc4c85baf53a112f8c483bc706efcdfff3fa11b82a6,1471.13671875,849.3946914672852,0,941.821418762207,0,0,0,0
cora_link,test,172,72,cora_link:test:000072:997a47a4073e41df,2,2683.64097,2683.585205078125,2611.940424,71.254848,0.0,0.0,0.0,0.0,415.09981536865234,359.2184028625488,0,0,0,0,0,0,0,0,0,0,293.4299201965332,13.579391956329346,74.74617671966553,33.34432649612427,nocache_bf16,large_h6_n32_s100,997a47a4073e41dfbdd26b79f2cdf9d91d113ac9c163ec5b4518845d9c1a14ff,1659.9752197265625,959.0218524932861,0,1060.1717700958252,0,0,0,0
cora_link,test,173,73,cora_link:test:000073:4a2d121a0ac5d0e8,2,228.646244,228.619140625,157.660928,70.748688,0.0,0.0,0.0,0.0,15.608479976654053,24.736544132232666,0,0,0,0,0,0,0,0,0,0,9.221216082572937,0.4663360044360161,3.7387200593948364,2.182207830250263,nocache_bf16,large_h6_n32_s100,4a2d121a0ac5d0e8947e6f1cc3538e7b0618cf9bc060786f6c613eb7f23877b6,103.82307434082031,63.82697570323944,0,64.73264276981354,0,0,0,0
cora_link,test,174,74,cora_link:test:000074:f2f5a19ab342cae0,2,2759.240429,2759.182861328125,2690.049973,68.750912,0.0,0.0,0.0,0.0,421.2665252685547,372.28969955444336,0,0,0,0,0,0,0,0,0,0,294.8070373535156,14.244895935058594,77.46579170227051,34.74880027770996,nocache_bf16,large_h6_n32_s100,f2f5a19ab342cae01e5ec98ce3eef6abef032ebc47f51ffe574d4781fc8b3557,1719.313720703125,989.8308753967285,0,1101.7725448608398,0,0,0,0
cora_link,test,175,75,cora_link:test:000075:a22fb2ea2f9d29a0,2,1873.506165,1873.4603271484375,1802.558904,70.613671,0.0,0.0,0.0,0.0,318.7625312805176,243.73301696777344,0,0,0,0,0,0,0,0,0,0,232.34733200073242,11.689503908157349,50.9234561920166,23.802239179611206,nocache_bf16,large_h6_n32_s100,a22fb2ea2f9d29a06305b4c510f2c3e4bbd2b99fd56ecec2d068c4cc9f07167e,1121.9349365234375,653.2649230957031,0,712.4030303955078,0,0,0,0
cora_link,test,176,76,cora_link:test:000076:1e647e3fbb4a5d43,2,2355.485197,2355.433837890625,2284.727524,70.44664,0.0,0.0,0.0,0.0,354.7271385192871,317.969051361084,0,0,0,0,0,0,0,0,0,0,247.24195098876953,11.957888007164001,66.52787208557129,28.999427437782288,nocache_bf16,large_h6_n32_s100,1e647e3fbb4a5d4311b381ebfb3b2b8705e1fbb6111d584d7688cb1d1792d2ca,1467.2515869140625,845.3139533996582,0,939.9066848754883,0,0,0,0
cora_link,test,177,77,cora_link:test:000077:57987e30b21585ac,2,2757.565178,2757.5078125,2686.067784,70.949692,0.0,0.0,0.0,0.0,420.86412811279297,370.48461532592773,0,0,0,0,0,0,0,0,0,0,295.1656036376953,14.187007665634155,77.65126514434814,33.860251665115356,nocache_bf16,large_h6_n32_s100,57987e30b21585ac890d144276d72d0f418ba5cdd81ab0c30b1a21f8e9d6075b,1714.6785888671875,986.8543968200684,0,1098.3088073730469,0,0,0,0
cora_link,test,178,78,cora_link:test:000078:9bdde5920f8b0a51,2,2360.036932,2359.985595703125,2289.385009,70.314432,0.0,0.0,0.0,0.0,319.5135726928711,322.9712677001953,0,0,0,0,0,0,0,0,0,0,212.85398483276367,10.25987184047699,68.80687999725342,27.592836022377014,nocache_bf16,large_h6_n32_s100,9bdde5920f8b0a513e78a303aba8691885dbdd99b194f26bbf3580c295636ba3,1486.494873046875,858.3938255310059,0,951.0723152160645,0,0,0,0
cora_link,test,179,79,cora_link:test:000079:0be9ee67b25a5ac7,2,2331.893963,2331.842041015625,2260.95617,70.618569,0.0,0.0,0.0,0.0,339.79347229003906,316.42451095581055,0,0,0,0,0,0,0,0,0,0,235.0920639038086,11.347872018814087,65.692063331604,27.661473035812378,nocache_bf16,large_h6_n32_s100,0be9ee67b25a5ac77fd325a65d625b85dfb3a5de371af07b0487aef00427b48a,1453.462890625,838.7237396240234,0,931.1636619567871,0,0,0,0
cora_link,test,180,80,cora_link:test:000080:6852c56d89f072d5,2,247.452646,247.42649841308594,175.710556,71.527415,0.0,0.0,0.0,0.0,15.14518404006958,27.095168113708496,0,0,0,0,0,0,0,0,0,0,8.375776052474976,0.42982399463653564,4.024479985237122,2.3151040077209473,nocache_bf16,large_h6_n32_s100,6852c56d89f072d51f4aca826c10a83c549fdeadf267146bd458c6d8a0248d79,116.8677749633789,71.20988774299622,0,72.75305533409119,0,0,0,0
cora_link,test,181,81,cora_link:test:000081:7ade712ace234fe2,2,2881.583749,2881.52685546875,2810.382478,70.863309,0.0,0.0,0.0,0.0,445.6320037841797,386.1270065307617,0,0,0,0,0,0,0,0,0,0,314.28224182128906,14.582623958587646,80.37439918518066,36.392738819122314,nocache_bf16,large_h6_n32_s100,7ade712ace234fe217bed41b8f28f589a52ed66375290776d19b6a03af51cc3a,1793.6357421875,1032.5692462921143,0,1147.1935024261475,0,0,0,0
cora_link,test,182,82,cora_link:test:000082:609a3b47d7b0b3e3,2,2567.223707,2567.16943359375,2496.772778,70.013165,0.0,0.0,0.0,0.0,380.30124282836914,348.057918548584,0,0,0,0,0,0,0,0,0,0,263.6426239013672,12.534176111221313,72.21497535705566,31.909467458724976,nocache_bf16,large_h6_n32_s100,609a3b47d7b0b3e3b9ce4442fde0daf9705270c755b903e6cdb46302ceccd799,1608.3421630859375,931.835615158081,0,1024.5644664764404,0,0,0,0
cora_link,test,183,83,cora_link:test:000083:d4efc39aa4d8bd04,2,2335.144694,2335.093505859375,2262.576439,72.073048,0.0,0.0,0.0,0.0,366.07257080078125,311.18627166748047,0,0,0,0,0,0,0,0,0,0,258.7449951171875,12.349728107452393,65.77353572845459,29.204311847686768,nocache_bf16,large_h6_n32_s100,d4efc39aa4d8bd043bf53de050b146bf9e4fbe3fbe2b1850fd7f4475af59a4d2,1439.0533447265625,828.9627819061279,0,921.276834487915,0,0,0,0
cora_link,test,184,84,cora_link:test:000084:8fff9e642d26fa46,2,2246.632527,2246.57958984375,2175.798793,70.246494,0.0,0.0,0.0,0.0,317.56528091430664,301.2195510864258,0,0,0,0,0,0,0,0,0,0,216.86265563964844,10.791007995605469,62.86665439605713,27.044962882995605,nocache_bf16,large_h6_n32_s100,8fff9e642d26fa462328014578b8844e354d3af16655da0a5a04c04a27f5579f,1401.5611572265625,806.515869140625,0,896.2648391723633,0,0,0,0
cora_link,test,185,85,cora_link:test:000085:406c175ea3120aa1,2,2563.913339,2563.85888671875,2493.998743,69.478072,0.0,0.0,0.0,0.0,382.9670715332031,348.4829788208008,0,0,0,0,0,0,0,0,0,0,266.03270721435547,12.525439977645874,72.62057495117188,31.788349390029907,nocache_bf16,large_h6_n32_s100,406c175ea3120aa178c1257c0c380892ef5a372f750596f6690cbf05fd393df0,1600.9468994140625,924.6514873504639,0,1024.7783908843994,0,0,0,0
cora_link,test,186,86,cora_link:test:000086:e8f1bc59186b6765,2,2639.43015,2639.375,2568.276293,70.734955,0.0,0.0,0.0,0.0,407.83548736572266,353.62435150146484,0,0,0,0,0,0,0,0,0,0,287.9543342590332,13.603487968444824,73.1734733581543,33.10419178009033,nocache_bf16,large_h6_n32_s100,e8f1bc59186b6765eac4cb99e2d2c00bf502e2950a0cf41c6a002c97d1c9cb24,1639.133056640625,942.5803184509277,0,1050.177089691162,0,0,0,0
cora_link,test,187,87,cora_link:test:000087:c7011ca75dd0b78f,2,2183.969622,2183.920166015625,2112.17476,71.448426,0.0,0.0,0.0,0.0,311.72679138183594,297.40809631347656,0,0,0,0,0,0,0,0,0,0,213.92473602294922,10.045760035514832,60.99529552459717,26.76099979877472,nocache_bf16,large_h6_n32_s100,c7011ca75dd0b78f09ba8ae4b7c2f705cff0ebb4dc7bb057164a17ee3be1fe92,1361.9267578125,786.3598022460938,0,872.9750518798828,0,0,0,0
cora_link,test,188,88,cora_link:test:000088:18b968107306c332,2,2479.003298,2478.94970703125,2406.719442,71.887577,0.0,0.0,0.0,0.0,360.90777587890625,331.7462348937988,0,0,0,0,0,0,0,0,0,0,249.20048141479492,11.869151949882507,70.06319999694824,29.77494251728058,nocache_bf16,large_h6_n32_s100,18b968107306c332ca1e70e6d5db1379de839112c753882716a7136eea894167,1547.33447265625,888.7382736206055,0,990.3424339294434,0,0,0,0
cora_link,test,189,89,cora_link:test:000089:e368f47a88b67f89,2,2518.652142,2518.59765625,2446.347797,71.688806,0.0,0.0,0.0,0.0,372.5219535827637,338.4008674621582,0,0,0,0,0,0,0,0,0,0,258.6452827453613,12.462527990341187,70.22876739501953,31.185375452041626,nocache_bf16,large_h6_n32_s100,e368f47a88b67f8984608eb37010339b6a995fff45a1de23ea9fd575be8f3b34,1563.3905029296875,902.8185348510742,0,998.9728355407715,0,0,0,0
cora_link,test,190,90,cora_link:test:000090:5d9c13ae1a649560,2,2131.094566,2131.04345703125,2057.997857,72.580601,0.0,0.0,0.0,0.0,322.4155578613281,285.2454032897949,0,0,0,0,0,0,0,0,0,0,225.81609344482422,10.536320090293884,59.34883117675781,26.71431314945221,nocache_bf16,large_h6_n32_s100,5d9c13ae1a6495607b4a8df6b8a509ca6d72616cc25333b376913fd59240b312,1313.1053466796875,757.6423034667969,0,840.7084465026855,0,0,0,0
cora_link,test,191,91,cora_link:test:000091:3fcc197a36801b0b,2,2297.538999,2297.486328125,2227.458518,69.697671,0.0,0.0,0.0,0.0,358.62329483032227,306.3929557800293,0,0,0,0,0,0,0,0,0,0,253.53593826293945,12.241728067398071,64.32390308380127,28.52172541618347,nocache_bf16,large_h6_n32_s100,3fcc197a36801b0b1e47743d520e7e174ef2f3b6400d9545bb21c63544115193,1415.45361328125,817.0899848937988,0,904.7565841674805,0,0,0,0
cora_link,test,192,92,cora_link:test:000092:4d7a0254c3823983,2,2536.153751,2536.0986328125,2466.223745,69.486633,0.0,0.0,0.0,0.0,371.99234771728516,345.3834228515625,0,0,0,0,0,0,0,0,0,0,255.14169311523438,11.93446409702301,74.0469446182251,30.869245886802673,nocache_bf16,large_h6_n32_s100,4d7a0254c38239838679798d0a79a6660d2e5d48555e626de4d0360dff851265,1596.809326171875,919.9049644470215,0,1022.287784576416,0,0,0,0
cora_link,test,193,93,cora_link:test:000093:919b65144e1f3589,2,2546.917115,2546.86376953125,2476.380975,70.075729,0.0,0.0,0.0,0.0,382.41423416137695,347.852352142334,0,0,0,0,0,0,0,0,0,0,264.44175720214844,12.72486400604248,73.33862400054932,31.90898895263672,nocache_bf16,large_h6_n32_s100,919b65144e1f358963da7fc4b4eac623d1f901a9a675f43cd7783f592c375d5e,1599.0526123046875,919.607873916626,0,1027.2970905303955,0,0,0,0
cora_link,test,194,94,cora_link:test:000094:1650307c89f359b4,2,2108.233512,2108.185791015625,2038.043785,69.75619,0.0,0.0,0.0,0.0,292.2127685546875,288.9021415710449,0,0,0,0,0,0,0,0,0,0,196.62678146362305,9.813696146011353,61.040897369384766,24.731393575668335,nocache_bf16,large_h6_n32_s100,1650307c89f359b4b89afb869c40991166a652ccf9193175d8cbaca7f8f77e53,1332.8961181640625,768.9757423400879,0,852.8225173950195,0,0,0,0
cora_link,test,195,95,cora_link:test:000095:b25ee3cbd55f1424,2,242.130733,242.1038360595703,172.76838,69.129255,0.0,0.0,0.0,0.0,15.265024185180664,27.11414384841919,0,0,0,0,0,0,0,0,0,0,8.435295820236206,0.4341439977288246,4.053951978683472,2.3416323885321617,nocache_bf16,large_h6_n32_s100,b25ee3cbd55f142432c4ba3b795de91eb7f40b98074edbc5c62a3715a28617d9,112.51920318603516,66.93580722808838,0,72.69753980636597,0,0,0,0
cora_link,test,196,96,cora_link:test:000096:2e55047c7ac6960a,2,2428.226736,2428.174072265625,2358.738588,69.121609,0.0,0.0,0.0,0.0,349.56396102905273,331.3472023010254,0,0,0,0,0,0,0,0,0,0,238.86739349365234,11.488063931465149,69.6584005355835,29.550103068351746,nocache_bf16,large_h6_n32_s100,2e55047c7ac6960aa9e5574e5b2a92324f35c4a36c054647daf56eef90282162,1524.663818359375,877.4627819061279,0,978.5482387542725,0,0,0,0
cora_link,test,197,97,cora_link:test:000097:37f8cf0047f769ff,2,1947.335991,1947.2899169921875,1875.945011,71.029524,0.0,0.0,0.0,0.0,279.7843208312988,264.48950576782227,0,0,0,0,0,0,0,0,0,0,189.10153579711914,9.582560181617737,57.413472175598145,23.686752676963806,nocache_bf16,large_h6_n32_s100,37f8cf0047f769ffed7de0cc67c79a75bc649ae54f38b3df1131698b10fcb203,1215.5848388671875,703.7812194824219,0,776.2931251525879,0,0,0,0
cora_link,test,198,98,cora_link:test:000098:1005670891a61f07,2,2664.161193,2664.1064453125,2592.508089,71.277446,0.0,0.0,0.0,0.0,386.0365409851074,361.73258209228516,0,0,0,0,0,0,0,0,0,0,263.69558334350586,12.609440326690674,76.60089588165283,33.13062143325806,nocache_bf16,large_h6_n32_s100,1005670891a61f07fc17e6f908c08e9eaec28e308abc6d3c192c70449fcb154a,1677.332275390625,967.7256011962891,0,1071.339256286621,0,0,0,0
cora_link,test,199,99,cora_link:test:000099:6abeb4741887a3af,2,226.89127,226.8654022216797,158.144709,68.521647,0.0,0.0,0.0,0.0,15.99606442451477,24.99292755126953,0,0,0,0,0,0,0,0,0,0,9.488320112228394,0.48019199818372726,3.825279951095581,2.2022723630070686,nocache_bf16,large_h6_n32_s100,6abeb4741887a3af9d800c1720a73890be3be686e786fc8b973fd3df5de75bd1,104.14185333251953,63.88447952270508,0,65.25030136108398,0,0,0,0
