task,split,trace_order,query_index,query_uid,rep,query_wall_ms,query_gpu_ms,encoder_wall_ms,decoder_wall_ms,cache_load_wall_ms,online_nog_prefix_wall_ms,cache_assembly_wall_ms,suffix_wall_ms,suffix_gnn_gpu_ms,suffix_transformer_gpu_ms,cache_hits,cache_misses,cache_skips,quant_kv_attention_calls,fallback_count,quant_kv_attention_gpu_ms,kv_prepare_gpu_ms,int_qk_gpu_ms,softmax_prob_quant_gpu_ms,int_pv_gpu_ms,gnn_score_gpu_ms,gnn_message_gpu_ms,gnn_update_gpu_ms,gnn_other_gpu_ms,profile_mode,workload_profile,graph_signature,prefix_transformer_gpu_ms,dense_fc_gpu_ms,attention_gpu_ms,norm_residual_other_gpu_ms,logical_memory_loaded_bytes,logical_key_loaded_bytes,logical_value_loaded_bytes,int_gemm_call_count
wikics,val,0,0,wikics:val:000000:fef527b25a18161e,0,3670.658033,3670.654296875,3537.901169,132.22525,270.49022540450096,1147.2799917683005,6.72527402639389,1897.9822006076574,194.1045150756836,1702.0333251953125,54,0,1,36,0,514.3637113571167,126.98742402344942,17.28870397247374,55.14284794777632,16.105087977834046,156.63926696777344,5.568928003311157,27.507872104644775,4.388447999954224,cache_w8a8_m4k2v2,large_h6_n10_s100_wikics_arxiv,fef527b25a18161e02256c9a22a5fcb64ea189b88fbf1c593a16f7cef2386a5f,133.5867156982422,760.7018547654152,551.4837417602539,523.4344443678856,14155776,646656,646656,2352
wikics,val,1,1,wikics:val:000001:800111c04191b913,0,2538.286213,2538.28759765625,2436.75554,101.173801,68.08437686413527,42.84552205353975,7.01665785163641,2067.0389914885163,167.70713424682617,1897.7527770996094,57,0,1,48,0,657.3651504516602,166.9415681436658,24.2149119945243,72.03689592517912,21.505343973636627,127.28960037231445,6.5797119140625,29.131455421447754,4.706366539001465,cache_w8a8_m4k2v2,large_h6_n10_s100_wikics_arxiv,800111c04191b91313016b0068c7e73134e69c8f1fbc1fa3f47adef8e93827f2,19.642656326293945,797.2176949679852,704.65696144104,415.5207770168781,14942208,1039872,1039872,2478
wikics,val,2,2,wikics:val:000002:55b16141b752157a,0,3237.941424,3237.95263671875,3135.84858,101.745429,64.96589351445436,42.42380894720554,7.592400535941124,2794.3161856383085,196.53180694580078,2596.1102600097656,63,0,1,90,0,1227.8519353866577,308.0052159493789,45.93843199964613,133.77407996729016,40.19503994192928,150.76496124267578,7.819360017776489,32.438623905181885,5.508861780166626,cache_w8a8_m4k2v2,large_h6_n10_s100_wikics_arxiv,55b16141b752157aa1fbd4558cf493bf5089fa23bda74c0284125c7c88e21247,19.534879684448242,878.5384941399097,1316.3520965576172,420.75454899668694,16515072,2416128,2416128,2730
wikics,val,3,3,wikics:val:000003:eb55f467ab494142,0,2219.389207,2219.387939453125,2097.378118,121.688029,52.59237065911293,42.464395985007286,6.3439225777983665,1775.4148906096816,127.17503929138184,1646.7835693359375,53,0,1,36,0,492.65465450286865,125.6104000043124,17.407647990621626,54.260287929326296,16.137183980084956,91.87763118743896,4.648512005805969,27.169343948364258,3.479552149772644,cache_w8a8_m4k2v2,large_h6_n10_s100_wikics_arxiv,eb55f467ab49414223cbb42727548425fb72d6d25ba1e2ef78c9b8b316f07388,19.60326385498047,742.5782731175423,528.0421724319458,395.7663876414299,13893632,646656,646656,2310
wikics,val,4,4,wikics:val:000004:94369875875c7eda,0,2831.596978,2831.6025390625,2729.604913,101.406619,61.16144824773073,42.533683590590954,6.937025114893913,2310.2458473294973,141.3401927947998,2167.3326416015625,58,0,1,66,0,906.3951635360718,230.2971196854487,33.01603200659156,99.43372807465494,30.13542397879064,102.80038452148438,5.2178239822387695,29.44489574432373,3.8770885467529297,cache_w8a8_m4k2v2,large_h6_n10_s100_wikics_arxiv,94369875875c7eda426ac2e378c77a4b45c69b105d096621273459492e79a002,19.61894416809082,810.1322893202305,971.2985324859619,405.5207639634609,15204352,1629696,1629696,2520
wikics,val,5,5,wikics:val:000005:2ea19046bdd6fc0b,0,3757.581383,3757.595947265625,3655.737176,101.497996,63.353574834764004,42.69071947783232,7.6297614723443985,3331.3785223290324,214.33334732055664,3115.3485107421875,64,0,1,108,0,1724.2195854187012,610.1849336875603,55.81455995608121,163.4209280293435,48.4383679209277,166.7578887939453,8.740512013435364,32.79763221740723,6.037314295768738,cache_w8a8_m4k2v2,large_h6_n10_s100_wikics_arxiv,2ea19046bdd6fc0b113221315bcbf4019385f97ac493ef3f6da0ff2ddbc69c2a,19.46303939819336,892.0986571013927,1830.4821033477783,412.2307896912098,16777216,2964480,2964480,2772
wikics,val,6,6,wikics:val:000006:deb97ed4b3c8ddd7,0,499.709947,499.6908264160156,394.245553,105.2325,3.2911235466599464,44.12619583308697,0.45765284448862076,335.916749201715,4.9769920110702515,330.57020568847656,3,0,1,18,0,244.40598392486572,62.20684802997857,8.274495992809534,27.02796795964241,7.959359987638891,2.667584002017975,0.16143999807536602,1.9225280284881592,0.2254399824887514,cache_w8a8_m4k2v2,large_h6_n10_s100_wikics_arxiv,deb97ed4b3c8ddd7bdb39f4af5fcaad656c9c608bfc05ecb40b7af499c9ba112,19.47875213623047,61.97894421219826,262.19145679473877,25.878556817770004,786432,241152,241152,210
wikics,val,7,7,wikics:val:000007:d7f4428cc84938c0,0,2516.260597,2516.26123046875,2409.910084,106.000214,57.06853047013283,42.15365927666426,6.671622395515442,2068.680027499795,167.73555374145508,1899.3963317871094,57,0,1,48,0,659.3643484115601,167.38630401343107,24.294015989638865,72.49843199364841,21.487391967326403,127.26201438903809,6.573472023010254,29.191359996795654,4.708707332611084,cache_w8a8_m4k2v2,large_h6_n10_s100_wikics_arxiv,d7f4428cc84938c0ff422730accf1af7811fdbfe47c2a8963dc760c9d780173f,19.411296844482422,796.7456952035427,706.7230405807495,415.3388928472996,14942208,1039872,1039872,2478
wikics,val,8,8,wikics:val:000008:a2de623bf3821acb,0,3201.471203,3201.478271484375,3079.285091,121.815232,60.66281348466873,42.206017300486565,7.343614473938942,2721.5068507939577,200.27008056640625,2519.579315185547,62,0,1,84,0,1171.012062072754,303.351552140899,43.17551998142153,126.03446391969919,37.76303994562477,154.7498264312744,8.075648069381714,31.792736053466797,5.651870012283325,cache_w8a8_m4k2v2,large_h6_n10_s100_wikics_arxiv,a2de623bf3821acb00081deda324d566d32c497bd1f73e5fe2b363af6e34451e,19.414016723632812,865.0562871396542,1253.6755809783936,420.261463791132,16252928,2032128,2032128,2688
wikics,val,9,9,wikics:val:000009:5ddc4ad1ca6bddb9,0,3200.870426,3200.8759765625,3082.751863,117.714937,62.27828748524189,42.95283555984497,9.067102335393429,2691.03800971061,155.46428871154785,2533.957763671875,59,0,1,90,0,1238.0058240890503,309.554336049594,43.92595201637596,155.146495975554,45.38908807747066,115.24838447570801,5.892416000366211,30.017695903778076,4.305792331695557,cache_w8a8_m4k2v2,large_h6_n10_s100_wikics_arxiv,5ddc4ad1ca6bddb9f2fbe2619a4cc5bfc948088c83072c92fb9968043dfe40b7,19.470304489135742,824.1256304979324,1328.4776334762573,400.824804186821,15466496,2299392,2299392,2562
wikics,val,10,10,wikics:val:000010:a657f4dc57cb7b3b,0,505.294362,505.27374267578125,403.76749,101.274645,6.401846185326576,42.073486372828484,0.5763135850429535,343.27703434973955,4.688543975353241,338.2045783996582,3,0,1,18,0,250.94665622711182,67.15724808163941,8.78528000973165,31.049983981996775,9.049407999962568,2.402111977338791,0.16755200177431107,1.8895040154457092,0.22937598079442978,cache_w8a8_m4k2v2,large_h6_n10_s100_wikics_arxiv,a657f4dc57cb7b3bcdd5ce3c72500c507c0f17ae67e675802318c7fef9afe2d3,19.176319122314453,61.93756803870201,269.0527677536011,26.39056172966957,786432,241152,241152,210
wikics,val,11,11,wikics:val:000011:dfa124f13dbb8595,0,3827.718312,3827.72900390625,3708.976922,118.307854,74.203597381711,42.19060856848955,8.929457515478134,3260.5004208162427,260.1275177001953,2998.7621154785156,59,0,1,102,0,1703.1604623794556,340.6573443459347,49.85091199539602,176.12819189578295,51.22787208110094,211.0349464416504,11.375903964042664,30.207520484924316,7.509146809577942,cache_w8a8_m4k2v2,large_h6_n10_s100_wikics_arxiv,dfa124f13dbb859594d45abc92fc99eb41ed65a49c8cb209db0ee462a00191e7,19.209056854248047,824.0418570935726,1805.686827659607,388.2424875795841,15466496,2809344,2809344,2562
wikics,val,12,12,wikics:val:000012:b25c6bff127a88c6,0,3379.777781,3379.78173828125,3271.035792,108.273902,76.24060474336147,42.35255066305399,9.627239778637886,2868.052045814693,277.64067459106445,2588.7598266601562,61,0,1,90,0,1249.5753602981567,317.89657604973763,43.94358404446393,155.8619840219617,45.3914560675621,225.80550003051758,12.134591817855835,31.765472412109375,7.935110330581665,cache_w8a8_m4k2v2,large_h6_n10_s100_wikics_arxiv,b25c6bff127a88c663a84dd45840dc6a75f4ae919fa79751a93982ca913e58f8,19.26767921447754,851.3124487400055,1339.939902305603,416.77515482902527,15990784,2248704,2248704,2646
wikics,val,13,13,wikics:val:000013:f7ec35bb559bff78,0,2575.979389,2575.97607421875,2472.705035,102.591023,71.06037065386772,42.31401439756155,8.480289950966835,2079.3621307238936,169.50921821594238,1908.314697265625,56,0,1,48,0,674.3930234909058,176.36284830793738,24.0289919776842,75.37987197563052,23.91939201299101,129.61075401306152,6.6977280378341675,28.428736209869385,4.771999955177307,cache_w8a8_m4k2v2,large_h6_n10_s100_wikics_arxiv,f7ec35bb559bff78b63dfdea8a3808323d3557dd6b3c1c55ebd48800dabbb38e,19.20412826538086,782.8978860676289,722.0195178985596,422.60142156481743,14680064,1039872,1039872,2436
wikics,val,14,14,wikics:val:000014:cd0465d485a7b221,0,2688.536874,2688.53173828125,2586.380318,101.772522,65.90527761727571,43.2061143219471,6.9491323083639145,2182.674671523273,172.14006233215332,2008.9618835449219,57,0,1,54,0,756.1331243515015,200.48508822824806,26.91110396385193,81.73894402012229,24.31849597580731,131.28943824768066,6.755615949630737,29.260799884796143,4.834208250045776,cache_w8a8_m4k2v2,large_h6_n10_s100_wikics_arxiv,cd0465d485a7b2212f8c13a4132eb2ed270289c0ec06183ceead64db97a598de,19.734752655029297,797.4167997837067,809.4779844284058,421.80185198783875,14942208,1236480,1236480,2478
wikics,val,15,15,wikics:val:000015:760ce76542a910c8,0,2686.410394,2686.40869140625,2579.401422,106.635871,60.03574561327696,42.62564051896334,7.077249698340893,2269.1211104393005,156.5755500793457,2110.9609985351562,58,0,1,60,0,838.1449937820435,214.25843161717057,30.422784010879695,95.09072017483413,27.13327997736633,116.71094512939453,5.961888015270233,29.546975135803223,4.355741798877716,cache_w8a8_m4k2v2,large_h6_n10_s100_wikics_arxiv,760ce76542a910c82715bdb1556e1b99c877f5e3ff11acfe5cdb9dec223f2bec,19.642431259155273,810.0680333077908,899.0621118545532,421.47328463196754,15204352,1433088,1433088,2520
wikics,val,16,16,wikics:val:000016:ecc418214a33ddfc,0,3361.611446,3361.614990234375,3238.053016,122.932268,62.95886170119047,46.41863238066435,7.790067233145237,2832.1047788485885,262.6128349304199,2567.7801818847656,63,0,1,84,0,1191.138879776001,318.97292734868824,43.34089599084109,129.61974396184087,38.48527997266501,211.09174346923828,11.286943912506104,32.791616439819336,7.442531108856201,cache_w8a8_m4k2v2,large_h6_n10_s100_wikics_arxiv,ecc418214a33ddfc30aad81571b5ed75b95998d50ad30efd13d1a0853a4c7a97,23.30441665649414,878.3554597198963,1274.1577281951904,438.571410626173,16515072,2219520,2219520,2730
wikics,val,17,17,wikics:val:000017:30966d3fabbbe966,0,3489.663915,3489.668701171875,3382.633796,106.63252,73.0365477502346,42.97269321978092,7.699888199567795,2937.1097683906555,213.92844772338867,2721.486572265625,63,0,1,78,0,1342.7203512191772,279.1127681033686,291.8820188920945,117.87414393574,35.0786559805274,166.50515365600586,8.768352031707764,32.639904499053955,6.015037536621094,cache_w8a8_m4k2v2,large_h6_n10_s100_wikics_arxiv,30966d3fabbbe96640c8cbdf2e720544bf71af0cd8c950c087a1a2db14bd743b,19.677888870239258,884.025792658329,1419.719976425171,437.41869205236435,16515072,1910784,1910784,2730
wikics,val,18,18,wikics:val:000018:40b87fe5b3865c25,0,3045.360187,3045.359375,2921.372544,123.390592,60.36408059298992,43.13506744801998,7.330008782446384,2538.4280206635594,190.68524932861328,2346.0918884277344,60,0,1,72,0,1033.0099544525146,280.731840304099,37.0437439205125,110.6131839863956,33.75119997840375,146.88390350341797,7.614688038825989,30.822720050811768,5.363937735557556,cache_w8a8_m4k2v2,large_h6_n10_s100_wikics_arxiv,40b87fe5b3865c25b0fea0abae1f6a31a4b30ceff215077141910a5c4cdb9017,19.79430389404297,838.6707510352135,1104.6373119354248,422.57812935113907,15728640,1807872,1807872,2604
wikics,val,19,19,wikics:val:000019:c948629294047854,0,2687.624178,2687.621337890625,2565.224833,122.015994,67.55312997847795,42.75715909898281,6.9901831448078156,2160.404611378908,162.55414390563965,1996.283447265625,57,0,1,54,0,751.2904005050659,195.1607363158837,28.00079998653382,81.70534390583634,24.48169599007815,122.51865577697754,6.272863864898682,29.238335609436035,4.524288654327393,cache_w8a8_m4k2v2,large_h6_n10_s100_wikics_arxiv,c9486292940478548025bcd39f69bde038c73dc44280ada5e32b7ae0cd0c59c4,19.60495948791504,796.613087952137,804.7307863235474,414.5445324778557,14942208,1236480,1236480,2478
wikics,val,20,20,wikics:val:000020:e9a52cacfc1321d3,0,2253.999477,2253.991943359375,2115.809528,137.832763,51.160111092031,42.31244698166847,6.228046491742134,1822.5980754941702,126.48015975952148,1694.6991271972656,51,0,1,42,0,580.4960975646973,146.53964787069708,22.559104001149535,64.1906881146133,18.76838398911059,92.44105529785156,4.6675519943237305,25.908416271209717,3.4631361961364746,cache_w8a8_m4k2v2,large_h6_n10_s100_wikics_arxiv,e9a52cacfc1321d3be6f10a0439a054242d79fd11875bc865a4ea4dadbd64e1e,19.467775344848633,713.8370249271393,621.9618558883667,378.3680217266083,13369344,843264,843264,2226
wikics,val,21,21,wikics:val:000021:f6fad06d0182fdac,0,2535.925416,2535.92041015625,2433.882953,101.677246,56.846216320991516,42.35793650150299,6.848121993243694,2031.8629993125796,141.22921562194824,1889.1137084960938,56,0,1,48,0,668.0213775634766,173.99644808098674,23.63529598340392,72.67539197765291,21.527807992883027,103.68108749389648,5.2292799949646,28.43635129928589,3.8824968338012695,cache_w8a8_m4k2v2,large_h6_n10_s100_wikics_arxiv,f6fad06d0182fdac16ade7c80ae6ba48ecadf3df08778ef7a76990d17d09763f,19.423168182373047,781.8966746628284,715.3073558807373,411.33284613490105,14680064,1024512,1024512,2436
wikics,val,22,22,wikics:val:000022:d785569b8bb4a8d7,0,3241.69266,3241.69140625,3132.963068,108.023573,67.2333799302578,42.70127508789301,7.774253375828266,2700.7751539349556,214.19573974609375,2484.8779296875,63,0,1,78,0,1111.638879776001,307.09648023173213,39.743071996606886,117.58518397249281,35.074559981003404,166.7649269104004,8.764703869819641,32.66492795944214,6.00118100643158,cache_w8a8_m4k2v2,large_h6_n10_s100_wikics_arxiv,d785569b8bb4a8d717e83bb8c9fff3658fc9cccc846cdee9551cd8d56685150b,19.600479125976562,877.8839353322983,1188.883484840393,437.7109886407852,16515072,2022912,2022912,2730
wikics,val,23,23,wikics:val:000023:30e8db22a669492e,0,3458.693711,3458.693603515625,3336.028255,122.27947,71.96629978716373,42.76661667972803,7.724558934569359,2967.559793032706,200.19935607910156,2765.698486328125,62,0,1,84,0,1413.8671865463257,301.35219180211425,42.94367996044457,126.95619190484285,37.710687949322164,154.63977432250977,8.036095976829529,31.903040409088135,5.620445370674133,cache_w8a8_m4k2v2,large_h6_n10_s100_wikics_arxiv,30e8db22a669492e9181fdd4dfa056fe4fed95a4be6d84373feae62fc8032f91,19.557024002075195,864.7080947160721,1496.994909286499,423.5525063276291,16252928,2219520,2219520,2688
wikics,val,24,24,wikics:val:000024:9c2eb6f46cefd34c,0,4041.141602,4041.144775390625,3939.103038,101.667549,65.0169588625431,43.094334192574024,7.833776064217091,3560.852210968733,358.05213165283203,3201.108642578125,63,0,1,132,0,1827.5226888656616,466.34672014415264,68.72713600471616,198.62671997584403,59.291455931030214,298.8443489074707,16.15116810798645,32.939648151397705,10.116966485977173,cache_w8a8_m4k2v2,large_h6_n10_s100_wikics_arxiv,9c2eb6f46cefd34c6f201303a1ad616670a71668823f3b38a391df90dfd6daff,19.45270347595215,878.7649908661842,1958.2530899047852,383.54326528310776,16515072,3741696,3741696,2730
wikics,val,25,25,wikics:val:000025:c748180b049621a4,0,3674.867111,3674.866943359375,3567.824206,106.663814,72.17137888073921,42.41271410137415,7.693261839449406,3201.8551668152213,258.61648178100586,2941.5721130371094,62,0,1,114,0,1588.574722290039,409.16524845641106,59.159071951173246,172.48079994693398,50.932511939667165,207.9097557067871,11.18617594242096,32.17411184310913,7.34643828868866,cache_w8a8_m4k2v2,large_h6_n10_s100_wikics_arxiv,c748180b049621a4c7d3ed44f5609aeec104f7702d160cca2428f5a72b9841e5,19.49616050720215,864.4815046489239,1701.7111015319824,394.8756673634052,16252928,3167232,3167232,2688
wikics,val,26,26,wikics:val:000026:f66b2c37f14c407f,0,3266.113432,3266.10986328125,3163.881133,101.844318,63.08009009808302,42.39806346595287,7.725831121206284,2814.9585872888565,204.00559997558594,2609.2623901367188,63,0,1,84,0,1233.4239053726196,363.5693743824959,45.449535933323205,127.3483840059489,38.229919978417456,157.4627857208252,8.170143961906433,32.66988754272461,5.7027827501297,cache_w8a8_m4k2v2,large_h6_n10_s100_wikics_arxiv,f66b2c37f14c407f4410ff66afbbac91c836532c19438c2e5923e57377491908,19.530847549438477,877.9712650477886,1316.6123847961426,434.20958784222603,16515072,2219520,2219520,2730
wikics,val,27,27,wikics:val:000027:19b7a4b1069f0703,0,3848.512061,3848.5126953125,3741.351594,106.763553,63.3464939892292,42.61824209243059,7.562283426523209,3315.074442885816,208.01330947875977,3105.348846435547,62,0,1,108,0,1748.5875205993652,412.2103356020525,54.730527978390455,166.27772791311145,49.278719963505864,161.6592311859131,8.488800168037415,32.026495933532715,5.83878219127655,cache_w8a8_m4k2v2,large_h6_n10_s100_wikics_arxiv,19b7a4b1069f0703e42e1662d1626fa830f58a56b61b61ac44a24e6ebe2d28c4,19.5882568359375,864.015870809555,1856.3277101516724,404.59352231025696,16252928,3005952,3005952,2688
wikics,val,28,28,wikics:val:000028:6dcccc0dadc0f236,0,3368.238999,3368.2333984375,3260.089445,107.443852,66.55696127563715,42.58836526423693,7.8550344333052635,2870.553722605109,178.3275203704834,2690.506103515625,64,0,1,90,0,1289.6709060668945,359.5694390628487,45.08303995151073,138.57023999653757,40.99894397519529,133.6944637298584,6.843488097190857,32.864384174346924,4.925184369087219,cache_w8a8_m4k2v2,large_h6_n10_s100_wikics_arxiv,6dcccc0dadc0f2368546ab77570060956e54caca780c3fae3797dd17561f56c2,19.538240432739258,891.1252155601978,1379.1172771453857,439.8018512427807,16777216,2323968,2323968,2772
wikics,val,29,29,wikics:val:000029:b57c0c6c616584fa,0,2664.358401,2664.3515625,2561.922575,102.030484,58.178748935461044,42.62730199843645,6.8895528092980385,2196.3038481771946,132.2244815826416,2062.5327758789062,56,0,1,60,0,838.4287967681885,220.43030382227153,29.887167995795608,91.66371191293001,27.111647971905768,95.38825416564941,4.783071994781494,28.464191913604736,3.588963508605957,cache_w8a8_m4k2v2,large_h6_n10_s100_wikics_arxiv,b57c0c6c616584fa3175a1053d4a5943c17cc66406ff67582d00320f05ece863,19.577983856201172,782.3574716150761,897.9902725219727,401.7630155980587,14680064,1433088,1433088,2436
wikics,val,30,30,wikics:val:000030:46cf5a7590979b07,0,3390.827897,3390.815185546875,3283.896181,106.479753,60.80203875899315,42.42919385433197,7.428568787872791,2953.2260140404105,218.91949081420898,2732.6663818359375,61,0,1,102,0,1404.353853225708,353.773663893342,52.13468804117292,152.41206396184862,45.51948796212673,171.8920955657959,9.109471917152405,31.74844789505005,6.169475436210632,cache_w8a8_m4k2v2,large_h6_n10_s100_wikics_arxiv,46cf5a7590979b072621f92b0e45b838461f0910879853929265a05ebd40704a,19.51862335205078,851.046271532774,1505.0527963638306,396.08593729138374,15990784,2809344,2809344,2646
wikics,val,31,31,wikics:val:000031:2addc42d7b620b3e,0,3448.507366,3448.50244140625,3346.327239,101.775305,68.36612336337566,42.71943029016256,7.734451442956924,2956.3115183264017,169.2905616760254,2785.3204040527344,63,0,1,84,0,1171.0444793701172,305.5551363695413,42.93769598286599,127.29667200148106,37.567871978506446,125.64447593688965,6.37609589099884,32.625887870788574,4.644101977348328,cache_w8a8_m4k2v2,large_h6_n10_s100_wikics_arxiv,2addc42d7b620b3eafd7d208a11026fbe79e6857e28c706cb3b0e8c837b03eca,19.65657615661621,877.2652168273926,1254.0452184677124,673.6665449142456,16515072,2219520,2219520,2730
wikics,val,32,32,wikics:val:000032:57bb329b74f81197,0,3002.139812,3002.1328125,2894.643942,107.13634,66.41493458300829,42.58095286786556,7.469389587640762,2518.1834790855646,190.70227241516113,2325.8271484375,61,0,1,72,0,997.9653759002686,254.77571193967015,36.58339197002351,109.47231989912689,32.1824959628284,146.1624641418457,7.525600075721741,31.70236825942993,5.311839938163757,cache_w8a8_m4k2v2,large_h6_n10_s100_wikics_arxiv,57bb329b74f81197f5f742a2fa3620e0c9193252afe609c679c1e02045e2ac49,19.556447982788086,851.1118062436581,1069.1244487762451,425.1473414003849,15990784,1818624,1818624,2646
wikics,val,33,33,wikics:val:000033:894e26b9ae45c623,0,3147.59374,3147.587890625,3040.173384,107.046687,61.84577848762274,42.309398762881756,7.331801578402519,2687.128394842148,208.8921241760254,2476.5927124023438,61,0,1,84,0,1147.9049615859985,288.14451182447374,41.876735967583954,126.81177606806159,37.73759996984154,162.76665496826172,8.562623977661133,31.69584035873413,5.867004871368408,cache_w8a8_m4k2v2,large_h6_n10_s100_wikics_arxiv,894e26b9ae45c623e068a70ab0e34df3ae778a61aa50d8aa35d698f67ec35e98,19.44278335571289,850.4077138900757,1230.8155221939087,414.81225967407227,15990784,2219520,2219520,2646
wikics,val,34,34,wikics:val:000034:65ae31af463d1b89,0,3438.537775,3438.533203125,3336.685692,101.493992,61.49021163582802,42.71736182272434,7.637493312358856,3002.432968467474,219.0930290222168,2781.679229736328,61,0,1,102,0,1450.823800086975,390.35996714700013,53.41471994202584,154.86979200690985,45.941855936311185,172.0782070159912,9.090272068977356,31.752960205078125,6.171589732170105,cache_w8a8_m4k2v2,large_h6_n10_s100_wikics_arxiv,65ae31af463d1b892011e51a76568ca922eeec0df8a5154042715bf1a7c494d9,19.58527946472168,850.5792008936405,1551.6309089660645,399.05439934134483,15990784,2734080,2734080,2646
wikics,val,35,35,wikics:val:000035:4693474df4e8fbf5,0,3408.533152,3408.527099609375,3301.677101,106.511197,61.23041734099388,42.40007419139147,7.456736639142036,2852.246530354023,264.7672004699707,2585.8163452148438,62,0,1,90,0,1236.7523832321167,311.3686080649495,46.456031979992986,135.67360001057386,39.93849595170468,213.49312591552734,11.513631939888,32.242655754089355,7.517786860466003,cache_w8a8_m4k2v2,large_h6_n10_s100_wikics_arxiv,4693474df4e8fbf5fdfd2d96bf57a7b6aabfe78ad448c8e80d959c4101a1f662,19.507904052734375,864.6965117752552,1325.6454095840454,414.9823279082775,16252928,2416128,2416128,2688
wikics,val,36,36,wikics:val:000036:0759714d0e26521e,0,3490.029323,3490.02294921875,3387.713042,101.937065,278.56219187378883,42.71196946501732,7.243004627525806,2785.0712202489376,182.36854553222656,2601.058135986328,60,0,1,84,0,1254.4159393310547,356.113216413185,43.80480001401156,141.94550398550928,42.66620799526572,139.19318389892578,7.157888054847717,30.94214391708374,5.075329661369324,cache_w8a8_m4k2v2,large_h6_n10_s100_wikics_arxiv,0759714d0e26521e91834222ac4f5b5afd29c0eff6aa294be5e1a3766dc065c1,19.592927932739258,839.7185284793377,1339.5704612731934,441.36207416653633,15728640,2204160,2204160,2604
wikics,val,37,37,wikics:val:000037:a7f56af4cb70732b,0,3613.105046,3613.09765625,3505.33419,107.082951,64.16070740669966,42.27294400334358,7.339144125580788,3081.4745370298624,208.10601425170898,2871.690887451172,62,0,1,108,0,1516.1131563186646,400.08972801920027,56.1231040218845,161.6624639686197,48.326943959109485,161.69168090820312,8.50051212310791,32.09231996536255,5.8215012550354,cache_w8a8_m4k2v2,large_h6_n10_s100_wikics_arxiv,a7f56af4cb70732bb9074d50d48be472e73eaf5ac49d42d90c7fb997a871ce21,19.450847625732422,864.5344972908497,1625.050950050354,401.5562877357006,16252928,2970624,2970624,2688
wikics,val,38,38,wikics:val:000038:dad46ac500c3e985,0,3342.286095,3342.27783203125,3240.423558,101.483206,71.03862799704075,42.72454138845205,7.408244535326958,2798.6202891916037,182.09823989868164,2614.8217163085938,63,0,1,90,0,1248.2173748016357,323.3234239127487,45.662079961039126,134.536416022107,40.01871998235583,137.40447998046875,6.988960027694702,32.677695751190186,5.027104139328003,cache_w8a8_m4k2v2,large_h6_n10_s100_wikics_arxiv,dad46ac500c3e9857482209283c5f91bd4729e6956984bc291919024cf405ee8,19.64566421508789,877.9049922525883,1336.5096635818481,420.0527246892452,16515072,2353152,2353152,2730
wikics,val,39,39,wikics:val:000039:53e5be2b68e5930e,0,3842.101491,3842.096435546875,3719.440705,122.300098,63.28265555202961,42.36254375427961,6.993360817432404,3302.479764446616,263.34815979003906,3037.508056640625,59,0,1,102,0,1751.0404109954834,453.2116469871253,52.66095995809883,395.1111312173307,45.6698879506439,213.68201446533203,11.611168026924133,30.56160020828247,7.493377089500427,cache_w8a8_m4k2v2,large_h6_n10_s100_wikics_arxiv,53e5be2b68e5930eb72e6abd780a479e5ec14029f6796037de28e272d8d08878,19.507551193237305,824.0784617960453,1851.4696683883667,381.4674776494503,15466496,2798592,2798592,2562
wikics,val,40,40,wikics:val:000040:f5c8ec8453d3a18e,0,2291.335091,2291.322265625,2189.526799,101.452208,56.2602374702692,43.36517583578825,6.554282270371914,1867.0901143923402,160.8290557861328,1704.7685241699219,54,0,1,36,0,525.7541770935059,154.93782398849726,17.39123199135065,54.496543971821666,16.289951976388693,122.33363151550293,6.301984071731567,27.68985605239868,4.503584146499634,cache_w8a8_m4k2v2,large_h6_n10_s100_wikics_arxiv,f5c8ec8453d3a18e3d258c2f5898202e9d148044b51ad92e9766efccc4a3c27c,19.50009536743164,755.1347214877605,561.2439680099487,407.88993003964424,14155776,646656,646656,2352
wikics,val,41,41,wikics:val:000041:0a1aea6f2ab10ebb,0,4029.436001,4029.431884765625,3927.192807,101.82791,64.11794014275074,42.19099134206772,7.6760295778512955,3479.1207471862435,275.21350860595703,3202.2177734375,63,0,1,132,0,1830.3214082717896,469.3936316575855,68.29795194603503,198.60278395190835,59.10182393994182,222.28591918945312,12.088863968849182,33.04207992553711,7.796645522117615,cache_w8a8_m4k2v2,large_h6_n10_s100_wikics_arxiv,0a1aea6f2ab10ebbb8741837ad5f8891fe42bfc4bfa6ca2c2c4141a32360b0e7,19.387039184570312,878.4040650129318,1960.863039970398,382.33770763874054,16515072,3792384,3792384,2730
wikics,val,42,42,wikics:val:000042:6b1dd5c3859cc886,0,3241.227402,3241.211181640625,3133.491323,107.120747,77.49515026807785,44.25813816487789,7.851358503103256,2730.818871408701,169.5511703491211,2559.5587158203125,63,0,1,84,0,1188.4428453445435,321.04502411931753,42.94111995398998,127.94809608906507,37.504575966857374,125.84809684753418,6.378016233444214,32.676608085632324,4.648449182510376,cache_w8a8_m4k2v2,large_h6_n10_s100_wikics_arxiv,6b1dd5c3859cc886d64cde0c7ecb8890de634840ab945555bc2408dbb9643e78,20.667072296142578,877.1749431788921,1271.6774711608887,431.37337377667427,16515072,2219520,2219520,2730
wikics,val,43,43,wikics:val:000043:5164e28991dfba94,0,2932.667407,2932.65771484375,2809.956376,122.334722,66.35478883981705,43.79767831414938,7.1088457480072975,2405.4354149848223,172.2708797454834,2231.5731201171875,58,0,1,66,0,967.8052463531494,287.28278259932995,33.25536000356078,100.11955203674734,29.577599972486496,131.07491302490234,6.702591896057129,29.69395160675049,4.7994232177734375,cache_w8a8_m4k2v2,large_h6_n10_s100_wikics_arxiv,5164e28991dfba940695c47609da38adb72fec7b962b72c3fc11f98b771028d1,20.734655380249023,809.8785285353661,1032.8403224945068,409.58892446756363,15204352,1629696,1629696,2520
wikics,val,44,44,wikics:val:000044:a1e23c83773db96a,0,3456.015694,3456.00830078125,3333.148656,122.522961,65.29733631759882,42.39536914974451,7.459818385541439,2975.3196155652404,200.76671600341797,2772.878662109375,62,0,1,84,0,1425.5098209381104,322.43168050050735,42.49043199326843,126.79103997536004,37.80659195780754,155.11004829406738,8.038272023200989,31.990560054779053,5.627835631370544,cache_w8a8_m4k2v2,large_h6_n10_s100_wikics_arxiv,a1e23c83773db96a01bf838bf188e3dfb7ca66f39a28efe567f992bf99606076,19.518783569335938,864.5018887519836,1508.1119632720947,419.78359365463257,16252928,2030592,2030592,2688
wikics,val,45,45,wikics:val:000045:468961e707127957,0,3977.566599,3977.562255859375,3870.545393,106.659323,66.44228100776672,42.39933472126722,7.609089836478233,3493.939818814397,246.26313400268555,3245.9718627929688,64,0,1,132,0,1857.0968341827393,495.60579235013574,68.63023994117975,197.55724806152284,59.143263943493366,195.77616119384766,10.348031997680664,33.154080390930176,6.984860420227051,cache_w8a8_m4k2v2,large_h6_n10_s100_wikics_arxiv,468961e707127957b260758066a254430361fc6520124ac947aa20ec9ea66115,19.475936889648438,891.2065897285938,1986.8597784042358,387.3814315497875,16777216,3683328,3683328,2772
wikics,val,46,46,wikics:val:000046:f3cf1d41caa4c2d9,0,3434.677618,3434.66845703125,3312.163352,122.154104,317.63732340186834,42.521885596215725,7.023314945399761,2687.053986825049,156.0244483947754,2529.4065856933594,59,0,1,90,0,1247.7201318740845,321.1380160981789,45.61247999873012,134.72729598730803,40.01708797458559,115.62944030761719,5.866208016872406,30.24201536178589,4.2867847084999084,cache_w8a8_m4k2v2,large_h6_n10_s100_wikics_arxiv,f3cf1d41caa4c2d9aee35e66e1b95d288a274a344aed7288a15b83678d0c9b0f,19.55516815185547,822.9608019888401,1336.0000944137573,390.0008574426174,15466496,2265600,2265600,2562
wikics,val,47,47,wikics:val:000047:bd32e929138a4b77,0,3457.412544,3457.40380859375,3355.489234,101.564009,336.44857723265886,42.5350796431303,7.504461333155632,2737.9193138331175,204.44854736328125,2531.766632080078,63,0,1,84,0,1156.2162590026855,290.29737582057714,44.02025598939508,125.86105595901608,37.62851195782423,157.74531364440918,8.180768132209778,32.81660795211792,5.705857634544373,cache_w8a8_m4k2v2,large_h6_n10_s100_wikics_arxiv,bd32e929138a4b77bc048f77bd95b0ae2df40ec2142b7d96ce1fdf8f013783d6,19.524639129638672,877.7282256186008,1238.970181465149,434.592864125967,16515072,2219520,2219520,2730
wikics,val,48,48,wikics:val:000048:6eff2b19b7a04da7,0,2869.376161,2869.36474609375,2761.637866,107.128349,295.62327917665243,42.61132515966892,6.971739232540131,2010.8186202123761,149.76531219482422,1859.4782104492188,57,0,1,42,0,617.2200021743774,183.83523152861744,20.570815998129547,63.552512004971504,19.248991960659623,110.61263847351074,5.614176034927368,29.414463996887207,4.124033689498901,cache_w8a8_m4k2v2,large_h6_n10_s100_wikics_arxiv,6eff2b19b7a04da79c3852b11623e45f5e95243bd84be5804a42f68214bedb34,19.56003189086914,797.9425581097603,658.5837459564209,422.5119382739067,14942208,843264,843264,2478
wikics,val,49,49,wikics:val:000049:a710ed9d3274bc0d,0,3802.718784,3802.712646484375,3695.319574,106.9931,296.03737499564886,42.81907249242067,7.6841432601213455,3034.6600571647286,169.461088180542,2863.48583984375,63,0,1,90,0,1491.5283546447754,320.37276799511164,280.3974428139627,139.86345587484539,40.913663951680064,125.75545692443848,6.371456146240234,32.69862413406372,4.6355509757995605,cache_w8a8_m4k2v2,large_h6_n10_s100_wikics_arxiv,a710ed9d3274bc0d9f0fb0ea4c32ba851c8bbe00839b9daed62e9d43b3352bf2,19.570207595825195,877.8090255558491,1580.410722732544,424.8362991511822,16515072,2416128,2416128,2730
wikics,val,50,50,wikics:val:000050:1c058b8728feaf12,0,3224.005913,3223.994873046875,3122.061939,101.590597,298.03199507296085,43.00754703581333,7.431132718920708,2515.420511364937,190.4479694366455,2323.3062744140625,61,0,1,72,0,993.1720628738403,248.56278394069523,36.203743983991444,111.46678402088583,32.31590398028493,145.97849655151367,7.469055891036987,31.685664176940918,5.314752817153931,cache_w8a8_m4k2v2,large_h6_n10_s100_wikics_arxiv,1c058b8728feaf12cbe4ab8e03522106fc37295ec871564e5fc151a2fbb470d5,19.610271453857422,850.1680625379086,1064.1268787384033,428.62160459160805,15990784,1826304,1826304,2646
wikics,val,51,51,wikics:val:000051:d60eeaca25598834,0,3253.651496,3253.63623046875,3151.582771,101.577137,290.17167538404465,42.554156854748726,7.328115403652191,2556.9132110103965,190.53600120544434,2364.7103881835938,61,0,1,72,0,1035.2346563339233,291.1586551098153,37.197535920888186,109.32380793988705,32.50038396939635,146.00643348693848,7.49724805355072,31.725120067596436,5.307199597358704,cache_w8a8_m4k2v2,large_h6_n10_s100_wikics_arxiv,d60eeaca25598834706edcb52ebc7531cf2e17cfda9b41db2d8027815a0c0c09,19.50009536743164,850.5854094326496,1106.6232328414917,427.0018412768841,15990784,1826304,1826304,2646
wikics,val,52,52,wikics:val:000052:9d402c29e66ea4c0,0,2899.32279,2899.309814453125,2764.952641,133.846741,290.6240439042449,43.11809968203306,6.889583542943001,2161.8853276595473,156.4545612335205,2003.8428955078125,57,0,1,54,0,762.9023685455322,202.86854398064315,27.17417597770691,82.47084799781442,24.764128000475466,116.76380920410156,5.981823980808258,29.395423889160156,4.313504159450531,cache_w8a8_m4k2v2,large_h6_n10_s100_wikics_arxiv,9d402c29e66ea4c0512dc9a25029ae2df086560fbc652776c688794053e56213,19.79897689819336,795.6681932806969,816.2925796508789,411.6810994744301,14942208,1173504,1173504,2478
wikics,val,53,53,wikics:val:000053:ed2693d240246643,0,3664.647536,3664.638916015625,3562.170785,102.106276,315.95482397824526,44.15469616651535,7.351083680987358,2923.30011818558,251.40796661376953,2670.2295532226562,61,0,1,96,0,1338.726243019104,348.1971839806065,49.16684796754271,145.23516798950732,43.17030395474285,201.54159927368164,10.79427194595337,31.949600219726562,7.122495174407959,cache_w8a8_m4k2v2,large_h6_n10_s100_wikics_arxiv,ed2693d240246643addf6808c0115c2eed9d294dd989ee0fdb3375681b9cf25d,19.758527755737305,851.6119986772537,1433.5480604171753,404.82802188396454,15990784,2612736,2612736,2646
wikics,val,54,54,wikics:val:000054:a8e2f7ed77837d4b,0,4166.937178,4166.9296875,4064.556729,102.009579,319.9250614270568,42.8223330527544,7.80198909342289,3447.7591030299664,258.82032012939453,3187.230987548828,62,0,1,114,0,1836.5689392089844,421.97065545991063,58.5199039587751,406.04038050211966,51.71225596126169,208.12406158447266,11.134655833244324,32.189151763916016,7.372450947761536,cache_w8a8_m4k2v2,large_h6_n10_s100_wikics_arxiv,a8e2f7ed77837d4b652e18f0316c93d7e0ed16853eb7f80344c9fee1ffa7073d,19.65532875061035,864.4193271398544,1949.3985576629639,393.0684314966202,16252928,3168768,3168768,2688
wikics,val,55,55,wikics:val:000055:3c1e3f2074abd3c8,0,3594.423804,3594.412841796875,3487.331798,106.708257,327.1808959543705,42.73697454482317,7.679012604057789,2804.0001951158047,169.40476989746094,2632.8744506835938,63,0,1,90,0,1260.2065601348877,329.9361604973674,46.97391998954117,136.4035839214921,40.88588799070567,125.70828628540039,6.370143890380859,32.68819236755371,4.638147354125977,cache_w8a8_m4k2v2,large_h6_n10_s100_wikics_arxiv,3c1e3f2074abd3c877291529fd1f3d17d7985de2b8671dbb87cc71e5b84081c3,19.61417579650879,877.9579510092735,1349.071997642517,425.4586778283119,16515072,2394624,2394624,2730
wikics,val,56,56,wikics:val:000056:efcb08cf59d1e854,0,2639.147058,2639.130615234375,2532.133386,106.678823,276.3583129271865,42.61671379208565,6.391031667590141,1979.0888456627727,171.5068817138672,1806.1277770996094,52,0,1,48,0,670.4399967193604,175.9792640544474,23.87215997185558,73.57929595001042,21.756031981669366,133.04534721374512,6.880831837654114,26.751232147216797,4.82947051525116,cache_w8a8_m4k2v2,large_h6_n10_s100_wikics_arxiv,efcb08cf59d1e85484c1341b5bc27bdb0c54c55af7ed792f8233e590836e90af,19.543392181396484,728.4790393710136,717.9153900146484,379.2767398953438,13631488,1039872,1039872,2268
wikics,val,57,57,wikics:val:000057:a3c7f395d320220a,0,3650.694229,3650.683837890625,3537.731905,112.595396,329.71695624291897,42.56170615553856,7.722319103777409,2853.84123865515,169.5029754638672,2682.614776611328,63,0,1,90,0,1310.2919654846191,370.95420927368104,46.202271928079426,139.83369605615735,41.21286397892982,125.77059364318848,6.380159974098206,32.714752197265625,4.63746964931488,cache_w8a8_m4k2v2,large_h6_n10_s100_wikics_arxiv,a3c7f395d320220a49b18c10c43aaaf35b12e9f9b3cb44a936cd1bb76ea87e41,19.526592254638672,877.5087065696716,1399.110746383667,425.5219159126282,16515072,2394624,2394624,2730
wikics,val,58,58,wikics:val:000058:8074f83a06f99a82,0,3377.730203,3377.718505859375,3275.301319,102.058273,306.1047215014696,43.248092755675316,7.268997840583324,2646.166562102735,182.4106903076172,2462.100372314453,60,0,1,84,0,1154.2793941497803,290.43315185327083,41.32799997739494,128.99225599877536,38.74316796287894,139.20905303955078,7.135551929473877,30.993504524230957,5.072580814361572,cache_w8a8_m4k2v2,large_h6_n10_s100_wikics_arxiv,8074f83a06f99a823ad68d64ea27ab58e9d24ea96ba8e9704f5e2377f3caced5,19.326784133911133,836.9963511824608,1237.1565103530884,407.2742949128151,15728640,2205696,2205696,2604
wikics,val,59,59,wikics:val:000059:21f4f0d64380bdda,0,3908.086314,3908.074462890625,3785.079063,122.56591,315.46808686107397,43.75274386256933,7.600060664117336,3056.5655222162604,204.2151641845703,2850.6324768066406,63,0,1,90,0,1475.6428537368774,329.3401599805802,46.64758393075317,343.986236339435,41.32137596141547,157.61081504821777,8.16051197052002,32.74896001815796,5.6948771476745605,cache_w8a8_m4k2v2,large_h6_n10_s100_wikics_arxiv,21f4f0d64380bdda046d4cc1db9002aca0956e7f0f93cad73d32b7c41fab9a1f,20.67430305480957,878.4245426356792,1565.1725120544434,427.7097251713276,16515072,2296320,2296320,2730
wikics,val,60,60,wikics:val:000060:9dd18ea1fcd0219b,0,3577.959485,3577.947998046875,3470.449594,106.969508,330.7786798104644,43.286336585879326,7.90140125900507,2828.0148915946484,178.5888614654541,2647.668243408203,64,0,1,90,0,1254.49254322052,324.15328014455736,46.54739198368043,136.19641590490937,40.6250559752807,133.85657501220703,6.831936001777649,32.984992027282715,4.9153584241867065,cache_w8a8_m4k2v2,large_h6_n10_s100_wikics_arxiv,9dd18ea1fcd0219b60d99cd4a59d6991950025d43145db4f4bb3fd8b8b79fa86,19.78054428100586,891.0713910162449,1343.3015928268433,433.07580384612083,16777216,2264064,2264064,2772
wikics,val,61,61,wikics:val:000061:59ffc0873b2736bd,0,3767.958829,3767.948486328125,3650.154323,117.427277,315.2482993900776,42.656831443309784,7.507186383008957,2955.347578972578,187.91059112548828,2765.751983642578,62,0,1,102,0,1415.594178199768,360.5792324533686,52.52182401251048,155.28796784952283,45.86617595329881,143.36566543579102,7.3533759117126465,31.965632438659668,5.225917339324951,cache_w8a8_m4k2v2,large_h6_n10_s100_wikics_arxiv,59ffc0873b2736bd1131d5f3759451a37bcf18ecedae90549af313f517e26f4f,19.577024459838867,864.3797134757042,1516.7159986495972,404.23329597711563,16252928,2798592,2798592,2688
wikics,val,62,62,wikics:val:000062:cd046bf69ef46f20,0,3559.903583,3559.89013671875,3457.80192,101.743951,323.85833468288183,43.02470851689577,7.585172541439533,2828.9985079318285,208.6320915222168,2618.668914794922,62,0,1,90,0,1264.7299537658691,331.6493760859594,46.62607997842133,136.47855993174016,40.63414397276938,162.14847946166992,8.512767910957336,32.1242561340332,5.8465880155563354,cache_w8a8_m4k2v2,large_h6_n10_s100_wikics_arxiv,cd046bf69ef46f204090fdd4878f751b1f18829050a54ec040957e600ad3cc68,19.651103973388672,864.7618555426598,1353.9845752716064,419.57358795404434,16252928,2304000,2304000,2688
wikics,val,63,63,wikics:val:000063:fdccf80ac6d5ed10,0,4312.955534,4312.94384765625,4208.177519,104.371256,329.00946494191885,42.73730702698231,7.7862003818154335,3557.511320337653,233.47129440307617,3322.302459716797,63,0,1,120,0,1700.2966718673706,448.0035521965474,62.717663927935064,191.69673595391214,56.34172803722322,184.1943016052246,9.77724802494049,32.97001600265503,6.5297287702560425,cache_w8a8_m4k2v2,large_h6_n10_s100_wikics_arxiv,fdccf80ac6d5ed1031f1caf4ad0b8707e4063633f670534cc7316f4a63d581b6,19.608736038208008,877.9134411513805,1821.4222135543823,642.575541049242,16515072,3399168,3399168,2730
wikics,val,64,64,wikics:val:000064:c21d83b7a925b1f1,0,3170.71528,3170.699951171875,3067.42015,102.876704,298.42049069702625,43.03297959268093,8.410965092480183,2376.966898329556,187.1150417327881,2188.2628479003906,57,0,1,66,0,937.340892791748,241.61702391598374,32.107871995307505,121.56854401156306,34.77478407975286,144.87875175476074,7.5330880880355835,29.47107172012329,5.232130169868469,cache_w8a8_m4k2v2,large_h6_n10_s100_wikics_arxiv,c21d83b7a925b1f1e3bf58aa888458f37c3c7959cc0860b33d5364e471f3be69,19.61039924621582,795.9521925449371,1004.5103693008423,407.410685300827,14942208,1568256,1568256,2478
wikics,val,65,65,wikics:val:000065:8018dabccc7a098b,0,3990.957579,3990.947021484375,3881.892635,108.350434,346.35508619248867,42.671225033700466,9.374100714921951,3213.677855208516,200.05792236328125,3011.9000244140625,63,0,1,120,0,1635.2472620010376,404.64048006758094,57.97753600869328,204.75478401780128,59.57561610639095,153.7739200592041,7.936287999153137,32.76454448699951,5.5831698179244995,cache_w8a8_m4k2v2,large_h6_n10_s100_wikics_arxiv,8018dabccc7a098b9082792cb6fdae67c3e451b13db77164ff6d6cbbfdbd5771,19.38559913635254,877.7310100495815,1754.5000658035278,399.0545476973057,16515072,3296256,3296256,2730
wikics,val,66,66,wikics:val:000066:70258368f4491f0c,0,2460.438913,2460.421875,2336.419917,123.604179,259.84672736376524,42.99317393451929,7.589180022478104,1822.2117833793163,126.7883186340332,1693.974853515625,51,0,1,42,0,577.2432022094727,147.98233598750085,20.490816014818847,72.93475193157792,20.952800042927265,92.63219261169434,4.658783972263336,26.040544033050537,3.456798017024994,cache_w8a8_m4k2v2,large_h6_n10_s100_wikics_arxiv,70258368f4491f0c1f933e937a47280efcd886e3740f7d5b30af914ae2f65ae3,19.473983764648438,714.1728964149952,619.0041618347168,380.27177903056145,13369344,843264,843264,2226
wikics,val,67,67,wikics:val:000067:7139754de7086e77,0,3287.018462,3287.00341796875,3167.277634,119.331857,326.0246245190501,42.75391064584255,9.093615226447582,2591.9357342645526,156.9030418395996,2433.3741149902344,58,0,1,60,0,1162.762372970581,208.41667205188423,29.532255991362035,102.79763194173574,371.0542365228757,116.9022388458252,5.942016005516052,29.72761583328247,4.331171154975891,cache_w8a8_m4k2v2,large_h6_n10_s100_wikics_arxiv,7139754de7086e7765da5a2bc4d08a7109fb268c05df038a524b37555f626219,19.41187286376953,809.5121587216854,1222.5311994552612,420.74262967705727,15204352,1433088,1433088,2520
wikics,val,68,68,wikics:val:000068:d09d5c84fefc31fa,0,3478.056812,3478.043212890625,3354.497942,123.0967,341.6771115735173,43.0688951164484,9.250585921108723,2709.1803876683116,200.72550582885742,2506.7457275390625,62,0,1,84,0,1147.0448961257935,281.4766402989626,40.41516800317913,143.907455958426,42.171968067996204,155.0038719177246,8.041695952415466,32.05302381515503,5.626914143562317,cache_w8a8_m4k2v2,large_h6_n10_s100_wikics_arxiv,d09d5c84fefc31faa39227124c4a8196cf807ad304e4c22c39827c1e72c189a7,19.449312210083008,864.6803839802742,1230.7203569412231,430.79429882764816,16252928,2219520,2219520,2688
wikics,val,69,69,wikics:val:000069:da8713a1886318f3,0,4278.05781,4278.0458984375,4169.617645,107.954221,352.1817224100232,43.01037546247244,9.649946354329586,3499.1900539025664,322.9542465209961,3174.5050048828125,63,0,1,132,0,1795.7154579162598,437.08915191702545,63.45785602461547,227.41600005328655,66.62230411358178,266.08928298950195,14.609920024871826,33.06153583526611,9.193507671356201,cache_w8a8_m4k2v2,large_h6_n10_s100_wikics_arxiv,da8713a1886318f35bebbc1f6a260d9043f0f17461ca5357ede1eebbf97c39b9,19.4849910736084,878.536160081625,1927.7568054199219,387.69703045487404,16515072,3792384,3792384,2730
wikics,val,70,70,wikics:val:000070:c07c01ab1d837bee,0,3573.090077,3573.075927734375,3464.67895,107.972486,341.0218758508563,43.042498640716076,9.462152607738972,2789.261434227228,183.193696975708,2604.3536987304688,62,0,1,90,0,1246.4752311706543,311.45081581454724,43.27132800128311,154.95459201931953,45.152992081828415,138.90825653076172,7.165024042129517,32.02883243560791,5.091583967208862,cache_w8a8_m4k2v2,large_h6_n10_s100_wikics_arxiv,c07c01ab1d837bee495fe549fb059614c21012d28950d436a260cad0b20e355e,19.474687576293945,864.4233286380768,1336.186369895935,423.21868777275085,16252928,2397696,2397696,2688
wikics,val,71,71,wikics:val:000071:a33e3d4cce48fcc3,0,3221.079804,3221.064453125,3117.864223,102.780367,295.68914510309696,42.841836810112,9.318343363702297,2517.545484006405,191.01501083374023,2324.838134765625,61,0,1,72,0,989.3864936828613,248.69676819071174,34.54601600300521,123.04755199328065,36.05347208306193,146.31072235107422,7.549280047416687,31.831552028656006,5.323456406593323,cache_w8a8_m4k2v2,large_h6_n10_s100_wikics_arxiv,a33e3d4cce48fcc3980549bc7f9e0f293f769fa36ec601986da634453cff0f01,19.448320388793945,851.1366727054119,1061.4475183486938,431.7022641003132,15990784,1826304,1826304,2646
wikics,val,72,72,wikics:val:000072:f1151d716149ae48,0,4701.816665,4701.80322265625,4598.473818,102.562845,653.4214382991195,43.43046806752682,10.089580900967121,3553.6099150776863,277.1373748779297,3274.660888671875,63,0,1,132,0,1893.0813093185425,524.106110509485,67.76745601184666,206.11923193000257,61.18252795096487,224.0447998046875,12.175935983657837,33.11088037490845,7.805758714675903,cache_w8a8_m4k2v2,large_h6_n10_s100_wikics_arxiv,f1151d716149ae48dbc85a7874ec59788c1e359220abb0af2364121fabe8da24,19.555103302001953,878.6704019010067,2024.920955657959,390.62463441491127,16515072,3686400,3686400,2730
wikics,val,73,73,wikics:val:000073:4b3154d00ed508a1,0,3417.422726,3417.406005859375,3310.077584,106.923511,283.97410176694393,42.40536130964756,7.645332254469395,2667.844214476645,214.37635040283203,2451.754180908203,63,0,1,78,0,1077.9953861236572,273.87699202168733,39.69727998971939,118.11871992051601,35.411391974426806,166.89014625549316,8.71945595741272,32.76966428756714,5.997083902359009,cache_w8a8_m4k2v2,large_h6_n10_s100_wikics_arxiv,4b3154d00ed508a163face2906b779bc860da600f6b41d6bca03a69eddd4dac0,19.285728454589844,878.4862723946571,1155.3387842178345,437.21485275030136,16515072,1910784,1910784,2730
wikics,val,74,74,wikics:val:000074:63d8027fe96dbd40,0,3682.437022,3682.423583984375,3580.34307,101.720559,328.6357084289193,43.78859046846628,7.562058046460152,2914.0739385038614,183.81737518310547,2728.5585021972656,62,0,1,96,0,1377.7676486968994,381.7856941046193,47.975423980504274,148.92889594100416,43.451423975639045,139.53814506530762,7.162975907325745,32.01580810546875,5.100446105003357,cache_w8a8_m4k2v2,large_h6_n10_s100_wikics_arxiv,63d8027fe96dbd400c3253b6fea3dff229a9d059b23d14f1f2fd66ad5dc976a6,19.585407257080078,863.9980457723141,1472.2901487350464,411.85571494698524,16252928,2569728,2569728,2688
wikics,val,75,75,wikics:val:000075:205fb8181f3470fd,0,2768.749379,2768.7333984375,2661.714005,106.678714,298.04111924022436,42.7772868424654,6.630118004977703,2070.6380773335695,168.5585594177246,1900.5136413574219,57,0,1,48,0,660.0381746292114,166.24835200514644,23.594591974280775,72.30003192462027,21.505279992707074,127.84841537475586,6.566624045372009,29.456640243530273,4.686879754066467,cache_w8a8_m4k2v2,large_h6_n10_s100_wikics_arxiv,205fb8181f3470fdbd1270150f71b5fca1cc9f81c402b312d394c3d904a0d37f,19.564319610595703,796.3846062719822,707.1881923675537,416.5051623284817,14942208,1039872,1039872,2478
wikics,val,76,76,wikics:val:000076:ddb2213b21b70ae0,0,3981.584773,3981.572509765625,3879.678857,101.536745,269.8189914226532,42.68791060894728,7.511884905397892,3353.5865768790245,216.07916641235352,3135.777557373047,64,0,1,108,0,1741.7701511383057,380.3636160036549,55.20630393270403,163.18655992299318,49.970207925885916,167.97702598571777,8.856639981269836,33.214784145355225,6.030716300010681,cache_w8a8_m4k2v2,large_h6_n10_s100_wikics_arxiv,ddb2213b21b70ae0608c1c092117830fd7e17b1a716dacdda024759397179a65,19.526304244995117,892.0169279873371,1848.3406352996826,414.94629833102226,16777216,2964480,2964480,2772
wikics,val,77,77,wikics:val:000077:f1913089890132b9,0,3027.389692,3027.374267578125,2904.544058,122.486533,256.7395092919469,42.684849351644516,6.9653550162911415,2348.213874734938,154.92799758911133,2191.6685485839844,59,0,1,66,0,905.9189147949219,228.5279038194567,33.0736639900133,99.60697597637773,29.629823956638575,114.58163261413574,5.803103983402252,30.30662441253662,4.236636579036713,cache_w8a8_m4k2v2,large_h6_n10_s100_wikics_arxiv,f1913089890132b93fdaffc173538a9f3a7d21ccce41a3e9e4c9795128d4bd45,19.570560455322266,823.5917107462883,970.9183349609375,416.72906333208084,15466496,1629696,1629696,2562
wikics,val,78,78,wikics:val:000078:0761a00cafcc55ff,0,3974.580634,3974.568115234375,3866.837298,107.132035,270.5806354060769,42.70308278501034,6.952056661248207,3274.2187967523932,215.02387237548828,3057.5785522460938,59,0,1,126,0,1773.5011796951294,473.4335670657456,65.22787199914455,189.20076787099242,56.711807931773365,169.70412826538086,8.890560030937195,30.342527866363525,6.086656212806702,cache_w8a8_m4k2v2,large_h6_n10_s100_wikics_arxiv,0761a00cafcc55ff9fe63e26139f58aec60e88d6395fc46a23de2ad601161439,19.629695892333984,823.9074850976467,1897.6146841049194,355.6860789358616,15466496,3595776,3595776,2562
wikics,val,79,79,wikics:val:000079:2fe77eb4bcc2fb53,0,3412.06076,3412.043701171875,3309.001444,102.629436,306.7934410646558,44.19989511370659,9.204774163663387,2710.0701928138733,209.7053451538086,2498.6602172851562,61,0,1,84,0,1158.979356765747,296.3535044128075,41.492064013145864,143.15977600961924,42.15004806499928,163.39865493774414,8.600896000862122,31.844607830047607,5.861186385154724,cache_w8a8_m4k2v2,large_h6_n10_s100_wikics_arxiv,2fe77eb4bcc2fb53c2211e341bc094a3a30350f3b9232464ae3b32fe2ec8eddd,19.929311752319336,851.337406784296,1243.1383962631226,424.113725990057,15990784,2219520,2219520,2646
wikics,val,80,80,wikics:val:000080:78e4b73fcf74884b,0,3604.819669,3604.8046875,3501.737598,102.6796,341.3616558536887,42.90989600121975,9.777315892279148,2843.695480376482,190.71772956848145,2651.2925415039062,61,0,1,72,0,1314.6834335327148,243.06128010712564,368.45913446415216,123.29311991110444,36.04419204033911,146.14073753356934,7.498591899871826,31.767648220062256,5.310751914978027,cache_w8a8_m4k2v2,large_h6_n10_s100_wikics_arxiv,78e4b73fcf74884bd0f9d8224587705bf2a860666e91c84c032b4c3d0586467b,19.40937614440918,850.8364473879337,1386.641146659851,433.2243236005306,15990784,1826304,1826304,2646
wikics,val,81,81,wikics:val:000081:20ce9780b00f15b5,0,3541.249729,3541.23388671875,3437.519499,103.316025,316.99581257998943,42.8162207826972,9.453528560698032,2808.0752613022923,208.75279998779297,2597.612060546875,62,0,1,90,0,1233.9803562164307,305.15513601806015,43.985472024418414,157.46828786283731,45.35244806203991,162.22038650512695,8.508351922035217,32.18031978607178,5.843741774559021,cache_w8a8_m4k2v2,large_h6_n10_s100_wikics_arxiv,20ce9780b00f15b52811a677413a49886c9d562891b0f085e645f3da627331e0,19.429567337036133,864.8307837545872,1323.8889245986938,428.3219195306301,16252928,2416128,2416128,2688
wikics,val,82,82,wikics:val:000082:15505e4df399c749,0,4111.545765,4111.53173828125,4008.772853,102.052314,371.0222700610757,42.88534726947546,9.122781455516815,3301.4379106462,216.31184005737305,3083.500213623047,59,0,1,126,0,1782.1353244781494,475.4478400470689,62.996896067634225,210.29183992743492,61.76787205412984,170.7504653930664,8.99340808391571,30.475712299346924,6.092254281044006,cache_w8a8_m4k2v2,large_h6_n10_s100_wikics_arxiv,15505e4df399c7492f629e9c7965cca92311ad45c4e2d4f2a65ee42f5ca8ba25,19.368192672729492,823.6401283740997,1908.50159740448,370.72668051719666,15466496,3486720,3486720,2562
wikics,val,83,83,wikics:val:000083:a7ba3d44aa7499fe,0,2732.747967,2732.72998046875,2630.427598,101.904125,137.03113608062267,43.087477795779705,6.79828692227602,2181.927477940917,132.59673500061035,2047.7839050292969,56,0,1,60,0,828.5347833633423,209.7936959443614,30.43475199583918,90.9408639613539,27.03340795915574,95.66787147521973,4.775167942047119,28.562816619873047,3.590878963470459,cache_w8a8_m4k2v2,large_h6_n10_s100_wikics_arxiv,a7ba3d44aa7499fee1445d9215d7a72b29cbdb6a49ba0da38d84ee982ee40490,19.644319534301758,782.1088634729385,887.6911392211914,397.6282218694687,14680064,1433088,1433088,2436
wikics,val,84,84,wikics:val:000084:35732c8658931b86,0,4099.674814,4099.66162109375,3998.102063,101.185885,66.09443482011557,42.66063589602709,7.345583289861679,3611.2351873889565,215.9933738708496,3393.6171875,59,0,1,126,0,2105.412497520447,555.3996485406533,64.0946240099147,189.60329593904316,56.14598394744098,170.51747131347656,8.938592076301575,30.429983615875244,6.107326865196228,cache_w8a8_m4k2v2,large_h6_n10_s100_wikics_arxiv,35732c8658931b8612504cc455b6580ea44423ed7f94899d50f3c900f855d03c,19.604320526123047,823.7212164402008,2229.5423555374146,359.9579360485077,15466496,3488256,3488256,2562
wikics,val,85,85,wikics:val:000085:39693add84393c3e,0,2529.722751,2529.7041015625,2426.496681,102.859535,57.5369531288743,42.48023498803377,6.807849742472172,2071.8772830441594,168.635648727417,1901.6704406738281,57,0,1,48,0,660.4793920516968,167.08143989555538,23.665216017514467,72.95727997645736,21.70851197745651,127.90144157409668,6.568351864814758,29.476832389831543,4.689022898674011,cache_w8a8_m4k2v2,large_h6_n10_s100_wikics_arxiv,39693add84393c3e86597303a982f69e8c2c131c841d86b3540fc8836693ee22,19.513792037963867,796.5608662366867,707.7297878265381,416.8935786485672,14942208,1039872,1039872,2478
wikics,val,86,86,wikics:val:000086:6154d20de82ca154,0,2847.345855,2847.328857421875,2743.755836,102.941764,66.49027578532696,42.97173209488392,7.420167326927185,2365.179463289678,155.06147003173828,2208.4537963867188,59,0,1,66,0,922.2918071746826,240.89401596505195,33.23900799732655,99.6706559881568,30.92118393443525,114.71177673339844,5.796031951904297,30.30956792831421,4.244093418121338,cache_w8a8_m4k2v2,large_h6_n10_s100_wikics_arxiv,6154d20de82ca154d31dc1757ffb5df0b6b9fab72293c3c0850611659ced11c3,19.765823364257812,823.371040314436,987.5120964050293,417.3364830315113,15466496,1545216,1545216,2562
wikics,val,87,87,wikics:val:000087:2d8e1c91732f7fc9,0,3190.002115,3189.986083984375,3071.841531,117.738429,66.37201085686684,42.970639653503895,7.640926167368889,2669.1420394927263,178.71286392211914,2488.723358154297,61,0,1,84,0,1157.287742614746,294.4295360231772,41.81126397382468,127.06886395253241,37.988639967516065,135.08969497680664,6.905248045921326,31.764544010162354,4.953376889228821,cache_w8a8_m4k2v2,large_h6_n10_s100_wikics_arxiv,2d8e1c91732f7fc9dc9d186a2ca2f383b734021eb501adc5b8e0ed0ef87a507d,19.696895599365234,851.047680169344,1240.3910360336304,416.9815375506878,15990784,2219520,2219520,2646
wikics,val,88,88,wikics:val:000088:edf1f65b0215397f,0,3255.457394,3255.4365234375,3147.848249,107.175473,72.54127971827984,42.91605111211538,7.868061773478985,2712.3436918482184,215.33270645141602,2495.2701110839844,63,0,1,78,0,1121.115969657898,311.873984192498,39.78742398414761,118.8643199056387,35.72243199124932,167.50271797180176,8.845695972442627,32.98137617111206,6.00291633605957,cache_w8a8_m4k2v2,large_h6_n10_s100_wikics_arxiv,edf1f65b0215397f7db64f2b0af499b296dd7db24bda5492ace4393562a0e0a3,19.780000686645508,878.4973121583462,1198.741093635559,437.8117059767246,16515072,1910784,1910784,2730
wikics,val,89,89,wikics:val:000089:cc473da6146fe84a,0,3470.724888,3470.708251953125,3368.505868,101.827541,61.872671358287334,42.77367051690817,7.2975968942046165,2971.5540036559105,213.3930892944336,2756.5138549804688,60,0,1,84,0,1446.7256288528442,320.0721917171031,43.93536000791937,128.1447679810226,38.01465594954789,167.36012649536133,8.85804796218872,31.177088260650635,5.99782657623291,cache_w8a8_m4k2v2,large_h6_n10_s100_wikics_arxiv,cc473da6146fe84a261cfc81f796542bafb0eacffffc7c8a2c614f0834c25fc7,19.63043212890625,838.8523525595665,1529.6191940307617,407.6727405190468,15728640,2148864,2148864,2604
wikics,val,90,90,wikics:val:000090:04f10178109bc189,0,3550.787195,3550.77001953125,3433.310084,117.098175,65.56797493249178,42.92989335954189,7.6590897515416145,3004.250663332641,212.91897583007812,2789.6148071289062,63,0,1,102,0,1416.6463041305542,362.5194556796923,52.691103955730796,153.35235189273953,45.61718395818025,165.37135887145996,8.666911959648132,32.93446397781372,5.946241021156311,cache_w8a8_m4k2v2,large_h6_n10_s100_wikics_arxiv,04f10178109bc18987c0d161e505acc91bd5670d8f9419c8668ecccb3d4a4fea,19.75974464416504,878.433726400137,1517.2134428024292,413.72738257050514,16515072,2790912,2790912,2730
wikics,val,91,91,wikics:val:000091:6005ecd7d5ac622d,0,2486.472893,2486.454833984375,2378.946667,107.184951,57.45581444352865,42.42710676044226,6.5575772896409035,2022.229922004044,157.84144020080566,1862.869384765625,55,0,1,48,0,663.6032648086548,168.03241598885506,23.66959999501705,73.4040320198983,21.754239970818162,119.20031929016113,6.086015939712524,28.163616180419922,4.391488790512085,cache_w8a8_m4k2v2,large_h6_n10_s100_wikics_arxiv,6005ecd7d5ac622de1a177d20f147dd9d8a3627c61c0d028b05dbd49891ee46f,19.508127212524414,768.8151983618736,710.9006757736206,402.6616378426552,14417920,1039872,1039872,2394
wikics,val,92,92,wikics:val:000092:73a973d4261a61c9,0,3649.696515,3649.681396484375,3547.216499,101.873577,62.07370478659868,42.26814117282629,7.445354014635086,3205.5185716599226,260.3720016479492,2943.4700622558594,62,0,1,114,0,1584.1509771347046,402.73532793298364,58.64803195372224,175.09817592799664,51.38015994708985,209.49129486083984,11.233343958854675,32.29283142089844,7.354531407356262,cache_w8a8_m4k2v2,large_h6_n10_s100_wikics_arxiv,73a973d4261a61c9ab186d29b44931ed7c5bff0e00c5110bc7a221fbb62df03c,19.447359085083008,864.7408955693245,1704.0647974014282,394.11172837018967,16252928,3176448,3176448,2688
wikics,val,93,93,wikics:val:000093:d724956d62b3a7fc,0,3648.84852,3648.831787109375,3529.81646,118.578358,61.28066871315241,42.42597986012697,7.43591133505106,3189.591041766107,260.27606201171875,2927.625,62,0,1,114,0,1576.7673292160034,399.9338564686477,58.90316793881357,173.5439359024167,51.48694395553321,209.2166748046875,11.285120010375977,32.41340780258179,7.360859394073486,cache_w8a8_m4k2v2,large_h6_n10_s100_wikics_arxiv,d724956d62b3a7fcacd941394e399a7d05dc8293c6783e71baa7f6861404e482,19.488191604614258,864.9408940374851,1689.6012163162231,392.571081250906,16252928,3176448,3176448,2688
wikics,val,94,94,wikics:val:000094:3184012ce3fd116b,0,4040.443391,4040.42431640625,3930.279969,109.697698,82.86999445408583,42.76517312973738,9.706225246191025,3555.4925110191107,258.1049919128418,3295.681884765625,62,0,1,114,0,1931.8554229736328,398.5216002939269,55.83814399223775,198.90847984328866,57.32041612640023,207.42889022827148,11.08902394771576,32.2413444519043,7.345733284950256,cache_w8a8_m4k2v2,large_h6_n10_s100_wikics_arxiv,3184012ce3fd116b5a1c75421824747786bb2b0fd93fb15f6e13f67525491820,19.370912551879883,864.5956162810326,2045.9037704467773,404.553410589695,16252928,3174912,3174912,2688
wikics,val,95,95,wikics:val:000095:5896bd7e52cfe097,0,3316.048998,3316.029541015625,3197.482044,118.133814,73.45180585980415,42.57096815854311,9.45927482098341,2804.584569297731,262.9713897705078,2539.889862060547,63,0,1,84,0,1155.926275253296,280.94086399581283,40.83884802181274,153.2510719411075,42.29859205707908,211.1596450805664,11.328799962997437,33.03999996185303,7.442944765090942,cache_w8a8_m4k2v2,large_h6_n10_s100_wikics_arxiv,5896bd7e52cfe097327cd8ed639653674c955ddf369bc55d1960b629703e361e,19.316415786743164,879.2393279671669,1239.9677829742432,439.99916690588,16515072,2219520,2219520,2730
wikics,val,96,96,wikics:val:000096:e0d75fdd10f22e74,0,2306.281081,2306.261962890625,2198.204906,107.679913,59.15595218539238,42.544069699943066,8.555199950933456,1888.395994901657,173.8510398864746,1713.0028076171875,55,0,1,36,0,506.0262403488159,136.48345622885972,17.403328027576208,62.24745600670576,18.109120052307844,133.83760261535645,6.914656162261963,28.21340799331665,4.885373115539551,cache_w8a8_m4k2v2,large_h6_n10_s100_wikics_arxiv,e0d75fdd10f22e74abcf3b05065d2374d4d1eeea4d96c2ce62fec18e8e1931fd,19.3286075592041,769.553824365139,542.0829429626465,420.6946478486061,14417920,637440,637440,2394
wikics,val,97,97,wikics:val:000097:4ecd8b7732146f0e,0,3193.193475,3193.17529296875,3089.325327,102.898613,73.51781520992517,42.67980623990297,9.107958525419235,2569.05844155699,175.67830276489258,2391.7197265625,60,0,1,78,0,1076.3240308761597,272.0455682501197,39.135072058066726,134.680800113827,39.20454405155033,132.97538948059082,6.791839957237244,31.04092836380005,4.870144963264465,cache_w8a8_m4k2v2,large_h6_n10_s100_wikics_arxiv,4ecd8b7732146f0ead756c272e471e92c7481de63dcac7feb1ad635935de08c1,19.38153648376465,837.6204162538052,1154.284381866455,419.1964649260044,15728640,1944576,1944576,2604
wikics,val,98,98,wikics:val:000098:255280efcfde1df9,0,3479.710343,3479.693115234375,3372.632686,106.675705,61.662294901907444,42.58318152278662,7.168872281908989,2985.3371139615774,213.90857315063477,2769.784423828125,60,0,1,84,0,1461.744725227356,341.82544090691954,42.49766396265477,128.19513597339392,38.219871977344155,167.76188850402832,8.896640062332153,31.252416133880615,5.997628450393677,cache_w8a8_m4k2v2,large_h6_n10_s100_wikics_arxiv,255280efcfde1df920001e1b4a297d5150dfa6e921b32d68249ba5b73836e939,19.570560455322266,838.0366721451283,1544.621994972229,406.69631716609,15728640,2217984,2217984,2604
wikics,val,99,99,wikics:val:000099:d4fd256fb5152e8f,0,3401.071072,3401.05419921875,3293.756217,106.946659,70.56394405663013,42.49429050832987,7.376325316727161,2871.938086114824,182.70528030395508,2687.525115966797,63,0,1,90,0,1318.251425743103,382.82854373939335,46.089887998998165,137.5158079136163,40.33983993716538,137.85427284240723,7.006880044937134,32.81823968887329,5.025887727737427,cache_w8a8_m4k2v2,large_h6_n10_s100_wikics_arxiv,d4fd256fb5152e8f5140b8ef9594c080c5b38ea41b17aceb83bda8b99e776f76,19.57004737854004,878.5502399504185,1406.7724752426147,421.7724481523037,16515072,2353152,2353152,2730
wikics,test,100,0,wikics:test:000000:b39e9f309eb7b7ab,0,3283.731508,3283.66650390625,3176.193963,107.024895,531.1834216117859,47.23441135138273,7.151156663894653,2328.1788108870387,203.5634880065918,2122.7685546875,59,0,1,60,0,836.5921258926392,220.04111992474645,30.358208001591265,91.02966395951807,27.08102398738265,158.75638389587402,8.258943915367126,30.372384548187256,6.175775647163391,cache_w8a8_m4k2v2,large_h6_n10_s100_wikics_arxiv,b39e9f309eb7b7abbfb6ef032cc0f27946bd2af7f6ca83076ea40eb13bf61862,20.783199310302734,823.8819842040539,896.0661449432373,423.60362485051155,15466496,1433088,1433088,2562
wikics,test,101,1,wikics:test:000001:114baa3a3e60d438,0,3754.582356,3754.56591796875,3652.348947,101.872597,286.4596387371421,42.70982462912798,7.394019514322281,3032.797073945403,231.94377517700195,2799.1631469726562,62,0,1,102,0,1448.165246963501,396.3541765920818,52.25516795646399,152.6252800282091,46.300351968966424,183.33295822143555,9.783167958259583,32.34351968765259,6.484129309654236,cache_w8a8_m4k2v2,large_h6_n10_s100_wikics_arxiv,114baa3a3e60d43877ff9471825f00544b60fc4b458c41f176d3a2b17a3e68ec,19.60201644897461,865.3800649642944,1549.2260551452637,404.15904331207275,16252928,2689536,2689536,2688
wikics,test,102,2,wikics:test:000002:5b151751c4684bba,0,3314.352785,3314.335205078125,3211.946342,102.057886,276.1686956509948,42.67921578139067,7.311836816370487,2662.6717429608107,173.60672187805176,2487.395050048828,61,0,1,84,0,1160.486813545227,296.2721279654652,43.238655966706574,125.90134396776557,37.4475519657135,130.48857498168945,6.6596479415893555,31.660704612731934,4.797794342041016,cache_w8a8_m4k2v2,large_h6_n10_s100_wikics_arxiv,5b151751c4684bba603799d005ae26aae4aacdec132f6ce0e7224bc86c03f917,19.586687088012695,851.0626878738403,1243.3338289260864,412.58522033691406,15990784,2112000,2112000,2646
wikics,test,103,3,wikics:test:000003:122e1f58b400bded,0,3041.204119,3041.181396484375,2918.60732,122.266006,265.279371291399,42.78368502855301,6.980836391448975,2350.682212971151,184.1359348297119,2164.9794311523438,57,0,1,48,0,654.7418556213379,165.96806354355067,23.472672027535737,71.78988799639046,21.344960002228618,142.10153579711914,7.3840320110321045,29.481088161468506,5.169278860092163,cache_w8a8_m4k2v2,large_h6_n10_s100_wikics_arxiv,122e1f58b400bdeddb1f6c0405804f1582b84056ad4f8eec0c0c0b813cd6b9d1,19.551584243774414,796.8791970908642,702.0441942214966,685.6076240837574,14942208,1039872,1039872,2478
wikics,test,104,4,wikics:test:000004:c438a01544bd1b9c,0,3708.205047,3708.187255859375,3605.819524,102.033063,282.0251602679491,42.86790546029806,7.4004726484417915,2989.7083239629865,229.07980728149414,2758.9366760253906,62,0,1,102,0,1409.6050882339478,360.58553587272763,52.0747199729085,152.94982386566699,45.49603196140379,180.78173065185547,9.572864055633545,32.23622417449951,6.488988399505615,cache_w8a8_m4k2v2,large_h6_n10_s100_wikics_arxiv,c438a01544bd1b9cc5f15f45a32edd97056d0be72872e2ce33fee2f6660df03c,19.669151306152344,865.3183680772781,1510.3584623336792,402.92899692058563,16252928,2754048,2754048,2688
wikics,test,105,5,wikics:test:000005:b256e9b37f8f8b31,0,2907.999238,2907.98046875,2785.608714,122.027422,254.48046810925007,42.6827073097229,6.707669235765934,2213.781380094588,172.17481803894043,2040.0596618652344,56,0,1,60,0,820.5582065582275,206.94927988760173,29.77881597261876,89.69235189445317,26.805727964267135,131.89552307128906,6.837375998497009,28.617279529571533,4.824639439582825,cache_w8a8_m4k2v2,large_h6_n10_s100_wikics_arxiv,b256e9b37f8f8b317821e74669f3f8f611b5cf3505734f75329e0e0252627528,19.588703155517578,783.2733762562275,879.7384014129639,396.6365873515606,14680064,1433088,1433088,2436
wikics,test,106,6,wikics:test:000006:19b231ef2406ed8c,0,2971.077191,2971.05859375,2864.272655,106.430822,255.4658493027091,42.6110802218318,6.860322318971157,2301.391270942986,185.86240005493164,2113.956268310547,57,0,1,60,0,872.5624647140503,247.57529597450048,29.899487962946296,90.56032009422779,27.325439971871674,143.72793579101562,7.428671956062317,29.47593593597412,5.229856371879578,cache_w8a8_m4k2v2,large_h6_n10_s100_wikics_arxiv,19b231ef2406ed8c583458561709494bbc1d7dae0c38f2245ae028dc2ffe7fa7,19.583263397216797,797.4967015981674,931.7639045715332,404.27892553806305,14942208,878592,878592,2478
wikics,test,107,7,wikics:test:000007:c8e944e20f3aef4c,0,3093.251179,3093.231689453125,2975.35185,117.545884,270.1268708333373,42.621263302862644,7.080507464706898,2379.671602509916,189.7296657562256,2188.3160095214844,59,0,1,66,0,903.2954559326172,227.521728053689,33.89155202358961,99.19142397865653,29.387007949873805,146.44438362121582,7.612864017486572,30.356096744537354,5.31632137298584,cache_w8a8_m4k2v2,large_h6_n10_s100_wikics_arxiv,c8e944e20f3aef4cfb52bf00e40496a22f24a1730839bd0d16e6d5fc47d43319,19.575551986694336,824.3684470355511,968.3985280990601,415.1245863735676,15466496,1629696,1629696,2562
wikics,test,108,8,wikics:test:000008:80f4d51321480518,0,4520.299469,4520.28271484375,4413.104957,106.813584,290.2352446690202,42.63461846858263,7.390364073216915,3822.993764653802,274.7574691772461,3546.5481567382812,62,0,1,144,0,2198.2530155181885,512.6068477006629,279.3934651929885,215.59836787171662,63.988255962729454,222.59337615966797,12.020960092544556,32.337247371673584,7.805885553359985,cache_w8a8_m4k2v2,large_h6_n10_s100_wikics_arxiv,80f4d513214805184fc45f848c55366ad73f2d780b9e9fa1d3760718f24fe44f,19.598495483398438,864.8687045276165,2340.684278488159,360.593669205904,16252928,4124160,4124160,2688
wikics,test,109,9,wikics:test:000009:7fd456811cef22b6,0,3424.280014,3424.259521484375,3321.117694,102.709833,291.7191321030259,42.70016308873892,7.443692535161972,2650.454519316554,214.15843200683594,2434.5982666015625,62,0,1,78,0,1078.586561203003,275.6549440519884,39.10073597356677,125.27955203317106,37.23891204223037,167.20787048339844,8.778047919273376,32.14569568634033,6.0268179178237915,cache_w8a8_m4k2v2,large_h6_n10_s100_wikics_arxiv,7fd456811cef22b63a623796ffc6b064d8dc50e1731aaf1160cff91619785d8c,19.63465690612793,865.7772486805916,1156.308385848999,432.1472889780998,16252928,1993728,1993728,2688
wikics,test,110,10,wikics:test:000010:3bcd951b5cb81ae3,0,3547.497166,3547.471923828125,3439.849663,107.241509,283.4598608314991,42.6293034106493,7.772107608616352,2833.2023452967405,190.71401596069336,2640.7489013671875,64,0,1,90,0,1245.4872560501099,317.56169655546546,46.427647948265076,136.149216061458,40.911679949611425,144.8857936859131,7.435104012489319,33.10262393951416,5.290494322776794,cache_w8a8_m4k2v2,large_h6_n10_s100_wikics_arxiv,3bcd951b5cb81ae38ac9208e0fdf47eb902372cd8bdef981aa9f248046da9215,19.601503372192383,892.406431555748,1334.6453132629395,433.29865992069244,16777216,2416128,2416128,2772
wikics,test,111,11,wikics:test:000011:926e4c10c89dc024,0,2909.867665,2909.847900390625,2786.309076,123.153742,256.9925934076309,42.63702407479286,6.905738264322281,2218.3486772701144,194.78412628173828,2021.954833984375,58,0,1,54,0,753.2325105667114,195.84985590539873,26.515135996043682,87.94716797582805,25.661632020026445,151.6532154083252,7.858975768089294,29.79263973236084,5.479295372962952,cache_w8a8_m4k2v2,large_h6_n10_s100_wikics_arxiv,926e4c10c89dc02467e14a1cc74f902f663f97c9be62c39a2c5a637785f62540,19.63260841369629,810.4326388537884,806.9982109069824,424.1565926373005,15204352,1214976,1214976,2520
wikics,test,112,12,wikics:test:000012:948f281fa8e149ed,0,2418.322044,2418.294189453125,2295.532337,122.406123,241.20209086686373,42.681919410824776,6.6511426120996475,1798.795578069985,142.2396469116211,1655.0758056640625,53,0,1,36,0,498.3754234313965,127.16582400538027,17.742143981158733,55.903072042390704,16.369183988310397,105.55871963500977,5.360159993171692,27.407104015350342,3.9136632680892944,cache_w8a8_m4k2v2,large_h6_n10_s100_wikics_arxiv,948f281fa8e149ed9febadd04e2e85b6e036139c74d1b69c8fe17fa0526eea7b,19.566879272460938,741.5851832032204,533.9854688644409,399.07203286886215,13893632,646656,646656,2310
wikics,test,113,13,wikics:test:000013:872bb9df273ad109,0,3889.945419,3889.92724609375,3787.948176,101.633441,294.8738904669881,42.837842367589474,7.6563917100429535,3240.9267025068402,244.650146484375,2994.581268310547,62,0,1,102,0,1639.3903713226318,361.86995191220194,52.35510397516191,154.90883188694715,46.30447996780276,195.06621170043945,10.39792013168335,32.2325119972229,6.953502655029297,cache_w8a8_m4k2v2,large_h6_n10_s100_wikics_arxiv,872bb9df273ad1091abe85ef20ec42adedd38c5e9536cb98d6587aade4d6f979,19.649375915527344,865.330337703228,1741.0182065963745,407.8820999264717,16252928,2712576,2712576,2688
wikics,test,114,14,wikics:test:000014:557ddebe91684e6e,0,2681.344763,2681.32373046875,2558.750782,122.230512,243.62205993384123,42.772646993398666,6.755572743713856,2058.8764529675245,198.1459846496582,1859.2289428710938,54,0,1,48,0,672.377534866333,175.19929607957602,23.95388799905777,72.80550391972065,21.82854399457574,156.50617790222168,8.182431936264038,27.819519996643066,5.637854814529419,cache_w8a8_m4k2v2,large_h6_n10_s100_wikics_arxiv,557ddebe91684e6e1d7adc8d5728380c715b186f05cc9e5b854bd8f140a2f512,19.625951766967773,756.7003846764565,719.9745864868164,402.17992347478867,14155776,981504,981504,2352
wikics,test,115,15,wikics:test:000015:32677b4eee65e40a,0,2199.202123,2199.180908203125,2091.840584,106.924273,201.5646854415536,42.86348167806864,5.608133040368557,1624.4538491591811,108.96150398254395,1514.1747589111328,46,0,1,36,0,505.2224941253662,133.6388799007982,17.464735992252827,55.05519996397197,16.418143979273736,78.14367961883545,3.9461439847946167,23.90892791748047,2.9627524614334106,cache_w8a8_m4k2v2,large_h6_n10_s100_wikics_arxiv,32677b4eee65e40ae6a165981814df6d211d2bbf09bed9be523649a4f29c7126,19.66352081298828,646.4803188443184,540.7935075759888,346.56445330381393,12058624,542208,542208,2016
wikics,test,116,16,wikics:test:000016:c0475eb283dbd143,0,2469.944563,2469.9248046875,2362.711402,106.869328,224.19476602226496,42.718999087810516,6.788749247789383,1865.405397489667,152.58928108215332,1711.2668762207031,56,0,1,36,0,492.2205762863159,126.12960008811206,17.28854399546981,53.9823999889195,16.064735976047814,113.95881462097168,5.784159958362579,28.628480434417725,4.217826068401337,cache_w8a8_m4k2v2,large_h6_n10_s100_wikics_arxiv,c0475eb283dbd1439a7826b0099b1b55085b16bdbb6d9c323473b401ba40a131,19.65033531188965,782.9737934172153,527.7081909179688,420.2352271974087,14680064,646656,646656,2436
wikics,test,117,17,wikics:test:000017:4a1cc5182ee6a7b2,0,2489.034118,2489.013671875,2381.974458,106.719029,227.043186314404,42.621634900569916,6.778608076274395,1875.47127623111,152.5957431793213,1721.3094177246094,56,0,1,36,0,494.05699348449707,126.68393592070788,17.29276799596846,54.92303996346891,16.142655990086496,113.98492813110352,5.780608057975769,28.61344003677368,4.216766953468323,cache_w8a8_m4k2v2,large_h6_n10_s100_wikics_arxiv,4a1cc5182ee6a7b21bcc02e720e79abc58a3736448065e57d132aabb574e1ce0,19.554399490356445,783.5172147452831,532.3857297897339,424.9608726799488,14680064,646656,646656,2436
wikics,test,118,18,wikics:test:000018:52ed896d72d1921f,0,3364.550844,3364.531982421875,3257.393596,106.800153,256.1470177024603,42.821585200726986,7.266111671924591,2722.717486321926,225.02691268920898,2496.0228271484375,61,0,1,84,0,1163.4781770706177,295.4533439837396,43.681600000709295,125.99062399752438,38.54521599691361,177.23724937438965,9.4481600522995,32.030943393707275,6.310559868812561,cache_w8a8_m4k2v2,large_h6_n10_s100_wikics_arxiv,52ed896d72d1921f5bfad1ba37c773faef5be83e39838a0b7c5f273e111c94c2,19.551231384277344,852.6710381805897,1246.875804901123,416.0272154510021,15990784,2219520,2219520,2646
wikics,test,119,19,wikics:test:000019:d818f5b8cb6d7e5d,0,4379.04502,4379.02734375,4271.738827,106.936074,236.83848232030869,42.52240993082523,7.265864871442318,3807.1464048698545,223.82658767700195,3581.644287109375,61,0,1,144,0,2250.6632680892944,519.0343675995246,74.52035204134881,452.6841323636472,64.37548791151494,176.3483829498291,9.320799946784973,31.86911916732788,6.288285613059998,cache_w8a8_m4k2v2,large_h6_n10_s100_wikics_arxiv,d818f5b8cb6d7e5debed18cf27d69c8839f643f32da6837d6996ba8668450d55,19.541664123535156,851.2060154378414,2393.074559211731,356.9053765833378,15990784,4019712,4019712,2646
wikics,test,120,20,wikics:test:000020:ab0922f67c5fbbe5,0,4031.698009,4031.678466796875,3928.894218,102.163023,276.8911402672529,42.69291926175356,7.448229007422924,3337.1335063129663,307.5743064880371,3027.8438110351562,63,0,1,120,0,1649.1725463867188,414.46976029966027,62.04111997503787,179.99603185988963,53.78134395740926,252.00102615356445,13.720000267028809,33.188576221466064,8.664703845977783,cache_w8a8_m4k2v2,large_h6_n10_s100_wikics_arxiv,ab0922f67c5fbbe5719b9057d130d798ebe62c82eda3b9e6779d10b62a0ab03e,19.565824508666992,880.6192950904369,1768.0153980255127,398.7749424278736,16515072,3399168,3399168,2730
wikics,test,121,21,wikics:test:000021:5d453ee1cd5d59f9,0,2753.084736,2753.063232421875,2646.213967,106.505782,221.4387832209468,42.71421767771244,6.729097105562687,2057.795163244009,180.57327842712402,1875.6784973144531,56,0,1,48,0,655.7507810592651,165.56841593794525,23.378784021362662,72.05132802762091,21.356415985152125,139.5949764251709,7.25542414188385,28.648544311523438,5.074333548545837,cache_w8a8_m4k2v2,large_h6_n10_s100_wikics_arxiv,5d453ee1cd5d59f93beec8e6bbfa80c2f22adbd82be2f4d0eac68cd4736cd8ab,19.624736785888672,783.4232952296734,703.0766115188599,408.80332735180855,14680064,1039872,1039872,2436
wikics,test,122,22,wikics:test:000022:066e9ba55552f1f8,0,4578.342792,4578.32470703125,4470.511392,107.453604,248.8938271999359,42.640349827706814,7.566607557237148,3900.8898194879293,360.7986602783203,3538.3597412109375,64,0,1,156,0,2141.518753051758,541.9093443201855,80.12473602499813,232.47219193726778,69.84012797102332,300.7297592163086,16.38214373588562,33.436767578125,10.249989748001099,cache_w8a8_m4k2v2,large_h6_n10_s100_wikics_arxiv,066e9ba55552f1f8a73072514a22f5d6757c92f4c0398e291fc015deb88b7b88,19.563552856445312,893.2224963605404,2295.9348163604736,368.7659813463688,16777216,4578816,4578816,2772
wikics,test,123,23,wikics:test:000023:f77a6bf6e6e7e71b,0,2993.119836,2993.09619140625,2891.14108,101.600363,248.42192139476538,42.95982047915459,7.103314623236656,2353.4420179203153,160.35372734069824,2191.458221435547,59,0,1,66,0,906.6310062408447,229.0654719909653,32.89750400558114,99.45158392377198,29.449055979028344,119.59219169616699,6.049760103225708,30.3056001663208,4.406175374984741,cache_w8a8_m4k2v2,large_h6_n10_s100_wikics_arxiv,f77a6bf6e6e7e71b5e5ecd0307e4293065f4fee80788b61911368457a6d1a604,19.639360427856445,823.8467509448528,971.8101749420166,415.4406559765339,15466496,1629696,1629696,2562
wikics,test,124,24,wikics:test:000024:000a2a73e51d5345,0,3114.383681,3114.364990234375,3007.424822,106.602561,229.18863222002983,42.588009499013424,6.7307110875844955,2450.732001103461,172.17926597595215,2277.0092163085938,56,0,1,60,0,1055.5633277893066,439.2860776903108,29.993311977945268,90.45865602977574,26.853279962204397,131.89036560058594,6.826240062713623,28.63820791244507,4.8244524002075195,cache_w8a8_m4k2v2,large_h6_n10_s100_wikics_arxiv,000a2a73e51d53459dc7e58576aaddb15d29ac4a73b00401f136569f75d2f6b8,19.52297592163086,783.6313264369965,1114.8533811569214,398.04748463630676,14680064,1433088,1433088,2436
wikics,test,125,25,wikics:test:000025:1424ce3b3bad84d4,0,3957.65385,3957.634521484375,3851.047582,106.241366,249.4133161380887,42.74972528219223,7.62125663459301,3289.409413933754,198.24208068847656,3089.4393920898438,63,0,1,96,0,1720.321153640747,737.061244238168,48.590912020765245,144.66179195977747,42.68659196048975,151.98940658569336,7.87772798538208,32.87456035614014,5.500385761260986,cache_w8a8_m4k2v2,large_h6_n10_s100_wikics_arxiv,1424ce3b3bad84d47085b76cd2ca72fa2d01ab4c8eb0cee9f0854c07ffcbbf64,19.62063980102539,878.617600351572,1815.0375261306763,415.40490540862083,16515072,2612736,2612736,2730
wikics,test,126,26,wikics:test:000026:6fabdd7e6fa1c9b0,0,3251.166472,3251.146240234375,3144.041833,106.76544,270.67565731704235,42.554644867777824,7.137958891689777,2561.7901338264346,236.5266571044922,2323.6063842773438,61,0,1,72,0,992.9329614639282,247.3635517610237,36.18451197259128,108.25302393361926,32.31683197058737,187.8794231414795,9.97436797618866,32.016000270843506,6.65686571598053,cache_w8a8_m4k2v2,large_h6_n10_s100_wikics_arxiv,6fabdd7e6fa1c9b0791ff71909878258781591a7720f48a6507ad37df16a4ca1,19.57529640197754,852.1552663445473,1063.9505939483643,427.07582038640976,15990784,1826304,1826304,2646
wikics,test,127,27,wikics:test:000027:df55b940083f1bf1,0,4545.058117,4545.0400390625,4436.057494,108.264283,280.367074534297,42.752932757139206,7.312490604817867,3760.518316179514,350.89753341674805,3407.9246215820312,62,0,1,150,0,2050.39328289032,508.3006713241339,74.96371194999665,245.7761599905789,71.98553605936468,292.692928314209,15.90230393409729,32.40646409988403,9.89583706855774,cache_w8a8_m4k2v2,large_h6_n10_s100_wikics_arxiv,df55b940083f1bf1f1f72918358a0a21b17b5b59208e8033f0571bcddd8aab82,19.651103973388672,865.3082872927189,2200.3802938461304,361.88714441657066,16252928,4274688,4274688,2688
wikics,test,128,28,wikics:test:000028:bb2e0546b88fa929,0,3224.120202,3224.093017578125,3115.875972,107.791069,249.0189177915454,43.053532019257545,7.1096885949373245,2546.069884672761,185.51411247253418,2358.9557495117188,57,0,1,60,0,866.9727373123169,244.09388804249465,29.614847981370986,97.18991988152266,28.67824001517147,143.42895889282227,7.38752007484436,29.476864337921143,5.220769166946411,cache_w8a8_m4k2v2,large_h6_n10_s100_wikics_arxiv,bb2e0546b88fa929e4ad473dbd223f632fce04a3717e5e2390426e3af27fddfb,19.748287200927734,796.9188161790371,1171.4216775894165,410.3635429441929,14942208,953856,953856,2478
wikics,test,129,29,wikics:test:000029:354b8d27549aa637,0,3506.312747,3506.291748046875,3401.989109,103.8957,308.6584070697427,43.04797761142254,9.279802441596985,2766.9292548671365,215.22140502929688,2549.9794921875,63,0,1,84,0,1153.917956352234,287.41049607656896,41.99702400621027,145.05088001862168,42.75600010342896,167.51702499389648,8.772096037864685,32.937535762786865,5.99474823474884,cache_w8a8_m4k2v2,large_h6_n10_s100_wikics_arxiv,354b8d27549aa637c29bd706bc1b1d4c8e164bb524dbb43ff574695c37d49b21,19.488351821899414,879.4333764016628,1238.0807371139526,451.95373049378395,16515072,2219520,2219520,2730
wikics,test,130,30,wikics:test:000030:4a41086e390dbe51,0,2992.772441,2992.74951171875,2889.357261,102.931486,287.3659562319517,42.889904230833054,8.858401328325272,2324.224448762834,202.67670059204102,2119.8956909179688,59,0,1,60,0,823.2680950164795,207.12393597047776,28.946943998336792,103.26662396639585,29.901248049922287,158.28262329101562,8.248736023902893,30.432831287384033,5.712509989738464,cache_w8a8_m4k2v2,large_h6_n10_s100_wikics_arxiv,4a41086e390dbe51ecd9f27bdf84a1f2aed65d44410ce97f0e5f6a2d66d349b1,19.388032913208008,824.5209614634514,883.555233001709,431.2075293660164,15466496,1433088,1433088,2562
wikics,test,131,31,wikics:test:000031:cafc1e78b99470a1,0,3568.731923,3568.711181640625,3465.597674,102.476993,304.4864572584629,42.82974638044834,9.572912007570267,2899.319415912032,233.1294059753418,2664.4351196289062,64,0,1,90,0,1257.616768836975,322.67766408622265,45.82428803388029,149.10159998573363,43.469376034103334,183.58710289001465,9.706560015678406,33.261696338653564,6.574046730995178,cache_w8a8_m4k2v2,large_h6_n10_s100_wikics_arxiv,cafc1e78b99470a1de15d16216655833dd9034daaf7ae6b5386e2d52952fddae,19.433887481689453,894.6518089473248,1347.7312984466553,441.4858997166157,16777216,2288640,2288640,2772
wikics,test,132,32,wikics:test:000032:1f48965693a47551,0,3618.300516,3618.280029296875,3514.264389,103.628397,279.8060905188322,42.94711910188198,7.667824625968933,2878.9362404495478,250.4488296508789,2626.766632080078,63,0,1,90,0,1252.9261808395386,320.09712004382163,46.09484796971083,137.11433606036007,40.530975960195065,199.78413009643555,10.607424139976501,32.94252824783325,7.114747166633606,cache_w8a8_m4k2v2,large_h6_n10_s100_wikics_arxiv,1f48965693a47551fb266cee941d275d7733d5e14d8bc4f0a241156e1e7f8f85,19.77168083190918,878.9559024870396,1342.2531270980835,425.32928332686424,16515072,2391552,2391552,2730
wikics,test,133,33,wikics:test:000033:97a6a0498a0658ed,0,4190.898576,4190.87646484375,4083.99647,106.518084,297.5360983982682,42.72190947085619,8.48667323589325,3371.198291890323,244.07616424560547,3125.3341064453125,63,0,1,108,0,1739.408896446228,374.8009919943288,56.9082879666239,164.2225600965321,49.17183995526284,193.69519805908203,10.401471853256226,33.13155174255371,6.847942590713501,cache_w8a8_m4k2v2,large_h6_n10_s100_wikics_arxiv,97a6a0498a0658edcac653eb0bb3210363bd9b07ca8d619186dbcfcbc0a2e8f5,19.327808380126953,879.950684607029,1846.8713397979736,417.83989042043686,16515072,3005952,3005952,2730
wikics,test,134,34,wikics:test:000034:93dab44c974f61f3,0,3396.957285,3396.935791015625,3288.825375,107.481718,275.67696664482355,42.70979668945074,7.483639754354954,2722.72914275527,223.97679901123047,2497.034912109375,61,0,1,84,0,1160.389567375183,292.4572800444439,43.18995198700577,127.0076799672097,38.10956797283143,176.46633529663086,9.309183955192566,31.88751983642578,6.313759922981262,cache_w8a8_m4k2v2,large_h6_n10_s100_wikics_arxiv,93dab44c974f61f37b82c3a55ac543c3cafa371b99f438f53d8df60d8b08da15,19.600831985473633,851.5840307176113,1243.7871685028076,421.2645448744297,15990784,2219520,2219520,2646
wikics,test,135,35,wikics:test:000035:e96a44872b159e58,0,2830.630787,2830.6044921875,2722.431916,107.686737,268.48150230944157,42.787267826497555,7.1008652448654175,2116.2991104647517,174.15110397338867,1940.540771484375,58,0,1,48,0,672.0143375396729,175.2807359006256,23.9204479502514,73.78579205088317,21.953663986176252,132.68051147460938,6.849984049797058,29.775455474853516,4.845152974128723,cache_w8a8_m4k2v2,large_h6_n10_s100_wikics_arxiv,e96a44872b159e585dfc70f49945bedec7a8f682f7c98f1e2e240ff3a9cfb9a6,19.620864868164062,810.6154244542122,719.6050891876221,429.9411227107048,15204352,953856,953856,2520
wikics,test,136,36,wikics:test:000036:afbff186281a0e4e,0,3514.109128,3514.087158203125,3407.073886,106.665676,294.16354838758707,43.22579875588417,7.7317990362644196,2731.6404348239303,187.8271026611328,2542.084503173828,63,0,1,84,0,1168.1981439590454,298.95932811126113,44.91910400148481,126.63132800720632,37.82284795958549,142.43091583251953,7.340448021888733,32.864959716796875,5.190779089927673,cache_w8a8_m4k2v2,large_h6_n10_s100_wikics_arxiv,afbff186281a0e4ef263695c2eae0d5605ba4b8d807b1a398463e79793b58c9e,19.78268814086914,878.8479038178921,1251.650818824768,431.3684686720371,16515072,2116608,2116608,2730
wikics,test,137,37,wikics:test:000037:b3012d4981d56ea8,0,2587.800387,2587.77783203125,2479.314191,106.459569,246.48582562804222,42.82878153026104,7.08438828587532,1929.417130537331,128.4246063232422,1799.3907470703125,55,0,1,42,0,588.6908140182495,153.60422413703054,22.92604795563966,64.55017592944205,19.09404798131436,92.18537616729736,4.585536003112793,28.181312084197998,3.472382068634033,cache_w8a8_m4k2v2,large_h6_n10_s100_wikics_arxiv,b3012d4981d56ea820287d335a753a79cc4b4f1ef77ed486500ba06ecd246d4b,19.562976837158203,769.046913266182,631.9115533828735,417.9952572584152,14417920,729600,729600,2394
wikics,test,138,38,wikics:test:000038:d8d309dacda8c856,0,3885.090859,3885.070556640625,3782.894871,101.792927,282.3454178869724,42.82198194414377,7.711760699748993,3230.8597275987267,180.77609825134277,3048.3619079589844,63,0,1,102,0,1664.572003364563,360.1524159135297,53.205215929076076,155.35980803519487,287.3943095188588,136.07011222839355,6.930751919746399,32.79139232635498,4.983841776847839,cache_w8a8_m4k2v2,large_h6_n10_s100_wikics_arxiv,d8d309dacda8c8565011a8a5c4bd50703da0a89f4da3c8de139014c0f400b5e1,19.646240234375,878.4185264706612,1765.7392578125,423.8503639101982,16515072,2695680,2695680,2730
wikics,test,139,39,wikics:test:000039:3ef432bb200e1c4d,0,2766.789187,2766.767333984375,2659.84692,106.591877,231.65359999984503,42.863319627940655,6.824750453233719,2061.2059887498617,180.54195022583008,1879.1054992675781,56,0,1,48,0,658.3043203353882,166.19913612678647,23.672255972400308,72.7715520337224,21.566751981154084,139.56870460510254,7.258016109466553,28.648704051971436,5.066525459289551,cache_w8a8_m4k2v2,large_h6_n10_s100_wikics_arxiv,3ef432bb200e1c4d10899e6d592c8c2970df591ebd929560ec4d6b50c138ea97,19.740768432617188,783.4773460626602,705.6685762405396,409.70034539699554,14680064,1039872,1039872,2436
wikics,test,140,40,wikics:test:000040:9c16d6144ad4a191,0,3441.51139,3441.49072265625,3338.767623,102.322392,243.96053422242403,42.61707328259945,7.4880076572299,2720.4185342416167,187.68534469604492,2531.018310546875,63,0,1,84,0,1159.2647695541382,295.03875209763646,42.6166079910472,126.58991992846131,38.26147198583931,142.28505516052246,7.344703912734985,32.85545587539673,5.200129747390747,cache_w8a8_m4k2v2,large_h6_n10_s100_wikics_arxiv,9c16d6144ad4a1917bc11fa59558e81b6ffc26842b37c5b649636e1bd6996d1c,19.581024169921875,879.0138539373875,1242.345471382141,429.2400093972683,16515072,2115072,2115072,2730
wikics,test,141,41,wikics:test:000041:7fea338f8fa28367,0,3596.775125,3596.753173828125,3489.189324,107.018072,252.37102340906858,42.686909437179565,7.4849119409918785,2973.6719988286495,180.87894439697266,2791.0764770507812,63,0,1,102,0,1415.0373430252075,356.7951679388061,56.8515519220382,154.78512006625533,46.078687951900065,136.13763236999512,6.945216059684753,32.829344272613525,4.96675169467926,cache_w8a8_m4k2v2,large_h6_n10_s100_wikics_arxiv,7fea338f8fa28367962db97fb384e2e94a82f63cc2c2a58460bd13fa9d7532c6,19.635007858276367,878.8114244937897,1516.4675846099854,415.4324758052826,16515072,2809344,2809344,2730
wikics,test,142,42,wikics:test:000042:7e04af92ff942365,0,3774.661497,3774.640625,3672.949236,101.333131,252.37408559769392,42.638727463781834,7.396744564175606,3072.357462719083,215.69664001464844,2854.969451904297,62,0,1,108,0,1503.5657291412354,387.42745621688664,55.731103957630694,162.12259203754365,50.1555519355461,168.50320053100586,8.896191954612732,32.2578239440918,6.039423584938049,cache_w8a8_m4k2v2,large_h6_n10_s100_wikics_arxiv,7e04af92ff94236596a24d9e983dcc77cce54b5d00fe25a7752dadbdf0253c86,19.602367401123047,865.2611846923828,1610.2106885910034,399.0999460220337,16252928,2962944,2962944,2688
wikics,test,143,43,wikics:test:000043:7338a3bd818fbc61,0,4256.750145,4256.72802734375,4134.319848,122.083929,259.7343763336539,42.92915761470795,7.5695812702178955,3529.3117007240653,328.2725715637207,3199.30615234375,64,0,1,114,0,1574.228256225586,395.9060797467828,59.224927954375744,173.0100479889661,51.34492797963321,270.7669792175293,14.756959915161133,33.405792236328125,9.342840194702148,cache_w8a8_m4k2v2,large_h6_n10_s100_wikics_arxiv,7338a3bd818fbc612b572517865a443cded9cc98f098cd47444fc0c70f038fa1,19.623008728027344,892.4935049116611,1687.3929643630981,639.042691797018,16777216,3202560,3202560,2772
wikics,test,144,44,wikics:test:000044:e7e458e07c01abc7,0,3067.957071,3067.934814453125,2945.257859,122.346977,244.46999747306108,42.62648709118366,7.145224139094353,2391.046072356403,171.6691188812256,2217.7298583984375,60,0,1,66,0,909.5772161483765,228.8374399235472,33.13491202890873,101.26809594780207,29.70364795345813,129.2810878753662,6.613056063652039,31.024160385131836,4.7508145570755005,cache_w8a8_m4k2v2,large_h6_n10_s100_wikics_arxiv,e7e458e07c01abc73eac5d1f5b73ee274f45fe663453876d0498e3b21270f1db,19.499231338500977,837.8318066000938,974.8683567047119,424.5289264321327,15728640,1629696,1629696,2604
wikics,test,145,45,wikics:test:000045:664f4ac17fac6612,0,4718.121408,4718.1005859375,4616.255182,101.503049,281.7271277308464,42.62589104473591,7.446787320077419,3929.018521681428,346.9224319458008,3580.4008178710938,62,0,1,150,0,2223.6815071105957,669.521694813855,77.39545604493469,225.41599977202713,67.18015996366739,289.243839263916,15.499392032623291,32.31174421310425,9.867456436157227,cache_w8a8_m4k2v2,large_h6_n10_s100_wikics_arxiv,664f4ac17fac66126dbf78db22d95ea89d4ccfe89013f9873465f1677a51a75f,19.5598087310791,865.195903480053,2373.66531085968,361.0994122624397,16252928,4202496,4202496,2688
wikics,test,146,46,wikics:test:000046:8880ab728d4d5032,0,3408.265889,3408.240966796875,3301.600449,106.300681,275.20985156297684,42.668307200074196,7.332031615078449,2733.9820777997375,216.30956649780273,2515.9871215820312,62,0,1,84,0,1164.8396816253662,297.1771197076887,42.93308801110834,126.8507201038301,37.76825596485287,169.17676544189453,8.868736147880554,32.166560649871826,6.097504258155823,cache_w8a8_m4k2v2,large_h6_n10_s100_wikics_arxiv,8880ab728d4d503279b823be1914ee9902a040262614bf49e1872574b155fe91,19.626911163330078,865.2212804853916,1248.0458307266235,422.3469215333462,16252928,2098176,2098176,2688
wikics,test,147,47,wikics:test:000047:2642137ffa998c84,0,3656.891356,3656.86865234375,3549.252912,107.251763,290.7753484323621,42.894396930933,7.473904639482498,2949.5643517002463,198.7638397216797,2749.0635681152344,63,0,1,84,0,1377.2062606811523,296.14390443637967,42.75699199549854,126.5799039490521,38.50361597444862,152.49948692321777,7.910207986831665,32.83055925369263,5.523585557937622,cache_w8a8_m4k2v2,large_h6_n10_s100_wikics_arxiv,2642137ffa998c84dd63777375d8e0ade25fbd787901bdf3058101753a069020,19.67683219909668,878.7078088819981,1460.3536939620972,429.6788974702358,16515072,2182656,2182656,2730
wikics,test,148,48,wikics:test:000048:51b9971d8910d5e2,0,3461.390192,3461.367919921875,3343.448569,117.565391,298.57070185244083,43.53364836424589,7.59540218859911,2767.8126646205783,153.9000644683838,2612.1876220703125,63,0,1,90,0,1243.8044805526733,317.50492816697806,46.37923199683428,135.1437760554254,40.06249595899135,111.4399356842041,5.573535978794098,32.73795223236084,4.14864057302475,cache_w8a8_m4k2v2,large_h6_n10_s100_wikics_arxiv,51b9971d8910d5e2e50bb2ce18041a1def0f52cc064e9c53428b6208b2325cec,20.259552001953125,877.4860486984253,1332.6675844192505,422.29354095458984,16515072,2380800,2380800,2730
wikics,test,149,49,wikics:test:000049:728df285513a7803,0,3397.781975,3397.759521484375,3295.854908,101.559623,276.26966778188944,42.83022414892912,7.39153940230608,2692.8851706907153,240.37382888793945,2450.81494140625,62,0,1,78,0,1092.2186222076416,280.82048002723604,41.271807981655,119.10265605710447,35.25583998858929,191.01580619812012,10.216127872467041,32.37289619445801,6.768998622894287,cache_w8a8_m4k2v2,large_h6_n10_s100_wikics_arxiv,728df285513a7803b751f28b0959d82e759e2f545428d48a38d0f006a55bcc9a,19.63372802734375,867.9349445700645,1169.5890922546387,432.92463260889053,16252928,1930752,1930752,2688
wikics,test,150,50,wikics:test:000050:fe96b5b2a7c4af01,0,3382.212321,3382.1904296875,3275.335785,106.513241,278.8355825468898,42.55881253629923,7.37931951880455,2670.758386142552,240.14009475708008,2428.9283142089844,62,0,1,78,0,1077.2336320877075,275.5442878063768,39.648735981434584,116.71830387786031,34.88236797042191,190.94611358642578,10.129280090332031,32.28604793548584,6.778653144836426,cache_w8a8_m4k2v2,large_h6_n10_s100_wikics_arxiv,fe96b5b2a7c4af01943f25f9415335607ba1b330ad640aa2818bffc6db32e498,19.526655197143555,865.6546539068222,1154.3523511886597,428.44796431064606,16252928,1892352,1892352,2688
wikics,test,151,51,wikics:test:000051:6246382ad476e3b5,0,3840.432918,3840.4111328125,3717.853906,122.221714,275.7617933675647,42.5992114469409,7.471658289432526,3140.691202133894,217.36953353881836,2921.6132202148438,63,0,1,96,0,1548.8782835006714,337.7905275160447,49.05263994727284,144.38675202429295,42.82982395309955,169.41683197021484,8.90448009967804,32.98579216003418,6.062429308891296,cache_w8a8_m4k2v2,large_h6_n10_s100_wikics_arxiv,6246382ad476e3b5f68b37aba9aa3566c47b169674446b7a4c924b1c74988d7f,19.536928176879883,878.6154237985611,1644.0033254623413,418.5313991308212,16515072,2554368,2554368,2730
wikics,test,152,52,wikics:test:000052:421b142bb389d9d1,0,2595.693503,2595.669677734375,2473.59869,121.760748,251.10460724681616,42.723873630166054,6.506157107651234,1882.520823739469,195.34108352661133,1685.671630859375,54,0,1,36,0,504.0963840484619,132.96499197557569,17.763615971431136,54.528703937307,16.296992003917694,153.87996673583984,8.063071966171265,27.84883165359497,5.549213171005249,cache_w8a8_m4k2v2,large_h6_n10_s100_wikics_arxiv,421b142bb389d9d16aececb4211419686451d1184d50d2e5f8ea97ee81a79730,19.59401512145996,756.2782070338726,539.6676483154297,409.31979063153267,14155776,625152,625152,2352
wikics,test,153,53,wikics:test:000053:31b24b95a70aea62,0,3770.362745,3770.34033203125,3667.446716,102.334629,280.2986819297075,42.53839701414108,7.371910847723484,3130.929419770837,193.55958557128906,2935.686004638672,62,0,1,114,0,1584.123872756958,406.4093119716272,58.25555194262415,172.44412794709206,51.472895947285,148.3394260406494,7.707040190696716,32.141695976257324,5.371423363685608,cache_w8a8_m4k2v2,large_h6_n10_s100_wikics_arxiv,31b24b95a70aea62d73f3c5f5b796febb8ca98cc307497a826603ccfab0b45bb,19.500896453857422,865.0663056969643,1697.0324878692627,393.08810752630234,16252928,3148800,3148800,2688
wikics,test,154,54,wikics:test:000054:1492c0fd54704e8b,0,3569.247174,3569.224365234375,3462.076108,106.781616,270.2965000644326,42.723617516458035,7.1595581248402596,2773.8893777132034,218.04256439208984,2554.1898193359375,60,0,1,90,0,1244.295744895935,317.6112961014733,46.352447994984686,135.34335999190807,40.61644796002656,171.80694198608398,9.022976040840149,31.082783699035645,6.129862666130066,cache_w8a8_m4k2v2,large_h6_n10_s100_wikics_arxiv,1492c0fd54704e8b3a028427a3f0afafbed89dfcff3af66979a2a0d84cdb94e6,19.633344650268555,838.6784338653088,1333.2030382156372,401.9416919052601,15728640,2313216,2313216,2604
wikics,test,155,55,wikics:test:000055:4c3a9cced3fdbabd,0,3366.062746,3366.039306640625,3263.864607,101.83825,285.6392962858081,42.89327096194029,7.483890280127525,2713.905669748783,183.1907844543457,2528.9940795898438,63,0,1,84,0,1157.9400606155396,295.2847038852051,42.61625599581748,126.24617597833276,37.57337595243007,138.2564468383789,7.065376043319702,32.79785633087158,5.071105241775513,cache_w8a8_m4k2v2,large_h6_n10_s100_wikics_arxiv,4c3a9cced3fdbabd0d34163f06734c93b30f546193a2e36fcf5442c43864448d,19.74412727355957,878.6077146828175,1240.865026473999,429.26546570658684,16515072,2162688,2162688,2730
wikics,test,156,56,wikics:test:000056:a5bcd1251e1f47d6,0,3794.743558,3794.720458984375,3672.53449,121.824409,280.3149065002799,42.80599392950535,7.480310276150703,3088.616126216948,222.54361724853516,2864.345977783203,63,0,1,90,0,1490.4597549438477,323.25372768659145,47.39763192739338,135.5765439644456,40.56115198042244,174.12771224975586,9.201503992080688,32.99961566925049,6.21478533744812,cache_w8a8_m4k2v2,large_h6_n10_s100_wikics_arxiv,a5bcd1251e1f47d65b8e0c3b3de076d9f301f0643172bda73691e60b9cdddd5c,19.727712631225586,879.6201606690884,1579.5410633087158,424.9124664366245,16515072,2250240,2250240,2730
wikics,test,157,57,wikics:test:000057:c76d1190b26d012d,0,3676.905108,3676.882080078125,3570.126637,106.423551,295.091325417161,42.97649674117565,7.641318254172802,2978.5812003538013,264.1983642578125,2712.6412353515625,64,0,1,96,0,1319.0594511032104,331.6416642535478,49.62684791442007,143.97520004026592,42.908575925044715,211.8375701904297,11.471968054771423,33.370975494384766,7.5178505182266235,cache_w8a8_m4k2v2,large_h6_n10_s100_wikics_arxiv,c76d1190b26d012d091c00559c3a0425c20ebef1e538e567c96c216e9d813ae8,19.634559631347656,892.9463379383087,1414.1077423095703,425.2217147350311,16777216,2612736,2612736,2772
wikics,test,158,58,wikics:test:000058:a45285bcd1949205,0,3031.432532,3031.40869140625,2929.579038,101.488079,262.02651485800743,42.96368919312954,6.944951601326466,2355.8137277141213,175.7061424255371,2178.4996643066406,58,0,1,66,0,914.6281309127808,235.05840018298477,33.128991979174316,99.65619197301567,29.6859199590981,134.14924812316895,6.888032078742981,29.76211166381836,4.906750559806824,cache_w8a8_m4k2v2,large_h6_n10_s100_wikics_arxiv,a45285bcd19492055ac80246f60bb0fb2ed4e504e079a5cd3200cdbdb7b891b5,19.825088500976562,810.619616985321,979.8267498016357,407.8783860206604,15204352,1514496,1514496,2520
wikics,test,159,59,wikics:test:000059:1b94d315dc4e5555,0,3318.062589,3318.0400390625,3211.399384,106.301913,271.9877362251282,42.64698922634125,7.25836306810379,2643.845642916858,164.8156795501709,2477.355682373047,61,0,1,84,0,1150.8474836349487,289.50806420948356,42.52486402448267,125.3673280030489,37.346495961770415,122.42179107666016,6.181695938110352,31.6976957321167,4.514496803283691,cache_w8a8_m4k2v2,large_h6_n10_s100_wikics_arxiv,1b94d315dc4e55559bb69eeacb678f2d308eb5396713d6fa6fa7259031e7a970,19.548799514770508,850.7450248301029,1233.7849578857422,412.3744991719723,15990784,2219520,2219520,2646
wikics,test,160,60,wikics:test:000060:38930b7d326ce516,0,3794.339072,3794.31494140625,3687.286188,106.698582,282.1598285809159,42.6115533336997,7.371347397565842,3001.1171381920576,202.6209945678711,2796.794677734375,62,0,1,90,0,1446.9956712722778,520.4635583115742,46.219711957499385,135.04662390239537,40.677567940205336,156.61078453063965,8.266144037246704,32.09017610549927,5.653889894485474,cache_w8a8_m4k2v2,large_h6_n10_s100_wikics_arxiv,38930b7d326ce5164a9e65e9f30bcdbf435b09460c7f0beaf0babbcac90226b4,19.567840576171875,865.2831370830536,1535.9896926879883,415.089688539505,16252928,2416128,2416128,2688
wikics,test,161,61,wikics:test:000061:92c5bd90d0baeb93,0,3101.025552,3101.00244140625,2998.975389,101.705099,265.9862842410803,43.5901265591383,6.944696418941021,2412.1206859126687,158.19087982177734,2252.327392578125,58,0,1,72,0,990.0842561721802,249.8164800386876,37.270623905584216,108.28118401579559,32.41020794492215,118.0398063659668,6.024767994880676,29.759071350097656,4.367234110832214,cache_w8a8_m4k2v2,large_h6_n10_s100_wikics_arxiv,92c5bd90d0baeb9304f2a19cafff8d354c181be05d34b15cf570e210c30adb5c,19.603071212768555,809.6146885156631,1061.106430053711,401.20934522151947,15204352,1826304,1826304,2520
wikics,test,162,62,wikics:test:000062:863d427861ff80dc,0,3631.130946,3631.10791015625,3528.704615,102.07483,293.38852409273386,42.74793341755867,7.598696276545525,2922.721391543746,193.41171264648438,2727.57470703125,64,0,1,96,0,1335.8977975845337,341.65881565678865,48.4981119511649,144.99747196398675,42.6603519693017,147.3024673461914,7.6121920347213745,33.13696002960205,5.3600932359695435,cache_w8a8_m4k2v2,large_h6_n10_s100_wikics_arxiv,863d427861ff80dc849d2dfdc72906f1f2449ab7e6ed0e64e58e7235c0805796,19.61574363708496,892.2014408111572,1430.7185907363892,424.2704191207886,16777216,2457600,2457600,2772
wikics,test,163,63,wikics:test:000063:0a5a1c3308a40395,0,4529.802663,4529.77783203125,4422.039705,107.156849,275.1373779028654,42.56261233240366,7.3409536853432655,3817.5700902938843,467.1238327026367,3348.7510986328125,62,0,1,144,0,1995.2769937515259,505.27897625789046,75.44041591417044,217.83423999138176,64.83881594054401,400.4566345214844,21.25494408607483,32.42614459991455,12.986109495162964,cache_w8a8_m4k2v2,large_h6_n10_s100_wikics_arxiv,0a5a1c3308a40395b8520808200d136321b9db8233aa40c04be89539c97844d5,19.533824920654297,865.4209277629852,2138.077856063843,364.7861397266388,16252928,4182528,4182528,2688
wikics,test,164,64,wikics:test:000064:84d2bb6fbbf2efc7,0,4275.174739,4275.1494140625,4157.719511,117.06759,282.308298163116,42.687030509114265,7.620872929692268,3532.7506056055427,332.07686614990234,3198.935821533203,64,0,1,114,0,1804.1499166488647,390.4796478180215,299.39490743819624,171.1842239294201,51.281887960620224,274.50092697143555,14.810271978378296,33.442463874816895,9.323203325271606,cache_w8a8_m4k2v2,large_h6_n10_s100_wikics_arxiv,84d2bb6fbbf2efc74543bfef829a471311b878c855f94ba54357da859b1dead5,19.57663917541504,893.1116139292717,1917.1466236114502,408.25422316789627,16777216,3202560,3202560,2772
wikics,test,165,65,wikics:test:000065:14afb2e221d1c808,0,2788.097827,2788.0732421875,2685.624077,102.110554,255.5273799225688,42.64634754508734,6.774400360882282,2064.197773113847,180.6692180633545,1881.9804382324219,56,0,1,48,0,660.5565423965454,167.00227211415768,23.643167946487665,72.18828792124987,21.881919966079295,139.6556167602539,7.276991963386536,28.67180824279785,5.064801096916199,cache_w8a8_m4k2v2,large_h6_n10_s100_wikics_arxiv,14afb2e221d1c808d81f675640e726fc6c53da6b5558b9ab547f3f4e99214fb4,19.638368606567383,783.5965759456158,707.9499530792236,410.07227781414986,14680064,1039872,1039872,2436
wikics,test,166,66,wikics:test:000066:cbfb38b24c9cd09f,0,3451.832945,3451.8095703125,3344.657491,106.830167,259.7373900935054,42.610352858901024,7.184657268226147,2840.272850356996,204.4372787475586,2634.1856994628906,60,0,1,96,0,1326.8047714233398,338.38915203977376,49.057248018682,145.00812794454396,43.162623959593475,159.32399940490723,8.261183857917786,31.112000465393066,5.740095019340515,cache_w8a8_m4k2v2,large_h6_n10_s100_wikics_arxiv,cbfb38b24c9cd09feb274e275c5fa9b2ac59e47d5e2b01a2e0142792e6f92a00,19.573535919189453,837.7332148551941,1421.6251182556152,394.40090227127075,15728640,2588160,2588160,2604
wikics,test,167,67,wikics:test:000067:3368959dda51b804,0,3739.616193,3739.593017578125,3632.449923,106.810525,246.54324259608984,42.911374010145664,7.424229755997658,3126.782492734492,193.08354949951172,2932.0052185058594,62,0,1,114,0,1582.564001083374,406.42044805083424,58.44739201106131,171.18319996632636,50.889343965798616,147.88860702514648,7.686752080917358,32.133056640625,5.375133752822876,cache_w8a8_m4k2v2,large_h6_n10_s100_wikics_arxiv,3368959dda51b804b9feaf3927fc8b63a4fe3efbd71e66e91bdae5790a4896e9,19.550912857055664,865.1431400775909,1695.4793224334717,390.9336688518524,16252928,3148800,3148800,2688
wikics,test,168,68,wikics:test:000068:c1f159a73fe7d15a,0,3399.912098,3399.887451171875,3297.876344,101.664611,257.6163252815604,42.75068920105696,7.49562680721283,2764.263450168073,154.11343955993652,2608.429168701172,63,0,1,90,0,1239.8762893676758,316.0842881705612,45.51920003350824,134.32636797241867,40.64502396248281,111.6117115020752,5.5862720012664795,32.75267171859741,4.1627843379974365,cache_w8a8_m4k2v2,large_h6_n10_s100_wikics_arxiv,c1f159a73fe7d15a2942f5fa44ebf6d2f9aa043b0006bc1c657334d82d242907,19.621631622314453,877.5989750921726,1328.6298570632935,421.82196816802025,16515072,2391552,2391552,2730
wikics,test,169,69,wikics:test:000069:c5c6eb8bc69150d0,0,3809.329055,3809.305908203125,3706.930223,102.014375,240.9697212278843,42.61805210262537,7.348121143877506,3211.8126675486565,176.59363174438477,3033.5372619628906,61,0,1,108,0,1499.4326753616333,385.1141759287566,55.245151951909065,162.31923202611506,48.35123195219785,133.09372901916504,6.84329617023468,31.78985595703125,4.866750597953796,cache_w8a8_m4k2v2,large_h6_n10_s100_wikics_arxiv,c5c6eb8bc69150d0f6f058cf2a8f0b19714a3b9e64ec85c634f36a2f6d435940,19.54640007019043,851.2651514112949,1606.0816650390625,595.7368455827236,15990784,2786304,2786304,2646
wikics,test,170,70,wikics:test:000070:15a487f6022e80ae,0,3069.654321,3069.62548828125,2962.049852,107.232872,263.9214089140296,42.59783122688532,7.405824027955532,2388.0460411310196,171.68230056762695,2214.6882934570312,60,0,1,66,0,910.7882881164551,229.88835225161165,34.30569606740028,100.66236794926226,29.716287951916456,129.3183650970459,6.6123199462890625,30.998080253601074,4.753535270690918,cache_w8a8_m4k2v2,large_h6_n10_s100_wikics_arxiv,15a487f6022e80aeea9398891795f58d139b42b0803269478d8b34dea8a73425,19.555007934570312,837.2924158275127,975.7779483795166,421.1729371845722,15728640,1629696,1629696,2604
wikics,test,171,71,wikics:test:000071:80de2ffba43febdb,0,4498.693741,4498.66943359375,4396.675333,101.667036,267.4646805971861,42.609608732163906,7.388504222035408,3796.201480552554,468.65721893310547,3325.8624877929688,62,0,1,144,0,1975.2477083206177,496.50947164557874,74.52694398537278,215.43500793725252,63.8709119129926,402.1046676635742,21.27292823791504,32.310911655426025,12.968711376190186,cache_w8a8_m4k2v2,large_h6_n10_s100_wikics_arxiv,80de2ffba43febdbe62c72ec696d6b17833aa5deda2322b1e87c46fc212d2618,19.613344192504883,866.0082577764988,2117.281855583191,362.1857186257839,16252928,4116480,4116480,2688
wikics,test,172,72,wikics:test:000072:0a2ccdf11d68011b,0,3416.52097,3416.49560546875,3314.035086,102.078371,290.2802126482129,42.472437024116516,7.483975030481815,2718.7607437372208,198.60809707641602,2518.4368896484375,63,0,1,84,0,1149.0316190719604,287.93542404845357,42.44787198957056,125.11632001772523,37.589983981102705,152.34124755859375,7.904128074645996,32.84876775741577,5.513953685760498,cache_w8a8_m4k2v2,large_h6_n10_s100_wikics_arxiv,0a2ccdf11d68011bbe9b80610fa460e6d9cd02f79ccb2fe70c6d7122404939fe,19.527904510498047,878.3469082713127,1231.8737926483154,427.7440932393074,16515072,2219520,2219520,2730
wikics,test,173,73,wikics:test:000073:af4e3768afe7929b,0,3895.409413,3895.38525390625,3787.971132,106.873273,289.77163042873144,42.58816596120596,7.564719766378403,3204.6434553340077,267.00464248657227,2935.91259765625,64,0,1,96,0,1542.802396774292,344.31590408831835,49.269919955171645,144.91030390560627,43.12598398514092,214.5333137512207,11.57526409626007,33.385695934295654,7.510368704795837,cache_w8a8_m4k2v2,large_h6_n10_s100_wikics_arxiv,af4e3768afe7929b1e8e837cec1be78bf565feb6d8bdc034a26e3ac263f1fcb5,19.562175750732422,892.7990726530552,1637.728503227234,424.94719752669334,16777216,2474496,2474496,2772
wikics,test,174,74,wikics:test:000074:26717eeb6c2c73ce,0,4050.785392,4050.76171875,3926.380272,124.014684,299.35360979288816,42.811205610632896,7.593763060867786,3288.8524681329727,332.16352462768555,2954.941192626953,64,0,1,114,0,1561.72265625,390.28432010672987,59.021311996504664,171.30556792393327,51.19356799311936,274.6899223327637,14.726367950439453,33.40959978103638,9.337634563446045,cache_w8a8_m4k2v2,large_h6_n10_s100_wikics_arxiv,26717eeb6c2c73ce0d419b3d77803154393a8d6999b43700154e75f75b854f0c,19.685888290405273,892.638497710228,1674.7286100387573,407.2599731683731,16777216,3202560,3202560,2772
wikics,test,175,75,wikics:test:000075:c9441b3207b4d7bb,0,3151.996444,3151.96923828125,3034.083163,117.543046,290.2779094874859,43.16416289657354,7.434369996190071,2432.0147801190615,210.64451217651367,2219.6979064941406,60,0,1,66,0,910.5069761276245,229.69827204942703,33.125151983462274,99.92838401719928,29.62575999647379,165.0154857635498,8.618208050727844,31.08681631088257,5.924002051353455,cache_w8a8_m4k2v2,large_h6_n10_s100_wikics_arxiv,c9441b3207b4d7bb23a3a8eb71a0e5d4956ccf9de45afef45b0119f4aa0c5ec8,19.65705680847168,837.9553587138653,976.1247701644897,425.2748344242573,15728640,1629696,1629696,2604
wikics,test,176,76,wikics:test:000076:823cb40fd26b0064,0,3775.483634,3775.458251953125,3673.078447,102.034747,272.30718452483416,42.82299801707268,7.673230022192001,3058.24613571167,229.36463928222656,2827.1729125976562,62,0,1,102,0,1460.9286088943481,379.3675201032311,53.53567996341735,155.30502407252789,46.272095994092524,181.10620880126953,9.60972797870636,32.18704032897949,6.461662173271179,cache_w8a8_m4k2v2,large_h6_n10_s100_wikics_arxiv,823cb40fd26b0064a8aea01490743a82038eff8ef6b79e7478a5c1a8ab7509a2,19.641536712646484,866.5737918615341,1562.216643333435,418.02401411533356,16252928,2686464,2686464,2688
wikics,test,177,77,wikics:test:000077:a6e66f96093de6ce,0,3608.835913,3608.811279296875,3505.991347,102.197607,263.0014047026634,42.79033653438091,7.2666360065341,2928.071009926498,164.33872032165527,2762.08935546875,59,0,1,90,0,1472.546456336975,549.5335322860628,43.629919953644276,138.8535039499402,41.1386559382081,123.2633285522461,6.2821760177612305,30.252543926239014,4.5406718254089355,cache_w8a8_m4k2v2,large_h6_n10_s100_wikics_arxiv,a6e66f96093de6ce1bd052d598cfac37c91f2fadb62e6500edf9e062a1601f5a,19.67171287536621,823.7270081043243,1561.7645807266235,396.26947951316833,15466496,2245632,2245632,2562
wikics,test,178,78,wikics:test:000078:906d5a2fc7b88169,0,3479.121771,3479.0966796875,3377.104626,101.623895,276.3493321835995,42.556680738925934,7.704160176217556,2719.3236090242863,187.28214645385742,2530.318817138672,63,0,1,84,0,1155.2577953338623,290.55094384402037,41.60121596325189,128.1079039890319,38.19059197138995,141.94166564941406,7.313664078712463,32.83043146133423,5.1963852643966675,cache_w8a8_m4k2v2,large_h6_n10_s100_wikics_arxiv,906d5a2fc7b881693e5654ad9a5ce6752da4ff09d9249413c6dfc7bd03c376dd,19.411775588989258,878.835169672966,1238.761890411377,432.1335326433182,16515072,2116608,2116608,2730
wikics,test,179,79,wikics:test:000079:73f671ca14fb033a,0,4206.336043,4206.310546875,4099.096843,106.873276,280.17293848097324,44.06907316297293,7.800317369401455,3592.9208686575294,293.1145896911621,3298.1080932617188,62,0,1,138,0,1926.483811378479,493.25887962803245,71.71379190403968,211.6278077084571,62.70473591983318,239.29578018188477,13.039391994476318,32.47692823410034,8.302489280700684,cache_w8a8_m4k2v2,large_h6_n10_s100_wikics_arxiv,73f671ca14fb033a30965114cc70e57d3d1dfb1a6b55042e803792c154bd1fb9,19.642751693725586,865.4508489072323,2066.81632232666,385.4836737215519,16252928,3982848,3982848,2688
wikics,test,180,80,wikics:test:000080:0f184f1db0a996b5,0,2603.102927,2603.077392578125,2484.565328,118.130727,258.7624741718173,42.98681207001209,6.687958724796772,1913.8929769396782,128.40092849731445,1783.9605407714844,55,0,1,42,0,580.6306896209717,147.5638720486313,21.502784000709653,63.26531199552119,19.41529599390924,92.19228839874268,4.587135970592499,28.139840126037598,3.481664001941681,cache_w8a8_m4k2v2,large_h6_n10_s100_wikics_arxiv,0f184f1db0a996b5c155f228291f962fece60e25c894ab8ac113bb00d919bc8f,19.780799865722656,769.4411185383797,622.0993928909302,412.2008292078972,14417920,843264,843264,2394
wikics,test,181,81,wikics:test:000081:3ad691f9135ebeda,0,3690.68596,3690.66162109375,3588.636683,101.675288,276.0733934119344,42.91628114879131,7.56972748786211,2988.786553964019,212.9539566040039,2774.104034423828,63,0,1,102,0,1401.904670715332,352.1064638905227,52.187903977930546,154.36099192127585,45.69612796790898,165.38032150268555,8.700959920883179,32.90355157852173,5.969123601913452,cache_w8a8_m4k2v2,large_h6_n10_s100_wikics_arxiv,3ad691f9135ebeda351c27e4a5ed088b476ae0fa8fb08a1342134b594d9a827a,19.572864532470703,879.0288630127907,1502.8135385513306,411.8344973921776,16515072,2809344,2809344,2730
wikics,test,182,82,wikics:test:000082:35f6d185e3b60583,0,4085.036181,4085.01025390625,3962.649658,122.013362,224.64702557772398,42.58977901190519,6.951751187443733,3453.134506009519,196.76604843139648,3254.762481689453,58,0,1,126,0,1988.2292757034302,450.2465596171096,65.10310401953757,189.96793589927256,56.784863957203925,153.48617553710938,7.954784035682678,29.79257583618164,5.5325130224227905,cache_w8a8_m4k2v2,large_h6_n10_s100_wikics_arxiv,35f6d185e3b605830d55bd84ce5ae6b1b83d3a2650aed066131a57f509390d3d,19.51308822631836,810.3415692150593,2112.792375564575,351.141625136137,15204352,3363840,3363840,2520
wikics,test,183,83,wikics:test:000083:77934391d49ed365,0,3495.946292,3495.920654296875,3384.77787,110.778982,241.59555323421955,42.64478478580713,7.554681971669197,2850.5593920126557,208.45526504516602,2640.3603515625,64,0,1,90,0,1241.5695419311523,311.98124791122973,46.71043194364756,135.56041598320007,40.50873595289886,161.01123237609863,8.410240054130554,33.216416358947754,5.817376255989075,cache_w8a8_m4k2v2,large_h6_n10_s100_wikics_arxiv,77934391d49ed3653879241637d8d8b001cacd53af052f115b2bb037763f5039,19.59267234802246,892.7443175315857,1330.7824659347534,436.42624044418335,16777216,2416128,2416128,2772
wikics,test,184,84,wikics:test:000084:c558903a01f41d75,0,3305.908866,3305.8798828125,3197.64448,107.616229,251.66817288845778,42.61736664921045,7.488172501325607,2618.314277380705,213.52009201049805,2403.0980834960938,61,0,1,78,0,1070.1638736724854,268.7424959037453,40.232127954252064,118.08393609896302,34.736063959077,166.8905906677246,8.776032090187073,31.857600212097168,5.995869040489197,cache_w8a8_m4k2v2,large_h6_n10_s100_wikics_arxiv,c558903a01f41d753914e796ba14e2931a6d80a582dc0814370dd761c259f2a7,19.552799224853516,853.7553572058678,1147.257794380188,421.6377311348915,15990784,2022912,2022912,2646
wikics,test,185,85,wikics:test:000085:3ef7c5747bd481fb,0,3590.785826,3590.760009765625,3488.10098,102.296218,278.215273283422,42.741039767861366,7.364393211901188,2876.737190410495,251.52431869506836,2623.496612548828,62,0,1,90,0,1272.591199874878,348.169854875654,45.67055998928845,135.08342391252518,40.63692792877555,201.2050552368164,10.839775919914246,32.35247993469238,7.127007603645325,cache_w8a8_m4k2v2,large_h6_n10_s100_wikics_arxiv,3ef7c5747bd481fb781ef0c2cb0f24c3f560198245c327c89d36040b4c1ee9cc,19.647071838378906,865.3897291123867,1361.4742059707642,416.27974930405617,16252928,2337792,2337792,2688
wikics,test,186,86,wikics:test:000086:02f33170fe9a1014,0,3841.565806,3841.540283203125,3739.641249,101.578075,288.6375589296222,42.32980404049158,7.619230076670647,3139.9740176275373,198.35049438476562,2939.8817138671875,63,0,1,96,0,1569.3133182525635,338.20172811765224,48.8082240158692,384.51811356283724,42.780127953737974,152.1361598968506,7.857663989067078,32.851680278778076,5.504990220069885,cache_w8a8_m4k2v2,large_h6_n10_s100_wikics_arxiv,02f33170fe9a1014eaa7ab4fd2e7737c2cdef43b62f534ca66d6f930bea0f3d5,19.342687606811523,878.715681552887,1664.0601205825806,416.4485993385315,16515072,2580480,2580480,2730
wikics,test,187,87,wikics:test:000087:5e99a11f6629116f,0,2832.013338,2831.986328125,2725.002886,106.67544,246.54802586883307,42.62864962220192,6.725819781422615,2186.6679675877094,224.71395111083984,1960.4017333984375,56,0,1,54,0,739.7238435745239,186.39155214838684,26.937247972935438,80.50006401538849,24.72396795731038,179.8675193786621,9.587039947509766,28.85577630996704,6.403615474700928,cache_w8a8_m4k2v2,large_h6_n10_s100_wikics_arxiv,5e99a11f6629116fd08a82ba8d35c24398048b98ac3869fdfbaaaced09dd547e,19.66739273071289,783.9908788502216,793.0656957626343,403.0125515162945,14680064,1236480,1236480,2436
wikics,test,188,88,wikics:test:000088:661719a5706d2798,0,3611.402721,3611.378173828125,3509.199105,101.867629,262.1391760185361,42.5782622769475,7.322405464947224,2998.401933349669,176.57446479797363,2820.162872314453,61,0,1,108,0,1492.7150382995605,381.6925442731008,55.171584031544626,161.049631876871,47.87785592768341,133.12537574768066,6.833376169204712,31.742623805999756,4.873089075088501,cache_w8a8_m4k2v2,large_h6_n10_s100_wikics_arxiv,661719a5706d2798e1832429597e7d4d8bc6495443836e96584a4620e3966597,19.560415267944336,851.1900460422039,1599.3291463851929,389.2040951550007,15990784,2836992,2836992,2646
wikics,test,189,89,wikics:test:000089:0811b581634c9202,0,3682.226869,3682.201904296875,3575.559879,106.317728,292.8606765344739,42.68218204379082,7.569108158349991,2991.023810580373,267.4815979003906,2721.8131103515625,64,0,1,96,0,1329.8786582946777,342.1688642259687,48.98444801475853,143.8343039266765,42.95347195956856,215.1175994873047,11.562303900718689,33.316319942474365,7.485374569892883,cache_w8a8_m4k2v2,large_h6_n10_s100_wikics_arxiv,0811b581634c9202754ef09bc06883c1deaacc1ec2345102e3cee23457a2eb14,19.61008071899414,892.6514238417149,1424.7626552581787,424.00911197066307,16777216,2474496,2474496,2772
wikics,test,190,90,wikics:test:000090:7a6f588c7960f99a,0,3629.081652,3629.056396484375,3500.052468,128.667204,282.3997847735882,42.61567164212465,7.275537587702274,2930.98949175328,210.2830696105957,2719.001739501953,62,0,1,84,0,1157.7343664169312,291.93548766244203,42.67276799865067,127.69043188355863,37.637247962877154,163.60643005371094,8.587072014808655,32.193440437316895,5.896127104759216,cache_w8a8_m4k2v2,large_h6_n10_s100_wikics_arxiv,7a6f588c7960f99a36a1c6325dd09381821ed32292ec8ef9de564ccdc789c916,19.622751235961914,865.4223668277264,1240.5843210220337,632.617802888155,16252928,2219520,2219520,2688
wikics,test,191,91,wikics:test:000091:048f77cea8bd8173,0,3491.720328,3491.692626953125,3384.052997,107.260163,273.98230228573084,42.585539631545544,7.260389626026154,2862.7793258056045,204.44643020629883,2656.6783142089844,60,0,1,96,0,1341.8353309631348,347.2842876575887,48.476575972512364,150.29225595667958,44.574144002981484,159.29356575012207,8.311808109283447,31.10710382461548,5.733952522277832,cache_w8a8_m4k2v2,large_h6_n10_s100_wikics_arxiv,048f77cea8bd8173479140b32200897a6931e78a836def05ad85382e9253fcce,19.52876853942871,838.3477780520916,1437.1400022506714,400.7193024456501,15728640,2609664,2609664,2604
wikics,test,192,92,wikics:test:000092:7d809617c6bd3e1e,0,3558.521258,3558.49560546875,3456.479722,101.679444,253.47490701824427,42.52429399639368,7.499396800994873,2953.1736439093947,180.75209617614746,2770.700958251953,63,0,1,102,0,1399.7055969238281,350.30486403312534,51.794303987175226,153.98988793976605,45.7890879586339,136.04304122924805,6.936992049217224,32.797120094299316,4.9749428033828735,cache_w8a8_m4k2v2,large_h6_n10_s100_wikics_arxiv,7d809617c6bd3e1e57cc92bf7f69f76cb3ba72c0919f19f3316d1484b3e9841e,19.514272689819336,878.4656328558922,1500.4757099151611,411.27388817071915,16515072,2809344,2809344,2730
wikics,test,193,93,wikics:test:000093:322b3afcaa35f3c7,0,3374.328839,3374.3037109375,3266.257991,107.473104,257.10891280323267,42.540363036096096,7.303614169359207,2732.594412751496,216.65683364868164,2514.239501953125,62,0,1,84,0,1158.018720626831,292.9424640443176,43.29583998024464,126.6650560144335,37.720735950395465,169.30089569091797,8.978976011276245,32.29267168045044,6.084290266036987,cache_w8a8_m4k2v2,large_h6_n10_s100_wikics_arxiv,322b3afcaa35f3c71d509b1eaa067b1c9deb2f1fd9e38948dae3d548b5de4f83,19.551488876342773,865.3755843043327,1241.6187534332275,426.7966530919075,16252928,2219520,2219520,2688
wikics,test,194,94,wikics:test:000094:a005efdcd7c8715a,0,3366.027292,3366.00244140625,3258.68435,106.971532,261.2554272636771,42.744942009449005,6.9802915677428246,2701.682879589498,164.3948459625244,2535.65185546875,59,0,1,90,0,1252.1226558685303,323.2053760252893,45.908031965605915,135.2417599502951,40.193151980638504,123.29321479797363,6.283263921737671,30.276607990264893,4.541759252548218,cache_w8a8_m4k2v2,large_h6_n10_s100_wikics_arxiv,a005efdcd7c8715aa8fad232b75159e3190c49386d6e22f9d83ff1ba334960c2,19.683488845825195,824.1288630664349,1340.8992338180542,390.30724743008614,15466496,2224128,2224128,2562
wikics,test,195,95,wikics:test:000095:d668389de14e05fb,0,2938.275433,2938.25048828125,2820.829668,117.101483,241.0390842705965,42.96942241489887,6.928316317498684,2323.0525478720665,178.8161277770996,2142.6585083007812,57,0,1,48,0,895.7644424438477,170.01011223066598,23.91439998149872,305.7876525595784,21.7648639800027,137.28767776489258,7.070048093795776,29.480095863342285,4.97830605506897,cache_w8a8_m4k2v2,large_h6_n10_s100_wikics_arxiv,d668389de14e05fb64f040eb1d30df390da23556d25ad8a665fb85d39595048c,19.5849609375,799.1234220564365,943.1272325515747,419.99281463027,14942208,1039872,1039872,2478
wikics,test,196,96,wikics:test:000096:da21905a8cb96e44,0,2890.178353,2890.1533203125,2767.65068,122.172066,266.06578938663006,44.112726114690304,6.923037581145763,2202.768321149051,194.48444747924805,2006.6776733398438,58,0,1,54,0,743.4894409179688,186.5787200462073,27.14377597440034,81.3353599049151,24.130367973819375,151.40387344360352,7.822528004646301,29.783711910247803,5.474334120750427,cache_w8a8_m4k2v2,large_h6_n10_s100_wikics_arxiv,da21905a8cb96e44856130f52c5c36dc7e212f58af78856eb7e3901a67b9533e,21.094175338745117,810.241151869297,796.790753364563,420.73994344472885,15204352,1236480,1236480,2520
wikics,test,197,97,wikics:test:000097:322b174a79431b1f,0,3745.615273,3745.589599609375,3627.858152,117.391271,276.5680616721511,43.8915966078639,7.47345108538866,2964.821091853082,235.35132217407227,2727.7320251464844,64,0,1,96,0,1335.2584342956543,341.5703360000625,49.98652795702219,143.15955188684165,42.66502395179123,185.6294403076172,9.809120059013367,33.30124759674072,6.611514210700989,cache_w8a8_m4k2v2,large_h6_n10_s100_wikics_arxiv,322b174a79431b1fa466fe9d6c4146656cfc4021c19412a8ee526263102c0b0d,20.92265510559082,894.0372477769852,1429.814691543579,424.8027409315109,16777216,2523648,2523648,2772
wikics,test,198,98,wikics:test:000098:23be48b489bd9fb1,0,3558.303609,3558.279052734375,3456.405603,101.537535,267.34676118940115,42.58895851671696,7.29750283062458,2802.5016831234097,202.99356842041016,2597.8076782226562,62,0,1,90,0,1244.1628150939941,317.0311039350927,45.63459201250225,139.58262395113707,40.97292799130082,156.93599891662598,8.283167958259583,32.127392292022705,5.647009253501892,cache_w8a8_m4k2v2,large_h6_n10_s100_wikics_arxiv,23be48b489bd9fb14fe360697fdf38ded476b0d934c1ba487c6b7cd9272b87df,19.564064025878906,865.4129604399204,1333.3806400299072,418.5781417787075,16252928,2374656,2374656,2688
wikics,test,199,99,wikics:test:000099:25d922430a6078eb,0,3122.877839,3122.853271484375,3014.694425,107.507225,265.3165813535452,42.66028106212616,7.132695987820625,2437.452140264213,158.06166648864746,2277.783966064453,58,0,1,72,0,1009.134687423706,259.66636820323765,37.096479987725616,108.8639039453119,32.62886396236718,117.94371223449707,6.01500803232193,29.74294424057007,4.360001981258392,cache_w8a8_m4k2v2,large_h6_n10_s100_wikics_arxiv,25d922430a6078eb827beb56e89fee9ffb162a0dff995eeecaf2bfa300f2b08d,19.593151092529297,810.5855041444302,1082.7717456817627,404.01986733078957,15204352,1743360,1743360,2520
wikics,val,0,0,wikics:val:000000:fef527b25a18161e,1,2950.351773,2950.3173828125,2815.869865,133.783707,314.00500796735287,390.2671951800585,6.7284731194376945,1898.6198902130127,149.95698928833008,1746.7824096679688,54,0,1,36,0,545.8617610931396,142.45331233553588,18.051392005756497,59.7745600938797,18.98092805594206,112.40438270568848,5.562655985355377,27.607519149780273,4.382431447505951,cache_w8a8_m4k2v2,large_h6_n10_s100_wikics_arxiv,fef527b25a18161e02256c9a22a5fcb64ea189b88fbf1c593a16f7cef2386a5f,139.86192321777344,762.7010564208031,582.1214399337769,541.8218365311623,14155776,646656,646656,2352
wikics,val,1,1,wikics:val:000001:800111c04191b913,1,2633.386548,2633.36767578125,2530.367732,102.662816,67.0691104605794,42.87722148001194,6.813881918787956,2163.9231080189347,167.9067840576172,1994.441650390625,57,0,1,48,0,741.1943321228027,172.31641593202949,24.86867194902152,75.23958393931389,22.256287993863225,127.37996673583984,6.577247977256775,29.258816242218018,4.690753102302551,cache_w8a8_m4k2v2,large_h6_n10_s100_wikics_arxiv,800111c04191b91313016b0068c7e73134e69c8f1fbc1fa3f47adef8e93827f2,19.759584426879883,800.6222721040249,789.4119634628296,424.1669992506504,14942208,1039872,1039872,2478
wikics,val,2,2,wikics:val:000002:55b16141b752157a,1,3322.290278,3322.27294921875,3219.194535,102.762793,66.7781550437212,42.85518918186426,7.5411684811115265,2874.139725230634,231.92396926879883,2640.5009765625,63,0,1,90,0,1258.142053604126,317.1340158674866,47.27289594523609,140.25622395426035,41.75657600816339,185.97865676879883,7.8357439041137695,32.6078085899353,5.501760005950928,cache_w8a8_m4k2v2,large_h6_n10_s100_wikics_arxiv,55b16141b752157aa1fbd4558cf493bf5089fa23bda74c0284125c7c88e21247,19.737247467041016,882.2830400764942,1348.359676361084,429.5955075919628,16515072,2416128,2416128,2730
wikics,val,3,3,wikics:val:000003:eb55f467ab494142,1,2250.292923,2250.273193359375,2126.542859,123.419619,51.1389272287488,42.93880797922611,6.336856633424759,1802.8154568746686,127.29494285583496,1674.0348510742188,53,0,1,36,0,508.7231378555298,134.1226559150964,17.846367972902954,56.59619201719761,16.827167998068035,91.91977596282959,4.6447999477386475,27.263904094696045,3.4664628505706787,cache_w8a8_m4k2v2,large_h6_n10_s100_wikics_arxiv,eb55f467ab49414223cbb42727548425fb72d6d25ba1e2ef78c9b8b316f07388,19.81488037109375,745.1040664613247,544.7674589157104,403.97820606827736,13893632,646656,646656,2310
wikics,val,4,4,wikics:val:000004:94369875875c7eda,1,2866.883357,2866.86572265625,2764.331525,102.224385,56.28949776291847,42.91012976318598,6.935166195034981,2350.64528696239,141.59363174438477,2207.4446716308594,58,0,1,66,0,933.5531187057495,240.8596481885761,34.2646399596706,104.24246407672763,31.147295997478068,102.95475387573242,5.216223955154419,29.55555248260498,3.8671014308929443,cache_w8a8_m4k2v2,large_h6_n10_s100_wikics_arxiv,94369875875c7eda426ac2e378c77a4b45c69b105d096621273459492e79a002,19.833887100219727,813.3519685566425,999.8357448577881,414.0908453166485,15204352,1629696,1629696,2520
wikics,val,5,5,wikics:val:000005:2ea19046bdd6fc0b,1,3854.191802,3854.17529296875,3750.718618,103.102246,61.61173619329929,42.78747737407684,7.657517679035664,3426.5214102342725,257.04409408569336,3167.739776611328,64,0,1,108,0,1761.141019821167,395.04550382029265,57.05523194745183,170.04694407247007,50.54416000191122,209.32646369934082,8.742688059806824,32.949920654296875,6.02502167224884,cache_w8a8_m4k2v2,large_h6_n10_s100_wikics_arxiv,2ea19046bdd6fc0b113221315bcbf4019385f97ac493ef3f6da0ff2ddbc69c2a,19.722688674926758,896.1862093806267,1870.0997896194458,421.1764662861824,16777216,2964480,2964480,2772
wikics,val,6,6,wikics:val:000006:deb97ed4b3c8ddd7,1,520.274528,520.2507934570312,412.721473,107.308748,3.4316275268793106,53.78727335482836,0.45379437506198883,344.4152660667896,5.061855971813202,338.9769287109375,3,0,1,18,0,251.97404670715332,64.8141760295257,8.625151994638145,28.573312036693096,8.586047990247607,2.7136320173740387,0.16806400008499622,1.950655996799469,0.229503957554698,cache_w8a8_m4k2v2,large_h6_n10_s100_wikics_arxiv,deb97ed4b3c8ddd7bdb39f4af5fcaad656c9c608bfc05ecb40b7af499c9ba112,20.226272583007812,62.215391933918,270.08105659484863,26.90675276517868,786432,241152,241152,210
wikics,val,7,7,wikics:val:000007:d7f4428cc84938c0,1,2548.181222,2548.162353515625,2440.181847,107.690486,56.25439714640379,42.55830682814121,6.72562513500452,2099.115110002458,168.0319061279297,1929.5049438476562,57,0,1,48,0,676.884768486023,173.18793611973524,24.92175999749452,75.48569602891803,22.614751976914704,127.47049522399902,6.560639977455139,29.305824279785156,4.694946646690369,cache_w8a8_m4k2v2,large_h6_n10_s100_wikics_arxiv,d7f4428cc84938c0ff422730accf1af7811fdbfe47c2a8963dc760c9d780173f,19.638208389282227,799.7556165158749,725.065052986145,424.3224827349186,14942208,1039872,1039872,2478
wikics,val,8,8,wikics:val:000008:a2de623bf3821acb,1,3253.948748,3253.930908203125,3129.914471,123.70757,60.913133434951305,42.654555290937424,7.599720731377602,2770.447012037039,200.29698944091797,2568.452117919922,62,0,1,84,0,1205.9200601577759,317.049344482366,44.7676799884066,132.07801600173116,39.55238401051611,154.70550346374512,8.052128076553345,31.909728527069092,5.629629373550415,cache_w8a8_m4k2v2,large_h6_n10_s100_wikics_arxiv,a2de623bf3821acb00081deda324d566d32c497bd1f73e5fe2b363af6e34451e,19.657567977905273,869.0803828537464,1290.36070728302,428.6685957610607,16252928,2032128,2032128,2688
wikics,val,9,9,wikics:val:000009:5ddc4ad1ca6bddb9,1,3219.349375,3219.3310546875,3100.230603,118.789945,56.405654177069664,42.826502583920956,6.982810795307159,2728.6871997639537,155.82678604125977,2571.2361755371094,59,0,1,90,0,1275.7177925109863,326.38454427104443,47.79561595991254,142.5478399321437,42.049695981666446,115.47238731384277,5.887103974819183,30.16745615005493,4.299838602542877,cache_w8a8_m4k2v2,large_h6_n10_s100_wikics_arxiv,5ddc4ad1ca6bddb9f2fbe2619a4cc5bfc948088c83072c92fb9968043dfe40b7,19.78451156616211,827.2977605462074,1365.934754371643,397.788172185421,15466496,2299392,2299392,2562
wikics,val,10,10,wikics:val:000010:a657f4dc57cb7b3b,1,508.611162,508.586669921875,405.454844,102.925886,7.1638841181993484,42.553432285785675,0.4493463784456253,344.4845452904701,4.729951977729797,339.3801956176758,3,0,1,18,0,252.38198375701904,64.79990390408784,8.953759970143437,29.212416004389524,8.40256000123918,2.420864015817642,0.16473599895834923,1.9149440228939056,0.22940794005990028,cache_w8a8_m4k2v2,large_h6_n10_s100_wikics_arxiv,a657f4dc57cb7b3bcdd5ce3c72500c507c0f17ae67e675802318c7fef9afe2d3,19.69526481628418,62.21071994304657,270.4957103729248,26.369030117988586,786432,241152,241152,210
wikics,val,11,11,wikics:val:000011:dfa124f13dbb8595,1,3800.203851,3800.178955078125,3680.195945,119.612343,57.19225201755762,43.22178941220045,6.996674463152885,3258.6199706420302,263.74355697631836,2993.23876953125,59,0,1,102,0,1689.345220565796,367.38880007434636,290.58018873725086,161.19660797342658,50.89695991482586,214.0705909729004,11.603775978088379,30.559808254241943,7.5093817710876465,cache_w8a8_m4k2v2,large_h6_n10_s100_wikics_arxiv,dfa124f13dbb859594d45abc92fc99eb41ed65a49c8cb209db0ee462a00191e7,19.641183853149414,828.2647034525871,1793.9608011245728,390.65444880723953,15466496,2809344,2809344,2562
wikics,val,12,12,wikics:val:000012:b25c6bff127a88c6,1,3401.558997,3401.53759765625,3293.454541,107.74273,66.77788402885199,43.2619396597147,7.26237241178751,2908.96965097636,277.9727668762207,2629.314208984375,61,0,1,90,0,1285.5468816757202,332.09820795897394,47.49987193848938,142.3095679692924,42.364319992251694,225.96275329589844,12.164767861366272,31.935455799102783,7.9097899198532104,cache_w8a8_m4k2v2,large_h6_n10_s100_wikics_arxiv,b25c6bff127a88c663a84dd45840dc6a75f4ae919fa79751a93982ca913e58f8,19.819679260253906,855.6616657972336,1376.3789157867432,417.09330666065216,15990784,2248704,2248704,2646
wikics,val,13,13,wikics:val:000013:f7ec35bb559bff78,1,2567.164753,2567.142578125,2463.261828,103.425182,55.99713884294033,43.110678903758526,6.863699294626713,2095.2702164649963,169.62377548217773,1924.0772094726562,56,0,1,48,0,681.9597415924072,176.02275196183473,24.69167997688055,76.52137605473399,22.646240000613034,129.6609592437744,6.677120089530945,28.53267192840576,4.753024220466614,cache_w8a8_m4k2v2,large_h6_n10_s100_wikics_arxiv,f7ec35bb559bff78b63dfdea8a3808323d3557dd6b3c1c55ebd48800dabbb38e,19.869535446166992,788.428831577301,730.355489730835,425.16242361068726,14680064,1039872,1039872,2436
wikics,val,14,14,wikics:val:000014:cd0465d485a7b221,1,2692.074683,2692.052734375,2588.350719,103.349011,57.61019233614206,43.04826259613037,7.054968737065792,2200.0180119648576,172.49446296691895,2025.9355163574219,57,0,1,54,0,765.9075193405151,194.90249606315047,28.257919969037175,87.56220792979002,25.298367985524237,131.58720207214355,6.742975950241089,29.347455978393555,4.816828966140747,cache_w8a8_m4k2v2,large_h6_n10_s100_wikics_arxiv,cd0465d485a7b2212f8c13a4132eb2ed270289c0ec06183ceead64db97a598de,19.80246353149414,799.7903994321823,821.8707828521729,424.07679760456085,14942208,1236480,1236480,2478
wikics,val,15,15,wikics:val:000015:760ce76542a910c8,1,2707.923384,2707.901123046875,2599.534011,108.022559,67.90651753544807,43.00101660192013,7.133368402719498,2283.083453774452,156.73632049560547,2124.7342224121094,58,0,1,60,0,846.2141742706299,214.87974393554032,30.83334395941347,94.84879998117685,27.99558400735259,116.81628799438477,5.945312023162842,29.63868808746338,4.336032390594482,cache_w8a8_m4k2v2,large_h6_n10_s100_wikics_arxiv,760ce76542a910c82715bdb1556e1b99c877f5e3ff11acfe5cdb9dec223f2bec,19.810367584228516,813.0679360032082,907.8693752288818,423.6072787642479,15204352,1433088,1433088,2520
wikics,val,16,16,wikics:val:000016:ecc418214a33ddfc,1,3374.047015,3374.025634765625,3249.873402,123.824584,65.56283589452505,44.42283883690834,7.784707471728325,2838.7565948069096,263.5636863708496,2573.4586791992188,63,0,1,84,0,1181.8633260726929,298.58243223279715,45.70044796727598,131.71651201695204,39.01260798238218,211.79718399047852,11.370239973068237,32.943199634552,7.4530627727508545,cache_w8a8_m4k2v2,large_h6_n10_s100_wikics_arxiv,ecc418214a33ddfc30aad81571b5ed75b95998d50ad30efd13d1a0853a4c7a97,21.014976501464844,884.8902404606342,1267.6212148666382,441.9622003734112,16515072,2219520,2219520,2730
wikics,val,17,17,wikics:val:000017:30966d3fabbbe966,1,3565.936052,3565.914794921875,3457.12589,108.378498,63.95210791379213,43.04644837975502,7.759335450828075,3022.4201399832964,214.70611572265625,2805.96826171875,63,0,1,78,0,1411.8459281921387,614.0426778858528,38.797696037217975,128.93494394794106,38.18848002329469,167.0709743499756,8.778752088546753,32.83062410354614,6.0257651805877686,cache_w8a8_m4k2v2,large_h6_n10_s100_wikics_arxiv,30966d3fabbbe96640c8cbdf2e720544bf71af0cd8c950c087a1a2db14bd743b,19.918367385864258,882.2543989121914,1492.24365234375,451.38857784867287,16515072,1910784,1910784,2730
wikics,val,18,18,wikics:val:000018:40b87fe5b3865c25,1,3024.167586,3024.14599609375,2899.478586,123.990707,65.93811977654696,42.975565418601036,8.846287615597248,2500.282557681203,191.60319900512695,2307.0062255859375,60,0,1,72,0,978.6137609481812,242.0402240632102,40.3191040745005,119.40566401556134,36.30547204706818,147.55983924865723,7.6675519943237305,31.008671760559082,5.367136001586914,cache_w8a8_m4k2v2,large_h6_n10_s100_wikics_arxiv,40b87fe5b3865c25b0fea0abae1f6a31a4b30ceff215077141910a5c4cdb9017,19.66307258605957,841.5192323029041,1051.346076965332,433.8039889037609,15728640,1807872,1807872,2604
wikics,val,19,19,wikics:val:000019:c948629294047854,1,2712.314037,2712.291015625,2587.978777,123.941727,57.63579346239567,43.07206720113754,7.009022869169712,2192.723711952567,162.92348670959473,2028.1920166015625,57,0,1,54,0,771.9879674911499,199.47955198492855,28.100351973436773,87.11404805630445,25.599168005399406,122.76045036315918,6.273599863052368,29.358815670013428,4.530620813369751,cache_w8a8_m4k2v2,large_h6_n10_s100_wikics_arxiv,c9486292940478548025bcd39f69bde038c73dc44280ada5e32b7ae0cd0c59c4,19.86252784729004,799.9473607242107,826.4156465530396,421.69153717160225,14942208,1236480,1236480,2478
wikics,val,20,20,wikics:val:000020:e9a52cacfc1321d3,1,2297.811554,2297.788818359375,2157.532533,139.95493,62.06952407956123,42.80302952975035,6.263596937060356,1850.8454728871584,126.64291000366211,1722.7657775878906,51,0,1,42,0,597.3060159683228,155.42159984167665,21.312128036282957,67.14646399393678,19.598400003276765,92.51942348480225,4.662176012992859,26.00614356994629,3.4551669359207153,cache_w8a8_m4k2v2,large_h6_n10_s100_wikics_arxiv,e9a52cacfc1321d3be6f10a0439a054242d79fd11875bc865a4ea4dadbd64e1e,19.719392776489258,717.495458304882,639.6229381561279,385.3667739033699,13369344,843264,843264,2226
wikics,val,21,21,wikics:val:000021:f6fad06d0182fdac,1,2574.710396,2574.6875,2471.618465,102.749771,56.298200972378254,42.95339994132519,6.8909963592886925,2069.126877002418,141.5948143005371,1925.975341796875,56,0,1,48,0,688.1215057373047,180.38403191789985,24.651839958503842,77.16867199167609,22.622655984014273,103.95110511779785,5.234464049339294,28.525535583496094,3.8837095499038696,cache_w8a8_m4k2v2,large_h6_n10_s100_wikics_arxiv,f6fad06d0182fdac16ade7c80ae6ba48ecadf3df08778ef7a76990d17d09763f,19.725215911865234,785.6214071810246,736.2482557296753,423.8308947980404,14680064,1024512,1024512,2436
wikics,val,22,22,wikics:val:000022:d785569b8bb4a8d7,1,3251.512304,3251.489013671875,3142.579765,108.483544,63.58382664620876,43.12839638441801,7.817144505679607,2719.2650260403752,214.44354629516602,2503.0831298828125,63,0,1,78,0,1112.0769290924072,286.763520129025,41.03235195111483,123.49910403415561,36.599743988364935,166.83795166015625,8.782528042793274,32.80937623977661,6.01369035243988,cache_w8a8_m4k2v2,large_h6_n10_s100_wikics_arxiv,d785569b8bb4a8d717e83bb8c9fff3658fc9cccc846cdee9551cd8d56685150b,19.7923526763916,882.2987190783024,1190.650526046753,449.9262374341488,16515072,2022912,2022912,2730
wikics,val,23,23,wikics:val:000023:30e8db22a669492e,1,3511.560498,3511.536865234375,3386.756816,124.284178,321.8378471210599,43.50267071276903,7.769252173602581,2761.4539358764887,200.74658966064453,2558.9901123046875,62,0,1,84,0,1191.8500509262085,301.724384280853,44.82671995367855,133.20067213103175,39.3438080009073,155.0449275970459,8.058303952217102,32.01196765899658,5.631390452384949,cache_w8a8_m4k2v2,large_h6_n10_s100_wikics_arxiv,30e8db22a669492e9181fdd4dfa056fe4fed95a4be6d84373feae62fc8032f91,19.965024948120117,868.6824325025082,1276.4507188796997,433.82198587059975,16252928,2219520,2219520,2688
wikics,val,24,24,wikics:val:000024:9c2eb6f46cefd34c,1,4114.29143,4114.2685546875,4010.809193,103.110552,68.34714487195015,42.98926331102848,7.784024812281132,3624.084370210767,356.0984306335449,3266.2667236328125,63,0,1,132,0,1878.1481285095215,477.12716830614954,71.40201591327786,208.49174405261874,62.499391969293356,296.7780456542969,16.18134379386902,33.029183864593506,10.109857320785522,cache_w8a8_m4k2v2,large_h6_n10_s100_wikics_arxiv,9c2eb6f46cefd34c6f201303a1ad616670a71668823f3b38a391df90dfd6daff,19.74358367919922,882.793694883585,2011.1621770858765,392.0544353425503,16515072,3741696,3741696,2730
wikics,val,25,25,wikics:val:000025:c748180b049621a4,1,3729.917648,3729.89208984375,3621.118732,108.43852,66.36918522417545,43.00325270742178,9.090154431760311,3258.9131901040673,259.54524993896484,2997.6639099121094,62,0,1,114,0,1633.8768005371094,422.86083211842924,60.59961592592299,182.88595219329,52.78950398508459,208.76707458496094,11.19209599494934,32.23068857192993,7.355390787124634,cache_w8a8_m4k2v2,large_h6_n10_s100_wikics_arxiv,c748180b049621a4c7d3ed44f5609aeec104f7702d160cca2428f5a72b9841e5,19.785856246948242,868.2137593924999,1748.7406778335571,400.49532893300056,16252928,3167232,3167232,2688
wikics,val,26,26,wikics:val:000026:f66b2c37f14c407f,1,3453.676929,3453.651123046875,3350.109454,103.171734,63.28396499156952,42.96975024044514,7.769819349050522,2998.7644758075476,204.42598342895508,2792.6005249023438,63,0,1,84,0,1405.446491241455,302.24227189831436,44.42070390097797,132.41795196011662,256.22261774912477,157.7199993133545,8.191392064094543,32.80627202987671,5.7083200216293335,cache_w8a8_m4k2v2,large_h6_n10_s100_wikics_arxiv,f66b2c37f14c407f4410ff66afbbac91c836532c19438c2e5923e57377491908,19.829055786132812,882.0491225123405,1491.2961683273315,439.0842898488045,16515072,2219520,2219520,2730
wikics,val,27,27,wikics:val:000027:19b7a4b1069f0703,1,3642.217634,3642.19287109375,3533.881521,107.972088,61.43995374441147,43.09837240725756,7.660062983632088,3106.0804408043623,208.18041229248047,2896.1957397460938,62,0,1,108,0,1530.3146896362305,387.1444483064115,57.51180790737271,170.65398406609893,51.35091200657189,161.68115234375,8.501791954040527,32.16943979263306,5.828028202056885,cache_w8a8_m4k2v2,large_h6_n10_s100_wikics_arxiv,19b7a4b1069f0703e42e1662d1626fa830f58a56b61b61ac44a24e6ebe2d28c4,19.8822078704834,869.8230394124985,1639.0721588134766,407.1827493906021,16252928,3005952,3005952,2688
wikics,val,28,28,wikics:val:000028:6dcccc0dadc0f236,1,3352.885265,3352.86083984375,3244.062738,108.457788,63.031733967363834,42.896272614598274,7.881141267716885,2869.0292946994305,178.80867385864258,2688.470916748047,64,0,1,90,0,1274.401123046875,326.9663684712723,47.579615944065154,142.57049603760242,42.00531199108809,134.01206398010254,6.851935982704163,33.01372766494751,4.930946230888367,cache_w8a8_m4k2v2,large_h6_n10_s100_wikics_arxiv,6dcccc0dadc0f2368546ab77570060956e54caca780c3fae3797dd17561f56c2,19.786943435668945,899.397472858429,1364.833631515503,444.02675580978394,16777216,2323968,2323968,2772
wikics,val,29,29,wikics:val:000029:b57c0c6c616584fa,1,2681.688841,2681.665283203125,2578.389043,102.909389,56.2526723369956,42.920924723148346,6.851807236671448,2214.7045908495784,132.4645767211914,2080.6770629882812,56,0,1,60,0,848.1203203201294,219.46902406495064,31.544607942923903,94.94774408265948,27.936639990657568,95.53116798400879,4.790879905223846,28.545695781707764,3.596833050251007,cache_w8a8_m4k2v2,large_h6_n10_s100_wikics_arxiv,b57c0c6c616584fa3175a1053d4a5943c17cc66406ff67582d00320f05ece863,19.75814437866211,786.0029781758785,908.3800964355469,406.05213275551796,14680064,1433088,1433088,2436
wikics,val,30,30,wikics:val:000030:46cf5a7590979b07,1,3455.269357,3455.2451171875,3346.116466,108.663135,60.23430731147528,42.77548659592867,7.486848160624504,3013.4395277127624,219.48550415039062,2792.2749938964844,61,0,1,102,0,1447.1923532485962,363.22812811657786,55.41295993793756,161.78617603331804,48.001824020408094,172.27315139770508,9.144160151481628,31.892800331115723,6.175392270088196,cache_w8a8_m4k2v2,large_h6_n10_s100_wikics_arxiv,46cf5a7590979b072621f92b0e45b838461f0910879853929265a05ebd40704a,19.67731285095215,855.4631047546864,1550.0354595184326,406.45374247431755,15990784,2809344,2809344,2646
wikics,val,31,31,wikics:val:000031:2addc42d7b620b3e,1,3476.915586,3476.890625,3373.229315,103.295177,309.4763671979308,43.43168158084154,7.78646394610405,2742.4825048074126,169.52819061279297,2571.2128295898438,63,0,1,84,0,1186.6729907989502,303.08912039455026,44.495103972032666,133.10243209451437,38.85571195092052,125.77084732055664,6.374848008155823,32.73596811294556,4.646527171134949,cache_w8a8_m4k2v2,large_h6_n10_s100_wikics_arxiv,2addc42d7b620b3eafd7d208a11026fbe79e6857e28c706cb3b0e8c837b03eca,19.94780731201172,881.7646425962448,1271.1321935653687,438.263800740242,16515072,2219520,2219520,2730
wikics,val,32,32,wikics:val:000032:57bb329b74f81197,1,3035.69605,3035.671142578125,2926.92666,108.446841,62.83528730273247,42.79655963182449,7.503114640712738,2557.409780099988,190.6773452758789,2365.0421447753906,61,0,1,72,0,1021.3061437606812,264.1659838985652,37.55446395743638,114.1875519528985,33.40025600232184,146.08377647399902,7.524864196777344,31.755040168762207,5.313664436340332,cache_w8a8_m4k2v2,large_h6_n10_s100_wikics_arxiv,57bb329b74f81197f5f742a2fa3620e0c9193252afe609c679c1e02045e2ac49,19.703136444091797,856.5594874918461,1093.6776285171509,434.50816521048546,15990784,1818624,1818624,2646
wikics,val,33,33,wikics:val:000033:894e26b9ae45c623,1,3199.675799,3199.650390625,3090.985789,108.336427,63.244085758924484,42.89400950074196,7.523719221353531,2738.983055576682,209.68239974975586,2527.6078491210938,61,0,1,84,0,1183.1519355773926,300.75190402101725,44.211327942088246,132.4301760159433,39.11471999529749,163.42822647094727,8.587744116783142,31.790111541748047,5.876317620277405,cache_w8a8_m4k2v2,large_h6_n10_s100_wikics_arxiv,894e26b9ae45c623e068a70ab0e34df3ae778a61aa50d8aa35d698f67ec35e98,19.774080276489258,855.0412786602974,1267.6976013183594,424.64304941892624,15990784,2219520,2219520,2646
wikics,val,34,34,wikics:val:000034:65ae31af463d1b89,1,3478.936386,3478.911376953125,3374.926016,103.661953,65.44436886906624,42.83989779651165,7.517004385590553,3031.595495529473,219.12530899047852,2810.774627685547,61,0,1,102,0,1465.3028192520142,378.93395196367055,54.218431955203414,160.57763201743364,47.77155199367553,171.96175956726074,9.090783953666687,31.896479606628418,6.1762858629226685,cache_w8a8_m4k2v2,large_h6_n10_s100_wikics_arxiv,65ae31af463d1b892011e51a76568ca922eeec0df8a5154042715bf1a7c494d9,19.725343704223633,854.85119754076,1567.8767728805542,407.77200096845627,15990784,2734080,2734080,2646
wikics,val,35,35,wikics:val:000035:4693474df4e8fbf5,1,3690.947694,3690.9208984375,3581.894217,108.678147,65.91178942471743,42.9184939712286,7.659238763153553,3120.0425485149026,265.0287666320801,2853.2970275878906,62,0,1,90,0,1271.1710405349731,322.62451175414026,47.25148793309927,142.15795209258795,41.70198399014771,213.6656608581543,11.536831855773926,32.30153560638428,7.524738311767578,cache_w8a8_m4k2v2,large_h6_n10_s100_wikics_arxiv,4693474df4e8fbf5fdfd2d96bf57a7b6aabfe78ad448c8e80d959c4101a1f662,19.794368743896484,868.667871505022,1576.7764492034912,427.64707562327385,16252928,2416128,2416128,2688
wikics,val,36,36,wikics:val:000036:0759714d0e26521e,1,3208.611153,3208.581787109375,3104.540016,103.697141,61.469295993447304,43.204810470342636,7.692783139646053,2722.9565996676683,182.58233642578125,2538.698760986328,60,0,1,84,0,1209.7477378845215,311.2208640584722,44.480799936689436,133.32527993619442,39.888863989152014,139.3026580810547,7.1484479904174805,31.05190372467041,5.079326629638672,cache_w8a8_m4k2v2,large_h6_n10_s100_wikics_arxiv,0759714d0e26521e91834222ac4f5b5afd29c0eff6aa294be5e1a3766dc065c1,19.87161636352539,841.0584003925323,1294.3724145889282,423.13956236839294,15728640,2204160,2204160,2604
wikics,val,37,37,wikics:val:000037:a7f56af4cb70732b,1,3684.585679,3684.558837890625,3573.597251,110.305583,64.90105763077736,43.24036184698343,7.8705307096242905,3134.2368349432945,208.06143951416016,2924.4356079101562,62,0,1,108,0,1553.4838361740112,404.38972839247435,57.48387189954519,170.97334403172135,52.12127999402583,161.63308715820312,8.465120077133179,32.13238477706909,5.830847501754761,cache_w8a8_m4k2v2,large_h6_n10_s100_wikics_arxiv,a7f56af4cb70732bb9074d50d48be472e73eaf5ac49d42d90c7fb997a871ce21,19.891103744506836,870.4475492537022,1662.3585929870605,411.5205694139004,16252928,2970624,2970624,2688
wikics,val,38,38,wikics:val:000038:dad46ac500c3e985,1,3416.110904,3416.084716796875,3313.541523,102.190841,73.53474199771881,43.13838016241789,7.794496603310108,2862.63482645154,182.40518188476562,2678.4927978515625,63,0,1,90,0,1288.4240283966064,330.4776641000062,47.753055930137634,144.61411215364933,42.30524798948318,137.58947372436523,7.007455945014954,32.77292823791504,5.035323977470398,cache_w8a8_m4k2v2,large_h6_n10_s100_wikics_arxiv,dad46ac500c3e9857482209283c5f91bd4729e6956984bc291919024cf405ee8,19.845504760742188,882.5348477363586,1380.346534729004,435.45692014694214,16515072,2353152,2353152,2730
wikics,val,39,39,wikics:val:000039:53e5be2b68e5930e,1,3818.493305,3818.466796875,3693.304372,124.770608,60.374801978468895,42.815844528377056,7.240028120577335,3276.8398532643914,263.84009170532227,3011.3418884277344,59,0,1,102,0,1700.5388402938843,372.8284477284178,56.528096039779484,403.84127401560545,47.862432012334466,214.17638778686523,11.570112109184265,30.60553550720215,7.488056302070618,cache_w8a8_m4k2v2,large_h6_n10_s100_wikics_arxiv,53e5be2b68e5930eb72e6abd780a479e5ec14029f6796037de28e272d8d08878,19.736255645751953,829.8474260270596,1803.5778465270996,397.65287151932716,15466496,2798592,2798592,2562
wikics,val,40,40,wikics:val:000040:f5c8ec8453d3a18e,1,2294.544422,2294.519287109375,2190.90324,103.314044,58.28940309584141,43.18215511739254,6.646529771387577,1864.9682989344,160.99776077270508,1702.4480895996094,54,0,1,36,0,508.4332151412964,130.75500790961087,18.07459199987352,57.53513604030013,16.943551994860172,122.39046478271484,6.313503861427307,27.782560348510742,4.511231780052185,cache_w8a8_m4k2v2,large_h6_n10_s100_wikics_arxiv,f5c8ec8453d3a18e3d258c2f5898202e9d148044b51ad92e9766efccc4a3c27c,19.81590461730957,760.0701740980148,544.5876808166504,417.6061393022537,14155776,646656,646656,2352
wikics,val,41,41,wikics:val:000041:0a1aea6f2ab10ebb,1,4069.43014,4069.39599609375,3965.816581,103.261793,68.66650376468897,42.6956107839942,7.748446427285671,3526.5284664928913,275.909725189209,3248.8911743164062,63,0,1,132,0,1862.9056005477905,470.4239041674882,70.44172788597643,208.16998410597444,61.16185599844903,222.97744369506836,12.078143835067749,33.05407953262329,7.800058126449585,cache_w8a8_m4k2v2,large_h6_n10_s100_wikics_arxiv,0a1aea6f2ab10ebbb8741837ad5f8891fe42bfc4bfa6ca2c2c4141a32360b0e7,19.68854331970215,882.5511693656445,1995.7427854537964,390.28576281666756,16515072,3792384,3792384,2730
wikics,val,42,42,wikics:val:000042:6b1dd5c3859cc886,1,3237.577161,3237.550537109375,3128.883783,108.35542,63.080789521336555,42.882587760686874,7.913406006991863,2745.4073997214437,169.66973114013672,2574.0031127929688,63,0,1,84,0,1186.2147789001465,299.24707193952054,44.111807943321764,132.10089603811502,38.813439971767366,125.87017631530762,6.380703926086426,32.77548789978027,4.643362998962402,cache_w8a8_m4k2v2,large_h6_n10_s100_wikics_arxiv,6b1dd5c3859cc886d64cde0c7ecb8890de634840ab945555bc2408dbb9643e78,19.77654457092285,882.2733117640018,1270.6181421279907,440.88820347189903,16515072,2219520,2219520,2730
wikics,val,43,43,wikics:val:000043:5164e28991dfba94,1,2899.281641,2899.255859375,2774.523235,124.436055,57.52207338809967,42.97295771539211,7.093172520399094,2384.6869682893157,172.56867218017578,2210.499755859375,58,0,1,66,0,933.2644491195679,236.96812800690532,34.65071993600577,104.85523195564747,30.969600000418723,131.26339149475098,6.717024087905884,29.78022336959839,4.808033227920532,cache_w8a8_m4k2v2,large_h6_n10_s100_wikics_arxiv,5164e28991dfba940695c47609da38adb72fec7b962b72c3fc11f98b771028d1,19.864543914794922,813.8413099646568,999.6344938278198,416.88849598169327,15204352,1629696,1629696,2520
wikics,val,44,44,wikics:val:000044:a1e23c83773db96a,1,3461.248816,3461.221923828125,3336.41692,124.485975,272.82188925892115,43.37659943848848,7.653797045350075,2767.4967274069786,201.2317123413086,2564.555633544922,62,0,1,84,0,1200.8114833831787,312.58083219546825,44.33113596588373,132.4390719756484,39.41913601011038,155.44300651550293,8.06553602218628,32.087904930114746,5.635264873504639,cache_w8a8_m4k2v2,large_h6_n10_s100_wikics_arxiv,a1e23c83773db96a01bf838bf188e3dfb7ca66f39a28efe567f992bf99606076,19.981599807739258,868.3839342594147,1285.107801437378,431.04549765586853,16252928,2030592,2030592,2688
wikics,val,45,45,wikics:val:000045:468961e707127957,1,4019.801328,4019.775390625,3911.110391,108.336875,63.15544992685318,42.95527841895819,7.882104255259037,3533.5862739011645,248.4938850402832,3283.3478393554688,64,0,1,132,0,1876.2541484832764,481.9180164700374,70.5343679273501,207.8016640469432,62.047455970197916,197.59149169921875,10.547936081886292,33.36355209350586,6.990905165672302,cache_w8a8_m4k2v2,large_h6_n10_s100_wikics_arxiv,468961e707127957b260758066a254430361fc6520124ac947aa20ec9ea66115,19.760000228881836,896.3110088407993,2009.0673656463623,397.72946509718895,16777216,3683328,3683328,2772
wikics,val,46,46,wikics:val:000046:f3cf1d41caa4c2d9,1,3257.967206,3257.939208984375,3133.062588,124.459049,62.42972984910011,43.0423729121685,7.169537246227264,2758.2673728466034,156.10931205749512,2600.5213623046875,59,0,1,90,0,1294.4384326934814,333.94051186926663,47.855391923338175,144.78681611642241,43.62819202244282,115.65743827819824,5.8714240193367,30.296448230743408,4.284001529216766,cache_w8a8_m4k2v2,large_h6_n10_s100_wikics_arxiv,f3cf1d41caa4c2d9aee35e66e1b95d288a274a344aed7288a15b83678d0c9b0f,19.846784591674805,830.7333412766457,1388.4421796798706,401.19262593984604,15466496,2265600,2265600,2562
wikics,val,47,47,wikics:val:000047:bd32e929138a4b77,1,3238.268194,3238.2412109375,3134.47961,103.421863,64.53040614724159,43.177430517971516,7.739345543086529,2780.6089324876666,204.90844345092773,2573.981964111328,63,0,1,84,0,1186.9768629074097,299.58339213207364,44.26028793118894,133.89072005823255,39.23583998065442,158.07289505004883,8.213152050971985,32.9171199798584,5.705276370048523,cache_w8a8_m4k2v2,large_h6_n10_s100_wikics_arxiv,bd32e929138a4b77bc048f77bd95b0ae2df40ec2142b7d96ce1fdf8f013783d6,19.92838478088379,882.8972470462322,1271.6486730575562,439.36442878842354,16515072,2219520,2219520,2730
wikics,val,48,48,wikics:val:000048:6eff2b19b7a04da7,1,2866.500616,2866.474609375,2757.933964,108.220443,308.93100891262293,43.347942642867565,7.019544951617718,2000.509837642312,149.91334342956543,1848.9794616699219,57,0,1,42,0,593.6072950363159,152.04297625925392,21.860607935115695,66.9192959703505,19.877248011529446,110.69612693786621,5.620255947113037,29.47049570083618,4.12646484375,cache_w8a8_m4k2v2,large_h6_n10_s100_wikics_arxiv,6eff2b19b7a04da79c3852b11623e45f5e95243bd84be5804a42f68214bedb34,19.9270076751709,800.1458553373814,635.7928304672241,432.9677835404873,14942208,843264,843264,2478
wikics,val,49,49,wikics:val:000049:a710ed9d3274bc0d,1,3367.017587,3366.99072265625,3257.90143,108.724004,63.74871637672186,42.88416262716055,7.748430594801903,2833.7575551122427,169.8400001525879,2662.1834716796875,63,0,1,90,0,1274.1226930618286,321.49945583567023,47.702527900226414,143.31935999169946,41.88396800495684,125.98205184936523,6.388447999954224,32.81769609451294,4.651804208755493,cache_w8a8_m4k2v2,large_h6_n10_s100_wikics_arxiv,a710ed9d3274bc0d9f0fb0ea4c32ba851c8bbe00839b9daed62e9d43b3352bf2,19.7653751373291,882.4443847835064,1364.6943702697754,434.8100917637348,16515072,2416128,2416128,2730
wikics,val,50,50,wikics:val:000050:1c058b8728feaf12,1,3038.096295,3038.069580078125,2935.623887,102.146015,67.57652293890715,43.05912833660841,7.461798377335072,2559.7895262762904,191.0222396850586,2367.086151123047,61,0,1,72,0,1023.2779502868652,258.0042558806017,38.371647977270186,114.10230405256152,33.62195198517293,146.35059356689453,7.522207975387573,31.831552028656006,5.317886114120483,cache_w8a8_m4k2v2,large_h6_n10_s100_wikics_arxiv,1c058b8728feaf12cbe4ab8e03522106fc37295ec871564e5fc151a2fbb470d5,19.83011245727539,855.710658043623,1095.828224182129,435.3773813545704,15990784,1826304,1826304,2646
wikics,val,51,51,wikics:val:000051:d60eeaca25598834,1,3028.234548,3028.208251953125,2924.72436,103.192889,64.8743323981762,42.928919196128845,7.500979118049145,2551.9914207980037,190.8171501159668,2359.4913024902344,61,0,1,72,0,1015.8473243713379,256.62611210905015,37.68076794035733,114.60281601920724,33.42963198199868,146.2259178161621,7.491872072219849,31.780640125274658,5.318720102310181,cache_w8a8_m4k2v2,large_h6_n10_s100_wikics_arxiv,d60eeaca25598834706edcb52ebc7531cf2e17cfda9b41db2d8027815a0c0c09,19.69798469543457,856.223329603672,1088.3919715881348,434.57398599386215,15990784,1826304,1826304,2646
wikics,val,52,52,wikics:val:000052:9d402c29e66ea4c0,1,2702.360493,2702.333251953125,2566.901751,135.128441,57.49459471553564,42.89827588945627,6.993109360337257,2192.9038921371102,156.91334342956543,2034.4034423828125,57,0,1,54,0,780.0995178222656,208.49820787180215,27.67699197307229,85.88022401928902,25.160383999347687,117.09555244445801,5.988352000713348,29.501440048217773,4.3279989361763,cache_w8a8_m4k2v2,large_h6_n10_s100_wikics_arxiv,9d402c29e66ea4c0512dc9a25029ae2df086560fbc652776c688794053e56213,19.775808334350586,799.8248641490936,834.3972482681274,419.957138299942,14942208,1173504,1173504,2478
wikics,val,53,53,wikics:val:000053:ed2693d240246643,1,3651.701678,3651.673828125,3548.035409,103.317626,60.117301531136036,42.76721179485321,7.5116828083992,3166.5199333801866,251.94473266601562,2912.885711669922,61,0,1,96,0,1568.0017557144165,341.8384639164433,52.38156803417951,357.9085156619549,44.51615999825299,201.98179244995117,10.78764796257019,32.06380796432495,7.1114842891693115,cache_w8a8_m4k2v2,large_h6_n10_s100_wikics_arxiv,ed2693d240246643addf6808c0115c2eed9d294dd989ee0fdb3375681b9cf25d,19.67407989501953,855.9350408911705,1664.613624572754,412.011126101017,15990784,2612736,2612736,2646
wikics,val,54,54,wikics:val:000054:a8e2f7ed77837d4b,1,3720.564979,3720.537109375,3617.614864,102.606141,62.263200990855694,42.824030853807926,7.637993432581425,3259.6268616616726,259.8520317077637,2998.068115234375,62,0,1,114,0,1633.9461126327515,422.0289282463491,60.52223999146372,181.0318400375545,53.63779197540134,208.88706588745117,11.243647933006287,32.35958385467529,7.36173403263092,cache_w8a8_m4k2v2,large_h6_n10_s100_wikics_arxiv,a8e2f7ed77837d4b652e18f0316c93d7e0ed16853eb7f80344c9fee1ffa7073d,19.75187110900879,868.7258565425873,1748.912633895874,400.1814959049225,16252928,3168768,3168768,2688
wikics,val,55,55,wikics:val:000055:3c1e3f2074abd3c8,1,3376.03122,3376.00244140625,3267.582125,108.077613,63.67509625852108,42.94886440038681,7.733878679573536,2842.8534558042884,169.81885147094727,2671.3104248046875,63,0,1,90,0,1285.9759702682495,331.0375677747652,48.57340795081109,143.24505596980453,42.25785599742085,125.98809432983398,6.377087950706482,32.80777597427368,4.645893216133118,cache_w8a8_m4k2v2,large_h6_n10_s100_wikics_arxiv,3c1e3f2074abd3c877291529fd1f3d17d7985de2b8671dbb87cc71e5b84081c3,19.79305648803711,882.1968643665314,1376.3900108337402,432.516606092453,16515072,2394624,2394624,2730
wikics,val,56,56,wikics:val:000056:efcb08cf59d1e854,1,2447.512858,2447.486083984375,2338.926926,108.226726,52.370588295161724,42.81804524362087,6.355918012559414,2003.403945825994,171.88195037841797,1830.0478515625,52,0,1,48,0,683.1302719116211,172.94012806657702,25.317535975016654,76.04361592978239,22.503999997861683,133.3345603942871,6.895455956459045,26.835999965667725,4.815934062004089,cache_w8a8_m4k2v2,large_h6_n10_s100_wikics_arxiv,efcb08cf59d1e85484c1341b5bc27bdb0c54c55af7ed792f8233e590836e90af,19.73638343811035,732.0825918018818,731.3341445922852,386.3674986064434,13631488,1039872,1039872,2268
wikics,val,57,57,wikics:val:000057:a3c7f395d320220a,1,3590.360514,3590.333251953125,3481.301859,108.469943,62.7032769843936,42.83748101443052,7.737690582871437,3060.4997919872403,169.8401927947998,2888.9200439453125,63,0,1,90,0,1502.598177909851,327.82710391655564,263.97824587114155,142.7520319931209,42.62636796757579,126.00137901306152,6.37664008140564,32.816927909851074,4.645245790481567,cache_w8a8_m4k2v2,large_h6_n10_s100_wikics_arxiv,a3c7f395d320220a49b18c10c43aaaf35b12e9f9b3cb44a936cd1bb76ea87e41,19.752992630004883,882.0889580249786,1593.113211631775,433.47086691856384,16515072,2394624,2394624,2730
wikics,val,58,58,wikics:val:000058:8074f83a06f99a82,1,3193.229065,3193.201416015625,3089.77939,103.102257,60.99889986217022,42.93884336948395,7.36410915851593,2702.317673712969,182.76569938659668,2517.890899658203,60,0,1,84,0,1197.6528062820435,307.76675213407725,45.01081599108875,132.831424087286,39.31500797625631,139.44748878479004,7.1392000913619995,31.103360176086426,5.075650334358215,cache_w8a8_m4k2v2,large_h6_n10_s100_wikics_arxiv,8074f83a06f99a823ad68d64ea27ab58e9d24ea96ba8e9704f5e2377f3caced5,19.76585578918457,841.3881911337376,1282.0988187789917,414.16974553465843,15728640,2205696,2205696,2604
wikics,val,59,59,wikics:val:000059:21f4f0d64380bdda,1,3490.721351,3490.69384765625,3366.540495,123.834934,64.98328968882561,43.14957372844219,7.756334729492664,2885.740746743977,205.95568084716797,2678.042205810547,63,0,1,90,0,1290.004189491272,335.1094724275172,47.761727957986295,142.02611208334565,42.00291198398918,158.85884857177734,8.320895910263062,33.06729698181152,5.70863938331604,cache_w8a8_m4k2v2,large_h6_n10_s100_wikics_arxiv,21f4f0d64380bdda046d4cc1db9002aca0956e7f0f93cad73d32b7c41fab9a1f,19.918079376220703,883.6559364497662,1380.5413722991943,433.7629764378071,16515072,2296320,2296320,2730
wikics,val,60,60,wikics:val:000060:9dd18ea1fcd0219b,1,3365.307703,3365.27978515625,3256.719725,108.249725,65.84136094897985,42.86496341228485,7.893936708569527,2877.0251339301467,179.24051094055176,2696.0352172851562,64,0,1,90,0,1288.5312280654907,335.46448011044413,47.91430396772921,142.57609605044127,41.94348802510649,134.30527877807617,6.839583992958069,33.164063930511475,4.9315842390060425,cache_w8a8_m4k2v2,large_h6_n10_s100_wikics_arxiv,9dd18ea1fcd0219b60d99cd4a59d6991950025d43145db4f4bb3fd8b8b79fa86,19.7607364654541,896.2024977207184,1379.1395530700684,440.4539029598236,16777216,2264064,2264064,2772
wikics,val,61,61,wikics:val:000061:59ffc0873b2736bd,1,3566.993602,3566.965087890625,3447.336958,119.310998,63.53609170764685,42.9880665615201,7.654527202248573,3004.598175175488,188.24111938476562,2814.6426391601562,62,0,1,102,0,1449.5278720855713,370.3054402442649,54.26028793118894,161.9512640684843,47.46044801361859,143.4848976135254,7.367455959320068,32.16198444366455,5.226781368255615,cache_w8a8_m4k2v2,large_h6_n10_s100_wikics_arxiv,59ffc0873b2736bd1131d5f3759451a37bcf18ecedae90549af313f517e26f4f,19.80611228942871,869.2276781499386,1552.355772972107,412.86530032753944,16252928,2798592,2798592,2688
wikics,val,62,62,wikics:val:000062:cd046bf69ef46f20,1,3562.622586,3562.59423828125,3458.95448,103.288162,68.13599355518818,43.089150451123714,7.663746364414692,3086.386863142252,209.00223922729492,2875.670196533203,62,0,1,90,0,1510.291558265686,329.28198432177305,47.47395196184516,370.58326964080334,41.988640000112355,162.3744945526123,8.540191888809204,32.24345588684082,5.844096899032593,cache_w8a8_m4k2v2,large_h6_n10_s100_wikics_arxiv,cd046bf69ef46f204090fdd4878f751b1f18829050a54ec040957e600ad3cc68,19.8319034576416,869.2671027779579,1600.951301574707,425.2836956381798,16252928,2304000,2304000,2688
wikics,val,63,63,wikics:val:000063:fdccf80ac6d5ed10,1,3796.398034,3796.368408203125,3692.442991,103.609318,63.194967806339264,43.03225036710501,7.725821807980537,3308.978844434023,232.93251037597656,3074.3113403320312,63,0,1,120,0,1689.4695043563843,425.866976108402,63.396639946848154,189.4998400323093,55.60691198986024,183.65267181396484,9.715744018554688,33.02448034286499,6.539614200592041,cache_w8a8_m4k2v2,large_h6_n10_s100_wikics_arxiv,fdccf80ac6d5ed1031f1caf4ad0b8707e4063633f670534cc7316f4a63d581b6,19.835968017578125,882.5458554923534,1810.227520942688,401.37393191456795,16515072,3399168,3399168,2730
wikics,val,64,64,wikics:val:000064:c21d83b7a925b1f1,1,2931.989423,2931.961181640625,2828.48653,103.161249,55.622076615691185,42.949581518769264,6.952567957341671,2398.371468298137,186.9164810180664,2209.856689453125,57,0,1,66,0,953.0430383682251,252.3068479290232,35.01728001143783,104.9737279638648,31.214335992000997,144.70774459838867,7.486080050468445,29.48256015777588,5.240096211433411,cache_w8a8_m4k2v2,large_h6_n10_s100_wikics_arxiv,c21d83b7a925b1f1e3bf58aa888458f37c3c7959cc0860b33d5364e471f3be69,19.811264038085938,800.9178885817528,1019.4715194702148,409.2785454392433,14942208,1568256,1568256,2478
wikics,val,65,65,wikics:val:000065:8018dabccc7a098b,1,3781.679188,3781.651123046875,3672.836032,108.495777,63.42794932425022,42.8670309484005,7.763511501252651,3294.5533841848373,200.58566284179688,3092.239013671875,63,0,1,120,0,1705.3220195770264,434.52931217104197,64.30003196466714,188.92956808581948,56.173247994855046,154.14211082458496,7.972192168235779,32.89481592178345,5.576543927192688,cache_w8a8_m4k2v2,large_h6_n10_s100_wikics_arxiv,8018dabccc7a098b9082792cb6fdae67c3e451b13db77164ff6d6cbbfdbd5771,19.77587127685547,882.4196471273899,1826.1106185913086,403.48461923003197,16515072,3296256,3296256,2730
wikics,val,66,66,wikics:val:000066:70258368f4491f0c,1,2479.773305,2479.746337890625,2355.163137,124.284875,50.55801756680012,43.134032748639584,6.26026839017868,2058.7821509689093,127.05635070800781,1930.2749633789062,51,0,1,42,0,597.2236471176147,153.24912005197257,21.809215983375907,67.67264000698924,19.805856010876596,92.80457592010498,4.667807996273041,26.12371253967285,3.4602542519569397,cache_w8a8_m4k2v2,large_h6_n10_s100_wikics_arxiv,70258368f4491f0c1f933e937a47280efcd886e3740f7d5b30af914ae2f65ae3,19.884031295776367,718.1669426560402,639.4561252593994,592.535926759243,13369344,843264,843264,2226
wikics,val,67,67,wikics:val:000067:7139754de7086e77,1,2706.380708,2706.353515625,2586.426225,119.61625,62.27304693311453,42.8902180865407,7.107295095920563,2281.4036896452308,157.2677459716797,2122.512420654297,58,0,1,60,0,846.9213724136353,214.7823361735791,31.31891197618097,95.50070398673415,28.070175983943045,117.15830612182617,5.950016021728516,29.816448211669922,4.342975616455078,cache_w8a8_m4k2v2,large_h6_n10_s100_wikics_arxiv,7139754de7086e7765da5a2bc4d08a7109fb268c05df038a524b37555f626219,19.75071907043457,813.4091827273369,907.2391662597656,421.61479073762894,15204352,1433088,1433088,2520
wikics,val,68,68,wikics:val:000068:d09d5c84fefc31fa,1,3238.904292,3238.876220703125,3114.277464,124.287078,62.67858389765024,43.0630799382925,7.622281089425087,2757.273782044649,201.40156936645508,2554.1613159179688,62,0,1,84,0,1187.6846981048584,301.5777920726687,44.19465595204383,133.24908797442913,39.07135997340083,155.43074989318848,8.104095935821533,32.229568004608154,5.637155532836914,cache_w8a8_m4k2v2,large_h6_n10_s100_wikics_arxiv,d09d5c84fefc31faa39227124c4a8196cf807ad304e4c22c39827c1e72c189a7,19.817888259887695,869.7771850824356,1272.1179494857788,432.08406960964203,16252928,2219520,2219520,2688
wikics,val,69,69,wikics:val:000069:da8713a1886318f3,1,3991.182362,3991.15185546875,3880.823076,109.962597,63.65187652409077,42.95353963971138,7.7588241547346115,3503.1908927485347,321.8404121398926,3179.6134643554688,63,0,1,132,0,1791.6414709091187,434.9652479114011,65.29689598362893,217.23008013516665,65.72003204189241,265.0484504699707,14.456447839736938,33.14387273788452,9.191641092300415,cache_w8a8_m4k2v2,large_h6_n10_s100_wikics_arxiv,da8713a1886318f35bebbc1f6a260d9043f0f17461ca5357ede1eebbf97c39b9,19.776639938354492,883.0242553055286,1924.9127368927002,391.4531120955944,16515072,3792384,3792384,2730
wikics,val,70,70,wikics:val:000070:c07c01ab1d837bee,1,3658.813712,3658.78271484375,3548.876592,109.514721,69.33964416384697,44.57736108452082,9.200829081237316,3140.6854894012213,183.42793464660645,2955.5362854003906,62,0,1,90,0,1580.3937969207764,305.72358420398086,42.852927992120385,150.11875195801258,410.3340441528708,139.03875350952148,7.156960129737854,32.14368009567261,5.0885409116744995,cache_w8a8_m4k2v2,large_h6_n10_s100_wikics_arxiv,c07c01ab1d837bee495fe549fb059614c21012d28950d436a260cad0b20e355e,19.59542465209961,869.127040207386,1675.641134262085,430.36353558301926,16252928,2397696,2397696,2688
wikics,val,71,71,wikics:val:000071:a33e3d4cce48fcc3,1,2989.522536,2989.4931640625,2884.826855,104.251215,70.27433160692453,43.08593459427357,9.160433895885944,2499.928053468466,191.30707168579102,2306.9086303710938,61,0,1,72,0,961.8697910308838,235.3233598684892,34.62576004024595,120.45196797698736,36.32912006787956,146.58960151672363,7.527168035507202,31.872575759887695,5.317726373672485,cache_w8a8_m4k2v2,large_h6_n10_s100_wikics_arxiv,a33e3d4cce48fcc3980549bc7f9e0f293f769fa36ec601986da634453cff0f01,19.732351303100586,855.6718710362911,1034.5682229995728,436.40088763833046,15990784,1826304,1826304,2646
wikics,val,72,72,wikics:val:000072:f1151d716149ae48,1,4010.045826,4010.016357421875,3905.159076,104.179568,82.65822287648916,42.893363162875175,9.531185030937195,3439.366267994046,276.3327980041504,3161.285400390625,63,0,1,132,0,1768.949213027954,428.1294720200822,64.66201602295041,219.755872156471,65.28204807639122,223.22607803344727,12.118175745010376,33.17871904373169,7.80982518196106,cache_w8a8_m4k2v2,large_h6_n10_s100_wikics_arxiv,f1151d716149ae48dbc85a7874ec59788c1e359220abb0af2364121fabe8da24,19.65884780883789,883.0710373222828,1902.1680612564087,395.7051496207714,16515072,3686400,3686400,2730
wikics,val,73,73,wikics:val:000073:4b3154d00ed508a1,1,3253.082521,3253.050537109375,3143.28571,109.343666,87.95163407921791,43.518598191440105,9.629215113818645,2683.3698945119977,215.13526153564453,2466.459228515625,63,0,1,78,0,1065.4104022979736,266.72799974121153,37.502848009578884,133.24342385679483,39.628416039049625,167.31094551086426,8.81273603439331,33.003135681152344,6.008444309234619,cache_w8a8_m4k2v2,large_h6_n10_s100_wikics_arxiv,4b3154d00ed508a163face2906b779bc860da600f6b41d6bca03a69eddd4dac0,19.933408737182617,883.0355514585972,1147.209186553955,456.14789924025536,16515072,1910784,1910784,2730
wikics,val,74,74,wikics:val:000074:63d8027fe96dbd40,1,3391.769681,3391.73828125,3286.906172,104.396641,76.16732083261013,43.11513248831034,11.038108728826046,2858.4016002714634,184.39862632751465,2672.277618408203,62,0,1,96,0,1302.0495338439941,320.0648639444262,48.57977603189647,164.82985595986247,47.14668804872781,139.9751682281494,7.19977605342865,32.10329532623291,5.120386719703674,cache_w8a8_m4k2v2,large_h6_n10_s100_wikics_arxiv,63d8027fe96dbd400c3253b6fea3dff229a9d059b23d14f1f2fd66ad5dc976a6,19.69049644470215,868.6943020820618,1398.5734996795654,424.7003130912781,16252928,2569728,2569728,2688
wikics,val,75,75,wikics:val:000075:205fb8181f3470fd,1,2948.614912,2948.584716796875,2838.42322,109.437953,422.2853556275368,48.32641314715147,8.697998709976673,2102.1364107728004,168.8973445892334,1931.6218872070312,57,0,1,48,0,662.3941125869751,169.91020811069757,24.90448001679033,80.4654720313847,23.565184017643332,128.10134315490723,6.575360059738159,29.531263828277588,4.689377546310425,cache_w8a8_m4k2v2,large_h6_n10_s100_wikics_arxiv,205fb8181f3470fdbd1270150f71b5fca1cc9f81c402b312d394c3d904a0d37f,19.757984161376953,800.8675854206085,711.0345592498779,439.47772669792175,14942208,1039872,1039872,2478
wikics,val,76,76,wikics:val:000076:ddb2213b21b70ae0,1,3606.579331,3606.548828125,3502.248431,103.901396,65.3642974793911,43.23883727192879,7.890764623880386,3169.460910372436,215.8050537109375,2951.8961486816406,64,0,1,108,0,1541.4043531417847,396.30771178472787,58.06470390968025,172.48796805739403,50.49225599039346,167.68329620361328,8.777600169181824,33.305856704711914,6.038300633430481,cache_w8a8_m4k2v2,large_h6_n10_s100_wikics_arxiv,ddb2213b21b70ae0608c1c092117830fd7e17b1a716dacdda024759397179a65,19.940223693847656,896.5186875164509,1650.2415647506714,425.076120108366,16777216,2964480,2964480,2772
wikics,val,77,77,wikics:val:000077:f1913089890132b9,1,2894.88933,2894.859375,2770.062594,124.466808,71.56240660697222,43.07848401367664,7.287152111530304,2391.3702657446265,155.32307052612305,2234.387481689453,59,0,1,66,0,932.8474578857422,236.9684159560129,34.27670396491885,105.273408010602,31.075551993213594,114.87939071655273,5.801663935184479,30.391103744506836,4.250912129878998,cache_w8a8_m4k2v2,large_h6_n10_s100_wikics_arxiv,f1913089890132b93fdaffc173538a9f3a7d21ccce41a3e9e4c9795128d4bd45,19.841567993164062,827.7488634288311,999.314531326294,427.16565492749214,15466496,1629696,1629696,2562
wikics,val,78,78,wikics:val:000078:0761a00cafcc55ff,1,3824.221898,3824.1923828125,3712.178988,111.608422,62.98489309847355,42.903777211904526,7.270218804478645,3323.3742946758866,216.24617767333984,3105.4871826171875,59,0,1,126,0,1803.2174072265625,457.578176417388,73.33513598144054,200.28342394158244,60.67119994945824,170.67628860473633,8.963071942329407,30.509535789489746,6.097281336784363,cache_w8a8_m4k2v2,large_h6_n10_s100_wikics_arxiv,0761a00cafcc55ff9fe63e26139f58aec60e88d6395fc46a23de2ad601161439,19.792959213256836,828.0466854274273,1930.0692119598389,367.1642444431782,15466496,3595776,3595776,2562
wikics,val,79,79,wikics:val:000079:2fe77eb4bcc2fb53,1,3462.640489,3462.611083984375,3358.606045,103.635307,63.04874923080206,43.54832321405411,7.484272122383118,2999.3653148412704,210.49865341186523,2787.1710815429688,61,0,1,84,0,1443.2410202026367,303.93468809872866,44.15311994124204,386.97884567826986,39.281087992712855,164.0854721069336,8.610015869140625,31.91878366470337,5.8843817710876465,cache_w8a8_m4k2v2,large_h6_n10_s100_wikics_arxiv,2fe77eb4bcc2fb53c2211e341bc094a3a30350f3b9232464ae3b32fe2ec8eddd,20.052608489990234,855.5855371057987,1527.8500232696533,423.78812965750694,15990784,2219520,2219520,2646
wikics,val,80,80,wikics:val:000080:78e4b73fcf74884b,1,3044.964544,3044.935791015625,2940.498318,104.081198,61.7618914693594,44.024319387972355,7.561345584690571,2566.2046940997243,191.1456298828125,2373.358154296875,61,0,1,72,0,1026.7096014022827,258.52739230170846,38.825855924747884,115.43814401701093,35.30463995505124,146.43027114868164,7.523167848587036,31.874143600463867,5.318047285079956,cache_w8a8_m4k2v2,large_h6_n10_s100_wikics_arxiv,78e4b73fcf74884bd0f9d8224587705bf2a860666e91c84c032b4c3d0586467b,20.82841682434082,855.4142397046089,1099.2300157546997,439.5423156619072,15990784,1826304,1826304,2646
wikics,val,81,81,wikics:val:000081:20ce9780b00f15b5,1,3336.348685,3336.31884765625,3232.703135,103.296657,72.03328981995583,43.05371828377247,7.636760361492634,2853.266199119389,209.46185302734375,2642.0997924804688,62,0,1,90,0,1273.3639688491821,322.6975680468604,48.25852795690298,142.00185607001185,43.13833595998585,162.79584121704102,8.54207992553711,32.27193546295166,5.851996421813965,cache_w8a8_m4k2v2,large_h6_n10_s100_wikics_arxiv,20ce9780b00f15b52811a677413a49886c9d562891b0f085e645f3da627331e0,19.844736099243164,871.0233295559883,1363.8024625778198,427.1187364459038,16252928,2416128,2416128,2688
wikics,val,82,82,wikics:val:000082:15505e4df399c749,1,3789.422498,3789.392578125,3685.901405,103.163821,58.82662907242775,42.73464996367693,7.2351861745119095,3305.7971857488155,217.1594581604004,3086.99365234375,59,0,1,126,0,1785.3702383041382,452.6783037846908,67.00793587509543,199.83523206412792,58.319071990437806,171.41846466064453,9.047808170318604,30.58956813812256,6.103617191314697,cache_w8a8_m4k2v2,large_h6_n10_s100_wikics_arxiv,15505e4df399c7492f629e9c7965cca92311ad45c4e2d4f2a65ee42f5ca8ba25,19.686912536621094,828.2224307060242,1912.3273906707764,366.13074350357056,15466496,3486720,3486720,2562
wikics,val,83,83,wikics:val:000083:a7ba3d44aa7499fe,1,2918.960037,2918.930419921875,2815.117239,103.438376,59.95788797736168,43.09284593909979,6.86517171561718,2441.104745492339,132.86748886108398,2306.6679077148438,56,0,1,60,0,856.4786863327026,216.49644799809903,31.214911974966526,95.83100796490908,28.560544023290277,95.81324863433838,4.787871956825256,28.66873598098755,3.5976322889328003,cache_w8a8_m4k2v2,large_h6_n10_s100_wikics_arxiv,a7ba3d44aa7499fee1445d9215d7a72b29cbdb6a49ba0da38d84ee982ee40490,19.83616065979004,786.6622733771801,916.8618230819702,622.9799719154835,14680064,1433088,1433088,2436
wikics,val,84,84,wikics:val:000084:35732c8658931b86,1,3830.601592,3830.572021484375,3725.988188,103.913105,60.22090930491686,45.67502625286579,7.267004810273647,3335.412919521332,216.72432327270508,3117.0382080078125,59,0,1,126,0,1812.022494316101,467.8093759762123,68.04614390339702,201.2373119778931,59.353695971891284,170.99151992797852,9.02182412147522,30.605728149414062,6.10525107383728,cache_w8a8_m4k2v2,large_h6_n10_s100_wikics_arxiv,35732c8658931b8612504cc455b6580ea44423ed7f94899d50f3c900f855d03c,20.99964714050293,828.2008940577507,1939.2958755493164,370.5410855412483,15466496,3488256,3488256,2562
wikics,val,85,85,wikics:val:000085:39693add84393c3e,1,2583.908377,2583.8798828125,2479.986699,103.537279,67.94323679059744,43.19705720990896,7.171979174017906,2108.714967034757,168.70710372924805,1938.4090576171875,57,0,1,48,0,680.1288652420044,173.4010880868882,24.544991926290095,76.256224013865,22.450432006269693,127.9245433807373,6.5718079805374146,29.53059148788452,4.680160880088806,cache_w8a8_m4k2v2,large_h6_n10_s100_wikics_arxiv,39693add84393c3e86597303a982f69e8c2c131c841d86b3540fc8836693ee22,19.910560607910156,800.0613762140274,728.3446712493896,429.9135707616806,14942208,1039872,1039872,2478
wikics,val,86,86,wikics:val:000086:6154d20de82ca154,1,2872.637055,2872.609130859375,2769.048602,103.251853,60.30913442373276,42.76568163186312,7.219413295388222,2401.3580894097686,155.17529678344727,2244.546142578125,59,0,1,66,0,943.8480968475342,245.51145617850125,35.765152003616095,105.72415992617607,30.880320005118847,114.78153419494629,5.799583971500397,30.353375911712646,4.240802705287933,cache_w8a8_m4k2v2,large_h6_n10_s100_wikics_arxiv,6154d20de82ca154d31dc1757ffb5df0b6b9fab72293c3c0850611659ced11c3,19.770496368408203,827.0540147721767,1010.0088033676147,427.2538208067417,15466496,1545216,1545216,2562
wikics,val,87,87,wikics:val:000087:2d8e1c91732f7fc9,1,3222.454073,3222.425048828125,3103.012188,119.08517,61.416556127369404,43.293840251863,7.486392743885517,2713.1185457110405,179.09788703918457,2532.3320922851562,61,0,1,84,0,1188.6345319747925,299.8431677976623,44.69369594659656,133.75648000091314,39.72236800566316,135.35558319091797,6.93558394908905,31.851359844207764,4.955360054969788,cache_w8a8_m4k2v2,large_h6_n10_s100_wikics_arxiv,2d8e1c91732f7fc9dc9d186a2ca2f383b734021eb501adc5b8e0ed0ef87a507d,19.808704376220703,855.5583351552486,1273.1811218261719,423.40133967995644,15990784,2219520,2219520,2646
wikics,val,88,88,wikics:val:000088:edf1f65b0215397f,1,3490.061113,3490.03173828125,3381.778074,107.860926,62.29111738502979,43.69212035089731,7.6460931450128555,2958.769900724292,215.1682891845703,2741.881591796875,63,0,1,78,0,1349.8982706069946,286.7195521732792,41.20435200538486,363.18944765627384,36.75676800869405,167.34380531311035,8.797312021255493,33.019872188568115,6.0072996616363525,cache_w8a8_m4k2v2,large_h6_n10_s100_wikics_arxiv,edf1f65b0215397f7db64f2b0af499b296dd7db24bda5492ace4393562a0e0a3,20.625215530395508,885.5062410831451,1428.4659490585327,448.53461718559265,16515072,1910784,1910784,2730
wikics,val,89,89,wikics:val:000089:cc473da6146fe84a,1,3228.900415,3228.87109375,3124.965909,103.571751,59.71996858716011,42.83561185002327,7.541355676949024,2733.785924501717,212.59494400024414,2519.5106201171875,60,0,1,84,0,1199.6396141052246,315.2025281013921,44.74095996282995,131.80121605843306,38.822943955659866,166.60755157470703,8.799199938774109,31.19481611251831,5.99337637424469,cache_w8a8_m4k2v2,large_h6_n10_s100_wikics_arxiv,cc473da6146fe84a261cfc81f796542bafb0eacffffc7c8a2c614f0834c25fc7,19.738975524902344,841.7257288992405,1283.9535989761353,413.5702677667141,15728640,2148864,2148864,2604
wikics,val,90,90,wikics:val:000090:04f10178109bc189,1,3592.248489,3592.21923828125,3472.611111,119.29535,63.079074025154114,42.90076903998852,7.7673690393567085,3046.0858196020126,213.50809478759766,2830.845672607422,63,0,1,102,0,1442.0991020202637,369.15094430185854,53.79257594048977,159.82063997909427,47.49404799565673,165.95731353759766,8.64463996887207,32.95193576812744,5.954205513000488,cache_w8a8_m4k2v2,large_h6_n10_s100_wikics_arxiv,04f10178109bc18987c0d161e505acc91bd5670d8f9419c8668ecccb3d4a4fea,19.8240966796875,882.6712953746319,1544.5629415512085,423.435532361269,16515072,2790912,2790912,2730
wikics,val,91,91,wikics:val:000091:6005ecd7d5ac622d,1,2508.939869,2508.911865234375,2400.679388,107.941271,58.42737574130297,43.119446374475956,6.685564294457436,2042.8401352837682,157.96163368225098,1883.3397827148438,55,0,1,48,0,673.9085149765015,172.15606389939785,24.35091200377792,76.19135997071862,22.643136009573936,119.26041603088379,6.090816140174866,28.223039627075195,4.3873618841171265,cache_w8a8_m4k2v2,large_h6_n10_s100_wikics_arxiv,6005ecd7d5ac622de1a177d20f147dd9d8a3627c61c0d028b05dbd49891ee46f,19.791168212890625,772.1195839643478,722.0351676940918,408.97619926929474,14417920,1039872,1039872,2394
wikics,val,92,92,wikics:val:000092:73a973d4261a61c9,1,3728.253677,3728.223876953125,3624.672347,103.231628,63.66018671542406,42.798674665391445,7.5506968423724174,3282.5592793524265,257.7631378173828,3023.0928649902344,62,0,1,114,0,1661.1423377990723,459.9033279251307,59.99964789208025,179.7900800872594,52.463167988695204,207.1209259033203,11.027391910552979,32.254624366760254,7.360195636749268,cache_w8a8_m4k2v2,large_h6_n10_s100_wikics_arxiv,73a973d4261a61c9ab186d29b44931ed7c5bff0e00c5110bc7a221fbb62df03c,19.727487564086914,868.8040658533573,1775.5842533111572,398.43203338980675,16252928,3176448,3176448,2688
wikics,val,93,93,wikics:val:000093:d724956d62b3a7fc,1,3889.385919,3889.354736328125,3768.421447,120.540687,62.692868523299694,42.83429030328989,7.391323335468769,3427.048864774406,261.3489875793457,3163.9879760742188,62,0,1,114,0,1799.8083810806274,401.02486409060657,59.4832959799096,391.57814022153616,53.24307198636234,210.06041717529297,11.410272002220154,32.52550458908081,7.35279381275177,cache_w8a8_m4k2v2,large_h6_n10_s100_wikics_arxiv,d724956d62b3a7fcacd941394e399a7d05dc8293c6783e71baa7f6861404e482,19.746816635131836,869.6108475327492,1914.518816947937,399.6051282286644,16252928,3176448,3176448,2688
wikics,val,94,94,wikics:val:000094:3184012ce3fd116b,1,3627.459589,3627.42822265625,3517.696652,109.326952,67.84091051667929,42.85342060029507,9.413438849151134,3161.2027175724506,260.4659538269043,2899.0125122070312,62,0,1,114,0,1527.842843055725,374.96800024434924,54.00822401698679,190.01811201870441,56.330112054012716,209.4935073852539,11.232256054878235,32.38092803955078,7.3592623472213745,cache_w8a8_m4k2v2,large_h6_n10_s100_wikics_arxiv,3184012ce3fd116b5a1c75421824747786bb2b0fd93fb15f6e13f67525491820,19.559648513793945,869.2313596904278,1643.0436782836914,406.297122746706,16252928,3174912,3174912,2688
wikics,val,95,95,wikics:val:000095:5896bd7e52cfe097,1,3341.821952,3341.789794921875,3220.597119,120.789181,82.36110396683216,43.245717883110046,9.874938055872917,2807.8324468806386,263.95942306518555,2542.0983276367188,63,0,1,84,0,1140.4195528030396,280.19248002022505,40.67635199520737,144.5352321639657,41.96838404703885,212.1862678527832,11.281791925430298,33.03654432296753,7.454818964004517,cache_w8a8_m4k2v2,large_h6_n10_s100_wikics_arxiv,5896bd7e52cfe097327cd8ed639653674c955ddf369bc55d1960b629703e361e,19.80352020263672,883.7743046879768,1227.2516822814941,450.8758608698845,16515072,2219520,2219520,2730
wikics,val,96,96,wikics:val:000096:e0d75fdd10f22e74,1,2340.566186,2340.5341796875,2230.189407,109.715493,60.67326758056879,43.24018303304911,8.352555334568024,1914.6149717271328,173.9065284729004,1739.11865234375,55,0,1,36,0,518.4450559616089,140.36796797718853,18.6089599840343,59.08294402062893,17.51078402251005,133.84038543701172,6.914432168006897,28.263296127319336,4.888414740562439,cache_w8a8_m4k2v2,large_h6_n10_s100_wikics_arxiv,e0d75fdd10f22e74abcf3b05065d2374d4d1eeea4d96c2ce62fec18e8e1931fd,19.714176177978516,773.2386857271194,554.8143997192383,430.7797430753708,14417920,637440,637440,2394
wikics,val,97,97,wikics:val:000097:4ecd8b7732146f0e,1,3480.910234,3480.880615234375,3376.592695,103.907315,66.33433513343334,43.51144935935736,7.36222043633461,2863.6103784665465,175.93625450134277,2686.0037231445312,60,0,1,78,0,1358.582938194275,287.03574367333204,41.156991969794035,123.53401598706841,36.62329598329961,133.1725730895996,6.806815981864929,31.076767444610596,4.880097985267639,cache_w8a8_m4k2v2,large_h6_n10_s100_wikics_arxiv,4ecd8b7732146f0ead756c272e471e92c7481de63dcac7feb1ad635935de08c1,19.99635124206543,841.6061109602451,1437.1818351745605,427.212128251791,15728640,1944576,1944576,2604
wikics,val,98,98,wikics:val:000098:255280efcfde1df9,1,3227.584202,3227.5537109375,3119.052225,108.175234,66.74337852746248,42.93674137443304,7.4105821549892426,2735.095831565559,213.38998413085938,2520.03955078125,60,0,1,84,0,1197.0989112854004,311.35532802529633,44.37116795219481,131.6494720056653,38.94924799352884,167.32854461669922,8.82585597038269,31.233920097351074,6.001663446426392,cache_w8a8_m4k2v2,large_h6_n10_s100_wikics_arxiv,255280efcfde1df920001e1b4a297d5150dfa6e921b32d68249ba5b73836e939,19.762144088745117,841.907360881567,1281.5251178741455,416.3692161142826,15728640,2217984,2217984,2604
wikics,val,99,99,wikics:val:000099:d4fd256fb5152e8f,1,3400.897834,3400.867919921875,3292.386031,108.144471,64.18490968644619,42.8702374920249,7.768409326672554,2874.5549861341715,182.41580772399902,2690.40283203125,63,0,1,90,0,1303.4944276809692,345.7304325494915,47.63417591433972,144.1552320420742,41.893247979693115,137.57007789611816,6.980959892272949,32.84675168991089,5.0180182456970215,cache_w8a8_m4k2v2,large_h6_n10_s100_wikics_arxiv,d4fd256fb5152e8f5140b8ef9594c080c5b38ea41b17aceb83bda8b99e776f76,19.75574493408203,882.8005750775337,1394.0985612869263,433.25944060087204,16515072,2353152,2353152,2730
wikics,test,100,0,wikics:test:000000:b39e9f309eb7b7ab,1,3083.751737,3083.68798828125,2974.302893,108.898978,301.82080063968897,48.24797250330448,7.510160095989704,2370.283082127571,204.08422470092773,2164.3094177246094,59,0,1,60,0,862.3653421401978,230.9990080036223,31.53817597217858,95.49584009498358,28.2340479940176,159.16838264465332,8.299999833106995,30.416096210479736,6.199746012687683,cache_w8a8_m4k2v2,large_h6_n10_s100_wikics_arxiv,b39e9f309eb7b7abbfb6ef032cc0f27946bd2af7f6ca83076ea40eb13bf61862,21.3024959564209,827.8348156809807,922.9848623275757,434.7922356724739,15466496,1433088,1433088,2562
wikics,test,101,1,wikics:test:000001:114baa3a3e60d438,1,3597.007191,3596.977294921875,3493.165938,103.492823,76.09423995018005,42.99876745790243,7.820610888302326,3081.5357211977243,230.14559936523438,2849.6763305664062,62,0,1,102,0,1482.524193763733,403.7321281814948,53.95225592702627,161.65600007027388,47.919391971081495,181.68380737304688,9.694175958633423,32.2837119102478,6.483904123306274,cache_w8a8_m4k2v2,large_h6_n10_s100_wikics_arxiv,114baa3a3e60d43877ff9471825f00544b60fc4b458c41f176d3a2b17a3e68ec,19.861791610717773,869.1662089824677,1585.6873226165771,414.6845905780792,16252928,2689536,2689536,2688
wikics,test,102,2,wikics:test:000002:5b151751c4684bba,1,3464.028859,3463.9990234375,3360.39745,103.276648,62.57086992263794,43.08629408478737,7.764557376503944,3021.787842735648,173.81353759765625,2846.2767639160156,61,0,1,84,0,1502.3315000534058,315.6577279269695,44.606431973166764,134.43932803347707,337.40780896134675,130.60614585876465,6.674559950828552,31.727935791015625,4.804895997047424,cache_w8a8_m4k2v2,large_h6_n10_s100_wikics_arxiv,5b151751c4684bba603799d005ae26aae4aacdec132f6ce0e7224bc86c03f917,19.84294319152832,854.827455252409,1587.163390159607,424.12886169552803,15990784,2112000,2112000,2646
wikics,test,103,3,wikics:test:000003:122e1f58b400bded,1,2610.686223,2610.657958984375,2485.883775,124.448954,59.32160187512636,43.28956641256809,7.196477614343166,2120.31526863575,184.33513641357422,1934.3728942871094,57,0,1,48,0,677.3656349182129,174.0371201429516,24.98793595470488,75.5850240252912,22.411327998153865,142.2490577697754,7.406720161437988,29.517312049865723,5.162046432495117,cache_w8a8_m4k2v2,large_h6_n10_s100_wikics_arxiv,122e1f58b400bdeddb1f6c0405804f1582b84056ad4f8eec0c0c0b813cd6b9d1,20.148799896240234,800.6605103313923,725.9376964569092,427.92348739504814,14942208,1039872,1039872,2478
wikics,test,104,4,wikics:test:000004:c438a01544bd1b9c,1,3590.126735,3590.09423828125,3486.401518,103.357187,67.016726359725,43.257128447294235,8.097507990896702,3081.041570752859,229.99049758911133,2849.3018188476562,62,0,1,102,0,1483.2589111328125,407.38979145884514,53.50067197997123,161.0649280063808,47.410655993036926,181.5683536529541,9.66812801361084,32.27939224243164,6.474623680114746,cache_w8a8_m4k2v2,large_h6_n10_s100_wikics_arxiv,c438a01544bd1b9cc5f15f45a32edd97056d0be72872e2ce33fee2f6660df03c,19.919391632080078,869.8727362453938,1586.2368001937866,413.11167404055595,16252928,2754048,2754048,2688
wikics,test,105,5,wikics:test:000005:b256e9b37f8f8b31,1,2753.870737,2753.838134765625,2629.430565,124.087978,58.9507557451725,43.16841159015894,7.079196162521839,2246.6330844908953,172.10463905334473,2072.9354553222656,56,0,1,60,0,840.2336931228638,213.60025599971414,30.792767968960106,93.48323199152946,28.079871975816786,131.83129692077637,6.829375982284546,28.62185573577881,4.822110414505005,cache_w8a8_m4k2v2,large_h6_n10_s100_wikics_arxiv,b256e9b37f8f8b317821e74669f3f8f611b5cf3505734f75329e0e0252627528,19.87273597717285,786.9622708559036,900.6470708847046,405.19884955883026,14680064,1433088,1433088,2436
wikics,test,106,6,wikics:test:000006:19b231ef2406ed8c,1,2807.17923,2807.15087890625,2698.96779,107.905618,58.09495598077774,42.70915221422911,6.955682300031185,2334.154147654772,185.9223976135254,2146.649383544922,57,0,1,60,0,892.6410245895386,254.13827187102288,30.937119962647557,94.86652796715498,28.56275201588869,143.7329616546631,7.438399910926819,29.51792001724243,5.233116030693054,cache_w8a8_m4k2v2,large_h6_n10_s100_wikics_arxiv,19b231ef2406ed8c583458561709494bbc1d7dae0c38f2245ae028dc2ffe7fa7,19.719327926635742,800.9101735949516,952.8775043487549,412.5810335278511,14942208,878592,878592,2478
wikics,test,107,7,wikics:test:000007:c8e944e20f3aef4c,1,2913.973811,2913.945068359375,2794.814437,118.839494,59.81829762458801,42.71241556853056,7.192110642790794,2412.652219645679,189.65593719482422,2221.3607482910156,59,0,1,66,0,923.7894735336304,233.7642562687397,34.262879957444966,104.34464006125927,30.421183979138732,146.38435173034668,7.588415741920471,30.36636781692505,5.316801905632019,cache_w8a8_m4k2v2,large_h6_n10_s100_wikics_arxiv,c8e944e20f3aef4cfb52bf00e40496a22f24a1730839bd0d16e6d5fc47d43319,19.712928771972656,828.3229733407497,990.0161590576172,422.73454466462135,15466496,1629696,1629696,2562
wikics,test,108,8,wikics:test:000008:80f4d51321480518,1,4357.308012,4357.27734375,4247.530994,109.371729,62.51424830406904,42.752849869430065,7.562256418168545,3887.0156798511744,275.7435188293457,3609.5548095703125,62,0,1,144,0,2245.542465209961,530.1985600031912,77.1926079466939,427.5631936453283,67.22361596114933,223.42659759521484,12.111008048057556,32.38592004776001,7.8199931383132935,cache_w8a8_m4k2v2,large_h6_n10_s100_wikics_arxiv,80f4d513214805184fc45f848c55366ad73f2d780b9e9fa1d3760718f24fe44f,19.694271087646484,869.4868470132351,2390.9261407852173,368.8360928595066,16252928,4124160,4124160,2688
wikics,test,109,9,wikics:test:000009:7fd456811cef22b6,1,3205.79572,3205.761474609375,3101.580675,103.78301,68.17048508673906,43.00044942647219,9.331973269581795,2645.204994827509,216.50028610229492,2426.9791870117188,62,0,1,78,0,1055.6387252807617,263.41728005651385,37.696032010018826,131.98633591085672,38.99302402790636,169.0789089202881,8.994272112846375,32.38655948638916,6.040545582771301,cache_w8a8_m4k2v2,large_h6_n10_s100_wikics_arxiv,7fd456811cef22b63a623796ffc6b064d8dc50e1731aaf1160cff91619785d8c,19.662912368774414,870.2482887506485,1135.1359062194824,441.25790441036224,16252928,1993728,1993728,2688
wikics,test,110,10,wikics:test:000010:3bcd951b5cb81ae3,1,3320.608927,3320.578857421875,3210.552297,109.631487,76.60982385277748,42.79208090156317,9.722628630697727,2809.1875799000263,190.87372589111328,2616.5381469726562,64,0,1,90,0,1203.7690591812134,293.6021760655567,43.81289601884782,150.83756793662906,45.300384066067636,145.00825691223145,7.4435200691223145,33.12934398651123,5.292604923248291,cache_w8a8_m4k2v2,large_h6_n10_s100_wikics_arxiv,3bcd951b5cb81ae38ac9208e0fdf47eb902372cd8bdef981aa9f248046da9215,19.6013126373291,896.2884489893913,1294.9591674804688,444.8918431401253,16777216,2416128,2416128,2772
wikics,test,111,11,wikics:test:000011:926e4c10c89dc024,1,2732.682051,2732.65087890625,2608.859932,123.507175,59.72239188849926,42.83284209668636,7.064977660775185,2238.8247922062874,194.96796417236328,2042.2421569824219,58,0,1,54,0,764.9235486984253,199.69734386354685,27.526528000831604,85.03715202026069,25.05430399440229,151.76047897338867,7.851392030715942,29.85628843307495,5.499804735183716,cache_w8a8_m4k2v2,large_h6_n10_s100_wikics_arxiv,926e4c10c89dc02467e14a1cc74f902f663f97c9be62c39a2c5a637785f62540,19.824127197265625,814.8277134597301,819.1255035400391,428.1130671799183,15204352,1214976,1214976,2520
wikics,test,112,12,wikics:test:000012:948f281fa8e149ed,1,2445.375489,2445.347900390625,2320.762751,124.290835,54.3082719668746,42.753398418426514,6.445862352848053,2018.7556622549891,142.49718475341797,1874.7656555175781,53,0,1,36,0,707.2689952850342,129.89568010438234,17.95948797184974,259.34101921133697,16.735328008420765,105.72726249694824,5.374816000461578,27.465280055999756,3.9298262000083923,cache_w8a8_m4k2v2,large_h6_n10_s100_wikics_arxiv,948f281fa8e149ed9febadd04e2e85b6e036139c74d1b69c8fe17fa0526eea7b,19.838111877441406,745.4040026366711,743.4362592697144,405.7635054886341,13893632,646656,646656,2310
wikics,test,113,13,wikics:test:000013:872bb9df273ad109,1,3480.452065,3480.42138671875,3376.896096,103.199065,63.8642106205225,42.7670031785965,7.539450190961361,3064.9154223501682,246.1800308227539,2817.0337524414062,62,0,1,102,0,1453.007131576538,388.31452941149473,52.551647985354066,160.461600035429,48.334911978803575,196.30774688720703,10.540063977241516,32.39289569854736,6.939324259757996,cache_w8a8_m4k2v2,large_h6_n10_s100_wikics_arxiv,872bb9df273ad1091abe85ef20ec42adedd38c5e9536cb98d6587aade4d6f979,19.81612777709961,869.9942085444927,1555.3566064834595,411.49906519055367,16252928,2712576,2712576,2688
wikics,test,114,14,wikics:test:000014:557ddebe91684e6e,1,2508.011534,2507.98193359375,2384.308416,123.389731,57.0838013663888,42.73913335055113,6.555542349815369,2072.1801668405533,198.5010223388672,1872.1708068847656,54,0,1,48,0,681.7609910964966,178.43036798480898,24.420031988061965,75.88566394895315,22.31855999212712,156.7365436553955,8.205983996391296,27.901504516601562,5.656990170478821,cache_w8a8_m4k2v2,large_h6_n10_s100_wikics_arxiv,557ddebe91684e6e1d7adc8d5728380c715b186f05cc9e5b854bd8f140a2f512,19.782623291015625,760.4647034704685,729.8862037658691,401.6025229394436,14155776,981504,981504,2352
wikics,test,115,15,wikics:test:000015:32677b4eee65e40a,1,2045.724556,2045.6981201171875,1937.967661,107.471446,47.472333535552025,43.258617632091045,5.546453408896923,1635.6100961565971,109.12099266052246,1525.1691436767578,46,0,1,36,0,510.7370538711548,135.42054398730397,17.770463987253606,56.579071996733546,16.670911996625364,78.24176025390625,3.9544320106506348,23.953311920166016,2.9714884757995605,cache_w8a8_m4k2v2,large_h6_n10_s100_wikics_arxiv,32677b4eee65e40ae6a165981814df6d211d2bbf09bed9be523649a4f29c7126,19.694143295288086,649.8316140174866,546.7524480819702,348.2792248725891,12058624,542208,542208,2016
wikics,test,116,16,wikics:test:000016:c0475eb283dbd143,1,2324.296238,2324.269287109375,2216.327091,107.651668,58.55223536491394,42.57226921617985,6.706869229674339,1888.492876663804,152.70806694030762,1734.2348022460938,56,0,1,36,0,503.0922574996948,129.42297591641545,17.839647992514074,56.46303989738226,16.707423989661038,114.01974678039551,5.793343961238861,28.672191619873047,4.222784578800201,cache_w8a8_m4k2v2,large_h6_n10_s100_wikics_arxiv,c0475eb283dbd1439a7826b0099b1b55085b16bdbb6d9c323473b401ba40a131,19.669504165649414,787.0134077370167,539.171778678894,427.71911999583244,14680064,646656,646656,2436
wikics,test,117,17,wikics:test:000017:4a1cc5182ee6a7b2,1,2334.441799,2334.414306640625,2225.72621,108.185998,58.097509667277336,42.57396049797535,6.741530261933804,1897.5614504888654,152.74915313720703,1743.2677001953125,56,0,1,36,0,506.3680019378662,129.50742402207106,20.20428795553744,56.62096009030938,16.772928001359105,114.08175849914551,5.791040003299713,28.65225648880005,4.2240981459617615,cache_w8a8_m4k2v2,large_h6_n10_s100_wikics_arxiv,4a1cc5182ee6a7b21bcc02e720e79abc58a3736448065e57d132aabb574e1ce0,19.686656951904297,787.1394245028496,542.546368598938,433.26856404542923,14680064,646656,646656,2436
wikics,test,118,18,wikics:test:000018:52ed896d72d1921f,1,3210.618801,3210.58935546875,3098.544218,111.533744,63.86398617178202,42.68150217831135,7.3363203555345535,2753.0489191412926,223.9504051208496,2527.396484375,61,0,1,84,0,1181.7498874664307,298.27865611296147,44.1653439514339,132.1526078786701,39.53846398368478,176.3337287902832,9.317568063735962,31.991615772247314,6.30749249458313,cache_w8a8_m4k2v2,large_h6_n10_s100_wikics_arxiv,52ed896d72d1921f5bfad1ba37c773faef5be83e39838a0b7c5f273e111c94c2,19.71356773376465,856.1526083350182,1266.4069108963013,424.5505328774452,15990784,2219520,2219520,2646
wikics,test,119,19,wikics:test:000019:d818f5b8cb6d7e5d,1,5193.462187,5193.42724609375,5083.611727,109.15995,511.4275561645627,46.22012283653021,9.169873781502247,4325.444382615387,224.81865692138672,4098.916687011719,61,0,1,144,0,2732.2685346603394,1239.9151428462937,71.95731198880821,238.39270397275686,70.12473606038839,177.1450538635254,9.407487869262695,31.973504066467285,6.292611122131348,cache_w8a8_m4k2v2,large_h6_n10_s100_wikics_arxiv,d818f5b8cb6d7e5debed18cf27d69c8839f643f32da6837d6996ba8668450d55,19.739648818969727,855.2183692753315,2880.4963188171387,382.9416477382183,15990784,4019712,4019712,2646
wikics,test,120,20,wikics:test:000020:ab0922f67c5fbbe5,1,3931.457867,3931.42578125,3828.096739,102.94833,70.35844773054123,43.31222828477621,7.80491903424263,3442.2089280560613,306.2801322937012,3134.2059326171875,63,0,1,120,0,1742.8173446655273,484.8856340078637,63.48665590491146,186.51462399587035,55.04934396315366,250.95830154418945,13.506943941116333,33.13987159729004,8.675015211105347,cache_w8a8_m4k2v2,large_h6_n10_s100_wikics_arxiv,ab0922f67c5fbbe5719b9057d130d798ebe62c82eda3b9e6779d10b62a0ab03e,19.909183502197266,884.414495319128,1863.1850805282593,406.51554027199745,16515072,3399168,3399168,2730
wikics,test,121,21,wikics:test:000021:5d453ee1cd5d59f9,1,2897.180919,2897.152099609375,2788.154538,108.607381,69.43185720592737,43.03447436541319,6.86230044811964,2352.4995669722557,180.53743934631348,2170.400848388672,56,0,1,48,0,933.7459192276001,429.60803768318146,24.282687980681658,75.2416320424527,22.22380798216909,139.5149440765381,7.2576000690460205,28.701152324676514,5.0637428760528564,cache_w8a8_m4k2v2,large_h6_n10_s100_wikics_arxiv,5d453ee1cd5d59f93beec8e6bbfa80c2f22adbd82be2f4d0eac68cd4736cd8ab,19.793439865112305,788.2204145491123,981.9487352371216,420.0251384675503,14680064,1039872,1039872,2436
wikics,test,122,22,wikics:test:000022:066e9ba55552f1f8,1,4969.515883,4969.47900390625,4855.488829,113.258018,75.21926425397396,43.30385662615299,8.152374066412449,4448.411488905549,364.0674819946289,4082.5206298828125,64,0,1,156,0,2661.204860687256,598.6637442419305,85.52732788026333,642.4192654155195,80.92953602224588,303.97564697265625,16.35260844230652,33.477439880371094,10.261786699295044,cache_w8a8_m4k2v2,large_h6_n10_s100_wikics_arxiv,066e9ba55552f1f8a73072514a22f5d6757c92f4c0398e291fc015deb88b7b88,19.935392379760742,898.3545295000076,2819.4994745254517,384.60201823711395,16777216,4578816,4578816,2772
wikics,test,123,23,wikics:test:000023:f77a6bf6e6e7e71b,1,2926.937287,2926.901611328125,2823.254005,103.268098,116.45944509655237,45.89822422713041,7.388906553387642,2403.61559484154,160.45756721496582,2241.4984130859375,59,0,1,66,0,938.4752969741821,243.5032959226519,34.36979193519801,104.82528003677726,30.705279980786145,119.64694404602051,6.058911919593811,30.344511032104492,4.407200217247009,cache_w8a8_m4k2v2,large_h6_n10_s100_wikics_arxiv,f77a6bf6e6e7e71b5e5ecd0307e4293065f4fee80788b61911368457a6d1a604,20.917631149291992,828.3807992637157,1006.1824331283569,427.8528118431568,15466496,1629696,1629696,2562
wikics,test,124,24,wikics:test:000024:000a2a73e51d5345,1,2842.513498,2842.48486328125,2734.003557,108.155634,59.308177791535854,43.21442171931267,7.019689306616783,2349.21860601753,172.29878616333008,2175.3385009765625,56,0,1,60,0,934.607928276062,296.6999342488125,31.53193597495556,99.01948794350028,28.1790400063619,131.96800231933594,6.841311931610107,28.661856174468994,4.827615737915039,cache_w8a8_m4k2v2,large_h6_n10_s100_wikics_arxiv,000a2a73e51d53459dc7e58576aaddb15d29ac4a73b00401f136569f75d2f6b8,19.885120391845703,786.9318401515484,994.9811153411865,413.3106658756733,14680064,1433088,1433088,2436
wikics,test,125,25,wikics:test:000025:1424ce3b3bad84d4,1,3423.902899,3423.873046875,3315.465549,108.091578,68.94055008888245,43.41553337872028,7.647410966455936,2931.434833444655,199.09085083007812,2730.6217041015625,63,0,1,96,0,1347.0960035324097,341.0095359599218,50.87788794469088,149.70739203318954,44.2708799848333,152.72975730895996,7.904640078544617,32.938079833984375,5.518373608589172,cache_w8a8_m4k2v2,large_h6_n10_s100_wikics_arxiv,1424ce3b3bad84d47085b76cd2ca72fa2d01ab4c8eb0cee9f0854c07ffcbbf64,19.948928833007812,882.952671200037,1443.4374046325684,424.18055710196495,16515072,2612736,2612736,2730
wikics,test,126,26,wikics:test:000026:6fabdd7e6fa1c9b0,1,3090.257323,3090.22900390625,2980.141118,109.744193,61.80324126034975,43.87047793716192,7.431775331497192,2609.257170930505,235.83846282958984,2371.7381286621094,61,0,1,72,0,1023.3516817092896,258.3620160901919,39.079071978107095,114.9098560065031,33.75510396063328,187.26179122924805,9.898560047149658,32.01350402832031,6.664607524871826,cache_w8a8_m4k2v2,large_h6_n10_s100_wikics_arxiv,6fabdd7e6fa1c9b0791ff71909878258781591a7720f48a6507ad37df16a4ca1,19.771808624267578,856.4442881047726,1095.6837768554688,439.38187232613564,15990784,1826304,1826304,2646
wikics,test,127,27,wikics:test:000027:df55b940083f1bf1,1,4796.30056,4796.26806640625,4687.471357,108.377469,393.91445741057396,43.219393119215965,8.949770592153072,3896.64912968874,348.10000228881836,3546.828125,62,0,1,150,0,2179.685212135315,592.9596485309303,79.98796784132719,235.7774720415473,69.49612796399742,290.0077438354492,15.714911937713623,32.47763156890869,9.899714946746826,cache_w8a8_m4k2v2,large_h6_n10_s100_wikics_arxiv,df55b940083f1bf1f1f72918358a0a21b17b5b59208e8033f0571bcddd8aab82,19.85545539855957,868.9489271640778,2330.317852973938,367.4168002605438,16252928,4274688,4274688,2688
wikics,test,128,28,wikics:test:000028:bb2e0546b88fa929,1,2816.224697,2816.193359375,2707.774183,108.038567,62.858511693775654,42.98666398972273,6.934039294719696,2336.833412759006,186.7283821105957,2148.5225219726562,57,0,1,60,0,892.1486053466797,251.57699195295572,31.27142398711294,95.57315194793046,28.248512008227408,144.38761520385742,7.476896047592163,29.625855922698975,5.2380149364471436,cache_w8a8_m4k2v2,large_h6_n10_s100_wikics_arxiv,bb2e0546b88fa929e4ad473dbd223f632fce04a3717e5e2390426e3af27fddfb,19.914880752563477,801.5783671736717,952.3443555831909,414.5146799683571,14942208,953856,953856,2478
wikics,test,129,29,wikics:test:000029:354b8d27549aa637,1,3275.080423,3275.05126953125,3171.248318,103.483031,73.5062351450324,42.78085380792618,7.610997185111046,2788.266761228442,214.7267837524414,2571.8153076171875,63,0,1,84,0,1185.7966041564941,297.8086722251028,44.28825594019145,132.1607359368354,39.37017600052059,167.00460815429688,8.764895915985107,32.96035194396973,5.996927738189697,cache_w8a8_m4k2v2,large_h6_n10_s100_wikics_arxiv,354b8d27549aa637c29bd706bc1b1d4c8e164bb524dbb43ff574695c37d49b21,19.716896057128906,883.6190096735954,1269.9636545181274,437.94953948259354,16515072,2219520,2219520,2730
wikics,test,130,30,wikics:test:000030:4a41086e390dbe51,1,2802.076931,2802.0478515625,2698.808755,102.928105,70.9557356312871,42.79839526861906,7.422692142426968,2359.076372347772,202.61663818359375,2154.821319580078,59,0,1,60,0,844.9737615585327,214.48921631183475,31.275519975461066,95.03459202125669,27.929951994679868,158.23903846740723,8.258400082588196,30.411999702453613,5.707199931144714,cache_w8a8_m4k2v2,large_h6_n10_s100_wikics_arxiv,4a41086e390dbe51ecd9f27bdf84a1f2aed65d44410ce97f0e5f6a2d66d349b1,19.731584548950195,828.1918709874153,905.4954214096069,440.8656117320061,15466496,1433088,1433088,2562
wikics,test,131,31,wikics:test:000031:cafc1e78b99470a1,1,3597.529998,3597.499755859375,3494.498964,102.648223,65.79226814210415,42.817091569304466,8.037098683416843,3174.9473391100764,233.17155075073242,2940.0254516601562,64,0,1,90,0,1293.623550415039,340.76543995551765,47.445055954158306,143.21564813703299,41.82793599460274,183.60969734191895,9.690560102462769,33.302112102508545,6.569181203842163,cache_w8a8_m4k2v2,large_h6_n10_s100_wikics_arxiv,cafc1e78b99470a1de15d16216655833dd9034daaf7ae6b5386e2d52952fddae,19.74723243713379,896.9995852708817,1384.8247022628784,677.94839656353,16777216,2288640,2288640,2772
wikics,test,132,32,wikics:test:000032:1f48965693a47551,1,3476.454708,3476.42431640625,3373.036534,103.01537,70.26439160108566,43.17193292081356,7.940045557916164,2941.4046751335263,253.44034957885742,2686.2356872558594,63,0,1,90,0,1289.862431526184,336.46128004882485,47.66860792320222,142.26627203449607,42.07241597119719,202.2732810974121,10.864864110946655,33.1876482963562,7.114556074142456,cache_w8a8_m4k2v2,large_h6_n10_s100_wikics_arxiv,1f48965693a47551fb266cee941d275d7733d5e14d8bc4f0a241156e1e7f8f85,19.877023696899414,883.7913598716259,1382.04723072052,440.27412036061287,16515072,2391552,2391552,2730
wikics,test,133,33,wikics:test:000033:97a6a0498a0658ed,1,3779.06521,3779.034423828125,3670.736043,107.971331,83.31231400370598,43.13813429325819,7.971165701746941,3174.3545550853014,243.58489608764648,2929.03173828125,63,0,1,108,0,1538.0322847366333,387.17270391155034,57.44783994089812,171.12550406903028,50.534624016843736,193.38752365112305,10.288064002990723,33.0577278137207,6.851580619812012,cache_w8a8_m4k2v2,large_h6_n10_s100_wikics_arxiv,97a6a0498a0658edcac653eb0bb3210363bd9b07ca8d619186dbcfcbc0a2e8f5,19.842527389526367,883.3311352729797,1647.179843902588,418.36328649520874,16515072,3005952,3005952,2730
wikics,test,134,34,wikics:test:000034:93dab44c974f61f3,1,3220.228962,3220.198486328125,3110.931934,108.700568,64.0830248594284,42.98366792500019,7.703788578510284,2762.1963238343596,223.57363510131836,2536.9366760253906,61,0,1,84,0,1189.07004737854,303.10150410886854,44.295583948493004,133.40368006005883,39.769216013140976,176.14588928222656,9.257824182510376,31.855648040771484,6.3142735958099365,cache_w8a8_m4k2v2,large_h6_n10_s100_wikics_arxiv,93dab44c974f61f37b82c3a55ac543c3cafa371b99f438f53d8df60d8b08da15,19.820383071899414,855.3235508203506,1273.7639026641846,427.6696056127548,15990784,2219520,2219520,2646
wikics,test,135,35,wikics:test:000035:e96a44872b159e58,1,2658.568619,2658.539306640625,2548.640594,109.573058,63.03370837122202,43.74007601290941,7.306075654923916,2145.2692979946733,174.1598072052002,1969.4898071289062,58,0,1,48,0,689.0333118438721,182.52393622417003,24.48607998061925,75.94185606762767,22.513184003531933,132.6554889678955,6.846240043640137,29.81436777114868,4.843710422515869,cache_w8a8_m4k2v2,large_h6_n10_s100_wikics_arxiv,e96a44872b159e585dfc70f49945bedec7a8f682f7c98f1e2e240ff3a9cfb9a6,20.559072494506836,814.4534713923931,737.379072189331,438.2163360416889,15204352,953856,953856,2520
wikics,test,136,36,wikics:test:000036:afbff186281a0e4e,1,3586.415786,3586.385009765625,3477.717256,108.355986,81.0129214078188,43.182468973100185,7.929169572889805,3018.8685161992908,187.63119888305664,2829.5031127929688,63,0,1,84,0,1439.597767829895,309.3480957392603,282.9455736214295,133.97215992584825,39.181791968643665,142.22201538085938,7.338559985160828,32.86745548248291,5.203168034553528,cache_w8a8_m4k2v2,large_h6_n10_s100_wikics_arxiv,afbff186281a0e4ef263695c2eae0d5605ba4b8d807b1a398463e79793b58c9e,19.932031631469727,883.1328312754631,1524.5290279388428,441.7732852101326,16515072,2116608,2116608,2730
wikics,test,137,37,wikics:test:000037:b3012d4981d56ea8,1,2448.645634,2448.61767578125,2339.255261,109.010183,63.20985313504934,43.25328767299652,9.095060639083385,1961.8351850658655,128.6191349029541,1831.6680603027344,55,0,1,42,0,610.0244798660278,168.67372792307287,21.06156798824668,71.18675198033452,19.966464013792574,92.3123197555542,4.596095979213715,28.224928379058838,3.48579078912735,cache_w8a8_m4k2v2,large_h6_n10_s100_wikics_arxiv,b3012d4981d56ea820287d335a753a79cc4b4f1ef77ed486500ba06ecd246d4b,19.751455307006836,772.9647671878338,652.5362243652344,425.91852405667305,14417920,729600,729600,2394
wikics,test,138,38,wikics:test:000038:d8d309dacda8c856,1,3399.859065,3399.828369140625,3294.838985,104.351054,71.14159502089024,42.953819036483765,9.469807147979736,2956.2876215204597,180.88499069213867,2773.650909423828,63,0,1,102,0,1380.7427549362183,338.7675203131512,50.14345597010106,168.58076805993915,49.66921605076641,136.1065616607666,6.929631948471069,32.863648414611816,4.985148668289185,cache_w8a8_m4k2v2,large_h6_n10_s100_wikics_arxiv,d8d309dacda8c8565011a8a5c4bd50703da0a89f4da3c8de139014c0f400b5e1,19.667583465576172,882.5436131954193,1483.6499843597412,427.1248953342438,16515072,2695680,2695680,2730
wikics,test,139,39,wikics:test:000039:3ef432bb200e1c4d,1,2655.610406,2655.5810546875,2546.876416,108.369273,65.92348217964172,43.2766443118453,7.0610614493489265,2106.8122535943985,180.65817642211914,1924.5799560546875,56,0,1,48,0,679.5950698852539,174.30809615924954,24.563967949710786,76.41542409360409,23.688608053140342,139.62848091125488,7.263968110084534,28.698464393615723,5.0672630071640015,cache_w8a8_m4k2v2,large_h6_n10_s100_wikics_arxiv,3ef432bb200e1c4d10899e6d592c8c2970df591ebd929560ec4d6b50c138ea97,19.87139129638672,787.431231290102,728.0375375747681,428.98257848620415,14680064,1039872,1039872,2436
wikics,test,140,40,wikics:test:000040:9c16d6144ad4a191,1,3347.793163,3347.7626953125,3244.226794,103.207853,80.78927919268608,43.04689820855856,7.937523536384106,2780.0855366513133,187.56921577453613,2590.7925720214844,63,0,1,84,0,1203.6032009124756,307.5782399857417,44.64873592928052,136.9071680419147,39.213311994448304,142.20051193237305,7.313024044036865,32.856191635131836,5.199488162994385,cache_w8a8_m4k2v2,large_h6_n10_s100_wikics_arxiv,9c16d6144ad4a1917bc11fa59558e81b6ffc26842b37c5b649636e1bd6996d1c,19.764192581176758,883.0533719062805,1288.210397720337,439.2929949760437,16515072,2115072,2115072,2730
wikics,test,141,41,wikics:test:000041:7fea338f8fa28367,1,3702.659331,3702.628173828125,3594.283678,107.967942,66.74228981137276,42.80736856162548,7.932914420962334,3261.086840182543,180.75651359558105,3078.5977172851562,63,0,1,102,0,1692.4849042892456,369.6882559219375,54.25311996601522,162.42431999370456,47.936224019154906,136.0419216156006,6.917951941490173,32.8185920715332,4.978047966957092,cache_w8a8_m4k2v2,large_h6_n10_s100_wikics_arxiv,7fea338f8fa28367962db97fb384e2e94a82f63cc2c2a58460bd13fa9d7532c6,19.735231399536133,882.6632652878761,1795.431833267212,420.23785012960434,16515072,2809344,2809344,2730
wikics,test,142,42,wikics:test:000042:7e04af92ff942365,1,3635.486502,3635.454833984375,3532.050121,103.012201,65.37168100476265,43.13742648810148,7.795736193656921,3124.2436822503805,217.1097297668457,2905.4173889160156,62,0,1,108,0,1538.419937133789,397.574816390872,57.12099193036556,170.6693440452218,50.196767972782254,169.60655975341797,9.049952149391174,32.401920318603516,6.051297545433044,cache_w8a8_m4k2v2,large_h6_n10_s100_wikics_arxiv,7e04af92ff94236596a24d9e983dcc77cce54b5d00fe25a7752dadbdf0253c86,19.949663162231445,869.9042558670044,1647.354271888733,408.10852432250977,16252928,2962944,2962944,2688
wikics,test,143,43,wikics:test:000043:7338a3bd818fbc61,1,3905.392524,3905.360595703125,3780.654992,124.363568,69.06498782336712,43.266299180686474,8.06584395468235,3365.045230835676,330.90201568603516,3032.389434814453,64,0,1,114,0,1622.102970123291,420.24905600585043,60.61513594631106,179.2514560483396,52.917216000147164,273.5988464355469,14.583327770233154,33.38752031326294,9.332321166992188,cache_w8a8_m4k2v2,large_h6_n10_s100_wikics_arxiv,7338a3bd818fbc612b572517865a443cded9cc98f098cd47444fc0c70f038fa1,19.95030403137207,896.836609005928,1737.3887958526611,418.114333987236,16777216,3202560,3202560,2772
wikics,test,144,44,wikics:test:000044:e7e458e07c01abc7,1,2943.159068,2943.12890625,2819.027178,123.79498,71.62755727767944,43.193225748836994,7.569471374154091,2437.0357394218445,172.0190086364746,2263.3472900390625,60,0,1,66,0,936.3422384262085,240.40604811534286,34.178207974880934,104.72016006335616,30.547360006719828,129.55206298828125,6.6306880712509155,31.0763521194458,4.759905457496643,cache_w8a8_m4k2v2,large_h6_n10_s100_wikics_arxiv,e7e458e07c01abc73eac5d1f5b73ee274f45fe663453876d0498e3b21270f1db,19.8492488861084,842.0715830624104,1002.8763160705566,438.2486397922039,15728640,1629696,1629696,2604
wikics,test,145,45,wikics:test:000045:664f4ac17fac6612,1,4623.270707,4623.23828125,4518.376874,104.494595,326.3717507943511,43.28754637390375,7.843652740120888,3791.8097749352455,352.85107421875,3437.2306518554688,62,0,1,150,0,2064.3100748062134,520.2524801930413,75.25619196239859,245.4070400558412,72.41862404346466,294.59241485595703,15.801024198532104,32.545151710510254,9.91248345375061,cache_w8a8_m4k2v2,large_h6_n10_s100_wikics_arxiv,664f4ac17fac66126dbf78db22d95ea89d4ccfe89013f9873465f1677a51a75f,19.86089515686035,870.2165104746819,2216.1386194229126,370.73641711473465,16252928,4202496,4202496,2688
wikics,test,146,46,wikics:test:000046:8880ab728d4d5032,1,3214.46797,3214.432861328125,3105.062712,108.973197,70.11392433196306,42.972760275006294,9.450128301978111,2734.060254879296,216.84429168701172,2515.479766845703,62,0,1,84,0,1140.6163244247437,286.1142721772194,43.447327960282564,139.9323199018836,41.45715203229338,169.57977676391602,8.905151963233948,32.27174425125122,6.087618708610535,cache_w8a8_m4k2v2,large_h6_n10_s100_wikics_arxiv,8880ab728d4d503279b823be1914ee9902a040262614bf49e1872574b155fe91,19.68876838684082,869.5065907537937,1226.0508193969727,439.6111250817776,16252928,2098176,2098176,2688
wikics,test,147,47,wikics:test:000047:2642137ffa998c84,1,3257.894996,3257.863525390625,3148.537305,108.646551,71.06663100421429,43.120658956468105,9.630946442484856,2762.887731194496,199.2850227355957,2561.8433227539062,63,0,1,84,0,1162.0280323028564,293.3545920792967,42.29132799152285,142.32931209355593,41.08073603268713,152.853120803833,7.967360019683838,32.93356800079346,5.5309739112854,cache_w8a8_m4k2v2,large_h6_n10_s100_wikics_arxiv,2642137ffa998c84dd63777375d8e0ade25fbd787901bdf3058101753a069020,19.655712127685547,882.7713288068771,1247.14573097229,451.5819751024246,16515072,2182656,2182656,2730
wikics,test,148,48,wikics:test:000048:51b9971d8910d5e2,1,3552.287564,3552.25634765625,3432.684952,119.222119,73.82744457572699,43.11486426740885,7.9520586878061295,3078.4648256376386,154.2940158843994,2922.4361267089844,63,0,1,90,0,1532.0637493133545,331.093664214015,287.3865608824417,144.0125440992415,41.99247998930514,111.7354564666748,5.592319965362549,32.805856227874756,4.160383224487305,cache_w8a8_m4k2v2,large_h6_n10_s100_wikics_arxiv,51b9971d8910d5e2e50bb2ce18041a1def0f52cc064e9c53428b6208b2325cec,19.850271224975586,882.6504955589771,1622.908800125122,436.72710224986076,16515072,2380800,2380800,2730
wikics,test,149,49,wikics:test:000049:728df285513a7803,1,3225.887254,3225.856689453125,3122.773334,102.777554,77.92431768029928,43.00330393016338,7.8543126583099365,2720.6672113388777,240.7265281677246,2478.2300415039062,62,0,1,78,0,1111.6966361999512,287.9193921815604,42.49132796563208,123.52518409863114,36.26838399935514,191.4127025604248,10.163967847824097,32.35779285430908,6.792064905166626,cache_w8a8_m4k2v2,large_h6_n10_s100_wikics_arxiv,728df285513a7803b751f28b0959d82e759e2f545428d48a38d0f006a55bcc9a,19.77289581298828,869.412894397974,1190.4774074554443,438.1126354634762,16252928,1930752,1930752,2688
wikics,test,150,50,wikics:test:000050:fe96b5b2a7c4af01,1,3222.590514,3222.559814453125,3113.954878,108.299006,66.45284779369831,42.88448765873909,7.8082624822855,2720.679317601025,240.6647071838379,2478.309844970703,62,0,1,78,0,1106.9999046325684,285.07545596174896,41.04691196233034,123.73244815692306,36.50137600116432,191.3643856048584,10.172096014022827,32.35103988647461,6.777185678482056,cache_w8a8_m4k2v2,large_h6_n10_s100_wikics_arxiv,fe96b5b2a7c4af01943f25f9415335607ba1b330ad640aa2818bffc6db32e498,19.802400588989258,869.7288309335709,1185.7405462265015,442.64286839962006,16252928,1892352,1892352,2688
wikics,test,151,51,wikics:test:000051:6246382ad476e3b5,1,3470.569207,3470.537841796875,3345.976895,123.978218,66.94900244474411,42.86189656704664,7.929112762212753,2977.62168943882,217.71737670898438,2758.175262451172,63,0,1,96,0,1367.8978538513184,351.6752319941297,51.62319998908788,152.24515198916197,44.904511970467865,169.80332946777344,8.875168085098267,32.951904296875,6.086974859237671,cache_w8a8_m4k2v2,large_h6_n10_s100_wikics_arxiv,6246382ad476e3b5f68b37aba9aa3566c47b169674446b7a4c924b1c74988d7f,19.76425552368164,883.1978242993355,1464.9678144454956,429.77387923002243,16515072,2554368,2554368,2730
wikics,test,152,52,wikics:test:000052:421b142bb389d9d1,1,2430.990525,2430.9609375,2306.235333,124.38622,57.742112316191196,43.04264672100544,6.817967630922794,1908.4983067587018,196.33900451660156,1710.6361389160156,54,0,1,36,0,518.0854406356812,138.56998396944255,18.02559996303171,58.83494396880269,16.825407983735204,154.68147087097168,8.123039841651917,27.95737600326538,5.5771178007125854,cache_w8a8_m4k2v2,large_h6_n10_s100_wikics_arxiv,421b142bb389d9d16aececb4211419686451d1184d50d2e5f8ea97ee81a79730,19.820608139038086,760.4288326501846,554.4028816223145,415.6250327825546,14155776,625152,625152,2352
wikics,test,153,53,wikics:test:000053:31b24b95a70aea62,1,3862.154205,3862.12255859375,3758.494679,103.31553,68.6629144474864,43.06181240826845,7.789921946823597,3431.9861829280853,192.90863800048828,3237.3572692871094,62,0,1,114,0,1872.123592376709,429.09472057782114,60.47231994755566,180.02652817592025,52.97417600918561,147.77775764465332,7.629760026931763,32.11567974090576,5.3854405879974365,cache_w8a8_m4k2v2,large_h6_n10_s100_wikics_arxiv,31b24b95a70aea62d73f3c5f5b796febb8ca98cc307497a826603ccfab0b45bb,19.791744232177734,868.8912325799465,1986.9653816223145,401.29239931702614,16252928,3148800,3148800,2688
wikics,test,154,54,wikics:test:000054:1492c0fd54704e8b,1,3428.776215,3428.745361328125,3320.215528,108.210841,67.00875423848629,43.11216063797474,7.564600557088852,2834.075898863375,218.57731246948242,2613.827667236328,60,0,1,90,0,1287.690146446228,330.3462079465389,50.25615980196744,143.27084809541702,42.19916798826307,172.07980918884277,9.099615812301636,31.238399982452393,6.15948748588562,cache_w8a8_m4k2v2,large_h6_n10_s100_wikics_arxiv,1492c0fd54704e8b3a028427a3f0afafbed89dfcff3af66979a2a0d84cdb94e6,19.8602237701416,841.7146239876747,1378.5090246200562,413.46424239873886,15728640,2313216,2313216,2604
wikics,test,155,55,wikics:test:000055:4c3a9cced3fdbabd,1,3216.03057,3216.0,3112.352277,103.340173,78.97288724780083,43.144701048731804,7.9139480367302895,2768.365493044257,183.3087673187256,2583.3269653320312,63,0,1,84,0,1192.0075216293335,306.6930237542838,43.85929594747722,133.4033280648291,38.9054719787091,138.28079986572266,7.086975932121277,32.87052774429321,5.07046377658844,cache_w8a8_m4k2v2,large_h6_n10_s100_wikics_arxiv,4c3a9cced3fdbabd0d34163f06734c93b30f546193a2e36fcf5442c43864448d,19.89743995666504,883.1757425367832,1276.5572509765625,443.49141177535057,16515072,2162688,2162688,2730
wikics,test,156,56,wikics:test:000056:a5bcd1251e1f47d6,1,3407.9753,3407.945068359375,3278.879648,128.676532,65.87638147175312,42.91234444826841,7.9170819371938705,2903.892952017486,222.5475845336914,2679.606689453125,63,0,1,90,0,1285.8220500946045,337.7807360338047,47.212063977494836,144.78623997047544,43.01558403018862,174.10483169555664,9.134495973587036,33.08204793930054,6.226208925247192,cache_w8a8_m4k2v2,large_h6_n10_s100_wikics_arxiv,a5bcd1251e1f47d65b8e0c3b3de076d9f301f0643172bda73691e60b9cdddd5c,19.77555274963379,883.4471338093281,1378.368064880371,437.5670435130596,16515072,2250240,2250240,2730
wikics,test,157,57,wikics:test:000057:c76d1190b26d012d,1,3832.952126,3832.91845703125,3722.221733,110.10439,97.94521983712912,43.47194265574217,9.686251170933247,3314.995573833585,265.73270416259766,3047.424560546875,64,0,1,96,0,1630.7668008804321,315.3546560900286,48.25884796027094,158.4074240066111,47.10870405938476,213.27420806884766,11.50054407119751,33.4553918838501,7.502560138702393,cache_w8a8_m4k2v2,large_h6_n10_s100_wikics_arxiv,c76d1190b26d012d091c00559c3a0425c20ebef1e538e567c96c216e9d813ae8,19.816864013671875,897.1467831432819,1727.8374328613281,442.2572085559368,16777216,2612736,2612736,2772
wikics,test,158,58,wikics:test:000058:a45285bcd1949205,1,2899.16541,2899.135009765625,2795.059645,103.750147,63.78860864788294,44.253187254071236,7.315482944250107,2409.7234224900603,175.80892753601074,2232.2957458496094,58,0,1,66,0,948.0532169342041,249.71343989577144,36.27279991284013,105.07968009635806,30.814271996729076,134.19903945922852,6.884736061096191,29.819583892822266,4.9055681228637695,cache_w8a8_m4k2v2,large_h6_n10_s100_wikics_arxiv,a45285bcd19492055ac80246f60bb0fb2ed4e504e079a5cd3200cdbdb7b891b5,19.84681510925293,814.8979531526566,1014.652735710144,422.5918720960617,15204352,1514496,1514496,2520
wikics,test,159,59,wikics:test:000059:1b94d315dc4e5555,1,3184.979761,3184.94873046875,3076.861218,107.78019,78.10470461845398,44.59966812282801,7.718595676124096,2695.4971831291914,164.8421745300293,2528.9813232421875,61,0,1,84,0,1186.9567022323608,303.0421118736267,44.088543916121125,134.3598720319569,38.866911987774074,122.41567993164062,6.179039835929871,31.737823963165283,4.509630799293518,cache_w8a8_m4k2v2,large_h6_n10_s100_wikics_arxiv,1b94d315dc4e55559bb69eeacb678f2d308eb5396713d6fa6fa7259031e7a970,19.736576080322266,854.8068181872368,1271.509789466858,422.40129166841507,15990784,2219520,2219520,2646
wikics,test,160,60,wikics:test:000060:38930b7d326ce516,1,3430.019249,3429.98779296875,3321.438935,108.229654,64.43462707102299,42.824385687708855,7.814016193151474,2853.427028283477,202.96781158447266,2648.746612548828,62,0,1,90,0,1276.051999092102,322.7002241490409,47.740639937110245,142.52672006562352,43.770431984215975,156.88115119934082,8.285664081573486,32.150400161743164,5.6505961418151855,cache_w8a8_m4k2v2,large_h6_n10_s100_wikics_arxiv,38930b7d326ce5164a9e65e9f30bcdbf435b09460c7f0beaf0babbcac90226b4,19.744640350341797,869.5488980412483,1366.7811851501465,432.1611697077751,16252928,2416128,2416128,2688
wikics,test,161,61,wikics:test:000061:92c5bd90d0baeb93,1,2952.851835,2952.821044921875,2847.411562,104.785114,60.08977349847555,43.007674627006054,7.303186692297459,2465.488838031888,158.26291275024414,2305.5994873046875,58,0,1,72,0,1022.6232919692993,262.240959931165,37.92857596743852,114.67481610924006,34.01628799084574,118.07548904418945,6.022720098495483,29.79798412322998,4.366719484329224,cache_w8a8_m4k2v2,large_h6_n10_s100_wikics_arxiv,92c5bd90d0baeb9304f2a19cafff8d354c181be05d34b15cf570e210c30adb5c,19.876895904541016,815.2529920935631,1095.2271003723145,414.996290743351,15204352,1826304,1826304,2520
wikics,test,162,62,wikics:test:000062:863d427861ff80dc,1,3735.037945,3735.006103515625,3631.550319,103.096492,70.17568126320839,44.623143039643764,8.031554520130157,3243.0985691025853,194.4686737060547,3046.866241455078,64,0,1,96,0,1632.5450687408447,360.4145920742303,51.061983929015696,152.15068803727627,44.67164798080921,148.1636791229248,7.670880079269409,33.253600120544434,5.38051438331604,cache_w8a8_m4k2v2,large_h6_n10_s100_wikics_arxiv,863d427861ff80dc849d2dfdc72906f1f2449ab7e6ed0e64e58e7235c0805796,19.841535568237305,896.5219523608685,1730.7489557266235,439.43686893582344,16777216,2457600,2457600,2772
wikics,test,163,63,wikics:test:000063:0a5a1c3308a40395,1,4431.18016,4431.1455078125,4322.31024,108.507826,79.50242422521114,42.890602722764015,7.818163372576237,3907.1837374940515,486.2059783935547,3419.2652587890625,62,0,1,144,0,2052.625533103943,522.0153921442106,77.04070391692221,229.5195840485394,67.17363198287785,419.6511917114258,21.136608123779297,32.421152114868164,12.997026443481445,cache_w8a8_m4k2v2,large_h6_n10_s100_wikics_arxiv,0a5a1c3308a40395b8520808200d136321b9db8233aa40c04be89539c97844d5,19.796287536621094,869.315134704113,2198.0461435317993,371.70026808977127,16252928,4182528,4182528,2688
wikics,test,164,64,wikics:test:000064:84d2bb6fbbf2efc7,1,3910.973491,3910.9404296875,3790.808542,119.509096,67.0175114646554,43.05604845285416,8.087476715445518,3376.781441271305,330.0228805541992,3045.0028686523438,64,0,1,114,0,1628.761697769165,413.7192322080955,63.74121596850455,183.860256023705,53.79622400458902,272.41635513305664,14.744959831237793,33.520448207855225,9.34111738204956,cache_w8a8_m4k2v2,large_h6_n10_s100_wikics_arxiv,84d2bb6fbbf2efc74543bfef829a471311b878c855f94ba54357da859b1dead5,19.856000900268555,898.2073588967323,1744.129144668579,422.5223659873009,16777216,3202560,3202560,2772
wikics,test,165,65,wikics:test:000065:14afb2e221d1c808,1,2642.902842,2642.872802734375,2539.667122,102.867543,63.73832933604717,43.256400153040886,7.0616863667964935,2103.666126728058,180.67603492736816,1921.4225769042969,56,0,1,48,0,681.9130249023438,174.66726362612098,24.636288011446595,76.03039995580912,22.4875839818269,139.6402244567871,7.26800000667572,28.701760292053223,5.066050171852112,cache_w8a8_m4k2v2,large_h6_n10_s100_wikics_arxiv,14afb2e221d1c808d81f675640e726fc6c53da6b5558b9ab547f3f4e99214fb4,19.88947105407715,787.4322538971901,730.3131160736084,423.56667798757553,14680064,1039872,1039872,2436
wikics,test,166,66,wikics:test:000066:cbfb38b24c9cd09f,1,3566.448555,3566.41748046875,3458.089643,108.006762,74.78433102369308,42.994262650609016,7.536686025559902,3138.5762840509415,204.8666877746582,2932.0435180664062,60,0,1,96,0,1605.8556537628174,355.7347523095086,50.35503995232284,151.38995206728578,44.40889596007764,159.67952156066895,8.29420793056488,31.1461763381958,5.746781945228577,cache_w8a8_m4k2v2,large_h6_n10_s100_wikics_arxiv,cbfb38b24c9cd09feb274e275c5fa9b2ac59e47d5e2b01a2e0142792e6f92a00,19.80396842956543,841.5281589627266,1702.6003551483154,407.71897238492966,15728640,2588160,2588160,2604
wikics,test,167,67,wikics:test:000067:3368959dda51b804,1,3619.493968,3619.463134765625,3509.854181,109.234888,66.17589015513659,42.93266963213682,7.819723337888718,3178.996656090021,192.97299194335938,2984.305389404297,62,0,1,114,0,1607.391074180603,406.2245435118675,58.417600014247,187.247135899961,57.08057600259781,147.83187294006348,7.631392002105713,32.13238334655762,5.377343654632568,cache_w8a8_m4k2v2,large_h6_n10_s100_wikics_arxiv,3368959dda51b804b9feaf3927fc8b63a4fe3efbd71e66e91bdae5790a4896e9,19.824703216552734,868.9009911119938,1724.2536993026733,410.9754022061825,16252928,3148800,3148800,2688
wikics,test,168,68,wikics:test:000068:c1f159a73fe7d15a,1,3277.152985,3277.121337890625,3171.705072,104.93103,69.77503467351198,43.670288287103176,9.596297517418861,2814.6933428943157,154.3806095123291,2658.5621643066406,63,0,1,90,0,1264.1877746582031,348.9277108972892,44.722559983842075,151.2538240738213,44.54892802517861,111.79814338684082,5.58921605348587,32.82313585281372,4.17011421918869,cache_w8a8_m4k2v2,large_h6_n10_s100_wikics_arxiv,c1f159a73fe7d15a2942f5fa44ebf6d2f9aa043b0006bc1c657334d82d242907,20.390911102294922,882.6276475787163,1355.8287992477417,440.49662858247757,16515072,2391552,2391552,2730
wikics,test,169,69,wikics:test:000069:c5c6eb8bc69150d0,1,3509.659755,3509.62646484375,3405.222186,103.791804,65.88114239275455,42.77165047824383,9.311228059232235,3077.875698916614,176.42108917236328,2899.7568359375,61,0,1,108,0,1552.0074586868286,448.83229028526694,52.221696024760604,176.18035198748112,51.84576001949608,132.93222618103027,6.822464227676392,31.80246353149414,4.863935232162476,cache_w8a8_m4k2v2,large_h6_n10_s100_wikics_arxiv,c5c6eb8bc69150d0f6f058cf2a8f0b19714a3b9e64ec85c634f36a2f6d435940,19.578367233276367,854.9688623845577,1660.9841966629028,403.3821441233158,15990784,2786304,2786304,2646
wikics,test,170,70,wikics:test:000070:15a487f6022e80ae,1,3248.420786,3248.390380859375,3138.693022,109.259811,67.82351341098547,43.1271567940712,9.834088385105133,2755.384696647525,507.48955726623535,2246.2203369140625,60,0,1,66,0,905.0319061279297,228.50476807449013,31.985439990647137,113.21823991462588,32.56035201717168,129.55382537841797,342.13805413246155,31.031808376312256,4.765869379043579,cache_w8a8_m4k2v2,large_h6_n10_s100_wikics_arxiv,15a487f6022e80aeea9398891795f58d139b42b0803269478d8b34dea8a73425,19.889568328857422,841.2757124006748,972.0240030288696,452.8101898133755,15728640,1629696,1629696,2604
wikics,test,171,71,wikics:test:000071:80de2ffba43febdb,1,4352.273631,4352.2392578125,4245.387522,105.753424,87.80610095709562,43.04134286940098,9.503137320280075,3807.6905719935894,459.11685943603516,3346.8372192382812,62,0,1,144,0,1961.0120296478271,477.07078415248543,76.86863992922008,241.7811518572271,74.14908811356872,392.3531494140625,21.255680084228516,32.50524854660034,13.002781391143799,cache_w8a8_m4k2v2,large_h6_n10_s100_wikics_arxiv,80de2ffba43febdbe62c72ec696d6b17833aa5deda2322b1e87c46fc212d2618,19.624671936035156,869.9120944440365,2107.443515777588,389.10628095269203,16252928,4116480,4116480,2688
wikics,test,172,72,wikics:test:000072:0a2ccdf11d68011b,1,3279.910204,3279.875,3174.684516,104.69324,122.5719302892685,44.348898343741894,9.706265293061733,2733.761946670711,199.1302375793457,2532.8750610351562,63,0,1,84,0,1133.8929300308228,277.09212789684534,41.03459199331701,142.57923205941916,42.13753604982048,152.73270225524902,7.941888093948364,32.940800189971924,5.514847040176392,cache_w8a8_m4k2v2,large_h6_n10_s100_wikics_arxiv,0a2ccdf11d68011bbe9b80610fa460e6d9cd02f79ccb2fe70c6d7122404939fe,19.797088623046875,882.9319983124733,1219.4674549102783,450.2726964354515,16515072,2219520,2219520,2730
wikics,test,173,73,wikics:test:000073:af4e3768afe7929b,1,3487.920569,3487.884765625,3378.82302,108.688347,70.85106894373894,42.9238248616457,9.665342047810555,3005.7874489575624,266.2476119995117,2737.7738037109375,64,0,1,96,0,1320.2653436660767,331.9624321842566,47.0816640201956,160.1209919117391,47.647744049318135,213.6270751953125,11.595423936843872,33.521056175231934,7.504056692123413,cache_w8a8_m4k2v2,large_h6_n10_s100_wikics_arxiv,af4e3768afe7929b1e8e837cec1be78bf565feb6d8bdc034a26e3ac263f1fcb5,19.60032081604004,897.1975384056568,1417.8277435302734,442.3488425910473,16777216,2474496,2474496,2772
wikics,test,174,74,wikics:test:000074:26717eeb6c2c73ce,1,4187.209495,4187.171875,4059.705129,124.669969,69.27919387817383,43.25333423912525,8.153857663273811,3637.060063891113,328.9197120666504,3306.3600463867188,64,0,1,114,0,1887.7188863754272,413.6629118937999,330.39375143218786,180.98521595448256,53.17763198912144,271.4326705932617,14.702592134475708,33.45459222793579,9.329857110977173,cache_w8a8_m4k2v2,large_h6_n10_s100_wikics_arxiv,26717eeb6c2c73ce0d419b3d77803154393a8d6999b43700154e75f75b854f0c,19.931360244750977,897.0583062171936,2004.8203706741333,424.4127297401428,16777216,3202560,3202560,2772
wikics,test,175,75,wikics:test:000075:c9441b3207b4d7bb,1,2977.945801,2977.915771484375,2858.587845,118.99003,78.01313605159521,43.24688762426376,7.6451171189546585,2474.5573718100786,211.24925231933594,2261.6357421875,60,0,1,66,0,934.6501722335815,238.91702405177057,34.920159998349845,103.95798402279615,30.70048000011593,165.40124893188477,8.689183950424194,31.212031841278076,5.946787595748901,cache_w8a8_m4k2v2,large_h6_n10_s100_wikics_arxiv,c9441b3207b4d7bb23a3a8eb71a0e5d4956ccf9de45afef45b0119f4aa0c5ec8,19.825376510620117,841.7499522268772,1002.8642234802246,436.8469429910183,15728640,1629696,1629696,2604
wikics,test,176,76,wikics:test:000076:823cb40fd26b0064,1,3592.899401,3592.8681640625,3488.325763,103.601515,70.34977711737156,42.96633694320917,7.896218448877335,3074.5004219934344,229.93936157226562,2842.8460388183594,62,0,1,102,0,1470.1695051193237,386.6350399926305,54.62604796141386,163.10694410279393,48.26768002938479,181.56639862060547,9.613535761833191,32.27769613265991,6.481731057167053,cache_w8a8_m4k2v2,large_h6_n10_s100_wikics_arxiv,823cb40fd26b0064a8aea01490743a82038eff8ef6b79e7478a5c1a8ab7509a2,19.803071975708008,869.2644802629948,1577.2782754898071,416.1063550412655,16252928,2686464,2686464,2688
wikics,test,177,77,wikics:test:000077:a6e66f96093de6ce,1,3234.595729,3234.564697265625,3130.796954,103.318512,62.3888960108161,43.19919552654028,7.541372440755367,2753.8022212684155,164.44441604614258,2587.7149658203125,59,0,1,90,0,1288.3916835784912,336.09273616038263,47.483807939104736,142.54803198948503,41.86623999290168,123.29747200012207,6.281183958053589,30.327807903289795,4.537952184677124,cache_w8a8_m4k2v2,large_h6_n10_s100_wikics_arxiv,a6e66f96093de6ce1bd052d598cfac37c91f2fadb62e6500edf9e062a1601f5a,20.04911994934082,827.2919665277004,1379.196286201477,401.27583304047585,15466496,2245632,2245632,2562
wikics,test,178,78,wikics:test:000078:906d5a2fc7b88169,1,3362.780871,3362.750244140625,3258.826383,103.541378,66.8955771252513,43.24247967451811,9.665253572165966,2804.6899158507586,187.505859375,2615.4451904296875,63,0,1,84,0,1221.7887363433838,320.3568642595783,44.54303997103125,137.52374406903982,39.39472000207752,142.14028930664062,7.310976147651672,32.85289669036865,5.20169723033905,cache_w8a8_m4k2v2,large_h6_n10_s100_wikics_arxiv,906d5a2fc7b881693e5654ad9a5ce6752da4ff09d9249413c6dfc7bd03c376dd,19.978656768798828,882.9763527214527,1306.7879667282104,445.65952774882317,16515072,2116608,2116608,2730
wikics,test,179,79,wikics:test:000079:73f671ca14fb033a,1,4499.28514,4499.25146484375,4389.785268,108.913336,108.13047550618649,43.712541460990906,7.798545993864536,4049.0078097209334,293.67555236816406,3753.6173706054688,62,0,1,138,0,2363.5183877944946,599.4591683316976,74.18425593245775,229.31833599880338,66.78159998357296,240.16060638427734,12.81440019607544,32.398783683776855,8.301762104034424,cache_w8a8_m4k2v2,large_h6_n10_s100_wikics_arxiv,73f671ca14fb033a30965114cc70e57d3d1dfb1a6b55042e803792c154bd1fb9,19.80838394165039,872.5602243244648,2506.2942066192627,394.57132360339165,16252928,3982848,3982848,2688
wikics,test,180,80,wikics:test:000080:0f184f1db0a996b5,1,2472.890178,2472.859619140625,2352.992622,119.489528,77.56470609456301,43.613649904727936,7.2048623114824295,1962.4631721526384,128.53900909423828,1832.3360290527344,55,0,1,42,0,606.8931503295898,155.03478403482586,21.31884798593819,70.42630392685533,21.623295983299613,92.2522554397583,4.590111970901489,28.217408180236816,3.479233503341675,cache_w8a8_m4k2v2,large_h6_n10_s100_wikics_arxiv,0f184f1db0a996b5c155f228291f962fece60e25c894ab8ac113bb00d919bc8f,19.89356803894043,773.854270875454,650.8396759033203,427.53565031290054,14417920,843264,843264,2394
wikics,test,181,81,wikics:test:000081:3ad691f9135ebeda,1,3555.972131,3555.9404296875,3451.617754,103.753402,68.94975434988737,42.82757360488176,7.988212630152702,3058.553953655064,214.1109733581543,2842.703826904297,63,0,1,102,0,1451.4874572753906,369.0098241819069,54.63689593877643,162.78505607321858,48.13321597967297,166.35027313232422,8.773183941841125,33.016735553741455,5.970780730247498,cache_w8a8_m4k2v2,large_h6_n10_s100_wikics_arxiv,3ad691f9135ebeda351c27e4a5ed088b476ae0fa8fb08a1342134b594d9a827a,19.741535186767578,883.4249293208122,1554.6188735961914,424.4015591740608,16515072,2809344,2809344,2730
wikics,test,182,82,wikics:test:000082:35f6d185e3b60583,1,3763.621137,3763.58984375,3639.025042,124.226186,77.60969828814268,44.24757789820433,7.378852926194668,3274.5369859039783,197.4609260559082,3075.456512451172,58,0,1,126,0,1795.8901748657227,460.79808018822223,68.50246389489621,199.30755200609565,58.454272001981735,154.01177406311035,8.007904052734375,29.893248081207275,5.547999858856201,cache_w8a8_m4k2v2,large_h6_n10_s100_wikics_arxiv,35f6d185e3b605830d55bd84ce5ae6b1b83d3a2650aed066131a57f509390d3d,19.90185546875,813.9456953108311,1922.9262657165527,358.48640689253807,15204352,3363840,3363840,2520
wikics,test,183,83,wikics:test:000083:77934391d49ed365,1,3612.770266,3612.738525390625,3503.169019,108.963456,71.74370624125004,43.02631318569183,8.04868247359991,3138.6256124824286,208.90620803833008,2927.964141845703,64,0,1,90,0,1280.0969953536987,323.39539214689285,47.758623998612165,142.59695998579264,42.34179201629013,161.42851066589355,8.432639837265015,33.23622369766235,5.808833837509155,cache_w8a8_m4k2v2,large_h6_n10_s100_wikics_arxiv,77934391d49ed3653879241637d8d8b001cacd53af052f115b2bb037763f5039,19.853471755981445,896.646302998066,1371.0460805892944,680.1252300143242,16777216,2416128,2416128,2772
wikics,test,184,84,wikics:test:000084:c558903a01f41d75,1,3173.903521,3173.8720703125,3064.323498,109.195616,64.34555165469646,43.0636927485466,7.7095963060855865,2670.121663250029,213.8564796447754,2454.5702514648438,61,0,1,78,0,1107.500961303711,284.57881598267704,41.15894392784685,123.76976002007723,36.18223999347538,167.09561920166016,8.778560042381287,31.978464126586914,6.003836274147034,cache_w8a8_m4k2v2,large_h6_n10_s100_wikics_arxiv,c558903a01f41d753914e796ba14e2931a6d80a582dc0814370dd761c259f2a7,19.823455810546875,856.2448001205921,1186.2478675842285,431.90103957057,15990784,2022912,2022912,2646
wikics,test,185,85,wikics:test:000085:3ef7c5747bd481fb,1,3491.751606,3491.720947265625,3387.944198,103.442779,81.90813101828098,43.155924417078495,7.798784412443638,2962.0097866281867,251.2967643737793,2708.9923095703125,62,0,1,90,0,1333.5449962615967,380.3853102978319,47.92038399260491,143.7248640358448,41.99807998444885,201.1506233215332,10.724256038665771,32.29683208465576,7.1250529289245605,cache_w8a8_m4k2v2,large_h6_n10_s100_wikics_arxiv,3ef7c5747bd481fb781ef0c2cb0f24c3f560198245c327c89d36040b4c1ee9cc,19.811328887939453,869.6739211678505,1424.3244800567627,434.80523723363876,16252928,2337792,2337792,2688
wikics,test,186,86,wikics:test:000086:02f33170fe9a1014,1,3450.939433,3450.908203125,3346.748949,103.595454,64.84139524400234,43.05287171155214,7.927282713353634,2966.651384718716,199.05286407470703,2765.8545837402344,63,0,1,96,0,1374.64847946167,355.034144397825,50.85884793382138,152.64755199477077,44.84531198069453,152.65459060668945,7.907007932662964,32.985087871551514,5.506177663803101,cache_w8a8_m4k2v2,large_h6_n10_s100_wikics_arxiv,02f33170fe9a1014eaa7ab4fd2e7737c2cdef43b62f534ca66d6f930bea0f3d5,19.865503311157227,882.9387182593346,1471.5393619537354,431.2420068383217,16515072,2580480,2580480,2730
wikics,test,187,87,wikics:test:000087:5e99a11f6629116f,1,2944.381936,2944.3515625,2835.858537,108.147506,74.68797918409109,44.17152609676123,7.076953537762165,2461.1294912174344,223.92646408081055,2235.635040283203,56,0,1,54,0,997.0653429031372,193.30777580384165,27.644799961708486,322.10181674547493,26.434271957725286,179.2459487915039,9.484031915664673,28.813120365142822,6.3833630084991455,cache_w8a8_m4k2v2,large_h6_n10_s100_wikics_arxiv,5e99a11f6629116fd08a82ba8d35c24398048b98ac3869fdfbaaaced09dd547e,19.817216873168945,787.5712982416153,1051.520438194275,416.3605207204819,14680064,1236480,1236480,2436
wikics,test,188,88,wikics:test:000088:661719a5706d2798,1,3494.045959,3494.013427734375,3389.908696,103.749031,65.90293627232313,42.870158329606056,7.675237022340298,3066.7307786643505,176.49737548828125,2888.5363159179688,61,0,1,108,0,1544.5205116271973,402.3779841689393,57.439775947481394,170.64895992353559,50.476095960475504,133.00243186950684,6.832192063331604,31.78547191619873,4.87727963924408,cache_w8a8_m4k2v2,large_h6_n10_s100_wikics_arxiv,661719a5706d2798e1832429597e7d4d8bc6495443836e96584a4620e3966597,19.831392288208008,855.2379524707794,1653.3500862121582,399.77966952323914,15990784,2836992,2836992,2646
wikics,test,189,89,wikics:test:000089:0811b581634c9202,1,3547.810631,3547.77734375,3438.552252,108.627602,67.6994165405631,43.14390569925308,8.111897855997086,3069.383967667818,265.57862091064453,2802.0299682617188,64,0,1,96,0,1385.4607677459717,359.36515202187,51.06044792570174,152.5838399231434,47.09318395610899,213.25951766967773,11.427872061729431,33.39488077163696,7.496350407600403,cache_w8a8_m4k2v2,large_h6_n10_s100_wikics_arxiv,0811b581634c9202754ef09bc06883c1deaacc1ec2345102e3cee23457a2eb14,19.878591537475586,896.9597127139568,1482.5328664779663,442.4159806072712,16777216,2474496,2474496,2772
wikics,test,190,90,wikics:test:000090:7a6f588c7960f99a,1,3268.690826,3268.66015625,3143.964506,124.328855,72.29721546173096,43.24563778936863,7.833908312022686,2779.5054614543915,209.6597442626953,2568.1339721679688,62,0,1,84,0,1194.1633586883545,302.057663991116,44.07443197630346,135.27100801095366,39.49903998803347,163.0837116241455,8.491680026054382,32.193599700927734,5.890752911567688,cache_w8a8_m4k2v2,large_h6_n10_s100_wikics_arxiv,7a6f588c7960f99a36a1c6325dd09381821ed32292ec8ef9de564ccdc789c916,19.90399932861328,870.2502073347569,1278.9297275543213,438.8580366075039,16252928,2219520,2219520,2688
wikics,test,191,91,wikics:test:000091:048f77cea8bd8173,1,3328.957439,3328.92578125,3220.943642,107.649997,76.31385512650013,43.040244840085506,7.514305412769318,2895.6239810213447,205.4978256225586,2688.4532775878906,60,0,1,96,0,1364.947678565979,349.4221440088004,51.40313589666039,150.67728009819984,45.9258239986375,160.09868812561035,8.386111855506897,31.26454448699951,5.7484811544418335,cache_w8a8_m4k2v2,large_h6_n10_s100_wikics_arxiv,048f77cea8bd8173479140b32200897a6931e78a836def05ad85382e9253fcce,19.83126449584961,842.1497914195061,1461.5995502471924,404.5352004170418,15728640,2609664,2609664,2604
wikics,test,192,92,wikics:test:000092:7d809617c6bd3e1e,1,3698.830761,3698.800048828125,3594.121428,104.08578,301.5955984592438,43.13311725854874,7.877228781580925,3042.5379117950797,180.8551025390625,2859.9415283203125,63,0,1,102,0,1469.3632955551147,382.73417619615793,54.97814393788576,162.0248000063002,51.63673599716276,136.07846450805664,6.925984144210815,32.87353563308716,4.977118253707886,cache_w8a8_m4k2v2,large_h6_n10_s100_wikics_arxiv,7d809617c6bd3e1e57cc92bf7f69f76cb3ba72c0919f19f3316d1484b3e9841e,19.86617660522461,882.81696164608,1572.4791402816772,424.51160299777985,16515072,2809344,2809344,2730
wikics,test,193,93,wikics:test:000093:322b3afcaa35f3c7,1,3261.397476,3261.3671875,3145.038041,115.835393,105.04601243883371,43.9041443169117,9.68768447637558,2734.3639386817813,215.99565505981445,2516.6143798828125,62,0,1,84,0,1133.6315851211548,276.23596795555204,40.39071999210864,141.27849600464106,41.51814403757453,168.8053092956543,8.855455994606018,32.24796724319458,6.086922526359558,cache_w8a8_m4k2v2,large_h6_n10_s100_wikics_arxiv,322b3afcaa35f3c71d509b1eaa067b1c9deb2f1fd9e38948dae3d548b5de4f83,20.11801528930664,870.05747205019,1220.2694692611694,446.40545386075974,16252928,2219520,2219520,2688
wikics,test,194,94,wikics:test:000094:a005efdcd7c8715a,1,3204.931918,3204.900634765625,3094.413789,109.627274,82.31920842081308,43.73735375702381,9.195041842758656,2691.9767605140805,164.61193466186523,2525.6909790039062,59,0,1,90,0,1221.4231986999512,307.52079985197634,43.471424017101526,151.30297607183456,44.70758405607194,123.43871879577637,6.290560007095337,30.33276891708374,4.54988694190979,cache_w8a8_m4k2v2,large_h6_n10_s100_wikics_arxiv,a005efdcd7c8715aa8fad232b75159e3190c49386d6e22f9d83ff1ba334960c2,20.05526351928711,827.6034859120846,1312.4961013793945,405.64665523171425,15466496,2224128,2224128,2562
wikics,test,195,95,wikics:test:000095:d668389de14e05fb,1,2563.082939,2563.047607421875,2442.001041,120.594907,64.50075376778841,43.294453993439674,8.766651153564453,2107.674221508205,179.42191886901855,1926.6112365722656,57,0,1,48,0,659.8409290313721,166.92867215164006,23.205535978078842,83.3401598483324,23.811808044090867,137.75984001159668,7.09824001789093,29.55356740951538,5.010271430015564,cache_w8a8_m4k2v2,large_h6_n10_s100_wikics_arxiv,d668389de14e05fb64f040eb1d30df390da23556d25ad8a665fb85d39595048c,19.775423049926758,801.275903493166,708.5162239074707,436.5945322215557,14942208,1039872,1039872,2478
wikics,test,196,96,wikics:test:000096:da21905a8cb96e44,1,2789.180681,2789.150634765625,2663.154739,125.609165,129.6708220615983,44.24204956740141,8.91905277967453,2216.0934498533607,194.6472282409668,2019.7881469726562,58,0,1,54,0,734.3656969070435,182.8893117280677,26.550592000596225,96.67158381640911,26.819168034009635,151.4899845123291,7.833600044250488,29.84169578552246,5.481947898864746,cache_w8a8_m4k2v2,large_h6_n10_s100_wikics_arxiv,da21905a8cb96e44856130f52c5c36dc7e212f58af78856eb7e3901a67b9533e,19.790943145751953,814.4712661504745,789.2099838256836,435.89784014225006,15204352,1236480,1236480,2520
wikics,test,197,97,wikics:test:000097:322b174a79431b1f,1,3924.514878,3924.481689453125,3803.99696,119.732636,73.1457769870758,43.15938428044319,9.704063646495342,3329.390396364033,235.7921600341797,3091.8091735839844,64,0,1,96,0,1668.644582748413,323.1819518841803,46.57721602078527,167.67113577201962,47.55084806960076,186.04828643798828,9.793439984321594,33.322943687438965,6.627489924430847,cache_w8a8_m4k2v2,large_h6_n10_s100_wikics_arxiv,322b174a79431b1fa466fe9d6c4146656cfc4021c19412a8ee526263102c0b0d,19.757503509521484,896.7485115528107,1766.3865356445312,448.43162989616394,16777216,2523648,2523648,2772
wikics,test,198,98,wikics:test:000098:23be48b489bd9fb1,1,3425.050142,3425.01953125,3319.675058,104.815073,65.03844633698463,43.113868683576584,7.879249751567841,2855.7147923856974,203.2975616455078,2650.663116455078,62,0,1,90,0,1276.2666273117065,329.2530242232606,49.00240006670356,151.54787199944258,44.42464000917971,157.05004692077637,8.310912132263184,32.27036762237549,5.666234970092773,cache_w8a8_m4k2v2,large_h6_n10_s100_wikics_arxiv,23be48b489bd9fb14fe360697fdf38ded476b0d934c1ba487c6b7cd9272b87df,19.861312866210938,869.6226879358292,1367.7255945205688,433.17614686489105,16252928,2374656,2374656,2688
wikics,test,199,99,wikics:test:000099:25d922430a6078eb,1,2956.498073,2956.46337890625,2846.732472,109.285288,96.52491100132465,45.58485932648182,8.814029395580292,2417.9233824834228,158.26070404052734,2257.9815979003906,58,0,1,72,0,975.6406097412109,246.2217917246744,34.79340799804777,121.82438403367996,35.3933760644868,118.07801818847656,6.0251840353012085,29.79596757888794,4.361534237861633,cache_w8a8_m4k2v2,large_h6_n10_s100_wikics_arxiv,25d922430a6078eb827beb56e89fee9ffb162a0dff995eeecaf2bfa300f2b08d,19.84307289123535,814.03881752491,1048.4653749465942,415.32047832012177,15204352,1743360,1743360,2520
wikics,val,0,0,wikics:val:000000:fef527b25a18161e,2,3094.04416,3094.024169921875,2965.9912,127.590992,395.29742021113634,501.04805175215006,6.796091794967651,1854.044809937477,149.28166389465332,1702.9354248046875,54,0,1,36,0,520.6731853485107,130.779775836505,17.595807990059257,55.391295947134495,16.252063989639282,111.84723281860352,5.559551954269409,27.516000270843506,4.35887885093689,cache_w8a8_m4k2v2,large_h6_n10_s100_wikics_arxiv,fef527b25a18161e02256c9a22a5fcb64ea189b88fbf1c593a16f7cef2386a5f,139.87501525878906,760.2899181842804,556.3943071365356,526.1262147426605,14155776,646656,646656,2352
wikics,val,1,1,wikics:val:000001:800111c04191b913,2,2535.21774,2535.213134765625,2433.31587,101.567194,60.91620586812496,42.44290292263031,6.826798431575298,2074.636120349169,167.868989944458,1905.2134094238281,57,0,1,48,0,662.2233610153198,168.68601599615067,24.205631968565285,73.05350391194224,21.754560001194477,127.41036605834961,6.585919976234436,29.167808055877686,4.704895853996277,cache_w8a8_m4k2v2,large_h6_n10_s100_wikics_arxiv,800111c04191b91313016b0068c7e73134e69c8f1fbc1fa3f47adef8e93827f2,19.457664489746094,797.8360632956028,709.7403831481934,417.09462746977806,14942208,1039872,1039872,2478
wikics,val,2,2,wikics:val:000002:55b16141b752157a,2,3256.638484,3256.64013671875,3154.679124,101.590608,64.57993853837252,42.161975055933,7.577851414680481,2812.9362082108855,196.4073257446289,2614.8518981933594,63,0,1,90,0,1242.7070083618164,314.68960034195334,45.82185595296323,136.1866239234805,40.60847997199744,150.65337753295898,7.811743855476379,32.450560092926025,5.491644263267517,cache_w8a8_m4k2v2,large_h6_n10_s100_wikics_arxiv,55b16141b752157aa1fbd4558cf493bf5089fa23bda74c0284125c7c88e21247,19.353471755981445,879.2496323883533,1331.872257232666,423.08348032832146,16515072,2416128,2416128,2730
wikics,val,3,3,wikics:val:000003:eb55f467ab494142,2,2228.038491,2228.031494140625,2106.073872,121.650134,53.13137173652649,42.64932405203581,6.34833425283432,1780.771130695939,126.97548866271973,1652.3436889648438,53,0,1,36,0,495.45737648010254,126.88527994509786,17.37199999578297,54.898911990225315,16.12495998106897,91.7222728729248,4.633567929267883,27.14793586730957,3.4717119932174683,cache_w8a8_m4k2v2,large_h6_n10_s100_wikics_arxiv,eb55f467ab49414223cbb42727548425fb72d6d25ba1e2ef78c9b8b316f07388,19.88912010192871,742.8802567124367,530.991774559021,398.3607777953148,13893632,646656,646656,2310
wikics,val,4,4,wikics:val:000004:94369875875c7eda,2,2839.998317,2839.996337890625,2738.199563,101.474211,58.129752054810524,42.378961108624935,6.896086968481541,2320.2044311910868,141.23769760131836,2177.389862060547,58,0,1,66,0,911.2327680587769,231.01935999747366,33.22281600162387,100.80236795917153,30.1784959519282,102.71136093139648,5.2258559465408325,29.413952350616455,3.8865283727645874,cache_w8a8_m4k2v2,large_h6_n10_s100_wikics_arxiv,94369875875c7eda426ac2e378c77a4b45c69b105d096621273459492e79a002,19.54115104675293,811.5867202579975,976.6768941879272,408.66739866137505,15204352,1629696,1629696,2520
wikics,val,5,5,wikics:val:000005:2ea19046bdd6fc0b,2,3744.76643,3744.770263671875,3643.132259,101.291433,268.86117085814476,42.68058482557535,7.6928092166781425,3111.2078092992306,214.81334686279297,2894.6815185546875,64,0,1,108,0,1500.2964487075806,384.8007999798283,55.54057596065104,163.4568319991231,49.24092793930322,167.12992095947266,8.80783998966217,32.843679904937744,6.031906008720398,cache_w8a8_m4k2v2,large_h6_n10_s100_wikics_arxiv,2ea19046bdd6fc0b113221315bcbf4019385f97ac493ef3f6da0ff2ddbc69c2a,19.609088897705078,893.5194554626942,1607.0280590057373,413.7430929839611,16777216,2964480,2964480,2772
wikics,val,6,6,wikics:val:000006:deb97ed4b3c8ddd7,2,504.45114,504.4285583496094,398.04604,106.163601,5.9233177453279495,42.25535783916712,0.45441556721925735,338.44192512333393,5.0178879499435425,333.05398178100586,3,0,1,18,0,246.76115036010742,63.258559855632484,8.328160005621612,27.407488021999598,8.089311998337507,2.690176010131836,0.1670719999819994,1.9248319864273071,0.23580795340240002,cache_w8a8_m4k2v2,large_h6_n10_s100_wikics_arxiv,deb97ed4b3c8ddd7bdb39f4af5fcaad656c9c608bfc05ecb40b7af499c9ba112,19.442272186279297,62.07097661495209,264.58950328826904,25.835774064064026,786432,241152,241152,210
wikics,val,7,7,wikics:val:000007:d7f4428cc84938c0,2,2525.931255,2525.92578125,2419.541713,106.054817,57.223789393901825,42.029247619211674,6.783516146242619,2076.4096062630415,167.66886520385742,1907.1839294433594,57,0,1,48,0,665.0351676940918,171.4567678179592,24.100319978781044,72.3477759566158,21.760031978599727,127.20256042480469,6.569759964942932,29.19158411026001,4.7049607038497925,cache_w8a8_m4k2v2,large_h6_n10_s100_wikics_arxiv,d7f4428cc84938c0ff422730accf1af7811fdbfe47c2a8963dc760c9d780173f,19.3287353515625,797.4379836916924,712.477952003479,416.5967290997505,14942208,1039872,1039872,2478
wikics,val,8,8,wikics:val:000008:a2de623bf3821acb,2,3221.802665,3221.801513671875,3098.910792,122.278556,61.165761202573776,42.08794888108969,7.27625098079443,2738.490984775126,199.98441696166992,2536.8336181640625,62,0,1,84,0,1180.9456577301025,309.94566406402737,43.22060792800039,127.18550398387015,38.15257596410811,154.5298252105713,8.035391926765442,31.78067111968994,5.6385287046432495,cache_w8a8_m4k2v2,large_h6_n10_s100_wikics_arxiv,a2de623bf3821acb00081deda324d566d32c497bd1f73e5fe2b363af6e34451e,19.352319717407227,867.1452167630196,1265.480257987976,423.5604631304741,16252928,2032128,2032128,2688
wikics,val,9,9,wikics:val:000009:5ddc4ad1ca6bddb9,2,3164.813078,3164.811767578125,3047.315215,117.121809,62.736617401242256,42.44647920131683,6.933193653821945,2674.6199196204543,155.37673568725586,2517.648651123047,59,0,1,90,0,1229.59024143219,310.88195186760277,43.41775999870151,136.8865599501878,40.14099197089672,115.1644458770752,5.881439983844757,30.03225612640381,4.298593699932098,cache_w8a8_m4k2v2,large_h6_n10_s100_wikics_arxiv,5ddc4ad1ca6bddb9f2fbe2619a4cc5bfc948088c83072c92fb9968043dfe40b7,19.5850887298584,824.7808641791344,1318.3026552200317,394.15022045373917,15466496,2299392,2299392,2562
wikics,val,10,10,wikics:val:000010:a657f4dc57cb7b3b,2,508.875816,508.85479736328125,407.285574,101.362891,10.668328031897545,42.05688554793596,0.44835079461336136,337.36875001341105,4.669055998325348,332.3424644470215,3,0,1,18,0,246.02659606933594,63.37779210694134,8.408671998418868,27.283392041921616,8.094879994168878,2.3838080167770386,0.16339199803769588,1.8965120017528534,0.22534398175776005,cache_w8a8_m4k2v2,large_h6_n10_s100_wikics_arxiv,a657f4dc57cb7b3bcdd5ce3c72500c507c0f17ae67e675802318c7fef9afe2d3,19.37353515625,62.01647984981537,263.8524475097656,25.84707224369049,786432,241152,241152,210
wikics,val,11,11,wikics:val:000011:dfa124f13dbb8595,2,3732.313788,3732.314208984375,3612.374286,119.515266,61.83298118412495,42.78896749019623,6.940469145774841,3194.3980818614364,262.2911376953125,2930.5143127441406,59,0,1,102,0,1413.3992309570312,356.6315837800503,52.591711985878646,155.541279964149,45.59804796054959,212.8705940246582,11.57100796699524,30.34982395172119,7.499711751937866,cache_w8a8_m4k2v2,large_h6_n10_s100_wikics_arxiv,dfa124f13dbb859594d45abc92fc99eb41ed65a49c8cb209db0ee462a00191e7,19.387264251708984,825.1742087006569,1514.294303894043,610.4330644011497,15466496,2809344,2809344,2562
wikics,val,12,12,wikics:val:000012:b25c6bff127a88c6,2,3351.979202,3351.9755859375,3243.865122,107.738305,62.8482848405838,42.77707729488611,7.2160400450229645,2867.2985900193453,277.08816146850586,2588.5592346191406,61,0,1,90,0,1260.0966711044312,327.1066240640357,45.60435202438384,135.33868789486587,40.37011198699474,225.11510467529297,12.198047995567322,31.838080406188965,7.936928391456604,cache_w8a8_m4k2v2,large_h6_n10_s100_wikics_arxiv,b25c6bff127a88c663a84dd45840dc6a75f4ae919fa79751a93982ca913e58f8,19.7379207611084,852.5579836964607,1349.1481294631958,406.5910422205925,15990784,2248704,2248704,2646
wikics,val,13,13,wikics:val:000013:f7ec35bb559bff78,2,2533.85987,2533.85107421875,2431.765501,101.734777,65.025694668293,42.522987350821495,6.598769687116146,2059.5470694825053,169.06752014160156,1888.9619750976562,56,0,1,48,0,667.6777906417847,172.61856004875153,23.717344011180103,72.71359997242689,21.543136001564562,129.28921508789062,6.66972804069519,28.368863582611084,4.739713430404663,cache_w8a8_m4k2v2,large_h6_n10_s100_wikics_arxiv,f7ec35bb559bff78b63dfdea8a3808323d3557dd6b3c1c55ebd48800dabbb38e,19.434303283691406,782.7630412876606,714.9860515594482,410.6471855342388,14680064,1039872,1039872,2436
wikics,val,14,14,wikics:val:000014:cd0465d485a7b221,2,2651.98326,2651.97607421875,2549.11857,102.254296,58.480908162891865,42.23445989191532,6.726755760610104,2166.63296893239,172.02607917785645,1993.0505065917969,57,0,1,54,0,749.7847385406494,189.5639038803056,26.499936004169285,82.07251198403537,25.72300793323666,131.23673629760742,6.74284815788269,29.22432041168213,4.822174310684204,cache_w8a8_m4k2v2,large_h6_n10_s100_wikics_arxiv,cd0465d485a7b2212f8c13a4132eb2ed270289c0ec06183ceead64db97a598de,19.34716796875,796.5231989920139,803.3910417556763,412.4834338128567,14942208,1236480,1236480,2478
wikics,val,15,15,wikics:val:000015:760ce76542a910c8,2,2648.016965,2648.010009765625,2541.429276,106.222174,67.12993420660496,42.33972169458866,6.77227508276701,2228.0262522399426,156.38483238220215,2070.0604858398438,58,0,1,60,0,801.5715208053589,192.33193607162684,27.369087973609567,94.20649603754282,27.03030399698764,116.57638359069824,5.953407943248749,29.516736030578613,4.338304817676544,cache_w8a8_m4k2v2,large_h6_n10_s100_wikics_arxiv,760ce76542a910c82715bdb1556e1b99c877f5e3ff11acfe5cdb9dec223f2bec,19.377567291259766,812.2469725608826,860.6829433441162,416.50813722610474,15204352,1433088,1433088,2520
wikics,val,16,16,wikics:val:000016:ecc418214a33ddfc,2,3278.002566,3277.998046875,3154.931685,122.452544,62.41204123944044,43.090978637337685,7.470093667507172,2759.8697394132614,264.40735626220703,2493.771270751953,63,0,1,84,0,1115.2630710601807,266.0123518910259,40.16422398388386,128.7759038284421,37.87619195971638,212.79442977905273,11.39024007320404,32.79660749435425,7.426078915596008,cache_w8a8_m4k2v2,large_h6_n10_s100_wikics_arxiv,ecc418214a33ddfc30aad81571b5ed75b95998d50ad30efd13d1a0853a4c7a97,20.024383544921875,879.0562559664249,1198.2601308822632,436.4792674481869,16515072,2219520,2219520,2730
wikics,val,17,17,wikics:val:000017:30966d3fabbbe966,2,3435.110276,3435.106201171875,3327.841866,106.865661,290.0072894990444,42.318426072597504,7.406768389046192,2677.8585696592927,214.18301010131836,2461.9815368652344,63,0,1,78,0,1087.0171203613281,280.4130557477474,39.364799950271845,118.4346559420228,35.27494397573173,166.76332664489746,8.762208104133606,32.647199630737305,6.010275721549988,cache_w8a8_m4k2v2,large_h6_n10_s100_wikics_arxiv,30966d3fabbbe96640c8cbdf2e720544bf71af0cd8c950c087a1a2db14bd743b,19.349760055541992,878.299103230238,1164.4033889770508,438.6288047134876,16515072,1910784,1910784,2730
wikics,val,18,18,wikics:val:000018:40b87fe5b3865c25,2,3005.457818,3005.445068359375,2882.813327,122.251269,67.17962399125099,42.41914860904217,7.00752530246973,2498.0296809226274,190.83101081848145,2305.5690307617188,60,0,1,72,0,998.3503646850586,255.44828811939806,36.4582400014624,108.14633601531386,33.0184959936887,147.0025291442871,7.635455965995789,30.82982349395752,5.363202214241028,cache_w8a8_m4k2v2,large_h6_n10_s100_wikics_arxiv,40b87fe5b3865c25b0fea0abae1f6a31a4b30ceff215077141910a5c4cdb9017,19.481151580810547,837.3384310007095,1069.321855545044,418.3898957967758,15728640,1807872,1807872,2604
wikics,val,19,19,wikics:val:000019:c948629294047854,2,2656.778843,2656.770263671875,2534.596802,121.849151,56.433080695569515,42.17716585844755,6.660528481006622,2151.049291715026,162.61558723449707,1986.8814392089844,57,0,1,54,0,743.854621887207,188.18467203900218,27.06015999428928,81.62543996796012,24.68655995838344,122.58105659484863,6.262719988822937,29.253119945526123,4.518690705299377,cache_w8a8_m4k2v2,large_h6_n10_s100_wikics_arxiv,c9486292940478548025bcd39f69bde038c73dc44280ada5e32b7ae0cd0c59c4,19.379072189331055,796.1785288751125,797.1564168930054,412.9255656301975,14942208,1236480,1236480,2478
wikics,val,20,20,wikics:val:000020:e9a52cacfc1321d3,2,2243.028055,2243.0166015625,2105.883881,136.802665,52.423177286982536,42.25638974457979,5.975577048957348,1816.4396807551384,126.44166374206543,1688.5904235839844,51,0,1,42,0,578.1595497131348,148.01385615672916,20.646399992518127,63.803839940577745,18.890719979070127,92.40675163269043,4.662240028381348,25.912575721740723,3.4600963592529297,cache_w8a8_m4k2v2,large_h6_n10_s100_wikics_arxiv,e9a52cacfc1321d3be6f10a0439a054242d79fd11875bc865a4ea4dadbd64e1e,19.437183380126953,714.3596820533276,619.4930582046509,374.1748667061329,13369344,843264,843264,2226
wikics,val,21,21,wikics:val:000021:f6fad06d0182fdac,2,2526.139948,2526.129638671875,2423.873221,101.670038,55.28889875859022,42.37400367856026,6.544755771756172,2033.2990158349276,141.40739059448242,1890.3728332519531,56,0,1,48,0,669.4310703277588,175.84156795963645,23.62681600358337,73.01756799966097,21.549087989144027,103.8427848815918,5.232607960700989,28.44256067276001,3.8894370794296265,cache_w8a8_m4k2v2,large_h6_n10_s100_wikics_arxiv,f6fad06d0182fdac16ade7c80ae6ba48ecadf3df08778ef7a76990d17d09763f,19.525951385498047,782.6381446123123,716.6732807159424,410.5873593091965,14680064,1024512,1024512,2436
wikics,val,22,22,wikics:val:000022:d785569b8bb4a8d7,2,3453.407659,3453.401123046875,3346.318028,106.702079,62.24482972174883,42.35042352229357,7.358484901487827,2931.225324049592,214.6474952697754,2714.8807983398438,63,0,1,78,0,1329.2436113357544,278.2582720518112,40.10950397606939,120.34204787015915,34.981087979860604,167.04607963562012,8.823968052864075,32.756896018981934,6.020551562309265,cache_w8a8_m4k2v2,large_h6_n10_s100_wikics_arxiv,d785569b8bb4a8d717e83bb8c9fff3658fc9cccc846cdee9551cd8d56685150b,19.49123191833496,879.547104537487,1406.6523275375366,448.17259818315506,16515072,2022912,2022912,2730
wikics,val,23,23,wikics:val:000023:30e8db22a669492e,2,3244.035123,3244.026611328125,3120.882585,122.532168,72.93747924268246,42.63421334326267,7.604844868183136,2746.0572626441717,200.30931091308594,2544.0521850585938,62,0,1,84,0,1185.8637762069702,307.9519038721919,43.552799980156124,128.46985595300794,39.66991993971169,154.71116828918457,8.05619192123413,31.90768003463745,5.634270668029785,cache_w8a8_m4k2v2,large_h6_n10_s100_wikics_arxiv,30e8db22a669492e9181fdd4dfa056fe4fed95a4be6d84373feae62fc8032f91,19.486431121826172,864.7497270405293,1269.2174406051636,429.5714485347271,16252928,2219520,2219520,2688
wikics,val,24,24,wikics:val:000024:9c2eb6f46cefd34c,2,4073.231298,4073.226318359375,3971.077328,101.746227,74.14227444678545,42.61656664311886,7.702182047069073,3579.91679944098,358.0367622375488,3220.1920166015625,63,0,1,132,0,1842.7888326644897,467.5675841476768,68.55017596576363,199.80751997604966,59.98777595628053,298.77728271484375,16.16707181930542,32.962207317352295,10.130200386047363,cache_w8a8_m4k2v2,large_h6_n10_s100_wikics_arxiv,9c2eb6f46cefd34c6f201303a1ad616670a71668823f3b38a391df90dfd6daff,19.563552856445312,879.2671683430672,1974.7681522369385,385.72024887800217,16515072,3741696,3741696,2730
wikics,val,25,25,wikics:val:000025:c748180b049621a4,2,3677.001769,3676.9931640625,3569.790225,106.813358,64.00177534669638,42.71728731691837,7.298516109585762,3208.110196515918,257.60351943969727,2948.8209228515625,62,0,1,114,0,1597.9065532684326,412.02409598696977,59.477503946051,172.76681600511074,51.319903950206935,206.94774627685547,11.158527970314026,32.137248516082764,7.359996676445007,cache_w8a8_m4k2v2,large_h6_n10_s100_wikics_arxiv,c748180b049621a4c7d3ed44f5609aeec104f7702d160cca2428f5a72b9841e5,19.643552780151367,864.6846405565739,1710.7127351760864,393.0670998990536,16252928,3167232,3167232,2688
wikics,val,26,26,wikics:val:000026:f66b2c37f14c407f,2,3425.026969,3425.016357421875,3322.477236,102.082229,69.5635937154293,42.5096470862627,7.489546202123165,2969.0488539636135,203.81347274780273,2763.536346435547,63,0,1,84,0,1382.4649600982666,288.3155204411596,41.99059198144823,134.25657590851188,39.01823999546468,157.32963180541992,8.134624004364014,32.65520000457764,5.694016933441162,cache_w8a8_m4k2v2,large_h6_n10_s100_wikics_arxiv,f66b2c37f14c407f4410ff66afbbac91c836532c19438c2e5923e57377491908,19.527584075927734,878.042752623558,1465.8033981323242,439.21777975559235,16515072,2219520,2219520,2730
wikics,val,27,27,wikics:val:000027:19b7a4b1069f0703,2,3632.625181,3632.616455078125,3524.37088,107.487961,78.21863982826471,42.41801891475916,9.328998625278473,3068.8534332439303,207.4351692199707,2859.7151489257812,62,0,1,108,0,1489.5031700134277,366.70403201598674,55.790079896338284,181.8183040060103,52.45193603262305,161.1247673034668,8.457599878311157,32.015615940093994,5.837186098098755,cache_w8a8_m4k2v2,large_h6_n10_s100_wikics_arxiv,19b7a4b1069f0703e42e1662d1626fa830f58a56b61b61ac44a24e6ebe2d28c4,19.31987190246582,864.4968981742859,1597.6807708740234,416.85735177993774,16252928,3005952,3005952,2688
wikics,val,28,28,wikics:val:000028:6dcccc0dadc0f236,2,3328.667534,3328.65673828125,3221.193896,107.074659,68.89171805232763,42.595770210027695,7.813376374542713,2835.7187090441585,178.66131019592285,2655.3338012695312,64,0,1,90,0,1253.6760654449463,318.93228767532855,46.1827520057559,137.33014390990138,40.31526395957917,133.9587516784668,6.857503890991211,32.91401672363281,4.931037902832031,cache_w8a8_m4k2v2,large_h6_n10_s100_wikics_arxiv,6dcccc0dadc0f2368546ab77570060956e54caca780c3fae3797dd17561f56c2,19.575008392333984,891.6884827017784,1342.5789432525635,440.64138370752335,16777216,2323968,2323968,2772
wikics,val,29,29,wikics:val:000029:b57c0c6c616584fa,2,2656.515756,2656.502685546875,2554.959622,101.225421,59.529353864490986,44.39834225922823,6.814952008426189,2185.9852904453874,132.29526138305664,2052.1507568359375,56,0,1,60,0,827.6423082351685,210.8101121922955,30.028543984517455,90.8914241194725,26.884415964595973,95.45292854309082,4.7860159277915955,28.46675205230713,3.589564859867096,cache_w8a8_m4k2v2,large_h6_n10_s100_wikics_arxiv,b57c0c6c616584fa3175a1053d4a5943c17cc66406ff67582d00320f05ece863,19.421920776367188,782.3685777187347,886.7670450210571,402.4370548725128,14680064,1433088,1433088,2436
wikics,val,30,30,wikics:val:000030:46cf5a7590979b07,2,3655.194202,3655.185302734375,3548.045557,106.748448,60.50446070730686,42.27336868643761,7.401010021567345,3217.0438999310136,219.07690048217773,2996.3134155273438,61,0,1,102,0,1662.3195457458496,361.16230419371277,52.827711975201964,159.16841605305672,46.05875194910914,172.0738868713379,9.09657609462738,31.73417568206787,6.172261834144592,cache_w8a8_m4k2v2,large_h6_n10_s100_wikics_arxiv,46cf5a7590979b072621f92b0e45b838461f0910879853929265a05ebd40704a,19.384096145629883,852.0856004357338,1763.294563293457,400.3173479437828,15990784,2809344,2809344,2646
wikics,val,31,31,wikics:val:000031:2addc42d7b620b3e,2,3185.845472,3185.833740234375,3083.931696,101.540939,63.89986537396908,42.58263483643532,7.656392641365528,2699.241849593818,169.31641578674316,2528.2130737304688,63,0,1,84,0,1157.2101097106934,291.9490878758952,43.24771199095994,128.2686719223857,37.42332795076072,125.65439987182617,6.378400087356567,32.63862419128418,4.644991636276245,cache_w8a8_m4k2v2,large_h6_n10_s100_wikics_arxiv,2addc42d7b620b3eafd7d208a11026fbe79e6857e28c706cb3b0e8c837b03eca,19.54911994934082,877.4107200801373,1240.2061805725098,430.14529302716255,16515072,2219520,2219520,2730
wikics,val,32,32,wikics:val:000032:57bb329b74f81197,2,3012.621767,3012.608642578125,2905.852018,106.424866,69.04453597962856,42.49363951385021,7.3779914528131485,2527.7423495426774,190.34368133544922,2335.7473754882812,61,0,1,72,0,1003.2010231018066,257.22528019733727,36.47791997902095,110.02694386988878,32.41542395949364,145.8884792327881,7.497375965118408,31.641600131988525,5.316226005554199,cache_w8a8_m4k2v2,large_h6_n10_s100_wikics_arxiv,57bb329b74f81197f5f742a2fa3620e0c9193252afe609c679c1e02045e2ac49,19.488544464111328,851.2982703149319,1074.4268741607666,429.5107754766941,15990784,1818624,1818624,2646
wikics,val,33,33,wikics:val:000033:894e26b9ae45c623,2,3163.457806,3163.445068359375,3053.466685,109.528832,60.13296637684107,42.35117882490158,7.393202744424343,2701.074286364019,209.05727767944336,2490.3565673828125,61,0,1,84,0,1156.213150024414,292.64147207234055,42.21376005001366,129.3091838620603,37.85753599181771,162.90355110168457,8.547744035720825,31.735647678375244,5.87033486366272,cache_w8a8_m4k2v2,large_h6_n10_s100_wikics_arxiv,894e26b9ae45c623e068a70ab0e34df3ae778a61aa50d8aa35d698f67ec35e98,19.41974449157715,851.2396478652954,1241.2631978988647,417.2734661102295,15990784,2219520,2219520,2646
wikics,val,34,34,wikics:val:000034:65ae31af463d1b89,2,3427.310496,3427.298095703125,3324.893953,102.03736,77.56201829761267,43.25815197080374,9.123866446316242,2965.029025450349,218.59945678710938,2744.7570190429688,61,0,1,102,0,1408.0052499771118,354.62841609399766,49.26201604120433,175.68492802232504,51.35200004093349,171.6696319580078,9.026047945022583,31.725279808044434,6.178497076034546,cache_w8a8_m4k2v2,large_h6_n10_s100_wikics_arxiv,65ae31af463d1b892011e51a76568ca922eeec0df8a5154042715bf1a7c494d9,19.26585578918457,850.7937260568142,1509.9434223175049,403.28572645783424,15990784,2734080,2734080,2646
wikics,val,35,35,wikics:val:000035:4693474df4e8fbf5,2,3753.702308,3753.6904296875,3646.003745,107.258843,79.10115923732519,42.44333319365978,9.372832253575325,3169.252415187657,265.67084884643555,2901.90380859375,62,0,1,90,0,1230.0634841918945,303.00982404500246,43.86911999247968,154.97487994655967,44.89299208018929,214.44658660888672,11.484447956085205,32.22064018249512,7.519174098968506,cache_w8a8_m4k2v2,large_h6_n10_s100_wikics_arxiv,4693474df4e8fbf5fdfd2d96bf57a7b6aabfe78ad448c8e80d959c4101a1f662,19.228479385375977,864.9450245499611,1320.200415611267,735.9868478178978,16252928,2416128,2416128,2688
wikics,val,36,36,wikics:val:000036:0759714d0e26521e,2,3179.838044,3179.824462890625,3076.802837,102.337645,66.19512010365725,42.40107070654631,8.9033842086792,2681.1639135703444,182.2458553314209,2497.280975341797,60,0,1,84,0,1174.8037757873535,299.1237120842561,40.88179203681648,143.20303997397423,42.52774404827505,139.08054542541504,7.1335999965667725,30.963103771209717,5.06860613822937,cache_w8a8_m4k2v2,large_h6_n10_s100_wikics_arxiv,0759714d0e26521e91834222ac4f5b5afd29c0eff6aa294be5e1a3766dc065c1,19.227872848510742,837.2657933533192,1258.9589405059814,420.284114331007,15728640,2204160,2204160,2604
wikics,val,37,37,wikics:val:000037:a7f56af4cb70732b,2,3614.049742,3614.037841796875,3506.913233,106.739489,64.67651296406984,42.46688075363636,7.5719645246863365,3081.396554596722,207.62848281860352,2872.0828247070312,62,0,1,108,0,1513.364218711853,384.4168960126117,57.164192063733935,164.26140791922808,48.810847990214825,161.3434886932373,8.420639872550964,32.04243230819702,5.821921944618225,cache_w8a8_m4k2v2,large_h6_n10_s100_wikics_arxiv,a7f56af4cb70732bb9074d50d48be472e73eaf5ac49d42d90c7fb997a871ce21,19.500768661499023,865.8277749717236,1620.1859197616577,405.569898635149,16252928,2970624,2970624,2688
wikics,val,38,38,wikics:val:000038:dad46ac500c3e985,2,3371.553384,3371.5400390625,3268.556149,102.308516,69.48008853942156,42.70398057997227,7.714265957474709,2822.8371562436223,182.29161643981934,2638.821044921875,63,0,1,90,0,1262.6871366500854,322.9600958414376,47.505824027583,139.88790408149362,41.3002879684791,137.57465362548828,6.997119903564453,32.694560527801514,5.025282382965088,cache_w8a8_m4k2v2,large_h6_n10_s100_wikics_arxiv,dad46ac500c3e9857482209283c5f91bd4729e6956984bc291919024cf405ee8,19.558591842651367,878.3268788158894,1351.7666578292847,428.28610011935234,16515072,2353152,2353152,2730
wikics,val,39,39,wikics:val:000039:53e5be2b68e5930e,2,3788.018839,3788.007080078125,3664.690945,122.921551,65.42364601045847,42.59348940104246,7.17601366341114,3240.7252425327897,262.18102645874023,2976.9279174804688,59,0,1,102,0,1681.651014328003,363.13952051848173,52.415231976658106,408.4510465338826,45.84982395824045,212.42393493652344,11.667295932769775,30.597887992858887,7.491907596588135,cache_w8a8_m4k2v2,large_h6_n10_s100_wikics_arxiv,53e5be2b68e5930eb72e6abd780a479e5ec14029f6796037de28e272d8d08878,19.512128829956055,824.200833439827,1784.0843524932861,388.1548603773117,15466496,2798592,2798592,2562
wikics,val,40,40,wikics:val:000040:f5c8ec8453d3a18e,2,2267.870662,2267.853515625,2165.761631,101.777036,59.52136032283306,42.37481392920017,6.5733883529901505,1840.5685415491462,160.4644775390625,1678.6051025390625,54,0,1,36,0,500.85462474823,128.7794559141621,17.526079983450472,55.522463988512754,16.39699200540781,121.99600219726562,6.292384028434753,27.68956756591797,4.486523747444153,cache_w8a8_m4k2v2,large_h6_n10_s100_wikics_arxiv,f5c8ec8453d3a18e3d258c2f5898202e9d148044b51ad92e9766efccc4a3c27c,19.471839904785156,755.3122227489948,536.3530588150024,406.4116608798504,14155776,646656,646656,2352
wikics,val,41,41,wikics:val:000041:0a1aea6f2ab10ebb,2,4031.041801,4031.031005859375,3928.1382,102.211174,64.470493234694,42.29892324656248,7.667833939194679,3490.1175312697887,278.3997459411621,3210.008544921875,63,0,1,132,0,1832.958752632141,460.71158420294523,68.129504006356,201.30355201289058,59.6171839479357,225.30428314208984,12.211520075798035,33.06745529174805,7.816487431526184,cache_w8a8_m4k2v2,large_h6_n10_s100_wikics_arxiv,0a1aea6f2ab10ebbb8741837ad5f8891fe42bfc4bfa6ca2c2c4141a32360b0e7,19.42291259765625,878.9707531929016,1963.789665222168,386.67103910446167,16515072,3792384,3792384,2730
wikics,val,42,42,wikics:val:000042:6b1dd5c3859cc886,2,3165.301777,3165.287109375,3058.18775,106.740684,74.84700717031956,42.29014925658703,7.734993472695351,2659.604783169925,169.3940143585205,2488.5083618164062,63,0,1,84,0,1116.2751369476318,263.6864000139758,38.47055998723954,130.39814388751984,37.791807973757386,125.67628479003906,6.376063942909241,32.70319986343384,4.638465762138367,cache_w8a8_m4k2v2,large_h6_n10_s100_wikics_arxiv,6b1dd5c3859cc886d64cde0c7ecb8890de634840ab945555bc2408dbb9643e78,19.27097511291504,877.5722543597221,1199.148419380188,431.05866318941116,16515072,2219520,2219520,2730
wikics,val,43,43,wikics:val:000043:5164e28991dfba94,2,2869.719757,2869.7041015625,2746.261036,123.029267,61.286321841180325,42.51507855951786,7.068508304655552,2352.8245547786355,172.24911880493164,2178.979949951172,58,0,1,66,0,911.214207649231,226.75132819078863,32.067392005585134,110.80259173363447,30.831072001717985,131.06521797180176,6.707935929298401,29.668863773345947,4.807101130485535,cache_w8a8_m4k2v2,large_h6_n10_s100_wikics_arxiv,5164e28991dfba940695c47609da38adb72fec7b962b72c3fc11f98b771028d1,19.574047088623047,810.2422060966492,976.7405738830566,411.5712170600891,15204352,1629696,1629696,2520
wikics,val,44,44,wikics:val:000044:a1e23c83773db96a,2,3566.860603,3566.845703125,3443.278761,123.166326,79.64581064879894,42.28331986814737,9.333526715636253,3062.605275772512,200.921630859375,2859.986541748047,62,0,1,84,0,1500.4583148956299,299.5929602831602,40.76675201393664,146.44099201634526,42.34739210177213,155.17084884643555,8.08076798915863,32.041215896606445,5.628798127174377,cache_w8a8_m4k2v2,large_h6_n10_s100_wikics_arxiv,a1e23c83773db96a01bf838bf188e3dfb7ca66f39a28efe567f992bf99606076,19.22287940979004,864.7218580543995,1584.611499786377,429.87606331706047,16252928,2030592,2030592,2688
wikics,val,45,45,wikics:val:000045:468961e707127957,2,3990.230405,3990.21826171875,3882.377523,107.435534,80.10934200137854,42.5442224368453,9.765475988388062,3482.9591680318117,249.22125244140625,3232.0086669921875,64,0,1,132,0,1827.7353925704956,454.93251245003194,64.68339201714844,226.72688008099794,69.85990405082703,198.26819229125977,10.589471936225891,33.376896381378174,6.986691832542419,cache_w8a8_m4k2v2,large_h6_n10_s100_wikics_arxiv,468961e707127957b260758066a254430361fc6520124ac947aa20ec9ea66115,19.524320602416992,891.9476161599159,1960.0358715057373,399.54949992895126,16777216,3683328,3683328,2772
wikics,val,46,46,wikics:val:000046:f3cf1d41caa4c2d9,2,3247.205768,3247.189453125,3121.601087,124.90637,77.88892649114132,42.50095225870609,8.90442542731762,2726.7832020297647,156.15110397338867,2568.9930419921875,59,0,1,90,0,1267.8270425796509,326.45539191551507,44.899103990755975,147.81078381463885,43.66220800485462,115.72531127929688,5.8785280585289,30.2523512840271,4.294913351535797,cache_w8a8_m4k2v2,large_h6_n10_s100_wikics_arxiv,f3cf1d41caa4c2d9aee35e66e1b95d288a274a344aed7288a15b83678d0c9b0f,19.306848526000977,824.3994242250919,1357.4060792922974,406.4943870007992,15466496,2265600,2265600,2562
wikics,val,47,47,wikics:val:000047:bd32e929138a4b77,2,3217.966288,3217.951416015625,3116.289312,101.29494,70.40845975279808,42.619344778358936,7.664979435503483,2757.853885181248,204.46934127807617,2551.682373046875,63,0,1,84,0,1171.5819826126099,296.2391043668613,42.95459191687405,128.43939190357924,37.99417597055435,157.72515106201172,8.196959972381592,32.83897590637207,5.708254337310791,cache_w8a8_m4k2v2,large_h6_n10_s100_wikics_arxiv,bd32e929138a4b77bc048f77bd95b0ae2df40ec2142b7d96ce1fdf8f013783d6,19.612703323364258,878.6626899838448,1254.7664985656738,437.8658878207207,16515072,2219520,2219520,2730
wikics,val,48,48,wikics:val:000048:6eff2b19b7a04da7,2,2842.092957,2842.076904296875,2734.552424,107.191015,61.71641871333122,42.42905229330063,6.9084931164979935,2227.4094512686133,149.65222358703613,2076.191192626953,57,0,1,42,0,831.3923959732056,149.26169618591666,20.6415359582752,64.94384006038308,19.03593598678708,110.51359939575195,5.607904016971588,29.41340732574463,4.117312848567963,cache_w8a8_m4k2v2,large_h6_n10_s100_wikics_arxiv,6eff2b19b7a04da79c3852b11623e45f5e95243bd84be5804a42f68214bedb34,19.495616912841797,796.2506875991821,872.863169670105,426.5729522705078,14942208,843264,843264,2478
wikics,val,49,49,wikics:val:000049:a710ed9d3274bc0d,2,3332.773902,3332.760009765625,3225.288995,106.77136,65.09598717093468,42.216052301228046,7.674056105315685,2800.3168711438775,169.52400016784668,2629.086883544922,63,0,1,90,0,1252.8166732788086,316.98012808151543,46.36908793915063,137.55920000374317,40.75459199678153,125.78531265258789,6.379840016365051,32.71388816833496,4.644959330558777,cache_w8a8_m4k2v2,large_h6_n10_s100_wikics_arxiv,a710ed9d3274bc0d9f0fb0ea4c32ba851c8bbe00839b9daed62e9d43b3352bf2,19.37273597717285,877.5959340929985,1343.6942739486694,427.1694114804268,16515072,2416128,2416128,2730
wikics,val,50,50,wikics:val:000050:1c058b8728feaf12,2,2987.361724,2987.34619140625,2885.434168,101.549038,60.82145683467388,42.66284313052893,7.388206198811531,2519.793678075075,190.40761375427246,2327.7210693359375,61,0,1,72,0,999.0356464385986,250.80326395481825,36.294592020101845,110.02627202868462,35.25631999690086,145.92137718200684,7.471904039382935,31.704544067382812,5.309788465499878,cache_w8a8_m4k2v2,large_h6_n10_s100_wikics_arxiv,1c058b8728feaf12cbe4ab8e03522106fc37295ec871564e5fc151a2fbb470d5,19.452896118164062,850.9005751311779,1070.1930227279663,426.08036759495735,15990784,1826304,1826304,2646
wikics,val,51,51,wikics:val:000051:d60eeaca25598834,2,2994.657243,2994.64111328125,2892.471885,101.843683,67.65240151435137,42.448364198207855,7.435135543346405,2513.4364664554596,190.34694480895996,2321.432830810547,61,0,1,72,0,990.6047973632812,249.1184960808605,36.39174400642514,110.15843203291297,32.105183952488005,145.86041450500488,7.466048002243042,31.713248252868652,5.307234048843384,cache_w8a8_m4k2v2,large_h6_n10_s100_wikics_arxiv,d60eeaca25598834706edcb52ebc7531cf2e17cfda9b41db2d8027815a0c0c09,19.441055297851562,850.6744019687176,1061.805983543396,428.39350059628487,15990784,1826304,1826304,2646
wikics,val,52,52,wikics:val:000052:9d402c29e66ea4c0,2,2671.241095,2671.224365234375,2537.135868,133.766999,56.68744258582592,42.32478886842728,6.9019990041852,2169.1967165097594,156.63177871704102,2010.9944458007812,57,0,1,54,0,769.1390686035156,205.0928319701925,27.29017597809434,84.79663997143507,24.537663999013603,116.92092514038086,5.981503963470459,29.41094446182251,4.3184051513671875,cache_w8a8_m4k2v2,large_h6_n10_s100_wikics_arxiv,9d402c29e66ea4c0512dc9a25029ae2df086560fbc652776c688794053e56213,19.437664031982422,796.2614705264568,822.5654067993164,411.60523250699043,14942208,1173504,1173504,2478
wikics,val,53,53,wikics:val:000053:ed2693d240246643,2,3634.649906,3634.6357421875,3532.680238,101.592553,60.45671831816435,42.37090516835451,7.412862032651901,3152.0609371364117,250.01008224487305,2900.3934936523438,61,0,1,96,0,1568.4503450393677,333.9769283859059,49.342047988437116,382.67682468891144,43.17459195200354,200.2485466003418,10.687103986740112,31.951744079589844,7.122687578201294,cache_w8a8_m4k2v2,large_h6_n10_s100_wikics_arxiv,ed2693d240246643addf6808c0115c2eed9d294dd989ee0fdb3375681b9cf25d,19.429855346679688,851.613151460886,1663.3531227111816,404.8570748269558,15990784,2612736,2612736,2646
wikics,val,54,54,wikics:val:000054:a8e2f7ed77837d4b,2,3663.849486,3663.833740234375,3561.852123,101.510361,62.72951513528824,42.30712540447712,7.50722736120224,3204.983765259385,258.81596755981445,2944.5014038085938,62,0,1,114,0,1592.3306865692139,409.22828801255673,58.619391994550824,173.97059204429388,51.342879969626665,207.993408203125,11.174496054649353,32.28579139709473,7.3622719049453735,cache_w8a8_m4k2v2,large_h6_n10_s100_wikics_arxiv,a8e2f7ed77837d4b652e18f0316c93d7e0ed16853eb7f80344c9fee1ffa7073d,19.400415420532227,864.6135034561157,1705.3474855422974,393.9408302307129,16252928,3168768,3168768,2688
wikics,val,55,55,wikics:val:000055:3c1e3f2074abd3c8,2,3328.198238,3328.181640625,3220.250567,107.281231,62.09566071629524,42.605046182870865,10.488511994481087,2800.061972811818,169.71657752990723,2628.5523071289062,63,0,1,90,0,1254.9736328125,320.44022389128804,47.087744023650885,137.0291201248765,40.838239980861545,125.93942642211914,6.382399916648865,32.743199825286865,4.651551365852356,cache_w8a8_m4k2v2,large_h6_n10_s100_wikics_arxiv,3c1e3f2074abd3c877291529fd1f3d17d7985de2b8671dbb87cc71e5b84081c3,19.598047256469727,878.1435504853725,1343.9234886169434,426.0833152830601,16515072,2394624,2394624,2730
wikics,val,56,56,wikics:val:000056:efcb08cf59d1e854,2,2395.589446,2395.571533203125,2288.078181,107.178713,50.78577436506748,42.00600553303957,6.27309363335371,1963.3234543725848,171.4818878173828,1790.3959655761719,52,0,1,48,0,653.9920330047607,164.0678079398349,23.08454396110028,72.87958405166864,21.62409596797079,133.0395851135254,6.868224024772644,26.764063835144043,4.810014843940735,cache_w8a8_m4k2v2,large_h6_n10_s100_wikics_arxiv,efcb08cf59d1e85484c1341b5bc27bdb0c54c55af7ed792f8233e590836e90af,19.24883270263672,728.4733107686043,701.430850982666,379.7406365275383,13631488,1039872,1039872,2268
wikics,val,57,57,wikics:val:000057:a3c7f395d320220a,2,3326.283022,3326.267822265625,3218.863582,107.066851,63.45537304878235,42.34336223453283,7.659401744604111,2799.8244520276785,169.65855979919434,2628.455841064453,63,0,1,90,0,1256.191011428833,321.1960961269215,45.849952013231814,137.04252796247602,40.46345595549792,125.87900733947754,6.3766080141067505,32.759520053863525,4.643424391746521,cache_w8a8_m4k2v2,large_h6_n10_s100_wikics_arxiv,a3c7f395d320220a49b18c10c43aaaf35b12e9f9b3cb44a936cd1bb76ea87e41,19.421279907226562,878.0823676288128,1345.1433601379395,424.65139320492744,16515072,2394624,2394624,2730
wikics,val,58,58,wikics:val:000058:8074f83a06f99a82,2,3390.461118,3390.445556640625,3287.645741,102.474264,62.268064357340336,42.601561173796654,7.269637659192085,2901.7540868371725,182.61859321594238,2717.491180419922,60,0,1,84,0,1408.0438423156738,301.2757116770372,276.4850561628118,127.90179185196757,38.14380796067417,139.344575881958,7.14083194732666,31.059776306152344,5.073409080505371,cache_w8a8_m4k2v2,large_h6_n10_s100_wikics_arxiv,8074f83a06f99a823ad68d64ea27ab58e9d24ea96ba8e9704f5e2377f3caced5,19.522016525268555,837.2647049129009,1491.1145191192627,408.6339729130268,15728640,2205696,2205696,2604
wikics,val,59,59,wikics:val:000059:21f4f0d64380bdda,2,3439.075501,3439.059326171875,3316.693401,122.033458,66.06332678347826,42.43403021246195,7.653377950191498,2838.071431964636,204.59244918823242,2631.7748413085938,63,0,1,90,0,1258.7696952819824,325.8884479124099,46.33247998729348,136.12047995999455,40.2406399929896,157.8182373046875,8.2046400308609,32.86956787109375,5.700003981590271,cache_w8a8_m4k2v2,large_h6_n10_s100_wikics_arxiv,21f4f0d64380bdda046d4cc1db9002aca0956e7f0f93cad73d32b7c41fab9a1f,19.47260856628418,878.3447676002979,1347.6346559524536,425.2680263221264,16515072,2296320,2296320,2730
wikics,val,60,60,wikics:val:000060:9dd18ea1fcd0219b,2,3316.736818,3316.720703125,3209.084795,107.293089,63.96220903843641,42.417531833052635,7.814031094312668,2835.275865159929,178.93494606018066,2654.6177978515625,64,0,1,90,0,1260.0362911224365,328.42675210908055,46.882751998491585,136.76934396848083,40.3169919596985,134.10073280334473,6.849951982498169,33.065439224243164,4.9188220500946045,cache_w8a8_m4k2v2,large_h6_n10_s100_wikics_arxiv,9dd18ea1fcd0219b60d99cd4a59d6991950025d43145db4f4bb3fd8b8b79fa86,19.526079177856445,891.3177587091923,1348.8925437927246,433.93357452750206,16777216,2264064,2264064,2772
wikics,val,61,61,wikics:val:000061:59ffc0873b2736bd,2,3493.170218,3493.155029296875,3374.954599,117.87089,62.94638849794865,42.448037303984165,7.552949711680412,2936.670210212469,187.9656639099121,2747.0248107910156,62,0,1,102,0,1396.4299221038818,347.24367978516966,50.823103956878185,156.60921579226851,45.94467194471508,143.39753532409668,7.3420798778533936,32.008416175842285,5.217632532119751,cache_w8a8_m4k2v2,large_h6_n10_s100_wikics_arxiv,59ffc0873b2736bd1131d5f3759451a37bcf18ecedae90549af313f517e26f4f,19.486848831176758,864.6216330230236,1497.2178239822388,404.67220261693,16252928,2798592,2798592,2688
wikics,val,62,62,wikics:val:000062:cd046bf69ef46f20,2,3497.166843,3497.151123046875,3393.524763,103.187817,62.24440410733223,42.46692731976509,7.546643726527691,3031.747868284583,208.8257942199707,2821.2240295410156,62,0,1,90,0,1467.2876138687134,324.10870410501957,46.37574396003038,139.22934405878186,40.83299197163433,162.3156795501709,8.49833607673645,32.17363262176514,5.838145971298218,cache_w8a8_m4k2v2,large_h6_n10_s100_wikics_arxiv,cd046bf69ef46f204090fdd4878f751b1f18829050a54ec040957e600ad3cc68,19.476160049438477,864.9043527245522,1556.5304336547852,419.2654032111168,16252928,2304000,2304000,2688
wikics,val,63,63,wikics:val:000063:fdccf80ac6d5ed10,2,3781.311039,3781.293212890625,3677.793411,102.883983,62.843129970133305,42.78072062879801,7.680514827370644,3288.7781132012606,232.33993911743164,3054.7272033691406,63,0,1,120,0,1670.9221124649048,423.30575989652425,62.21471989154816,183.74646400660276,54.76060800999403,183.10524940490723,9.721312165260315,32.976351737976074,6.537025809288025,cache_w8a8_m4k2v2,large_h6_n10_s100_wikics_arxiv,fdccf80ac6d5ed1031f1caf4ad0b8707e4063633f670534cc7316f4a63d581b6,19.870784759521484,881.1410885751247,1789.7372436523438,403.7196559011936,16515072,3399168,3399168,2730
wikics,val,64,64,wikics:val:000064:c21d83b7a925b1f1,2,2914.306452,2914.287841796875,2812.208976,101.707485,66.68129004538059,42.74740722030401,6.9294702261686325,2371.7601848766208,186.77356910705566,2183.41162109375,57,0,1,66,0,935.6154890060425,244.96028795279562,33.45110398624092,102.22419200837612,33.542175884358585,144.59894371032715,7.483167886734009,29.449376106262207,5.2420814037323,cache_w8a8_m4k2v2,large_h6_n10_s100_wikics_arxiv,c21d83b7a925b1f1e3bf58aa888458f37c3c7959cc0860b33d5364e471f3be69,19.515615463256836,796.3551988601685,1000.8261451721191,405.74589252471924,14942208,1568256,1568256,2478
wikics,val,65,65,wikics:val:000065:8018dabccc7a098b,2,3739.126179,3739.109130859375,3630.991247,107.499964,64.00450319051743,42.36168321222067,7.675892673432827,3254.569761455059,200.55737686157227,3052.3070068359375,63,0,1,120,0,1677.1049299240112,425.91871999483556,62.81615992542356,183.06428799778223,54.37872000224888,154.1252784729004,7.991584062576294,32.86172866821289,5.57878565788269,cache_w8a8_m4k2v2,large_h6_n10_s100_wikics_arxiv,8018dabccc7a098b9082792cb6fdae67c3e451b13db77164ff6d6cbbfdbd5771,19.37833595275879,878.0886744856834,1795.7601613998413,397.83650690317154,16515072,3296256,3296256,2730
wikics,val,66,66,wikics:val:000066:70258368f4491f0c,2,2244.604183,2244.584228515625,2120.335152,123.899566,53.14001441001892,42.50342771410942,6.207209080457687,1825.693198479712,126.96275329589844,1697.30126953125,51,0,1,42,0,581.8929595947266,148.4244479201734,20.37081598583609,64.39395203068852,18.93715199455619,92.75679969787598,4.666303932666779,26.079456329345703,3.4601933360099792,cache_w8a8_m4k2v2,large_h6_n10_s100_wikics_arxiv,70258368f4491f0c1f933e937a47280efcd886e3740f7d5b30af914ae2f65ae3,19.577951431274414,714.6541128456593,623.3209629058838,378.90414521098137,13369344,843264,843264,2226
wikics,val,67,67,wikics:val:000067:7139754de7086e77,2,2877.534158,2877.516845703125,2760.653936,116.517316,63.259136863052845,42.22024790942669,6.816965527832508,2461.193955503404,157.12195014953613,2302.487335205078,58,0,1,60,0,1035.008539199829,420.88857719209045,28.044640003703535,92.54700792208314,27.370655993930995,117.07132911682129,5.944959998130798,29.77072048187256,4.334940552711487,cache_w8a8_m4k2v2,large_h6_n10_s100_wikics_arxiv,7139754de7086e7765da5a2bc4d08a7109fb268c05df038a524b37555f626219,19.31328010559082,809.6190714538097,1094.1909523010254,417.9905915558338,15204352,1433088,1433088,2520
wikics,val,68,68,wikics:val:000068:d09d5c84fefc31fa,2,3191.03605,3191.019775390625,3068.477236,122.227632,67.79659725725651,42.148711159825325,7.282578386366367,2712.3146587982774,201.24115371704102,2509.3988647460938,62,0,1,84,0,1161.3574695587158,293.79388791136444,43.90150404628366,127.54476803727448,37.343488002195954,155.3999366760254,8.078367829322815,32.132832527160645,5.6300166845321655,cache_w8a8_m4k2v2,large_h6_n10_s100_wikics_arxiv,d09d5c84fefc31faa39227124c4a8196cf807ad304e4c22c39827c1e72c189a7,19.372928619384766,864.7163528800011,1244.012900352478,420.0425401329994,16252928,2219520,2219520,2688
wikics,val,69,69,wikics:val:000069:da8713a1886318f3,2,3994.602405,3994.58642578125,3887.693721,106.563505,63.88643942773342,42.180439457297325,7.351611740887165,3517.0156294479966,325.4727363586426,3189.8533325195312,63,0,1,132,0,1821.1974086761475,453.73001564480364,67.36060795374215,199.80902394652367,59.20719996187836,268.5788803100586,14.594879865646362,33.104000091552734,9.194976091384888,cache_w8a8_m4k2v2,large_h6_n10_s100_wikics_arxiv,da8713a1886318f35bebbc1f6a260d9043f0f17461ca5357ede1eebbf97c39b9,19.42144012451172,878.8747522234917,1951.4228496551514,378.97717076539993,16515072,3792384,3792384,2730
wikics,val,70,70,wikics:val:000070:c07c01ab1d837bee,2,3273.934816,3273.917724609375,3164.177191,107.285852,63.03437892347574,42.2898530960083,7.247166708111763,2782.7396877110004,183.36332893371582,2597.7108764648438,62,0,1,90,0,1247.5170526504517,317.46633597649634,45.90236796531826,137.0574079733342,40.573567937128246,139.03680038452148,7.167840003967285,32.075520515441895,5.083168029785156,cache_w8a8_m4k2v2,large_h6_n10_s100_wikics_arxiv,c07c01ab1d837bee495fe549fb059614c21012d28950d436a260cad0b20e355e,19.454912185668945,864.9322564005852,1336.1611194610596,416.07241278886795,16252928,2397696,2397696,2688
wikics,val,71,71,wikics:val:000071:a33e3d4cce48fcc3,2,3203.685189,3203.66845703125,3102.658849,100.660628,61.43626384437084,42.196424677968025,7.094349712133408,2738.422527909279,190.71027183532715,2546.0443115234375,61,0,1,72,0,1219.5955934524536,251.34803190175444,36.11136001255363,108.30751994997263,259.7331473454833,146.084321975708,7.522592067718506,31.803327560424805,5.30003023147583,cache_w8a8_m4k2v2,large_h6_n10_s100_wikics_arxiv,a33e3d4cce48fcc3980549bc7f9e0f293f769fa36ec601986da634453cff0f01,19.44371223449707,850.864064514637,1290.602279663086,424.02167958021164,15990784,1826304,1826304,2646
wikics,val,72,72,wikics:val:000072:f1151d716149ae48,2,4002.75215,4002.736572265625,3900.646689,101.745759,66.66810810565948,42.20703337341547,7.302107289433479,3463.0308896303177,276.2342720031738,3185.0946044921875,63,0,1,132,0,1822.965085029602,460.48537582624704,67.54777602665126,199.20361594483256,59.22550397645682,223.25360107421875,12.151487946510315,32.99878406524658,7.830398917198181,cache_w8a8_m4k2v2,large_h6_n10_s100_wikics_arxiv,f1151d716149ae48dbc85a7874ec59788c1e359220abb0af2364121fabe8da24,19.475839614868164,872.3536001443863,1952.507170677185,379.7096732854843,16515072,3686400,3686400,2730
wikics,val,73,73,wikics:val:000073:4b3154d00ed508a1,2,3196.17598,3196.156494140625,3087.332198,108.480523,65.96826110035181,43.197098188102245,7.651548832654953,2665.329202078283,214.34320449829102,2449.2855224609375,63,0,1,78,0,1086.7168941497803,278.6110719125718,41.305824005045,118.01295994967222,35.06796795595437,166.74828720092773,8.779807806015015,32.77945613861084,6.035653352737427,cache_w8a8_m4k2v2,large_h6_n10_s100_wikics_arxiv,4b3154d00ed508a163face2906b779bc860da600f6b41d6bca03a69eddd4dac0,20.40928077697754,872.0024648010731,1163.4328927993774,434.2594456374645,16515072,1910784,1910784,2730
wikics,val,74,74,wikics:val:000074:63d8027fe96dbd40,2,3379.781806,3379.76318359375,3277.079911,102.258888,63.16713150590658,42.24679432809353,7.562417536973953,2879.8629585653543,183.65849494934082,2694.5326232910156,62,0,1,96,0,1349.042685508728,343.25705624744296,49.29887995310128,148.9521279670298,43.19593595061451,139.46467399597168,7.178880095481873,31.900351524353027,5.114589333534241,cache_w8a8_m4k2v2,large_h6_n10_s100_wikics_arxiv,63d8027fe96dbd400c3253b6fea3dff229a9d059b23d14f1f2fd66ad5dc976a6,19.444799423217773,857.8704639673233,1443.4518356323242,412.6551231145859,16252928,2569728,2569728,2688
wikics,val,75,75,wikics:val:000075:205fb8181f3470fd,2,2532.932855,2532.91162109375,2426.39774,106.159494,57.31100868433714,42.41167474538088,6.925459019839764,2069.826126098633,168.3281593322754,1899.9363098144531,57,0,1,48,0,665.2487659454346,169.887071903795,23.893375993706286,73.63951996713877,21.92025598883629,127.69638633728027,6.566944003105164,29.370079517364502,4.694749474525452,cache_w8a8_m4k2v2,large_h6_n10_s100_wikics_arxiv,205fb8181f3470fdbd1270150f71b5fca1cc9f81c402b312d394c3d904a0d37f,19.577056884765625,790.1749108433723,712.4071998596191,416.93125599622726,14942208,1039872,1039872,2478
wikics,val,76,76,wikics:val:000076:ddb2213b21b70ae0,2,3719.732287,3719.7158203125,3617.450721,101.892048,299.05307944864035,42.471359483897686,7.8263478353619576,3057.441624812782,214.90966415405273,2840.79052734375,64,0,1,108,0,1451.1073265075684,350.429376129061,50.577983973547816,165.43660786002874,48.95145591069013,167.05389022827148,8.759072065353394,33.05299186706543,6.043709993362427,cache_w8a8_m4k2v2,large_h6_n10_s100_wikics_arxiv,ddb2213b21b70ae0608c1c092117830fd7e17b1a716dacdda024759397179a65,19.53660774230957,885.0577280819416,1557.6007995605469,417.6686074435711,16777216,2964480,2964480,2772
wikics,val,77,77,wikics:val:000077:f1913089890132b9,2,2836.411851,2836.39306640625,2712.809406,123.244617,67.74693913757801,42.943309992551804,7.193274796009064,2341.794586740434,154.75164604187012,2185.428009033203,59,0,1,66,0,896.8250551223755,219.62204797752202,32.41583999898285,103.00489598885179,30.16739198565483,114.48492813110352,5.7979519963264465,30.219039916992188,4.2497259974479675,cache_w8a8_m4k2v2,large_h6_n10_s100_wikics_arxiv,f1913089890132b93fdaffc173538a9f3a7d21ccce41a3e9e4c9795128d4bd45,19.270111083984375,817.2512654960155,963.2153978347778,424.2314567863941,15466496,1629696,1629696,2562
wikics,val,78,78,wikics:val:000078:0761a00cafcc55ff,2,3742.642635,3742.625,3634.8523,107.166718,59.77534130215645,42.26391762495041,7.23707489669323,3255.486946552992,215.5271339416504,3037.275390625,59,0,1,126,0,1752.3674230575562,441.82003215607256,65.28630397003144,191.434784039855,56.585407947190106,170.1360034942627,8.953344106674194,30.32140827178955,6.11637806892395,cache_w8a8_m4k2v2,large_h6_n10_s100_wikics_arxiv,0761a00cafcc55ff9fe63e26139f58aec60e88d6395fc46a23de2ad601161439,19.489023208618164,818.0439338684082,1877.7230396270752,360.99744033813477,15466496,3595776,3595776,2562
wikics,val,79,79,wikics:val:000079:2fe77eb4bcc2fb53,2,3155.906955,3155.88818359375,3054.019999,101.496867,68.61473992466927,42.63958241790533,7.440498098731041,2696.4448457583785,208.78793334960938,2485.99658203125,61,0,1,84,0,1160.7873916625977,292.4675520276651,42.129152020439506,127.16179196536541,37.680223954841495,162.67676734924316,8.559360027313232,31.678112506866455,5.873693466186523,cache_w8a8_m4k2v2,large_h6_n10_s100_wikics_arxiv,2fe77eb4bcc2fb53c2211e341bc094a3a30350f3b9232464ae3b32fe2ec8eddd,19.562528610229492,844.4433580040932,1243.326747894287,417.7890047430992,15990784,2219520,2219520,2646
wikics,val,80,80,wikics:val:000080:78e4b73fcf74884b,2,3215.034084,3215.015869140625,3112.751175,101.922145,63.34465928375721,42.274923995137215,7.402218878269196,2747.3922232165933,190.33196830749512,2555.4034118652344,61,0,1,72,0,1234.2705554962158,253.81392030790448,36.627743982709944,111.49667201936245,32.51638396643102,145.88822555541992,7.488831996917725,31.626336097717285,5.3285746574401855,cache_w8a8_m4k2v2,large_h6_n10_s100_wikics_arxiv,78e4b73fcf74884bd0f9d8224587705bf2a860666e91c84c032b4c3d0586467b,19.496768951416016,843.9668833911419,1305.081220626831,425.85207679867744,15990784,1826304,1826304,2646
wikics,val,81,81,wikics:val:000081:20ce9780b00f15b5,2,3277.635893,3277.617431640625,3175.269253,101.745094,61.434971168637276,42.30028111487627,7.560373283922672,2812.9404187202454,208.7583351135254,2602.498748779297,62,0,1,90,0,1252.149314880371,317.02240003366023,47.21359999105334,137.92950392141938,40.704863981343806,162.24108695983887,8.557215929031372,32.08406352996826,5.87596869468689,cache_w8a8_m4k2v2,large_h6_n10_s100_wikics_arxiv,20ce9780b00f15b52811a677413a49886c9d562891b0f085e645f3da627331e0,19.536672592163086,858.4782408177853,1340.7583980560303,422.7987824976444,16252928,2416128,2416128,2688
wikics,val,82,82,wikics:val:000082:15505e4df399c749,2,3735.571357,3735.5546875,3633.452107,101.741584,58.3843057975173,44.04195211827755,7.205592468380928,3256.8207746371627,215.86323165893555,3039.32568359375,59,0,1,126,0,1760.629280090332,448.65696000587195,64.72521599754691,191.2551040314138,56.55206398386508,170.44476890563965,8.969792008399963,30.326688289642334,6.121982455253601,cache_w8a8_m4k2v2,large_h6_n10_s100_wikics_arxiv,15505e4df399c7492f629e9c7965cca92311ad45c4e2d4f2a65ee42f5ca8ba25,19.49395179748535,817.4077121019363,1884.708101272583,356.703822016716,15466496,3486720,3486720,2562
wikics,val,83,83,wikics:val:000083:a7ba3d44aa7499fe,2,2648.270192,2648.2490234375,2545.329676,102.562959,62.55283020436764,42.433081194758415,6.836004555225372,2177.273583598435,132.37110137939453,2043.3600158691406,56,0,1,60,0,827.8307828903198,210.37696015276015,29.851935944519937,95.07891204580665,27.95369600970298,95.49686336517334,4.7810240387916565,28.494752407073975,3.5984615683555603,cache_w8a8_m4k2v2,large_h6_n10_s100_wikics_arxiv,a7ba3d44aa7499fee1445d9215d7a72b29cbdb6a49ba0da38d84ee982ee40490,19.50320053100586,776.6243199408054,887.0199995040894,399.2188969552517,14680064,1433088,1433088,2436
wikics,val,84,84,wikics:val:000084:35732c8658931b86,2,4090.298109,4090.280517578125,3986.790877,103.07669,74.08795412629843,42.01499931514263,8.900908753275871,3587.7737272530794,215.66182327270508,3370.4804077148438,59,0,1,126,0,1733.811170578003,430.3202238827944,62.94656004104763,219.54982403293252,62.93913608696312,170.33286476135254,8.92031991481781,30.29248046875,6.116158127784729,cache_w8a8_m4k2v2,large_h6_n10_s100_wikics_arxiv,35732c8658931b8612504cc455b6580ea44423ed7f94899d50f3c900f855d03c,19.162656784057617,817.355903506279,2198.2373447418213,374.0498162508011,15466496,3488256,3488256,2562
wikics,val,85,85,wikics:val:000085:39693add84393c3e,2,2578.453878,2578.4326171875,2475.447412,102.507601,74.24068171530962,42.637988924980164,8.623952977359295,2092.610484920442,168.3475513458252,1922.1760559082031,57,0,1,48,0,674.3796806335449,177.33660825993866,24.14656002353877,83.06697592884302,24.34275204129517,127.65955352783203,6.56819212436676,29.363359928131104,4.7564457654953,cache_w8a8_m4k2v2,large_h6_n10_s100_wikics_arxiv,39693add84393c3e86597303a982f69e8c2c131c841d86b3540fc8836693ee22,19.371200561523438,790.9136962592602,722.1687641143799,428.4647960960865,14942208,1039872,1039872,2478
wikics,val,86,86,wikics:val:000086:6154d20de82ca154,2,2857.417421,2857.396484375,2754.693328,102.322042,73.32646567374468,42.49732196331024,8.77853762358427,2370.943456888199,154.81618881225586,2214.5103149414062,59,0,1,66,0,921.2838401794434,233.91177605371922,32.47699201758951,116.1771519370377,33.61984005663544,114.56643104553223,5.800959944725037,30.19340705871582,4.255390763282776,cache_w8a8_m4k2v2,large_h6_n10_s100_wikics_arxiv,6154d20de82ca154d31dc1757ffb5df0b6b9fab72293c3c0850611659ced11c3,19.28691291809082,817.343838840723,986.8771209716797,429.57626804709435,15466496,1545216,1545216,2562
wikics,val,87,87,wikics:val:000087:2d8e1c91732f7fc9,2,3203.598759,3203.578857421875,3085.397829,117.763251,75.87830442935228,42.183476500213146,9.26373153924942,2672.8793485090137,178.29075050354004,2492.914093017578,61,0,1,84,0,1160.0806398391724,285.84137585852295,41.00185599550605,146.22979182749987,44.32128011621535,134.79052734375,6.900768041610718,31.635103702545166,4.964351415634155,cache_w8a8_m4k2v2,large_h6_n10_s100_wikics_arxiv,2d8e1c91732f7fc9dc9d186a2ca2f383b734021eb501adc5b8e0ed0ef87a507d,19.202816009521484,843.8753291666508,1243.618782043457,424.6227978169918,15990784,2219520,2219520,2646
wikics,val,88,88,wikics:val:000088:edf1f65b0215397f,2,3246.721145,3246.70166015625,3138.744266,107.410969,83.19795411080122,45.61258107423782,9.433319792151451,2677.8083043172956,214.50867080688477,2461.579864501953,63,0,1,78,0,1092.6166725158691,279.4966403627768,39.71881598327309,118.88060795515776,36.256704011932015,166.88483047485352,8.794912099838257,32.808128356933594,6.020799875259399,cache_w8a8_m4k2v2,large_h6_n10_s100_wikics_arxiv,edf1f65b0215397f7db64f2b0af499b296dd7db24bda5492ace4393562a0e0a3,20.975168228149414,871.6382405161858,1171.8438415527344,439.0729506611824,16515072,1910784,1910784,2730
wikics,val,89,89,wikics:val:000089:cc473da6146fe84a,2,3443.938741,3443.919677734375,3341.858152,101.678136,64.80749603360891,43.30099746584892,7.480163127183914,2941.659306176007,212.9000015258789,2727.0985717773438,60,0,1,84,0,1428.230281829834,557.1626490894705,42.877503984607756,127.74611184746027,37.70812797639519,166.9742088317871,8.82803213596344,31.0798077583313,6.017952799797058,cache_w8a8_m4k2v2,large_h6_n10_s100_wikics_arxiv,cc473da6146fe84a261cfc81f796542bafb0eacffffc7c8a2c614f0834c25fc7,19.527679443359375,831.2851504385471,1510.7836542129517,404.55744656920433,15728640,2148864,2148864,2604
wikics,val,90,90,wikics:val:000090:04f10178109bc189,2,3569.272569,3569.255126953125,3450.186916,118.70247,67.8744250908494,42.46919695287943,7.712972350418568,3015.72806853801,213.08771514892578,2800.932342529297,63,0,1,102,0,1426.5421104431152,366.68873578775674,52.73017597477883,155.25334399938583,46.215263987891376,165.63808059692383,8.668383955955505,32.79740762710571,5.983842968940735,cache_w8a8_m4k2v2,large_h6_n10_s100_wikics_arxiv,04f10178109bc18987c0d161e505acc91bd5670d8f9419c8668ecccb3d4a4fea,19.49385643005371,872.8400629460812,1528.2560005187988,419.3301354944706,16515072,2790912,2790912,2730
wikics,val,91,91,wikics:val:000091:6005ecd7d5ac622d,2,2492.593088,2492.5712890625,2384.849999,107.095143,57.50034190714359,42.31265652924776,6.824965588748455,2025.6852880120277,157.65068817138672,1866.4939880371094,55,0,1,48,0,665.0128307342529,170.06464021652937,23.77926396857947,73.95475201681256,21.882271990180016,119.04412841796875,6.093792080879211,28.099679946899414,4.413087725639343,cache_w8a8_m4k2v2,large_h6_n10_s100_wikics_arxiv,6005ecd7d5ac622de1a177d20f147dd9d8a3627c61c0d028b05dbd49891ee46f,19.523103713989258,763.7314260303974,712.2471036911011,410.03856202960014,14417920,1039872,1039872,2394
wikics,val,92,92,wikics:val:000092:73a973d4261a61c9,2,3673.393581,3673.3759765625,3570.128347,102.840376,66.4562787860632,43.1763706728816,13.731622137129307,3215.891414321959,260.8983383178711,2953.2984008789062,62,0,1,114,0,1599.7104063034058,405.6917438097298,61.0679999794811,183.82636798545718,53.594688007608056,209.99929809570312,11.278784155845642,32.24207925796509,7.378176808357239,cache_w8a8_m4k2v2,large_h6_n10_s100_wikics_arxiv,73a973d4261a61c9ab186d29b44931ed7c5bff0e00c5110bc7a221fbb62df03c,19.463199615478516,859.9580806791782,1712.8607940673828,399.9427257478237,16252928,3176448,3176448,2688
wikics,val,93,93,wikics:val:000093:d724956d62b3a7fc,2,3951.38873,3951.3681640625,3833.150814,117.735744,78.91598902642727,43.862827122211456,9.324969723820686,3462.5403424724936,259.91907119750977,3200.923583984375,62,0,1,114,0,1840.6475505828857,398.31136008445174,57.37971199583262,186.87753604725003,55.138240040279925,209.00169372558594,11.277920007705688,32.26259136199951,7.376866102218628,cache_w8a8_m4k2v2,large_h6_n10_s100_wikics_arxiv,d724956d62b3a7fcacd941394e399a7d05dc8293c6783e71baa7f6861404e482,19.150848388671875,858.8807691335678,1954.210313796997,406.983349442482,16252928,3176448,3176448,2688
wikics,val,94,94,wikics:val:000094:3184012ce3fd116b,2,3652.41436,3652.3955078125,3545.407827,106.613942,68.9535578712821,45.42527813464403,12.71798461675644,3186.1693132668734,258.28470611572266,2926.2068786621094,62,0,1,114,0,1582.5393257141113,402.6129919346422,58.6763199781999,173.38326406106353,51.46313595585525,207.50243377685547,11.183039903640747,32.22940731048584,7.369825124740601,cache_w8a8_m4k2v2,large_h6_n10_s100_wikics_arxiv,3184012ce3fd116b5a1c75421824747786bb2b0fd93fb15f6e13f67525491820,22.313119888305664,858.4668483436108,1694.9024639129639,395.1506862938404,16252928,3174912,3174912,2688
wikics,val,95,95,wikics:val:000095:5896bd7e52cfe097,2,3257.752455,3257.732177734375,3138.931366,118.430337,63.52969538420439,42.193676345050335,7.705320604145527,2764.7723564878106,265.3315200805664,2497.7380981445312,63,0,1,84,0,1125.5449905395508,273.65199996344745,39.89318395592272,128.01446399837732,37.66735997889191,213.23529434204102,11.556127905845642,33.077247619628906,7.462850213050842,cache_w8a8_m4k2v2,large_h6_n10_s100_wikics_arxiv,5896bd7e52cfe097327cd8ed639653674c955ddf369bc55d1960b629703e361e,19.48307228088379,873.0366411805153,1208.1886711120605,435.9958581328392,16515072,2219520,2219520,2730
wikics,val,96,96,wikics:val:000096:e0d75fdd10f22e74,2,2273.198371,2273.17822265625,2166.378234,106.466344,54.83242776244879,41.97963699698448,6.712159141898155,1866.4216799661517,173.43004989624023,1691.4733581542969,55,0,1,36,0,494.2061424255371,127.45280012022704,16.474303985014558,55.8806719109416,16.479391981847584,133.56611251831055,6.903551936149597,28.074048042297363,4.886337399482727,cache_w8a8_m4k2v2,large_h6_n10_s100_wikics_arxiv,e0d75fdd10f22e74abcf3b05065d2374d4d1eeea4d96c2ce62fec18e8e1931fd,19.215456008911133,764.5118725299835,529.6136960983276,416.56324553489685,14417920,637440,637440,2394
wikics,val,97,97,wikics:val:000097:4ecd8b7732146f0e,2,3124.606427,3124.587158203125,3022.292615,101.962866,58.60342923551798,43.40028017759323,7.2360774502158165,2525.2455854788423,175.33120155334473,2348.2743530273438,60,0,1,78,0,1047.5353288650513,257.3720642020926,37.00595198106021,119.57155195623636,35.34537598025054,132.75926399230957,6.787903904914856,30.90012836456299,4.883905291557312,cache_w8a8_m4k2v2,large_h6_n10_s100_wikics_arxiv,4ecd8b7732146f0ead756c272e471e92c7481de63dcac7feb1ad635935de08c1,19.189727783203125,830.4145278036594,1124.237693786621,412.81185922026634,15728640,1944576,1944576,2604
wikics,val,98,98,wikics:val:000098:255280efcfde1df9,2,3318.753411,3318.7353515625,3211.66252,106.728341,57.76972323656082,41.85660369694233,7.246909663081169,2839.3930830061436,212.74038314819336,2625.0125427246094,60,0,1,84,0,1325.357409477234,270.91068783402443,38.15535998530686,127.46726398915052,37.49539197795093,166.79315376281738,8.836064100265503,31.08668804168701,6.024477243423462,cache_w8a8_m4k2v2,large_h6_n10_s100_wikics_arxiv,255280efcfde1df920001e1b4a297d5150dfa6e921b32d68249ba5b73836e939,19.176191329956055,831.3712631165981,1407.7170295715332,405.1004413664341,15728640,2217984,2217984,2604
wikics,val,99,99,wikics:val:000099:d4fd256fb5152e8f,2,3334.781683,3334.761962890625,3226.859403,107.097493,62.33781110495329,42.328329756855965,7.6773762702941895,2811.6217022761703,182.0838737487793,2627.8221435546875,63,0,1,90,0,1262.3817596435547,321.63443193770945,46.464319951832294,140.601279810071,40.49548796284944,137.37551879882812,6.988608002662659,32.681631565093994,5.038115382194519,cache_w8a8_m4k2v2,large_h6_n10_s100_wikics_arxiv,d4fd256fb5152e8f5140b8ef9594c080c5b38ea41b17aceb83bda8b99e776f76,19.521408081054688,871.2026256918907,1350.9511051177979,425.1898208260536,16515072,2353152,2353152,2730
wikics,test,100,0,wikics:test:000000:b39e9f309eb7b7ab,2,3080.833284,3080.756591796875,2972.955409,107.310631,340.4069570824504,47.8617949411273,7.451758719980717,2314.098476432264,203.50649642944336,2108.754669189453,59,0,1,60,0,817.9318695068359,209.01283201109618,28.22175998892635,92.72300797700882,27.399519961327314,158.73369789123535,8.268383979797363,30.348383903503418,6.156030654907227,cache_w8a8_m4k2v2,large_h6_n10_s100_wikics_arxiv,b39e9f309eb7b7abbfb6ef032cc0f27946bd2af7f6ca83076ea40eb13bf61862,21.03059196472168,823.8667192459106,877.9413747787476,427.9771671295166,15466496,1433088,1433088,2562
wikics,test,101,1,wikics:test:000001:114baa3a3e60d438,2,3548.742833,3548.724853515625,3446.985565,101.403278,66.93459395319223,42.44909808039665,7.653474807739258,3049.1007240489125,229.72735977172852,2817.688751220703,62,0,1,102,0,1463.816608428955,404.7394882841036,52.553215973079205,155.4160640127957,46.66873596049845,181.3216609954834,9.674079895019531,32.24425649642944,6.487362384796143,cache_w8a8_m4k2v2,large_h6_n10_s100_wikics_arxiv,114baa3a3e60d43877ff9471825f00544b60fc4b458c41f176d3a2b17a3e68ec,19.55523109436035,865.2760001420975,1565.392478942871,406.5755032300949,16252928,2689536,2689536,2688
wikics,test,102,2,wikics:test:000002:5b151751c4684bba,2,3103.991991,3103.972900390625,3001.956582,101.675923,61.20407395064831,42.46322065591812,7.545909844338894,2670.0824880972505,173.61907386779785,2494.7974243164062,61,0,1,84,0,1165.8532791137695,298.1376959225163,42.84774399828166,127.48918388038874,37.61023998260498,130.48022270202637,6.659231901168823,31.68659210205078,4.79302716255188,cache_w8a8_m4k2v2,large_h6_n10_s100_wikics_arxiv,5b151751c4684bba603799d005ae26aae4aacdec132f6ce0e7224bc86c03f917,19.511808395385742,850.9657607674599,1249.0046710968018,414.33880084753036,15990784,2112000,2112000,2646
wikics,test,103,3,wikics:test:000003:122e1f58b400bded,2,2860.931279,2860.9111328125,2738.439351,122.152708,56.74559436738491,42.36882925033569,7.085816003382206,2380.468242801726,184.12460708618164,2194.77734375,57,0,1,48,0,951.5016613006592,167.52809593826532,23.648767998442054,73.21040000021458,21.37094399984926,142.10553550720215,7.387776136398315,29.471744060516357,5.159551382064819,cache_w8a8_m4k2v2,large_h6_n10_s100_wikics_arxiv,122e1f58b400bdeddb1f6c0405804f1582b84056ad4f8eec0c0c0b813cd6b9d1,19.431488037109375,796.9421781301498,999.0122756958008,418.25437796115875,14942208,1039872,1039872,2478
wikics,test,104,4,wikics:test:000004:c438a01544bd1b9c,2,3492.714977,3492.6962890625,3390.685231,101.675689,62.14621663093567,42.33158566057682,7.597524672746658,2994.754921644926,228.91721725463867,2764.156280517578,62,0,1,102,0,1413.3051166534424,365.11052794381976,51.8895999789238,154.2801599651575,45.13708795513958,180.7127685546875,9.579168200492859,32.15270376205444,6.47257673740387,cache_w8a8_m4k2v2,large_h6_n10_s100_wikics_arxiv,c438a01544bd1b9cc5f15f45a32edd97056d0be72872e2ce33fee2f6660df03c,19.52524757385254,865.1211208701134,1514.282530784607,404.27787643671036,16252928,2754048,2754048,2688
wikics,test,105,5,wikics:test:000005:b256e9b37f8f8b31,2,2717.424317,2717.405029296875,2595.048185,122.044394,56.89383205026388,42.4922788515687,6.900817155838013,2217.932472936809,172.02137565612793,2044.3727722167969,56,0,1,60,0,823.645788192749,208.6691837022081,29.910559991374612,90.35590397194028,27.48998398706317,131.77907371520996,6.831104040145874,28.592544555664062,4.818653345108032,cache_w8a8_m4k2v2,large_h6_n10_s100_wikics_arxiv,b256e9b37f8f8b317821e74669f3f8f611b5cf3505734f75329e0e0252627528,19.552064895629883,782.8098553717136,882.9772148132324,398.1377669274807,14680064,1433088,1433088,2436
wikics,test,106,6,wikics:test:000006:19b231ef2406ed8c,2,2772.73522,2772.715576171875,2665.923946,106.489998,56.434134021401405,42.22670942544937,7.009441964328289,2304.8238595947623,185.6959686279297,2117.562957763672,57,0,1,60,0,875.4088296890259,249.15046400297433,29.900799989700317,91.50649590417743,26.95196796488017,143.55625534057617,7.42963182926178,29.48687982559204,5.223201632499695,cache_w8a8_m4k2v2,large_h6_n10_s100_wikics_arxiv,19b231ef2406ed8c583458561709494bbc1d7dae0c38f2245ae028dc2ffe7fa7,19.402496337890625,796.9573752880096,934.768482208252,405.2395966053009,14942208,878592,878592,2478
wikics,test,107,7,wikics:test:000007:c8e944e20f3aef4c,2,2875.925497,2875.9052734375,2758.639226,116.95842,59.28446818143129,42.33101848512888,7.254362106323242,2377.707405947149,189.88972854614258,2186.205047607422,59,0,1,66,0,901.6186580657959,227.95791981741786,33.05094399955124,100.43756802380085,29.16841597761959,146.61340713500977,7.590047836303711,30.36720037460327,5.31907320022583,cache_w8a8_m4k2v2,large_h6_n10_s100_wikics_arxiv,c8e944e20f3aef4cfb52bf00e40496a22f24a1730839bd0d16e6d5fc47d43319,19.45907211303711,823.7596798539162,966.8378534317017,415.06658643484116,15466496,1629696,1629696,2562
wikics,test,108,8,wikics:test:000008:80f4d51321480518,2,4425.956678,4425.9404296875,4317.964759,107.59639,62.20620404928923,42.217412032186985,7.632569409906864,3957.8566160053015,277.05583572387695,3679.11669921875,62,0,1,144,0,2318.58549118042,829.9847136540338,70.87808000855148,245.53500793874264,71.35516813583672,224.67040252685547,12.197344303131104,32.369791984558105,7.818296909332275,cache_w8a8_m4k2v2,large_h6_n10_s100_wikics_arxiv,80f4d513214805184fc45f848c55366ad73f2d780b9e9fa1d3760718f24fe44f,19.386911392211914,864.8725115954876,2463.3576192855835,370.2734797298908,16252928,4124160,4124160,2688
wikics,test,109,9,wikics:test:000009:7fd456811cef22b6,2,3208.339082,3208.31787109375,3105.62862,102.29221,68.45543533563614,42.50687826424837,9.169531054794788,2653.312148526311,214.28505325317383,2437.3236083984375,62,0,1,78,0,1077.9823007583618,271.2611837889999,38.53200001642108,134.76297594606876,39.01596807874739,167.4283847808838,8.744959950447083,32.09856033325195,6.013148188591003,cache_w8a8_m4k2v2,large_h6_n10_s100_wikics_arxiv,7fd456811cef22b63a623796ffc6b064d8dc50e1731aaf1160cff91619785d8c,19.30188751220703,864.7241604924202,1156.181308746338,435.72002667188644,16252928,1993728,1993728,2688
wikics,test,110,10,wikics:test:000010:3bcd951b5cb81ae3,2,3348.590403,3348.570556640625,3240.745284,107.469233,83.78801308572292,42.57448576390743,9.680774062871933,2829.582798294723,190.81686401367188,2637.0302124023438,64,0,1,90,0,1234.2702074050903,304.22918393835425,44.30102400574833,155.80086400732398,45.375456103123724,144.99420738220215,7.437824130058289,33.09337568283081,5.291456818580627,cache_w8a8_m4k2v2,large_h6_n10_s100_wikics_arxiv,3bcd951b5cb81ae38ac9208e0fdf47eb902372cd8bdef981aa9f248046da9215,19.378143310546875,891.7775690257549,1324.4094438552856,440.22134283185005,16777216,2416128,2416128,2772
wikics,test,111,11,wikics:test:000011:926e4c10c89dc024,2,2738.250428,2738.228271484375,2615.410926,122.482493,74.72517993301153,42.36153420060873,8.809429593384266,2224.158300086856,194.54822540283203,2028.0020446777344,58,0,1,54,0,755.1220788955688,196.1013439912349,26.194432022050023,93.60419188812375,27.11776004359126,151.4392318725586,7.841632127761841,29.78943967819214,5.477921724319458,cache_w8a8_m4k2v2,large_h6_n10_s100_wikics_arxiv,926e4c10c89dc02467e14a1cc74f902f663f97c9be62c39a2c5a637785f62540,19.2827205657959,810.2457593679428,809.2993907928467,427.7396150827408,15204352,1214976,1214976,2520
wikics,test,112,12,wikics:test:000012:948f281fa8e149ed,2,2249.590454,2249.568603515625,2126.926908,122.307608,67.92449112981558,42.0910594984889,7.9380543902516365,1806.1020756140351,142.2975025177002,1662.3293762207031,53,0,1,36,0,498.62604808807373,129.8554560346529,17.398496013134718,62.4102080501616,18.014656018465757,105.58563232421875,5.357439935207367,27.436768054962158,3.91766220331192,cache_w8a8_m4k2v2,large_h6_n10_s100_wikics_arxiv,948f281fa8e149ed9febadd04e2e85b6e036139c74d1b69c8fe17fa0526eea7b,19.183263778686523,741.376321554184,534.9269762039185,405.20934224128723,13893632,646656,646656,2310
wikics,test,113,13,wikics:test:000013:872bb9df273ad109,2,3733.417605,3733.397216796875,3629.848071,103.168826,67.79329665005207,42.33979433774948,9.322836063802242,3310.0192127749324,244.5824317932129,3063.7422485351562,62,0,1,102,0,1701.7368602752686,347.4867200842127,49.45366404019296,176.4746559113264,51.47270412091166,194.95487594604492,10.448896050453186,32.23417615890503,6.944483637809753,cache_w8a8_m4k2v2,large_h6_n10_s100_wikics_arxiv,872bb9df273ad1091abe85ef20ec42adedd38c5e9536cb98d6587aade4d6f979,19.307680130004883,865.0353915095329,1804.1531286239624,413.8614085316658,16252928,2712576,2712576,2688
wikics,test,114,14,wikics:test:000014:557ddebe91684e6e,2,2511.987673,2511.965576171875,2388.736344,122.852248,69.1536059603095,43.21697540581226,8.262299932539463,2058.690644800663,197.89945602416992,1859.28515625,54,0,1,48,0,672.3503665924072,176.7609598301351,23.72755203116685,83.18201594427228,24.126880024559796,156.23254585266113,8.19382393360138,27.848256587982178,5.624829649925232,cache_w8a8_m4k2v2,large_h6_n10_s100_wikics_arxiv,557ddebe91684e6e1d7adc8d5728380c715b186f05cc9e5b854bd8f140a2f512,19.30646324157715,756.1415348052979,720.4018840789795,402.0482006072998,14155776,981504,981504,2352
wikics,test,115,15,wikics:test:000015:32677b4eee65e40a,2,2045.264816,2045.2432861328125,1938.059734,106.85442,49.55941066145897,42.23475232720375,6.929751485586166,1629.768032580614,108.96697425842285,1519.4872436523438,46,0,1,36,0,507.491681098938,137.38297613710165,17.479168018326163,62.214975997805595,18.067360035143793,78.13180732727051,3.9466559886932373,23.928064107894897,2.960446834564209,cache_w8a8_m4k2v2,large_h6_n10_s100_wikics_arxiv,32677b4eee65e40ae6a165981814df6d211d2bbf09bed9be523649a4f29c7126,19.247968673706055,646.6454408168793,543.4907178878784,348.5990536212921,12058624,542208,542208,2016
wikics,test,116,16,wikics:test:000016:c0475eb283dbd143,2,2325.721055,2325.699462890625,2218.764255,106.58877,60.67705899477005,42.26517677307129,8.478017523884773,1880.1507912576199,152.6240005493164,1725.9933166503906,56,0,1,36,0,498.96543884277344,130.12425627559423,17.35756799671799,62.79820801317692,18.010336036793888,113.98688125610352,5.781184017658234,28.63647985458374,4.219455420970917,cache_w8a8_m4k2v2,large_h6_n10_s100_wikics_arxiv,c0475eb283dbd1439a7826b0099b1b55085b16bdbb6d9c323473b401ba40a131,19.2096004486084,782.5224940776825,534.9038095474243,427.7766134738922,14680064,646656,646656,2436
wikics,test,117,17,wikics:test:000017:4a1cc5182ee6a7b2,2,2341.598992,2341.5771484375,2234.30741,106.934416,72.05741014331579,42.32264496386051,8.581402711570263,1882.4264872819185,152.70473670959473,1728.1703796386719,56,0,1,36,0,500.28818702697754,130.49343992304057,17.428608004003763,62.94748796522617,18.003392040729523,114.06707382202148,5.784319996833801,28.629504203796387,4.223838686943054,cache_w8a8_m4k2v2,large_h6_n10_s100_wikics_arxiv,4a1cc5182ee6a7b21bcc02e720e79abc58a3736448065e57d132aabb574e1ce0,19.271392822265625,783.0263377726078,536.2398061752319,428.17562851309776,14680064,646656,646656,2436
wikics,test,118,18,wikics:test:000018:52ed896d72d1921f,2,3172.838648,3172.817138671875,3065.059395,107.397527,77.70538330078125,42.12379269301891,9.280598722398281,2707.989977672696,224.62169647216797,2481.701446533203,61,0,1,84,0,1144.8516778945923,281.8743035234511,40.70294401142746,144.33910389244556,42.67625609226525,176.9827175140381,9.36847996711731,31.96224021911621,6.308258771896362,cache_w8a8_m4k2v2,large_h6_n10_s100_wikics_arxiv,52ed896d72d1921f5bfad1ba37c773faef5be83e39838a0b7c5f273e111c94c2,19.148639678955078,851.5453434288502,1228.9471988677979,420.3575439155102,15990784,2219520,2219520,2646
wikics,test,119,19,wikics:test:000019:d818f5b8cb6d7e5d,2,4260.321962,4260.3017578125,4152.724014,107.181741,77.7959655970335,42.14724060148001,9.33642778545618,3844.9942329898477,222.91017532348633,3620.414794921875,61,0,1,144,0,2287.8072872161865,494.4857278363779,69.98819203581661,250.07091193273664,72.01366411335766,175.6080322265625,9.304319977760315,31.68720054626465,6.310622572898865,cache_w8a8_m4k2v2,large_h6_n10_s100_wikics_arxiv,d818f5b8cb6d7e5debed18cf27d69c8839f643f32da6837d6996ba8668450d55,19.24883270263672,844.4192631244659,2431.4203634262085,363.8240010738373,15990784,4019712,4019712,2646
wikics,test,120,20,wikics:test:000020:ab0922f67c5fbbe5,2,3801.810502,3801.788818359375,3699.050294,102.348421,68.87680757790804,42.464965023100376,9.427284821867943,3312.863452360034,303.7966117858887,3007.3536376953125,63,0,1,120,0,1631.8821077346802,397.9855040535331,57.72640001773834,206.04857594519854,59.72371207922697,248.59439849853516,13.534080266952515,32.981791496276855,8.686341524124146,cache_w8a8_m4k2v2,large_h6_n10_s100_wikics_arxiv,ab0922f67c5fbbe5719b9057d130d798ebe62c82eda3b9e6779d10b62a0ab03e,19.304607391357422,872.8776014447212,1751.4156475067139,402.36499613523483,16515072,3399168,3399168,2730
wikics,test,121,21,wikics:test:000021:5d453ee1cd5d59f9,2,2619.864539,2619.84130859375,2511.927039,107.22277,69.89440508186817,42.47737675905228,8.71728453785181,2071.7645715922117,180.06720161437988,1890.1189270019531,56,0,1,48,0,667.3382711410522,168.33769613783807,26.858336084522307,79.45683196932077,23.240832024253905,139.21900749206543,7.250175952911377,28.52860736846924,5.069410800933838,cache_w8a8_m4k2v2,large_h6_n10_s100_wikics_arxiv,5d453ee1cd5d59f93beec8e6bbfa80c2f22adbd82be2f4d0eac68cd4736cd8ab,19.311616897583008,776.7351361215115,715.0675201416016,417.6278876364231,14680064,1039872,1039872,2436
wikics,test,122,22,wikics:test:000022:066e9ba55552f1f8,2,4424.399705,4424.380859375,4316.997882,106.986399,67.83689744770527,42.269534431397915,7.8952731564641,3925.3769339993596,360.1737289428711,3563.4705810546875,64,0,1,156,0,2172.5442838668823,558.0995519487187,80.82620798051357,236.96515212208033,69.80620792508125,300.4180488586426,16.22483205795288,33.26425552368164,10.266592502593994,cache_w8a8_m4k2v2,large_h6_n10_s100_wikics_arxiv,066e9ba55552f1f8a73072514a22f5d6757c92f4c0398e291fc015deb88b7b88,19.479679107666016,886.0586896538734,2326.6325731277466,370.2589973807335,16777216,4578816,4578816,2772
wikics,test,123,23,wikics:test:000023:f77a6bf6e6e7e71b,2,3064.978809,3064.957275390625,2963.188853,101.432311,76.61304622888565,42.63857286423445,7.364135235548019,2603.218514472246,160.06886291503906,2441.521728515625,59,0,1,66,0,1163.5390520095825,232.81017607729882,33.49257600400597,100.79238392785192,29.773023976013064,119.40096092224121,6.055424094200134,30.194912433624268,4.41756546497345,cache_w8a8_m4k2v2,large_h6_n10_s100_wikics_arxiv,f77a6bf6e6e7e71b5e5ecd0307e4293065f4fee80788b61911368457a6d1a604,19.485855102539062,817.4387822151184,1228.6659927368164,414.90280866622925,15466496,1629696,1629696,2562
wikics,test,124,24,wikics:test:000024:000a2a73e51d5345,2,2702.377438,2702.356689453125,2595.695416,106.353459,57.185957208275795,42.270212434232235,6.959502585232258,2215.1009906083345,171.61859130859375,2041.9417724609375,56,0,1,60,0,829.0555534362793,210.06976013164967,30.21545598562807,91.55286394804716,26.99321596045047,131.45759963989258,6.823391914367676,28.508031845092773,4.829567909240723,cache_w8a8_m4k2v2,large_h6_n10_s100_wikics_arxiv,000a2a73e51d53459dc7e58576aaddb15d29ac4a73b00401f136569f75d2f6b8,19.580320358276367,776.6872315108776,888.1782121658325,396.65664914250374,14680064,1433088,1433088,2436
wikics,test,125,25,wikics:test:000025:1424ce3b3bad84d4,2,3371.614007,3371.59375,3264.735967,106.534637,64.28212579339743,42.39557031542063,7.836808450520039,2892.282702960074,197.63357162475586,2692.931640625,63,0,1,96,0,1328.2802248001099,335.222751817666,50.03907201439142,147.14611206948757,43.044607943855226,151.58905220031738,7.822911977767944,32.70448064804077,5.517126798629761,cache_w8a8_m4k2v2,large_h6_n10_s100_wikics_arxiv,1424ce3b3bad84d47085b76cd2ca72fa2d01ab4c8eb0cee9f0854c07ffcbbf64,19.533119201660156,871.472703486681,1422.9973411560059,417.9947151839733,16515072,2612736,2612736,2730
wikics,test,126,26,wikics:test:000026:6fabdd7e6fa1c9b0,2,3005.954444,3005.93310546875,2898.573623,107.024335,61.51880323886871,42.23146103322506,7.613620720803738,2526.1316942051053,235.97843170166016,2288.4859313964844,61,0,1,72,0,966.3921928405762,235.4453121079132,33.89763197116554,109.51580801233649,32.69977597426623,187.34873390197754,10.000288009643555,31.93334436416626,6.696065425872803,cache_w8a8_m4k2v2,large_h6_n10_s100_wikics_arxiv,6fabdd7e6fa1c9b0791ff71909878258781591a7720f48a6507ad37df16a4ca1,19.498367309570312,845.8283512592316,1037.1517114639282,425.0042359828949,15990784,1826304,1826304,2646
wikics,test,127,27,wikics:test:000027:df55b940083f1bf1,2,4532.987366,4532.96875,4425.742154,106.887455,60.88059302419424,41.96177236735821,7.683759555220604,3971.8739883974195,348.66141510009766,3621.5298461914062,62,0,1,150,0,2278.049220085144,519.8003839943558,288.0131906764582,228.48995208740234,67.54348793439567,290.8336982727051,15.627679824829102,32.27193593978882,9.928101062774658,cache_w8a8_m4k2v2,large_h6_n10_s100_wikics_arxiv,df55b940083f1bf1f1f72918358a0a21b17b5b59208e8033f0571bcddd8aab82,19.263263702392578,858.2623683512211,2426.3811826705933,356.1495588719845,16252928,4274688,4274688,2688
wikics,test,128,28,wikics:test:000028:bb2e0546b88fa929,2,2770.653582,2770.631103515625,2664.118689,106.188865,57.43341147899628,42.35492832958698,7.863997481763363,2298.475087620318,185.54937744140625,2111.349395751953,57,0,1,60,0,875.5343656539917,246.49280011374503,31.288544008508325,91.77075201272964,27.27180798444897,143.50041580200195,7.415743947029114,29.387040615081787,5.246177077293396,cache_w8a8_m4k2v2,large_h6_n10_s100_wikics_arxiv,bb2e0546b88fa929e4ad473dbd223f632fce04a3717e5e2390426e3af27fddfb,19.556224822998047,790.4540158510208,934.8603858947754,405.59121882915497,14942208,953856,953856,2478
wikics,test,129,29,wikics:test:000029:354b8d27549aa637,2,3216.16549,3216.144775390625,3114.480968,101.344427,64.64739143848419,42.16694179922342,7.800363935530186,2737.8651844337583,213.98662185668945,2522.17431640625,63,0,1,84,0,1158.676836013794,292.94022378418595,44.30355195328593,127.42556799575686,37.6215679673478,166.4569263458252,8.733215928077698,32.790048122406006,6.006431460380554,cache_w8a8_m4k2v2,large_h6_n10_s100_wikics_arxiv,354b8d27549aa637c29bd706bc1b1d4c8e164bb524dbb43ff574695c37d49b21,19.43391990661621,871.9766414761543,1241.4223051071167,428.2092897295952,16515072,2219520,2219520,2730
wikics,test,130,30,wikics:test:000030:4a41086e390dbe51,2,2744.94033,2744.92041015625,2642.741648,101.85448,61.701273545622826,42.18098893761635,7.353895343840122,2317.4967458471656,202.32633590698242,2113.553497314453,59,0,1,60,0,835.7689599990845,213.91891182865947,29.96067198459059,92.73132804781199,27.319647992029786,158.0671043395996,8.277247905731201,30.255488395690918,5.726495265960693,cache_w8a8_m4k2v2,large_h6_n10_s100_wikics_arxiv,4a41086e390dbe51ecd9f27bdf84a1f2aed65d44410ce97f0e5f6a2d66d349b1,19.4368953704834,817.6243506968021,894.9965763092041,420.3694656789303,15466496,1433088,1433088,2562
wikics,test,131,31,wikics:test:000031:cafc1e78b99470a1,2,3317.472431,3317.4521484375,3215.145135,101.888415,65.69734122604132,42.219449765980244,7.921417243778706,2895.0529005378485,231.9761962890625,2661.3429565429688,64,0,1,90,0,1274.1923837661743,330.2267839340493,46.20879993960261,140.34172802791,43.8488959223032,182.73321723937988,9.611999988555908,33.038976192474365,6.592002868652344,cache_w8a8_m4k2v2,large_h6_n10_s100_wikics_arxiv,cafc1e78b99470a1de15d16216655833dd9034daaf7ae6b5386e2d52952fddae,19.469375610351562,885.140161126852,1363.1895427703857,432.48262825608253,16777216,2288640,2288640,2772
wikics,test,132,32,wikics:test:000032:1f48965693a47551,2,3644.508817,3644.48828125,3542.111793,102.010501,64.90025762468576,42.498430237174034,7.816104218363762,3119.4379488006234,252.28678512573242,2865.4434814453125,63,0,1,90,0,1497.4692783355713,323.3232318153605,284.3349478598684,137.15935991331935,40.49347199592739,201.3023681640625,10.816352009773254,33.01318407058716,7.154880881309509,cache_w8a8_m4k2v2,large_h6_n10_s100_wikics_arxiv,1f48965693a47551fb266cee941d275d7733d5e14d8bc4f0a241156e1e7f8f85,19.642719268798828,872.5485449433327,1586.409755706787,426.12790006399155,16515072,2391552,2391552,2730
wikics,test,133,33,wikics:test:000033:97a6a0498a0658ed,2,3700.399833,3700.380615234375,3593.757272,106.283413,73.51688295602798,42.504808865487576,7.812676951289177,3114.665321074426,242.54310607910156,2870.417266845703,63,0,1,108,0,1506.2291870117188,381.84249625261873,55.55449594184756,167.0507198907435,48.42537595424801,192.7172794342041,10.171007871627808,32.78076791763306,6.874050855636597,cache_w8a8_m4k2v2,large_h6_n10_s100_wikics_arxiv,97a6a0498a0658edcac653eb0bb3210363bd9b07ca8d619186dbcfcbc0a2e8f5,19.548959732055664,871.5525723397732,1612.990044593811,405.4236096441746,16515072,3005952,3005952,2730
wikics,test,134,34,wikics:test:000034:93dab44c974f61f3,2,3168.685005,3168.663330078125,3062.08308,106.256759,71.41718361526728,42.34503395855427,7.629914209246635,2714.865880087018,224.26726150512695,2488.938018798828,61,0,1,84,0,1161.2279386520386,293.9826238276437,42.73340796958655,127.70204801112413,38.691199991852045,176.6946563720703,9.400767922401428,31.838592052459717,6.333245158195496,cache_w8a8_m4k2v2,large_h6_n10_s100_wikics_arxiv,93dab44c974f61f37b82c3a55ac543c3cafa371b99f438f53d8df60d8b08da15,19.496000289916992,845.0583356022835,1246.7527046203613,416.6229788661003,15990784,2219520,2219520,2646
wikics,test,135,35,wikics:test:000035:e96a44872b159e58,2,2608.843635,2608.82177734375,2500.840928,107.660588,59.15818735957146,42.22102090716362,7.204290479421616,2106.400460936129,173.6207046508789,1931.1952819824219,58,0,1,48,0,673.1237468719482,176.10879995767027,23.723647982813418,73.11855993047357,21.789151970297098,132.27052879333496,6.8437440395355225,29.658336639404297,4.848095178604126,cache_w8a8_m4k2v2,large_h6_n10_s100_wikics_arxiv,e96a44872b159e585dfc70f49945bedec7a8f682f7c98f1e2e240ff3a9cfb9a6,19.46620750427246,803.7923848032951,720.3820819854736,426.48702269792557,15204352,953856,953856,2520
wikics,test,136,36,wikics:test:000036:afbff186281a0e4e,2,3266.834372,3266.813232421875,3160.274545,106.197257,63.5490333661437,42.8253123536706,7.8220060095191,2723.0786373838782,186.93923377990723,2534.4344177246094,63,0,1,84,0,1172.0619869232178,301.55091208498925,43.37347193527967,128.2462080307305,37.867679972201586,141.741792678833,7.304512023925781,32.69478464126587,5.198144435882568,cache_w8a8_m4k2v2,large_h6_n10_s100_wikics_arxiv,afbff186281a0e4ef263695c2eae0d5605ba4b8d807b1a398463e79793b58c9e,19.5916805267334,871.2641921639442,1254.9138536453247,427.8480524420738,16515072,2116608,2116608,2730
wikics,test,137,37,wikics:test:000037:b3012d4981d56ea8,2,2586.265805,2586.243896484375,2479.027175,106.792912,260.08808985352516,42.564377188682556,6.926196627318859,1917.393964715302,128.17283058166504,1787.6843872070312,55,0,1,42,0,593.0050859451294,158.41564813628793,20.778367965482175,65.1165120638907,19.099903983063996,92.01356792449951,4.587167978286743,28.085312366485596,3.4867823123931885,cache_w8a8_m4k2v2,large_h6_n10_s100_wikics_arxiv,b3012d4981d56ea820287d335a753a79cc4b4f1ef77ed486500ba06ecd246d4b,19.554719924926758,764.9284487068653,634.4718713760376,407.8387870490551,14417920,729600,729600,2394
wikics,test,138,38,wikics:test:000038:d8d309dacda8c856,2,3393.67671,3393.657470703125,3291.309124,101.848323,66.0777734592557,42.57772397249937,7.811632938683033,2964.641036465764,180.37282943725586,2782.5654296875,63,0,1,102,0,1417.5832662582397,361.72627159487456,52.29321599472314,156.14854395389557,45.89283192716539,135.77276611328125,6.928031802177429,32.68374443054199,4.988287091255188,cache_w8a8_m4k2v2,large_h6_n10_s100_wikics_arxiv,d8d309dacda8c8565011a8a5c4bd50703da0a89f4da3c8de139014c0f400b5e1,19.67145538330078,871.5005434155464,1518.206428527832,412.52991312742233,16515072,2695680,2695680,2730
wikics,test,139,39,wikics:test:000039:3ef432bb200e1c4d,2,2606.412059,2606.390625,2499.548524,106.48153,56.831165216863155,42.260908521711826,6.984718143939972,2075.1158418133855,179.94912147521973,1893.625,56,0,1,48,0,669.4190368652344,170.1483199270442,23.78096001036465,72.89919999241829,22.888383929617703,139.1045742034912,7.236735939979553,28.534879684448242,5.07293164730072,cache_w8a8_m4k2v2,large_h6_n10_s100_wikics_arxiv,3ef432bb200e1c4d10899e6d592c8c2970df591ebd929560ec4d6b50c138ea97,19.53321647644043,776.702848136425,716.7998390197754,419.65552932024,14680064,1039872,1039872,2436
wikics,test,140,40,wikics:test:000040:9c16d6144ad4a191,2,3293.392909,3293.373046875,3191.991923,101.045646,79.2773263528943,42.456330731511116,7.827631197869778,2731.141018681228,186.94787406921387,2542.4894409179688,63,0,1,84,0,1174.7812509536743,301.0499838767573,42.75551996380091,128.6622080951929,37.73788796644658,141.75081634521484,7.3039679527282715,32.68988800048828,5.203201770782471,cache_w8a8_m4k2v2,large_h6_n10_s100_wikics_arxiv,9c16d6144ad4a1917bc11fa59558e81b6ffc26842b37c5b649636e1bd6996d1c,19.457792282104492,871.5332486331463,1258.9453792572021,431.4686053097248,16515072,2115072,2115072,2730
wikics,test,141,41,wikics:test:000041:7fea338f8fa28367,2,3375.66719,3375.646728515625,3268.81377,106.254411,63.42442613095045,41.99702478945255,7.83503707498312,2941.954903304577,180.24835205078125,2760.0108337402344,63,0,1,102,0,1392.32963180542,345.73628790304065,51.67372797243297,156.31580796465278,46.10524795297533,135.66940879821777,6.923775911331177,32.67343997955322,4.981727361679077,cache_w8a8_m4k2v2,large_h6_n10_s100_wikics_arxiv,7fea338f8fa28367962db97fb384e2e94a82f63cc2c2a58460bd13fa9d7532c6,19.354368209838867,871.5577596724033,1493.070683479309,414.7367587983608,16515072,2809344,2809344,2730
wikics,test,142,42,wikics:test:000042:7e04af92ff942365,2,3795.734664,3795.569091796875,3693.338312,102.006472,61.234536580741405,42.023343965411186,7.7194757759571075,3294.0089739859104,214.82086181640625,3077.355224609375,62,0,1,108,0,1732.4949531555176,617.6865216000006,54.92303996998817,165.36588801443577,49.016223937273026,167.93117141723633,8.825887799263,32.01369524002075,6.050107359886169,cache_w8a8_m4k2v2,large_h6_n10_s100_wikics_arxiv,7e04af92ff94236596a24d9e983dcc77cce54b5d00fe25a7752dadbdf0253c86,19.2609920501709,857.8413428366184,1839.059811592102,399.7150622308254,16252928,2962944,2962944,2688
wikics,test,143,43,wikics:test:000043:7338a3bd818fbc61,2,3828.337744,3828.095947265625,3705.031849,122.881415,69.65564470738173,42.52148978412151,7.944006472826004,3293.8342904672027,327.3111000061035,2964.588623046875,64,0,1,114,0,1576.4361248016357,398.8192639714107,58.67468796763569,174.09843201562762,51.498943923041224,269.83404541015625,14.806687831878662,33.31353569030762,9.356831073760986,cache_w8a8_m4k2v2,large_h6_n10_s100_wikics_arxiv,7338a3bd818fbc612b572517865a443cded9cc98f098cd47444fc0c70f038fa1,19.542272567749023,885.1842561364174,1689.3924188613892,409.5542206168175,16777216,3202560,3202560,2772
wikics,test,144,44,wikics:test:000044:e7e458e07c01abc7,2,2906.618033,2906.428466796875,2783.541425,122.687147,78.78545112907887,42.22014732658863,9.04358085244894,2395.888186059892,171.2750415802002,2222.8389282226562,60,0,1,66,0,904.7699842453003,224.18095983564854,31.69488000869751,113.41980800032616,32.942272069863975,129.0185604095459,6.604959964752197,30.892767906188965,4.758753299713135,cache_w8a8_m4k2v2,large_h6_n10_s100_wikics_arxiv,e7e458e07c01abc73eac5d1f5b73ee274f45fe663453876d0498e3b21270f1db,19.215904235839844,831.5800641179085,970.3756790161133,440.09908932447433,15728640,1629696,1629696,2604
wikics,test,145,45,wikics:test:000045:664f4ac17fac6612,2,4654.411042,4654.125,4551.597414,102.424965,71.92042842507362,42.3426479101181,9.33729950338602,4076.714071445167,345.6240043640137,3729.1705322265625,62,0,1,150,0,2376.4643697738647,511.6144642252475,72.90672000963241,577.7424205727875,74.97622408531606,287.82556533813477,15.62720012664795,32.25823974609375,9.912999153137207,cache_w8a8_m4k2v2,large_h6_n10_s100_wikics_arxiv,664f4ac17fac66126dbf78db22d95ea89d4ccfe89013f9873465f1677a51a75f,19.2741756439209,858.5243850946426,2526.4132900238037,363.50703275203705,16252928,4202496,4202496,2688
wikics,test,146,46,wikics:test:000046:8880ab728d4d5032,2,3213.979914,3213.77490234375,3106.022651,107.523362,68.9634345471859,42.29512345045805,9.344583377242088,2739.7337909787893,215.43664169311523,2522.4508666992188,62,0,1,84,0,1166.6430387496948,291.124255631119,41.178144028410316,146.8738878555596,42.322560066357255,168.39155387878418,8.876864075660706,32.05350399017334,6.114719748497009,cache_w8a8_m4k2v2,large_h6_n10_s100_wikics_arxiv,8880ab728d4d503279b823be1914ee9902a040262614bf49e1872574b155fe91,19.268064498901367,858.2971197664738,1250.6220788955688,432.7997325360775,16252928,2098176,2098176,2688
wikics,test,147,47,wikics:test:000047:2642137ffa998c84,2,3231.611466,3231.4072265625,3122.390073,108.778055,82.27804768830538,42.07940865308046,9.598847478628159,2727.325042709708,198.22844696044922,2527.2234497070312,63,0,1,84,0,1155.7078342437744,289.3698241850361,41.357952021062374,144.36736001074314,42.22828805819154,152.07635116577148,7.89903998374939,32.723999977111816,5.529055833816528,cache_w8a8_m4k2v2,large_h6_n10_s100_wikics_arxiv,2642137ffa998c84dd63777375d8e0ade25fbd787901bdf3058101753a069020,19.1909122467041,871.6758068799973,1239.4611549377441,435.27740013599396,16515072,2182656,2182656,2730
wikics,test,148,48,wikics:test:000048:51b9971d8910d5e2,2,3269.338939,3269.133544921875,3151.042458,117.701102,84.86378192901611,45.08452583104372,9.613552130758762,2782.1035124361515,153.79584121704102,2626.393798828125,63,0,1,90,0,1258.4096632003784,322.41599959507585,45.970688013359904,138.98406388610601,43.79814402293414,111.37660789489746,5.587232053279877,32.657504081726074,4.174497187137604,cache_w8a8_m4k2v2,large_h6_n10_s100_wikics_arxiv,51b9971d8910d5e2e50bb2ce18041a1def0f52cc064e9c53428b6208b2325cec,19.254592895507812,870.895647674799,1347.4055700302124,427.34717401862144,16515072,2380800,2380800,2730
wikics,test,149,49,wikics:test:000049:728df285513a7803,2,3174.324043,3174.125244140625,3072.250511,101.692204,78.70582956820726,42.371212504804134,7.738377898931503,2670.06070446223,239.6223373413086,2428.602020263672,62,0,1,78,0,1086.8378582000732,281.0836799815297,39.499391983263195,118.57071988657117,35.0531839793548,190.55395126342773,10.141152143478394,32.11673593521118,6.810497999191284,cache_w8a8_m4k2v2,large_h6_n10_s100_wikics_arxiv,728df285513a7803b751f28b0959d82e759e2f545428d48a38d0f006a55bcc9a,19.52227210998535,858.1605424284935,1163.881088256836,426.0826616883278,16252928,1930752,1930752,2688
wikics,test,150,50,wikics:test:000050:fe96b5b2a7c4af01,2,3436.788169,3436.576904296875,3328.761409,107.626486,68.64715460687876,42.3195781186223,9.313596412539482,2936.688049696386,238.6405792236328,2696.2054443359375,62,0,1,78,0,1342.0792932510376,282.2484481642023,39.16009596269578,377.26339516043663,37.231104001402855,189.6652488708496,10.080096006393433,32.09455966949463,6.800674676895142,cache_w8a8_m4k2v2,large_h6_n10_s100_wikics_arxiv,fe96b5b2a7c4af01943f25f9415335607ba1b330ad640aa2818bffc6db32e498,19.485824584960938,859.3947843015194,1420.9119310379028,435.3845535814762,16252928,1892352,1892352,2688
wikics,test,151,51,wikics:test:000051:6246382ad476e3b5,2,3407.572086,3407.362548828125,3284.025425,123.155223,69.28920559585094,42.27076470851898,9.429866448044777,2909.8491072654724,216.6474266052246,2691.3297424316406,63,0,1,96,0,1319.2408618927002,330.3911682665348,46.61679998692125,165.25347198173404,48.730944126844406,168.8714542388916,8.87606406211853,32.81212759017944,6.087780714035034,cache_w8a8_m4k2v2,large_h6_n10_s100_wikics_arxiv,6246382ad476e3b5f68b37aba9aa3566c47b169674446b7a4c924b1c74988d7f,19.258943557739258,871.6802578270435,1415.0270109176636,423.8814172446728,16515072,2554368,2554368,2730
wikics,test,152,52,wikics:test:000052:421b142bb389d9d1,2,2429.997186,2429.83984375,2307.054913,122.547398,70.09776774793863,42.54209343343973,8.233463391661644,1889.7810271009803,194.6177864074707,1693.55029296875,54,0,1,36,0,514.056736946106,141.17043185047805,17.678688010200858,63.7248959839344,18.16185604594648,153.33631896972656,8.01638400554657,27.710880279541016,5.554203152656555,cache_w8a8_m4k2v2,large_h6_n10_s100_wikics_arxiv,421b142bb389d9d16aececb4211419686451d1184d50d2e5f8ea97ee81a79730,19.349407196044922,750.1600323319435,549.9566078186035,412.7830600142479,14155776,625152,625152,2352
wikics,test,153,53,wikics:test:000053:31b24b95a70aea62,2,3582.636085,3582.418701171875,3479.428336,102.478111,78.88712827116251,41.957191191613674,9.500491432845592,3135.3733986616135,192.3000946044922,2941.2200927734375,62,0,1,114,0,1584.9017944335938,403.89088073559105,55.64633600227535,194.47241580486298,56.741824076510966,147.33455848693848,7.627551913261414,31.954495906829834,5.383488297462463,cache_w8a8_m4k2v2,large_h6_n10_s100_wikics_arxiv,31b24b95a70aea62d73f3c5f5b796febb8ca98cc307497a826603ccfab0b45bb,19.147903442382812,859.1761938929558,1698.6329860687256,402.55881625413895,16252928,3148800,3148800,2688
wikics,test,154,54,wikics:test:000054:1492c0fd54704e8b,2,3384.792659,3384.581298828125,3277.605223,106.742576,65.0422191247344,42.87238884717226,7.517017424106598,2790.060986764729,217.33625411987305,2570.9168701171875,60,0,1,90,0,1262.999807357788,320.8765120077878,48.60252803936601,136.6970239803195,40.40431997459382,171.16982460021973,9.012063980102539,30.9868483543396,6.167517185211182,cache_w8a8_m4k2v2,large_h6_n10_s100_wikics_arxiv,1492c0fd54704e8b3a028427a3f0afafbed89dfcff3af66979a2a0d84cdb94e6,19.594655990600586,831.0627182424068,1351.770079612732,407.6787282526493,15728640,2313216,2313216,2604
wikics,test,155,55,wikics:test:000055:4c3a9cced3fdbabd,2,3401.915769,3401.710205078125,3299.864655,101.659146,314.27339650690556,42.168229818344116,7.8705670312047005,2724.0889286622405,182.76502227783203,2539.4606018066406,63,0,1,84,0,1169.3862705230713,297.99084810353816,43.91039993893355,129.600415982306,38.06351995281875,137.94368171691895,7.070111989974976,32.67430400848389,5.076924562454224,cache_w8a8_m4k2v2,large_h6_n10_s100_wikics_arxiv,4c3a9cced3fdbabd0d34163f06734c93b30f546193a2e36fcf5442c43864448d,19.3569278717041,871.3911336660385,1252.2090892791748,435.2173067331314,16515072,2162688,2162688,2730
wikics,test,156,56,wikics:test:000056:a5bcd1251e1f47d6,2,3336.35847,3336.157958984375,3213.682391,122.292722,62.65907920897007,42.24006552249193,7.809195667505264,2846.0330395027995,221.54099655151367,2622.619598388672,63,0,1,90,0,1259.2192974090576,325.769408098422,46.287840004079044,138.4945279546082,40.18582396302372,173.29084968566895,9.169376134872437,32.83888006210327,6.2418906688690186,cache_w8a8_m4k2v2,large_h6_n10_s100_wikics_arxiv,a5bcd1251e1f47d65b8e0c3b3de076d9f301f0643172bda73691e60b9cdddd5c,19.495424270629883,872.1055985093117,1347.7466840744019,422.2627400755882,16515072,2250240,2250240,2730
wikics,test,157,57,wikics:test:000057:c76d1190b26d012d,2,3462.935677,3462.728515625,3355.487115,106.871212,63.07577434927225,42.468286119401455,10.892285034060478,2992.0986676588655,264.4113235473633,2725.7220764160156,64,0,1,96,0,1333.482180595398,338.7319360887632,50.62406404130161,147.2612480595708,43.393791968002915,212.12531661987305,11.482943892478943,33.277535915374756,7.525527119636536,cache_w8a8_m4k2v2,large_h6_n10_s100_wikics_arxiv,c76d1190b26d012d091c00559c3a0425c20ebef1e538e567c96c216e9d813ae8,19.577184677124023,885.6537918746471,1428.3505296707153,431.2949395477772,16777216,2612736,2612736,2772
wikics,test,158,58,wikics:test:000058:a45285bcd1949205,2,2843.903269,2843.728759765625,2742.248819,101.273575,67.77822226285934,42.698126286268234,7.211956195533276,2359.2546256259084,175.44707107543945,2182.0857543945312,58,0,1,66,0,924.581374168396,239.37423969898373,33.10931198298931,100.21916792914271,29.636735980398953,133.9662380218506,6.895776033401489,29.662303924560547,4.922753095626831,cache_w8a8_m4k2v2,large_h6_n10_s100_wikics_arxiv,a45285bcd19492055ac80246f60bb0fb2ed4e504e079a5cd3200cdbdb7b891b5,19.602304458618164,803.7313895225525,989.5160331726074,408.4406361579895,15204352,1514496,1514496,2520
wikics,test,159,59,wikics:test:000059:1b94d315dc4e5555,2,3341.272945,3341.075439453125,3234.518307,106.391016,67.24288314580917,42.19156876206398,7.645866833627224,2873.8006576895714,164.5640640258789,2707.4182739257812,61,0,1,84,0,1386.8942670822144,287.523008053191,42.22217598184943,364.7362186536193,37.783423939719796,122.23670768737793,6.18559992313385,31.613279819488525,4.528476595878601,cache_w8a8_m4k2v2,large_h6_n10_s100_wikics_arxiv,1b94d315dc4e55559bb69eeacb678f2d308eb5396713d6fa6fa7259031e7a970,19.42969512939453,844.3130874335766,1469.7073650360107,412.82751658558846,15990784,2219520,2219520,2646
wikics,test,160,60,wikics:test:000060:38930b7d326ce516,2,3358.742821,3358.544921875,3251.724212,106.679182,63.89591749757528,42.35795605927706,7.689483463764191,2788.761915639043,202.32550048828125,2584.5963134765625,62,0,1,90,0,1242.6398105621338,314.31046382989734,45.85769599955529,137.2262719012797,40.30521596875042,156.39839935302734,8.268608093261719,31.985183715820312,5.673309326171875,cache_w8a8_m4k2v2,large_h6_n10_s100_wikics_arxiv,38930b7d326ce5164a9e65e9f30bcdbf435b09460c7f0beaf0babbcac90226b4,19.526079177856445,858.1462721824646,1331.3926372528076,414.58348321914673,16252928,2416128,2416128,2688
wikics,test,161,61,wikics:test:000061:92c5bd90d0baeb93,2,2890.969918,2890.797119140625,2788.877231,101.7423,59.82415284961462,42.352658696472645,7.216255180537701,2411.293216049671,157.84070587158203,2251.7255249023438,58,0,1,72,0,994.4937229156494,251.93747184425592,36.451263959519565,109.94307191669941,32.453152005560696,117.79667282104492,6.02508807182312,29.640511989593506,4.378432989120483,cache_w8a8_m4k2v2,large_h6_n10_s100_wikics_arxiv,92c5bd90d0baeb9304f2a19cafff8d354c181be05d34b15cf570e210c30adb5c,19.562719345092773,803.811165779829,1065.4941120147705,401.982966452837,15204352,1826304,1826304,2520
wikics,test,162,62,wikics:test:000062:863d427861ff80dc,2,3403.437188,3403.239501953125,3301.754891,101.334835,66.13777205348015,42.36474819481373,7.955377921462059,2924.0561835467815,193.13190460205078,2729.0431518554688,64,0,1,96,0,1343.5817317962646,347.0348479114473,51.706368036568165,145.5550079792738,42.97705597244203,147.14969635009766,7.5971839427948,32.9932804107666,5.391743898391724,cache_w8a8_m4k2v2,large_h6_n10_s100_wikics_arxiv,863d427861ff80dc849d2dfdc72906f1f2449ab7e6ed0e64e58e7235c0805796,19.497760772705078,886.1120963692665,1438.0490274429321,424.3797888159752,16777216,2457600,2457600,2772
wikics,test,163,63,wikics:test:000063:0a5a1c3308a40395,2,4525.420238,4525.1640625,4418.103675,106.929808,62.69823294132948,43.88586897403002,7.738192565739155,4026.121312752366,465.18751525878906,3559.0359497070312,62,0,1,144,0,2213.779559135437,512.4630079958588,285.70784101542085,218.6882238946855,64.5639359485358,398.5181427001953,21.314656019210815,32.31232023239136,13.042396306991577,cache_w8a8_m4k2v2,large_h6_n10_s100_wikics_arxiv,0a5a1c3308a40395b8520808200d136321b9db8233aa40c04be89539c97844d5,19.516704559326172,858.9527032673359,2356.212127685547,363.38782331347466,16252928,4182528,4182528,2688
wikics,test,164,64,wikics:test:000064:84d2bb6fbbf2efc7,2,3830.566977,3830.347900390625,3712.471778,117.681241,64.00435697287321,42.38342959433794,7.9704150557518005,3305.8979474008083,327.1780815124512,2976.8163146972656,64,0,1,114,0,1588.3003215789795,410.47439988702536,58.91673599649221,174.40384002402425,51.327551955357194,269.863582611084,14.722624063491821,33.24099254608154,9.350882291793823,cache_w8a8_m4k2v2,large_h6_n10_s100_wikics_arxiv,84d2bb6fbbf2efc74543bfef829a471311b878c855f94ba54357da859b1dead5,19.541536331176758,886.4391047954559,1701.0317783355713,408.88696789741516,16777216,3202560,3202560,2772
wikics,test,165,65,wikics:test:000065:14afb2e221d1c808,2,2585.550585,2585.396484375,2483.048552,102.147171,56.09949864447117,42.3863809555769,6.969201378524303,2058.928190730512,179.9418888092041,1877.3421936035156,56,0,1,48,0,662.8709135055542,168.88166413176805,23.626175994984806,73.5173120200634,21.615935985930264,139.10883331298828,7.246239900588989,28.520479679107666,5.066335916519165,cache_w8a8_m4k2v2,large_h6_n10_s100_wikics_arxiv,14afb2e221d1c808d81f675640e726fc6c53da6b5558b9ab547f3f4e99214fb4,19.525184631347656,777.0917463004589,710.1899814605713,409.5856504738331,14680064,1039872,1039872,2436
wikics,test,166,66,wikics:test:000066:cbfb38b24c9cd09f,2,3266.563465,3266.375,3158.843221,107.140533,59.137532487511635,42.12629050016403,7.440824992954731,2852.6668390259147,204.58021545410156,2646.300323486328,60,0,1,96,0,1341.9605131149292,347.2549757082015,49.23561592400074,147.2535679899156,43.175487962551415,159.45977401733398,8.332800030708313,31.030335903167725,5.7573055028915405,cache_w8a8_m4k2v2,large_h6_n10_s100_wikics_arxiv,cbfb38b24c9cd09feb274e275c5fa9b2ac59e47d5e2b01a2e0142792e6f92a00,19.44278335571289,831.5537633001804,1436.9877700805664,397.2015734612942,15728640,2588160,2588160,2604
wikics,test,167,67,wikics:test:000067:3368959dda51b804,2,3807.316849,3807.102783203125,3700.103577,106.83195,62.78889812529087,42.54056420177221,7.921119220554829,3372.942396439612,192.39138793945312,3178.6800842285156,62,0,1,114,0,1597.8415412902832,414.1896319594234,59.21654397621751,174.13071999326348,51.0791999604553,147.4285774230957,7.633216023445129,31.94278383255005,5.386810660362244,cache_w8a8_m4k2v2,large_h6_n10_s100_wikics_arxiv,3368959dda51b804b9feaf3927fc8b63a4fe3efbd71e66e91bdae5790a4896e9,19.552160263061523,857.7317753732204,1710.255226135254,630.2452429831028,16252928,3148800,3148800,2688
wikics,test,168,68,wikics:test:000068:c1f159a73fe7d15a,2,3174.48057,3174.298828125,3072.836768,101.291743,66.39557238668203,42.373036965727806,7.840135134756565,2730.055064894259,153.8485450744629,2574.36328125,63,0,1,90,0,1210.9235248565674,296.9903998412192,43.06947195343673,138.52079997956753,40.552959978580475,111.43920135498047,5.586016058921814,32.654624938964844,4.168702721595764,cache_w8a8_m4k2v2,large_h6_n10_s100_wikics_arxiv,c1f159a73fe7d15a2942f5fa44ebf6d2f9aa043b0006bc1c657334d82d242907,19.51900863647461,871.282656699419,1299.6324472427368,422.96718594431877,16515072,2391552,2391552,2730
wikics,test,169,69,wikics:test:000069:c5c6eb8bc69150d0,2,3376.99234,3376.80126953125,3275.140834,101.496128,66.3053160533309,41.859082877635956,7.606136612594128,2957.425130531192,176.07657623291016,2779.5382080078125,61,0,1,108,0,1455.1126718521118,359.22940831352025,51.31900796107948,165.51612792536616,48.39977593906224,132.738431930542,6.821056008338928,31.638976097106934,4.878112196922302,cache_w8a8_m4k2v2,large_h6_n10_s100_wikics_arxiv,c5c6eb8bc69150d0f6f058cf2a8f0b19714a3b9e64ec85c634f36a2f6d435940,19.19638442993164,844.3562895655632,1561.5651578903198,392.8131449818611,15990784,2786304,2786304,2646
wikics,test,170,70,wikics:test:000070:15a487f6022e80ae,2,2854.497093,2854.33056640625,2747.935931,106.218238,62.42317147552967,42.443133890628815,7.5076874345541,2381.5067913383245,171.44774627685547,2208.2980346679688,60,0,1,66,0,910.9638032913208,231.13423994835466,33.79734399635345,100.99398399889469,29.48502399865538,129.18207931518555,6.612256050109863,30.882944107055664,4.7704668045043945,cache_w8a8_m4k2v2,large_h6_n10_s100_wikics_arxiv,15a487f6022e80aeea9398891795f58d139b42b0803269478d8b34dea8a73425,19.564096450805664,830.470240354538,975.9615993499756,421.43029141426086,15728640,1629696,1629696,2604
wikics,test,171,71,wikics:test:000071:80de2ffba43febdb,2,4464.086116,4463.8447265625,4362.050708,101.666847,65.45666139572859,42.09546186029911,7.708139717578888,3965.0074746459723,461.1926498413086,3501.9296264648438,62,0,1,144,0,2156.48680973053,476.41852771118283,282.895358604379,218.19043194502592,63.99209597706795,394.5719680786133,21.326848030090332,32.27398443222046,13.019849300384521,cache_w8a8_m4k2v2,large_h6_n10_s100_wikics_arxiv,80de2ffba43febdbe62c72ec696d6b17833aa5deda2322b1e87c46fc212d2618,19.376415252685547,859.0842252373695,2298.2188119888306,364.0030044913292,16252928,4116480,4116480,2688
wikics,test,172,72,wikics:test:000072:0a2ccdf11d68011b,2,3201.17844,3200.998779296875,3099.122454,101.710508,73.02636746317148,42.00710263103247,7.812315598130226,2717.302788980305,198.50979232788086,2516.939483642578,63,0,1,84,0,1152.8290529251099,287.3101761145517,41.74112000875175,128.45587204769254,37.524447940289974,152.3225917816162,7.918752074241638,32.72720003128052,5.541248440742493,cache_w8a8_m4k2v2,large_h6_n10_s100_wikics_arxiv,0a2ccdf11d68011bbe9b80610fa460e6d9cd02f79ccb2fe70c6d7122404939fe,19.24723243713379,871.3964146971703,1235.7129583358765,429.0773430466652,16515072,2219520,2219520,2730
wikics,test,173,73,wikics:test:000073:af4e3768afe7929b,2,3457.940034,3457.75,3351.413939,106.191019,63.09347786009312,42.27135796099901,7.905855774879456,2997.5550081580877,263.92409896850586,2731.7659912109375,64,0,1,96,0,1347.820351600647,350.3742718119174,49.874783975072205,146.50051190331578,43.63804795779288,212.0596160888672,11.28544008731842,33.073599338531494,7.505443453788757,cache_w8a8_m4k2v2,large_h6_n10_s100_wikics_arxiv,af4e3768afe7929b1e8e837cec1be78bf565feb6d8bdc034a26e3ac263f1fcb5,19.500192642211914,884.9155839085579,1442.448377609253,423.9022223353386,16777216,2474496,2474496,2772
wikics,test,174,74,wikics:test:000074:26717eeb6c2c73ce,2,3800.01924,3799.81298828125,3676.404864,123.226693,63.818165101110935,42.339665815234184,7.934565655887127,3271.884424611926,328.58259201049805,2941.4048767089844,64,0,1,114,0,1553.2174663543701,383.80473624169827,57.068320002406836,181.71068799868226,54.763840039260685,271.18627166748047,14.724031925201416,33.29356861114502,9.378719806671143,cache_w8a8_m4k2v2,large_h6_n10_s100_wikics_arxiv,26717eeb6c2c73ce0d419b3d77803154393a8d6999b43700154e75f75b854f0c,19.485631942749023,885.5475531816483,1666.1960649490356,409.1468905210495,16777216,3202560,3202560,2772
wikics,test,175,75,wikics:test:000075:c9441b3207b4d7bb,2,2924.484461,2924.31982421875,2806.945165,117.148371,77.2952102124691,42.08084102720022,9.107964113354683,2425.140706822276,210.96960067749023,2212.399383544922,60,0,1,66,0,902.8986215591431,224.68748805392534,32.26217600889504,113.42835197970271,32.89446403924376,165.26262283325195,8.681311964988708,31.05888032913208,5.966785550117493,cache_w8a8_m4k2v2,large_h6_n10_s100_wikics_arxiv,c9441b3207b4d7bb23a3a8eb71a0e5d4956ccf9de45afef45b0119f4aa0c5ec8,19.22015953063965,831.1518705189228,968.8343372344971,431.63333532214165,15728640,1629696,1629696,2604
wikics,test,176,76,wikics:test:000076:823cb40fd26b0064,2,3832.542243,3832.336669921875,3729.101669,102.702137,79.49899788945913,42.17007756233215,9.451666846871376,3306.410457007587,228.54022598266602,3076.0155639648438,62,0,1,102,0,1723.4643478393555,658.8656811751425,50.94652802217752,173.22441590949893,50.597632048651576,180.4088954925537,9.579936027526855,32.0577278137207,6.493666648864746,cache_w8a8_m4k2v2,large_h6_n10_s100_wikics_arxiv,823cb40fd26b0064a8aea01490743a82038eff8ef6b79e7478a5c1a8ab7509a2,19.206623077392578,859.9892157018185,1825.114333152771,410.11863818764687,16252928,2686464,2686464,2688
wikics,test,177,77,wikics:test:000077:a6e66f96093de6ce,2,3210.638519,3210.46337890625,3108.965442,101.290643,64.10864274948835,42.50824451446533,7.378553040325642,2726.4999840408564,163.97091102600098,2560.781219482422,59,0,1,90,0,1271.436351776123,330.6408318793401,47.915807894431055,138.21065595000982,41.85897597577423,122.99906921386719,6.279680132865906,30.145407676696777,4.546754002571106,cache_w8a8_m4k2v2,large_h6_n10_s100_wikics_arxiv,a6e66f96093de6ce1bd052d598cfac37c91f2fadb62e6500edf9e062a1601f5a,19.609983444213867,820.8873281776905,1361.7095041275024,397.7943706214428,15466496,2245632,2245632,2562
wikics,test,178,78,wikics:test:000078:906d5a2fc7b88169,2,3296.083535,3295.90478515625,3193.750049,101.872951,77.29208003729582,42.359174229204655,7.84066878259182,2739.453501999378,186.74953269958496,2550.8661193847656,63,0,1,84,0,1183.651520729065,301.683520110324,43.12249595485628,130.39702404290438,38.45689600892365,141.59747123718262,7.289695978164673,32.67110347747803,5.1912620067596436,cache_w8a8_m4k2v2,large_h6_n10_s100_wikics_arxiv,906d5a2fc7b881693e5654ad9a5ce6752da4ff09d9249413c6dfc7bd03c376dd,19.604127883911133,871.3952670693398,1266.8165798187256,432.2584003806114,16515072,2116608,2116608,2730
wikics,test,179,79,wikics:test:000079:73f671ca14fb033a,2,3971.498903,3971.28955078125,3864.17633,106.903378,64.63614013046026,42.39874053746462,7.743225432932377,3575.5027309060097,292.42947006225586,3281.2083129882812,62,0,1,138,0,1933.6010599136353,494.68745592981577,70.93299202248454,213.87347192689776,62.251743969507515,238.9206085205078,12.983808040618896,32.19155216217041,8.33350133895874,cache_w8a8_m4k2v2,large_h6_n10_s100_wikics_arxiv,73f671ca14fb033a30965114cc70e57d3d1dfb1a6b55042e803792c154bd1fb9,19.55571174621582,858.5674226284027,2071.487424850464,370.7091772556305,16252928,3982848,3982848,2688
wikics,test,180,80,wikics:test:000080:0f184f1db0a996b5,2,2655.779375,2655.63134765625,2537.389376,118.018701,70.49429137259722,43.21503173559904,6.849886849522591,2157.3105519637465,128.07072257995605,2027.6135559082031,55,0,1,42,0,831.2228841781616,149.67990403529257,20.88755196891725,65.27868799865246,19.0418559955433,91.94915103912354,4.587999999523163,28.051231861114502,3.4823396801948547,cache_w8a8_m4k2v2,large_h6_n10_s100_wikics_arxiv,0f184f1db0a996b5c155f228291f962fece60e25c894ab8ac113bb00d919bc8f,19.969120025634766,763.1491203904152,874.2158679962158,410.2176875472069,14417920,843264,843264,2394
wikics,test,181,81,wikics:test:000081:3ad691f9135ebeda,2,3467.371273,3467.186767578125,3365.330919,101.674672,64.55789506435394,42.07044839859009,7.827308028936386,2983.8743042200804,212.5167999267578,2769.5140380859375,63,0,1,102,0,1405.6676483154297,353.43747195228934,52.278943974524736,156.12508795037866,45.55996797606349,165.05967903137207,8.666880130767822,32.81199932098389,5.978241443634033,cache_w8a8_m4k2v2,large_h6_n10_s100_wikics_arxiv,3ad691f9135ebeda351c27e4a5ed088b476ae0fa8fb08a1342134b594d9a827a,19.38969612121582,872.0472318530083,1506.1931533813477,410.6633489727974,16515072,2809344,2809344,2730
wikics,test,182,82,wikics:test:000082:35f6d185e3b60583,2,3692.725313,3692.53076171875,3569.9363,122.236567,57.95187409967184,43.93516480922699,7.229126989841461,3225.136128254235,196.4842872619629,3026.8827209472656,58,0,1,126,0,1766.5766096115112,455.8965438567102,65.30540799256414,191.95417603850365,56.67574397101998,153.28150367736816,7.968928098678589,29.6778564453125,5.555999040603638,cache_w8a8_m4k2v2,large_h6_n10_s100_wikics_arxiv,35f6d185e3b605830d55bd84ce5ae6b1b83d3a2650aed066131a57f509390d3d,21.050495147705078,803.8766415119171,1890.9801559448242,353.07641863822937,15204352,3363840,3363840,2520
wikics,test,183,83,wikics:test:000083:77934391d49ed365,2,3314.915034,3314.73876953125,3207.830164,106.697443,77.88668014109135,42.54483059048653,7.900512777268887,2834.2616744339466,208.6103057861328,2623.7935180664062,64,0,1,90,0,1238.6044807434082,313.3354879776016,45.756064034067094,135.2523199710995,40.133343970403075,161.13680267333984,8.489247918128967,33.14249610900879,5.841759085655212,cache_w8a8_m4k2v2,large_h6_n10_s100_wikics_arxiv,77934391d49ed3653879241637d8d8b001cacd53af052f115b2bb037763f5039,19.58358383178711,885.7375699281693,1327.4475812911987,430.1919506788254,16777216,2416128,2416128,2772
wikics,test,184,84,wikics:test:000084:c558903a01f41d75,2,3341.297067,3341.121337890625,3234.640711,106.291646,65.05042221397161,42.211251333355904,8.885282091796398,2844.1099021583796,213.27302169799805,2629.0542602539062,61,0,1,78,0,1307.6397485733032,502.6355499876663,39.69699196424335,118.61187197268009,34.58371198363602,166.6771183013916,8.774207949638367,31.80947208404541,6.0122233629226685,cache_w8a8_m4k2v2,large_h6_n10_s100_wikics_arxiv,c558903a01f41d753914e796ba14e2931a6d80a582dc0814370dd761c259f2a7,19.510080337524414,845.2975364625454,1384.3942832946777,418.87252083420753,15990784,2022912,2022912,2646
wikics,test,185,85,wikics:test:000085:3ef7c5747bd481fb,2,3339.85839,3339.684814453125,3238.119237,101.393873,62.72514536976814,42.210997082293034,7.480737753212452,2846.872668713331,250.38553619384766,2594.681610107422,62,0,1,90,0,1250.9767408370972,319.48323206137866,46.06662398669869,136.30729611963034,40.47279997263104,200.49004745483398,10.661408066749573,32.0927038192749,7.141376852989197,cache_w8a8_m4k2v2,large_h6_n10_s100_wikics_arxiv,3ef7c5747bd481fb781ef0c2cb0f24c3f560198245c327c89d36040b4c1ee9cc,19.52003288269043,858.4650219082832,1339.5901775360107,416.14644354581833,16252928,2337792,2337792,2688
wikics,test,186,86,wikics:test:000086:02f33170fe9a1014,2,3367.911678,3367.736328125,3266.13703,101.421637,62.56323866546154,42.2122273594141,7.580706849694252,2891.948040574789,198.19036483764648,2691.9214477539062,63,0,1,96,0,1331.1922874450684,342.10575955640525,49.24844801239669,145.39804787561297,42.699007962830365,152.07276725769043,7.855615854263306,32.73424005508423,5.5277416706085205,cache_w8a8_m4k2v2,large_h6_n10_s100_wikics_arxiv,02f33170fe9a1014eaa7ab4fd2e7737c2cdef43b62f534ca66d6f930bea0f3d5,19.531583786010742,871.3390681445599,1425.3699197769165,414.7440436184406,16515072,2580480,2580480,2730
wikics,test,187,87,wikics:test:000087:5e99a11f6629116f,2,2638.917696,2638.775146484375,2531.667424,106.675,55.067834444344044,42.14835166931152,6.772050634026527,2184.67703089118,222.67449188232422,1960.362060546875,56,0,1,54,0,745.2968969345093,190.95932803303003,27.415807966142893,82.3939200155437,24.243775988928974,178.20944213867188,9.453503966331482,28.609344005584717,6.402201771736145,cache_w8a8_m4k2v2,large_h6_n10_s100_wikics_arxiv,5e99a11f6629116fd08a82ba8d35c24398048b98ac3869fdfbaaaced09dd547e,19.490144729614258,777.4565104842186,798.4230680465698,403.97262674570084,14680064,1236480,1236480,2436
wikics,test,188,88,wikics:test:000088:661719a5706d2798,2,3650.199813,3650.014404296875,3548.24517,101.585584,59.66527666896582,42.132170870900154,7.382151670753956,3233.009676449001,176.02112197875977,3055.176055908203,61,0,1,108,0,1504.0228176116943,388.806975947693,55.73222396429628,163.133759919554,47.989727961830795,132.69552040100098,6.819936156272888,31.61904001235962,4.886625409126282,cache_w8a8_m4k2v2,large_h6_n10_s100_wikics_arxiv,661719a5706d2798e1832429597e7d4d8bc6495443836e96584a4620e3966597,19.447616577148438,844.0704347491264,1610.0494375228882,620.503800213337,15990784,2836992,2836992,2646
wikics,test,189,89,wikics:test:000089:0811b581634c9202,2,3466.55895,3466.380615234375,3359.587195,106.607259,65.2052266523242,42.28567145764828,7.65006709843874,2997.4787533283234,265.21868896484375,2730.399871826172,64,0,1,96,0,1346.367296218872,351.5383040616289,51.24294397328049,145.1354878693819,43.681695913895965,212.86518478393555,11.527936100959778,33.300896644592285,7.52467143535614,cache_w8a8_m4k2v2,large_h6_n10_s100_wikics_arxiv,0811b581634c9202754ef09bc06883c1deaacc1ec2345102e3cee23457a2eb14,19.468000411987305,885.7467840611935,1440.9418907165527,423.179197460413,16777216,2474496,2474496,2772
wikics,test,190,90,wikics:test:000090:7a6f588c7960f99a,2,3216.562971,3216.39794921875,3094.215125,121.994813,72.98417761921883,42.10057854652405,7.467465475201607,2733.0866754055023,208.79443740844727,2522.4999084472656,62,0,1,84,0,1167.066912651062,299.51158420555294,42.62569599505514,127.95433605834842,37.8662079628557,162.4236125946045,8.483199954032898,31.978976726531982,5.908648133277893,cache_w8a8_m4k2v2,large_h6_n10_s100_wikics_arxiv,7a6f588c7960f99a36a1c6325dd09381821ed32292ec8ef9de564ccdc789c916,19.44985580444336,858.4279339909554,1254.9332208633423,428.58860939741135,16252928,2219520,2219520,2688
wikics,test,191,91,wikics:test:000091:048f77cea8bd8173,2,3267.393435,3267.2255859375,3160.557907,106.478554,63.82786110043526,42.35334787517786,7.495325990021229,2843.8566587865353,204.19570922851562,2637.896453857422,60,0,1,96,0,1338.3639659881592,344.22214417438954,48.98009600210935,146.10806391760707,43.20079994946718,159.17234992980957,8.283104062080383,30.974463939666748,5.765791296958923,cache_w8a8_m4k2v2,large_h6_n10_s100_wikics_arxiv,048f77cea8bd8173479140b32200897a6931e78a836def05ad85382e9253fcce,19.450592041015625,830.992031365633,1432.9788484573364,393.37616607546806,15728640,2609664,2609664,2604
wikics,test,192,92,wikics:test:000092:7d809617c6bd3e1e,2,3375.207727,3375.037109375,3272.998507,101.75471,63.519272953271866,42.23042260855436,7.812585681676865,2962.8470204770565,180.33008003234863,2780.678253173828,63,0,1,102,0,1414.7450227737427,357.79811178240925,53.04630395676941,156.575072016567,46.37967996392399,135.7383041381836,6.920543909072876,32.68208026885986,4.9891517162323,cache_w8a8_m4k2v2,large_h6_n10_s100_wikics_arxiv,7d809617c6bd3e1e57cc92bf7f69f76cb3ba72c0919f19f3316d1484b3e9841e,19.493663787841797,872.7422388195992,1515.269762992859,412.1599151492119,16515072,2809344,2809344,2730
wikics,test,193,93,wikics:test:000093:322b3afcaa35f3c7,2,3434.752707,3434.578369140625,3327.811737,106.520227,60.762593522667885,42.21101850271225,7.716493681073189,2990.1388827711344,214.9397430419922,2773.3685302734375,62,0,1,84,0,1423.5500450134277,304.0048960801214,281.2365377144888,128.86918400973082,38.57647997606546,168.01670455932617,8.81222403049469,32.01180839538574,6.0990060567855835,cache_w8a8_m4k2v2,large_h6_n10_s100_wikics_arxiv,322b3afcaa35f3c71d509b1eaa067b1c9deb2f1fd9e38948dae3d548b5de4f83,19.480480194091797,861.1153265237808,1507.8165769577026,423.91710698604584,16252928,2219520,2219520,2688
wikics,test,194,94,wikics:test:000094:a005efdcd7c8715a,2,3203.483261,3203.3212890625,3096.470906,106.642938,74.95787087827921,42.40854922682047,7.352281361818314,2721.256154589355,164.0382080078125,2555.4800720214844,59,0,1,90,0,1271.7957401275635,326.83068780135363,46.190975995734334,138.8296319246292,40.5545279821381,123.05187034606934,6.2899839878082275,30.142367839813232,4.553985834121704,cache_w8a8_m4k2v2,large_h6_n10_s100_wikics_arxiv,a005efdcd7c8715aa8fad232b75159e3190c49386d6e22f9d83ff1ba334960c2,19.524415969848633,817.8882891535759,1360.2305870056152,396.8856118321419,15466496,2224128,2224128,2562
wikics,test,195,95,wikics:test:000095:d668389de14e05fb,2,2511.387159,2511.254150390625,2394.953448,116.084452,55.84801081568003,42.275842279195786,7.104027085006237,2081.1699321493506,178.75728034973145,1900.7621765136719,57,0,1,48,0,665.6082582473755,171.2135360389948,23.8867199793458,73.58470395952463,22.020063989795744,137.266206741333,7.0868799686431885,29.390559673309326,5.013633966445923,cache_w8a8_m4k2v2,large_h6_n10_s100_wikics_arxiv,d668389de14e05fb64f040eb1d30df390da23556d25ad8a665fb85d39595048c,19.50307273864746,790.7028794586658,712.9109773635864,416.65139243006706,14942208,1039872,1039872,2478
wikics,test,196,96,wikics:test:000096:da21905a8cb96e44,2,2685.20804,2685.0693359375,2562.148941,122.430774,57.474611327052116,42.06800926476717,7.280492223799229,2207.6666904613376,194.50284957885742,2011.4776916503906,58,0,1,54,0,748.6494083404541,191.1588799022138,27.19395192991942,82.87126389890909,24.446335998363793,151.38214302062988,7.876832008361816,29.7391996383667,5.504674911499023,cache_w8a8_m4k2v2,large_h6_n10_s100_wikics_arxiv,da21905a8cb96e44856130f52c5c36dc7e212f58af78856eb7e3901a67b9533e,19.406688690185547,803.9406711161137,802.5136957168579,424.4300135076046,15204352,1236480,1236480,2520
wikics,test,197,97,wikics:test:000097:322b174a79431b1f,2,3548.649583,3548.474365234375,3430.155667,118.101583,68.17028019577265,42.64622461050749,7.906278595328331,2973.5479736700654,234.65692901611328,2737.0294799804688,64,0,1,96,0,1345.6978540420532,343.93087981734425,49.439103942364454,148.76713592931628,43.525567976757884,185.0201587677002,9.845952033996582,33.1496639251709,6.6411542892456055,cache_w8a8_m4k2v2,large_h6_n10_s100_wikics_arxiv,322b174a79431b1fa466fe9d6c4146656cfc4021c19412a8ee526263102c0b0d,19.630687713623047,885.8330883383751,1440.4622087478638,430.36487060785294,16777216,2523648,2523648,2772
wikics,test,198,98,wikics:test:000098:23be48b489bd9fb1,2,3620.285945,3620.109375,3518.53739,101.388414,76.3047356158495,43.221594765782356,7.690236903727055,3049.5645655319095,202.1009979248047,2845.6430053710938,62,0,1,90,0,1501.9607067108154,559.0209590373561,46.60943995695561,138.6156480461359,40.66579196136445,156.2328987121582,8.257152080535889,31.93891143798828,5.6720356941223145,cache_w8a8_m4k2v2,large_h6_n10_s100_wikics_arxiv,23be48b489bd9fb14fe360697fdf38ded476b0d934c1ba487c6b7cd9272b87df,19.526304244995117,858.1145589053631,1590.7843542099,416.2703965008259,16252928,2374656,2374656,2688
wikics,test,199,99,wikics:test:000099:25d922430a6078eb,2,2897.826077,2897.68017578125,2791.151641,106.315028,56.36918358504772,42.25586820393801,7.222792133688927,2428.465884178877,157.98553466796875,2268.7915649414062,58,0,1,72,0,1008.0974082946777,261.3965760804713,36.732255949638784,111.05308805033565,32.54153598379344,117.9113597869873,6.027903914451599,29.66313600540161,4.383134961128235,cache_w8a8_m4k2v2,large_h6_n10_s100_wikics_arxiv,25d922430a6078eb827beb56e89fee9ffb162a0dff995eeecaf2bfa300f2b08d,19.514432907104492,803.8097591400146,1079.1448020935059,405.35143661499023,15204352,1743360,1743360,2520
